109062
243469
71402
49309
39390
68456
24195
131918
40381
123089
33043
99612
173731
27475
204727
169007
232406
223125
11622
73943
245856
14638
19696
90936
156715
180362
45814
159016
170236
216927
117096
192752
11634
36141
66997
136921
194069
172619
132787
69759
87821
28355
42131
117858
226364
147787
186519
111899
55308
215052
166132
197418
229335
153997
7351
242952
111786
9880
33624
83525
93543
74066
132326
34840
25618
55298
120570
150130
78276
233671
21460
55545
82014
205232
235930
131583
229233
136150
47678
224841
172076
208442
97142
206676
156263
74590
153248
192482
98753
22131
147108
230792
65999
86512
12762
195700
120530
94778
42665
213573
99560
29861
162117
167281
227401
158575
130739
46312
35185
61388
20165
247026
78443
120547
16162
206627
221985
13427
189209
105574
170786
103144
244705
231492
219984
108298
221356
63764
228581
51781
2728
89913
224888
102873
39155
170486
76283
9475
182516
138479
30761
93294
227446
173980
248602
201474
214722
106031
158704
202127
233116
118495
73513
38428
187404
164123
218941
139458
85363
17586
185020
160163
138823
70791
117463
11863
110734
155319
66108
46545
47309
125178
222091
218705
68440
59335
132879
161989
123783
50133
5001
142408
224163
20235
22619
27506
58773
88146
165836
115941
118019
122076
163349
139389
23010
54819
51650
178882
11564
185777
52476
140466
76867
126678
128653
1899
15822
2678
209773
41995
1459
213537
162392
18500
196453
118910
187518
105262
74695
177827
55179
123779
60708
83933
75905
223803
179099
61431
85724
133226
204332
238944
24464
154433
237712
174943
189556
243252
18905
69105
10243
230493
42402
98588
179988
13880
150796
132631
101827
134944
228833
86596
110458
108856
83338
194666
78511
220055
236322
191939
85131
220562
146660
226330
74947
39415
49730
140799
100164
82546
103834
69131
152169
220479
172237
113658
131790
180798
87855
173506
37259
38947
64749
125253
98214
150808
71957
76976
15124
1298
153465
75386
104944
195266
30787
12334
56934
237442
110075
230824
6349
233032
197313
167145
129446
191206
51063
136490
47315
53994
145972
109158
235629
111880
2562
134324
241619
224524
3712
44070
204019
237316
74814
231779
86451
27197
91374
182310
74631
164995
219944
106275
110970
39152
120940
178006
91578
128466
27157
17528
50980
230941
232974
16315
68654
120454
247942
31933
57277
70094
67797
60196
206559
200696
248386
193521
50139
219743
111978
176909
179869
146517
92132
74163
207434
133378
150164
158780
8636
218803
229500
155272
156123
221828
185063
192464
14347
249348
146142
91709
177376
164768
183271
101446
194332
196056
222398
19229
164939
88707
209119
105327
125266
219120
243438
169316
249986
46487
163948
107608
55657
175629
129276
164837
82686
14496
122690
102550
175463
196984
242095
33768
188607
86140
125341
17021
180676
22095
164356
187495
152178
93629
125012
73061
51214
208659
29641
114778
3301
48222
241400
13089
13397
175245
54189
235017
167133
73149
148977
86355
143264
20100
89512
60347
17815
170930
177457
36499
107142
229569
227568
12948
49294
97663
202607
43254
137170
172675
51679
21132
28780
1682
13858
83272
159656
61182
97853
153482
114034
98332
221250
74543
232216
33164
55622
219270
129922
35468
78152
4480
50174
223103
199545
77948
199880
53606
240251
22409
188401
63233
216634
202916
64139
223359
79048
150643
7459
119684
57562
70258
70330
137521
7097
215415
195357
203499
207524
140168
178667
199778
154185
50703
82352
215616
249233
209341
113099
94327
57802
9206
149673
203095
173744
65855
12998
76040
133185
109387
137826
215288
83549
51104
249542
209590
248878
41573
104005
232637
170727
192021
236484
165746
17687
111620
131499
166148
18365
80812
18217
144428
130073
149149
240764
107432
228445
115085
65624
81461
82
222893
180255
157014
72771
134580
186205
57465
220809
27765
210886
125642
97023
156370
74568
176065
26805
234129
57959
20342
52576
115918
105797
84494
126577
70979
131903
97390
108070
22315
189878
79930
37443
68014
212943
15646
100085
19797
226921
133737
194671
122803
141259
201480
206904
192844
195647
179837
159264
192883
190279
72749
1133
187794
158422
95815
81467
114328
17924
240287
169182
128681
208444
31426
52101
1378
203348
174583
184158
68872
50736
139077
225001
115714
187977
101932
24563
97219
122844
95729
40214
108916
49077
147423
134537
139726
106521
116861
134474
47233
39519
168066
221012
167768
181907
162059
90086
84892
39306
32635
132223
119590
74934
102018
17589
172583
154010
167926
132917
106514
26955
3287
121334
127124
205674
162438
171427
82979
190198
78304
136114
73182
98278
42427
104890
55998
24141
202937
194945
48985
117870
140060
108734
15727
195968
241203
211122
183540
83435
249029
116897
165247
237451
91022
117446
651
7883
105288
244315
104781
45068
17060
202787
30048
120659
62650
122037
49537
137240
241823
179290
203271
2348
25539
217067
8400
197495
233085
86688
116103
199039
224700
99972
185523
222914
35408
62084
157409
20954
246927
22115
135713
20871
165913
118697
84241
29928
201167
170391
56001
232485
26407
86686
184654
179670
97940
145755
164072
137028
231904
190988
248615
222849
49900
94639
152065
148416
172993
35111
128946
21499
73062
88684
108438
240263
233979
9826
105015
203938
42703
32292
205865
58220
243657
154606
143091
136384
42934
97962
240832
180344
80764
33049
202783
58692
211715
203536
129677
192567
1683
189543
27029
219139
53404
112059
30888
128803
248166
11052
98698
218602
152332
182516
26917
44781
4367
163328
1626
140256
101649
140120
15777
59605
53512
178136
122868
176733
213228
114846
238272
24868
122821
47566
161102
87799
43848
112215
141525
143317
44074
99567
151754
83067
122872
207531
191000
59447
161644
23644
143896
163698
51245
168890
44200
193464
40895
197765
100498
110081
194356
195360
94750
50576
133942
180177
10798
206576
140107
7712
166100
52821
209577
3569
164431
92754
155452
196027
12593
139869
150080
224274
81746
178964
166444
76307
224980
124857
104725
13146
133487
93563
112967
52901
177832
61471
223047
18843
48326
128824
117805
77471
191562
33441
71211
107955
145241
142300
107776
88802
93097
47684
234497
94527
164435
12376
10787
5084
64882
16707
67197
96241
98047
245277
199012
52964
112825
191880
48603
58419
74090
213198
163655
95533
178145
45566
101503
179394
37751
183456
166110
190810
106025
210340
51303
201274
6369
25072
210073
145029
154355
157317
137629
72580
150202
130873
173403
47110
102519
186569
80216
63309
148522
229424
187586
216053
140527
91296
184879
249757
17670
124457
16564
128368
38661
204453
199008
137970
184450
83118
214841
103688
140985
2998
211860
33190
151263
140327
30103
70015
66668
82910
127648
148515
164988
138487
118544
9046
182488
89492
77808
183652
65863
21822
94021
80887
34740
118522
215836
155723
135177
196314
196744
83511
140997
172460
61880
69750
6908
159069
229640
94976
236685
199771
109576
236251
50641
205664
215008
49921
209049
180858
220206
96832
85026
88139
208809
217939
60515
131615
246408
13513
68287
23286
10627
173321
171038
159947
166925
74780
229681
100767
49965
121651
222231
120833
96161
205695
104750
177529
39503
47269
68797
102828
48994
137369
224618
66239
241520
91588
124833
155766
50800
135835
98356
59940
226458
44183
33771
136650
196884
10873
47173
117733
227198
1737
27694
235522
2559
210309
149905
8531
34424
231291
93787
34849
60682
203866
27293
113537
137836
226451
137167
15756
97220
135117
45592
123534
140065
224113
243293
25031
96083
81063
55935
133297
50577
56358
43641
165126
106386
80500
18547
97709
119859
193669
233772
173258
222654
185976
111019
210123
27314
41463
178967
172707
224863
34578
48959
240882
175949
33185
12592
240656
58389
219002
86921
17139
237949
217178
16570
219632
155601
92626
114982
23406
31650
214769
222716
62644
183028
61196
3535
65316
229276
56444
183449
134835
117317
211924
215310
163678
236079
203200
6046
197202
248287
112599
179340
62385
185547
59512
96887
120000
68135
50888
71762
79408
14760
141855
18796
91825
32696
178728
2373
120563
97588
164073
188420
161773
6941
151067
106414
79587
205866
5306
30565
178166
85750
248141
139712
171410
171715
191367
133867
50515
44703
228876
166319
113910
181530
3692
113791
241930
110416
111428
227224
190228
103511
214407
138524
157142
104184
204187
123454
236055
192849
199017
66012
38394
4376
214572
10391
61729
35623
37336
116077
108865
157856
17439
60296
145156
204822
143971
198666
158399
139923
215469
174673
41495
23081
117052
109504
183534
218628
12217
35879
200697
76616
10018
115088
76212
82698
121360
148269
28858
231081
89908
219385
58017
243971
98339
227327
139953
45340
72236
210725
147453
78322
44708
148809
170686
20375
88428
98754
146503
37138
163813
138027
52064
149211
185464
182561
200870
98190
189323
110937
245126
143282
244200
226053
177808
158930
140552
81635
156375
223559
117629
103113
139939
44158
144429
11190
105996
242096
191792
149437
231608
50832
12142
35741
39103
53565
58366
244317
158463
207467
48214
111981
71566
180338
106538
143699
214828
120181
72701
83604
141691
135750
22540
76731
247969
199092
5598
170014
219533
123571
107174
105943
118561
153170
134168
173551
17549
215030
95712
228078
224303
106798
246044
207438
197453
242079
138381
233659
65779
28750
118253
206088
102933
123978
142997
8320
161318
99068
6008
121493
52250
225484
173330
64050
98424
39431
119412
175953
1467
31055
18158
7087
120896
25038
35598
220613
75703
42548
45040
144233
143572
71671
57527
15776
171302
92002
153415
68127
177180
240536
63191
160661
173540
223818
187981
39669
228666
54235
215684
51049
217876
200558
60229
108903
56243
214987
61192
143244
26365
45413
3087
232700
94421
146533
92900
163373
145752
16944
106870
228112
73362
87659
236713
184452
23068
100866
240355
24333
221300
112625
55543
2878
138463
227054
13234
136991
51152
24153
31842
172561
185874
88663
38962
214753
187396
137019
200016
158477
52970
95397
91136
136774
233259
43438
130607
15305
129415
231194
51424
169036
194632
50726
185803
167842
130009
56938
35954
182809
29654
157000
235893
16941
225246
165578
141072
194392
225371
223178
165226
63808
39701
80271
176517
24645
160530
248731
102622
9330
35365
196557
161140
176417
138516
74455
248836
69262
239801
12612
131928
207869
66055
124612
18127
32186
42349
231958
189338
101789
20592
64745
107555
209904
89560
60978
181576
95687
56678
77278
191740
23915
156949
1935
224504
23357
213128
201233
209878
111186
6432
22373
102442
163419
175202
174862
139191
155367
233403
243668
164405
145617
194998
147356
178356
236897
214555
225034
120224
79390
83504
196497
227874
198370
20039
231790
230004
160938
148600
110085
237580
159671
248237
210213
128303
229909
77675
154498
111488
6455
13498
142580
33906
232424
96203
239413
85252
63755
215412
237173
150310
175169
52362
155595
111091
222703
168581
131889
120194
2416
75568
10832
228823
232413
108960
190453
131894
66412
181705
229442
206656
198470
172970
168269
120353
121349
149588
65057
209337
24035
4383
90355
230666
67078
98460
87896
192973
208841
36935
96712
40881
185385
85673
52706
230519
151148
100425
99253
122049
83317
48818
220434
36187
85108
41770
208872
3749
154026
161070
149858
179800
13023
136057
171653
118775
67494
159835
163435
242022
39219
218254
37431
104552
122273
197346
88267
22364
27834
201848
244399
54182
48182
195558
87091
167260
243822
112427
2238
103640
166133
214632
138277
39934
144444
113530
49773
171166
202649
118699
101164
41571
57320
37416
245404
35273
195604
20706
49762
38195
71291
48362
143103
33435
30822
98200
90244
231323
190298
174
24246
161195
63067
204544
85682
55622
189374
246556
93235
99199
125103
56374
9524
154230
170221
218748
156555
140073
43403
232085
196344
204087
116248
173260
126075
172643
22862
87944
76971
178555
45426
19359
139475
5341
106275
157308
142504
129349
196413
44888
48300
90192
52134
248154
117480
92624
92240
119279
247763
80673
197971
20633
59594
17308
107618
186106
86016
31006
225502
104344
72595
142234
238542
25102
218981
227957
238069
161101
152281
113883
98062
245185
74418
10246
124999
70549
129702
65710
163849
173369
95659
125949
118117
14830
119921
68683
172537
76880
248497
56624
213992
183440
142163
28210
62542
71070
55974
20533
245290
173237
173280
87539
101094
33308
157494
88373
196778
84163
131959
32097
104153
190048
24193
179673
187953
123452
165685
211396
18003
79002
122360
183044
6932
173773
36468
13740
109279
94811
113419
163192
24385
1850
112316
134080
239301
64961
133340
107079
124634
116520
104995
215591
90505
133061
58460
32271
107696
161185
209401
98877
219531
191917
66550
235758
108865
235957
93822
243623
187431
68930
34963
149555
248979
188282
53465
203598
31178
11677
179961
161725
136726
238613
180300
61972
67646
38738
170048
210432
120064
211159
37442
217719
238509
96027
154876
17689
41938
218048
233000
74765
154994
239720
227270
178960
86890
64004
120763
215406
248851
53816
70496
108408
104257
150361
69005
56720
95431
137379
32151
59535
186960
228160
89678
65369
89301
240305
10248
62749
40232
6815
236560
29160
38114
160949
33663
128287
27450
229257
70943
125771
146517
128713
214854
153847
139636
10934
247204
141737
129729
146062
30906
51300
235467
165585
131456
80309
239003
100976
121085
1119
79906
126565
103434
57963
28776
222580
181716
50399
82095
150906
138626
237795
134519
222953
83032
94206
61673
172391
195611
60137
29414
130044
97839
196879
191991
236439
233574
102882
188867
46933
144357
240172
39499
95477
195996
14018
71442
80740
28619
74798
166878
136556
181961
30541
243570
194240
24169
25399
155294
129909
133881
186400
54142
226575
53499
204049
230152
136183
29347
174127
61066
190970
47473
183315
143033
88056
154414
145019
226008
216787
97358
219670
46002
137205
142658
193185
219565
176570
40084
137294
218182
32969
227663
124713
132282
242122
26764
68876
54454
3411
90084
63198
208813
41125
86201
122791
196218
56576
4874
78241
38838
190991
210931
82799
208689
197875
219579
239375
129402
118696
195454
6713
83545
9386
186139
152727
45516
101252
148342
228244
31998
8688
102568
161522
220691
197186
7531
37547
69241
69792
228829
36507
129816
176689
144922
129438
46028
39968
129539
56664
86379
1927
98486
172963
237315
81711
221030
50107
61658
74255
13318
245480
163523
130058
186787
233921
128695
121227
203364
186039
31799
15575
21331
39541
90670
42209
98906
231431
222934
200107
209167
129838
20251
107595
174234
216992
153264
209764
105951
44385
106755
123180
151159
150228
38876
134549
10267
2061
22300
74595
142655
23928
235473
52896
47668
87946
132700
241342
11962
62761
230689
55102
45695
211022
236182
234760
140568
80595
186970
42034
239968
227791
102104
240340
185514
123028
215414
55094
160882
218005
249224
95214
27086
244963
124154
70611
192899
67291
104719
179310
85425
205726
246690
40694
219222
102753
176304
217810
98164
84542
199639
53230
61075
230012
241170
228724
80804
173107
234137
63734
20943
232447
199063
206113
130015
232244
180549
236345
175172
10107
107280
231034
78885
60515
50095
206544
216124
33582
196006
62135
158797
98455
182170
148233
212619
137646
214537
87010
17909
195328
218839
72336
208188
34566
245754
204072
228500
176794
146250
74641
74184
112994
128026
195330
203754
3930
243769
127094
140391
168981
241116
181570
222018
189174
123889
168681
2822
135537
133416
49338
192096
61013
134058
176723
196462
84313
50651
84972
24845
226128
176445
203420
51021
30544
220356
186023
140640
123767
116114
57924
29504
195642
97896
185024
138387
13454
9780
44072
246134
136332
121940
239462
215370
51585
93793
145468
215556
223514
7302
145261
102004
147835
75561
127020
135273
30307
154919
231269
72966
156885
87917
31918
62293
133180
65620
239161
117127
187861
70119
246384
133564
92585
162105
108837
191012
246987
86418
100110
120516
188051
31338
183174
68933
14730
160821
193378
70744
190031
8576
86758
155160
14494
156178
22324
219741
31774
223487
79228
27642
28722
185423
119156
166645
79433
109706
162536
218450
105385
108653
55221
138291
214223
209423
55095
102172
234769
116160
148754
81790
133347
238618
163465
238461
100607
104994
78103
115183
35826
115242
243710
95210
104640
188642
246366
198584
136333
93805
248167
221551
87758
121278
185980
72766
19666
47872
245354
180327
238883
227141
116359
219977
245125
85809
68685
173733
99669
177718
247454
150954
41951
94484
124766
187177
128873
92785
39592
202346
78611
41306
41967
64788
100302
204186
184690
38449
96816
13154
124992
157577
99058
233914
44822
122066
73772
200558
4536
192053
157834
21959
47602
231273
174532
131959
56743
189238
62157
171169
144790
33480
180135
129357
207384
38537
85899
111526
79512
129318
187889
51189
84059
172691
129272
140027
175309
9322
245161
203411
135396
19584
190959
46056
108893
38671
96966
94792
179154
68291
114855
35599
55100
181106
120508
33034
115309
199176
193339
116065
123970
137903
78992
110201
221351
123548
235457
45886
85090
194046
38147
220264
55752
207581
92876
155748
55740
164037
156610
182582
154132
188214
138883
1903
204376
6123
181837
167539
47229
160243
159313
9403
43321
178368
39812
11934
71918
50992
249886
196853
237949
114682
197861
137377
238420
19368
41839
126410
30495
71411
223144
177724
6077
54369
194820
211973
25688
237803
107010
101913
146473
166015
14411
223171
134977
151316
57967
38976
5968
172663
248909
236788
93577
188104
21953
161913
2127
149156
233384
32637
230671
74162
231758
165612
9592
190321
215059
51898
219179
156308
1517
77071
108796
113596
9774
187085
66933
116527
171300
146059
205808
181426
122751
144943
96703
163559
245776
71146
2681
76128
121204
1260
162040
131257
127434
91554
177626
40147
32883
169151
134886
40626
76699
172456
46511
22733
2714
75991
118140
7240
28448
29141
99385
134634
184150
248944
135266
94190
117140
14656
154439
37945
138944
236335
210979
220986
55995
154814
244971
202265
198210
198678
144826
12579
44151
52962
146058
48728
85665
110760
219813
78764
104104
71549
229511
20389
91716
216731
69831
203671
168526
97385
234633
70745
227842
174980
132488
83729
128935
100024
93988
104895
226924
18046
43853
19851
60694
152340
30838
162430
61896
2773
96502
103670
70420
156286
68966
105507
39063
54341
32943
182934
177307
69958
241315
91752
246084
222191
94946
239905
96080
119389
180787
227118
221498
52007
245886
246547
73035
151077
111459
7852
52034
92450
101103
135921
5888
2832
173803
81937
91220
31191
52893
165709
52066
223495
129159
94120
23414
186877
69256
241262
74842
77612
197514
181595
129129
186287
65060
107822
173573
209479
22012
136333
146843
144978
88070
143592
151314
96755
128781
197593
176491
246225
73212
93000
62875
227799
14119
8936
239614
54551
188723
52808
104835
89972
189042
61737
142901
245240
92585
32460
213296
245251
113774
152169
131167
70179
245776
34359
136793
52099
29770
65275
187825
154856
191109
153991
178906
8002
192962
107022
247514
127577
157601
141362
93804
19582
110909
141316
139340
54225
143401
93050
178509
128060
214710
168882
34023
83019
194390
193406
89881
76615
68446
163342
156579
146400
237425
146477
249060
134993
85424
105906
98349
51366
185931
184367
72349
144235
47415
169037
236903
130464
58146
2767
194461
103941
184201
220853
211564
160325
241424
129869
78061
186448
55247
63883
40816
50082
77504
48136
143135
218006
111010
84060
101336
117675
226695
172075
243312
243259
213680
184334
200390
45625
238811
178599
240396
162389
211779
233349
150549
213074
244623
142818
232304
134235
166097
158278
43273
232886
33414
176298
52821
75956
27044
54974
18807
168295
181
249100
174341
192352
125281
240104
85141
59001
138666
18529
137067
140840
9492
97715
169660
100841
63022
78431
231479
27584
177167
122292
169428
11938
128366
66598
135974
157073
17215
170142
237843
103208
233986
56483
147376
51019
64445
70017
216406
30507
101950
27406
241395
99927
207165
197160
109277
245513
16645
34521
3831
45003
46110
83825
58245
194844
218981
189809
79743
83329
202840
240652
120080
35272
47090
211758
19236
9462
63954
126118
195162
73767
25680
41295
26578
36437
169648
105064
13243
124849
198198
98660
35048
107545
194075
229133
236132
208292
153032
64937
222133
16953
35368
224840
62315
248269
220613
123445
111432
245430
213087
91904
249027
67364
196227
45064
181734
30539
213546
244079
208851
168957
27187
56897
114778
230793
462
191398
6347
163958
48854
28981
70291
35644
10216
176814
210952
6688
236469
217674
173581
81343
210616
69676
40714
125405
116746
150888
89385
95901
118616
39599
198982
76573
177913
226448
204672
190461
118233
209012
246096
162312
170049
100292
156445
144417
67921
104674
120251
173630
76194
7548
208307
151156
75192
10495
179112
112091
154887
198806
57362
6740
169240
55542
166676
182298
221190
159634
94828
47832
190048
204645
10916
47092
15968
118913
12116
208368
73258
115100
170690
163386
13088
89843
52927
39477
178714
129027
48469
134698
86256
146840
237573
223374
116692
86585
107230
206735
160763
99732
93560
29411
54616
204462
112575
217582
115835
60160
228903
177330
129109
103257
47860
208451
43642
222756
26583
204581
174243
91389
49998
148202
194214
196863
119333
197742
182447
124989
98964
183429
143375
93160
141322
181443
94792
22116
215482
94730
67316
129910
28805
9958
61767
218607
198264
16935
100758
222155
209650
179582
63796
44589
57023
21258
55705
66950
39864
60069
121527
67852
114386
40279
15809
139242
54545
48825
76636
73485
105325
136189
145908
705
93253
172315
170834
170642
68067
190274
164727
212814
206547
227041
246104
202122
161047
158198
64553
85704
228151
128601
56594
231063
43069
194791
249545
120406
48210
156329
191472
106259
55065
210413
195322
164346
78146
62431
162409
53661
79500
88830
240679
51634
145086
154786
145878
4033
163812
239473
153482
234047
229755
209190
233923
226587
202250
103457
6634
143016
214516
9751
217281
91172
103254
124955
245459
206863
62549
146969
230631
6332
221301
207326
31038
81759
42147
68030
178147
129155
116851
139745
10794
61295
133789
171626
235183
197761
86950
207883
107677
9195
170755
30760
14282
274
148664
181397
138314
130320
67131
72179
127374
112618
112771
1560
211843
173558
142969
161490
29179
150771
147379
130862
238281
69811
77209
176441
109308
51556
152716
78317
224371
72158
28369
89454
162750
113910
227034
10022
171326
34213
200921
237600
82473
116356
221613
85186
69858
74052
43376
134080
893
240121
31446
198932
230252
61213
61971
233451
10772
137971
612
190996
204301
145852
163118
240728
81950
148390
10929
22617
145044
93259
9934
227800
136109
7193
233985
124963
230177
35611
239414
86986
228182
234956
233496
233445
55092
106038
51646
180114
233405
16376
89420
86615
136604
88400
227184
187127
85314
50281
54750
71059
73578
124127
124659
153984
225705
214993
167754
109476
161051
12367
4394
11233
225497
246094
154980
156337
5332
77341
181718
160953
160213
172964
162839
202252
192551
74134
32277
206154
63786
119472
212557
107854
156383
45600
130595
153987
198419
3409
185247
76394
94487
185408
183770
247992
162009
207546
195785
143642
150756
72805
163255
37327
170352
131543
10118
157495
110264
227710
131436
133165
78154
133060
49198
226482
142883
57096
62646
154309
56974
47108
212699
170239
218107
171693
236074
168080
113380
249618
5800
30132
43700
221521
161841
13412
63284
12649
110677
241557
203810
72647
82642
81382
212981
244346
21076
19091
107035
195282
126262
162709
235152
208001
216153
35017
103116
213923
126579
235321
212353
157033
13290
144255
192340
154366
183344
152381
212599
151377
237344
65260
126475
179332
213254
22000
37273
90134
73101
9853
133005
4659
166122
179015
54954
15463
198665
91367
198595
72304
205528
221098
151771
94187
110751
29578
79134
1899
113235
137420
89504
90037
105644
101325
177762
169839
11162
106759
26363
19792
153231
98205
144281
43920
112707
58047
181593
82276
168412
39238
25563
146772
231683
170212
5943
191573
83274
225803
127677
147341
99437
148443
180722
206835
106270
22678
35239
249292
140821
138278
248567
17403
91805
208009
142286
12398
65275
27627
84657
188555
100029
110926
147175
35262
91029
101583
227030
63688
237889
47682
40001
196879
217652
172749
55511
24535
4190
135645
183588
132307
233157
29389
192857
48087
224549
231708
170320
24687
216716
192191
17547
98534
86394
194175
233209
54632
184073
73574
179555
180523
104133
24484
206448
238626
118376
222620
37256
238008
95096
36379
166817
35112
10782
8255
101147
155073
204317
84394
117733
22744
103278
195852
72179
95891
145918
219414
128488
109658
77876
10165
108263
61174
209754
103798
215541
25166
224542
42409
80130
62792
197473
44618
69315
110345
217052
237158
214383
191534
127470
157620
25700
211597
141315
233992
214299
20650
195751
218864
97635
80232
185573
216181
193982
215528
69481
93058
150922
181230
120405
37528
11348
230257
179900
37734
10247
159281
240975
158215
62034
240716
46434
215899
89413
72857
115975
201005
120614
75405
96183
90208
186081
232576
131255
124806
194351
33395
51703
53639
27662
55389
13792
218978
184807
4874
109687
57743
136823
104398
25672
161189
136534
177225
238458
90593
168720
236122
198812
196493
108469
164843
227864
220865
68010
136204
50240
46182
47656
223170
27334
104340
116518
152904
223051
14216
123252
249809
149524
57311
30815
71048
104319
112049
5410
202622
2207
69331
20630
113592
27764
76875
3807
100786
189582
49022
85055
76917
215461
150839
123287
12708
112307
73560
133035
143818
107350
163158
228483
198687
98174
80129
97288
126450
127555
75795
52365
139308
115904
71400
26816
210460
97262
173827
41299
227886
19299
227725
51082
92113
117228
116754
30995
54113
191830
157849
218164
191494
105959
191341
173468
38875
248808
242641
41882
172866
112129
96037
6079
87824
98222
201222
246732
239336
171807
830
147655
219143
125830
88119
62374
109903
189285
81733
162318
14957
99233
60026
80785
204099
22457
63999
136338
77252
148162
96538
129858
79939
30845
97543
132107
219141
202682
110632
20094
120296
202080
58694
74312
139594
62615
143819
38657
173897
217736
221972
34515
133356
166830
126707
87068
141559
226932
138774
86638
205637
167382
29067
101632
161248
90251
55686
127420
184338
76636
164743
45856
209411
1160
107500
187804
79435
239801
182516
52973
111060
51836
207022
228417
189872
225481
218351
205493
137246
85803
47319
171559
46201
93520
194204
140670
32479
17649
152177
22326
79655
107930
67584
25844
29519
97368
100836
241234
69548
184161
158426
249595
91889
37960
89060
95179
121608
201712
27642
185017
152965
157756
15733
98958
192618
112555
92336
21410
184306
202336
164900
151614
133752
234283
154092
36946
225640
91076
7409
17672
52603
189046
58522
114827
142562
133788
239589
211150
9024
63788
157359
157426
215551
137775
32547
114848
118582
22058
57993
204666
163224
95964
135591
139561
4941
80771
60385
234315
195139
55989
220321
146114
35029
83701
33051
41745
242915
198119
27638
185887
97830
30773
96634
196712
151290
2436
28766
15347
48654
119911
194516
19843
27691
213913
181954
10993
101217
939
192380
197649
245510
167646
12831
21297
74366
122976
148298
163729
241763
179835
33102
229948
154610
154347
78166
99868
42920
157064
164481
138724
66493
100434
167263
13081
99828
42221
175785
37013
246964
211031
235309
213098
18223
105599
124010
137392
140151
130762
69568
95626
121582
59309
100881
110412
166721
193600
189396
50393
132468
229016
75229
154767
246439
71133
56189
10843
132939
129907
228461
46185
10818
224239
131431
65716
44016
5469
56974
185545
141443
182923
209553
153325
122095
65606
160676
86232
77022
61008
243613
175715
90682
177722
227160
19936
76985
143781
24195
200421
228512
247853
81226
41182
219209
209781
248506
153732
81417
134624
84277
199754
59979
116081
43444
145176
155171
192644
45552
110730
220620
191058
207845
245811
178195
288
235171
12269
249033
162012
191317
133413
228019
6945
77473
171032
91202
146574
28189
83617
59678
21444
124473
64570
245013
154209
82343
156368
13672
111788
217340
246248
101563
100585
102549
86269
60944
212150
38006
202380
79910
125868
108361
67497
211924
202802
190219
143452
5714
82916
74844
106865
139320
209568
212494
110565
205240
78102
159012
15793
51725
200661
162058
23254
115605
44590
172757
40513
8854
164989
102648
237010
15966
120633
193091
15255
128473
239103
18862
221270
57749
63371
214854
111250
22431
77581
28704
66143
120234
197034
233325
199499
43199
14738
148177
234073
157048
136728
249011
237528
152608
77541
166869
155590
134289
96209
71224
92523
64381
157154
41420
95888
238332
119642
165937
121947
88092
16359
48023
239716
138362
228189
205767
121892
198687
92587
87586
239864
68294
226001
120978
227845
55125
175670
31931
25754
184721
81534
97593
95720
185361
189965
65852
188183
18771
237722
95517
65511
164381
246716
128108
17815
81255
2487
63190
179774
238477
138233
151197
8984
156210
108816
137174
109476
123128
78087
212211
63717
202463
43667
201281
75491
73486
15166
96075
103244
11069
214545
133755
33277
130621
171477
24452
116241
118684
177926
217307
146322
183333
187778
66828
171890
56181
214741
48934
57389
140212
102146
61221
223588
246157
189021
226500
215763
47440
185146
65060
167880
111116
43534
176172
24682
160126
146438
44395
218816
201427
46748
120961
24807
228064
119764
162190
131589
64157
20599
75107
112829
150116
47263
178379
187314
12791
44470
134751
61082
26990
137561
18631
69617
209312
225666
79344
205737
204336
25800
97536
142345
169966
206777
243453
94842
205865
248805
96299
236641
243569
68007
122402
240736
114171
205982
195207
211640
243027
38632
202529
71167
185899
92852
102823
12795
123725
235284
190460
49979
237565
28171
81335
105488
29340
71962
9816
74109
116383
133701
228006
18475
222648
248020
231339
242842
199800
225170
36285
3312
92221
190987
69338
15690
231660
202329
134044
98306
230265
227541
199581
111265
170556
103618
29088
247002
50199
215335
62072
233870
11707
103979
208327
207554
119494
136305
36994
194432
175622
49311
3751
28054
29477
140798
161309
53625
139068
46231
240729
124698
60761
92696
5108
109567
177344
41813
42171
200127
13718
27674
220254
51106
99581
228882
224555
223323
16733
140329
1834
74191
110491
197799
154431
190252
107445
185492
96607
194682
97142
153372
173532
178876
104956
199536
13573
220471
201646
225429
248812
121222
204052
227853
188005
202218
155012
179070
230037
67086
30670
205002
149051
131993
75948
146829
152650
106579
162664
235354
203668
90174
241402
165145
208519
32271
204040
79992
119800
80713
57686
112997
63542
42953
141437
50916
184244
86200
12016
66435
118446
11097
92081
102128
122833
47124
173947
60036
119043
141002
220117
159001
192152
34025
167071
196790
47219
217124
56915
213434
18798
91226
194823
964
77747
144316
7906
106733
71568
147554
230465
40559
231752
204266
18436
51853
106564
203833
132251
5503
50110
153555
15716
197857
242976
233778
12285
15594
102550
242542
1754
13862
110484
186559
48170
163330
30932
189867
67988
209110
200207
107134
214709
48881
169902
31284
98391
59194
48816
79395
21247
75288
218534
70826
100076
248751
221305
73057
82017
119457
199895
13452
10850
111919
86049
156742
208307
247738
141178
157904
132592
95115
50750
25156
55135
125142
73265
72704
53514
181147
187023
171021
42221
205409
205680
201771
19671
171209
176148
1174
163335
33436
174864
8669
174124
115837
238357
132187
41643
104543
44980
236900
110465
195438
23997
244408
104827
20195
61860
74510
67701
117
83056
201551
149286
192363
231236
228656
63962
85582
198230
186792
15599
98670
28098
141074
38218
174454
212298
84367
118049
211249
178065
39847
104859
142951
13433
144733
123090
106753
72016
186799
226152
28100
121841
142976
15004
92783
52910
239502
169546
892
78552
195219
162349
114287
130889
61086
79612
74523
113834
16495
206173
131471
57515
126509
209319
174949
46586
103453
154682
148169
96815
29762
167050
24610
126911
96862
69121
52178
24886
237689
123119
87942
215490
68886
48899
108839
11077
236955
86792
93181
222666
1149
101136
70436
50815
5256
197850
33325
112103
23656
173635
191085
79258
219754
227472
125972
92519
116208
227771
197507
65657
210816
85016
168039
241782
144182
75933
206277
89598
193495
12358
225136
80244
178666
74299
190121
1849
73628
244675
246714
5242
81913
162441
199383
207031
88451
191984
13799
117962
115539
197
28791
16316
121821
208945
162908
130368
123497
171083
230579
25757
138332
192405
12578
246346
201891
83592
211266
228782
80819
213350
99058
62477
58106
201788
225296
76435
229827
150699
150014
202117
195806
12882
216782
45464
105415
46214
106700
54585
42483
41982
245583
151053
97402
40622
214391
36529
119749
94318
171603
104882
192769
60629
154177
124150
200477
140011
188413
12770
182275
62865
189174
36212
103992
245056
26642
210618
196211
236135
203789
110911
32899
173830
109493
7296
73002
87764
18070
136699
185758
209813
161191
147356
17037
69681
230204
181378
194376
182024
217731
146699
186313
220006
29498
219268
159011
109131
81571
104467
45228
20959
213430
55872
2197
129781
137664
207107
129938
87333
41494
181568
132083
108784
203648
156068
70930
64015
242618
155544
140166
66870
52436
110689
91782
169300
206
163741
204050
99533
12806
126660
188920
190636
211274
88046
99411
204726
220969
42442
67854
80234
7290
198034
15896
44106
119925
199218
152626
147811
174801
196553
33056
187561
24327
202333
10987
178340
214354
241818
66964
18002
159958
182183
210441
156523
66332
105801
146926
118920
111189
199553
203836
202875
213901
175835
138387
40961
22684
199252
240059
194631
5032
60372
137325
58924
58388
182107
202351
33348
12573
31449
136263
215222
195011
22517
71242
229488
130261
182141
6795
88948
86665
131522
168462
237316
3994
107722
191977
106870
191912
93359
202788
184548
73017
214139
86589
7362
246593
142479
192423
16326
125819
233009
71239
147309
113714
109372
102533
130659
44406
17837
204383
15450
196310
92100
56446
136386
218947
208300
222758
153899
215881
69286
56339
176700
178872
6555
65684
53149
14761
219023
120912
246045
172774
182828
221918
72335
72656
47948
33308
18365
33388
133704
211350
47375
140853
33755
83829
110103
5520
115855
85929
233597
62397
105894
214648
91516
38647
160373
130573
242683
29161
192785
223260
29529
35491
115757
216881
119200
206819
25607
225763
9996
193067
22355
11279
59306
244100
43134
162504
75849
93296
46027
35358
169581
232600
165234
6302
92430
36012
197093
186704
245912
212855
204790
222438
126974
174067
116468
146943
116737
196831
77894
84269
212857
221560
241400
2785
86021
50024
21639
22882
82860
78745
53388
234630
59297
237638
84650
165041
227167
197423
141161
133603
98013
201880
233830
128899
54705
52817
160633
32854
168957
89564
199093
184819
11972
225144
246259
79089
152669
4632
248480
189314
85579
213361
216444
138584
143870
5275
48861
198206
184890
27746
152717
166682
87090
163403
125900
115008
132007
231789
9701
31406
119254
236030
101516
126221
188311
71498
174766
230684
73868
31772
195379
165598
17456
93444
216998
24260
58799
215044
117701
151536
102912
113366
41631
24219
193791
123997
166577
200253
41543
82
170753
139886
179149
195146
76138
60556
78432
8325
50522
170208
169488
150733
78495
130031
154847
159366
7777
28676
134183
247990
20163
90180
26664
34478
7964
1837
163131
176032
80719
200482
91263
165869
167526
71326
70576
127134
162522
178271
57740
109119
96184
97453
209262
229858
174963
136112
211685
119593
147077
226190
19816
117595
81211
52395
69898
199365
216639
213528
93482
109256
20804
1887
40274
194121
230570
130058
15201
143926
181379
127769
217658
182504
77281
134658
28523
242953
217210
135523
10433
41186
91984
206268
164370
21933
29370
223494
64748
60949
180170
143041
160797
169004
223854
190182
195453
143569
96836
223583
79768
214502
154244
196210
154007
24369
166268
17535
112626
11826
77335
58720
59995
10751
220532
16950
3722
50226
124234
5358
234767
139011
79631
51930
70371
235459
194199
16814
46996
63196
248450
44236
240385
145717
73835
222305
97101
229917
150078
158648
172643
206633
73086
136007
159170
160033
204253
132892
23038
148205
216629
215234
227236
73358
8086
61993
238000
97788
165061
126483
42133
193016
33623
193840
53128
126354
31808
88369
167789
13104
101016
188265
246243
192511
230769
118760
122855
103219
185604
34232
214884
115694
184608
217183
144849
25548
33023
249850
51939
170727
182243
210718
13158
61432
130355
5092
204458
113498
194312
2444
122307
31346
201292
16034
151893
158774
97327
109112
176765
55497
192128
184717
184889
159801
88578
162789
40551
119736
244404
33187
3846
244784
64786
114596
216477
108170
195114
197014
182306
193557
126890
132657
227
152880
64698
55506
204743
123308
61317
156265
18384
196233
132572
128908
56469
66369
98489
6657
85593
66632
122518
181855
143318
102489
166652
22790
169285
34814
125760
37551
50357
98920
173949
117744
24528
224978
180583
44678
74591
143139
149425
46388
108658
148690
177131
54185
36043
2468
130328
1491
14997
49364
108247
67870
204789
26520
162940
5851
143712
214009
27764
188093
17078
134015
167163
41379
62038
28165
126675
126784
64431
192820
103871
143342
136949
234734
7835
202952
21109
211798
194786
210593
22505
138169
207965
4731
52941
107725
220152
217282
34910
217245
75389
64945
106659
217065
233841
92283
65590
39248
56536
59149
78685
105234
137168
246871
162728
179622
213248
35006
243095
101040
14604
231806
28719
240311
239653
81160
157897
55146
51782
66222
184254
135444
6607
161987
48637
212203
12586
194576
105351
166899
216924
10114
187408
219580
87050
54857
213983
143747
1182
185214
72884
187384
132764
225171
172469
59183
16840
56463
159286
154821
137157
238491
61871
119129
25893
29689
71684
78535
139185
48378
140981
81494
186041
75523
79769
7288
1930
32066
211565
14817
74924
117464
54675
67704
200116
191290
51173
35565
107431
247820
234259
65130
82261
148181
171229
62882
44540
54053
59075
171908
170194
151044
67099
104609
172820
27971
134018
213504
234651
177224
193799
69547
136940
77867
151486
131061
162675
153704
127102
87246
187260
248025
87381
191605
163097
143955
642
85377
128020
94721
41036
79050
88027
5352
166941
86130
2963
57875
8
87709
110730
142954
106341
182812
30843
78816
86875
235452
76703
217416
152545
95447
238037
434
45508
16392
207796
32022
153531
109657
136861
154420
229214
78054
249995
159947
199655
36026
204207
137873
76343
109173
116704
67678
231961
82489
216820
65996
95075
131654
201218
225756
113794
105337
172807
48851
71836
52694
44968
201350
69465
204688
52197
107329
222458
133423
190426
243292
121222
132142
134401
103129
133228
200921
63608
8939
50291
38456
162004
131021
18348
238200
87187
110158
110259
62587
11337
11909
224714
86441
200656
248571
228606
23291
213567
166271
149338
8641
29534
94060
213827
64540
101983
59667
243966
205984
140226
222956
227161
9811
21129
36689
22015
207913
11529
72233
197103
29324
148104
189097
210445
205665
51542
120974
7636
241816
183187
211378
151723
227054
65957
136464
166277
15001
36242
65614
187390
117288
36373
212805
31456
153861
206091
160714
120206
95201
100811
162527
70999
30239
1515
118559
176979
167160
1274
159161
94420
159469
165650
203766
182204
196878
160639
164381
162419
32890
237807
169381
213584
123456
205450
238349
78529
241329
117877
151048
29842
20904
75602
199323
15036
4373
160490
238935
3226
123273
26722
110516
112600
114537
38352
75195
207890
221973
48316
41209
3569
209567
37539
110720
27740
13869
184319
1383
133533
234592
148820
78393
4029
92588
134850
37939
184307
32312
129965
2968
187327
237016
148116
159057
95030
48119
73421
115721
233188
63938
35969
23631
218516
79019
102530
42301
34381
113517
16771
189947
223694
105671
9927
91308
239533
76107
248873
131870
38739
73124
30059
244443
4795
25800
99372
57045
21976
166960
209970
161432
136684
37968
140131
246652
49575
89423
57253
39839
172183
34960
9432
179974
184122
114802
114632
192375
185282
50330
72015
8448
59047
124393
41430
197275
76094
221549
172456
214577
4977
212556
33200
216355
169624
44403
223987
236553
134049
227718
102660
178814
222366
37840
234969
244342
162726
181678
135181
229045
8938
181012
105189
33502
112097
165928
113770
108296
246163
138758
184499
152909
56057
171221
248298
83273
125866
61432
91552
149
3421
32524
199596
174248
182357
242974
4288
112961
1619
147505
216010
161585
113104
90475
78540
207005
20224
144719
94901
197082
210573
169569
74334
173190
235360
86777
237733
152045
166220
233369
77444
244535
241557
2073
247020
104508
42902
225572
45547
236476
248106
193475
180468
21938
225548
197296
242036
241866
99573
102965
82452
226599
605
13923
153608
240151
34436
941
130230
196562
190806
231398
48745
201965
225787
179478
150634
236542
3902
134996
99309
172195
129037
115991
7897
67625
99421
197304
201581
219395
78840
104817
188960
189344
76663
181557
96836
239879
7300
84439
22176
88308
541
59065
181400
96173
13080
97227
64564
135405
26048
244383
181868
17717
177140
191670
219847
203186
239005
167534
107658
136992
39964
205943
70375
242572
240311
134723
209978
84026
31393
2192
163272
77888
117766
122066
190289
215046
107867
215941
5420
247424
228435
205686
131472
176158
162290
102031
131970
228442
246773
97934
79547
171395
25177
152834
460
227198
17657
204724
243087
235911
224272
162775
163543
174610
159399
102788
12803
207894
179357
71216
144917
9436
130985
236960
100619
229791
50574
42365
78391
214771
77966
124740
37837
48380
186685
34414
1923
247924
120570
187082
155320
216134
239267
210837
82210
240706
1285
187051
116737
219833
152864
222544
196137
22934
139402
238278
167045
181744
200480
131404
154861
199636
170883
157175
150276
52733
41078
144352
149165
43807
108413
210843
126083
116798
168107
225758
19880
119615
230281
147562
97245
127421
198653
220665
131107
215103
218927
71458
219376
218179
93758
65972
185189
4086
244478
235823
151716
95889
31704
234985
206048
49772
38462
203509
183236
54555
187818
214322
14827
18396
222566
164476
171910
169823
163419
143312
137568
140313
175183
222286
187780
204847
45506
153690
44554
195100
59713
8707
172885
133221
90031
90707
226249
141396
27519
31648
67180
74162
4010
26869
222032
186344
148172
117104
81599
214994
181177
48490
23908
53871
198772
7317
53219
71309
198949
154953
99664
233320
186735
173244
39438
5554
172631
138227
240414
113527
133048
60119
216422
148360
10732
57543
29984
169065
29303
160258
47157
11042
87237
178354
167741
94509
217501
136707
244902
123102
203273
38368
128057
38405
172096
167935
222052
140359
22878
167074
19865
230012
137048
219973
71520
22973
137557
182842
32469
195135
150728
236366
136061
205085
71175
141810
140483
160088
228236
6059
96884
73200
155429
38514
186959
60050
163767
31881
158020
67611
111
63438
225214
164051
189494
155274
174591
60614
98429
68327
172961
157172
156068
3007
196160
247841
129013
55988
156212
94709
117425
57490
70007
26918
213948
222565
135962
150158
10917
126747
220757
51566
159347
23049
73739
192510
215010
23693
138459
16880
142472
186138
48974
210167
98751
74103
99818
192772
247998
130583
214947
134729
32630
119520
73621
13977
16484
3281
127551
24334
50690
115028
109291
102784
22063
1026
180425
15188
135123
53660
42227
238903
179709
152897
227179
214356
15621
103488
103821
225614
96737
18431
228121
159711
106267
130340
104111
136823
173577
64390
24310
134949
197882
51566
160995
16430
218046
113616
17196
173626
221017
90014
237189
112637
111691
95552
192357
40659
11906
115616
777
18940
223041
234976
155769
15752
220422
28846
136847
50220
166475
208690
220172
69744
76593
103257
198146
153040
196835
201943
147851
191201
15949
3824
189940
219883
220401
47848
75590
244303
227415
54269
162802
202732
127198
191705
227143
86447
5248
45330
79099
178062
56593
9717
168494
213038
157347
65822
50919
19462
40133
32076
95353
174695
89752
109552
61855
196354
179795
134339
210564
185804
240961
193855
135772
154875
249809
181038
204225
229272
192231
115665
78958
78690
242459
140980
18313
168422
207907
36203
160068
138464
89300
219881
40861
163750
106985
37957
205039
72345
80312
17837
28938
244482
173479
247748
504
8849
244226
202783
7663
71761
59989
36099
81143
71019
114464
156517
221387
243629
207507
156661
217541
173
14268
129089
7507
142657
102081
239487
105803
42857
142627
199407
18337
5649
144896
233217
148150
214025
204939
27606
160281
51346
122043
184771
50615
31993
83034
92940
98910
144064
130164
173416
186771
15733
54995
104963
83718
203055
121195
177530
20679
223734
175176
66539
88184
128824
233351
110992
144258
204358
113853
36491
96572
173197
5221
177501
201030
161468
67866
220715
197373
192920
248249
226789
224962
114906
101295
141894
212219
149861
4299
244399
114396
26474
157152
47745
8440
222612
199837
97411
199195
246620
93279
214584
190126
36169
218239
61591
30126
233486
238321
161518
190871
15375
145445
32860
208841
249058
105557
248341
126490
154865
182359
232503
7568
157615
147921
4111
106717
171332
28361
230226
109696
64738
91357
178874
103264
183442
136502
221717
195942
70658
163506
171642
141816
203567
38397
55780
84964
143898
144381
174995
52435
177641
131823
240181
64662
79959
202263
232939
21973
160127
40541
50002
63228
170254
44620
123937
219960
74304
167056
205116
228979
98921
43734
135379
209015
173670
153838
42972
117627
43664
123204
210185
211751
226656
80854
103345
88109
194800
20556
17252
130029
178901
246996
166029
59333
106568
154733
136568
146580
2401
82856
38546
214800
237010
127137
170010
111142
135130
31129
171663
198583
206801
2589
211705
116260
137864
11146
203075
165189
177541
50649
164942
35383
180511
133716
103474
49837
42905
144203
29383
162165
103306
111246
70040
42179
30
71975
216596
22437
238074
120381
80281
73614
27039
206755
232257
42194
200499
13693
169689
93876
94811
73147
84736
178181
153081
78521
131404
105838
136448
141817
194783
152395
57069
47789
156249
141785
194977
95025
91638
115250
194910
123120
20590
57147
145495
28144
221215
136789
155836
145021
184488
137741
9147
209790
45388
233564
70029
129707
66349
203672
92400
249310
1682
59483
153114
13239
123105
147013
201095
86790
68329
230615
184826
75009
90129
124939
123125
143486
124857
229658
150456
57386
100684
57366
57446
180641
51902
85168
120673
210178
139243
113598
96426
225141
8935
74187
40373
39414
112531
3697
110469
61733
213236
216509
121003
159761
79621
131784
14486
168419
73727
197761
140086
79612
27386
112003
22914
160027
249517
147015
194312
216903
211798
126961
232719
204344
52995
153311
104345
248464
202090
177448
233599
115068
51077
14342
99526
130218
116971
91535
157249
109884
119713
33467
119086
86577
75865
160493
51892
23779
980
49842
221114
217285
138092
57998
147749
129097
2898
33084
43787
218240
46336
36114
24045
162163
194561
153529
13926
60585
127619
230244
15519
21151
103127
214968
219073
10270
103093
46871
38048
47828
136237
31275
91542
243257
192485
9453
160706
32440
2467
141909
24289
59949
235038
161866
56983
241645
139913
71092
228611
207983
159676
41987
235211
105201
41598
73136
4998
34321
21898
56057
116997
126875
194163
72570
223014
117488
53223
39965
205939
189142
105971
66029
87647
105531
31999
33906
87053
47949
90837
180319
104988
105115
159240
27361
181513
38525
91661
194408
218358
26363
102443
232266
236177
192248
91202
95184
204398
227727
239866
186328
187128
108688
26070
207442
68580
76538
95057
220345
166418
89810
53863
180694
152738
179002
244777
24896
44581
229704
240187
142182
79988
218164
28919
45464
93936
207939
211235
167175
169769
55549
232994
248316
205880
46473
152594
182932
129355
212546
87214
94336
171497
16595
95045
165091
76154
211742
113352
71942
170511
187933
78682
53146
137735
197533
42026
151802
207107
160574
196045
94759
219403
88401
176366
107767
49978
58202
219260
94806
202168
142785
129253
65742
210968
153826
213123
242748
12285
112675
162959
17787
118454
248082
203540
99586
227594
179186
75422
156442
98636
245214
63670
147920
164879
244733
158359
184123
49039
76622
63824
205842
103835
30806
72232
244724
84290
36541
45772
22599
206345
117386
14395
229157
47430
183735
131768
146313
136826
220202
52021
231867
112592
207222
242235
213536
243625
3970
156442
210685
235922
75118
103149
93501
141400
3602
78329
24942
194584
116831
199169
196588
18382
229188
38488
133393
240745
222990
147702
62431
188762
156687
97583
156039
181702
170908
227635
175731
8814
224709
227768
59315
196
189766
53507
248900
68538
227271
161421
9060
39032
160856
47397
31484
53254
49024
217137
132130
115442
221990
147657
152808
128275
16803
173010
44861
157353
171423
34027
38413
201220
169839
122556
60476
242112
127035
107425
65209
172794
232518
136593
20152
121695
103360
153879
156861
37465
100396
177866
15479
150154
32595
181228
127029
232638
152276
229870
178037
161141
206264
168029
23338
146667
223644
205725
38591
76137
82535
162015
116321
138714
230445
149799
166257
141455
39736
154610
10784
226199
213354
20598
163544
133956
176791
89315
243154
81277
39709
86547
7164
132590
22624
144333
99902
20754
129434
175946
132366
198038
241778
144082
161605
248177
62842
5731
28841
50439
224578
219097
37149
30429
152817
207196
103501
174251
152027
40303
56895
200800
123728
78706
239425
157378
19847
143211
100792
148215
92579
200450
155270
42897
52093
203998
23613
56678
48856
120256
2306
228294
205192
142989
139040
169674
225577
194453
41805
10605
224656
129549
62087
153176
168614
46693
177238
25827
168081
192067
71199
192420
128399
151790
103722
136893
183455
82543
69676
204790
223032
141985
117738
171190
177776
15718
84507
185441
160869
94544
166543
183300
184000
185953
204534
109379
61204
245518
15438
54735
201913
227208
206963
79009
31977
210696
128525
194973
8039
35408
5990
118393
125858
106085
46869
160898
165624
107897
121163
178551
97583
214498
21575
195742
33332
57479
30713
144975
79662
223630
975
249582
120619
29392
163445
22666
88309
217837
18898
20406
200288
138407
116971
84846
237973
29306
50389
189261
142788
110607
54897
213870
32237
235093
149146
159274
249173
40082
202960
215534
172730
19799
104766
246968
116206
122802
109843
168773
76626
104189
163493
244223
211683
82342
188528
196657
112197
210476
94573
113002
81570
157967
160249
50132
125821
88711
113433
22638
155943
143932
116991
32492
120561
112511
22661
209868
140721
199201
15737
100102
215370
29747
122272
102439
144885
85594
77423
81684
16546
77746
25833
102989
116189
79822
118086
184106
115427
58758
75898
190590
95833
43229
200766
123841
120676
107093
92244
141576
31900
6835
114089
139077
36741
178432
215334
13758
69449
12748
113832
94032
107272
7023
172125
22337
57390
194710
217384
538
241840
36259
224175
219183
165031
243191
74300
75753
156488
199079
153862
4276
91430
242431
190423
144914
191125
118459
71360
139934
14208
183156
237260
209294
171195
229249
12030
101821
242600
203172
2583
168055
193617
193598
200933
111816
17003
125359
177616
182461
244680
126059
97111
109458
57572
75726
237146
82352
31368
181274
69703
141959
69899
121243
11252
54902
210388
96864
225587
70917
118702
134525
99786
195138
230726
50518
113289
210824
106204
226174
147277
42600
8884
74527
22521
111111
201989
19233
86114
233153
72194
23263
90725
166590
181185
155289
126355
180375
222123
220037
171654
160710
218003
61147
2768
235799
165624
208091
3531
238169
167273
217919
130025
33471
161026
81315
245120
146411
187761
215067
170603
91518
136083
240931
97935
198482
100183
37092
207447
110960
144930
228670
54426
242762
36679
105303
170081
180430
190836
106401
175155
162776
4675
248135
20822
156151
41311
143690
215769
59261
116895
113033
64188
248309
227513
47305
56602
220191
128233
155109
121207
140774
247870
196035
11551
171950
103498
216726
134398
62316
124671
14513
207782
212550
92068
246911
130682
202971
215117
32271
105841
151052
166309
69804
198659
243405
740
188855
50225
126391
104566
187375
2047
53732
14623
182283
100793
150107
218340
68826
70101
5861
212226
68081
15762
134715
130246
201398
223656
185923
18779
150348
227702
30397
68495
56269
116386
155797
125420
124481
226488
131861
149832
30104
209631
33756
121802
200539
45631
19202
91646
173426
44883
190635
86379
70874
161662
14122
19881
21780
208138
8190
127176
213238
15443
137704
31321
100191
51345
203366
105327
244816
153913
74747
111680
148606
196716
68983
55869
164188
152814
125379
79166
220366
157514
45352
33083
170588
232803
29812
208636
119320
170519
112223
177122
38378
49825
220744
229479
4975
245835
218861
86480
114797
63662
219757
63190
39266
24983
145287
18825
223248
100564
108300
82698
177418
138380
233041
82765
218866
88244
6802
59799
7779
149397
177624
25369
165067
109804
124909
147781
157630
176101
33010
132267
26266
2801
7532
194455
171180
101890
182759
70409
124172
144819
138175
66514
165748
79855
115488
104037
93118
127994
94827
13532
195264
203557
18831
150895
149707
173462
19431
163007
23416
226198
156911
146824
48241
29865
204824
106075
67884
195694
143525
128174
33887
37873
71413
232754
231764
217102
68239
242754
46197
26607
103221
167210
214771
189634
121663
87924
234138
85497
187540
77246
46963
121661
64538
64575
14131
133096
237593
194081
114199
237571
179563
48966
177925
246329
146526
10459
78238
42222
52835
18869
55246
197566
170932
241561
230513
151308
54542
214233
166564
58122
4049
174639
110550
195513
5659
22018
167967
60435
236902
43571
130326
50386
247348
214673
247712
191563
94672
200741
98201
60298
41056
34813
18723
141813
2719
216871
234348
134823
157507
202708
62494
180294
23648
197481
96654
121009
187200
129647
126256
221430
196859
66918
171197
31004
45422
118971
171963
135350
25413
86088
84587
226774
108122
142564
149890
66345
58433
98642
47463
121910
162070
132345
194294
192685
157809
238174
155172
79234
193798
165734
4580
180021
24157
109726
92717
73285
169908
214320
227129
244657
163609
222928
41786
190634
158832
236102
203969
180961
15109
42362
241392
205858
70816
226903
163878
184083
101353
246500
156945
179856
193661
69272
29409
28385
218842
123272
103998
99267
162852
153980
248196
169842
226174
141704
75480
53181
88035
7244
206693
59119
123996
147825
19752
103451
194836
157564
14073
46288
85408
232816
174607
164548
61468
202301
235115
111095
7146
20940
107937
200314
89766
154193
18073
139280
189068
53588
114647
158211
29356
207169
81612
171359
161831
188437
168235
52143
163985
56087
103351
105107
167336
19392
22391
214075
84004
72568
110603
65137
69015
45694
221475
78551
109331
194369
20423
87789
226980
96634
71516
124252
95437
5143
68218
79861
140991
149523
60697
93955
132444
129689
187612
239129
25659
236678
229728
178943
215193
214136
165261
223905
80424
153827
176904
177212
18312
94761
138520
121734
164138
161433
159655
137345
193610
82416
17169
85319
119079
12675
240474
48944
172277
95915
78830
86494
226163
225690
24025
168092
103750
198173
249352
87573
74068
153005
246954
34533
244852
63438
117930
119557
84705
181180
114466
211028
190974
93072
18131
205753
22726
81622
11884
111341
120249
107215
110072
218669
91547
4379
183189
171685
144551
119948
100311
49849
16175
101300
135855
83054
206370
203553
13876
203185
144177
88222
131090
89047
6123
189073
68401
170892
73334
74306
110855
106793
162824
128002
358
157141
191546
212411
150907
224260
172645
240417
123408
117549
96421
57172
21791
216227
3625
131569
146757
59899
149299
75352
229639
137667
210214
216843
235951
133250
197449
189971
20799
94093
158886
119979
119714
90411
217093
103371
46394
208912
90457
28856
211737
216981
95238
139029
17802
215547
182788
49110
19815
146781
200411
116064
20246
144857
77866
150059
201652
187013
47669
29752
248572
168068
64465
57063
34214
247505
35021
110813
230071
236405
42326
96445
138612
23998
240024
116669
236235
167754
146021
181474
102613
43357
165374
55603
184966
209312
22141
110898
245371
122506
130069
62119
112340
203837
159689
77336
11665
248041
30312
161799
145505
133516
235021
144099
46466
14684
244442
133955
158481
62735
91163
105847
43298
229856
97481
236828
84573
242923
10838
150507
100348
73350
57002
86143
109643
240642
9382
188148
27905
85945
58863
157780
246857
2074
21523
129700
207137
183993
232252
45547
76193
13965
38833
41271
89676
196714
179171
77326
91602
230958
113819
105178
88780
125844
231736
185112
31875
115629
142016
172302
21900
17979
208006
194708
3707
156329
188486
137883
202271
14786
8460
247632
73370
249706
224779
185004
83204
120993
79740
210167
60801
181434
172309
233190
163701
103120
49810
152198
52720
51836
45071
82802
34497
6522
187969
82152
56820
203410
241031
106275
182666
223933
210493
217576
122063
158722
18938
75002
201649
80671
46806
120813
134418
163431
138385
152293
134723
3807
238997
110463
222209
51200
51634
12417
116432
10398
196239
226303
204100
172564
71970
102919
59472
94489
37631
195460
207127
248307
195500
211131
33913
22875
223714
243717
129254
208212
6139
180212
219568
129266
225085
84434
141763
100366
168426
79021
148696
141132
45187
149064
122599
202158
140939
69886
147401
104014
95735
10879
93848
160230
77870
12159
47013
171150
210618
181695
225907
91673
173007
153208
139940
18370
30882
211077
110652
81178
182048
245925
22451
13319
161431
84199
140485
50084
192707
48606
19110
232349
217043
35099
71010
77621
73686
226582
33778
223312
161829
158131
2113
77663
32271
179190
83842
41621
248894
213791
233306
146098
210991
112852
15734
90595
187062
104272
99015
88886
229064
199851
102276
98439
221590
106101
84685
166627
149761
73657
228678
249725
20241
101977
204979
41341
127572
90074
148896
43371
219688
104304
24182
176349
243551
196453
69641
211666
146067
126382
76332
199182
129456
226615
215203
111220
35571
237297
230849
174615
235463
25948
149614
56404
241257
28005
230713
87450
152933
236960
129208
222028
89479
11697
129550
95458
22271
180274
96760
76078
238255
221381
190964
99
112617
32090
114487
72219
195198
248198
248889
92724
36166
113933
211197
138759
40782
214851
128245
45841
204403
85129
135719
187657
84365
180523
163272
33861
15092
134936
192861
138433
35403
24764
193468
111135
191131
17166
212139
17036
223817
130732
107317
5028
108249
233541
230153
89058
49032
96545
229957
232262
228854
164652
94408
234188
139125
13449
3451
227439
84300
63972
10920
175364
196748
122074
222503
78950
109942
170530
123004
204923
29307
77172
75278
91458
98297
184625
12489
223942
238407
94119
33277
94031
41290
98418
67303
72492
236085
188975
121906
26587
103416
64040
191080
556
18987
188272
78545
142123
25270
227561
32038
180146
52603
171698
243922
135856
45406
186929
142067
124085
151922
170432
143612
93119
114788
229497
215657
23697
146214
174961
67700
206300
207883
159016
207163
148360
234256
150257
234187
178809
204379
165804
137148
110463
86748
159419
193663
118635
191323
2592
204459
28299
62643
102156
38659
221639
187162
136357
246938
147591
140593
195359
194037
212941
42216
86770
88515
120514
219042
190699
13492
53672
16203
37870
186898
246173
90011
229990
192109
114600
18811
194470
75119
237455
160207
101070
157277
249998
240954
153842
186101
102833
110143
60086
239049
43738
131517
77957
51057
153390
59144
92637
192536
22380
7265
63808
170550
149448
165031
60147
103376
150756
193604
234309
60235
123289
198058
117851
197397
240320
56114
45904
49249
38284
203919
239761
175393
94791
85164
168194
56871
221961
152531
126186
205241
187136
200564
864
55914
237835
45205
190899
145205
178876
42685
106413
39222
209094
162907
22534
10612
176752
174711
143832
34477
135465
114038
144735
242421
114464
160891
84647
227921
136313
162172
35639
90065
220990
52100
110894
76165
200805
210440
26223
48887
232950
33457
179852
231712
129960
245990
53503
175901
36260
163625
150518
55632
213509
58966
248224
10923
105365
59057
168099
81735
62715
13905
175010
121260
219031
25580
19901
190342
156085
217003
177810
113352
84427
28070
194434
158654
62456
45123
16488
224348
198553
94362
192863
75996
57598
92852
57753
189583
103981
160845
78331
177177
245579
16963
247301
51611
140296
226903
26136
228959
162964
151913
103361
44840
196061
125918
122222
99090
52637
47308
125232
99463
59212
164424
78557
55165
31064
178631
43908
21290
148071
36058
249200
78385
167589
177052
165283
17880
218503
95694
68763
182848
145317
47224
14113
188752
46903
19062
171139
22551
35954
120334
15127
232665
166397
209
42460
202764
221591
215328
156638
245657
29092
154935
235221
170269
195281
109223
40747
140709
160296
51327
144535
48183
223460
234416
60553
225233
65431
70871
34135
77722
209329
179754
5278
3222
106953
226566
146443
68560
225944
98195
29743
109379
229842
225998
166437
148857
166373
11455
201277
133791
199159
189684
36877
28002
148022
22949
151973
11030
182235
168241
1242
176931
141572
59060
156807
194388
29310
44973
176520
69152
79450
8877
90294
59010
212075
173892
102521
197620
85044
30954
162163
147785
184652
213348
177348
99542
42266
191725
173821
184738
90733
225491
42388
184830
154933
55673
156796
113955
75917
172147
14843
238646
79720
101714
86770
175879
201891
105483
10141
111540
104368
34330
135656
113012
147654
232601
85301
11917
163242
196137
95079
142252
55302
197077
111324
51702
8676
125014
166986
115935
195667
154671
78991
58079
116429
125049
165225
82336
153290
234100
40740
58054
8011
248362
74074
111845
150268
79623
154719
127201
192190
84943
202417
41791
160686
13102
119496
82970
98406
88295
217804
103741
65102
90453
127678
199857
69546
207012
23780
187128
109657
47957
238461
132382
245969
159534
174901
155892
44437
190565
221521
162614
241113
118167
213386
189110
220605
221178
15048
8914
77094
149568
159014
52723
229887
190718
4442
201219
151843
128287
196262
192224
25408
84429
118512
34905
71902
67388
130161
204901
37347
176697
246739
243269
145695
204575
19213
101292
116805
192496
207883
50025
219961
207137
204175
207384
27868
220942
244248
30953
20159
182126
133934
127983
101534
146238
229065
157972
72193
207564
201733
52582
26341
75831
239755
52183
74429
91102
177239
218901
205891
138507
58456
174680
205165
79580
177050
3892
34111
135051
101886
22077
213013
179158
75372
183331
209552
111241
182999
212432
218462
83301
132642
28312
218146
36150
56170
60361
212210
242526
142123
53496
160638
84024
83771
10874
57016
213792
14487
10780
34324
190906
108661
47840
121302
183936
63591
291
196986
129869
48616
5625
118181
233481
68515
236067
208058
212622
206088
11363
103636
247824
136424
163335
208379
53368
192975
3328
165187
89888
65028
97350
194734
129360
203673
109007
196787
148749
236368
148532
174787
76982
231136
218008
161151
208337
42935
127754
189588
237233
218851
216715
148304
218817
218764
46667
51542
181372
15765
44572
55196
225669
207308
135824
55192
41753
150834
187664
176054
218600
37084
113985
37152
154674
201496
246190
48299
26795
88262
32163
51012
70512
86483
10237
212017
136809
130898
69072
25700
248981
247753
111150
84354
212426
26712
163026
160501
55461
17335
47980
77977
9748
77806
144574
95565
139249
181075
27459
3922
152972
183030
145496
230749
137337
59337
223005
131722
205082
226231
121435
189261
25698
132466
153395
22797
76894
146815
15539
202060
243911
152677
38830
79693
21390
125055
225814
243977
131734
6904
208004
125799
181007
156275
2312
29800
207490
218108
132256
84230
123590
925
224508
228983
173578
43390
87080
243924
92220
79141
71127
206345
10646
94220
35452
9003
162732
223528
70521
109835
84875
191532
154985
204399
146127
74096
56919
57490
212552
218930
88104
72895
213159
147113
125257
24607
235186
122594
153395
56917
162650
9506
115044
98952
15090
78426
29026
29128
74256
92838
152560
30885
171194
222800
233017
213079
18324
39348
145972
128690
125793
143252
18505
102422
57619
180383
220162
123044
241170
73816
249671
227408
16892
170112
206532
231772
234
92068
124482
67622
208541
76874
248723
334
67494
211354
138631
247366
90060
96534
117682
139031
226892
248229
204898
151334
21807
95150
190996
169051
3435
55179
90496
21501
167771
225664
4665
137594
237006
216671
127121
122163
204356
211329
11826
13822
238317
229267
34196
50507
224747
141090
220715
174207
145480
106284
145228
166453
143707
115157
34768
1973
209587
183271
40955
194386
128370
81649
107317
227002
185153
230661
146636
246950
83639
193155
148760
216139
99544
169263
178520
8795
200267
181273
235075
238302
34531
3091
178327
76409
5850
81555
78145
139131
215707
232193
59425
77959
118320
217800
229757
17226
98321
90793
50915
200977
205892
106600
102734
194562
167780
248594
14028
175234
119296
189462
64566
207945
234868
66850
89338
110602
160843
160376
177466
221215
227848
156535
150633
196083
77965
242482
20424
167693
197761
26599
63009
220460
85828
73940
188256
110467
212582
124704
1692
130409
96286
16527
90101
36297
243078
101719
168298
138441
139558
162965
84285
125781
34679
168898
210900
197486
207276
35427
232782
8296
164418
201167
72714
244653
162149
118742
20077
117378
203589
62989
138006
22160
23269
143496
226201
188615
141570
25372
180986
23093
71479
214851
186926
196722
157775
4038
56491
18606
115244
143954
179480
147878
37188
141950
152585
71058
187241
139192
17964
10103
114898
89923
245149
115776
247172
155367
64989
181991
110763
118433
25421
169962
118358
222088
63989
209575
202624
231463
225424
224555
248357
166037
45000
76927
85113
238645
191932
182345
59219
119052
55903
106987
5949
180498
189325
79691
184370
87861
217054
136588
26917
142385
93191
235410
106920
241640
245186
199665
38627
149308
196471
59007
228915
174238
11377
167754
26228
152635
173185
203573
171646
28299
238292
43020
89915
142429
150427
189621
135001
61154
4665
146163
48849
47692
173648
43234
82868
210851
232366
126955
184570
15902
107175
73420
157707
182821
140517
38775
37342
238544
217763
104594
171682
41753
134657
249283
159675
65221
236146
191904
170999
111729
143350
147121
24300
193891
773
82796
248722
51030
64463
72076
232811
119640
19213
106229
66490
34299
217770
12560
90970
177192
186100
206124
56930
3938
106027
128599
158820
192677
109746
165575
139719
45045
74068
66902
196141
190279
162721
56272
159060
209039
174587
145478
19650
92088
64562
191433
18672
124461
69148
75085
147245
121447
223405
153737
146074
232753
96532
246726
231614
184616
176833
152597
139533
67793
87580
208871
244349
154064
46215
7291
246942
248323
92645
82465
152087
188396
222199
195188
68979
119071
27358
218556
204191
247078
155912
140837
220805
130002
177600
109840
69371
221252
58976
218588
86153
186845
60380
38599
231656
18323
27863
233610
94780
116107
189384
202305
231246
248938
115144
39703
143147
155692
127814
190940
249561
171370
12925
110992
56244
127822
133121
209134
51084
40693
85424
189288
188676
27626
48765
213645
2138
134995
211128
222146
156172
82524
154710
222563
223837
218136
48752
222271
110372
35006
192765
19154
36620
143820
202794
178493
176547
120117
24611
42896
155492
234575
22973
13668
136587
123944
33754
50709
4142
91618
45951
26935
80621
165239
181331
4212
192355
11646
131437
244442
144758
209756
172729
124093
56559
130521
120750
9868
188904
239593
74522
40316
156126
79143
55209
61929
210078
152195
186589
191709
170152
135699
116352
23883
78876
74613
163395
38854
244770
124733
226086
54867
142380
92545
236842
52083
206946
56848
123951
16688
107200
70521
210189
87399
226903
101336
222397
116136
199449
219066
237723
58111
29096
183553
206309
105024
180347
219915
3256
159348
132284
125458
201245
63663
167381
48182
82401
64202
135523
131207
209596
112600
151947
104052
161782
223793
137828
216943
213855
249921
224271
227718
118911
247199
209081
65993
145037
33774
175804
227884
176167
165280
49169
6337
221792
123989
22168
197791
58881
11858
182052
203983
181498
117772
114693
248084
175495
243579
138733
204937
202513
20417
139508
88008
202537
28269
28641
140292
12072
245078
193110
91846
167069
97072
9890
2048
106666
235411
35296
187180
158061
23624
134153
248524
4471
102525
85678
205876
39199
187679
84334
114331
53213
147055
33580
73028
129303
22911
78552
183160
129989
60588
141587
57303
24747
162701
17929
132932
148061
177877
198924
224437
66388
120810
58868
248626
121259
43732
79635
126320
67555
234366
156385
218399
46749
24517
171653
169327
132903
158577
10162
46609
194990
144032
199014
220235
246898
165335
94867
125623
83590
142594
161106
184854
107971
43869
109497
188973
62871
57726
193779
72742
215988
230348
39486
165812
234482
185897
30039
186532
189485
182085
176289
111238
36618
105260
184270
133980
183564
212678
104433
194824
202210
54676
6795
249432
4091
190252
1852
196668
163012
53810
233678
219565
202301
108342
130607
243649
22591
215879
192190
192961
120054
94231
241620
162254
156485
200185
77610
218652
154734
221355
140140
107779
215697
91154
39922
224329
106178
215880
186388
39625
33168
25931
168060
5592
244142
177691
129578
148925
231763
20796
117345
49359
194946
172369
241005
35494
78554
193690
54992
150239
232479
97848
32963
130377
220322
76034
19343
9828
20040
123596
76133
167935
35536
132191
52437
89848
163362
230810
181834
120680
227340
114876
150137
49980
130427
48201
207556
47598
210734
77163
158381
80179
101062
179539
159525
137532
119794
70576
214450
145009
167714
15462
21823
206318
9183
85258
38886
170327
40579
237861
111000
29841
62599
228682
156015
15235
143617
115277
227481
40154
101514
4486
225844
100503
108788
246917
239491
47349
152871
125516
186704
42847
247251
105422
160644
6940
30545
162466
14244
7982
43654
17321
80723
204149
11705
134663
194507
193325
144765
99537
50750
181790
168320
113135
224789
170921
48114
241310
108004
25265
154535
236809
239322
132049
130948
227077
245647
193608
236186
89323
69127
244751
199685
113238
197183
219416
22081
215909
97745
190823
241461
37955
93679
100943
162312
145385
197924
172242
51834
105999
247913
227980
100434
3555
110884
44428
224306
94974
59920
213017
44626
229740
54950
84778
216621
82370
156007
28374
11477
14204
66684
214683
88462
138547
106090
27147
184752
138232
241534
214605
242371
65818
46980
137549
69252
42297
115740
32058
221391
190384
221747
230838
214043
124949
100907
53241
236411
154188
183292
151720
40376
152499
69550
64213
227834
192968
99904
10641
40807
107755
229908
228054
116143
100140
179197
210032
182000
177111
193961
150370
46345
59113
51768
131303
85400
108406
21619
13999
230288
103659
233728
229396
131166
24168
106161
208548
41339
57027
179931
85484
95105
123272
23038
110672
73276
67720
163320
161132
43862
116715
41641
173302
198021
82921
131158
154928
227623
41661
176345
171306
230320
249103
155581
163744
211060
107060
7573
160531
89084
129542
193320
100584
53409
212821
25716
216501
233284
208852
162735
119008
21
65201
114174
202800
39359
31638
242250
59381
127088
164436
249308
182503
70325
243305
217513
193925
211619
30936
5521
133331
39558
83617
243848
206280
93144
138509
34213
247546
117357
183736
86176
160616
139946
115319
61056
245238
119900
71470
169204
152304
33959
199202
134087
144620
116700
143781
94555
41075
97608
205936
24783
109196
233240
242917
47710
249885
87944
92893
231446
219284
96630
91227
141519
145403
233874
197665
13989
227119
223683
243969
233073
208698
168426
48103
143587
223944
202302
127971
132597
170355
66551
199261
15064
226278
105553
172319
136
106411
76810
34741
177788
209872
161304
128173
91230
99214
40041
234225
237494
108839
150924
54795
132707
231562
50131
110564
169205
145325
27013
149905
45867
111357
91151
209085
108819
23216
177731
27193
239684
183536
129272
124607
30066
163505
4327
152929
216736
67972
98937
225954
116341
151024
34052
35835
107051
89520
73732
231487
56717
60399
185765
183283
77386
107670
218582
212498
131067
33724
93534
63237
37133
167656
231134
9788
132904
74209
66483
72909
103817
116032
62318
43854
79621
199821
137963
196461
109578
238089
103586
118988
224644
45379
32649
244943
242342
218653
110390
108897
158979
85126
244900
155399
209240
222578
67858
49232
121516
170140
193814
150726
27261
183560
247990
198217
141609
88135
211401
88104
69316
181220
222177
76639
99267
63301
167044
6702
5693
102934
247339
4040
148648
54571
75393
163609
136024
45415
105033
144241
215227
179768
7842
126463
144964
173471
207311
161069
6214
82070
155420
89419
184679
138454
248251
98214
200498
218087
44331
96859
203310
108204
219727
69966
118891
35730
52220
63154
35113
91351
127036
174648
190045
65006
160197
21063
95424
23407
132178
104026
90260
124578
59059
146212
14042
208959
62566
213176
162353
94040
89223
236714
105833
78873
143999
35865
235469
49569
245229
152249
15480
116123
147977
227637
213488
195509
11522
140375
128396
23828
86393
241533
92907
236340
48935
19230
36167
3098
181403
136477
220409
139066
31495
119754
204721
44546
78628
57671
11382
100833
189500
199921
198950
238454
222765
35289
188775
104520
194409
195902
182492
144017
69632
92132
63164
136284
143799
53740
41342
220004
195092
54742
140621
162605
26890
238051
230778
182360
131863
90773
208288
151754
112434
16220
141954
12299
12102
185217
214520
204042
185642
48615
81146
63812
35724
79284
95828
61803
138460
199072
192925
105454
52909
238850
49051
183928
154057
148338
226537
129811
38339
193244
99482
51170
117694
156852
235784
229044
214405
20347
3629
241694
221780
96082
11975
73587
79042
211790
13853
53610
65699
72390
134622
206710
35192
241156
58942
207293
58427
80560
45290
198654
136837
189118
223216
244146
129175
177188
236258
5527
69592
205448
43629
74134
67830
29397
22161
39250
116750
65011
203371
168339
22264
228641
223616
152211
9591
145694
247819
68013
187309
57755
182748
163960
149636
242947
19538
146717
30527
65496
137526
26309
59594
66139
240849
155732
234702
46216
141534
119694
170182
176737
211990
215220
229457
64410
162640
160501
73017
119814
80202
228036
148801
174963
30965
8345
240610
78441
34776
60820
119095
38939
115861
214109
5368
184397
46239
36929
45458
243939
3971
220418
233427
175253
211561
109426
247784
66244
46468
140174
1729
82560
1010
31422
111635
213239
149628
53642
10745
223298
127968
170667
176207
156641
90332
180692
579
113287
88068
29145
206105
216714
17246
215158
131877
6181
21593
23122
60187
222487
45761
157967
16312
15198
191825
84348
155579
211551
317
224651
2029
6376
46533
26084
49564
152406
145680
1528
192425
136928
203271
221411
26901
85195
153825
45626
158482
136872
188849
243326
226136
221456
55265
82207
69396
109104
230317
60016
11525
62085
144322
34681
237977
126458
50007
136997
202833
214918
62034
27906
150970
77976
75920
208141
171703
140778
129334
192896
61340
174530
38341
12169
150298
43668
38157
165405
43532
248967
99178
33733
14303
123282
25613
138691
175839
1588
239398
203061
180203
248205
190029
73204
93378
89737
67952
131723
131003
137592
221088
81381
7617
53421
165930
195729
84827
10938
113681
96267
153973
6595
138417
227170
49432
10287
59874
216185
159934
51370
176596
179528
149006
54723
146380
214714
224074
38683
221300
73037
128639
157920
243991
54745
212777
70866
247454
213596
53137
48540
155991
137144
70924
163472
79723
28656
85734
66356
141370
232983
89692
152511
41002
148954
19514
103692
130820
224926
46731
60420
48022
51478
22985
99430
58577
183197
97799
68838
97981
150637
153026
211408
22984
243331
114045
22440
52569
192083
220758
203156
3824
61664
62738
706
160279
186316
25892
76444
186400
211988
80973
225394
162892
148206
100776
17944
77569
20539
195451
54823
173317
205614
231071
3155
49700
213995
121873
174644
52296
64979
16559
121967
19428
119745
98950
118873
183255
108365
201476
23749
51762
247953
14195
163244
64159
95015
39433
218970
85917
200861
110742
181221
244724
23398
205674
8657
118218
212420
248890
66309
74993
18405
241645
218642
209492
104943
9581
129762
217330
97810
207174
66471
186633
74458
174602
229771
153653
112374
182731
133514
172222
220954
61585
113090
233075
193882
156374
120038
103825
125968
28156
233004
80489
59730
110001
162997
159714
247025
66248
192820
247879
213514
7914
142220
235273
239239
11373
171378
102836
21984
240269
106806
78156
130787
116434
18150
74639
77103
77496
27379
193527
25650
60952
66775
58577
91600
186721
209276
36395
1659
11400
148755
210912
157882
126212
156227
74650
119078
35232
92000
23218
196765
217311
131591
224657
222184
222815
66304
106782
62767
55953
26501
131927
190625
120383
26078
121235
120153
231785
21694
207987
234812
7671
46928
206237
150694
93318
69482
48829
243317
191358
58058
143238
131622
23214
76622
213321
167035
87818
234897
17313
197026
140652
124920
3404
32774
172759
218527
121768
91544
28038
92471
13473
236206
118127
24829
70597
180039
146967
34127
45598
58764
196507
223551
152169
151821
229044
73067
196957
64882
152633
111319
135460
145206
152998
29986
132676
114555
171721
121713
212153
26846
205763
165402
137691
26640
148652
85706
166950
66242
221526
233984
68094
95100
183825
7440
160835
248795
33269
200783
74953
57018
162736
11798
108331
20507
233675
137004
63885
180753
39163
193671
239059
58794
140770
122872
65471
98403
184319
209639
148544
156947
6320
166778
2723
177416
150245
233570
166497
121620
85018
82907
12990
94288
230101
179388
192840
122369
182551
182188
37678
12479
27535
226340
170280
100233
39882
15919
141784
129009
124409
147833
145162
74799
70652
31814
205785
4526
39636
220397
235903
3520
241189
168708
111295
180976
41119
54406
226272
145166
11738
84075
170450
128655
241035
171980
17365
152003
153967
77901
145713
147434
14598
42415
76579
97012
126860
185330
121229
7648
118868
79076
215268
197936
210616
226891
188328
103837
176047
175935
23723
166351
99799
237117
193192
75083
181700
53924
187489
104617
208034
77472
153268
57918
119603
50700
12105
115205
215127
166348
147431
7254
230842
96367
203616
127360
10717
116321
200997
90268
245970
73399
166777
248647
19407
116802
10235
81332
243055
159657
139352
32624
3930
95295
34877
86893
120837
208143
65412
35183
184675
7173
67224
161015
239523
169639
99194
224037
51092
73964
148687
108962
175692
173082
43506
90413
168232
116432
21011
163858
129260
11167
69965
159592
90207
40487
34987
24535
244547
149040
89035
111746
145418
11015
54983
236281
36064
84233
65820
146525
177787
47733
108199
18441
10797
201866
146237
166715
38181
106299
56418
21537
102026
180955
186100
138369
185518
52455
132470
134678
217165
10501
192028
215921
23975
22045
31990
5688
218973
28972
85470
227058
202426
158968
119473
66264
17656
54272
103720
226519
108396
30291
8232
181123
18923
69672
118442
224708
107918
76701
85381
12133
114300
186135
75046
126438
243433
246781
172376
228518
218339
90470
220761
115948
99714
178169
146299
79815
18298
67045
39494
191421
96349
54718
37259
89652
222818
65503
5184
195851
30262
67409
90807
243132
222471
247340
46730
89190
100045
106875
194142
170299
229371
160637
162616
13678
710
185352
200621
204039
32953
83512
158992
65688
90875
181372
38225
211591
38609
157915
194300
128427
216626
142614
4065
102096
120219
177990
164668
88948
152336
101145
161186
44929
132212
41184
66603
150506
98750
134760
171321
30463
236225
136186
152106
72681
115684
246731
200956
191823
146774
167764
22737
104205
2687
173073
129477
153273
69227
193696
157083
16402
78692
33152
96292
97293
194989
178305
26705
147321
157135
223082
146194
80802
158896
211121
177027
85954
43507
143595
169961
110284
81791
195661
199560
19883
7107
25869
136464
245812
211113
5660
110835
165605
114998
249340
102575
228469
203602
213327
156999
99879
57586
144730
99050
47981
90433
41071
147811
98594
238351
311
41463
137728
209172
213862
155755
182531
24924
36221
18328
5972
41117
128764
26756
226741
234070
149015
120603
234354
86884
58297
19190
234463
124851
43301
190419
125367
33173
195967
225072
33293
236393
217151
108124
203880
18054
186790
63313
170007
3085
5692
172522
171545
208705
6380
109112
2570
75087
132587
173752
121140
101112
148237
152126
48959
30068
185035
47921
116829
243603
107587
173629
173924
245360
126921
50587
66720
144411
85827
134609
233720
145759
18540
223882
128634
85615
181449
132217
158743
707
58396
46194
122028
240160
222979
131300
122595
238278
197893
75701
219172
54354
203835
125172
137323
127116
67464
3267
172167
74198
149752
144920
102268
152218
196053
39932
238975
35743
36057
1333
147378
18486
183829
203727
40574
140819
225785
20175
162340
183006
136012
59094
113703
114975
75979
41148
21059
10295
246347
119675
208596
193499
74556
175675
108791
158198
97959
15491
23854
151954
69879
72915
216548
206
89354
181907
99672
230850
84630
3090
181674
139662
121415
25615
28302
33652
240840
145298
157879
82905
107870
109017
157913
99079
114562
16498
231693
83125
21897
95273
99828
95918
112689
87093
245805
61575
160755
214661
213870
38184
216816
91389
228255
141270
149626
198659
176956
231910
21182
26739
207265
227868
180794
33350
16799
100614
186662
239479
212969
218320
245959
137589
94757
131714
139825
190156
28127
242065
179637
222181
185335
231485
58582
106531
241669
143916
53839
14842
99232
209658
208838
171338
70751
4674
78182
206149
133962
94401
69883
181599
186228
72966
74017
183732
39871
158093
46053
13427
47991
100457
209826
156496
62174
32779
203225
172981
64917
168921
198149
200560
161668
52247
147151
20404
32689
106401
110059
94305
63664
197511
120510
199475
42753
228222
186053
41614
192846
248243
79110
229629
118575
109118
89498
225813
225623
99289
234364
155825
170371
14732
159028
214309
187016
36100
142861
196941
59780
205102
172284
238216
239427
175252
13141
30986
157067
159317
203270
249181
169482
31308
10987
30256
148328
92323
148242
140094
97213
91888
38112
129531
221544
123751
157055
185039
231588
164782
114510
6177
129949
124453
2409
198795
17058
36096
211275
45655
229014
210186
248787
179362
59100
11357
183168
90523
115201
38292
241505
242881
172690
194174
54245
23072
69128
225236
165956
171703
33029
161790
84718
61648
141735
138871
191455
208803
125905
102456
189266
116344
112275
13459
113819
123609
48385
118096
118991
184649
17848
174938
44313
84079
165850
133811
63524
150563
236719
121800
210698
219107
191578
164703
20809
45133
143197
101654
17066
58919
116822
55350
169135
3906
175104
209549
147353
187830
88380
9336
185837
201590
94666
153771
243356
93736
162358
159116
247826
124016
76768
174634
233293
141557
70621
96572
39505
205879
147963
163719
174014
87452
181559
78302
34823
10494
124854
163515
38675
95140
219825
144304
170272
235205
36821
123371
178438
249695
103189
211848
215050
218570
241723
10510
240749
143307
160182
79846
62371
194559
49840
106259
72299
126764
117233
202445
218509
152351
223983
164302
25360
58983
238945
109828
210147
194971
106349
136905
137624
223548
127758
28081
39418
119812
228748
43452
7807
241434
125535
128217
136352
78041
38174
69353
140162
161701
168536
193755
30361
116885
197520
231021
96902
89539
90147
160201
54467
169412
207374
161933
118051
46176
3441
178363
202268
20071
67043
100121
59248
65769
36858
137172
96969
84191
97745
132484
2304
17886
214718
145260
128928
107282
27412
132586
68461
127540
248865
10767
74653
242043
203902
183469
176989
4526
105759
102661
221842
206514
201927
76655
130301
111006
111952
109672
87559
156970
16325
16628
164090
41488
47554
90196
180564
217467
118925
124455
47755
135893
48066
39211
160714
198838
211133
4630
179644
30235
177230
42963
13658
239641
56165
140683
32990
36354
115711
52610
218936
94860
117268
194426
51521
136284
91186
97996
95424
45345
199229
228427
19827
149368
160311
38677
233405
226862
18423
200636
46911
5489
44738
98779
76456
70599
103803
166829
100764
13520
162893
165426
32952
119271
218203
209520
108303
90781
226289
156460
219739
40556
211886
102446
66291
155048
136096
53328
48712
112145
18436
102421
201471
22069
247488
16397
28633
105221
53955
16879
128890
92912
81962
46947
201872
73285
56998
73083
162053
38411
77117
53027
112280
36532
97919
100470
61741
154560
229586
201025
13231
124936
72836
171137
244545
136405
185791
90712
245444
143124
214216
218003
162050
120801
219842
157327
242720
50867
238680
9054
228930
46350
208975
161406
33485
247099
148372
237519
70001
62131
170652
73101
159130
92399
19037
215195
8762
65654
109234
6870
12128
57199
139954
171065
79773
167812
81208
179629
46073
208694
7471
172795
44393
123253
145215
174480
130269
71929
188369
214429
175458
239608
72571
31410
86608
147119
148020
150394
210135
62207
224722
77709
153090
233438
193888
26009
194116
1198
4431
180007
126849
72843
21603
234758
67820
7734
163342
3934
126271
43883
166342
140725
183304
42618
82539
188759
94644
204966
231142
174897
172653
18516
48104
8503
166235
58621
165356
171068
207827
196803
44378
95300
117360
29696
132283
233381
95044
225696
25141
158467
69261
159402
236147
21148
220972
38551
102564
77169
99093
118096
17331
115309
171086
199976
184948
104685
162351
39565
136219
40122
165470
73663
53333
49388
167921
118619
67205
59688
96002
156462
13145
30883
45854
9369
198192
142887
29822
78098
141607
150731
45350
157710
6186
16446
247698
193804
35856
30272
218138
18773
20338
242852
52875
143893
113755
76925
174739
193995
210741
138351
5605
85144
150665
44986
150970
188293
135830
243884
174654
83932
146495
229491
53726
149150
26497
102831
72008
60986
60833
93614
101815
75358
151956
108843
233892
45781
96748
70161
231038
126596
230263
81983
165684
191597
37160
155354
235189
110618
14868
160376
27818
16840
178234
212495
83243
133722
213826
28284
221109
52865
54422
7378
39858
20297
86725
25280
96332
7090
120887
240639
40456
193379
66603
57327
3059
219524
143870
178723
119392
192803
65041
71898
246517
179789
152004
212313
39605
41585
236886
71303
240269
68370
74647
245406
65498
223949
83028
69189
46857
91917
219311
31658
46228
241596
149701
188254
217857
246350
102334
244060
127049
232286
11141
58639
92264
235602
58998
68837
161400
176450
219387
35360
242805
137261
84004
1396
219701
47958
30228
141966
198913
148154
83807
85738
146236
55191
184317
19995
147813
233813
179734
136050
7882
33219
218391
118462
146071
225388
18863
182004
103311
233512
30123
4113
18190
108709
46671
172570
145646
235736
191187
166097
69933
191139
72816
53504
197385
8301
103546
68417
152659
70342
232753
52220
82788
89694
78778
135286
145455
61312
98339
50889
101001
147412
147399
204060
23213
206580
57948
154705
9042
69358
83610
243252
130057
42498
202042
65264
128031
237178
148410
34989
160799
207871
42524
206581
21682
178651
19389
203111
74090
100954
231449
66501
231681
48331
247884
96872
191725
213493
218183
87049
110926
142910
235570
177646
66370
184890
228313
171644
178998
114201
132027
102667
190191
71517
111132
173994
238902
235825
166239
87025
160512
231616
216136
34374
42703
52476
241629
131522
185283
241993
161421
184697
24665
67221
187126
154746
66376
64825
11356
173925
192880
6319
25885
248561
183001
17086
238948
75663
206119
86191
191730
6670
185623
158057
65733
56144
205473
194923
216978
119502
2883
87955
245778
222175
242829
17308
47169
225909
106046
98363
198921
97856
246320
182309
225726
231249
49549
218607
228665
109284
96612
107423
63831
194381
190087
14216
130933
177175
82908
139224
32070
210368
138726
4257
79964
242005
85050
127725
225163
193318
216180
5587
85760
99193
17901
237287
172730
44349
103841
225759
57804
5487
30513
167533
204015
146028
41848
243672
83691
218886
213810
74937
222258
61132
36408
10941
138530
58911
84092
94373
186227
245047
218828
17557
202896
101190
237836
100742
18270
38774
176392
48720
99702
16294
82311
52164
141661
249590
135726
105209
47049
31115
236095
66520
20094
225521
194936
24847
143165
7330
20303
10942
173298
217071
15662
150444
30018
31111
218910
77603
214734
240517
170311
160713
17806
160604
112251
27439
87933
231362
206659
175806
222203
71146
115756
36844
190641
133261
164765
210924
35634
32977
107518
9708
167559
15239
38712
29747
1020
94833
101295
126903
71385
234007
191400
26514
98422
92745
158938
165345
209832
67625
227849
245739
6401
34308
178786
174946
106813
4461
17808
130792
57668
8427
236599
148627
246563
53308
41424
76313
12286
110394
9749
170269
222436
188364
237056
226194
220193
175964
22909
28494
103687
111411
87256
67265
161794
88904
2985
11903
52591
18715
56433
117338
196018
9029
23624
44084
30647
102912
4548
187393
249588
122748
113957
15738
14457
93757
173449
172919
96235
50694
158706
208121
36579
169776
183575
150731
236451
201136
130854
197634
201322
201612
124807
164572
214579
165170
240662
11734
67561
40763
223569
82612
101257
110013
88063
109468
138979
220599
117631
22135
60551
5631
25703
197735
90775
146565
120818
66633
236634
233492
90
75045
101077
205480
24848
58109
226998
247998
245093
212036
116254
3617
183981
56588
157430
126114
167837
228763
178437
169069
175272
203900
173156
117029
11204
57530
58615
59247
171517
108700
151026
27193
226394
217335
14956
123414
30458
28804
208650
242396
212292
55092
138305
169831
172894
54711
66446
142917
197554
95927
71031
232372
166843
167297
141044
78213
185310
101723
189184
22480
245557
123069
18521
143924
85580
227132
119845
202244
198653
9891
34997
135496
230139
158152
226450
208866
123253
24000
9378
66311
94519
225669
4698
59762
12444
156943
225075
123425
36218
38113
151041
183625
45316
230880
94156
135489
63271
188022
180386
191223
48396
207171
136268
18565
211699
85034
206539
54220
43961
54726
64546
108424
727
185372
48100
97747
164021
198587
38552
153197
104699
126911
146988
80330
135355
247090
25615
71072
231304
208698
219039
34744
82774
143115
134493
151695
164543
225348
137616
198726
52410
215427
155535
133945
69712
161582
99420
143309
51613
180570
8099
189669
16157
191550
7835
228658
159926
121869
125017
143242
54560
237506
72431
31799
91328
68903
112006
56167
164095
19925
163795
221955
67493
227633
73624
229761
117922
94613
51284
184139
92128
183574
60746
58854
209007
105183
58530
118632
56903
240550
235470
205897
187728
93814
77026
233914
114623
184294
241202
181069
242508
96153
50217
120607
240516
168016
126970
131953
202227
204516
31776
12740
106028
45273
101101
124119
170533
125967
88486
133114
246448
5831
48647
164446
238318
38526
196805
217722
55157
202739
86064
127467
205067
241669
39899
242744
125578
188628
187044
116567
185939
238469
25476
190386
119171
25464
230483
53967
2481
243707
87695
232580
11738
181369
129512
29360
103380
198763
210937
83734
114993
48374
247889
227634
48956
19015
71511
63088
11704
249673
238601
153113
206179
100497
104283
120090
191540
32500
54958
65850
33260
140512
24633
176183
2669
104329
156026
33575
4589
203375
136029
29989
221793
194899
87170
42554
152227
200814
205723
171751
139213
194421
88057
57562
243224
45882
90342
56698
42291
41001
141313
157162
192770
174524
91756
111950
21282
165530
20542
81880
217971
222936
215805
30906
129954
80261
113446
226140
153645
186362
241667
41773
34222
97816
170318
1124
98960
52466
104687
5064
140302
82135
118676
211320
218976
248956
39838
247421
162346
56566
184792
151349
153507
243076
187111
248276
230293
57950
33839
43727
143693
182473
233086
78209
86478
79082
110724
225147
218019
92418
247492
96203
197666
22374
8745
174912
156096
245415
209757
84213
15711
209312
216908
138278
87097
244220
20627
104034
223816
198439
27800
140366
153199
128847
122517
216122
186659
139863
144241
157568
144456
68911
131021
222001
209630
182692
36467
116354
46298
102765
27752
10882
105755
176914
85753
212132
139435
81372
209949
196520
138234
140439
183947
185929
57404
207699
7066
10491
156458
110118
212173
3667
180534
243750
79909
19196
88650
7256
182111
153238
185071
87648
235716
108498
61622
241051
63673
132909
219249
202689
151277
61949
58240
109941
37831
241043
46429
211034
11389
238321
16103
108522
8819
165651
6808
29069
135254
117268
26499
84225
120893
84640
76821
233147
161715
77842
43982
118991
165918
152290
115559
151672
228234
170950
242084
220190
164084
96258
120503
31789
53205
108640
92077
7942
127090
189735
242663
161701
237272
57626
9788
209518
227533
220756
43089
139557
90029
226599
68024
9472
226763
194597
238100
125591
230687
238983
59803
148204
139647
151876
100173
190446
1685
151428
85990
213761
212089
103912
26877
179469
221014
108546
80854
216953
132042
28507
17571
110325
15948
152396
18488
90984
234959
109190
212912
137802
139769
70490
85445
148215
109020
2614
77247
165019
118812
235342
156551
104160
63274
103730
201027
25343
119969
68903
191850
60293
176433
249198
76620
233742
172929
94599
121538
106399
70954
22932
136781
72118
247412
204408
88638
220557
167956
172265
17855
151196
181496
248303
100637
243191
24791
172163
78941
152108
44685
189683
107833
77344
147384
232111
110127
233573
237118
36405
33675
110619
153541
156391
8804
8828
244971
77943
198407
172265
202278
231549
60326
18359
207516
201371
235802
209474
192739
187520
187301
52947
54191
26486
186754
109945
31859
161002
5095
99434
2801
76966
100621
11626
75012
125001
27902
82728
84881
102079
97684
232306
184900
115644
47673
79720
90975
222593
162966
235022
3641
185228
237819
20762
160221
218705
130418
167924
102897
25770
96421
220419
97274
14064
205776
224263
33131
186631
188632
206430
15426
161091
238440
870
211952
181589
52820
98732
101074
199942
145154
39582
87881
108716
35066
142085
59648
137261
41186
165072
83783
2754
29732
187598
154794
43208
171425
36159
209593
171864
236401
134427
127955
104117
160314
12291
84477
237501
85568
36925
99730
131983
59695
170131
139895
52598
181246
50765
211742
113766
219451
203388
38141
175347
113128
185065
109683
36772
26174
28098
239728
33268
62337
77654
125486
99966
3704
245827
80324
219240
128523
9324
143089
246804
26584
199291
222578
141927
165083
10981
40961
173335
188620
118993
199166
233196
164061
106385
144476
176043
54356
217882
161662
78683
30957
152663
165413
35423
97368
5103
131572
185381
10374
19480
229711
156542
244648
3819
223847
62756
237031
178511
140235
168854
130455
39938
50586
162663
167074
146122
46605
85588
47937
29724
162238
234556
47407
83502
56145
207126
36536
60957
163943
129572
91157
18829
83847
98791
155332
148507
87181
143748
120392
176706
85186
136788
219576
155161
149714
34579
240057
63689
246373
56695
225553
68183
53080
180005
6062
207541
189129
174154
141974
133269
46497
3263
58476
201323
16875
107297
160211
5991
215100
148251
12587
186063
47114
93143
88583
134048
93874
116835
58913
236374
233851
26983
70931
18773
246780
121993
13461
159526
248064
107111
157293
81534
200214
232126
209917
142300
217937
100934
114798
212495
100819
22960
136953
115008
104279
240155
194142
119308
162036
10931
217172
240140
32949
246749
107945
109525
24987
61561
5839
157594
174463
126054
98674
249632
105418
180183
146324
123516
79940
123381
4106
238890
82836
127910
53312
22197
44063
30284
145145
76912
61937
115402
242389
100640
20850
205258
108485
55524
156235
195681
135358
74231
12994
47032
173921
220742
158615
52734
212561
56963
131501
109085
9757
71744
63359
138367
167246
176744
190642
124932
204693
112136
39678
248360
32035
139709
77007
123076
243119
178541
18897
155636
227053
204188
198787
31041
135425
205553
243192
200716
133950
158429
87965
116369
9738
209261
192455
158846
75716
216030
212990
149211
71006
28594
248316
163975
58380
233287
79433
23773
246764
50037
178218
25395
30559
8414
94034
16587
2467
37012
235123
104346
83951
40401
153172
223875
165341
42149
87295
172705
200142
227016
118338
219463
32046
32693
117050
126807
93627
69339
52069
231397
3805
204243
231187
177546
123769
151886
165356
240396
4256
143000
237452
246553
30312
81769
205552
123675
38876
794
232370
20868
187419
76370
197532
35815
56382
231387
98454
31079
199477
228188
131599
34422
219421
200535
117647
17569
75461
43030
239517
234080
190074
216343
206164
198437
28088
71441
96956
233110
113519
88659
204849
45422
210074
187978
220005
58895
5387
76643
90828
232750
68699
32833
177306
57956
236213
2992
33714
238368
139041
86424
169867
136619
46657
2581
167099
148620
106570
85032
233358
212427
57445
22883
54773
85828
36241
97968
249036
14174
85643
92724
171768
203156
136145
247700
206788
35847
91932
191395
224519
41829
9818
165418
9511
82067
64410
166903
146937
172889
140444
169438
220775
27918
200107
79579
216054
203322
167271
199726
11831
138355
165706
63751
67854
163090
128966
205545
208417
205083
193634
102163
245256
106172
22013
243876
123329
13035
171875
34314
145518
24323
102107
133800
239455
97178
110233
80727
79300
191651
66460
39541
145907
238014
206697
154862
71516
137230
120738
135201
180688
112362
63089
142488
248839
14085
11340
99509
167471
225756
85157
29924
68727
122139
186320
33336
144951
12140
155439
126571
206069
216354
104480
244155
182398
236928
234706
20897
94033
234407
54514
125368
128613
134510
61788
237158
140812
194344
230503
60650
203444
122444
69500
37776
177468
197628
77525
155774
230210
192114
87846
208933
79264
150228
208902
67332
229947
121311
19781
26075
86925
11809
184417
25413
239150
63562
189428
119332
186131
173155
249279
130054
124443
161804
93545
122131
138732
115125
213060
244172
150027
171917
230757
94242
63419
200495
150120
51712
95355
41470
3227
20268
92933
44
146393
12826
248885
153792
156325
25248
2618
207261
199023
104830
146323
18010
173296
82844
192480
7393
149364
755
165833
134566
247778
218517
18551
154735
29887
211439
227186
225047
57763
88725
67787
90898
144877
109035
140198
2692
212590
168047
72987
123225
224820
82343
244558
92781
214528
189516
92729
211877
29277
90491
198694
187938
241693
108726
112089
33873
115108
165389
76030
29951
241966
196703
168127
50781
226073
76570
148058
30745
3018
98889
186042
175797
110520
1074
136175
153658
107629
246870
222412
239388
29409
227619
215098
226602
14747
36532
55702
43016
32244
202639
2468
11638
221371
134315
3335
80188
225360
180714
132102
213125
41187
91065
49017
239411
207575
36576
184074
58221
141158
187158
16924
240995
203340
159670
123408
41593
77382
31060
139922
102939
25693
51884
27137
203225
68751
1077
96652
206501
106582
139484
187624
171820
193696
37646
137716
113176
49987
24880
180871
124318
100258
133972
72953
160241
232368
179586
135288
178511
116275
123241
23341
131006
59869
141299
94509
95336
35168
88908
159494
145734
116400
213721
149220
171821
116948
227370
116889
162154
179044
157550
101490
145078
133050
20915
188988
115479
209091
185041
96032
121018
61763
199093
13676
214940
182399
63442
239637
132593
108507
151446
97967
138888
8934
148608
51448
132532
162290
121693
151545
29430
38159
46471
234949
128195
42214
103878
113441
153663
114597
10059
85775
164857
213409
88898
29901
177139
215857
87448
221666
36837
188685
223060
122582
156816
101528
244410
80991
125692
246508
76256
66088
239567
145556
68810
99845
102934
77573
248281
246306
189926
29405
186719
193362
14012
103141
101462
249291
193648
133944
205513
107968
195377
58965
19969
76265
244169
115973
168078
156537
141786
183847
42634
66115
247577
40263
73323
31812
32683
69857
124017
237746
215072
214710
100758
57427
138868
70745
157991
80605
217723
215780
17967
101144
5690
214430
93061
1294
153791
64281
213866
214995
49502
88928
189504
81863
23666
28179
112414
227445
143158
200737
176265
61318
207054
230519
133834
96231
133272
220259
184536
59388
229245
198317
100876
177096
81907
97376
12250
240608
131476
93676
28387
206227
132030
163010
175915
40973
156196
57378
103315
39357
107579
131475
241320
38750
79194
244619
84866
49708
100973
19724
73202
138487
54294
76357
40162
14276
50679
45173
238669
244251
66634
24280
164331
8863
21863
231890
49884
64166
248564
223599
179991
198112
110748
57632
228884
69478
89593
52478
134388
161402
15262
116723
174668
145739
52265
179504
130175
197068
132208
10292
3301
22449
236226
26056
137017
222550
208372
172285
169621
30412
49452
150518
167068
124799
129273
3
115907
69589
55611
198414
224716
213056
173949
88928
55769
150733
132719
129436
105840
58913
96650
188074
110857
16545
156152
111662
71803
202550
165951
176634
89966
34251
148140
78878
104363
209770
135554
140026
201354
105100
222794
62142
16216
6083
88347
210313
99835
226296
216441
42123
248689
38411
130037
112919
195493
14354
193049
176584
231267
171518
194322
31547
131848
120489
22898
198518
69810
39911
193078
166633
228635
58170
68838
167967
122032
22068
171156
101170
57410
240590
79678
232784
234539
32484
34050
223528
29219
28237
205528
161206
28997
105982
103719
168735
14277
62342
124063
29503
178447
249084
235155
97908
234560
91796
204800
207112
72542
181457
29968
78177
135314
92487
173510
176826
42463
211470
215670
185853
19094
233693
161986
21144
73287
107496
9818
232248
13427
145946
181669
105751
194370
155457
116371
32739
4292
33816
225031
214978
190625
151741
203626
174508
136727
235501
174449
238664
41410
83655
248941
27070
84756
50228
131269
114335
34547
103539
205567
223543
133606
10827
77938
105368
89202
1905
226930
113776
18918
28316
92332
107458
113480
201800
172404
207952
99833
53919
246575
29841
117077
48651
160033
201426
23987
178139
12459
182125
138864
223020
95486
54982
240235
13067
179369
179070
116871
93640
163566
181530
134284
165651
104569
137400
180439
201313
219221
238951
236691
56162
179638
230815
134640
42304
187293
212553
226437
45427
154147
207445
26375
199353
218196
238641
125096
39683
46693
31354
23431
99203
72929
114667
192844
190693
75702
244137
153592
65522
169929
164249
153031
49482
54328
60407
80758
101646
48313
16518
37855
143608
189983
27647
89053
77477
81875
18718
207493
78055
180214
186008
164652
48673
107855
45681
249265
236847
151368
48468
206326
160811
193344
183227
190649
148353
226934
16735
24134
31070
105818
24037
187253
130931
222263
54199
183547
119014
132827
65628
121329
170159
156441
85357
232250
28506
226663
85228
134007
82660
223880
61359
180111
80261
106505
231528
58218
73515
221276
8771
36941
25771
91897
232620
164593
41216
78412
188042
218418
240059
224216
8108
138149
143307
241391
232901
68744
222036
141407
209054
15685
240487
230587
202780
221495
215672
247035
235861
165014
75940
234402
166585
39210
77220
172198
161181
210432
102176
213914
188939
127082
109023
69290
112097
29372
182168
82773
234549
248628
109922
127012
126410
21062
75042
84553
231391
180015
73548
188791
138913
84251
82676
131263
117106
162557
222833
91715
101128
49284
140729
52052
119484
21927
138377
109587
200101
167155
107177
101122
207599
146937
19855
13941
243296
140679
40788
31800
33302
197116
21978
171813
204161
28002
148173
231239
202865
147594
113572
141485
6191
95102
47557
219325
107691
33566
94493
6241
127172
30101
188235
2291
73597
111310
171905
205154
241844
41173
159105
189817
59813
245986
62498
163891
123043
27189
438
172718
181403
229010
231323
191019
15452
222138
150525
61582
131746
95737
155442
79990
63748
129389
241074
220094
29338
96831
4600
26444
189040
175764
112623
244842
68689
71870
44611
37949
91808
97906
229794
65238
48768
185652
163938
212327
190052
193778
211291
63724
109028
93810
28038
222365
57288
90085
105512
9111
101636
101598
229225
12473
118858
102639
247881
607
97901
183832
62934
131886
44407
71844
18601
222404
78274
6763
98124
181452
50468
67432
47379
15100
241288
111838
115346
202839
167353
212031
234842
237673
36444
149042
216952
25407
109899
241370
157830
133285
7621
213825
33875
87469
5798
233085
133201
162336
28356
230551
181786
119081
97296
129283
210633
126263
170876
2971
149962
159305
186201
68317
141285
163252
56407
139976
243689
41598
41290
70047
227148
56961
180920
35277
229078
23021
124964
73223
133961
212907
166407
132859
79891
107914
102820
206640
163118
112054
248952
90521
56155
121992
157863
205073
23528
155304
140973
82152
96962
33760
40001
45473
67334
65769
43097
41195
188304
11290
161436
11752
72675
235367
53231
218155
70908
220125
12455
21271
200664
149792
243205
232284
114309
147153
187060
13581
179888
20439
242544
49516
167229
77205
21568
157275
68680
114924
112736
146301
206893
13459
158792
153976
31674
10784
178421
86094
32251
140650
44500
180649
229384
102712
181521
243755
145297
232275
150931
88317
75549
9286
148333
51243
134527
248875
98982
148519
217101
65459
128799
125125
69505
137477
134453
238034
152180
51986
56101
63639
50938
173797
213527
33451
19555
178950
128885
53491
207649
145593
24639
21684
54929
178455
68619
106355
33089
199977
159820
235132
81472
105747
55875
46316
46791
87819
100410
122367
174389
171481
2711
214905
152340
29361
191360
96082
10462
73681
86733
80717
195413
222555
120251
42890
196586
43994
154126
132324
185618
106163
38693
27307
13888
212431
135978
57698
29091
191332
155866
224830
45190
91530
47258
136000
37063
109688
239632
48013
103577
38475
24875
189371
221928
63428
18104
172641
18255
84939
221884
80680
107607
44069
27454
98741
140393
47161
197634
79072
33307
29282
36055
240138
102479
125370
10458
36527
62634
56875
10385
166929
119891
240317
152433
34120
173845
158036
192344
34324
202873
131161
9985
177987
3887
226775
210678
564
185226
6944
231462
142003
3403
112974
39893
111219
197125
17187
150447
69648
140518
36634
142744
68675
153011
179172
73482
113967
101311
241255
222389
39083
118106
73147
23974
220589
28661
111400
62491
39745
15325
71373
57514
50350
114615
127028
190720
164311
168659
180990
44816
142880
93140
16612
229858
156299
23861
37571
38545
20622
135973
240414
172759
591
129877
201596
103433
1154
68100
182842
13629
134328
169821
162123
85911
239154
40231
160377
167901
231984
243827
121097
21826
186359
85838
92956
235441
100803
56979
239424
36365
151577
1505
29645
66747
161372
123202
14892
61845
229368
109651
179209
86043
204095
84365
243683
132437
59855
32905
183995
194856
130098
162135
154967
98985
181011
222760
156543
187583
111204
190791
84379
215036
62036
132714
249580
165940
209606
182139
103460
63747
240391
47254
61651
192944
138131
32225
3089
41683
237834
108952
125004
238901
11530
196352
72175
34883
182418
68162
162015
226660
130486
245492
205499
86576
99195
67257
196412
144722
42741
179461
136540
247878
236783
74403
168707
62493
201910
89197
218701
56221
88252
124579
49154
205143
228993
101185
241736
166878
200885
154925
4283
2830
241550
82995
2918
171052
108452
74469
242907
169068
191520
153718
28712
211044
95677
42566
105162
88552
193795
210756
206538
157382
126518
187132
249945
201910
144963
244993
155792
73494
119826
126359
220427
203539
27263
154725
150958
159509
206134
19334
25151
75464
249314
120781
242778
146244
8201
30961
59357
178868
234739
36663
100579
159520
145370
188860
28798
39763
80241
92391
43336
205151
188388
115836
201656
182115
37057
20893
113373
9248
25980
24610
187370
14572
238910
165736
188063
59551
108307
226467
186337
220859
41373
218165
128196
176231
212851
210288
181223
150904
72279
146379
192974
206673
131556
205411
66731
5148
151703
202707
204951
131813
235877
230780
118946
200137
37193
244833
26525
93048
14728
8777
50055
453
107655
209096
82843
195119
145181
118811
23373
150075
175536
240939
57073
101105
246945
21110
182071
222755
127461
155218
228091
235494
93909
9198
186268
125104
139981
64803
147356
61303
203731
79298
95151
135647
126667
173266
198111
180426
239802
34226
143663
173639
198241
120832
117504
86457
28218
199160
80070
228999
70750
174500
31722
140433
229895
137310
41313
248359
180172
181832
243252
37104
187206
116022
103858
249426
140859
212734
15899
202285
7982
181496
29714
133652
137826
55626
26143
215201
54942
182516
224460
66964
29734
182720
117313
145401
211563
54561
3429
94155
154750
85370
176728
205156
63632
234034
187477
108460
136776
52726
51384
203797
179879
49812
154925
124759
241723
164872
158658
132578
116982
193452
246836
101758
95498
217144
167777
75218
32054
227192
64924
7951
63251
194929
52560
217099
135087
37898
191404
199910
93858
173974
139327
196211
167797
46096
19851
80538
61690
16575
166730
128245
240057
109729
135884
193925
165755
20768
231696
80702
72865
237207
231164
119649
15137
43109
194013
17458
175312
215424
180067
80138
243719
230143
148878
141141
84982
115140
31619
15032
195512
116504
195792
125433
59
71630
175538
72127
195220
18298
18030
151818
8993
145963
225643
97641
145925
133138
230194
50091
147366
2425
152304
26238
29607
77665
22939
117507
119252
77599
36360
188874
140225
88399
104501
121458
232285
248479
193874
238829
204749
155583
244864
39288
156956
206299
29029
16236
115301
246606
177133
90935
230591
2109
241654
80838
244366
120806
160301
182389
154361
86011
11430
120204
236964
139989
191121
69056
29711
45614
15713
69277
154808
163624
74594
161205
70441
225472
237016
90597
227736
49304
17749
190047
126271
167187
41081
44294
55858
88873
84698
152555
90732
203731
6243
200470
24182
182075
124468
144924
41380
149920
153259
141847
150304
146996
126113
214187
206861
198799
85952
84029
39435
121091
31513
198369
69411
120964
243809
133692
209639
102396
221200
234156
2305
22934
221963
189683
239376
186472
158270
245928
84002
48775
25449
51234
4293
29342
203005
155674
31662
90630
117330
223860
20263
161539
225948
170459
91158
11221
96794
1905
217185
72111
97628
116124
96773
19763
137351
98842
197888
132194
42160
103875
86162
166678
206955
59033
11675
37022
100405
217371
102413
59754
154071
121273
12366
162252
110192
231951
239592
241498
80038
228786
199480
188331
103109
88198
217606
141234
172757
196623
108983
11664
170321
29957
7530
108407
143530
125109
35224
6736
148662
69213
106177
195306
52413
72245
15728
18612
164403
175188
78184
11308
23565
78299
3393
217146
153527
13031
99657
80679
6617
186060
151720
108517
237885
167613
20225
179215
2418
49913
149341
226171
3842
196921
26929
192216
29956
143553
66442
58846
232853
78234
148082
190467
194955
174606
166437
7433
131206
246442
248606
92081
95265
189216
176143
197955
97170
29025
88774
211475
126397
73601
109814
166106
6213
215090
222377
246302
159547
12658
74654
112219
35626
12839
4206
112151
216389
231698
63580
243992
23346
127040
87748
56501
239633
201698
183056
89343
242783
155788
219429
176378
200524
118713
110680
73007
172456
91051
156782
91457
55962
232061
38079
203621
194092
89998
132936
173535
77707
191037
167611
10001
178394
1819
139296
9500
153763
106051
52807
141806
123835
71610
244642
182064
155277
143890
98790
133578
214158
145611
231031
48737
25492
57546
136921
76131
210939
245990
190164
121903
178468
134160
113619
192587
9783
29001
152735
18205
165605
26473
26024
114151
45749
201776
104858
217341
128409
110209
5441
24981
148395
65003
79803
149721
26483
115554
87934
131665
238057
219386
174726
181871
134142
244702
171968
35316
44725
95696
132746
141500
100313
160146
60943
108996
4863
120730
228933
9983
57998
106065
214801
194545
121894
165302
43315
237690
71459
129391
25630
213189
101024
130067
192239
84230
3912
185154
246690
108224
186594
264
52014
218336
127046
242793
111123
59248
142395
127790
13832
44468
25262
9755
90848
14505
2948
63782
59109
80269
156406
170887
110908
172894
60088
6337
101665
118976
61062
176796
189135
38568
189521
196945
175090
108666
234424
160008
42538
195300
32192
154092
70200
162951
23275
123877
68347
193713
109069
10218
236845
133163
194865
17340
248385
66531
5838
18038
143244
17561
33158
201695
140718
139876
133253
104342
202520
124978
248538
173363
809
31587
218959
117698
165818
65094
145931
107427
151278
3974
73907
35180
229887
191283
197496
47322
151331
140739
103269
182365
200645
227207
160418
107170
52657
143647
60674
214217
56891
208959
177250
158829
204676
178086
122175
80801
36727
64205
129439
19988
142160
105576
35676
97976
27223
50065
174906
170671
60059
184649
35025
204026
245869
143925
34534
109385
90675
195369
182492
171321
194124
17843
153606
222374
143364
207682
110637
136325
85531
44640
6176
166200
102657
158913
245457
198881
234643
69085
226175
191566
67487
87938
168956
69534
38383
69041
155541
67826
209905
214233
240975
78928
159140
224396
107251
51183
154117
144335
196959
8925
106383
125883
195190
115960
7135
182529
107400
9518
249875
137175
198241
173540
123931
176735
32121
224614
160925
168211
45884
181947
248341
33939
218835
84618
75122
202717
188108
59163
91892
99677
46782
93532
188862
68834
208972
180447
60562
106502
215248
228114
53857
155070
76486
238229
101729
138324
84219
138004
36948
212826
36748
243391
25982
132221
179850
246533
146183
55531
445
211368
49249
184462
86615
209608
153280
145947
246750
201319
213959
194985
185534
91563
22027
232439
92073
28156
36785
148951
47921
38195
96993
78821
70604
88491
175081
200291
236239
38854
220559
74186
4799
68517
104748
218432
71644
212953
31585
90252
192957
231508
33238
43103
64217
130285
14092
117719
21796
246078
183631
91959
199124
159236
113964
236589
115199
231960
99222
63037
70979
156034
146773
245750
183196
185275
220848
48500
129918
178181
91553
129786
9500
62910
246891
107648
203233
147089
54044
195713
77469
220631
119118
177344
200692
216980
122963
68338
182712
197983
129759
111080
228909
45330
137644
195324
14865
235081
144092
104845
170748
225056
102670
127365
163689
41189
169075
144642
153867
246897
184066
106348
166932
169001
179183
70141
117778
131233
218500
77816
73355
122551
59906
70562
220440
193624
76850
9999
71166
45710
246172
246379
115172
52178
73395
129694
241459
13519
77105
219140
169304
114883
222228
38798
92298
162207
167538
146913
157324
228258
104059
90602
238892
43628
211719
121446
189897
211023
169562
225278
77862
7439
64905
119246
159749
33463
31853
75176
249635
207902
249047
140009
75465
61624
162264
11803
78408
26864
103297
159213
49104
137684
218145
98446
208258
23737
170997
92808
201299
22554
15657
13623
9751
112012
212003
218345
4433
73095
106606
193776
34705
90210
82277
197258
130568
215773
242543
28091
154522
112769
56013
245323
174497
171355
166126
215881
137772
110161
158221
201418
36432
75967
166659
164483
38045
9925
113252
137394
149080
94896
52683
160358
166536
153148
167263
204354
6679
196340
192055
57327
82402
125591
248143
172083
190091
54252
465
186601
195924
193363
183222
157048
6456
184478
219160
114505
6146
163712
43582
81198
63714
239625
24226
210036
202839
234979
43868
31679
89030
242828
93489
106088
164701
232517
54489
5879
188061
96021
213398
68398
85375
54413
190517
191307
171043
216379
74617
2497
28591
186107
52983
40216
18110
41593
34076
92575
145329
94390
80755
226526
95258
4566
159686
232565
164766
78403
174918
32832
86014
157179
77778
129934
101471
159770
23130
167904
153170
205245
146360
104940
222124
246692
175076
229640
22279
139785
200556
68659
183087
40577
85250
202134
60158
136252
57298
208165
14458
177493
190448
4394
108127
164452
210012
21077
78105
225244
43864
146116
212904
105600
168694
197944
230293
203789
221363
153203
29803
187868
73471
193603
131887
49611
239185
242346
163882
181721
85312
241749
9938
63627
164207
147921
219271
249400
94623
16948
231631
207063
209264
223414
234369
19871
178456
144452
203036
175333
44685
38442
99315
197284
213707
215336
107318
42838
200534
244046
44707
88334
162262
39721
147686
138638
51074
22564
215577
128142
190370
142858
74055
58975
191653
21196
138266
94729
227320
114761
12751
188242
17934
120696
150408
43213
145472
240168
206349
130689
136017
162447
181646
90912
154645
130560
158584
98932
225666
30135
79487
219056
171552
150881
184671
102548
202058
208890
177222
202709
170746
81714
247353
92572
94773
117975
83760
79986
78171
127804
9960
102706
248193
54973
19991
167247
175953
107227
64091
59547
101337
214451
247416
105135
82896
22866
75139
76519
203054
214472
232770
19310
171192
144992
35787
82362
178414
244840
83574
13739
198553
224088
177310
199289
218151
80576
99392
238859
206197
159861
192842
249833
68600
212551
10248
87368
61958
4342
104
212650
113249
97213
43124
77150
6195
116921
221782
129828
67081
74481
89997
15640
215333
42227
241745
23947
242328
126303
70405
5217
169628
168760
186022
185274
151316
192090
216821
173491
13450
60081
17225
83767
97080
38426
53610
129041
75162
243659
194869
150621
77474
131193
150190
37214
158415
93769
156853
27161
184465
67954
36277
32066
136399
207359
166286
235823
53526
105436
134251
5663
129287
37563
94282
111102
244110
112588
11735
166226
144931
115506
245882
78707
193163
157989
105383
178913
159078
130968
130470
32309
71782
123845
81748
40695
51752
173205
41965
9933
176919
208309
130435
188569
145650
242832
182817
83779
2890
56973
181572
77238
144878
22286
468
39011
115199
245075
108400
44035
55108
205688
226523
221851
221518
91885
227943
81695
160412
94799
237657
242270
68117
15151
249840
171899
73842
238491
133917
135863
227769
180181
60296
137317
167489
18522
137045
113148
237712
133373
106479
156717
18114
12074
224127
126371
180203
12750
143939
151067
180030
143438
159373
56082
61344
14986
118584
232087
66871
8584
114122
246750
238483
1196
224894
31013
63384
71657
94844
207146
36307
218027
50025
17335
30570
123549
217560
130927
112542
36345
92456
57801
42210
170645
65832
206132
106948
134338
244723
153373
180088
104579
148830
98754
106762
179490
226561
73936
180303
199926
54487
178744
8374
215379
206654
54758
196491
113930
214032
42923
245886
35081
150779
107342
7340
170667
127473
176041
31901
220915
209236
172659
96929
111387
108397
51224
59903
34195
169117
202339
165081
230749
55526
65518
36550
19869
225540
23821
84558
249774
230215
151257
225255
37869
174679
137857
12644
189542
190986
214672
154094
90386
61835
166563
207885
99739
195836
223729
80559
233949
134344
21508
109790
160089
78391
56538
222267
151870
136233
142939
136358
151653
230460
209762
87878
229867
64030
34244
143564
69508
31006
229396
56173
120939
114780
53781
54652
103062
107750
195044
11748
936
63984
148480
207110
247747
73683
66132
56125
7520
87514
1452
15872
24999
108326
37562
218664
2102
62743
10499
14343
126029
134870
139787
51180
50281
115324
219900
209940
83770
206147
201555
178880
89772
182020
131067
169985
111909
37895
113630
118926
144456
179826
70956
162437
134577
225039
124614
65044
7519
41121
176474
211199
94751
225632
243995
44911
44287
21257
30938
131945
248588
89889
132836
98137
212594
173721
217497
120889
131460
29062
157188
69294
42185
150055
150260
228303
195380
99787
3040
30937
14975
17023
82753
18669
32091
111566
70897
142245
114897
244943
129935
66825
196427
74377
136625
208068
143533
60455
100992
75002
27843
56023
127501
241832
183664
84955
113387
161346
93326
246146
82477
216857
222447
23168
203712
54671
102130
225401
241416
195855
239362
14365
47780
67268
193999
237883
91739
147279
242605
108248
189251
54101
177235
28919
199313
122204
76967
61748
203666
154521
201674
2077
139016
37074
161519
33168
28687
219565
70823
124790
99894
196143
124014
201130
127106
225974
240387
77235
127400
50560
10838
188743
148836
11189
230243
5610
97754
232394
146593
137035
187735
220062
223814
194793
64036
54540
135086
126656
168069
131521
154508
51457
2193
115083
155722
128010
226236
110386
142206
118939
168172
95845
18741
49883
198143
155942
63689
18503
244478
207562
220920
156725
120256
192499
196949
178353
106384
235723
294
206228
65159
119752
43814
128651
152018
63679
72880
62152
197556
25938
221470
13955
217657
193350
30511
81632
109254
109110
59502
249078
50515
64328
44146
2108
209105
94115
159981
147101
88712
186450
244264
146106
132542
215560
185758
233847
201811
226660
59474
71740
113043
160856
151917
6352
200958
229742
67725
213283
229363
175889
213558
224372
212386
165112
132888
98939
185027
219071
230562
104167
163142
139852
130878
74211
29584
28833
161147
9854
173502
23274
23115
76263
104031
72483
99163
74289
73619
245590
229500
194631
10833
181707
59130
194371
155124
122584
78718
144588
234263
214466
5252
111355
1231
107213
49859
112054
230690
29006
48161
99480
41874
96870
121847
212346
68828
180511
202700
204195
233229
57970
113741
120472
89138
32723
112551
38652
134877
4342
173191
171658
89606
192494
202152
8138
157013
162974
38689
68567
57477
119952
128473
165628
179131
134728
179766
21188
202978
106480
209611
159534
146343
215636
179873
42872
235040
212045
237568
200508
137410
162535
44740
25206
116765
132228
136371
230358
131744
139882
29043
60564
135213
21049
11207
220525
215765
208261
216079
90717
137714
29738
55376
64508
231746
217321
78149
151298
88874
227183
100247
48260
136070
150764
62497
81233
50613
194465
109622
95008
171486
136823
99195
36306
44072
226202
231040
195462
12724
167438
177286
245026
170985
122136
114810
12528
189123
192233
53896
89403
41696
218
58219
117434
130191
242212
185637
30746
248140
99666
228852
132576
176434
193689
124979
153767
213663
128580
92320
212064
67841
142772
66718
233658
156400
229505
48606
168251
243638
246262
10964
235711
203109
122149
38301
96735
111585
143933
1831
161693
202493
107799
204165
100476
138703
88402
7761
187486
83618
192233
213506
214434
121415
130282
17752
110387
50223
206934
163168
185444
200232
122406
166165
13893
220582
169560
147299
23843
120862
167418
172474
20716
29937
236360
68980
139597
158159
109927
34010
72390
86907
106610
124774
175812
177687
146499
40834
235237
113107
48321
133344
107113
115658
131984
9307
103651
213353
118353
148993
236605
12877
39400
155659
71536
116304
112532
201451
207542
15407
7310
133411
225263
10126
40398
149882
149881
87676
125776
14527
3062
116153
104080
108515
57732
21485
146439
41785
66339
123184
61689
153388
114536
73309
205234
52436
107785
148688
44844
9080
47679
63883
135288
14383
35820
213180
205946
158465
12687
124999
111844
191037
49505
177997
63137
12690
203086
225218
84686
155864
90820
97954
146466
33546
87249
46630
211468
128394
234680
194190
157312
37739
54319
154553
180835
203351
131343
152331
219985
54165
74422
162522
154876
71835
235365
14201
70400
70296
10699
150785
236844
12327
13308
136529
174973
132954
233747
7960
58355
56757
87541
116788
221488
146430
18150
134911
203138
37894
219639
210594
192573
28097
89451
185822
47179
189354
9728
73489
69655
26490
93737
200042
122364
165853
207792
184937
60697
207264
68617
180941
232950
215254
166573
94339
25859
200023
235747
176088
9540
174016
59432
13569
50185
235400
237268
16794
46064
100364
191467
73101
13440
210729
13857
178088
99634
109178
165726
243433
189508
106374
35578
177027
220664
102518
243432
244333
244330
1459
90911
130531
85221
18549
39093
179208
50677
63383
63613
180641
80432
42055
20446
9583
103107
132835
189425
95997
98564
60568
223641
67133
125530
238215
80833
139945
18397
198168
84809
144754
241627
84542
234956
238157
163648
203477
77776
244658
185621
137016
150313
183291
47263
64482
154809
187891
12310
241294
32699
78514
65064
128271
31234
104684
146384
243728
167146
153075
4307
156050
116675
167646
11063
235174
77209
82459
181176
143169
114571
166928
63684
47044
117536
139195
108181
45582
150338
37337
57831
20644
217216
26360
61000
203826
77388
245144
197238
28094
105998
226779
47894
210795
244234
91767
142468
163671
64273
70273
174446
246707
190707
211108
160931
248935
51027
105384
163875
249566
29525
112317
170764
219483
59335
10843
41529
238714
123039
86893
158000
211451
8659
110137
7201
58457
58844
246562
64712
45779
41750
70130
142746
37854
169132
29535
234136
1118
82149
102370
67296
228313
39827
126367
134463
104973
156657
16244
132880
51367
68329
222103
135980
87243
108707
76562
221106
94917
129356
149529
225533
233065
163572
55588
104046
60970
83965
60606
118611
241227
145750
2427
191216
128777
174074
93777
124798
156215
101094
114797
113503
26616
136006
95388
31432
73117
66398
246552
47847
176335
152134
206609
139448
62152
73901
17302
51821
229475
229447
26074
58638
239989
163865
148324
72485
103746
120514
57882
152821
157372
26305
134678
144535
232525
135090
92866
171885
206687
70775
63343
158797
152550
189980
88274
66566
220791
193181
120936
102693
180957
193649
42199
71769
209968
188884
82392
83802
102241
82958
64399
183105
10373
87098
212263
130441
149990
203195
129488
128683
87934
210648
58433
235998
242520
19032
105079
189132
48093
7050
113228
125049
163967
215398
96647
188777
176908
76835
145120
93945
170898
228707
65878
248286
185557
79051
134825
76591
156488
214256
103343
18598
51764
100762
41307
180462
137894
236235
161598
205519
87090
74868
129967
46559
25148
16984
51926
8800
228485
157919
208143
216991
34542
166830
178944
133391
201089
170308
204967
52220
18036
74045
171682
39159
239623
87457
111528
144828
169658
114029
240324
131797
163230
64316
159623
202785
41126
145729
88047
97823
216824
176077
220444
190468
225904
241222
164566
110797
146559
3373
107242
95779
132405
244617
122804
190749
53178
16058
73895
220038
150322
194240
3858
158597
145499
205637
151717
11930
9230
155231
132515
34102
68922
231145
138822
78583
110263
228579
150386
91245
76117
188882
165714
152622
204311
176685
146233
34068
170751
113983
89761
142378
140925
65280
58016
47317
179872
169537
235231
80477
84552
211697
36774
29875
188612
147520
227524
171276
28447
144280
66815
214833
106214
247119
144653
115105
57645
214672
108920
196893
209563
64256
125548
162221
173587
242214
25568
208318
47344
204649
220067
202589
22548
231945
82666
214751
242498
69238
246126
168847
65367
216877
100372
213249
211381
156091
161750
73178
240366
3870
180512
36365
184986
155310
179703
171793
66365
131864
153531
10129
96324
93007
201811
179696
209548
115080
83432
244011
100267
210552
137389
25992
134229
17073
190184
141006
175599
59804
90729
209213
24710
226981
55546
131404
164936
138615
241197
26723
55249
242398
8565
112220
230662
149505
238319
178315
15251
189242
163377
239104
69634
45249
133266
214759
22841
19594
81085
40492
178208
9797
96643
4893
61751
71429
92505
8662
171504
230662
142300
38272
149134
154409
184477
243496
16635
75478
235010
120572
97843
135614
89991
11885
228859
22095
204803
121302
227860
80765
172570
108585
230338
214853
3700
3671
154233
25432
61906
14056
51464
1924
195262
5989
58759
92967
96026
99757
164631
141870
110768
19588
8343
203988
43485
128265
93592
212699
241225
35278
48492
104042
214079
103558
95937
71720
247493
196760
133735
102481
249978
233082
26363
165620
241940
43536
239645
911
65627
141807
95671
88388
131597
214515
163356
114174
58866
154228
193819
54961
181935
207389
225942
158561
171571
62181
242404
90947
167041
60853
182115
242833
154933
131678
54266
244549
3292
181009
129806
128999
88359
189763
36410
225265
129486
16172
17649
43744
73600
202625
8241
220969
143808
102585
147660
161135
23473
12233
42650
139827
240844
3145
208064
198935
194116
123121
144608
150185
72624
191596
14230
209700
219399
139140
164901
162661
70264
221018
144486
227844
143924
115144
118550
211955
179038
40898
96314
173822
40918
215181
190194
163268
46365
214056
24994
105094
166078
156672
73662
245147
202906
180164
94684
45055
88695
67821
149593
150269
53711
179382
103651
115088
197825
167936
164465
110928
146274
202378
218399
148504
189833
89734
90735
228333
246388
231672
200694
209079
143051
76262
197846
53995
30991
93708
36075
38972
213663
102953
47019
104886
196934
181625
24627
85404
87309
66341
44052
204511
111307
63893
98379
172480
94596
217309
25680
120480
17964
202115
111758
198676
51148
124780
114180
47379
133434
107458
46338
235197
8937
244107
108432
177252
69968
246791
11683
69544
246241
93723
235080
148786
34245
35095
198125
57485
236843
5498
74591
137738
168867
208331
1449
113697
222231
164089
213174
122940
66561
46042
21659
111992
128536
28559
84624
51827
20053
6236
134278
160295
164037
151403
134444
82238
78097
113535
87667
193393
129535
85834
234489
8777
214248
237327
230532
131402
200057
170039
211569
238984
25731
88110
210764
211053
221959
95171
166912
58939
24888
1725
200988
152932
177504
177056
101112
245739
223125
123518
52160
216315
223130
238920
190391
58589
217392
167213
249310
178007
150830
153825
52998
49740
185958
161703
135946
210878
198014
245432
65330
240871
96696
65767
91195
168623
179933
21363
235298
182842
198525
220648
207480
185408
192966
225248
151120
212832
198096
143629
156273
109028
131500
96644
113372
57335
20996
179618
213580
85508
74753
112755
161143
237307
54028
187520
89455
5370
143126
151547
25349
225446
237725
3889
111864
35205
155148
2359
15376
119629
91074
53221
237345
198886
127529
73030
68999
69420
146793
239435
226762
31178
239219
244159
38635
133851
175316
142475
13839
98826
134584
51241
171712
43602
117988
85553
220368
40898
171141
192506
227178
31418
166412
31521
20908
11072
190592
23103
241448
139959
224138
96627
242374
128453
166406
176965
47813
71272
22153
231613
57794
195792
200177
77150
95002
115557
4420
162398
207821
38061
137377
205690
134320
44592
93910
92420
133152
65530
81682
123131
18521
115368
176849
113351
248696
213717
56284
218661
148545
164122
217589
75738
100103
198854
74242
171411
122628
56420
118386
170810
54246
112240
157572
234495
149313
111958
106865
190511
230075
179766
80893
129683
138144
20352
26961
105258
38608
235889
103980
336
135689
183321
96712
226352
51744
47382
142996
41250
155236
73363
347
226616
112965
50052
20590
213454
79212
203263
16418
178738
45365
162021
139258
172182
173614
126642
197486
107432
204873
78905
212983
209832
33324
111259
187925
225167
152969
87548
68428
104061
85541
124786
182492
239099
85832
71838
159566
212515
134330
161277
33246
242571
218819
30749
3957
175293
73221
103430
97529
7396
220931
162364
143524
48556
206337
151300
145334
249286
70662
241614
30524
193056
67394
152563
204150
38996
152106
77185
3097
158649
75604
89144
86343
5708
149715
63657
23398
171823
62073
35781
144443
65458
42901
97724
18271
227324
218795
226815
93891
85730
168547
179163
179242
207987
1078
63665
57883
237255
168373
148824
51303
63615
27988
225311
4837
150326
49343
131442
163478
230979
212131
171932
115220
123703
59270
191039
205560
85823
181537
119002
233285
45739
216420
229264
180767
194887
172407
121368
20573
202585
48336
244868
170326
187039
247350
208412
7533
248142
221631
175110
169021
226946
208625
233855
195976
50841
231485
124938
86582
237425
208901
225790
89736
175109
69520
131508
28495
8095
55500
70905
236096
199537
106369
161282
237224
188029
232080
237736
96063
172345
210290
241230
203333
78469
214070
143279
26730
16726
225407
241606
202337
75543
217710
66482
59972
88480
246834
176664
973
12163
107066
166143
239304
225569
175362
68856
133189
102505
226966
105598
29010
31990
186937
242344
247334
19119
57223
89907
211306
186820
45604
26503
152642
60248
191866
81273
172829
175361
69092
135071
228330
209772
206462
182749
193764
128451
152712
231132
39090
104512
228162
123821
186000
104263
23956
167073
226778
8951
140577
138825
118325
119772
179631
189881
242365
131902
3439
50180
37184
19626
158387
192780
77433
228864
53093
140749
132891
126474
210503
2308
114807
18746
158620
215125
209306
179894
24809
227902
78615
172627
13144
190611
103536
42465
109359
122787
43566
100556
243740
118393
75999
51747
85381
42761
87731
76156
164011
1224
112767
215701
120517
83429
100022
57143
214859
18542
117460
248532
166342
5160
132302
157452
117372
971
22364
68017
61418
14830
216982
204037
186799
16058
180981
16712
153305
239356
43004
212790
247099
186578
85549
124151
169070
219272
69602
179964
236598
80377
117668
144928
144510
43772
70665
8353
48374
43327
108492
125035
104389
1545
198877
225655
130212
220066
72308
136869
172070
231053
184377
5367
185071
5969
183334
206120
101560
37039
174417
227513
172416
234236
97239
125261
234391
35736
103525
141168
44517
211769
249570
241668
5577
69960
60732
213548
73483
183154
113246
107452
148036
170854
43337
152695
72046
158770
54364
27347
3225
102213
104882
3915
58591
134122
122926
210976
184681
61142
181296
205587
158118
49254
105148
33905
234526
159614
182240
54541
177979
36259
72994
136962
139856
24990
105996
124030
212668
28853
136798
165592
88219
127443
170129
213936
174994
228625
222181
35060
80484
81100
59615
124839
167236
20786
58893
235254
171662
95638
180201
159905
164396
81474
10190
173080
74782
57221
57275
76925
59406
204238
2247
238024
104537
42195
60803
19347
219305
157206
249545
235507
211240
29222
15507
3097
95869
175621
58182
228975
146730
115419
148054
44039
22202
82647
218150
129554
205299
104293
91218
150591
108112
27750
46091
235558
8182
69713
161609
212708
132358
26403
4543
11245
182479
127089
41064
171914
129625
248875
150349
116841
171057
3405
192579
171440
188875
57160
234995
223327
190359
204699
89266
209426
181181
24368
43378
225688
30298
111099
184083
246051
232662
78149
139489
77653
240942
61460
197604
142751
203165
187495
187743
207853
165767
172878
43138
50791
58471
49297
62969
185217
230940
34142
71174
27325
40480
29867
163523
7203
223334
201420
33511
48120
245404
141415
247815
12134
115103
158397
225756
231209
39286
85787
75104
20418
127628
112620
231599
86129
166123
65006
42156
28122
154836
71460
7563
246711
89550
75541
238390
146657
163688
212615
151460
139567
37254
229793
237884
73245
151359
137856
82923
4782
195569
184474
87556
135868
162394
196365
164656
74074
86930
31256
182017
199833
31971
105800
201522
207448
225806
173391
130876
215598
25291
77694
51918
55539
246134
136716
46763
6226
198469
234275
121460
29984
86571
126407
73636
127581
87726
118740
70945
72088
232194
152659
210053
11684
243326
140117
213529
176343
178861
76806
37465
19082
149948
58453
243756
27575
117860
123529
46385
90032
172039
137147
24567
21701
99303
61204
82769
15327
153467
120370
138855
195758
59296
65542
104607
58093
160273
170410
63891
151638
151361
97785
2881
95937
238898
175677
52876
106015
219966
162755
18729
144255
48152
175312
58065
183870
74228
22622
223830
211046
40399
68599
51858
207732
201191
32974
186535
212986
121010
52181
58882
177650
51981
109576
147443
223442
102813
18354
92121
107306
85260
198609
57208
154869
85986
166161
43710
206017
52023
177420
186398
44712
236478
71837
28246
236748
158384
219831
200395
246794
244429
20565
74949
179703
1834
146697
189122
130345
14021
85553
186269
174210
203514
100331
230324
14003
70395
238846
248748
167114
54062
124063
3441
235518
126647
160053
28318
174747
204934
100539
77233
223951
119972
150025
36513
85635
221008
103456
63175
175745
229443
240856
156003
62711
171952
228683
65876
120920
118712
8212
100212
38854
32858
75926
25135
43421
135503
17512
47596
23231
40424
157896
122458
18531
81915
226744
168265
175772
217856
36020
156201
49993
169975
24028
25822
3653
214533
12347
182039
166931
80977
121726
63241
84078
119450
170557
64053
65384
123440
123384
188940
79628
2800
160626
116475
200982
119421
51626
3352
8540
104705
227341
240155
31967
101109
210782
16270
96653
35501
194267
116186
242632
126198
94167
49397
29079
231717
244359
174080
142343
247469
14250
245271
119653
77430
47199
30586
10944
179606
178408
194715
186770
41005
148156
202121
46801
20962
54411
96080
28828
2045
192532
71621
116389
42669
131591
50970
108985
209766
58944
12273
126503
82700
143609
167387
56937
136757
191968
245635
23976
11287
23804
130343
12068
161172
52522
78576
183509
22505
5203
70393
207882
166432
68222
175991
113870
68504
240927
5844
215780
134778
182146
37411
138786
93176
70670
44290
202318
193676
6781
150327
228266
180671
147803
244611
211942
132166
95149
188706
114971
95895
219761
234535
157510
240802
240601
142928
202834
86971
112244
82212
5414
79641
244668
124546
216973
149179
148940
121907
81000
64139
37205
96272
245515
120131
222975
183012
83967
128638
213576
46947
244379
151352
156816
51510
132152
136653
683
23240
98891
3706
92663
62835
113244
93124
35082
122160
230775
97544
27752
212783
217224
161492
29648
133051
139011
230426
200014
124203
12267
193417
219387
63884
1742
194752
76160
126711
95739
207789
104345
116194
164127
222574
154331
151014
66868
47973
217990
74964
83992
60637
52218
122503
119612
40211
61877
231850
237603
227250
248375
136305
49271
60065
18819
55452
235568
72203
174660
116168
81681
63172
109069
2614
14503
226873
125539
29374
238215
245270
64567
130061
5109
22769
141961
36902
102118
204419
85974
153772
87747
229008
58248
16753
28856
200430
114519
52009
235400
200580
137715
227074
137967
101772
184172
66175
229229
134368
49705
28997
91922
125906
190470
4295
4865
217969
39193
143868
132711
20315
4644
135236
241174
193878
47377
200157
186043
36687
54199
219557
215225
248673
98162
232622
24819
164102
226199
125171
90718
172394
182259
14219
4495
91408
4634
45148
225116
82597
87761
174790
76050
68547
94150
67731
217792
57508
37007
190828
990
29446
103882
153550
20837
194367
157178
161679
218063
187257
56727
171443
199580
9359
181764
249551
143444
63614
189388
220214
230914
87919
12539
122392
138016
112603
46487
227286
100250
117187
181269
33101
225407
188005
154125
155583
175488
242777
60781
174338
51780
94175
108652
195179
121803
149156
135515
77410
174446
39472
235818
104803
240431
55272
173258
186315
25702
166821
199045
1786
107800
191021
46830
87534
102260
96721
198496
30173
247001
150503
235340
210721
127203
212526
232924
117267
15149
75414
102715
123598
31194
7169
102816
208706
28708
104883
138023
3626
82692
144669
113928
7805
37118
105294
16397
120800
190588
186911
45354
183381
143523
83585
145675
124112
80679
15759
222761
19727
172556
145555
16710
66123
221176
42852
196583
174942
36874
16052
167596
71862
59365
63222
232442
23786
33536
207853
141677
75231
36625
231944
29288
134542
218772
133728
185443
56019
2969
69632
38846
176427
143549
157640
6978
39627
173551
57189
39417
64826
174996
248117
110195
83246
181117
51339
77021
198507
213967
74750
100548
116933
82676
217956
13649
57306
199871
182151
134461
38343
134242
74845
137519
208948
195278
94371
88817
238849
105610
186465
29905
184531
192747
88560
119627
167004
194582
103515
207730
79447
173654
239618
162186
66251
210912
163001
193354
41854
104180
144465
94982
172635
128395
165999
231450
44587
99931
74322
143316
223568
49258
151460
148644
55187
199570
237172
243436
241415
167415
123780
174851
246483
225698
13017
80302
116158
48320
27094
124356
128928
132702
169506
200035
114175
111908
54022
28253
90593
86817
228889
216153
198623
201031
57818
178385
80684
161985
248467
95994
155387
15914
187864
229141
34373
42984
111556
197785
75060
69220
89886
172172
230666
209135
70491
106445
221214
205625
38640
72958
34709
159764
95812
214780
145594
93438
44491
133806
189588
23333
73942
122561
133162
109076
118322
113216
121025
217461
57493
249167
129468
8717
191897
43951
43170
14967
11209
60327
76881
11529
186506
166161
197704
237947
216613
163545
181200
105845
92980
38738
217416
100350
235080
22418
62325
84131
187935
76116
10508
68400
168375
83970
57963
143412
200741
116166
89021
38341
151375
162369
235811
117314
160191
66643
169611
125310
190753
38871
226428
30505
141801
75720
221521
122220
239082
2860
215126
178961
68636
103301
232138
145817
197022
123600
106470
49902
228799
2470
4550
53575
112983
229692
175579
192096
167193
206101
161494
130906
230696
182825
101528
161585
187149
7852
171809
196005
87056
22154
66592
110761
76061
143771
168334
180942
245190
32934
245356
36236
158481
73725
42280
172238
186053
12508
96635
220362
11178
23305
71424
173976
39729
245066
47033
140645
25776
103331
117726
10409
36200
148520
122367
203325
3913
191450
238674
131106
136243
207073
226391
228242
111159
225
248698
104196
3405
100720
168640
71589
178363
37411
26122
23797
193391
108343
206065
59293
172666
178042
32447
38907
126303
56679
131457
201102
155698
64360
198537
27132
11070
237433
221330
89868
151503
131961
94755
28859
151707
51857
62205
138155
26904
63417
51883
44748
25235
242958
68417
44315
205958
236714
234612
235703
108053
13930
215042
110690
38886
8502
223798
241328
218640
116499
156718
111695
53950
102364
175083
165772
168962
181130
145609
222144
158785
240348
39572
70739
118834
128792
248070
205799
70767
30692
33745
156613
118492
179791
103302
57802
175984
238290
9496
90339
2723
175798
204754
146597
139619
120881
33078
116062
241129
243151
226980
167523
71474
56063
174668
25577
210536
213354
178035
11934
177100
234669
230754
213610
181440
151247
100223
87985
200951
10791
25297
49591
165023
92800
184772
10686
14786
124421
202854
210239
116154
40886
95952
146196
171129
202497
186903
45358
134208
157353
98379
92178
195395
142364
206760
211884
96353
134848
84137
8691
119139
82353
141891
26047
54863
207589
188725
240709
62876
109208
16242
3682
188136
162405
205846
205441
103509
164099
168007
214280
25593
108116
115344
195188
224428
108955
31070
37783
243596
185000
231828
192033
112813
24567
3186
78405
138824
170993
165980
230062
153749
245908
65137
67366
229464
24112
77914
102859
121374
196547
107737
57822
180209
26398
145823
86826
228940
101324
140506
209985
53465
112947
77702
8197
57166
89206
9702
162269
128385
205349
189890
85031
41221
55767
204288
96199
37145
210261
172725
61659
5255
8846
181778
192347
108510
54718
178284
125644
235200
150767
88654
120168
31848
184280
49892
111788
192840
132554
7344
150838
196063
187311
153630
147230
96465
116151
247848
54034
219131
139222
31450
51434
16462
166722
190015
141091
150905
233999
42553
119552
81737
54065
236312
108046
43540
191048
76815
151939
12289
238757
62156
132456
188496
159407
123100
196803
184059
23494
147874
102473
169129
241604
190193
97139
36089
143328
123931
10091
148098
239437
176728
47351
151451
59261
119474
61824
127689
115067
97123
19654
66742
31527
42164
59897
227782
121926
230208
146832
7554
120243
79849
197885
11324
16248
208449
3172
92549
195071
122052
202006
209103
212575
83432
105126
68046
50907
46962
182855
119298
62030
54433
44291
134419
64252
248378
157211
112936
106962
201726
56951
82807
173886
90718
24757
234488
42515
74421
52664
131001
128841
92352
165357
15314
36466
89861
92498
227545
58258
208322
101508
155306
100350
119357
246836
209603
222805
201602
77651
183041
98185
110869
96722
96354
220345
145411
142303
170033
140013
48732
114380
170767
247341
206591
29437
39818
205366
47875
67663
236593
7493
132966
140603
226455
237733
62409
125991
11696
77602
171719
51118
194628
83574
219866
134738
241024
85729
34002
162678
208028
236944
109919
101322
209163
204535
29826
7105
214430
221100
127778
42193
123286
192722
218727
260
127731
181666
95858
119726
48216
143347
34326
81104
97240
175673
118884
170625
69356
3542
107958
33262
206568
230349
137474
240601
217489
249859
6546
4829
119618
25708
229864
13231
217252
18883
40133
3012
213134
137986
116127
158364
225576
243495
216302
205402
157859
183362
154772
185081
214633
93338
154432
34531
86164
49017
46002
36088
189601
49713
94791
245972
167363
12962
93999
169073
56885
190292
214565
216437
153582
248548
150775
10666
93105
49399
156712
57077
38692
204476
26286
230357
194256
237934
174482
195762
180073
217133
205405
228984
159259
9389
453
109476
48179
245362
127002
37236
157699
105960
134638
175534
226195
41669
76501
153546
159853
14064
186037
9693
212559
146003
70763
60081
129843
195658
118710
225128
69493
177157
103288
226856
46497
196483
35416
201665
46999
217427
190751
35702
54624
8280
146886
71133
36474
116680
161485
178069
45188
159952
60050
183934
209615
13563
3919
128286
198266
225039
173387
64621
205193
214061
40817
187177
8641
167871
47039
174224
186326
183834
118486
53671
144605
220514
46047
181258
39496
118107
154740
96325
14632
72956
228013
94052
48599
65659
65290
169671
100735
21157
237295
201913
206965
221011
4957
54795
29109
10189
10074
51506
242257
29180
244626
56616
165960
196951
21643
3108
33961
11141
70735
216418
33205
39519
209933
56101
9965
144324
100709
248007
81234
147296
79995
127902
11862
147318
131442
198083
136383
230375
67542
147574
4727
182980
55791
152457
243076
105935
8700
110088
95632
35608
180806
233895
55992
73911
234550
187938
207585
96060
218314
218485
155148
146962
21947
143791
249616
224554
12296
176044
40529
210399
149630
243109
49405
8998
38473
40356
189459
214552
115218
49627
58832
225958
55997
26895
58382
169113
159310
28881
118765
91733
183484
3064
43688
181605
22285
206992
5168
87583
162253
48835
218375
206462
83614
241627
217708
22598
163140
91545
198502
198744
19068
22566
215146
119464
86495
182357
201012
242094
166916
343
91941
156959
27363
241081
170526
146792
86879
35407
69386
98979
184438
137670
224028
139300
102110
102388
8626
159219
137563
34459
78805
129068
169402
228248
175107
143107
244466
234820
87389
203713
198136
1516
51109
218241
66266
34266
160335
239479
116962
204503
50743
182639
32114
188047
63409
52307
119955
146675
175609
246126
55578
138790
105338
217745
146688
153657
185889
36212
211760
171120
173281
122322
116438
97946
37957
244513
204843
107571
38302
180466
39978
164980
115468
52509
30315
247939
29447
10200
17003
209290
171346
232757
153522
100769
30192
192104
176101
38689
208771
228014
158032
79978
157201
73786
119825
149175
246937
32338
234528
203611
58816
47940
60083
2062
33911
177279
140846
123099
66361
18890
174256
49175
148040
68069
90193
76066
138934
48463
356
165122
57917
114415
14407
46316
87833
3174
230107
51281
26955
59451
101451
197626
177873
15487
4733
196030
165212
55444
17779
130453
15696
233113
218905
168769
87519
200248
68941
56268
184897
96892
224566
95580
212623
216286
246732
140299
56235
57743
141147
88833
179369
203240
228105
164870
186383
158171
137972
240720
113171
190565
181600
155818
139987
195420
245322
139611
77482
201143
234912
207736
166269
98361
212937
46864
41061
106696
244500
129775
220994
10816
128035
244637
82488
70418
165847
54684
51095
31973
107621
123450
20095
91448
113968
135192
23686
80943
125875
240457
210484
32473
149307
198926
204876
147982
179947
187549
228211
21375
106412
48733
87856
229563
221167
243897
166289
57462
57068
186802
114488
9072
46641
73488
144679
192206
38015
104876
205882
129313
180483
190719
213337
217825
240236
54551
15825
214194
27049
191936
6628
224113
235642
61447
137197
165709
22423
184559
196465
199812
134680
35851
10928
68114
48858
213580
34865
214284
245991
149023
92468
121445
238883
42833
103740
221730
5325
11313
81740
137133
121412
210119
143071
137781
182068
222092
78552
246252
21022
81922
191007
111436
183171
84973
29551
76186
65852
145521
123661
75565
147363
55987
240062
46772
110810
7710
49334
139467
146776
162942
67821
206821
77147
80894
70456
224867
159674
98864
248966
212543
195639
91126
41551
65050
91905
25062
41374
169890
143375
4627
149856
211094
142446
170278
31180
243073
186083
163802
197648
67906
123512
68379
188769
83298
158773
177640
177866
130778
178378
66214
25299
156958
109167
129250
3999
210231
43307
93638
22489
88257
25850
96401
105518
249857
66013
34652
238881
95751
50109
46167
43392
59441
128570
101571
124258
139048
154700
103904
46960
51709
80477
207727
83775
229144
20122
110745
135887
194203
128567
240508
104758
935
42499
175350
245261
237950
173801
181252
247736
227650
58697
212124
2768
239720
126055
169399
131771
84549
150592
66567
144133
78671
158728
168823
227307
141951
36361
158009
23274
225058
145458
22859
183937
188468
228480
203136
34198
185114
150801
139857
163857
87794
197212
156109
128494
224770
145803
16516
112672
216329
61718
43816
15130
97135
41800
113804
4130
57987
126791
71711
37470
228807
164327
56468
3023
156123
187516
50829
41492
79414
186792
62308
154235
228112
82464
186109
164930
145606
203683
154092
86023
110515
152409
77594
90082
104172
34128
87030
106868
187167
44225
97849
225433
70229
58628
66735
220342
90726
118609
144789
111237
93894
213600
45956
72472
237301
103270
137065
164349
30006
229447
71925
225445
94103
13787
236171
75786
176910
178596
66572
50463
140379
128963
164700
168264
42970
244740
92220
116468
60820
169832
14739
60356
92098
63900
133283
35134
68021
53688
18011
105745
162997
151710
126900
4126
143675
31877
244550
160093
226994
205417
101014
145828
80161
146416
144761
148904
120332
112910
134310
4730
161849
188029
141144
7942
64571
19180
91566
3107
215815
166996
12136
178688
144090
66283
148866
224186
206809
160815
21932
33234
203285
153522
52302
235603
177104
180680
59249
121199
34067
62712
195112
107728
185061
23378
81591
206428
216433
111688
33633
108241
216552
114920
170687
114649
118542
68055
13295
157316
99974
82611
215178
171867
206650
144846
112934
121632
18375
129674
35251
241816
229065
173837
140802
142050
42518
224728
100133
82244
183409
28654
42577
199794
219580
29245
201276
40706
24314
110818
10510
157821
135117
184451
165266
106740
181293
148841
39063
170464
214986
207060
43092
23581
230045
72859
34991
22306
75595
188731
178314
156562
137224
170766
95309
176087
240392
183639
122283
33820
227477
72188
81842
10563
60468
229496
143085
27227
217145
104657
204599
93173
87837
206486
279
129162
184937
238686
57549
106866
239730
218420
51351
43147
170593
150625
86397
86611
10921
75890
248279
48207
66348
191083
171297
94009
22298
83559
247641
206989
9811
42196
244611
23322
5011
38024
229972
190374
194246
25611
200678
2404
128193
200278
141645
143789
110285
156825
184711
71908
244923
22028
226552
176712
156991
18084
57179
114130
37778
152608
98122
241570
134121
86786
138080
141171
114576
199084
60526
45421
147636
82007
235000
41708
36079
226801
58623
246152
214731
232309
27128
189079
240118
102533
224991
74486
155231
158489
18188
109494
93565
30446
147666
150057
221077
37799
92995
39181
182876
64061
129222
58542
240200
246716
184520
198873
101949
195088
40284
156344
43818
28039
76178
171300
97287
10977
92032
143569
433
183379
108625
1244
46886
96936
130905
147341
878
120842
167015
94507
139497
224380
212205
228689
154612
78306
21590
76454
118133
114179
140725
131239
110623
102817
126103
58961
84817
1445
31810
186609
66420
238753
132189
41309
241147
15182
242927
215016
127659
25382
181879
193662
24119
49474
151348
84672
159890
71231
13736
191270
56959
139431
213069
73447
211520
17800
110937
127967
189020
129346
237105
220906
53070
6590
200967
218288
15265
133775
42562
2450
154955
32148
118936
147443
111147
190206
67825
206562
239220
89905
140454
27391
125261
236598
165859
137973
4842
153148
10532
157028
89879
115006
103516
26461
5193
36791
91137
199591
50757
161365
230475
129223
105322
201256
244494
138251
31312
53372
33377
120489
121911
119082
57664
142903
61998
6055
61514
164448
205867
78970
106390
37232
168486
89284
4655
62045
78653
235354
195021
188013
110760
37491
164269
139176
40642
237603
133679
139805
100356
248083
224892
4547
154999
149103
20267
118389
157090
142202
235367
233016
119331
25085
33825
171006
71772
15704
203493
152906
40203
27371
219277
239798
239207
88907
207486
182476
20171
105606
95913
178196
5342
122236
39359
103772
18487
111354
5721
179576
202032
111581
168822
104109
23508
157391
170445
243244
45408
245123
237166
25991
699
108020
162355
241299
229778
46258
42259
56015
192412
226242
221107
219701
189550
33915
17188
81589
16818
100910
154629
68416
5739
38426
162632
93585
138315
75420
162330
115598
172131
193950
57530
220877
67235
237709
192596
133569
225543
70439
73390
142726
144733
103657
239726
173099
13601
107376
64001
141949
114400
25980
249477
46079
231120
130026
14549
83976
226183
168724
147069
209560
155293
133618
137627
50223
180592
76225
244111
46221
225791
234553
52810
59904
240898
233050
213232
209138
125637
5962
92786
69428
56454
23392
164215
171741
49506
201028
108672
3364
18591
159398
8733
238073
101787
227957
189833
41408
124561
41198
235511
118359
126721
76137
204381
190198
30100
129608
170288
172816
7824
197797
210167
202769
108806
48608
167874
29319
114324
36262
90740
161796
7822
210729
128768
207194
194959
57206
148384
87011
109308
175127
41343
49761
155053
37354
66844
26012
206801
79803
74936
132994
211415
241855
16805
249889
8858
166465
73974
210016
147396
106272
62520
178993
120880
49656
225680
201859
139625
248427
27874
178313
22180
50362
119206
239552
4519
48411
182208
60928
21708
201506
61802
11764
89369
237129
121394
43484
134738
39867
179604
143819
202818
69997
142462
121290
216587
85074
98565
161680
202694
82745
6838
158426
57699
2096
107770
127116
64831
182530
161470
191933
199945
72598
58210
204174
80393
127051
137309
154786
233496
221744
57452
61513
125633
44808
152120
93536
212213
169834
126396
65475
118370
186658
33456
131638
77446
72476
125565
153254
119236
78355
119754
132265
200161
133027
84502
109181
177261
23502
173752
84856
194198
169634
246711
189289
62102
247475
10571
73894
9045
127059
239760
184399
244805
65567
224196
63717
59841
169318
57330
86284
176272
160893
26406
36008
214568
170463
180218
161893
150980
93157
204476
37648
133915
208276
195093
56116
218269
40065
205143
37939
98536
28526
81046
206714
82204
176877
1562
169127
9773
10164
92359
212363
24840
175821
57483
41078
141347
57106
116887
217655
146990
144258
87014
186197
247572
80385
13956
65695
179505
115539
242311
115402
249780
173287
11066
107071
214170
232949
93995
146918
109573
131844
41296
61013
81959
216548
51751
194718
14139
72975
154814
227675
976
180149
374
63396
4821
88705
201711
120424
226046
123774
6449
242958
129727
209975
91655
144187
239138
141659
191302
201605
8365
11726
29054
243576
211341
71184
10824
28049
199268
836
6507
227798
234677
182119
48566
106064
206849
244170
93455
22830
245516
238074
132222
154073
111786
248347
149208
162989
144686
217710
82070
221656
235279
22549
86070
138403
164604
7575
79608
211483
48688
234077
4368
8434
95362
177422
28985
154902
244697
57253
149891
185603
59265
54052
50227
207730
24613
79779
118722
118153
150489
241393
95969
32649
195286
127642
92209
53112
116144
98319
165764
66368
2310
19757
188228
213384
190243
23516
129019
144565
119328
55389
234704
26684
143225
195160
201934
193659
8074
49845
116392
102292
28260
86976
40947
134833
219372
52188
23334
204482
124843
73393
78510
133008
48539
210770
43972
140529
31034
221340
70708
67610
124295
240901
185875
141738
94824
18453
140480
141072
10322
232767
81478
189627
38209
174431
208340
105443
16427
184339
102208
247216
105942
188271
178262
161817
119875
118280
224260
139032
55117
28971
4326
204499
137400
174234
166451
227151
210494
199120
100174
164452
16264
47669
131737
97200
99311
33152
224666
193163
143650
7298
23591
67176
49435
59701
28156
210827
132013
245511
54300
114124
56553
239399
220259
54901
206843
239910
238888
169331
82932
168227
128434
71831
15189
119321
86170
212898
229843
192400
117276
162934
170641
184423
237171
103439
155951
94427
118509
226201
170268
168142
3182
172295
80958
108809
110823
14573
100124
95458
248183
198651
2622
80802
166043
231978
150995
109100
224164
131718
234802
105659
27479
34533
128865
95140
242076
226356
77290
83945
121170
51791
5212
232069
83600
194869
211763
219348
80728
189189
232836
134498
37780
15886
164961
223334
114438
39031
149410
16347
130367
171394
208311
47365
201861
24305
89266
154128
186081
81602
2696
46317
173131
219845
6865
103882
18890
14793
28999
17183
248879
62666
154557
147160
92832
130041
10480
73209
173345
138331
216000
219695
219769
244295
82501
90340
77683
67540
89535
246769
188076
18126
229141
207408
188155
9381
16277
60459
82192
37138
225910
156248
135688
164797
93678
162184
47615
177860
243213
103833
155312
245726
26491
66861
122946
25066
123591
130186
138570
154625
170113
220264
21025
222168
69367
76047
155707
120131
2951
6580
117063
74311
173202
68047
6025
108617
241075
209060
189530
178492
215964
104525
176624
181631
236359
23306
142703
136408
5674
204856
72764
19973
80315
166486
205346
14910
88644
77099
161625
123756
249116
8583
213371
36539
33837
21610
185969
109117
46200
94418
214207
134514
199636
72620
172985
146934
25701
175111
132160
248258
45511
93027
114403
193035
209451
190046
103261
99938
70571
73956
59034
45580
2141
66985
245201
56532
232319
69113
27916
6121
160946
147164
159271
26032
206889
16500
123338
202466
44715
136752
90830
200018
25991
225731
192639
240801
160009
7015
11609
123043
7354
122873
55162
222829
145395
101236
237732
2540
107739
119441
112631
76480
224762
246409
109315
44676
110229
154750
56000
187122
147498
170269
217638
163503
140895
38354
21936
30485
147612
157392
135071
170706
13572
187727
105214
17729
241304
138842
3614
131580
103984
176989
121525
206398
184526
139843
214320
149235
132391
230948
163550
114211
195764
48026
150847
13264
5971
232918
30286
70601
133770
171265
63427
77760
92924
242687
207653
213730
145653
136972
67038
238397
208845
167184
176258
176169
182350
32015
225115
220600
84305
181986
215843
211027
52313
85810
233142
126374
157173
35575
194509
206123
104061
65284
242401
105937
167391
165728
10675
121650
56839
13418
157023
112419
184829
94986
24656
188097
153100
149982
136754
118065
27993
62836
210496
4829
245737
145836
83161
150806
162638
45371
187116
107299
130595
180363
151394
144751
187244
129949
81315
124085
19392
168431
12156
240752
115117
222410
166679
204516
158038
111551
155287
190645
215671
246105
229102
161234
60318
248216
115505
4947
13215
104823
239028
188897
36628
190634
120487
38685
213903
118129
83534
212575
15160
105483
78281
151345
34848
166210
63153
120142
24692
167249
127969
27707
215855
137125
203403
55054
23882
143369
215415
126273
144654
196551
25251
65919
119541
185420
232799
110408
90667
1598
192761
147723
7033
51049
67680
25492
152062
105913
51303
206986
59587
209332
212816
112446
182194
7195
18549
216096
94
113460
166501
135352
234069
97690
230996
149499
228550
246781
213320
226853
56040
106229
101497
234658
95309
37124
74949
8730
96745
195417
153392
237596
170691
181702
136734
233705
140458
2271
229276
200355
137235
209880
214528
64220
174642
247485
98466
107652
6902
55384
204760
82553
34744
105185
125278
238785
101975
200578
73653
58030
207720
96040
32111
189745
45346
194765
8651
88075
186213
39276
154310
151963
216965
151161
203437
43608
53358
91805
181800
185613
246377
45119
116674
203379
15620
237155
105790
236661
116621
172894
136018
199851
71821
30443
140370
109958
89616
111608
117207
76314
43891
127433
249361
129731
205960
61148
11703
217785
223353
82839
177273
247336
44199
223513
183764
195251
24079
46214
82102
175404
166146
159802
94174
109118
178405
116299
100985
6587
50672
61829
238735
51814
98896
220686
70848
200379
142610
167210
22414
33390
40735
234975
94714
60199
2066
224085
153327
69166
188545
177369
45175
142793
241833
166601
60783
241837
142862
76731
77507
95815
112401
91303
218748
22443
123112
217240
35352
181650
14979
35907
191571
90057
141762
240484
18589
231147
29284
224344
116542
15740
169873
73369
109360
241472
4128
249900
10980
237863
199844
212288
175293
208758
79545
205135
107803
69872
67281
109042
100808
98278
132969
102718
84260
2259
75915
218795
183207
108133
116807
248405
235306
53591
161319
36525
249958
81826
10216
11745
16524
148451
97735
23601
117352
120275
137281
168899
145073
230835
161732
94180
112053
126944
3919
183706
118560
13908
3002
127575
44872
247822
39652
196916
218843
212249
248117
115521
42053
163902
163830
107070
142850
159668
124194
19648
93340
178569
102775
104976
218370
13159
199900
204950
131235
90392
123959
65993
187337
107922
198121
101777
114154
183765
132841
67241
20608
58524
30104
249030
121199
121730
198792
162899
66516
91631
151242
101492
174155
81682
117153
131099
86746
66534
242221
204085
165018
65095
17939
168960
14727
229570
184308
208905
52147
236771
103611
234215
32235
103816
213528
186283
51065
60672
238298
226120
30196
18476
166008
48473
83233
204658
159247
142475
12304
55895
144261
82093
181299
204948
185638
22739
44210
33494
58512
113967
243880
245877
108291
203817
50184
38765
245398
241269
54370
134276
54927
144289
577
37387
46803
156772
77682
139479
33064
141116
10119
248277
129003
169826
29672
55228
18007
166216
1475
132094
244334
187798
96595
26728
170181
153649
169053
137065
44165
234315
96784
60769
104920
154496
114758
121235
31087
169056
109250
16340
167386
11092
224428
72860
88302
103051
61791
220900
197317
219182
12513
162410
160776
244752
141257
100479
248295
227774
122205
60958
6884
196651
107658
191250
22301
183486
89381
61090
174833
217506
217305
122397
57838
152829
223640
201229
89066
134951
151000
24027
32698
24237
171317
419
223898
131907
100354
1077
34053
133481
173591
149624
21581
65305
101620
46719
210831
47615
27686
171301
39582
114938
109858
167769
165587
129442
105176
80979
170597
34836
128047
71668
205576
149455
196159
177477
47723
145407
174003
131349
2902
82052
72895
40530
153189
52995
228531
208428
101277
80674
163191
75618
11905
222460
221452
158541
67333
103639
32816
127301
157744
115116
50286
86512
104983
213356
224553
249822
20661
220537
154232
90542
89500
209009
83763
6706
206179
78500
190495
129446
28797
53673
150263
164745
167991
172282
154351
16744
103122
229051
241023
176321
119596
192666
224849
190129
49040
99080
24278
177906
5420
65199
103394
142020
159306
61906
181539
145658
65990
3166
185334
51744
182698
188473
77468
235220
121819
8534
60493
169134
16792
244369
100446
187447
35191
240629
182845
94406
94793
171429
177980
194731
135356
59164
110531
95584
4069
167855
71188
37632
188297
16130
101299
130001
198598
107627
55560
39768
43258
182461
133902
203774
171129
110386
154313
139870
93659
200671
35368
215174
168359
205168
110040
155241
20786
113679
80927
238586
229097
231553
57245
111084
158969
20578
170544
4216
165431
52779
62026
162677
106384
85955
214466
221213
135105
42398
13197
122078
158221
148508
74029
136918
35547
184351
167770
83391
134946
200956
7902
124101
111830
242180
43672
117377
175570
245683
197139
214748
169237
126146
129230
17477
123098
148024
21686
140749
146298
179631
211544
3558
89519
147024
39144
45087
142819
201200
182590
114350
68967
148305
43431
34899
27802
97938
195272
121581
105207
128600
245574
206528
23729
232614
233599
32182
30989
241359
178661
59924
65438
115978
208797
150741
192657
39057
74337
222085
75099
115590
139586
186277
172149
161909
38976
21910
34768
124199
134994
159411
245006
107349
14891
20259
50527
191192
154268
194630
150522
174277
58840
134252
176603
190498
111515
196807
27437
229747
85483
57531
64426
197798
85249
83464
58022
39842
128945
9239
52163
92316
104090
180414
123272
235455
50222
6701
55123
231494
175464
144190
165511
40538
101413
94844
10097
6594
3877
214579
66239
173341
33900
202221
140928
96124
203164
222449
67070
27387
181160
29372
11773
196103
109610
193741
136645
74071
244442
215014
94959
213664
158827
123797
245221
180421
69001
158935
75298
244413
196629
132243
145662
228492
100285
225797
423
60188
101246
104054
130384
200846
209238
31753
145250
97802
73450
40736
69625
163064
197326
236087
105723
3685
155365
118181
170900
117033
143331
30431
98429
128656
154845
246841
30821
96594
10627
233055
207784
51678
88101
197401
68981
247887
143195
212413
5203
206489
76657
237610
3117
42782
193779
19515
73227
150523
60546
111270
54099
210378
61316
28736
106573
159295
166857
219877
144959
209254
140173
224602
78536
86250
19446
96206
27012
184913
208591
176689
187303
95430
110361
94443
140694
235306
123440
13458
122197
50737
36916
85915
201236
172841
226793
177962
168193
77787
106848
23471
203998
67239
245924
76862
181737
8035
27564
193233
206791
13288
68479
84113
123895
46580
17392
101684
135159
10130
24834
20890
35685
99534
60914
5091
26811
216297
173985
63603
140362
37313
29476
205564
136550
211182
60709
52087
34532
25316
22096
2358
32219
135433
59892
249585
13386
192856
197113
62462
150021
134754
201590
119143
166142
1389
69193
248724
60846
68185
226696
161922
217359
86175
203935
98095
225358
73323
168980
53467
1100
160242
17327
209735
215371
141503
219377
227341
49296
59482
123901
28361
156709
171993
14087
123118
4965
83486
115428
188739
159745
82994
171787
1792
109327
166539
26876
230256
113696
195850
33523
192725
155144
238081
190068
131040
190614
104422
82117
241735
35440
56626
55155
166941
80763
12594
141670
109447
17887
26764
184898
36090
148552
49197
126424
27685
135586
235921
95587
10619
61805
164252
44356
234851
229914
108177
226299
150599
164187
186260
167392
129985
186193
151527
223297
49485
172316
199586
104110
150416
164297
163073
122748
101789
82874
134794
26629
93742
138141
46454
2397
56595
210025
8910
31606
74300
247491
57368
122337
232592
49387
84217
207526
217202
236590
157575
14234
244538
171093
152346
90760
192967
7546
177214
186059
57599
235285
86225
46334
149325
142249
207058
169901
222881
192826
229648
70226
107544
78460
16759
58292
10192
22210
47012
109680
23753
106700
157661
152996
129469
92924
157472
218564
91088
71382
187501
161224
20626
25770
156841
151344
247068
114615
152321
3761
236115
48144
80752
224671
46696
80330
76118
203838
202397
135861
120992
33778
119122
19341
237178
55601
159211
8134
171277
78287
55173
228530
5837
134855
165676
102690
118357
68607
74614
97777
194116
129082
84187
109023
98041
197050
212874
18392
206725
61909
181231
89352
132216
181120
19771
123733
33879
34486
56438
235143
58750
105309
129723
47722
9257
198956
221492
151473
228419
83688
157738
249623
52438
12969
63192
151762
147147
25821
225776
14826
10679
98143
196509
232704
166733
156328
133779
87853
93182
147482
111694
190709
83806
209001
149533
132923
241170
234256
25862
182052
32462
50878
236624
9883
158381
116357
191305
145512
145522
33638
27647
209026
172415
247084
249056
28552
157252
14558
112472
195337
217689
124370
119213
179681
25103
195341
61830
248788
15247
216795
49309
232210
159705
28949
141620
219418
114122
49248
233573
51393
145930
79727
233156
192315
108259
112434
218874
116047
208370
91208
84851
225912
41015
46835
138843
241365
236878
177833
64153
75868
92488
31193
185983
140123
140485
51271
223784
196250
159307
128341
125941
199458
150556
150241
138407
42467
245405
42957
109190
218009
90620
217345
56766
222333
89799
239820
60226
103331
166851
96373
50582
56982
1320
237088
124284
174830
161271
49015
235389
99884
202952
228838
41480
54463
247845
28719
110705
154729
114910
95267
174415
9723
60128
101648
117476
204225
99018
27710
161611
165803
52219
223558
215270
184271
221004
154682
166227
233750
196902
236265
244056
90153
146098
56163
243362
105214
226588
203552
6812
18395
2236
202197
55465
33154
156454
29710
44234
243197
193360
133729
101731
92996
121496
161201
82343
142489
226993
103938
137180
172831
237161
122151
48280
91904
181684
16230
214316
51990
111831
102131
73086
180202
9567
43274
240667
21777
60633
237062
225844
54185
68166
229904
115034
232390
162713
78929
96360
200114
107301
72276
56809
245951
226073
69516
131177
234237
223487
109421
154859
130970
53490
158739
204334
193564
137905
83005
65539
239167
247539
246919
43684
149677
72109
43467
206509
148168
173450
185739
208555
217179
110655
63425
224114
172453
153100
20144
148423
65295
180169
46109
163320
1150
185761
244223
13788
71173
58633
148347
147224
29068
243263
37620
74997
81629
180133
249104
118450
69882
219669
194949
178075
74654
68841
24348
156151
141291
239082
82722
232553
118655
55194
38240
163666
239504
81984
147634
98313
155504
104322
195329
88525
155475
91043
183423
159314
79250
100942
12329
36470
173249
202069
154598
27719
71229
42818
160650
29566
184745
194126
169545
24989
2230
165673
103113
105309
24132
124946
44652
223129
48836
7483
248665
121815
44308
124674
163363
76763
121792
54713
57314
118647
127903
176547
142815
34197
38391
25128
52608
247576
89182
118738
120582
82456
229030
209363
49357
237250
90819
70715
162461
128419
234862
123771
26750
206199
136989
102565
7976
41135
49456
155866
98581
215866
226407
206274
247476
18835
62605
64424
198365
73910
116368
89649
1294
113185
3031
205144
151218
200696
152367
226075
129271
59609
85517
129615
215617
160726
79588
131169
15935
202794
58461
21141
109768
153514
87875
115095
228028
109864
3751
210358
207604
204848
237559
247015
197475
62
137663
121910
111677
215679
178453
54433
148128
33125
48770
74339
71487
60346
117297
201212
133157
85230
138060
176508
