669168
146740
775917
757952
142207
110488
228904
509010
706312
798010
940791
362412
522922
628854
201302
487907
415281
794937
215067
407960
549262
788591
618747
109118
846809
464634
558402
316509
265959
676189
971050
147894
874421
267502
259636
36698
939924
926687
768430
649705
521716
608180
423244
327803
75758
855804
980114
267199
497581
539148
383430
267824
954308
41615
41998
248562
489151
922092
349973
238705
729269
258039
252941
761163
216683
126036
829335
71134
259833
805788
918642
194474
746650
793577
344605
597753
35691
666285
898865
955690
116103
874516
729646
745904
294707
774397
541170
334394
218060
402297
950790
728770
63076
413224
198753
702521
550488
864162
31860
926735
898911
320874
201072
645066
765916
11193
783635
92989
848434
66942
277811
732202
677768
513881
966792
945048
443929
565561
26118
406883
265827
259900
341243
236397
644577
502414
820399
235343
141187
645694
365465
858498
459227
937328
445991
239316
62002
590525
554919
888397
308838
921886
413788
930297
379710
539545
151208
340957
808221
810312
83262
189184
118358
1240
290541
383477
488011
541093
57961
710173
563179
268225
664213
324143
228867
376920
681414
275615
546713
32144
800671
11400
211049
865942
479773
744404
515053
979495
784351
613702
297504
177171
469253
933216
453096
245547
328858
725832
132341
204466
857420
163423
806160
748708
89608
903358
224677
625472
41764
938959
887018
54468
609063
770012
132580
471682
538585
425392
118839
453135
888800
505103
422020
995802
943985
648117
317106
270253
658070
464166
25783
842768
635076
219919
631829
745441
171797
950167
475476
872023
188818
590311
504132
596367
68011
258420
994899
938818
380370
726551
665622
72315
956306
16689
194601
151051
233455
886602
238342
766571
636714
165803
221138
694235
290159
695987
249762
784858
734319
550070
367040
150916
352476
740176
69352
214217
529585
692582
509617
5080
508642
575824
125482
951125
849879
253249
83625
721088
308028
217854
881707
255495
332303
5060
325332
12535
525968
731571
999274
730224
154415
316427
487637
859786
331200
458789
833132
409375
56014
793959
17148
280502
308579
402369
93614
466523
39641
666774
79238
494250
968586
861655
491599
771020
467011
6120
201963
546200
969285
563194
942165
945948
194865
706401
995812
708464
647513
995032
238346
391334
441486
376998
658225
655557
845581
964443
563147
206684
768476
164725
667384
548991
750239
964668
141401
746286
907182
514632
299633
407749
571189
902524
3363
332324
94680
785292
923612
22916
367875
108612
220992
839858
783335
224782
427806
702075
624474
638848
459417
843372
156891
514350
651203
110206
598738
412507
353380
83665
657416
23336
84294
379304
715889
21717
189224
826160
345339
269381
63842
4981
15699
412219
759479
982265
49442
109827
367324
828628
973317
953279
954399
780956
642833
386868
816383
239597
716365
355144
992832
951025
222309
567969
406331
511657
887633
875844
665728
80176
295610
187076
52810
514539
490069
660996
198538
279875
204008
479616
780392
808859
809077
692613
87921
239784
614423
301673
306131
300021
840610
446807
596711
926902
362177
519138
377090
38597
970232
341060
151786
685050
259227
985625
874136
523204
912057
938633
661284
585300
62060
156809
211371
106264
334364
573728
768359
310204
710720
59943
232859
801531
969504
888688
508896
101589
691181
592745
714194
19875
882901
835962
946607
294947
697022
514257
783377
357800
305140
558753
241626
110598
388181
773540
38125
467426
890867
785775
530971
477743
685737
75202
281532
109915
127838
683116
768127
13232
724590
358029
985993
27541
916200
35514
697832
899414
421884
766295
415990
582047
569619
71333
844230
340932
319928
399659
20322
166368
238844
939374
520235
159855
781045
912622
961781
972
430939
698220
457054
265449
922621
69535
387458
363165
159675
672086
462734
853106
75715
222064
73025
849045
306928
262680
12830
313180
140056
55369
285607
26849
656629
789230
917109
481810
361943
721938
804935
288555
927250
656986
785277
438138
837493
24831
169370
652663
123933
749417
462693
531172
19273
87694
594918
526493
330387
282712
963575
168188
269017
800879
402516
308555
564653
590739
611101
258546
75687
120035
684248
124421
728074
655498
91419
721184
940576
608055
490670
595859
320164
473266
358908
35952
793269
241769
104617
938506
805625
898083
913605
246412
347387
132970
652824
717040
51268
556751
719945
833795
924246
184847
559607
999528
433207
953992
968618
820524
281207
724816
665208
732398
703331
627501
792060
521392
125460
304970
936605
289721
346785
566944
37783
543144
454975
108865
591990
157005
613517
570565
164727
523783
670422
660165
728700
736680
794792
945852
870840
178289
703658
271022
685109
251909
631106
145677
388249
929877
445430
617606
276210
94827
671131
103462
595520
859314
282771
77325
180183
446685
548826
621684
595510
417404
862751
109077
614350
714544
349918
635075
688842
944378
140785
572589
506117
149914
371610
642520
483500
87817
402446
84111
64234
156810
754301
563913
933068
737936
789058
81048
691652
711813
194867
862091
756262
991824
335971
95516
636044
312029
379068
628355
597894
870788
256653
111646
868449
916218
632746
608294
40341
779524
539175
573365
288656
456334
539585
646234
26790
70597
324072
858607
597142
982486
654178
563424
76934
207629
935901
269862
159647
959223
754770
446562
332358
972822
198830
604052
799491
409899
577485
11326
241918
604690
881165
231350
639640
957573
934174
365208
150119
35668
576169
215079
322007
223795
246377
493376
653191
955621
544628
680469
453955
478397
874073
955245
837033
81330
309577
180520
897480
675003
583297
438674
181224
352218
157925
764621
75621
776752
641802
585319
157667
727229
12977
21526
795487
506057
379564
302330
409770
264818
278746
283573
209629
273303
124477
348728
602536
309259
184934
33421
799279
709250
38615
119493
607141
447460
366853
651410
187162
943138
630285
259717
483591
389949
286934
491971
615053
871182
964351
741691
249823
13857
929699
238228
923423
944748
951858
285981
530431
363264
424813
105234
119364
894025
341291
473596
455597
86126
262238
66908
710177
107187
660192
626390
729270
663253
264315
231397
37427
484758
407049
569889
279814
81425
206056
482610
397658
517372
392000
170046
543018
605190
567935
929979
767713
336811
361512
44272
162145
151826
200977
100542
880796
619115
256577
871988
311203
103553
221563
384723
495678
526686
939626
675431
154558
855189
136881
52412
416709
135940
169105
774536
807911
192445
148684
792792
281189
751967
919477
45051
778757
535188
421285
842234
300553
113873
94900
810346
836258
277901
619236
142029
846099
304846
416601
18143
414138
754402
764225
627044
454437
133559
226283
464818
906893
328730
704358
733288
646048
794577
466365
476600
144130
480151
584002
216822
859766
100678
482561
879203
230776
667485
505854
805131
489429
977375
574945
90269
808405
580789
968292
643129
68934
518915
290754
354343
695782
169171
327906
180827
739830
26701
278233
207466
639371
921199
486259
788630
58822
908535
250666
476679
760283
545363
203802
147571
955124
843579
348703
570264
957173
937910
416622
262200
734897
9803
751078
492837
92484
214012
601607
354161
288681
435379
877442
402432
362231
932715
227155
862222
820181
790926
526055
271862
875696
339728
135866
467920
662175
768730
803266
199627
593963
227516
805527
155738
526885
516811
365549
741502
566585
538244
198681
788407
710635
732985
551186
967697
725608
711888
967760
84405
296052
361824
660475
844497
552993
920775
815838
231782
396893
447548
740216
682724
155681
306587
396168
216615
855934
617604
510923
226885
293339
431334
932094
177454
735012
293185
251044
821295
662051
180935
445986
382663
715688
771136
183544
941334
206690
221260
965687
239585
434620
258593
634856
415086
301351
1131
732457
749159
631893
992543
831776
175514
964367
506049
532003
218652
821739
510265
421593
580914
865669
891258
457668
199297
790815
218435
212320
814592
673043
99633
825672
320692
195576
482486
918359
544065
423343
899900
184367
10720
510417
260989
459244
664470
481319
115192
493177
157105
37229
654853
518249
34882
579674
512154
728855
721192
31203
744368
810333
542231
540322
705438
565636
918266
910005
736793
748575
258069
454803
773843
260979
833701
16517
444212
875769
978830
193129
229186
456
250661
152706
535355
120333
577587
57472
221214
577285
293138
314568
907353
748654
38157
216151
607557
305134
236625
856431
60748
45591
143828
903783
154424
694794
480403
904256
476237
257024
13050
435173
392712
828717
704336
204546
824008
700393
419248
77844
277060
134377
586387
904750
800830
196779
92238
341559
141256
559431
901814
644635
23361
482105
57524
365439
866665
727401
917279
588068
857975
929060
250748
63738
993654
41504
809477
941219
146245
805739
367598
728063
757477
391387
419006
502144
94119
50652
667020
153958
138476
886485
197986
751953
400598
839137
287773
764392
732141
634559
466832
637408
398853
524218
678943
896429
919780
997528
263221
458422
659547
481326
389625
496365
975334
382771
868571
303328
878785
87211
969082
948312
319380
606046
959824
448458
815813
40494
758099
285278
993453
692678
567166
730217
769784
905757
288812
514027
566208
331285
919058
966933
111226
756791
527708
322262
620424
296088
43694
966415
389899
210896
833623
743613
601523
616103
442275
882023
714952
744474
453860
686247
757211
745865
916769
689541
509485
185680
475483
965235
111103
495577
254422
67541
661597
802443
430733
507903
691308
342665
482503
140855
447529
370615
354640
89130
366117
706348
323304
138903
165659
189068
150811
17058
279881
171771
83452
719181
889276
741322
614952
429070
419275
442973
795667
62155
657876
978589
307215
706039
21052
934833
473861
506388
486749
765936
968185
527943
198377
244534
960098
548115
86758
708097
356292
752492
389619
773966
653753
709288
978101
630210
891247
647702
522727
691979
191332
549941
4085
402752
361767
358160
559056
455055
305499
353272
447263
265666
490770
171759
705648
13061
37113
646079
112608
410932
611152
422996
68095
953
689838
570716
355779
731958
428325
514217
35385
727604
934967
950051
107951
658259
747875
757231
195052
694431
523049
152112
272569
587239
335141
779407
733892
22116
258570
16604
819371
165390
224364
895862
372943
720382
205267
565000
297357
20646
6198
754471
457225
548372
806102
24253
986193
847409
527632
82757
41891
994952
461664
18629
368533
837448
436159
481961
534118
522125
492329
715327
900949
287742
113851
928417
704320
518747
358018
338875
883351
394202
226968
33321
957185
124551
729725
498367
9582
167604
3844
183474
488062
388383
822768
553
921645
150799
252480
587403
224870
415663
407229
546665
939461
590177
772329
803354
349006
84812
345008
863712
878143
441011
9937
895727
918626
155337
113692
924210
560211
320582
716375
856592
103566
741551
683255
344128
815422
887745
789777
521615
478625
157842
567514
940980
258949
639236
552710
497303
393044
864975
887717
85417
84935
623508
942125
41499
550947
586329
165927
215584
975111
154762
475673
159791
982710
848084
972703
789475
100045
685788
636710
414227
426913
777692
41530
63952
737376
286770
699318
700513
373983
324893
181306
549275
268207
401582
332212
484562
29238
117947
406540
962164
719777
28485
491535
400310
860109
77786
239597
924075
484101
652245
891476
322811
319457
647465
547350
702197
231721
36828
7811
963221
959155
984530
115555
353095
585514
149940
237387
483973
990616
748163
572804
715485
742982
53614
223304
655136
629435
294939
222734
516968
805996
438156
114702
85015
162320
843472
651250
466009
715387
905372
643337
533283
671123
902566
465051
168856
492314
928705
977626
973608
83191
258492
498725
134094
186855
663928
562267
281657
757772
780111
631155
308789
359944
43618
509924
668118
842437
448006
865947
657976
710560
887159
60166
290301
377406
289863
423027
400797
686138
663641
296494
628080
50738
490438
475217
329945
200138
50764
93364
98924
975120
717250
203396
233844
370133
957233
70810
721281
441912
529064
965547
701277
159224
210019
176472
852990
8404
813570
692027
891665
526534
253133
147309
624844
158052
6780
410256
845661
531324
174627
820928
837821
807577
330460
507351
658013
865335
69603
135221
91798
982701
935119
705092
364526
175706
261880
740460
385464
362327
178575
579354
739327
573254
109445
400537
200379
549008
81562
803455
186925
766037
177695
504888
657923
949504
411235
836995
562030
780254
244865
114570
353194
944955
644212
934472
543738
717099
6042
498117
694525
34960
91681
872051
917106
118560
371955
164241
564236
947981
129331
50208
896646
913241
683025
347923
326753
956958
223503
916940
17945
925308
246491
327474
685015
661772
223431
291742
378151
784377
551254
258724
964222
198724
810890
642838
796586
849921
192854
906290
984821
212286
609984
396872
436170
313103
761138
177662
898681
888411
852705
344477
702634
6142
407206
760142
128557
705996
53458
837473
583276
298900
816540
776965
498373
747895
338660
723835
718153
506835
796247
762722
842571
525244
619069
101300
696186
835877
897683
616250
889324
389376
311207
312131
54438
821162
582469
140992
792013
977671
5084
729291
751037
725220
343637
939177
909457
577387
41326
240301
488300
543069
689557
844209
27102
273147
27937
29764
924204
201372
448389
167520
18289
48788
29999
697156
333949
283079
379338
441010
804336
863658
907408
699542
45637
980372
625749
162835
369640
356293
230652
761607
953355
310399
148923
76964
972055
969065
986933
530310
796585
740685
154251
876387
623032
567017
622718
156622
606844
995271
645708
211918
472515
879919
617789
82483
413837
680688
909737
193153
730827
462871
393542
718176
183284
905349
728505
303305
713861
350824
401896
998737
764166
601764
484847
596006
857275
361979
244588
433866
34205
771430
862441
281167
357670
2467
875432
182759
379105
946907
193223
562873
479642
146279
662244
878505
480466
632037
179890
772659
592545
997497
435031
915203
167172
618978
742053
863487
234771
146652
553222
518135
671014
859101
703570
231986
681974
593912
362616
193110
943836
547515
52191
77729
496473
35982
403123
748584
964856
174832
569093
355747
731413
540933
452585
246861
85638
805159
564931
622119
208646
514015
367949
531624
478991
980474
141634
497866
430092
413070
710145
158844
608854
422358
263681
130587
134232
770173
373808
917378
450961
989398
781184
32002
995462
233333
767974
943286
547232
25161
69566
450952
526760
838475
136598
65852
436580
375137
389241
570152
748814
16752
872437
123069
252506
525173
673542
925740
365539
948293
185113
474070
28728
514158
929928
729905
903849
202859
187932
235358
560833
451621
274823
60176
15418
404099
334253
577998
119252
722266
295882
699648
44512
70941
807708
558547
830874
62944
188768
29766
849656
429630
472883
350130
542616
594307
20833
194179
238291
113594
225054
519582
588942
930601
260172
850027
185846
604077
518281
790912
99125
219831
655725
739223
189765
637363
709792
586456
627566
845042
391851
912502
881945
898978
540123
900528
95664
375643
90437
405088
893625
400581
748107
621590
533251
200078
237518
304855
446043
896377
361227
423874
830792
329630
80684
705852
842479
474392
412198
452540
733120
113462
454674
947496
606306
676147
717058
25073
589252
389112
561868
706458
413234
83994
770741
368090
688256
343217
404865
939972
406660
972386
158118
711219
917831
820965
942750
772613
677917
820115
426133
257095
338962
134163
979665
214408
718925
398303
132683
409282
114410
839981
996278
145018
281321
188971
719710
757986
70511
268492
95710
915024
569468
418372
690081
283381
338661
945272
129947
46671
479509
411606
454648
806557
64759
608188
269489
54166
508693
675862
443069
618772
825721
969879
340772
138922
848641
975263
98497
935806
951178
389206
385471
480142
924285
483732
823437
715967
323395
836188
890710
723870
230155
578912
922609
147811
819039
111409
356053
262438
527721
666544
213664
172598
887738
185434
635529
903855
753579
799508
629767
516488
606867
113198
37995
237765
225454
731061
94907
666913
138640
627545
777269
929014
983851
798765
423317
204571
951850
173139
644102
561488
387567
699188
212727
484461
250603
807163
243549
537922
656726
739866
93467
490703
477368
738027
564944
672647
331416
14940
503868
681681
306737
161863
356919
150366
676368
429045
959217
729945
183509
186486
613139
140058
776152
228683
9831
688309
286244
932621
768088
846287
641958
755090
329774
834291
571298
197982
553480
149195
257184
584160
339642
278475
804372
825432
137092
788620
13615
274016
766812
386811
884779
96385
74639
297266
100860
38932
121357
341781
197180
569412
342840
25100
983076
579107
423740
638276
741097
111994
631376
489326
77841
332300
731580
931230
158105
790605
283360
270264
880306
754586
488448
909543
498728
559910
966745
298531
121368
469306
921265
454556
613626
335668
188736
91098
460089
108302
159184
116240
143144
300529
631307
160800
107989
125231
856340
448763
844168
109304
181034
751629
428709
430678
771703
677589
624287
372093
968520
381380
909784
95895
835962
369822
725543
313656
912367
33606
959846
891211
353253
5920
885726
15357
732555
246321
521664
910873
246588
208332
135731
558214
875336
592952
900550
750949
122169
736369
245213
361674
321212
568032
728644
379722
244990
846083
993477
29505
876796
782835
444786
387391
462661
872086
983688
429914
124341
60919
403052
112711
590277
678132
333602
982060
317593
805519
50193
379328
6593
178358
202906
453294
120513
102998
744648
774505
51645
809545
505209
215071
543186
131222
680599
634996
350416
12424
199177
580661
713178
252134
365004
118602
575277
531751
988222
748991
480907
206825
791418
756444
462740
626454
730425
835316
656637
897851
999753
388713
249720
923808
335306
654275
568631
429337
223579
349096
697313
507456
715447
493853
700148
638530
402371
77606
111656
920817
958888
869106
980759
258633
101291
776083
740043
58740
947506
591678
698580
155198
683512
559009
171354
800818
450770
827950
377282
190129
472250
321042
924274
31484
620148
17019
793026
992033
990486
196999
151721
894871
87408
836488
960446
859478
509033
674063
603922
541388
601876
463358
256968
292908
529359
116861
470726
573856
833573
338662
779236
594192
438565
353916
429148
847370
113590
835091
635433
201506
904181
956241
664946
330679
897728
917221
754058
293170
720801
622710
197162
163307
522365
406608
698832
8875
113654
917677
839054
447951
98804
65646
1867
567296
181928
688121
396249
958210
718708
635254
188967
151074
249071
205546
933665
957266
657987
13637
299272
370935
48525
949243
233202
489059
507031
587079
178915
300662
293310
574364
961391
490225
537000
522791
685372
877820
596150
92426
308129
850896
227376
229735
665209
667350
693822
589971
986766
994126
954418
702949
842611
383595
35527
80333
720208
654656
581894
622512
351888
465002
432405
232957
385728
463010
34006
307277
339279
40575
968912
813084
850285
611379
541932
32151
941809
902358
733005
850909
103079
62393
48294
322692
616142
690830
291808
274061
999902
255304
952063
217313
726923
23438
86768
973451
899456
339726
625871
60854
482943
329213
449066
568169
285969
622081
97875
230374
411531
127410
326764
589366
188589
168394
882887
339627
27317
425938
766550
243327
842830
217612
808112
121918
13620
570138
863541
927770
319995
709343
476654
179425
925825
712502
539183
802120
272393
88771
330398
38942
163251
692607
680289
241117
361686
822872
555810
639227
741764
529793
740510
971109
34346
930023
609221
120612
540665
268171
599377
320436
965380
3332
329843
43508
113071
910073
652134
740850
890853
114960
37912
655441
883186
18185
942672
85069
323449
636320
928320
776278
445305
376741
939516
922147
165371
169241
789398
465624
976022
481500
346636
53407
896099
646413
187971
123243
16672
602920
968388
262726
795746
180775
549519
914223
637876
774783
123971
17013
952720
264434
223787
916361
948683
107775
343546
282411
152406
735210
940280
716280
493445
736573
582784
148349
933837
280321
780501
111431
657396
36331
463462
316099
895995
893828
19788
252055
762974
217
257701
57607
493306
822755
816513
921215
425961
283626
152198
582216
154609
857521
409074
266313
895329
573322
457363
615138
70045
773321
594573
567801
80236
164439
451989
647284
267521
679395
498930
469408
165443
248080
875970
707021
748235
95041
641661
764549
196322
283644
111482
748406
216529
911056
668361
164668
440977
398952
850970
894285
685419
198507
427145
185209
77730
33289
596
500878
122589
22380
922282
910812
969298
693062
357459
685798
580270
875855
501547
685419
12060
45
855736
105245
745272
196018
292488
234368
120879
570382
46053
723423
614541
104617
139076
558371
92911
26425
879684
365380
126738
299363
832392
423379
700879
419476
879743
806870
323394
85558
130008
612660
501915
17375
634838
643175
225160
713199
945641
50286
730388
376046
525650
38539
77011
908918
357246
237700
674369
264599
813363
94424
753310
271284
859724
727642
725836
258332
538538
490705
404200
421576
246715
809893
8321
996442
110452
253323
854056
130708
376212
354366
225519
556478
381181
619649
942823
607435
946560
911069
763588
929655
812698
15384
966692
961229
109829
137380
818976
628184
104157
340311
898384
394459
275037
558104
95508
508566
349968
22462
111612
961262
750486
347556
794666
242336
440594
211998
573193
655702
458196
77519
7821
160530
85538
537543
923565
630505
844614
542794
277895
52350
204379
46184
135894
925016
350758
56322
434856
857516
925316
716444
490670
438934
617029
376919
473005
769051
804785
952168
238825
584090
203439
981482
28753
553652
731776
856465
421263
954304
758710
349003
92055
114823
64262
384387
462471
688296
863931
904487
402478
121835
552287
680480
402478
251795
279421
454652
545684
184692
771537
320255
324146
570030
698052
568397
974866
808104
278120
521199
8213
973380
265417
604145
872155
968237
805801
75895
117175
637554
740422
651146
464733
642407
993083
671573
428829
231834
409409
504089
683609
678738
171684
320451
307939
191647
652803
997059
462102
641932
867857
983178
524339
846941
699451
740594
802417
700276
717750
983189
750560
760961
190019
984422
227581
664425
922147
571111
956222
286058
803233
68524
356295
341415
858592
988839
462019
478300
922588
121683
833680
302454
717573
971912
760067
20992
681951
801348
415639
923007
588574
801266
119294
678274
865848
419205
192702
176847
408105
865663
268894
792466
692056
712917
731210
943049
721721
917306
383802
961750
546173
552488
782433
612805
584774
75902
348666
760243
340906
61775
672083
645692
607250
52022
924819
668246
873171
878153
411174
421368
406948
244158
377999
209290
895198
208632
411841
217625
571814
890417
313861
326295
567541
630110
20114
703905
902810
657510
159163
981659
642420
783152
393242
985664
508958
438858
133258
522634
149450
965735
489529
28828
458012
684326
138794
662723
501874
25209
680413
310387
755357
762172
264964
637250
479275
719966
620145
320171
574026
175277
629830
798997
407476
232385
497268
331672
120593
570764
185831
716521
46065
373387
612437
664493
599354
783073
905177
206494
277181
800520
180067
666137
378067
207303
288922
623351
629462
539377
561427
638217
876221
51346
465400
967116
349659
308461
701686
821475
515771
852205
239024
208349
375024
885884
109329
843499
979550
397137
828854
938718
452321
728579
256205
246643
455778
650934
466052
251567
50675
238806
663432
236027
303260
170333
733781
649918
808084
838608
933184
707676
699183
213163
837112
543891
142815
257561
821574
340293
279150
237778
59391
642513
599741
395544
470452
428898
8629
368464
399567
734617
976821
607059
738492
921349
137572
835377
279427
831590
882939
855681
183598
999041
943692
609494
337004
144059
182486
23892
551214
227125
909748
200122
24296
387876
417421
163202
84915
866831
537672
876223
527165
841233
647624
431310
563174
157404
306818
188930
76084
811218
309141
230461
26485
896166
122093
186420
457926
925875
280437
768764
47578
505449
802326
18031
906856
948852
822989
487063
663393
770279
640155
393046
413298
318765
433555
571082
999333
23531
511488
198695
112871
601937
717506
33936
501652
817510
690640
373448
982096
745280
825480
653535
237486
504890
353942
177486
750905
302901
218862
496750
861137
422828
445544
982347
190523
223970
18060
769375
689771
668397
693425
605165
91273
337557
775764
14958
434020
176754
812288
654616
546330
189260
161671
421410
504946
228947
565042
450045
955176
361641
476547
185679
188585
348806
275752
980120
760080
309770
935727
937414
283525
833953
633182
540832
873077
558884
914592
123052
810725
70744
448570
265987
49173
876102
762041
661953
615034
862609
859021
681986
11600
911156
428115
249531
359066
598694
160739
164848
575126
829229
579390
149668
678372
769229
876178
940537
419040
972784
117772
31436
511507
860656
339027
31824
90051
710910
502911
878529
217837
109242
72586
424591
612775
629770
910783
544366
748442
919549
237009
798254
778559
437413
424382
572752
863808
281701
781886
668498
740183
810610
197924
452498
332794
811960
846769
716017
349141
188511
792193
374431
38048
692231
349304
248348
994507
224374
369783
477505
407039
214988
985425
970447
938938
73220
2199
532779
593717
883371
31
458229
590767
296081
438172
299570
489454
321036
374711
844484
548180
171788
314539
830083
88152
723066
129150
387150
224365
911823
924889
814173
304015
194327
227464
369613
470636
637451
931494
980418
429630
453384
967047
447038
155381
558347
464601
668224
509748
181334
419335
134353
764453
7134
302313
445771
869202
201827
587411
913342
801520
865004
245932
633581
612105
583467
168298
658890
55598
623375
428418
951416
794873
227952
271856
249034
760140
995798
330570
541397
151788
88158
221817
640193
619925
463448
303497
703292
502203
461741
713153
999610
807755
106864
641703
568247
680977
569140
402858
396344
164229
836527
134898
493695
113498
303169
527306
59489
293470
925588
244291
64188
370736
832401
113887
902004
672787
659930
911808
631876
776720
777757
312176
48951
421461
728194
973128
454119
763508
213392
570309
484413
321936
833910
575686
53957
614194
717937
27029
922644
252271
310344
397314
235420
738550
304529
928908
349571
973134
891536
21944
101475
34516
451185
955799
584821
91951
446157
506169
575801
567008
339924
281260
678856
307679
331611
101983
982226
301484
386452
424801
291923
18922
582566
997659
464012
238771
477078
833692
617895
854364
237858
198513
297529
627087
893930
552457
952822
752346
835997
247799
668991
903940
181322
323234
378203
722967
232896
227150
134975
936664
807992
841284
598496
35162
843486
768464
140866
513241
713527
318942
550817
993758
584586
451267
907026
48560
714222
540061
630041
49915
759015
450386
839581
260279
154377
484514
311063
49212
705303
260305
9922
223956
142234
344437
674383
357189
470881
187875
615742
851384
975582
19871
244315
315937
746715
848481
984612
910706
455661
916491
448261
716455
737556
315527
728105
278227
880803
486235
891818
494031
851198
73140
239864
745033
741935
150
558158
67952
883261
624103
117611
422837
863683
508021
263955
686490
918494
943439
316950
601416
820472
10389
424629
677528
988864
75783
749404
577593
631507
830333
401203
741462
697870
69427
368845
408343
41015
621489
503449
280525
364169
581495
688333
293812
742106
412364
285674
996277
479820
24141
787516
103311
175846
634898
610283
387555
917731
839102
344972
417907
659228
980250
410029
593840
370699
422923
628315
150054
750638
845965
243962
482329
211021
591822
471701
657421
453064
672314
695113
730302
806462
795252
751935
926751
408905
385736
193552
508083
162708
241946
445232
328873
590352
723296
23771
797778
463720
53092
208295
706626
441749
739362
951633
403736
221939
962669
713877
539420
243642
527762
163924
83920
130767
496754
997346
371625
328992
761618
440043
198955
767538
979557
609807
159332
655762
222497
132776
559290
713702
231281
794468
319932
420656
80072
61297
91249
244140
834171
558214
323342
540911
527383
259289
966940
428896
363478
838653
275976
565066
255978
772606
655072
546236
793439
484244
56191
951043
979310
683038
977470
784675
742840
597597
235489
299214
248041
884798
280048
233520
753970
820733
574457
323819
255446
473206
238664
133356
450362
520747
571909
373189
766394
643062
470310
858770
51684
774308
949096
201675
776748
532703
553376
76309
800085
474294
346573
44778
330108
65749
427284
375992
521132
444517
886140
408588
865365
925235
108536
136385
265795
565717
907199
845410
360585
969793
690526
249607
358832
535400
812482
689710
452833
453347
261294
183004
372444
95288
759739
489191
927174
810073
920400
791999
746288
728696
430294
817290
814307
510185
853897
720224
861187
66746
334535
569426
939103
388319
745430
738127
394734
693716
644757
984978
321241
424591
307010
686577
367369
83451
139581
938413
59219
835290
137999
255049
159627
836166
798879
137012
863743
946187
673316
273354
551661
886083
284472
321809
577575
536005
422022
216981
548154
734883
144112
318645
942647
705140
261760
947600
826672
546191
68818
472933
990463
411817
59670
422173
994534
919935
399990
355504
964935
239731
373352
616953
458086
117824
895311
218204
513989
689842
586164
863815
440469
319071
476803
185372
606287
493010
338788
725274
24851
88566
425488
800006
837467
343183
792999
566319
338831
4304
53698
661289
764604
63780
102635
212621
124831
17241
273716
388766
789766
991012
502361
454873
875157
772977
905445
942018
158684
960858
402878
965835
94994
243479
360289
219249
594190
927564
806519
755775
507937
689879
891418
918823
591596
933576
839513
350071
726276
863419
511146
396999
56667
817098
819971
351656
264410
152403
895352
157165
821653
377820
901689
5043
973332
286219
667152
593608
362089
877481
13932
887092
345602
391732
9226
743856
225937
471899
346010
722107
538837
941381
541893
227144
592650
790544
363414
77249
68451
237050
39529
935014
512874
150606
960365
719894
695387
49059
654706
564853
255625
932808
874474
301863
155412
90695
171498
558741
387532
548716
45052
965666
677110
346104
784841
890474
800143
231222
865647
682780
137574
472215
220220
848779
654875
439378
519409
434700
577020
570507
109796
439081
584229
573860
230488
506215
191441
597848
531822
884134
396758
926657
440759
454673
876390
272964
974159
764809
157337
748380
371525
997120
897732
310811
623404
385014
633184
194720
541018
340714
953937
910069
571309
375454
88847
658922
755027
277829
221270
153894
447822
998057
920714
396279
287705
382996
79371
989236
337983
222631
822327
219145
493429
755283
155281
954147
822396
206232
615265
249491
280758
613109
912602
568800
503587
158519
242260
937477
247765
265549
11427
614458
489595
380455
551121
457442
138141
859351
603387
591359
373142
241617
553229
502259
115387
855522
856041
677691
918430
734752
8600
731930
429833
955178
833131
342065
453434
946374
49177
170065
61038
879067
53079
662051
100365
534499
271417
170257
96455
706815
297535
838800
809434
147107
730338
648320
795493
462954
324559
205418
405073
943183
605475
110722
290863
467927
49980
440323
434127
625178
487916
619636
458469
54390
925911
46541
608014
120934
311701
871157
351041
957642
944160
755814
628860
846625
605260
739338
88545
282111
717675
198075
721275
471805
135945
561547
33949
141793
372150
822662
410505
144099
214487
865256
149239
616090
540924
622738
687425
610700
255064
345149
600515
683082
753708
525148
260532
85159
532755
470768
297967
571282
721201
503135
400692
584487
235930
832150
602421
545812
514510
647816
887255
270445
624855
618229
579543
804201
774343
996209
728418
194460
536104
168770
620688
637962
508937
32658
601851
631192
540333
451117
326221
9750
857963
551857
709868
613785
385378
790527
920
67530
172761
232083
486776
315414
505807
535083
481033
607404
42300
730808
844006
80921
336785
576692
685773
764917
430693
575312
247769
243863
540076
428633
513255
718032
176784
252378
364898
8670
110184
10861
472837
57260
297673
630470
909431
445331
113437
986760
654580
674842
321990
131663
417603
306347
806972
204905
47404
454481
36198
305666
406307
77306
326861
789940
86823
719571
51618
337329
934439
968047
849966
805543
894658
595071
231526
960644
631238
793659
573033
312505
808954
443083
499013
159288
581770
690587
343155
692494
765460
906247
192529
660184
25415
971727
130890
218688
368030
367618
833732
354831
284368
366878
297506
722937
924908
454749
117017
932346
811065
433912
773764
455505
217318
671245
203340
692875
869306
872656
555757
944465
603351
364830
46259
64487
829756
725422
218759
812237
775700
291593
610087
121385
418001
208932
154596
546937
771833
958773
852490
866397
387846
298602
172337
749810
217817
543465
988131
134959
34920
783914
480695
52571
932586
81823
127427
277021
70151
500644
578487
825996
757713
372027
133859
557009
572267
669657
117762
586905
461626
332594
143175
635335
149180
951317
273883
808056
678017
33390
72083
123605
822729
141194
162474
59078
477039
738835
521147
981054
493459
904852
67056
619626
779659
833595
822391
682029
451852
540933
25535
816703
783083
580514
518880
285675
121317
507065
992360
325475
817949
961853
416448
87581
352780
828343
886884
559824
388139
446983
495176
786044
549557
472764
288051
107586
71687
36312
506869
386493
838056
596394
735305
982596
617175
393194
719734
860095
287794
93838
378322
937116
62666
349469
90443
946793
431498
76316
62146
173245
81201
172278
892416
703109
395860
655600
883598
29114
430521
786817
665265
309342
339095
158695
94559
278585
888528
645874
909750
15532
23120
887909
241965
117926
136194
433523
426696
543143
30209
826001
470058
576828
949541
808723
205478
919128
246400
530894
159790
555358
219529
401029
588667
577558
237952
169324
350036
468298
108036
499770
695057
959657
983522
166705
114016
27951
501155
58054
376162
29044
53266
794030
749604
900996
588085
971287
847456
812830
301062
864725
156697
496141
12448
266376
501503
18473
196929
540379
103954
816202
843787
328253
45779
722701
856494
606105
156281
106297
17941
589312
39837
170871
553112
777733
914690
626950
70549
358269
176192
4681
684515
809244
163208
793820
979764
653571
203801
891052
397264
718823
56137
61275
653456
811492
838402
736154
351003
690882
538725
99910
831083
603866
167490
787695
150602
345569
560178
200117
370122
906641
702434
84776
964121
123808
68491
252036
888374
78256
321209
98501
89308
615014
674684
761874
336104
98011
169037
943464
52561
616024
751613
496208
584765
783754
696595
126603
502306
67924
26626
14956
814515
551176
372467
208334
887505
494212
142624
241010
878005
918167
694478
766795
592324
817913
305984
156963
702739
489318
573507
694865
677359
637309
88459
198650
429542
554905
258943
585879
436786
543725
981352
775518
846185
816069
122902
676586
548289
624319
592311
970460
605001
616869
632059
714955
868517
6525
456183
342105
2244
437975
755352
65445
514752
861446
687785
931121
725163
886836
848245
611034
37431
191499
978326
651195
796343
599376
896545
639876
473451
740977
405575
203358
958408
920178
255262
433323
429388
134077
29901
537749
783268
183446
724688
495092
888027
340471
264124
891536
937943
540664
296399
738868
482049
256888
246763
768164
93965
212712
763761
936432
830175
834511
42131
789289
221069
138682
207201
53373
633912
891870
714094
160286
885098
381926
109446
168567
292334
52076
772962
71940
919631
862930
659266
4512
193126
443452
297902
934930
524384
953362
464535
91190
5215
19839
438443
114457
455834
718928
542
502171
339206
151262
950419
385198
854343
734271
506396
91357
349232
377899
382146
803458
906931
675022
3362
593823
241884
191563
938216
36644
86459
244354
366983
100997
284077
625483
56168
980420
959182
753226
860325
351769
247523
473571
466398
87363
457812
921121
368150
950199
661634
315381
961409
882959
575829
209381
166112
263266
383497
645081
637986
237073
159285
634368
653494
296123
694818
971324
276670
930016
331468
497578
86184
744663
647718
822483
235773
338646
199310
384498
734961
606126
761214
306161
166291
947963
712984
103559
178465
20505
238244
104931
330475
890248
460432
838629
504761
416575
589646
301579
80004
374775
274585
461280
41684
525362
134597
527241
284809
970520
43148
113501
223183
452848
256545
390779
723347
516339
837314
382916
223880
2354
527034
784925
825971
975612
229816
440034
402950
874220
764575
463341
593926
974360
828209
57819
767573
269861
813244
338354
462377
556515
71307
963089
198521
963982
871771
619909
316196
880731
17209
120883
217760
280438
595243
941066
160130
81314
922559
936740
929493
416346
350195
186713
780209
790816
32112
827030
518599
370518
129131
271200
494568
784658
753152
178110
889234
715547
356214
807315
547917
336009
332832
890382
393264
53612
332725
826662
170866
192216
413052
159419
773431
897414
107729
987769
147153
399255
864265
363092
313072
294987
196816
595967
780521
785072
957535
462382
721671
519669
962394
37329
195621
103594
420800
232733
522395
951603
788865
305233
82437
149684
287341
70549
574137
476292
63907
801359
362859
467577
344645
123060
84959
571114
934359
490426
230739
161764
340536
816589
284144
197975
837998
531386
842993
606969
657046
487139
633801
976848
529774
990280
481578
94561
173106
159063
632312
582998
654677
731912
627253
656457
421801
347837
224008
625088
324866
508728
280914
168913
512409
211345
718703
13867
965696
143838
716576
890349
318213
19003
732087
483951
122679
769563
390341
510030
670443
646326
350077
764296
425203
639657
894596
586245
81648
561809
569518
976204
99377
353150
941550
2439
198496
424242
727857
553732
427041
227392
441402
498446
532613
166261
196821
807800
628917
572890
645056
418513
977069
607543
870809
775468
439229
350248
792205
720381
48784
796710
894593
767359
631131
785857
587082
118079
331659
317984
71500
486840
762108
339583
138889
367553
874962
617746
348581
308366
209778
404014
961131
9036
888504
54360
713805
357605
152918
698518
737163
369429
154753
473518
168475
853189
230721
684089
815711
634014
414509
516155
117696
424215
409916
41734
532881
130296
495189
262779
686835
257970
204457
706643
370634
851242
512542
858153
614163
173418
694391
985779
138677
413322
936236
582186
827530
395392
884335
15889
307865
997084
235411
924291
599265
473591
169421
827210
336191
744934
557371
786162
691546
617257
562765
180514
262097
156072
284934
374667
288203
173089
646290
713428
940291
244708
444473
406963
422952
520351
84823
700423
307732
830301
838726
76142
88810
372133
385331
35047
232628
590801
12030
975351
666923
821545
14517
633754
48869
144160
957778
913615
157440
614753
544611
890656
822176
876648
25891
763812
833981
705789
967694
404363
704200
172173
83951
419907
255956
598303
515759
80144
206096
318850
781825
201211
447987
961235
525142
465219
872262
283976
381430
857957
150815
59620
252089
938020
568392
807041
17435
93063
751744
316742
894085
839768
166484
173271
842866
635081
929604
650387
153986
730076
951320
332424
208414
785920
746129
13791
474602
381602
645925
973569
319048
805546
423414
478969
310962
261585
404593
794940
270887
39638
430710
104333
266333
68320
950068
489792
687489
352403
537768
888661
88943
702639
764178
816642
404883
335459
809545
471527
635618
918071
523118
210980
378220
453711
289820
417220
801826
686095
432508
848275
474055
67007
331792
132672
178855
507283
649090
752746
690946
326550
158416
67504
830707
202935
194897
395437
672970
427065
399726
735999
599358
864417
605324
940985
810008
352630
748889
156446
559271
292003
604400
160033
934004
465387
297352
589959
492350
541950
108488
92974
26698
35781
346136
801069
77395
123236
644689
625256
824034
950153
397873
688542
96746
502120
573738
963672
166254
65591
862478
387641
338320
170410
634657
861793
246492
52869
825811
219106
622686
224432
639731
866974
517652
509120
531032
781812
474700
14778
669619
994493
526617
972600
964979
259713
360586
659556
435595
688125
840276
632954
354714
818026
519069
20705
424087
484381
347532
389280
192656
647254
516022
452125
617917
144131
858497
93214
86285
774026
311011
182187
232586
688101
858155
418783
147797
179835
603624
717957
120844
480632
228586
958570
553420
352561
56094
610076
820412
535016
404701
245973
472410
754080
889082
439109
609618
708864
395064
759676
448531
238136
970379
402000
103025
48333
299484
73055
756867
582042
140640
909916
874565
689169
985329
778726
371478
572648
735380
722160
893678
835849
790625
753098
230326
866083
702014
682920
222827
661251
607942
965735
749628
872829
464995
732176
63318
964217
230995
98254
419020
893865
63704
827879
782777
798682
736449
653488
495190
60872
324442
90203
436441
820558
908690
131469
224922
2033
357592
14476
548246
22203
987743
483047
550689
772097
523018
804047
463842
829337
290415
670985
307894
827949
47877
444360
377815
233369
399755
283756
108253
616579
110070
839754
535906
670112
336071
892708
968397
874106
650316
710262
187400
94434
296855
759002
943348
43759
528909
471004
939918
339143
786419
19836
305795
180104
356128
647960
640247
746657
638566
679853
532716
604159
424624
275681
658317
582380
165255
761817
390383
750721
970748
828133
274306
420961
305525
73328
151955
863849
931341
19994
649797
307500
635150
775604
669185
856519
729908
212204
633852
826299
132326
512104
336887
472503
359016
540553
275247
189629
388109
405211
128378
703059
263942
963853
189811
437134
41196
13017
820252
677290
98119
539491
427200
402519
726730
767812
750103
572427
41784
599391
458275
919596
228028
722226
987566
183115
909328
329301
999662
435866
670070
846865
670075
369821
889649
348317
374193
565506
689667
992030
765610
357067
908028
517121
28633
613020
28319
937354
139031
728869
923071
961061
591153
332253
331136
804160
37870
971396
305642
793097
773729
100147
536057
131921
252644
405751
507854
939069
491952
318182
989524
915058
715452
228662
667314
5341
509148
511128
307220
450889
690578
303400
143077
632820
934200
168207
742355
155400
681098
383604
650115
865723
211339
697264
118050
200771
11726
566279
851752
20428
860150
544816
537785
421150
86779
844295
91685
855228
992882
11731
370998
563906
683299
149939
282224
534861
55186
107723
530625
476744
194030
17314
681891
337252
338444
732773
686993
419264
102947
823514
156126
458618
363245
17119
788924
20650
251648
348630
376383
891598
822638
996513
621333
942528
986216
860369
176621
495356
242139
635691
941395
124313
853250
312882
67433
644670
840618
464097
906189
414880
363766
474987
172645
40819
7250
780465
62479
401580
107828
289815
593893
256410
968557
976475
76775
44838
513010
977697
564653
898359
644465
521735
857030
564297
556154
937233
775667
800153
849721
66046
30642
47331
799405
865668
682390
99068
702182
773505
288736
516964
26534
610699
76188
270311
492783
499382
96397
610843
156371
87780
101557
183236
828391
34624
582116
387389
862299
874253
545133
909493
605709
717783
736686
754130
999588
59701
265174
814435
131305
40927
72522
676976
453021
289989
666322
563636
436145
72460
507264
758430
310443
462800
187189
654592
980624
361899
18913
478806
544261
994790
410439
726332
575256
753274
681536
350098
174084
438412
782227
613622
64588
874274
548177
405197
595824
304280
963418
263778
546615
576873
95121
912424
527389
826134
842634
471995
814517
765706
185508
292817
561802
485996
314132
276075
968371
946604
672899
554234
492619
959314
409180
615874
826388
466890
320010
887582
478345
574865
661511
662419
332981
144866
583413
465259
492739
4037
756879
743805
432739
410399
188696
868081
422768
505108
178089
1523
465871
22839
563258
509261
36261
193524
927306
663534
618035
986146
547172
219966
888434
79600
843006
600978
436705
395762
522644
237917
104837
390262
420038
547927
838911
724024
354354
416599
990854
168415
119849
102356
883531
16332
867787
192767
676867
295664
642961
725602
748267
775224
956324
269012
619750
384214
16397
804173
666652
673462
216193
490713
17984
704990
987187
174366
920556
502392
988395
847747
631099
145860
426479
324802
184485
59499
993314
755466
927500
80063
690156
705887
450268
67694
545502
866795
732973
389214
682511
369085
814447
478077
171440
926321
610113
258019
962172
510191
230463
205004
152545
213718
57182
934959
570397
622356
840223
832364
593663
967751
27877
408101
552278
631482
598396
979160
924629
359150
312865
131218
440032
670473
858363
859192
124299
354813
282532
815794
685375
972055
433994
633680
659827
262454
233507
789763
578391
8433
305765
491330
97235
696884
320431
766502
22948
177185
611391
337438
205136
493784
878539
995547
75599
460536
631920
583748
199869
222217
160263
637589
649706
303519
483989
590352
149409
848210
567998
260367
86196
919745
989365
702036
603948
578026
840792
203392
894523
997898
749879
829976
673887
314727
880987
356692
75640
914396
399383
762099
6928
572455
811386
627026
972530
652727
32035
702315
366666
665194
774950
713785
203663
140611
430125
711605
43860
832058
465225
789527
922549
56101
492216
527711
275293
974345
662832
210021
756611
102222
451283
199943
780255
120577
880250
931520
589916
445948
743667
351821
312101
952471
175690
681940
448083
380785
420354
981442
397446
130517
564239
531961
717048
508767
789682
472697
731124
711341
971287
288103
84067
20916
600130
32471
126342
63667
825058
235534
389637
761685
195461
450237
270053
625366
689254
889415
778978
470382
953401
840059
477654
4080
146703
848128
844588
470892
19404
170029
303304
656821
461643
479477
107247
338756
586749
831215
60335
444183
812654
53506
198707
206590
242130
166733
727695
355145
197978
83927
670542
104594
170231
973650
881428
348504
719164
301367
717270
231834
76475
724376
443310
275984
213660
596315
430259
508210
118615
426409
418329
958957
764402
612723
115101
409594
374764
107669
328491
594517
194224
35544
362930
353059
787801
219962
178067
177664
992328
512415
318593
400728
224570
61890
130563
575732
774938
24556
494863
665774
930155
15134
36957
727132
999269
378857
392042
177200
694831
665216
41840
170414
329224
205642
115739
985680
780680
771908
758550
241399
347432
317058
912507
665215
274774
312870
66108
986507
606443
75895
33542
350649
866654
725889
568470
432415
433607
663630
125430
84165
724528
97971
645028
848978
339875
365896
576024
233461
861290
110055
575607
314116
542061
445980
255963
277741
82303
574877
201182
707193
803791
973709
2114
851233
40360
482043
457572
817627
606562
150546
157900
676606
276371
886267
632058
218889
741550
636671
568453
497889
744326
273491
760487
624008
315009
335034
274855
991356
487535
503187
653154
736993
931142
752546
106347
432051
206048
948471
971818
752818
74026
38381
106843
679298
239641
400220
688684
763126
72209
860555
953171
511946
368740
673164
552899
743320
913484
437858
831965
606013
742425
487734
419793
153994
871618
85407
756770
893732
459302
862318
633476
357151
876543
73932
625942
616251
81275
978015
13987
994185
470674
911601
95732
94680
720181
240043
783950
773675
766582
458918
639114
556294
72243
463409
808908
227314
769974
317479
89177
113470
591534
732056
628349
607361
111847
935599
554210
644779
754702
947122
126134
312280
834893
284503
62570
271160
24974
455501
527563
611321
648755
35067
185304
560469
529763
122399
25659
727173
407911
9170
342427
223528
433882
585260
117821
870817
107316
279709
500023
251584
129636
41637
360758
845399
855706
147547
775503
769854
163408
147062
938480
189894
172586
154715
350706
496976
619783
768448
234854
304109
2164
701780
184886
293762
487031
223838
887534
21191
583026
713353
516868
454687
352584
122448
5911
683046
268751
305081
693549
287798
924014
176976
429104
711190
457176
768921
296560
668310
787105
713315
451104
905955
788990
401537
188642
203821
311146
183341
971758
109118
988183
770462
165457
816216
229240
700359
413249
991734
778939
214901
63814
984215
85529
316201
630483
918889
654919
339728
754610
165747
158687
667729
349295
917920
520455
831657
656415
744641
51337
339060
318162
856167
495192
468648
172144
964588
300632
700671
997946
595268
579449
941291
521350
272598
150053
269658
143040
10631
974662
443665
301468
813116
397929
775075
870286
584745
14709
810226
611147
864034
880015
286008
757136
849576
836788
760817
559968
146096
704121
706944
929739
993065
39958
487913
409572
826481
771442
814905
374093
931093
252811
567142
72967
756492
1351
102997
120776
511133
245019
870458
889968
477360
381881
384458
274172
104190
186971
609734
990977
27136
559251
260653
825080
38007
991016
250378
271759
243012
561326
235207
712730
182603
25375
65321
515114
433938
934793
524004
916998
787934
126375
988082
626929
594014
527532
477764
316562
865242
639535
198796
849351
863373
14831
975809
368516
901105
716434
633789
163870
514766
172736
281994
738118
421933
410892
758556
734970
237919
171360
251037
571781
12964
184485
605998
214387
286988
843305
700088
740559
494254
512268
728132
778589
611765
919600
39189
707071
248922
700428
797221
475480
269787
745089
368328
701566
439377
130092
423343
465037
214448
695510
838784
240190
989325
706313
914660
229822
314637
497966
753134
363057
649275
222914
190546
970259
90860
868518
515931
781717
71015
647961
5325
584045
662752
633398
410550
444830
676461
697962
854736
336014
524174
661443
868451
16749
501312
442757
633159
892808
390250
841394
482703
960360
868093
345541
77977
947313
319
474666
956993
424959
105065
598376
688451
378994
991736
153308
52882
748472
207292
207903
299033
177549
867646
931993
28324
306747
815600
480787
925690
247141
791767
138126
560540
762134
516504
67258
639805
18320
908011
544916
899947
346862
813132
503871
599595
957373
438640
702409
927721
20529
859177
322206
337650
51889
76338
64029
638614
663071
602871
101004
965334
83417
29062
868237
520313
436679
184870
150775
82971
404807
322065
19639
894944
215242
250882
559466
897133
905455
243459
922631
791457
360926
465341
496524
601474
948282
667814
455
709538
183360
634862
940837
861198
267472
215250
181044
832015
750870
392189
629907
978060
970862
718271
126206
653681
589829
633008
983449
656402
954038
469396
687351
976488
458336
463119
664438
599703
202629
233330
353284
526969
33645
730056
676276
108281
831664
236493
144570
787056
352692
852886
185073
993129
200142
556464
795194
200570
397516
570339
643024
612622
412551
169854
544822
431161
256334
341139
540950
949933
121969
535071
147265
157158
919650
530083
771129
173698
178278
652006
421248
986249
751140
645673
666052
811789
2981
343574
933817
61525
559177
681172
143687
495400
709011
762012
48469
685179
947951
794744
173432
662596
626133
95224
694298
878999
902413
341890
22252
37413
117305
621229
214276
583773
202254
684218
807134
168482
346134
687473
829757
415666
708276
246845
114924
188406
131876
103980
280711
466850
845663
196833
269085
211775
475635
105546
227615
206812
764164
316715
240392
643545
703164
53396
782375
171469
362386
555510
470559
183552
92619
616328
198915
258832
783045
552707
86564
187971
793909
750906
931076
401778
78777
210825
448264
222060
333043
939287
465435
168932
100990
649578
379831
422512
162693
489235
651889
213735
465613
362895
526923
667966
164521
371164
240466
493775
548549
920643
652693
130412
444224
854906
438331
149741
78134
458059
476136
542847
256520
822281
635295
490351
343206
121719
329413
183322
661050
942983
186221
231455
287188
423376
577045
682830
460122
739662
377379
766771
663386
130523
203359
497881
989533
924493
26640
841341
669869
426519
70025
250096
167672
290048
462853
455691
721832
367376
416443
756342
596148
700338
944133
292897
800050
534522
64614
675119
963419
449463
285571
899403
703284
720173
516107
649678
805111
723036
226284
324169
458679
392390
317793
88151
805498
254399
552704
6753
829441
905391
324083
35859
918002
605386
726694
895728
359838
948991
250625
878214
862230
47016
157465
746283
845081
359447
725860
220710
363694
650541
459698
96784
547944
683644
143793
327296
704779
268093
568648
427317
389834
32576
912633
978748
437589
833557
436600
545026
245573
805837
168671
377054
107701
455289
723982
866865
562255
418142
406914
168545
952689
522188
352027
741890
836816
267950
771999
531251
816652
728647
945049
682505
62531
479380
964209
351719
514777
917271
672708
83239
318475
235407
812597
114952
243871
62952
96853
885052
159196
782491
760812
749921
808346
862317
786121
787041
252554
736092
821576
684843
279848
972743
533519
958084
78585
808210
819958
487426
978752
949093
615646
362103
688733
83548
372208
532085
398152
706375
750409
978697
912180
829255
379908
450546
12443
163305
852572
421766
675578
869265
681234
311360
487290
563432
953492
345372
594476
227316
142186
832662
810573
712737
686503
635737
864737
749151
108880
782348
196397
309399
960178
995616
809836
23295
205211
57017
673987
287027
706683
362285
864221
25567
373398
922981
212080
805577
126606
328831
209185
170217
227998
139802
273083
916446
367280
874618
870385
905500
525050
211730
452819
909507
372325
422066
435649
334596
291842
417652
563036
42024
882206
396200
546647
531132
702345
539675
482292
43569
721981
471631
811352
344370
108095
579094
814447
580637
338070
708504
748639
517778
797667
363068
897447
753103
716342
283463
542196
486447
349291
233159
370426
360253
977245
646949
633175
695632
810631
835085
629135
3607
625014
515074
332780
196873
834322
335742
202929
888190
658333
169271
112110
728256
598732
515526
53770
927230
193911
176542
949578
237096
266378
779297
267996
817949
703189
379937
282819
797510
857935
590663
764919
906363
52112
874254
440388
319920
975051
199637
828290
516238
65741
364888
330685
203515
799589
825940
386782
31014
378498
918596
451435
715614
557346
378462
705265
360810
620745
243817
787801
69369
280702
260521
549213
415283
316907
751785
513889
184274
395029
322713
452834
358959
719230
252618
343421
272894
507789
311819
962498
190427
373983
77730
857886
348396
743195
26330
87701
803973
183412
33864
609405
904123
594738
345042
498559
995331
890547
83369
6680
386569
301303
596356
597792
677747
934243
267055
280749
918326
219779
2440
301120
323800
75471
676280
742398
516468
482638
633414
941814
584525
819147
868992
166101
126357
890842
2132
166487
831561
866163
48235
823717
53439
887866
113000
589457
745074
91376
697065
374644
746810
434024
147342
5804
448321
362760
449545
837759
348992
173423
390452
288025
605715
260256
136192
848395
955206
601506
518049
553413
195986
666536
217998
582584
645169
212212
967823
331284
667827
131577
847978
368400
866833
641329
565844
287313
168578
40155
735431
96991
65866
138335
795777
78123
724333
158782
576630
767986
521722
958219
187705
877189
514721
676829
446837
181106
1477
166360
706200
197443
954161
228119
953723
353190
112715
355126
584818
601375
678431
824941
326906
619056
871596
237
297382
553032
374569
899116
143323
635239
615829
847205
558760
153170
473782
78158
940575
532751
770903
478794
419787
525898
298686
434603
257576
818929
784479
396486
875725
447831
97104
397817
88276
327229
658815
163402
283526
712833
886176
206776
207883
788930
315653
569842
892165
762919
940834
884510
832647
750156
525253
672697
768559
799023
840555
619755
954628
463311
376130
580509
731990
784795
653920
197738
585557
113044
99829
222118
744824
316829
988317
110521
772837
346292
833855
2074
469892
422564
364909
467373
745482
40246
795562
302445
892783
900220
463665
743821
810964
107520
642498
401591
499197
934622
539289
856115
119654
524640
384052
172752
39780
960233
795207
995726
821226
160728
809155
531115
272903
140132
57139
310765
667999
82352
242557
375561
216033
587243
291983
802519
405097
302365
472710
171852
887086
603453
623053
67732
656023
655932
107154
310463
830980
484859
26992
420489
873478
173331
308900
794945
748759
754220
265503
699847
118466
28288
556097
862776
127384
449059
175709
647653
189609
192053
10163
110084
24069
173629
648094
299991
295595
794869
795471
840341
514288
96070
717420
108730
913635
633681
260402
847615
391154
996344
161061
585552
987024
198198
239958
374349
10554
647793
861203
425204
859168
995922
607347
626572
931593
467980
963284
310980
716978
432980
242173
42327
759799
537603
335561
669224
717549
40532
686444
500598
802007
730561
640336
380217
773247
418432
752644
353159
451008
593181
124525
497102
802862
50303
473964
323670
67272
338430
703203
869203
131244
450302
953772
541280
916261
287611
603520
864615
244520
628063
247364
658514
416994
719447
462584
511853
759919
857937
918141
165661
743316
565452
675613
847023
661047
574874
727161
990108
798266
127085
659228
366818
468504
284848
596006
433348
352194
923103
751092
374889
681857
640756
862819
842088
544438
735574
686699
228528
995926
998681
747669
884839
930121
346977
259726
244211
448800
928259
725000
361569
218527
508674
854485
514524
237802
543454
736714
279450
483481
597809
10739
68530
814390
133801
207825
892719
991571
266146
529714
323216
378513
846281
924404
44725
731481
139537
717180
424256
986505
791498
153774
611125
941898
400782
7246
251852
740223
575018
859984
935726
796950
51537
824453
244393
911859
999260
532257
135029
477913
780884
389988
488481
35723
229442
367537
80664
756362
236
728954
202148
212326
906736
685222
611205
40546
449160
100247
130737
52246
929575
70233
155474
396272
24385
728841
431982
253957
363286
310321
585364
431846
728451
266272
621570
879331
616778
962295
889027
503608
961100
33832
103206
267053
347393
427702
750119
57610
307592
204335
558182
338572
861863
678604
539474
337076
160726
63381
25542
279748
93478
950523
236083
387943
379182
786347
396714
495550
291087
935252
595954
741050
831951
975620
599758
699037
529620
663864
84026
686585
478512
299177
169886
738783
431394
894663
452445
974960
247180
290049
911020
419935
430272
204238
948781
742652
2214
737701
833436
694180
703043
338241
902363
437602
696517
434978
62907
936143
715211
384689
324923
523392
110136
147256
97451
469138
220420
109192
842920
193619
632928
810703
321846
555714
128312
646132
412132
396902
608488
696609
883267
337971
586034
251664
683501
618952
51335
526990
318836
168281
645086
875362
711460
603879
575308
446159
77757
322009
442316
224193
8070
951312
850289
5349
60524
144840
151962
757936
233105
918566
808188
534530
131490
928738
274320
139606
173543
612987
548312
758930
406394
844497
695142
247670
130843
258618
787198
296614
911917
240936
488897
15819
356634
503645
979986
411078
67722
994417
195290
869708
223200
230469
303169
924123
488429
757948
493997
305264
984530
516296
305934
430977
250164
614680
952698
75839
326924
477149
230537
485179
739964
977970
622845
520062
73260
620910
699128
316896
885804
517061
777685
282171
94409
310259
67420
672291
366497
80317
631165
455389
387399
522171
972761
46483
988843
713302
786813
982904
296891
402270
588929
651636
801109
191806
161599
279071
421159
541858
326281
898406
295377
741927
862833
489367
553722
401263
279879
361102
514990
624507
662212
745131
437654
226589
791824
497646
722439
306341
971183
375236
539314
37549
790607
544050
776813
808072
763750
118281
595456
315837
88421
213550
545977
243624
783821
149478
982798
230960
872429
971489
37926
516273
924868
770957
523842
22293
966941
360077
392591
85374
253714
688434
699778
623079
49259
946911
272846
414776
545093
287653
442223
207188
820690
22338
587516
748682
47034
959173
272117
309578
509328
558855
617468
838870
235620
541173
219667
877013
95838
151726
909879
428755
887324
87808
808051
959372
297850
36437
811658
892495
846436
317145
764276
173483
180072
816000
237885
711662
432820
50614
627344
931154
955971
173819
553544
953553
738674
941090
651563
569011
117802
639426
183195
100956
709517
151916
807959
595219
664866
233
167195
35573
435664
777963
856553
340949
714341
597718
759537
644557
509459
311845
545533
195704
770165
805035
314639
989662
359754
870038
671338
286405
749164
790483
327618
678166
375440
953550
585428
383822
523202
191811
148841
77163
124283
739534
75909
214107
263719
981306
260520
271940
760050
52862
934140
747109
349104
164018
189823
313002
263122
759135
452869
273028
573154
872614
2645
960583
244421
545768
40927
591194
752908
832913
661091
274721
262639
881027
722990
718572
369116
184972
812535
590121
701422
891966
674579
75614
837083
784613
359583
479463
213915
29833
440151
541375
79862
482708
719075
694578
274341
373650
497189
699559
618624
878682
711047
652501
334514
45542
132535
834221
634968
953887
712431
387718
189867
20848
967020
146994
334705
519821
297087
7319
929231
834300
455131
590616
619500
11626
975009
755786
930414
721472
440430
108736
369547
567728
198777
346350
230107
8450
532380
551030
899608
270816
539588
963240
861669
374022
833332
132058
946996
595731
389156
952156
852389
903028
869313
777693
975530
876521
129354
698087
752873
380236
386829
553564
506260
810741
378654
752255
442244
585144
125095
188119
841795
403708
779075
709510
438397
908149
799175
185016
715645
785863
741098
814393
595629
761324
564522
475192
222317
645760
756881
162113
719990
880322
452335
706628
996364
136791
882146
189409
855032
207013
181583
815750
289477
313606
451902
999119
774781
472363
710741
658717
548343
390557
263382
162035
465891
719490
401680
347212
338312
929636
444478
570518
167500
442570
448385
816467
427748
891721
893639
91747
541308
151680
77026
12630
869379
743289
747541
373723
705855
634080
552577
683572
153249
901712
251273
36276
81530
521077
209457
621160
41037
848438
741226
292010
716991
935462
347296
560363
872470
442342
817423
125780
191571
629322
312313
950789
265961
467144
491106
810965
122564
175834
85739
86795
882288
543253
16167
467851
552965
328499
798192
834777
353922
760618
590634
604464
59787
418159
757383
846845
562013
663004
733396
98470
104706
461242
141583
34653
836536
573910
156482
955778
75506
265083
239349
546904
346426
588329
33002
808720
802323
366506
431419
198605
953059
641393
637601
644613
663211
292098
752666
800482
328485
678574
636281
488553
929270
920859
515662
497560
950406
498661
443248
123906
901796
687707
559339
589482
963821
260436
525171
456826
390366
717269
366867
693983
620875
966436
332425
170240
944129
475791
437533
349281
548276
668544
995583
386772
191050
839142
755418
747461
542747
948859
18493
481200
858042
642865
460114
14050
483079
851078
981978
214301
949015
725993
43858
208079
211075
539856
51930
681388
863546
400081
690954
792141
217486
632833
840244
230015
928019
672844
544300
61318
73567
763451
530669
557825
84676
364165
310232
562299
467701
528918
544033
509027
220036
838073
846865
165845
254514
431504
425040
535129
16412
57430
170539
631266
606644
717846
551579
750226
918541
661047
65857
28243
755716
15921
139574
958084
430091
622303
285688
159741
25489
415921
440970
31468
481966
867938
274310
421644
280147
698177
801413
573326
861804
897232
328455
822880
576523
657699
262031
173926
595496
16664
597621
376737
778077
260485
49927
704032
710922
317374
595343
155759
497850
566953
761166
456400
673348
281815
326194
381266
944056
328486
890577
669037
592327
816116
846164
717890
702283
830921
835568
185457
504602
90721
162653
507913
374397
237507
8960
633038
982777
352640
31337
917839
984989
680119
111290
749434
693605
196273
969443
816842
603370
67675
366948
856717
197409
126518
401827
234918
281984
448966
166581
50146
421547
223031
569577
479471
752394
117824
550393
2288
28415
56574
351761
784283
796228
668691
524073
673569
825294
935260
527290
802723
975419
553056
518565
881359
148016
85598
472462
96134
197810
314
563853
361869
843221
185999
485195
209430
830903
807380
147230
28404
430730
140880
93991
904229
132422
265923
961155
878836
69926
811771
354902
554222
676948
214139
860684
689805
554609
391179
521015
223554
932144
958151
237402
959374
873084
93075
774602
679797
312925
50301
793769
958716
697376
597812
451804
912173
580056
741993
744822
182629
595475
318521
359576
574944
906980
943735
392143
273957
205901
283339
975774
968089
127750
428364
231373
471364
859764
200838
487810
893107
772224
310206
13282
516113
351723
774405
751562
918420
852529
290053
26113
521323
957019
633959
309978
32666
42633
412325
731011
196272
395657
664615
933320
402069
841728
371687
900087
409174
511174
895631
598374
782745
611705
694111
672863
565173
666471
276025
676653
121587
358691
947448
359135
306122
539733
65786
939359
953203
513427
17015
240362
173017
575150
93816
64903
912725
472723
696472
705867
773633
129658
764855
445821
774991
661801
433296
905789
530918
566852
120793
800751
513628
833610
818630
609482
376620
300791
850633
698415
707163
83145
917481
204966
417399
240117
33573
311682
864158
776311
951503
917871
8799
761026
835778
581544
417304
563245
223693
794830
628169
653643
610032
840257
224940
248678
592272
237830
680739
7379
981552
746054
864661
726655
928020
752185
831741
531954
890276
948882
321867
209676
688313
740852
316677
70891
992372
784578
414112
216369
31322
64430
98388
844523
171432
457424
492448
276535
204139
124065
352035
110940
846309
850574
345918
6903
300644
793639
892663
496898
401500
282910
482738
681907
237366
633747
672846
401004
126905
863957
210864
582847
601253
5877
103141
945577
479370
325706
447655
907729
207850
55937
969441
928544
129690
155073
220311
239464
761367
591133
201036
121927
807833
74333
594928
8300
821401
685904
364487
760644
823188
71847
695518
2789
7994
70447
985370
735927
685597
190398
341113
576317
494070
778008
668351
167927
574621
581297
78369
26427
750163
80910
109121
347487
15201
202791
109066
626754
679031
462047
642458
406502
244339
31709
472604
922617
927182
484446
214152
122458
184354
724291
628127
931803
959477
225034
94963
99456
615244
278391
247311
526685
306197
677125
790127
480410
625121
602943
636668
294113
958556
990674
546250
647221
106997
997920
583818
270824
894286
229352
539625
369631
829202
488666
888507
208041
269164
974474
764119
525325
394611
549950
618882
817320
720590
756762
337148
273600
735147
452246
325546
52218
64036
862541
358202
64885
310101
741543
945057
954839
175853
504933
149382
118370
461896
931775
232071
778191
948968
166441
586770
324787
269419
607324
465006
836744
87414
114004
926456
648534
50753
793742
803420
68657
950871
584642
667424
871228
939011
759322
692655
409966
396807
798014
148654
553523
150445
656157
433513
704242
550983
537854
584971
67763
698013
28572
496015
4660
380042
816635
648766
745873
401880
228381
735264
453488
948520
118382
447037
464366
153822
584578
934150
573413
261507
633026
280141
620656
132512
104449
249516
946445
298268
426557
51273
33029
913026
277703
525303
310171
770523
549020
877437
231183
270217
574703
219167
792527
84443
862791
266756
814879
655071
925764
878364
57241
81196
797301
165090
702558
519390
348067
483154
904220
883978
837787
591029
885118
547888
496405
92118
769
694
299867
390032
362197
140448
712440
241893
819972
895026
279120
639300
85431
358193
593052
577348
413519
911006
785289
761301
933187
898419
740782
355944
429736
174263
679328
945014
149556
443620
555757
94908
53754
556981
798963
659718
564799
620948
430753
521223
774386
524882
608036
442302
645275
726364
518744
312935
624601
660587
557532
489867
329622
853401
988220
339938
191454
19213
478690
505508
297681
845214
348218
542199
768736
80800
133097
529948
550783
222736
549133
85061
785421
533307
647541
780246
878902
600812
699031
334664
64693
405969
899783
112204
73510
701060
767566
392552
293166
295981
950135
968595
402574
653501
259806
935557
331809
634013
132435
326501
715410
650493
107600
598724
859230
901486
897285
165419
747560
358409
873879
510404
589845
762767
252570
357682
774215
808999
318703
123684
851836
610052
756571
864700
886978
468644
292019
558435
458322
608594
49234
869222
962894
898095
130860
361568
690823
901010
909002
926558
522352
902479
564970
464754
272800
377601
443375
668799
437880
962999
912913
995691
349550
344901
713331
917236
484110
527305
841737
402021
571098
636497
751895
775614
519705
432518
71833
536114
562021
330126
29738
720334
112801
312400
293239
293152
535436
917695
639905
245243
149623
825448
424125
440692
498646
981361
731364
309009
680953
729967
562975
989974
34609
840751
449680
130677
543105
607542
851895
144563
849868
467335
144718
3641
181609
952582
106717
486613
547791
7309
433872
970099
722052
770160
198887
927298
708757
283994
502638
953999
899131
63796
791896
428985
235277
964016
948058
699084
861858
914843
891964
347330
368677
460052
573912
73226
962102
91900
230063
519138
251321
957996
965639
596851
99769
962589
906918
513854
983455
890604
838235
315520
772721
418452
115975
988680
288673
390961
651264
96849
471783
346677
200095
308805
891369
200169
771476
289388
767083
587679
849000
392324
393216
159754
598065
408986
541092
105858
234501
335776
418050
656047
984358
506271
698521
368033
703478
116663
490760
757376
278049
539083
100896
645501
407904
662540
797674
491262
732111
908725
959953
76604
560804
320323
96522
762470
583546
746457
397059
767923
2307
245968
723857
790033
169058
969303
881001
777144
601227
213318
119658
346844
386672
594848
416354
629384
670313
297584
492161
478027
667839
625328
749328
865504
729999
77459
726074
519393
513084
886421
743892
826828
8227
758225
589062
51686
178830
608165
575519
779160
681182
741799
849903
41262
13077
89896
516115
291943
263955
867393
957393
76327
195013
443406
833701
740220
822179
535520
346322
563582
749735
559909
449966
163543
917807
852892
713095
268775
96844
824242
6753
589712
179297
477830
953590
661918
585094
572452
288670
602013
414591
392443
699319
423100
386347
218210
276254
400983
64059
868781
332578
463101
90308
662427
347705
181149
300596
65920
197953
686737
286361
390282
860526
457198
683142
679147
135061
206737
254676
105567
443111
788866
703138
108434
301625
934700
542814
323173
416691
722443
272613
433138
95247
958378
298848
863646
589208
150029
648707
365280
859259
31991
389250
438203
147810
212351
807355
336183
974971
833712
352401
389232
468164
197049
698338
423033
712004
885251
315105
310964
833631
79359
554170
329366
895228
79197
984326
302818
53249
854728
128878
990464
704418
223975
334957
817184
60377
649611
477589
138362
519231
471635
194153
51172
962854
963247
45567
240750
319776
152905
376204
115770
930685
244310
562766
970975
76414
548369
126710
923065
285975
347824
390759
561827
874278
468322
812007
866054
576690
773583
652555
949794
963630
36497
685436
59785
353699
576023
501107
480595
90350
392154
401655
511783
427955
971014
659013
462277
673926
618909
566780
615297
807467
112273
947446
465037
906069
618623
740887
138475
512332
605259
72459
497815
90547
684534
669189
46648
551642
830472
859886
269829
48542
795808
260118
742759
955521
451277
581452
443169
644595
318930
522214
510365
85164
285080
766407
904031
913399
642072
838460
359956
61570
303204
530997
106205
99489
336783
220487
880005
323315
740656
239467
129403
549466
994566
795630
216351
386438
260491
272872
209786
585534
17521
78475
580414
754218
678289
802659
617551
608974
521404
651966
264939
777993
421803
376915
429738
717738
260956
451578
119598
445445
875067
528949
371408
983932
267879
653281
806703
673213
283481
271778
211591
96256
745205
575000
404847
984137
889545
301909
219931
557647
256593
279080
20441
345467
444566
331815
15877
874538
20663
122870
415956
586934
736776
520090
907575
314792
867876
213468
977842
287902
789991
931150
430130
992246
167172
540677
627779
233157
156391
13765
3046
937757
957246
821236
848499
212594
306972
43611
528722
720109
84326
12871
380398
33478
580297
326397
132280
1946
984661
992283
578167
322087
276111
58809
705689
309415
202267
889602
383944
487029
715608
66935
485874
988335
599980
176253
7452
259530
764432
519731
955925
61892
335231
671396
733306
465428
383240
848411
387606
292671
81186
548469
259394
95506
487488
906470
2082
668510
811147
731358
115445
140630
638016
333373
874320
888408
251823
169332
575160
925176
624095
321591
701558
245395
846364
475501
881636
602966
406433
728662
545416
823239
187972
690799
848611
592690
608492
451723
831353
597801
398750
196076
550978
207102
207163
102381
84668
552620
287626
303671
109250
143928
14759
779360
720141
524755
985181
598156
185201
180433
379798
857707
811099
194623
839611
240160
475508
147824
632471
463920
832625
208815
206360
803317
126841
133628
760445
393815
849849
321352
394395
877202
415445
509092
903194
368661
697669
495688
533763
936765
154985
542595
170197
383700
820647
841806
794475
888716
918442
753674
407998
55354
228923
658451
995178
537348
993002
231777
599341
520361
437832
181566
535837
196754
425707
361706
367097
882643
54235
390186
912883
585035
177912
938074
442820
425573
634532
392355
341208
287841
131211
110753
425664
436973
478310
450782
492278
572031
359292
574876
580773
268308
92891
331443
295292
550604
1756
447483
408163
707602
176263
962044
783328
537011
947181
864553
672061
154157
260823
323429
17275
390289
994856
906510
831823
999285
400000
428861
631148
185500
869067
564306
824981
469813
856764
627330
270635
457925
854311
378933
32176
514664
977878
944248
90645
873559
831889
757665
666312
823159
340763
288668
576824
575420
538583
177277
198222
154275
562436
937945
154794
587934
914707
375041
523796
879984
714031
370379
991571
563258
188881
27577
188538
435298
808817
113556
185439
301001
575846
787646
16350
434985
225720
180039
153514
680869
96712
998725
330242
518911
474252
326402
270252
674779
736834
456308
601272
465726
672578
58580
663988
201243
167829
983897
343265
159881
475656
191134
826726
216848
574536
274411
131584
283030
462704
610507
383774
993813
209150
296344
113277
483477
345182
918105
481253
167211
366712
779238
627177
320095
251732
954569
571629
22036
976530
592336
143112
628342
171743
131678
114685
799848
939279
462582
122627
505256
883751
360838
961863
386628
756943
463666
951273
761030
822363
53458
438264
387721
339195
462390
476516
916039
185771
605438
801971
396944
690854
373009
826487
233039
263051
479869
303103
803389
274999
657670
3643
131474
61584
141448
227801
901950
446797
343095
394369
389139
463621
352640
77627
606482
462236
186357
982087
869930
495955
528252
752063
292437
567247
446030
372820
90794
146389
43844
745625
260313
693416
935953
644972
646511
599199
615678
394974
101114
108442
878066
734056
451727
689960
999300
556140
218332
718673
894067
106480
276483
727030
759401
805161
816452
809271
884701
485330
814702
509732
427108
443825
707914
688768
37191
368610
810117
260034
402201
183890
458462
941035
190836
744485
590134
972527
326114
844044
888262
311846
769827
648816
642816
4743
528947
967614
85554
359860
510405
36932
183134
475752
215304
946810
903376
194291
914012
607135
780355
138127
723488
990641
716902
746486
186173
864608
711082
500974
417104
434729
390620
672092
576277
342631
83034
466150
588449
48271
126872
720286
623467
840915
994845
165033
702713
506348
51640
339210
323850
398251
106813
189495
443157
366220
62606
888314
634371
786992
375022
680419
29182
193151
569036
835171
350361
472871
511410
497783
770206
736832
355834
210613
432741
65239
701282
823752
238613
56089
286629
463596
299727
206636
363352
459090
141620
305946
280700
796345
738297
941632
355027
660390
667337
771586
943749
201835
237565
330085
314455
950646
285927
236400
229888
879643
295392
661467
665451
355171
236801
88205
876193
942063
236256
297557
263920
785143
120709
413705
125560
249436
825963
841990
518519
657231
679129
538115
274433
281722
680106
582291
482676
80289
280558
713171
407128
704764
393766
662183
478388
318319
232021
271349
442227
751987
187509
255933
323141
954696
259642
877810
647268
86515
942152
31171
476768
467858
979895
693894
882908
725661
369610
825281
872192
69025
478857
429775
63938
999951
759606
658241
763849
179722
173509
361334
613698
243417
173174
523313
668218
317039
718369
240212
401140
265669
876487
191221
492312
184981
19944
281608
190919
430029
849345
114049
492194
295605
798334
302536
749939
686931
332149
949413
172945
649484
728683
372582
283550
370691
262276
975526
97444
840319
597895
454970
489347
253307
191055
569419
191961
709810
913766
144455
827795
990222
705272
438924
599240
756251
525764
413720
120918
174788
207339
23225
676863
221745
814037
471113
347381
983974
394699
728783
220342
497010
716820
999407
224464
846021
371792
740799
518013
756422
185315
276809
971851
918987
515605
331133
979645
833717
806503
839280
863830
927050
626057
577646
73676
387930
813802
914752
393553
349677
928487
216623
877302
479051
951886
290642
762463
107024
117944
502511
623802
200512
909067
493081
240187
886701
116528
31692
536911
347052
391923
676741
464435
781418
860912
756549
180483
169517
732775
660443
658271
294578
992336
738812
58906
43400
175117
963563
525637
805604
625130
783705
284844
208027
798124
134038
15963
759811
557385
670630
494901
734972
222506
748649
418224
687251
654215
527084
549531
576115
2702
397824
151532
336004
79576
517433
535296
437220
171306
988853
591736
547670
9159
579214
995974
848831
120508
574646
148572
959623
503637
897
245366
108466
134366
369622
178120
426741
462748
679995
957459
3005
588014
181518
859298
525892
662982
948155
969653
229675
378805
420840
775369
440046
330348
257252
76068
130214
184622
652985
243317
924175
985116
234192
426554
128556
868205
225284
909551
325219
924711
510144
289290
837382
629162
16494
385100
434382
446361
927272
436123
132413
296647
736244
320879
343117
941082
758332
707817
378426
357929
918858
636908
218764
764127
285998
761099
647294
123684
485981
145001
720856
482091
880572
699179
407685
96934
209831
591724
889136
967843
306941
731287
150584
834701
813009
303486
35137
445630
497306
15498
771616
827494
161683
364207
341829
80035
318302
137403
59821
830060
836845
107234
893524
101018
668756
469113
13918
54725
795330
369749
497679
726907
594809
970089
230514
400371
81700
135688
476185
934301
621183
388499
18
100501
343801
158988
123462
870949
430231
995118
382132
724556
454505
509867
211685
269865
612672
623510
153332
892407
407792
885808
345546
576106
192892
780649
85932
86219
813135
530418
301209
29329
561924
412820
77949
155061
774450
633601
654116
238864
596904
118042
570610
904805
940140
155839
78977
3328
624296
68223
124797
881420
348594
433123
374179
107494
819120
332278
975143
509457
690323
241664
882173
633685
941931
507903
199976
279559
12011
108109
639934
106140
611047
753373
937770
149312
205827
383344
405096
949001
303533
198558
255873
858251
155721
435685
682488
49510
535706
646607
965572
314632
211573
797896
595081
150734
898859
875413
528446
948319
774579
651642
92249
786013
404697
760340
709719
459818
44958
232552
849526
565015
257440
835031
501779
250570
192186
238914
969627
118386
125553
786083
511728
189385
371908
981241
782984
487879
692058
917254
904197
463456
399491
791526
644828
737233
155719
13092
271370
395096
474809
584680
814338
88036
286789
554482
846441
159116
552029
983692
114534
849480
792938
702077
241550
227166
193570
651367
287978
382935
626857
206606
3615
727032
551980
164013
436171
106252
56007
707031
190408
891302
520685
674825
75227
478333
386873
112827
389734
88709
24019
438974
660121
274730
270865
182364
431930
931297
422567
791057
789148
75167
216950
541410
570218
971316
580964
121024
633429
677392
739570
518751
504228
687201
299466
33650
720400
465802
515663
671879
808996
892360
590945
481613
144028
339125
709959
194569
101053
180721
322920
438915
463246
887645
975312
852098
657655
736747
84561
23369
606038
768973
434606
67697
28509
376744
40198
747752
68489
902624
887791
878958
115779
13224
361930
914461
67312
107705
441784
258600
826834
664112
603515
496134
245311
151200
195394
410946
630693
262984
658896
600060
716714
274938
36364
36440
42835
469971
690816
494542
766977
122308
457405
328247
427681
835872
934746
559060
882198
930618
802390
349203
582217
409014
254654
603845
99726
722443
908244
876676
403706
644876
270996
362957
28823
69323
170543
207238
813950
171038
643659
875633
2108
375717
815293
286070
283815
803220
765758
112857
227128
375821
263252
340245
602552
566332
768445
350693
606499
722436
526459
855587
117592
958447
869649
89080
400271
834008
808741
603728
654822
384514
292427
631741
128180
77807
887460
632266
396530
721049
285817
187235
511367
404148
535376
423199
681877
347753
175547
639164
674994
561866
104843
995668
89631
591488
811569
745567
471570
394522
783461
804963
883852
269112
798247
764402
637860
474376
129166
35742
932685
799038
411773
957953
714044
73624
631485
109483
797481
949479
162999
152579
349960
959059
125612
597396
170170
77131
306203
270285
550499
628823
876209
751052
687721
44071
21317
801520
858316
266928
943547
780962
11691
223621
468432
738360
69806
38504
131453
880560
471463
276590
975828
415505
161606
788214
584178
240129
882113
13563
713542
310330
344537
292555
413355
713647
212214
57098
577657
123868
241940
995971
961191
210913
639303
778870
640808
576063
591630
946427
763985
242922
852899
803604
65994
829556
73952
716636
429399
972557
197252
752774
841824
844500
485098
785016
28341
742532
123784
517988
294984
428604
965898
537735
390200
470826
818668
197625
166312
424352
412631
593618
639881
268372
795594
249611
839168
25691
297885
431730
757443
406993
953861
364743
225231
28644
985682
698623
347974
812714
875695
682918
745501
506641
375897
914093
451955
49952
311080
472957
784913
95066
335771
205670
407300
567719
822278
40576
953844
344287
940164
828812
691525
618811
799245
530284
890129
344412
611656
560365
445606
880811
108078
273394
7230
86982
801046
746423
357318
762862
795970
611601
928966
47456
786705
885753
947990
287518
900681
70357
268931
601325
965642
406234
774200
39735
266933
813571
152518
578506
953118
188119
158131
911644
701715
987073
470770
582428
818756
127683
317962
497
925402
800465
140344
323272
654087
201786
447197
797354
836213
172406
808461
844972
137669
314441
132844
191608
693282
604804
831053
239712
944870
755682
552625
584500
925917
979726
873492
890822
220042
418325
696670
149479
113616
177070
699518
14776
883604
63268
308774
166567
820181
705005
15203
940809
810887
694651
110979
681240
286583
192018
180668
583835
554804
41678
652188
601908
54131
14440
933910
19492
573269
209087
556058
377295
180545
16784
658140
361630
964210
884259
690794
975651
54244
3392
916169
713327
32259
471128
798629
586934
131991
804160
519931
661197
50814
732348
714719
209607
504224
425754
460749
192828
293465
303948
153019
48735
773325
567521
240513
219504
782608
679424
854996
14583
195654
583723
458880
349533
970013
50625
806957
592103
472341
243970
807312
73267
52182
778810
97387
215934
834209
174088
448431
455388
876458
570480
702305
37915
235556
303360
303184
40359
757912
242754
90734
526261
747515
849759
261465
613159
59509
907557
296034
908330
449831
858032
149140
977863
982457
989251
810040
396889
184791
807080
511533
369150
729499
926662
171557
678449
710611
39476
998012
494416
232876
936694
563013
127286
674148
567500
125323
243396
251486
408585
272355
520938
843622
239751
195313
194212
531936
970671
452380
714292
473241
319299
716031
72301
309816
172688
344280
408673
235085
646310
840106
259487
730113
741144
224124
164746
861885
992144
859281
394733
811184
517351
166843
327941
73502
252948
749223
58956
683668
162894
813712
82958
196531
467435
931339
346960
783288
571038
274704
137196
567747
464874
939692
89278
744749
939747
902822
924521
263841
381046
84235
944914
457926
749580
599702
308526
861916
494738
856802
229914
13319
391035
615202
647619
178763
780526
730605
706953
784059
860076
63313
989852
378063
820970
47231
657970
225487
141877
396148
196914
836335
259161
384539
253471
874022
758965
715947
331485
531029
464874
630077
40489
59714
692655
607049
601203
768787
791081
287478
235350
528937
259061
371378
596497
407916
106426
582872
177945
424354
188668
675724
588175
275507
661269
952982
530232
932713
224487
254174
710878
195741
835696
541155
22216
929634
863148
652531
324613
152653
412652
694132
898755
320687
283483
739970
38251
446297
985576
852950
464257
750900
830550
516260
846548
340689
557979
560056
347087
176506
302639
735529
24798
596561
949027
360746
279352
659276
963208
223285
380833
967181
905130
615111
796105
668637
882096
789829
940985
856472
708759
324870
232342
344633
376256
359364
833376
484943
902420
633286
140352
970483
666467
600378
884773
383897
753957
967323
32852
186310
251981
330394
172866
999989
87871
245663
260994
653300
945936
770382
59602
86110
968535
753500
994056
586672
453700
628800
978033
140399
444187
111435
184148
908613
778992
320212
717219
399543
475872
53269
601919
566458
424767
767642
561497
93871
491463
815844
833682
420821
327331
311983
225350
970439
743057
379484
299570
182366
943892
600231
502529
402672
333587
827127
316241
561522
111912
9497
829093
567028
407663
620454
442465
601433
736554
392438
27040
741305
271321
785464
238508
522554
458545
798989
569522
87527
499121
49789
135708
737438
575931
614067
516764
187821
250828
81451
8966
265642
21043
76581
54108
37942
847738
733762
466276
689044
193649
272769
744410
346812
41333
287621
390805
509399
154413
138328
560300
525361
579541
305094
468966
80151
699123
476134
125463
773332
745855
932728
928892
447596
931790
889210
252549
42999
542435
578468
972789
418080
410392
147562
443116
942893
166978
671414
362863
11480
583419
2914
754538
583836
651510
222495
125418
598850
426811
240638
795435
930745
754519
124116
476886
844948
782772
516123
27176
167301
441680
252803
209227
201491
385725
566329
699032
280493
317100
974119
364361
472397
642144
944707
61366
969620
59464
836751
41198
599573
669267
42745
132123
991895
779980
659633
389634
145797
825700
576987
745117
807626
930419
791062
698289
26442
603765
18522
529244
453389
203986
433282
18049
454591
129750
230343
993601
780538
647753
692866
522288
812819
96718
878550
52150
309151
749331
338342
186218
916065
124640
303319
979867
263620
705378
442297
622760
817037
217026
257651
786352
641874
428847
44070
220266
708083
703065
406945
132640
297521
324375
818524
522936
550230
804511
609009
157694
566833
454803
250632
787107
488211
792344
117774
900462
551126
944372
95847
431633
357442
588634
505540
244378
897332
66498
526889
694172
820074
85063
956238
664690
86310
390868
739802
722848
486383
373169
410104
314364
610848
547139
155640
780150
898625
76522
482147
292247
877760
682060
184686
46573
824789
569378
456451
404873
387093
309450
493483
161133
303256
463094
760788
493558
598326
190627
337549
183224
183113
735166
358720
700526
30421
405323
197906
789867
742237
361652
392634
537393
886499
134177
47536
883678
616630
232165
212618
170883
616349
646031
30071
868326
821493
174248
851423
495379
442450
557017
254414
686750
8042
383128
183447
762280
485824
838413
753426
800322
398487
317647
192774
532546
348195
61574
564392
505233
944061
451986
1222
623770
24787
973866
825170
368297
737899
546082
131554
583201
31612
285667
611790
645474
114174
992515
594570
265626
907993
911494
294211
17937
318791
883759
961362
723781
268334
441661
219686
972484
26164
97256
182385
341465
620034
517909
261622
998654
115232
812418
255734
125952
5575
911013
462048
739568
876920
734355
450550
689329
995661
355075
890563
976563
869654
967042
74116
563354
692482
322203
683669
824345
353507
738816
960785
598467
378094
860458
204405
768394
659183
672446
256615
177364
745230
91826
644673
962172
2927
916761
776182
642181
835164
262955
195853
618096
490366
503525
652585
925471
144239
441526
958323
620732
606149
899640
118474
98726
884215
759750
387807
556116
160749
588229
554972
478005
207402
909518
722176
852840
953581
194455
810775
634840
131746
324955
217085
77621
121988
240574
335844
219209
896320
451794
473172
86561
304327
393202
994633
326595
783242
188874
94615
353670
615311
886762
412401
25552
486523
945161
800348
812304
272974
810578
130383
600806
412645
516794
158845
793292
568066
169251
954547
871691
203110
390960
382212
738757
5754
667558
363568
808235
930455
566421
54288
544307
781945
239874
490879
943518
757402
135260
700965
721149
680041
696735
737750
710665
825348
726872
2947
502091
858151
43339
84035
579615
727550
97555
920711
809414
186440
19285
425184
100868
527413
974938
415425
417477
579644
200127
375936
136814
619186
285813
11362
176052
28799
358984
702604
404913
844704
46714
345815
995395
911119
148516
386772
257382
241518
495357
635295
911647
583716
118411
73551
412815
844085
281674
953403
115347
441748
601701
976150
6070
104762
68195
985280
888265
683793
108857
651642
797045
383413
828923
452525
389396
439935
74319
284592
86850
530519
84061
886052
312059
783749
641612
144078
268683
463553
186180
56276
193915
284247
941190
737102
778424
194002
9578
597518
224801
798879
90439
711460
344656
940407
213377
633494
226118
474983
985578
538187
366833
872970
270912
771119
276591
849251
850351
941053
364143
142539
421404
730185
330600
5516
123787
30803
79204
811535
257373
497418
697769
269111
615265
600969
396742
559401
617169
765830
844786
849513
218135
250934
388363
802443
208679
940027
631072
843111
33487
518139
718913
485427
71112
104054
28633
736209
163734
555921
115799
289393
583224
2810
809750
222954
539735
170127
994344
19530
997007
729976
520842
217348
913886
262236
870548
947379
573335
901418
410729
565466
847498
739934
37430
52772
346613
649659
63936
206909
387081
806259
962286
290235
538952
673545
937708
444771
633539
376206
96446
220073
477838
389834
396888
20668
110715
950725
513732
123860
591169
254087
120359
469545
277722
870583
292861
270857
435117
442766
996193
5559
161695
812501
425751
5195
423600
713865
492373
126008
537841
827434
767758
105377
517994
277724
690767
357919
430117
112053
227342
811450
982800
537479
945339
34631
551886
52364
94247
420950
343304
619746
192249
749157
734064
903081
819261
269611
754578
469970
736235
223743
670
53956
645454
149993
233969
746429
18227
446456
135053
688475
611788
775261
776817
77951
705297
698647
787000
148572
111266
902861
436076
323085
1079
826679
487954
277627
835049
664677
626451
741837
865721
973716
336533
572991
790078
391859
861050
489268
412945
361054
414968
879105
104870
862527
442717
616421
916175
805025
180465
100746
415234
879014
297808
402343
784537
588999
868125
487265
608900
69411
690229
714905
491765
144704
596292
872133
379048
216493
662568
57037
521834
967201
351768
83906
394450
219996
162071
579144
619922
433930
316435
533895
790292
625029
785430
2462
929622
278160
170225
290644
553233
778817
274303
415522
43831
744965
56342
214308
914252
206726
36656
364518
521509
648157
189332
214136
740958
821862
431780
319362
431117
864994
252212
531012
142889
554292
923809
488680
949038
130150
915782
97213
670191
636114
176108
977379
27274
319502
685128
827609
724253
662831
83964
13993
712880
843108
541115
52765
868546
801726
702478
919779
301220
51223
908982
228243
990667
417957
284444
349730
611946
613294
366180
415437
526722
864829
520429
426625
559150
763962
101708
98383
274348
315635
209747
601383
167767
808556
207299
740147
690923
611499
290246
369487
136540
157970
303968
358128
569540
909528
317762
785216
995321
517379
237320
41340
532527
945807
446261
831418
280852
849215
40925
36194
582251
365122
432933
47885
396887
952782
722567
497763
63926
82645
169419
53323
533494
666893
477069
215209
170123
474192
823142
421887
431536
225729
244886
886183
38519
156625
172713
454251
308494
511634
746052
184839
616887
439695
393170
850815
435398
757786
306323
707396
414961
955767
871821
516359
531195
605724
470920
905247
567803
780785
205992
920161
130269
323261
995932
6324
493573
645510
894112
931116
688630
911783
931747
240824
153211
454486
266491
612059
870715
186062
90298
197303
52658
595632
979117
460708
482967
534808
999784
919297
920800
565666
677363
8233
407723
972151
534186
227137
489702
295965
764355
769149
491537
585804
970738
935379
248488
444465
834678
364332
699255
433625
39867
141108
108041
705924
144847
281484
46797
428272
52407
811040
977051
478684
715851
23926
351433
947849
98815
13013
401519
829769
288346
898250
801474
294109
373736
768531
266421
132
559118
960850
235315
511857
807151
891122
886623
787441
216418
464457
883900
500759
658357
655504
303167
270922
800787
668176
372459
301241
116657
895163
896906
99806
390244
318207
729909
70734
420855
381996
979759
940585
122205
492544
642461
2987
528581
857573
985374
403118
172565
446866
606491
751661
561295
592456
472538
491962
784065
494583
624466
212830
159471
227424
502032
27619
128605
503039
815441
991554
312051
75172
712236
910115
84120
693037
344446
41012
209941
637609
537083
506841
459852
922876
172673
730029
697276
324647
324449
912195
59535
939667
886585
481937
949730
616663
922746
703017
314558
501627
55363
144174
487590
761224
637800
914192
183287
497782
996759
987245
43314
701845
953704
621704
352711
574726
807230
528402
171902
425791
63964
664815
319391
66250
295249
8250
999813
259128
5755
527292
584548
219917
913057
381321
737546
510087
445256
498383
379298
220646
109098
553196
134416
961717
920159
515106
607785
225765
26767
220750
635245
707703
573607
454634
737708
376013
124532
392646
637761
302057
204682
120293
598222
916381
574899
61498
75483
998968
131008
848852
509702
667841
241082
865978
552097
288435
684826
588667
309871
319659
489342
557563
456223
920016
116194
996753
511188
102651
919398
687886
529965
17369
839615
545788
516622
812791
492415
845640
923546
785740
640448
313579
211347
901036
539790
324584
284502
500242
714725
914808
42900
803333
778948
716409
335785
465773
719190
452299
406830
576208
739853
22276
948854
904503
31412
669344
629865
644764
857411
41528
41251
516977
781809
164870
259473
57392
447741
852627
69730
239102
304904
757761
789620
349678
869389
690277
707189
991102
777746
905811
745681
972914
518718
552706
887201
883787
983792
895562
368603
80485
645407
729396
292628
542573
636221
578047
548644
118693
141652
171247
125887
390419
146422
768851
24629
833717
30500
340020
46086
704585
702833
586326
61487
393688
772690
125869
395592
322494
213261
958574
7051
17880
21366
604736
510603
212099
804395
472609
308450
448536
208469
651281
42234
277221
915446
699719
816294
308312
372947
88088
275847
666709
106996
723713
618232
821546
496227
506012
569534
535802
387105
944203
390924
92125
357360
625573
527227
496723
463282
962605
947218
58424
8366
802933
557622
72426
55203
408896
915914
733672
931534
140896
252695
210396
642383
425612
110693
303869
41294
632031
242101
421514
405866
867560
531685
411372
71363
503024
38844
572411
244184
3983
958390
810486
980369
223990
635423
550584
690851
797738
158157
920603
681994
76089
536891
655139
600905
433326
374296
511575
34127
909586
974864
512822
187778
539767
584243
477033
681042
988410
217185
657120
885162
239239
778460
417392
342586
473364
929559
989365
32985
645329
837951
960336
716106
442521
816397
69244
58338
713208
584215
177315
525013
345751
625912
841392
249500
235702
154461
590305
913271
237712
428060
722191
68486
615342
695913
497385
433730
321698
328314
84431
194094
145752
455272
594925
288362
263792
254044
386774
691712
794313
331984
854706
9325
614429
105495
197657
695741
162817
136007
326052
73930
444109
894322
238598
500435
676244
684746
11447
948541
345580
531097
752265
398971
899696
9209
749487
160624
748281
770174
860229
88292
976840
554567
635688
592401
495370
321131
582127
682220
846418
862911
175291
339158
112405
4735
583054
780448
699165
178647
169786
826297
322077
860200
358881
52931
586114
234433
804401
651541
509575
648230
314773
532152
979347
186092
793587
524618
922974
550746
837912
278413
85963
344746
619709
925807
808456
727505
186034
699580
21563
327758
469130
353984
253065
552658
173623
67335
614281
166295
284661
438345
478979
230924
441584
535344
102629
905252
485462
930625
314228
132611
181384
754358
578458
258321
760425
263926
420531
593761
16241
635882
858402
220605
405421
687032
523359
263372
180551
638556
545369
64369
733179
53301
825497
650935
13374
408248
997289
852734
804827
719028
502209
578759
392376
221676
65558
750263
878700
784261
370207
480840
46500
562512
285492
689041
353829
579091
933914
85567
743326
287374
687082
696754
532000
426292
781171
278624
795251
537582
450238
60574
512869
430382
896184
964953
447601
636590
598781
478591
745620
322714
45376
437761
522009
209847
104575
240495
729752
528477
887889
171523
707625
732696
418690
61946
875712
608439
995757
61466
181816
171419
622726
28796
995569
464765
210565
661932
362278
317895
27157
105307
934600
987603
204143
709371
571751
672363
652910
244266
34989
877580
470008
921425
848163
299668
875260
210530
268410
864822
54589
593883
638628
483221
404258
284550
733362
837499
110220
923353
70539
866098
439261
364667
833057
317196
742771
340463
920750
326862
205693
954707
850297
656911
502862
686255
466776
540951
678722
380258
905861
769468
860357
730077
427958
679529
161449
497313
771786
622088
861562
645704
924252
747720
852345
263545
720631
400271
143670
246760
341965
70065
847255
596162
108140
130541
752058
267876
66086
548054
453185
956378
16225
190400
893492
799580
243752
912057
527213
34102
662315
628893
638699
387262
82305
94641
398296
78580
85072
617548
915217
243780
727689
636294
783012
502538
271626
723232
912416
268400
701781
353784
189171
843793
381337
491612
227874
965958
440341
948962
337825
660760
221679
859692
588445
389999
10869
343750
930889
65171
497503
270171
726067
786688
943073
709097
818492
325951
968553
466799
730517
902300
350509
37705
258946
294738
614347
385530
845401
350817
743448
143482
754795
352465
32913
686668
376826
131836
83688
818100
845060
429281
914062
821501
526127
138652
658574
441094
827975
833708
324870
363775
951274
872857
156659
840490
659766
641097
430605
317494
770217
731251
187200
335075
627899
331183
424223
703449
441398
715828
167527
313172
222315
590424
756235
195368
791193
332148
36767
926702
704950
743601
413881
700796
287434
690361
94451
215020
272796
613045
845833
967884
500629
725974
997274
559972
706288
707465
14407
943057
237802
751054
925357
201692
321846
562856
299169
816559
343602
688087
806880
444684
783454
572862
948358
451869
213008
869074
655228
337015
521127
7743
553174
732286
265950
231601
881031
49513
937457
424918
275438
761489
956648
983397
434372
75791
136953
457852
948924
843647
328987
380174
391071
760154
508207
831367
48923
962582
958051
885299
376594
277458
666951
278422
598469
702454
51318
654457
502190
393381
63539
298341
293738
368170
453988
421487
945953
701382
131096
968189
587841
984864
61914
393270
821823
601424
660837
707796
836588
539388
275877
611590
90593
414366
182448
320760
496913
600508
356690
307766
605704
9819
293605
595546
256722
307894
26853
402884
415274
613165
945318
786114
779045
62474
725895
317402
525805
605696
571909
486652
525495
407453
394784
975793
92321
263024
720185
948020
163873
126801
698951
732275
305011
417858
355641
70097
396171
619488
384545
337877
411362
622971
425698
537704
322907
385170
293639
6488
739050
552951
898606
117884
667332
506259
665808
158443
3524
473292
992484
612035
854777
409583
135407
558320
386117
998272
845030
37426
390039
840108
163869
436097
485887
362424
558026
530315
998436
735645
81105
119873
16049
989330
22764
936234
356441
808746
419279
587814
484844
30229
181087
974563
528346
746493
10186
44508
143832
993608
455821
694073
549574
491477
650520
372302
480526
839034
452024
19906
765845
497126
843894
988631
932064
902751
229210
781562
883979
209284
940177
572176
880730
813745
84818
137366
738107
336002
453036
209775
22694
506082
127487
890570
214672
662391
549589
760215
919109
890510
166641
107473
959540
393281
753125
885255
805197
35847
121164
632201
796361
234285
515377
522338
520639
78069
169372
998159
425417
471401
468691
567624
838547
818047
209386
999324
915937
496899
284881
49633
984167
941668
235597
791893
816082
916742
786433
888216
39255
142411
483679
690481
706080
908878
549022
544210
387755
533905
637034
67668
330733
176519
803694
534187
334145
742713
274220
483813
817090
50118
363204
248511
140523
460167
462442
205542
980173
103187
108552
631711
732607
238253
85102
700697
881034
267444
946617
387175
919207
424292
597396
543784
295771
424246
357044
560163
58492
65563
114426
835113
129192
414666
865463
95316
282594
923357
521684
139674
517043
713247
868942
958292
481406
902799
585537
371467
867606
480602
580731
713029
670231
823050
643546
391792
942506
380924
367681
910807
144245
50753
280532
503261
740338
370866
341798
447048
459453
186185
446484
975691
941587
284942
706300
967418
226816
297651
553091
471244
347210
25654
645342
447477
676982
183055
895845
384499
96506
654206
121921
252146
718214
998546
442335
823708
202234
468074
734677
982246
941328
81221
581584
324116
422524
372707
415495
109856
903461
507618
331015
229729
602546
923489
740760
488375
217271
469325
588761
455582
775033
18933
459874
75245
858973
695086
129376
300244
95514
820843
80777
45953
344851
12003
1514
407110
240724
139978
672740
148355
160469
353985
525021
392067
769779
463568
608137
169598
20734
298064
740476
220177
294358
916188
173385
128690
636888
911874
931051
429481
406064
281156
401939
719194
500565
421346
470743
197021
54154
567436
778206
961302
989347
194581
374617
682954
666684
756139
973948
451936
831624
984065
412278
418532
488846
722309
661302
202241
145993
725795
156183
636060
209473
126533
792814
158961
332389
700153
123863
649185
475209
713648
183843
269416
239281
698370
967230
299167
783152
818700
761750
424316
265905
576992
929281
904874
756356
483050
362932
299638
174499
15675
421305
211194
392893
752386
630084
834957
893103
995806
234595
671779
810875
697934
483854
37251
664235
788011
660083
959403
130533
637496
903228
921425
404158
144369
311617
220184
982673
354233
820519
365119
347871
813076
848646
673744
696863
853926
67684
763123
88809
99946
732277
142138
958420
149928
358263
18916
850863
886358
71148
777733
436791
337497
156150
778894
42440
284521
959585
551262
120664
43253
386576
852651
817148
713238
585196
160928
414140
818985
245384
2551
358510
500888
462593
311732
363479
104761
506135
229536
449446
109760
382628
346860
328940
461577
618899
96673
468942
986823
436031
674557
308687
883061
546420
184513
724783
866058
388696
766113
6842
735727
758498
653683
940832
723355
791503
594304
396134
205968
897249
99640
406936
509766
770619
239389
857366
86420
874269
792492
124026
405230
373977
653785
67688
894150
357511
331849
469352
416721
997640
412993
907281
601519
925213
563442
790516
36051
898665
207896
313923
134058
689787
807261
97889
106486
824311
271528
865490
107968
292192
268642
238487
333219
477930
823491
300266
654551
575808
609696
753906
786110
227693
408541
703701
358377
662915
231952
126892
698636
194634
479829
913952
376430
456151
330859
759978
305214
963687
318730
106653
665957
923367
164854
419738
617285
224586
603781
756371
908299
421092
185789
841073
640036
501860
68460
463839
698910
238226
978718
682038
623743
331591
370526
791851
125522
885571
733715
423418
285190
76793
582338
613217
473140
698237
153757
468835
168095
593120
514879
832200
746986
112028
9821
537057
579861
302498
334660
381642
27433
671605
765706
222294
836468
138514
462422
987791
433477
932370
97749
991971
257963
839332
407573
42844
215381
479190
624242
363211
296442
358406
339534
93772
620827
281159
744391
9950
168895
998831
490125
688995
544409
158960
468551
219898
412845
647030
717528
764815
173155
873068
14832
116719
721136
339498
710869
725712
555133
337747
975223
275691
108793
694628
856380
745609
586100
730253
567186
705656
349391
363525
295222
997184
836456
45804
590209
118033
344177
297960
599193
102191
269085
981316
793647
726521
934507
956966
905673
50519
848500
765170
263135
643066
5441
207453
18961
83345
925602
648943
752207
190776
891640
410138
358542
102963
836473
310430
430608
483713
364114
460180
129208
344294
376348
429021
890213
382570
331171
692685
605446
363627
953837
111765
552176
459099
127260
522571
362302
28352
699984
725245
72644
877945
587566
841756
262487
586148
554192
398693
144689
847317
944539
103201
274052
915991
527327
538811
657443
446587
652203
944449
350175
321857
949011
965462
440622
803142
227537
349797
335925
550888
162852
243575
768499
127503
44090
824919
869295
95972
34847
726518
17807
742656
573950
174894
740180
680572
582816
903208
216086
326994
714573
577420
534964
627913
391957
937320
159889
827435
929223
581463
590982
28227
344561
897946
192212
813874
165422
33530
449418
147236
650304
611629
887479
961744
709450
709111
176206
983547
750539
982091
290949
211494
241604
276517
654523
808054
553780
260887
14111
148391
659113
92638
921025
49176
93973
73106
999490
592859
631073
827871
738130
540593
437383
478334
754214
72453
468901
598574
155746
378569
799594
360252
714668
730085
321669
785536
803160
844301
586276
156649
265182
418174
425661
442560
869460
512110
215205
671438
847780
857371
666442
415002
645224
688783
252323
734372
724840
567249
494811
62047
713942
993373
600860
899785
298486
927650
660252
363279
901953
144394
823411
694727
16867
381077
144451
690812
796714
115643
222423
23397
547604
742110
46850
749873
211677
545176
638734
301842
132589
862638
215349
164512
567861
506625
398296
422903
554514
950033
36449
861890
243344
279415
816075
326289
982382
327756
759890
632667
984353
791860
521563
63528
192060
266086
380254
443577
889046
890963
228753
152616
117508
186193
693839
283622
23492
143815
936137
429199
217650
133711
879475
257370
714504
188832
975411
148440
400393
566720
46191
68256
186549
555105
359700
231797
807535
790237
104308
536189
72980
906765
370933
670714
303141
144023
454276
282665
552408
507134
575285
558951
776876
767274
764607
251758
296267
58763
299542
706935
730554
172438
394300
487302
951297
18158
263809
125192
176497
279829
447207
537286
399147
445592
33740
439810
193514
169192
373341
650105
465900
203084
701799
906581
979310
234407
433046
537932
498834
999077
429841
445758
748706
941123
418628
870095
486566
447311
664220
637007
834981
621994
411629
193331
979244
336306
53015
180228
473658
393789
829749
294364
358397
601115
245645
23916
725049
949870
888844
457799
369331
360656
833782
317683
972846
719107
638515
810429
132233
526278
427743
965906
665884
937801
710626
215566
980143
308387
303443
713580
675372
902096
843082
729360
852002
817197
817638
305427
158836
898898
179017
790863
546866
611318
312148
353620
445009
244001
558673
283719
976881
842754
484629
471686
577930
487086
899038
149466
78132
272967
387539
288159
44914
718509
791445
702763
169100
87936
668101
967170
677865
462329
962333
546406
260240
550332
557860
712281
531754
742623
305396
419450
7169
513533
352011
180585
66145
471523
273341
274740
750975
645889
370320
92754
913672
150390
941431
814731
758875
786574
422765
941563
592750
403807
628307
631423
465108
860469
822607
674511
434892
804326
937095
198109
166113
470064
437005
592823
171839
624474
901471
710228
724518
135713
982879
689048
9312
989322
815608
206534
392651
174081
615417
914165
662937
522668
188811
579559
146540
59775
784715
901408
709636
124347
197410
356739
231100
705643
36682
600033
31556
397680
528384
8832
937217
582650
451383
372119
335250
517729
573329
269724
284193
123159
748703
406406
83124
590561
15939
899140
416200
575572
317659
947161
108298
330040
564754
486054
880758
285458
458519
399008
319077
722197
551884
981132
563662
689503
709008
490284
746275
686049
715114
717037
623171
370120
855393
63584
159495
257168
193710
972502
479408
481412
264218
526294
380959
717516
337665
578754
251505
22837
506445
470728
946846
711914
448419
440103
767582
866687
665551
664326
73867
484911
747416
578116
266711
960150
818811
630495
694334
687203
592942
331087
472549
776857
90592
522621
355092
200104
178020
135393
272701
899335
412303
528485
290080
364418
727103
139076
223696
523986
241294
17826
515187
952841
844704
480930
794578
947476
549559
463540
283687
949415
816589
896171
674734
396410
25852
454703
108642
802887
941284
37195
853878
313211
754088
797796
780574
602087
551294
756615
14301
73814
660264
997768
184002
200446
845119
372158
626660
414852
615147
953294
14833
969994
111225
14749
529626
653520
908717
453546
593927
92025
771409
191472
26451
585460
66905
977792
699531
13793
494195
117294
459392
416222
119852
991311
994262
36767
910688
566827
347186
731990
125603
935793
575317
275396
614662
629349
433499
662676
228277
983093
207556
695496
352499
579545
612894
835828
365223
100382
366692
663353
31173
537319
575093
448353
180607
539033
575377
432232
337842
59230
427543
847852
464123
526132
932907
258263
719768
158599
179658
207055
441798
119480
969098
410375
441955
826513
737832
9510
663031
389144
970326
941201
16304
58355
562688
623350
568299
36897
733957
738187
816321
75382
352528
534171
855065
308093
848652
601000
613617
554190
548292
419608
17408
786634
728452
663280
994076
951116
902864
760650
409773
343592
32391
184482
117596
682299
80484
851003
548386
686847
356203
87238
369199
600630
400622
926445
332016
179328
307241
638779
166964
614334
58779
291358
758078
100035
885367
980106
731452
691936
775893
704355
863180
641388
291022
572362
162296
577441
462703
784277
94968
133772
447970
879900
225039
416360
723563
66051
402912
453487
802080
845693
659226
209396
499594
623298
343534
761582
208761
16630
826238
271974
276906
446160
843248
711852
863256
304366
306857
347939
988165
642352
640877
780859
215482
43815
270857
350711
262678
958776
192645
122285
202055
226330
422605
150170
855794
668489
550108
481778
761037
626523
111078
659534
779693
588436
300611
960084
766281
974928
109671
525784
654513
143536
87242
880444
533165
628495
183605
596713
895191
27043
390126
31657
381452
33484
876043
744096
836181
705865
730236
708287
836829
979967
18604
159351
174181
905318
371913
532289
970133
647097
217378
743554
745385
291998
667545
480779
689952
332210
553161
377284
132103
559804
96947
762378
721772
62045
756692
281046
431955
107125
412455
778251
75381
642910
876103
294685
360268
454260
394324
378542
322948
933560
960077
208459
330820
974915
768912
516334
213782
353681
885534
464474
526156
573227
594008
648667
614272
287516
696496
853285
895354
632603
337838
359633
634570
509838
885041
325528
843363
390204
73286
470883
997495
988491
248332
258281
342564
877418
686935
800949
882667
965328
687509
6376
807771
55119
885554
280075
720612
419060
533954
779917
225024
459017
258177
261100
362592
217297
527345
372987
309785
476087
769146
337215
636712
55892
162379
794990
32675
478828
566503
431164
239266
604954
542688
67237
180907
562879
833396
342153
882385
172683
308597
42358
963606
268799
129947
456047
206454
326968
32004
432578
239566
762277
745092
741488
158086
787598
542062
731266
170808
761878
826701
728050
617107
76140
604334
450709
325614
10304
710922
194511
613177
244522
308987
257000
652870
478359
768848
743108
433194
534249
637473
972622
896077
621433
491021
762256
456170
673983
897484
170554
813152
946924
268143
577734
8488
176932
640555
948122
336978
479462
758934
202515
552180
647638
731438
398640
543682
192598
973529
325306
600322
197307
765904
68848
667968
224094
778298
531578
764224
757968
505327
731076
765857
805218
733031
66844
205030
848436
835853
216846
728840
61356
986105
125266
757975
118213
919691
205301
690164
390212
663012
256345
517163
589689
68290
930985
853915
507308
433145
107267
972315
242250
152194
343875
251097
683235
521988
599156
482234
281546
513212
635296
915384
938504
342057
266952
118777
626585
905047
134598
656188
223165
182178
391514
762793
546848
85610
120722
559769
606848
817745
339527
262609
319235
309148
302162
567241
218183
164281
546090
161763
187787
138443
568381
243374
876781
392345
772184
34899
974171
23151
234583
618458
232717
186676
790458
466329
548633
742034
583603
473070
936504
578826
711350
787906
713773
347401
765996
109665
490078
200562
953303
40361
293639
988969
665244
121388
5143
651292
703488
2925
730912
472353
570966
894238
179847
448111
747969
873476
987631
528542
593652
554220
579088
469314
449502
18389
123523
409784
135006
835361
403565
455156
675969
509606
457268
966988
916836
838129
255983
729369
35389
777385
253738
498081
902404
689264
368365
974002
736222
865531
640373
314826
804788
626853
303356
787083
25062
96263
850474
354824
524538
635383
856074
545940
856232
712284
258746
766884
904645
342239
566043
888427
380198
318318
79551
640597
894096
848933
7110
254899
775696
788313
711433
827539
202329
777377
960523
879777
91580
931283
344788
41852
252878
98694
48479
810205
398057
803257
613825
950092
80479
242961
142033
635180
403717
548551
77849
101713
483495
534626
561060
772228
466244
45190
945680
581063
545935
304759
5817
463215
643452
774675
166952
843143
826303
562388
54361
306245
294207
166017
335303
589939
96069
597744
453148
688736
742312
403063
962605
857185
21237
215028
340783
858472
451835
285730
827230
120111
274251
374229
539388
264125
930732
276082
642907
364732
663049
756557
164912
443397
710230
273032
605637
857985
279307
641591
814786
320608
608188
755146
863383
488460
595005
961231
763526
924184
367247
772483
769945
225940
195716
248526
600035
190850
883727
935671
179958
187210
177762
722969
912442
780662
480968
33315
512225
381580
144900
610417
22852
353720
575259
799630
262394
575720
774862
35916
889856
261086
285233
652144
11890
164342
818677
919445
720533
127102
49099
441073
430772
603112
584696
305295
902499
684919
219313
384657
121632
284487
56095
338487
904761
580604
897043
904950
926042
936534
592465
643850
677214
740599
910098
510620
365869
717406
853318
235821
219596
269655
604325
314817
408790
994048
967410
699805
757004
714033
784242
216615
739830
281952
173396
189600
155783
183243
342213
513704
111531
14753
418390
40663
915464
206560
395904
943550
112913
976931
573613
665081
590680
200163
602897
713532
875769
646296
584655
182204
221658
897293
281677
891702
971294
220602
687312
272933
715335
794827
797820
74358
434522
333619
259467
418103
500679
977742
511334
383855
464816
104634
672193
509219
828855
111729
434166
502934
370769
26698
584282
179917
156127
88511
170364
537185
313397
530005
277767
560733
46613
957778
738230
107777
724179
660236
543673
220389
535071
882136
10809
697821
619622
347515
286394
145715
694181
444260
683456
976090
299959
187587
394377
373169
721823
186923
344768
603979
503219
58525
218818
289567
902611
832027
633024
172484
847573
497990
170680
358769
757846
629784
869484
757320
832438
182701
630089
142247
776609
108123
744795
56419
464402
455552
851047
704895
26198
195956
306077
925420
106814
468530
199411
514537
962476
168617
563277
153247
5435
53721
629243
107754
966413
629430
229233
562726
618346
518099
294377
197936
771613
162023
585943
280204
401034
119884
536520
481503
265026
84610
68064
354208
244609
217681
97743
162093
278740
878564
315491
408955
889915
265129
828496
119748
445420
481218
496890
119238
290055
924012
926043
838974
108536
146482
868826
389058
957808
133288
900043
374413
102359
267018
326810
612886
953192
981266
613
750470
518289
593533
848108
280284
256716
765233
571614
515101
759145
93402
826637
654621
238206
621139
832020
892171
466770
684872
865784
238390
124949
598367
2929
489996
778166
794972
675978
682297
454413
209181
364549
638128
676653
877121
840246
95417
581603
978021
665030
411441
726990
463473
496377
466712
88637
745761
948518
703793
658818
534600
357966
478063
708817
714667
690605
301255
320338
25097
369656
667519
295677
356295
100678
209223
494827
168618
545655
1506
947300
780007
769598
161032
252936
283570
859388
371408
669040
852563
668729
172111
996727
64631
693008
778991
643490
558142
515455
34471
331242
954972
470011
720467
448293
496988
985288
3820
560574
403925
51500
13297
986466
192800
356614
855969
141218
120888
245413
917899
402280
287607
382382
859022
817190
901372
865668
447824
491707
134495
895791
221122
840270
455385
705641
739943
170778
12391
243216
260345
887470
863927
707797
636265
35872
371504
6536
38602
671166
208555
286051
619619
40587
916644
306648
912465
669553
529568
68841
164472
645603
584828
964152
239702
762719
841659
403027
896363
277
461488
260956
867060
427429
213840
942713
895145
494333
364571
118035
280116
952243
685490
381442
947163
871452
150283
88668
673132
88001
461306
499917
710803
284056
894051
543897
711139
872916
120706
102165
351820
54753
495531
668633
60066
298115
126541
346415
639223
967709
83132
5136
16971
552096
769263
375442
634656
901369
273603
121716
845107
543681
345428
734155
201127
123374
801559
555079
439709
245566
811518
903849
576525
733047
511223
364413
855815
198486
400313
917439
893117
38670
734588
680610
417249
685689
571428
137930
924643
457218
106611
610252
396563
77238
26210
125794
815130
312000
199852
323355
247605
656780
547674
494583
170383
60813
834912
456311
389702
145680
475184
298281
742738
809720
428538
757756
642100
584494
717777
330456
806025
47433
345389
146127
132366
887386
742886
39279
930201
222323
718332
14362
321064
56217
759570
932198
983768
498435
443707
560099
909486
193218
887427
899749
985778
781244
87495
999675
750834
504805
106446
110080
156613
253055
774683
927561
837885
229800
23074
18577
793577
66923
775337
411716
148339
81940
486129
464917
5262
576081
652501
353577
24279
853767
639344
882750
714756
312592
284925
722604
133304
742105
890897
265199
631990
425299
473547
644139
920768
804211
269855
109912
92301
803034
946415
70139
865259
837604
152842
103317
20100
548423
871804
522348
163083
233421
68889
958007
32053
405220
876272
608194
113495
596667
258461
493715
898863
672471
142525
846119
22526
376701
18324
390308
54441
119334
635896
100043
461289
699332
856854
973113
293180
639871
441926
486772
847502
161206
68202
468959
113225
757379
171407
286598
727758
282378
782056
395286
953663
305421
588903
960766
950261
480421
671632
172966
801863
448368
329019
88002
869562
150286
78685
35235
970232
822624
60472
367815
791181
180245
691386
676163
536039
949744
36636
805737
24937
176585
573598
658881
980641
825032
580818
613333
125040
276813
646789
492289
321232
654990
641414
872895
650958
90735
833705
43496
203393
342375
744089
711382
12274
678154
799252
63814
320587
271474
191823
7317
945557
806156
466873
765156
808376
440132
523245
474798
845093
924731
538748
42655
292501
973750
112392
430436
407699
370398
898345
768520
199254
345909
691685
555280
413882
806182
803185
428779
241243
659675
490774
194692
938940
155487
920484
603588
756056
436633
359569
885147
642673
186296
155279
495072
396497
655933
171584
232592
680315
734780
17688
362406
661659
980679
716147
84551
551253
780684
532998
887330
742484
957514
653143
325654
378951
99049
842397
968802
676000
952695
531573
355994
72077
160476
219688
861249
51107
118352
531489
515735
270236
956234
536769
490955
693070
124505
52041
219133
120828
540639
430941
906630
662801
539405
187480
782968
347937
5248
104534
859095
842793
597666
502258
181158
134384
130180
171031
715047
505925
222019
640089
667753
562037
997485
69234
528029
75642
749141
436996
504844
840890
466383
785892
960740
857259
111076
894864
269189
689848
685282
764854
244087
496842
631043
607464
839682
880002
767266
651692
759146
335066
25791
559411
475555
893489
380958
360095
203362
945133
432212
990815
37383
19922
721593
943085
425215
863689
132466
764553
997216
312992
775975
992419
46404
849545
484563
432938
550635
796058
254284
351516
639883
32422
768785
776673
673261
631810
921027
214806
467910
896181
862328
921352
626114
409630
505032
515293
235255
566618
961814
205643
202573
533098
298295
322733
623705
119739
431130
618992
141782
938249
718812
574786
911211
248278
669364
757918
516675
567867
409485
915245
639425
970871
426854
789724
120195
197780
122783
240328
415344
576723
887442
922201
275303
261734
874373
369993
274473
253232
34058
648367
305069
515232
412863
5482
687612
126272
627214
315622
615987
970535
659815
158242
277409
770124
696622
182549
701550
37327
333332
855792
348578
303651
771656
857078
614471
617997
693536
383551
295042
320808
46841
963134
438592
842120
356614
319096
788970
458230
371461
758513
538669
68614
350745
509397
258090
537421
627410
325356
428626
81388
5635
402849
132753
894091
927531
783294
107228
97890
666836
745465
944605
416325
338694
933798
590738
357971
879778
380899
624780
857130
720571
839187
775349
723359
668796
409576
97271
181961
315917
697347
598446
216074
180980
582866
485713
561444
739527
483960
374133
429800
409862
579593
476820
730623
220185
836282
767372
674392
981654
587511
935429
886832
546163
53023
972415
220059
580662
169849
76407
437109
934951
872713
298141
855040
909863
251500
837559
897681
617317
511591
219157
188872
260346
169317
830102
262115
549166
273215
139222
846260
666002
59119
68753
675262
475640
357280
940715
825419
994730
356037
105744
206530
367241
537698
945323
138620
99111
168144
102365
344872
910245
644517
716126
471100
426572
359196
394385
205503
669697
696924
8691
957033
146813
642141
611666
897194
380232
114482
109847
526951
176429
265208
615210
415621
628190
468329
227545
39728
208709
919508
80556
442312
201863
947220
209420
310751
636276
109307
948501
156485
475576
795337
801475
635870
40579
990588
775215
962663
123662
557587
250469
902220
118109
977747
963567
395677
22079
262533
801138
954087
330645
450644
891321
30008
975538
54063
226528
302646
555518
399343
438192
38171
454440
699539
394391
383277
944705
617141
667684
844957
184754
242622
437294
936681
608050
272123
833859
490462
87448
767612
209934
197395
307882
126767
504548
765593
140618
643873
979081
824271
68413
423435
597660
809774
462271
480704
454319
222299
878440
124481
445915
867903
25409
636877
300995
723667
849699
69868
629613
732628
601618
46192
551516
572313
482439
820286
805354
437427
625039
859989
153696
168492
2443
928165
979731
464931
548652
360911
210046
906303
577789
138343
715690
624209
627515
478998
809306
529382
693717
563988
252805
290853
560078
350373
786584
561702
357040
702798
828174
212125
312402
801367
504931
480386
776576
103807
290942
380318
51580
219257
908665
950347
931361
798460
388281
419147
896894
665396
137435
231722
622077
701637
25024
400233
288429
355673
710826
521839
134076
284568
946323
70710
678713
519418
877415
860014
533026
819495
37793
797154
46679
258820
610739
41009
129402
365157
762141
203209
420891
272441
215833
421379
748268
530119
85945
980239
285768
403503
11119
833107
181993
563468
524256
46429
71736
330077
144948
32922
740374
886569
687335
705253
578097
48944
634033
675173
334446
59648
138796
532432
194006
567567
363584
577476
50135
543359
316292
400447
250894
12476
970523
216305
504962
676626
936303
426259
701229
432721
877493
851631
654991
10093
930598
124886
52006
98937
473521
388539
60840
669096
15710
180467
853413
81702
930557
679186
72275
909258
910931
326678
959065
214178
584175
841978
232790
90142
865205
520602
569222
834302
791079
26924
410072
675004
70407
660968
792536
892929
214656
71754
468673
668282
617014
402438
856949
530844
608439
305790
294234
234552
279726
969658
872647
638831
664058
778779
532885
850723
186131
169000
211938
126364
877897
74530
54123
991576
493549
287423
318399
297937
650978
492408
94071
183498
631708
336719
854838
182049
445152
435473
620521
188470
322794
246796
873018
157797
849463
499542
269966
523220
975723
573346
666149
611029
361637
168589
326183
940154
692479
58180
473461
156543
846665
887554
743166
601367
967034
911698
932675
524059
676349
666773
622867
315341
161730
323914
233154
481702
623047
260050
312109
652131
337025
52590
891228
134544
561190
925563
489768
33614
863717
211084
852936
258155
697192
906457
414323
74425
641049
781613
606826
764580
334283
436008
777037
77195
42579
38250
104265
586080
564653
854324
167879
275299
244950
696542
181953
78531
702941
547153
27474
376869
411550
368814
17723
832139
27275
588766
332655
242493
962954
210772
874788
202813
671225
705545
528560
305226
197378
294560
45477
33290
716410
975083
691032
838729
678376
8459
506278
553046
9622
502195
162688
676521
687980
86635
402494
277806
889629
157528
479520
92927
554213
269420
108648
527483
313763
529422
496924
747600
851157
233456
729932
980009
521698
750457
944883
462390
315617
763827
277123
842925
842340
116322
663714
464688
230005
419437
604876
358164
987933
412381
483649
454978
493816
426592
2891
762341
231542
232439
746396
344178
618966
791595
806502
256626
810027
65653
198833
276433
644298
533145
696524
15605
786209
202535
17941
837745
57356
527989
197633
8534
550234
346033
561997
484287
499860
16207
3631
92319
270339
946204
810474
433072
278342
262220
59582
620322
809914
728439
674215
522195
295335
651960
676820
126009
766570
966394
101366
716670
697614
261321
371806
370226
398919
508293
43610
149152
313513
297100
626370
110254
393700
227453
962303
579752
132489
209377
860847
449055
134393
126791
547061
220595
654436
32522
147975
292418
178136
584221
972598
843652
634818
274548
154193
929587
634899
942195
249349
255291
175270
700899
842488
530459
558940
915862
929352
77535
977891
589816
512434
521520
304208
699681
79921
723387
502614
446933
311849
636528
207814
285626
615293
178443
533766
796909
15163
493607
218018
950762
744325
93319
367620
968212
226527
4814
996029
252866
497630
883584
191648
891758
607289
116206
817487
568047
893503
313572
695425
505956
277581
879065
891697
143592
908432
918419
711556
698180
803290
862696
784111
276401
305597
699916
27895
954568
598506
505757
431723
476360
647146
254268
893655
262120
469951
405216
274923
705081
264382
101602
815420
600811
929308
352195
446351
294355
719867
78399
778635
308784
980324
304465
376121
108856
135970
213245
587121
421851
110262
869928
864815
106084
191341
363198
888936
622620
340413
32019
464759
313415
144259
32880
991857
292997
17371
881594
868573
172661
402850
30520
458218
654074
190771
557265
307828
518827
601394
862250
139185
202296
771474
231758
443395
964565
654631
410117
236746
921482
844132
741647
75838
72947
331900
194145
964393
70616
10994
935274
668951
898443
219638
459461
231824
60478
716486
529728
361707
747678
562701
803956
887492
273077
342730
187135
327998
902804
594108
948414
118303
316912
964154
186888
962692
389911
23170
753938
485603
205537
8426
303422
624206
111441
271597
199810
154676
736311
102584
697723
436577
101
903742
842302
255413
430505
371930
864621
198013
669696
484137
1451
512693
601261
480750
548137
225597
151280
894441
396766
412561
421324
208127
674642
495631
577475
332205
826047
944758
63258
481599
298300
679230
495839
391590
154128
449604
80194
926753
519872
94574
438152
504926
666406
670649
307466
496598
186478
948048
390298
914806
651436
256946
579778
215087
987518
207656
784413
62881
350188
36997
931677
149406
889005
562962
678420
848873
997479
835324
937687
718185
108161
181592
586966
863430
73225
119919
178513
348993
688576
150317
650617
708777
405526
860705
449985
52043
138669
551680
388291
4048
870697
434798
337380
224549
392783
852264
247096
615710
657954
352560
848990
894732
990658
883941
633789
548304
189459
597647
734069
992952
818457
782709
212343
878882
562290
397036
245513
987027
777153
280644
552591
154097
666772
194082
762391
427668
282429
215556
342718
51606
718197
262183
863733
807084
706819
790857
318899
993878
491152
587714
136074
950623
527056
770619
714829
507945
182978
779697
430469
571502
981333
603418
158245
923956
860962
719682
861106
508340
379700
619979
738646
70091
90247
347506
884894
559090
905320
27632
305193
531731
392473
660748
952316
576839
75565
93395
458280
281381
252462
266820
355947
39802
565499
752605
95100
30177
606318
78818
34860
132966
631364
10865
540497
900536
178699
942494
782720
326600
266293
566669
229354
40993
393614
385572
671452
991288
200119
518395
13833
131218
111283
235488
880044
711140
170150
894950
571007
673854
537176
709583
683858
978152
975269
74938
428564
913641
143067
738385
900267
311778
264881
474017
606792
752832
85483
877938
552388
959961
263755
238684
363980
68712
163770
699413
602619
358576
372770
922062
294000
70849
383434
632253
948076
498880
292744
394622
390078
496591
505490
515051
935863
588835
385365
555399
239509
881126
590577
19614
464808
511216
709376
851594
56394
354661
341777
360847
815236
150523
260623
774408
3906
203220
819902
253321
51427
495488
945656
352519
766970
882363
747929
656149
62266
945545
277510
127530
384053
486460
261265
506624
460822
998520
427630
174946
337605
165660
507884
147292
622797
115584
487723
708279
544342
476503
342485
315159
354198
297301
855954
660941
958157
860364
175543
988103
415777
294431
749103
609586
907395
161615
104658
118400
542856
652562
118914
338099
793511
83653
593983
980536
265101
372348
354759
415257
612571
531071
183633
138432
761302
837709
942108
195283
251452
891437
99886
402934
770710
737088
895092
54508
355203
847483
584180
644830
775577
52717
634172
68839
435670
297696
626574
906150
558486
802899
312221
81392
50197
876667
161600
474343
457125
378056
504554
967260
514887
261302
405568
215012
127421
936755
947859
401295
444278
303080
214276
177769
444237
32581
168987
741516
102483
677935
31876
529176
342284
645226
732515
854894
501779
98331
451397
457663
184129
449528
129690
693762
524877
961425
293496
821992
870155
431222
730236
266693
476619
4816
152158
491531
260115
740398
890961
745171
827705
77929
460775
241347
433017
763841
72393
188509
133777
360673
721688
428177
981514
501006
292189
503825
303135
947211
63325
761742
785383
181467
281543
820919
38444
41355
692664
923296
997867
586467
723344
402849
441538
644920
421894
320561
40693
210980
438151
289041
266475
556159
177910
270941
851726
379204
895094
706511
653001
500934
117581
789350
6012
8667
3183
62493
267980
579435
673862
132089
702753
408317
809954
122750
624653
408280
563457
944394
395495
951742
785579
680219
310843
779132
210251
444289
415246
309426
442012
769782
586117
927574
390368
861830
450504
772800
491046
201550
287650
244413
531444
282359
363074
861777
926851
342184
577232
884662
79810
630357
636918
575832
663987
860918
44909
93163
14040
865396
930921
544634
789086
863772
991387
426261
906787
30158
820081
501045
308917
19221
219330
841252
645379
594185
292448
198622
948886
155870
801466
462101
533231
473261
97699
481995
796096
976623
975292
457585
836167
495948
924597
466027
980690
921199
912990
228696
682433
332054
494442
33201
245553
156498
492400
916931
273688
29988
317733
53657
824874
342926
384311
263558
802060
151440
795778
900715
158102
878143
606603
887864
717132
536598
872405
812930
860129
43611
780778
712225
337911
989288
107753
677240
27887
546294
782426
532096
505057
778156
472048
312942
280715
605255
268070
316857
555330
728281
617383
534589
789046
211902
354741
665843
793155
87978
487497
254389
489388
186006
569917
506330
418774
770430
790272
351591
182320
175614
899663
185809
690563
151335
498324
470195
248317
640473
618961
490713
417508
25531
1894
834032
591382
228244
633328
634178
121066
465452
254841
113789
316084
544711
600715
450335
899668
741616
505629
686728
790218
966862
324366
887562
817894
323451
616230
416318
381456
274640
713453
291854
295646
470612
669757
917544
603722
948948
460561
168614
695506
515543
527631
216404
481431
799162
953725
966978
25696
827586
752608
290426
8217
64717
634287
869846
559218
615845
127162
882064
187952
486509
272595
936732
556616
209085
937654
358715
90269
112084
947098
239148
233023
161414
225161
36932
685445
631945
463231
199962
850055
901077
749181
584294
527582
824724
920445
704215
486098
650817
978569
265707
281401
256982
89101
543970
392395
132973
970112
590699
278061
801737
489797
318753
25508
690051
762490
249923
458124
374207
757582
392789
693398
965523
785413
327354
755435
572619
596827
799741
698997
789999
141295
311014
444754
813137
108578
433520
921006
457425
128284
738921
240272
719230
216999
460030
567717
798119
815987
636763
216111
668180
166962
192974
177519
173428
874674
8378
57991
203554
632223
510897
477688
655824
979530
794256
291497
716401
272119
319043
797693
512011
505208
939432
789401
640626
745615
299157
262697
881060
323421
793477
293648
380201
738540
962595
732569
370350
782571
367053
533230
948763
281015
899390
629267
467514
426945
961408
731628
575739
420789
690853
126380
274883
342356
173716
31474
251003
281278
881771
372836
885744
837359
364860
620449
50110
699926
351777
492835
285707
992868
907362
944402
381290
892084
119572
244258
53839
250639
662030
567265
902428
754323
749654
927649
347581
189423
496537
370069
675329
193940
671273
724940
355346
222440
380090
801473
982741
768795
687082
432412
444967
666470
247969
648200
26201
802279
941211
983991
250023
359326
18990
355981
106964
988358
818845
444051
721637
886967
651872
204288
261791
575910
33574
78383
102196
704826
167076
947394
891759
433319
155578
275821
416049
978442
630223
66596
465078
974632
152889
240869
245547
497909
989552
112892
365195
36958
559098
773130
932658
560858
827084
283784
276560
273635
53295
351451
874933
870516
631101
651847
983775
260771
785602
910529
766686
729941
72800
590299
895300
529520
732623
549916
428837
666451
309627
541606
215283
895325
383875
280284
77973
555243
108547
368398
835851
464482
848270
685350
378687
861241
936040
91499
310234
63685
855400
617646
19524
187780
232662
191589
485710
200386
207493
978630
742525
941945
675619
454336
922258
929321
705150
626745
191011
691734
325389
143099
850474
453184
795774
15118
47433
567668
795350
63806
68412
788653
643658
105342
942198
859557
944768
880757
793358
743115
591217
916611
208668
718951
722796
967027
350001
789466
783754
286678
322636
503050
282881
857371
255918
76668
611045
498415
878636
618170
390384
1153
784857
945794
559630
984882
434175
5085
571691
804302
674736
43889
582049
46311
122435
973126
946941
194842
871938
366918
720222
922054
975828
8854
245751
716431
395003
314484
939644
489382
693000
286372
332567
588656
267068
29181
589589
137840
199459
240800
338794
712921
773033
549943
732697
967390
336736
807158
202259
574986
24801
335549
318990
938688
298677
34812
391694
817264
116261
621562
248552
388386
22610
799801
993308
364634
866296
253302
835514
313107
34844
278963
25746
653811
857160
966182
645380
50351
197898
440649
129592
484928
406380
949933
170346
453974
157818
683860
185145
286958
698046
456815
648041
802517
971982
924558
573535
681066
42827
865325
908813
222526
78846
811964
492958
851374
971882
41745
866569
818385
650536
986348
762827
275025
674667
703492
763256
260411
690528
288915
761118
900755
203665
52578
841665
478713
69764
537123
374871
588337
601434
573577
718876
512846
741059
181800
153289
785500
215977
952461
501231
95672
902596
31916
734132
609113
822494
496805
440637
709874
61448
983375
488374
80476
44434
59864
16956
736141
382006
452262
864540
817602
123249
147017
161204
27172
48255
723289
270273
658186
252619
294925
130502
172324
970404
291164
228016
295227
229457
442227
197186
545593
362638
385611
774640
75145
233204
374820
171168
243043
470934
497011
948585
319043
368390
522785
862603
915051
869619
672113
987305
628820
665281
846977
8189
268925
985961
364126
565156
197921
980067
548798
709378
320804
689788
255237
691292
142588
899924
245012
107687
95269
679559
841062
695587
49610
123609
415245
674972
236672
930507
694686
182747
879648
236742
605246
289957
179045
940305
447768
773427
896578
470035
387939
319924
781218
967941
545298
465600
838402
674467
138983
455553
883764
590233
953674
585008
383972
397785
935303
31729
467361
445406
599514
302938
116009
949652
121193
234867
213448
93777
836260
28397
106229
235404
328161
36824
780174
632347
597147
631967
590890
632742
817577
747278
425816
25289
262205
612003
372302
42834
232573
134346
733714
570743
942528
182351
511164
153604
66309
873893
700024
862014
760055
120846
825733
90918
335342
900772
923979
731354
228066
1850
598328
521019
200007
849354
829355
961719
553212
699638
490012
77387
764183
68271
905381
829402
406052
266259
862863
708190
697011
919946
399714
42401
652968
928642
421264
435381
427993
354459
629708
193467
790039
671216
924063
355357
229981
700211
229434
151613
500602
728854
931361
769891
630385
785913
625737
257912
428221
866551
953725
991170
949954
403238
962839
981747
569157
877270
974846
719378
556195
734067
753083
342583
246697
391981
585696
436286
289518
175985
513112
937539
216966
523303
249363
604800
860075
192133
719671
996663
650554
740769
34300
650936
736449
777411
748379
933035
669494
379895
915465
605397
317753
769314
536351
933226
143478
902334
90648
493736
203110
588210
625210
978570
706027
749854
145498
657296
295218
35506
583074
437659
709270
937127
56357
981372
745870
721957
368178
103336
216067
137987
880970
739857
785048
75028
938400
628262
292387
877217
828641
676306
126569
895668
394035
6040
788544
748747
785724
579606
333736
149606
104945
67315
669559
545517
314002
510769
487329
986397
485422
93120
302014
815109
952856
959518
367448
737759
762927
489352
704695
975483
37814
783522
104525
853272
627095
883049
533377
43534
563096
388085
239234
200632
189320
982616
755674
951261
186008
805832
361762
909616
948249
928595
516006
723720
886518
987494
197981
269557
715189
399068
605468
311446
296752
485384
321316
694370
370744
175682
64938
171833
578027
946070
905160
142440
164586
788807
989470
372110
503567
666075
823368
476699
560538
277075
790361
510185
15944
133678
277298
764028
560025
850087
249224
108841
627626
423767
139799
68898
316554
486533
182731
189999
698066
718182
782040
826137
79059
252068
527701
495993
433185
632314
232874
908699
437011
352309
420586
958866
977402
590337
353538
863888
195251
758983
989699
347117
677431
664204
559663
717195
5670
747811
11013
407254
174635
12097
127662
77392
616543
398895
258427
920064
253560
348743
797080
633747
342018
573205
558596
965153
623246
599483
463430
390461
591231
618691
758818
710994
638562
662049
494936
85885
89227
234772
243978
509714
410991
278505
213868
505948
25595
111866
205866
794125
283753
699692
279905
215100
984998
961081
523240
447662
470845
414504
791548
598897
668240
802038
120456
831858
617061
905203
363582
416629
379070
33174
445222
624443
38562
532449
980431
579897
928079
133464
474461
666554
488988
830235
602387
722219
412357
736768
358729
811491
474319
887308
528355
19399
478393
403643
843541
102774
973025
339712
910780
456895
447717
77646
999655
384705
1462
725043
916239
733879
405321
783243
709136
858145
772317
777712
721736
785372
214489
27549
853200
82099
482817
91095
781596
883407
310078
197842
356221
183743
743592
192924
186858
4364
737903
131129
659879
151158
220944
732265
968354
785830
523716
116114
246764
73267
499093
410252
704655
751600
683895
1401
758108
412155
746724
154453
194980
455809
817593
483770
795913
363853
425721
233428
791249
455195
718525
438067
989047
483111
264541
962931
902483
442713
820172
327035
96759
785999
477918
730936
636651
762455
36056
226809
564558
53090
841081
488962
572034
307086
5763
929019
734289
582456
842918
235616
30574
850735
463879
435954
434466
611913
73953
677984
350408
230215
611488
237873
650189
49851
904059
430917
243927
691368
210277
465375
779190
266807
465115
876887
653257
979204
654969
797455
687086
55251
735288
611449
369970
167378
68073
662512
277770
360795
916928
34235
635767
662859
370392
508771
305190
527199
755372
19623
925836
445041
381325
383054
251215
520210
139425
463790
585870
459957
98386
951044
394366
948296
835243
353808
44338
581931
117115
963362
514178
240452
150124
381218
985149
547633
146006
264508
646754
161742
16273
595803
891999
506447
664600
80099
952311
605601
103627
219441
225605
847527
128843
811809
506986
501726
854962
449361
863009
322964
160201
406029
116831
518861
179706
508019
11081
837472
98858
347816
524354
985258
567126
687955
277481
818976
509093
23469
464370
22545
357046
60421
167568
403661
49173
698304
186486
113538
325541
856245
155818
397714
771662
448756
293980
981665
434774
144038
492246
383911
998787
927289
427341
941007
186589
433416
841472
268065
12294
491459
613942
880827
252273
269190
320219
970180
896341
996531
825889
80612
297487
566721
150270
522127
50517
369402
790307
191358
443025
60871
259474
71624
590341
330362
242009
636477
356586
317999
128991
505575
629934
789915
547798
569216
875692
953712
536623
682715
134812
389496
506762
542605
275770
647213
963848
123770
75225
346281
861546
965638
834148
934641
796217
893056
198149
792432
994840
58268
37653
912800
130487
155249
814642
967142
271943
119779
73357
177230
914791
731542
289097
834486
188030
293244
474533
66643
634846
918267
851572
961212
863787
495180
784720
372204
232572
666888
773345
799082
978751
263701
595295
399262
362658
659750
117078
443862
206894
215839
176101
524222
807513
705616
406280
778432
257368
185303
178471
974259
490738
711284
181989
790440
864478
356282
400532
798236
727308
311518
876793
410841
537569
52027
835490
874056
575036
731883
107933
728381
510015
115758
309967
993440
78465
383291
803304
411989
716287
242046
374020
254080
242764
551100
724936
882401
689921
284927
905662
366380
913421
498850
727174
257383
967157
123778
90640
391356
381212
975599
793138
379925
870349
167875
216355
855445
991105
874902
780290
798131
797446
415078
739114
574042
735523
477419
50969
637229
907512
178575
498968
128053
432657
937248
555513
168461
535368
97294
468997
49716
128316
533954
417865
824995
637078
202776
802461
245832
756663
990426
349247
522284
904936
629905
159657
457376
844985
460818
149938
886381
384222
96621
319878
379086
836292
359975
142768
900910
585300
120645
731828
565695
78906
101829
925878
923106
981478
265006
631755
827991
525108
671588
719430
72798
150972
111429
500727
128509
547890
889319
605315
534457
280110
760588
169274
289180
148568
360461
453738
997249
849636
7096
874507
308022
794983
271442
902420
754530
910237
603786
962294
87362
991948
914749
322526
894898
104093
651990
394463
415842
925884
712716
564773
120899
316125
55183
363296
90018
921023
145181
260032
432023
118906
302967
406147
749008
642743
995913
913480
940765
521847
877402
409520
804933
881109
969479
225219
625685
760266
115760
590923
72825
78390
815176
766766
925348
484192
575736
68229
358337
133834
897362
770238
983877
288148
510287
783896
177890
185829
179546
649043
731224
50194
979318
41877
498151
357089
126515
705002
980229
349821
72128
688849
803243
916147
710685
281055
241080
789498
193696
790590
365484
790162
542013
714700
759822
242154
42729
788358
687497
445383
570591
646019
1511
546927
585599
951123
483153
577825
208858
211454
131297
629629
827182
52469
464000
595527
908121
89655
345673
959888
375053
555117
127435
859961
991996
769910
55198
142954
567332
264230
752705
855669
350635
707385
950851
872988
69257
740899
570453
841921
287355
238557
286969
648426
742780
28222
315822
182577
437462
360730
388702
507827
11802
920422
563971
68845
369331
580852
581964
511465
990225
667285
281380
125298
722467
481853
741451
672920
559488
272889
312814
19611
564309
206981
710819
213628
124516
430495
313663
175720
673898
48028
355332
194339
553997
221541
555604
946591
898964
367205
836666
880193
291938
219284
17333
872896
286125
60459
771559
753382
559273
270378
435263
43441
689753
239369
25839
237776
455937
261044
537013
547836
346472
535966
355427
846310
478574
914145
175479
419050
731168
274834
171787
33515
509034
137654
590134
162030
334544
658662
305467
843615
814497
299422
670580
984036
917479
65740
670709
629102
125518
599345
841608
655188
517744
750244
84837
489339
730777
475974
614026
336434
965275
355290
258776
695089
441786
591486
427065
366495
776799
55300
301524
174865
900015
889475
180583
267626
331842
316571
296069
560047
34858
135530
519699
289050
251827
737958
225276
96571
557072
429597
108755
915356
658759
312649
706719
115985
119095
559234
521687
74601
942219
966145
990143
262230
51045
181056
318479
836665
187765
169983
223773
515944
107269
567771
627934
8572
311532
815046
966007
666316
363977
451203
743060
773832
718889
410899
669992
235583
294005
194560
361760
311508
278476
129702
566456
90136
80310
568390
183061
652806
119713
838241
230381
725489
928283
533936
745415
678705
319556
772498
158175
546073
736347
81721
408645
229592
437212
138992
141224
51994
87094
634943
779560
965062
300220
501317
621205
209397
409896
365774
344271
114433
15895
769343
598829
912870
189836
98142
87185
1751
27984
787633
582889
807482
486833
254084
685130
71808
12717
233017
333789
956648
949167
798895
799843
630257
394025
401193
404253
523472
942091
96298
68737
464655
616059
846507
816044
744804
50982
991164
648211
805202
749860
777360
184087
474237
122565
5042
226763
524806
411000
509495
566453
12439
997124
589019
690099
536781
270215
598119
298704
566380
144165
337491
460073
799736
878790
77127
434404
180097
852125
561708
482684
984765
575142
606792
801661
112878
393767
299614
225936
894920
647539
200395
127435
493239
755406
185557
693569
135656
997865
358533
733705
147271
263949
900374
522651
77718
430591
968493
867682
193184
6498
232282
317624
875906
340080
658996
437465
821478
702392
413250
267767
605736
217574
741758
869479
926879
224215
949448
435446
875033
964137
316722
408456
95591
767319
36980
784009
856331
806131
790991
90876
89943
664286
751509
887943
543858
959416
394970
653837
978690
918066
941696
394196
797332
127524
970405
32345
428256
798039
462738
578208
435915
314193
749783
561101
930161
739050
330321
101469
457320
392452
373403
678450
712062
354769
972604
431699
962465
509378
711239
212538
838326
268456
560298
74588
140555
169817
170584
460906
398722
987158
377527
452709
839390
861791
445011
502156
538285
187216
691979
29820
264219
30708
641299
682691
904771
529643
641771
634745
893409
896600
682592
698280
421450
859554
959755
851227
494913
814407
871285
840598
824644
311154
56282
111000
815103
448291
140935
651607
112995
57014
377991
876922
478504
770369
227381
363395
107061
232106
111119
807841
813513
968526
386005
712953
478141
290352
966669
151655
141549
834051
125373
627591
554758
726743
744739
193853
40529
156914
440654
483242
935918
625586
919931
591826
204141
130209
273072
114552
502501
684873
718714
594836
289739
948799
243424
452165
291509
421018
195860
536731
539725
341391
419246
300924
69807
433300
24920
45099
788526
337573
185027
456302
565483
660113
257912
44804
244272
474083
46218
942703
149523
350431
697446
73288
337353
938489
932917
141622
701316
510480
953518
535414
610674
289674
973637
862606
389637
325000
447149
539430
286853
520248
71297
233351
957499
337248
290045
415191
361327
424793
941373
323496
936359
410530
27916
141607
45634
536680
248203
382887
258337
342631
533536
245008
30313
650798
627524
515318
799566
521816
379039
341938
660378
416433
513482
759973
174999
960770
175238
747751
993959
231429
504339
637829
185690
264587
247013
267744
9697
336821
442639
575669
593510
790502
590700
261653
369526
42798
816295
572708
65878
665775
819446
484842
262663
323613
820060
687422
114513
723668
423849
613902
999498
548371
366645
451876
275751
179452
173550
389211
333578
412782
428510
83413
736939
44481
352344
40833
998563
853341
371661
483931
918839
15700
176054
219470
513061
735994
257187
883556
503730
114021
497004
231600
579422
303260
522376
884036
52446
626742
591883
613978
505013
869369
754687
546817
858486
865904
392875
691525
159464
830802
299262
597708
426471
221886
893097
438950
86599
126470
968802
900762
291996
102368
337256
566707
804226
863092
239334
905706
724967
644088
594361
477315
49262
551183
637036
808510
876558
768274
935483
707843
459901
987375
602380
440290
895446
925763
391102
467462
660783
100989
941592
696737
722257
434921
582846
720908
356544
168799
116711
873406
118793
561296
661672
680563
208823
771872
243975
619708
746907
99891
52435
657464
331722
392240
125560
441291
71709
950361
472430
799407
593721
773761
623893
425802
207915
332335
454322
392976
16941
289814
167922
918902
47482
111202
681912
346527
356050
91752
636263
453068
365019
36435
169519
917378
559041
112143
412658
372324
695866
748980
706278
778597
346905
807530
232082
566130
557869
387977
669187
142572
18806
334280
970058
529456
458789
32613
626073
230442
511924
29023
929380
18553
774717
139448
390645
917431
855538
628426
388647
761121
800394
930969
525168
773835
28956
42267
152362
4803
867547
803822
200009
294959
732411
325884
242470
740023
386846
978590
256992
347611
447179
550391
969219
404156
775238
627841
283951
145828
979068
722601
200055
416403
995655
165580
528967
23640
55743
968583
775436
997773
408366
597582
227715
831450
330776
21063
336879
639889
438156
35976
102319
435831
630
557953
39843
230538
269440
722521
558211
602287
804664
99636
821946
847621
167401
737611
781766
251472
390068
556410
271767
442716
235839
732265
78707
478529
558167
21757
355587
56221
775962
891235
728118
853128
147495
532395
213213
587141
893450
505355
234913
356843
170851
944525
382025
153398
580528
74514
851750
559799
242114
495707
600717
179775
918821
471008
912946
678277
362619
63355
146941
298107
355263
152912
193258
259759
278942
374612
637687
290502
684834
958592
985219
924208
352468
382554
727409
641256
858580
927651
435984
785783
448599
180179
513990
44061
86294
517336
684054
160029
300648
893246
622191
893123
336478
878514
8630
762246
982751
766885
306452
881654
126767
850806
684346
94255
108798
874315
859241
171470
991672
261851
874706
179277
757538
101475
116074
132900
638978
397722
488697
189872
793041
693154
769624
768970
210341
158266
153495
503325
464337
182664
328315
556542
834917
824285
254438
452357
697145
820620
821827
86049
712759
609659
639735
269130
320727
708370
807172
843596
363887
419673
579523
540551
329753
938363
911024
336648
13607
641007
198620
922134
779005
254401
606603
801074
101596
506069
692436
696453
848038
915933
131714
763434
584684
851206
485368
526
453739
100763
496073
753995
553331
165862
982892
950232
877248
780008
25223
449396
283361
355678
593839
188731
599210
904689
515191
569055
28228
766037
911082
272491
19964
567574
461284
749281
769758
244194
290228
881393
914917
246623
195014
748264
617042
254811
835737
573279
340997
838380
120324
335961
265248
623841
665020
853412
768834
951140
474585
671258
568710
322723
748034
939323
503196
824917
188751
133197
156151
437357
294658
995057
242134
814180
322103
903451
288764
395496
976750
222415
865612
300845
304526
114519
816545
120853
737506
434841
642011
75639
913261
669134
476156
582030
248177
627274
396021
59093
201500
626832
896893
994107
66581
65066
161703
409731
645749
857158
162663
174373
944698
715101
395799
831287
267060
534818
758909
842439
97983
289114
437223
357619
611807
250590
621639
424180
907434
955364
949541
649409
703337
308905
106583
798193
356230
216007
683213
963007
306361
891554
64546
705723
664
105017
863287
48272
680714
805502
569676
577943
536321
919433
527334
36357
121420
12856
642033
111326
302724
409050
915480
731415
330654
711451
764038
77701
750390
868203
439333
789057
566787
728554
260440
53989
100131
294259
748061
802567
698696
934274
345302
610362
361204
103080
322331
526847
425311
528707
118631
722634
537723
694798
256815
913143
685690
759795
860589
216659
829071
786532
666349
413394
964055
516779
889129
682925
881205
24405
117113
553273
911629
334911
431703
581739
14949
136268
205597
650487
847944
739462
96115
291064
827369
850776
117215
416995
530840
102650
481330
784065
79479
208090
158463
747837
606080
642648
148465
77633
881547
768067
814837
453400
353741
682034
78910
528088
815391
286655
952666
543700
123787
988023
213792
544200
149756
70736
235779
364926
433614
680484
520404
828594
938020
906033
616021
30079
897498
25789
665484
761238
239845
115381
296127
899526
147594
445056
941612
311588
546062
968172
963737
394665
144374
580799
86836
937259
506637
496705
565567
374255
220027
396662
904902
497100
345589
668591
229440
381024
601526
973987
462372
13656
494279
290041
72799
807300
134614
283358
35593
206963
691893
537349
447532
384102
107231
847860
519145
870851
300524
801086
639065
263450
693292
142443
386933
594499
727655
644734
194693
917805
717711
749189
483979
140256
366934
321805
294479
852435
437845
106157
572970
743298
308140
734951
121206
54976
977652
460292
574799
244781
664905
968308
870707
149991
9204
705901
469038
119675
505095
241032
457034
171838
1537
961219
765583
602356
413798
176817
286229
690846
926395
9650
636510
622356
691083
966436
325417
621248
918444
54130
65451
816919
404256
184472
725569
789841
612887
699078
589381
741294
571904
456797
745766
702744
161402
230295
489567
118229
604754
684805
843883
157725
898697
455497
911967
221607
949971
537727
117093
523681
113230
890477
315424
997399
241744
421751
508181
66836
453228
18697
253676
13196
889046
213253
322565
700290
853182
763765
238695
773206
583549
579932
203530
381576
135946
367148
752200
19175
119631
525694
753121
705436
878327
545854
559672
544127
271731
987017
102983
435243
527276
639779
275836
938662
2437
682516
123134
252793
717118
621345
433146
332259
92437
801358
262823
208115
573832
971871
205193
781674
268353
63135
284416
320916
363314
218455
574977
900950
485880
530200
707422
848032
752551
612791
124426
207241
892658
374139
603947
285720
670293
507828
488918
498984
946771
326586
899146
977595
469259
20995
831654
9175
55568
495275
581462
839606
72703
303615
497861
219774
25679
240983
391309
805088
656849
527398
647114
211
959911
123001
869143
689834
329520
539296
105157
10651
876131
1755
656301
768040
360208
56180
826576
486560
280113
924028
986311
800703
364180
68712
104685
85934
619531
298695
959160
901989
652841
484039
887831
913480
939875
794778
563366
362067
822465
978810
231688
937453
383208
690983
644457
206968
95000
961762
510408
234002
825869
265261
745072
222081
568567
33270
614880
978534
764068
904887
712161
376967
139278
190279
451256
895645
407207
787095
855237
678871
12163
329804
660131
501597
791589
510838
723324
695175
669433
927957
753521
622867
885699
934094
472422
952567
463407
839055
854251
641944
776321
789029
474288
297770
594217
899517
732057
137324
331494
755076
237344
134342
992493
662610
105672
813239
929586
23789
799518
664980
4285
969538
988543
359581
155012
803560
913907
445357
366874
991855
66562
869257
776297
439478
823327
407198
189345
821242
24937
472473
625916
108057
961526
697489
728216
923738
849442
899122
273149
984826
349688
726139
329766
324295
251667
604818
961787
804154
671841
171722
852531
289506
870373
846503
933753
895027
873494
43049
626026
561101
748507
840332
968663
504631
114294
700230
619440
649523
710172
541104
307366
241153
131929
978468
344655
351859
170254
439016
202149
77719
124771
32894
126609
937810
307068
188
984957
27698
596207
515636
694311
861047
57056
835955
286948
434056
510396
201950
222540
754455
495184
607661
320069
625711
819931
23770
599025
533273
827865
117349
272452
739927
128368
716646
400083
465483
341846
506777
89177
477921
713913
693596
181851
757706
849295
209851
835149
505243
170922
900797
469638
839849
190469
916110
337204
666056
746345
790705
508455
74164
411995
651845
552620
834086
574430
516228
486498
995727
877582
823643
580034
679201
165627
723166
959465
379958
271550
734279
974319
460362
973344
133975
679717
963050
906117
548497
909262
277224
209103
503399
495862
879230
198644
282384
996620
400112
41798
884485
880591
56872
421486
817994
175029
277312
645082
29742
377076
664256
81437
953280
131900
23382
974830
272412
382141
189949
919145
459831
518978
486824
106876
461952
231771
43392
495464
28705
238317
819280
433895
114803
480621
501685
730786
830730
990015
283319
596180
586025
713887
141414
588706
89216
820350
233236
197595
526075
598992
935997
762040
812019
785598
514726
389828
579571
992111
293738
902672
123797
271284
20751
709085
417211
790189
626641
874098
230650
833398
178134
977427
265859
83217
35557
529468
763480
868875
274143
321377
618257
282769
502526
293437
418944
496329
829784
101086
787176
552201
447838
650583
720713
299443
902583
387910
305093
550999
405384
494928
808548
988788
325933
764605
491977
401078
653054
751519
686905
162359
553135
294898
25261
637987
889271
508707
913081
327546
899797
472646
401635
525635
892834
416770
724091
28069
957221
615320
463665
792491
612599
65131
498140
996370
805672
409285
542686
5538
823179
575328
35095
896089
62630
177760
319785
696047
151364
207063
924701
958071
235637
7894
430528
601742
988587
809057
175676
48898
229021
510437
346324
792137
424468
517115
465503
800890
971182
795882
426410
788908
359363
559036
34644
808379
792473
276185
827989
921089
11813
807407
4233
576131
925403
530880
824721
551858
235411
799422
822631
475749
530721
920474
386923
15022
487463
266741
631411
429507
454178
788701
524855
227884
684906
493333
308592
12290
353387
856652
782874
21227
589788
167796
430399
42009
668802
887980
390677
533461
835499
10278
178235
159680
746254
966271
526716
471486
562448
755721
924046
133521
806239
501394
446171
236877
444043
660782
930968
443133
79119
672979
102138
151098
602305
280607
677095
23296
61200
136876
912666
884038
617190
910272
11839
24002
371725
461386
285054
457276
271925
418556
118915
916124
757569
175369
600766
931728
211541
149835
463963
942366
309583
830688
494634
616611
400437
686440
189524
35163
360255
71018
22188
516652
452060
489175
325370
989407
939075
909748
306227
202297
2082
295246
101351
853810
777429
907326
442692
186663
948918
201097
588877
577017
673638
676302
95486
512177
779545
601780
159932
724941
116019
45006
50568
177530
23370
323521
56490
865053
644007
18957
575233
611482
895237
252966
429047
4795
137054
766517
624073
96028
698948
587256
893720
322656
488528
465503
428622
729987
443050
55655
334843
313336
71880
563822
852396
105724
940588
355364
732372
536401
210070
622730
340957
226722
372702
834475
424518
949376
322021
199959
693910
692126
18491
688109
154701
212616
977761
361897
882304
299109
582613
432357
56843
467892
646149
571866
534882
473718
46853
716065
249468
515531
177407
616152
972596
682668
670983
138831
318740
43536
654639
614079
62018
125907
525794
813852
567668
578633
741191
645905
640320
741488
589002
31364
372997
645879
320322
377010
939206
338318
322968
65642
817737
915711
648035
655848
250906
409088
74050
437626
842117
813798
407023
211194
313845
379790
860083
832146
481024
411842
347457
721884
188989
933077
555407
660212
141531
648693
855644
517775
724062
515937
660013
334005
169742
375723
335790
533595
720714
268820
991743
45709
510718
60938
646942
440742
842259
934662
901993
907072
606069
285693
428717
596734
510026
91713
132583
89173
986278
189649
952579
960319
930301
520818
578066
514436
632954
585617
435709
549174
203195
722098
710333
288383
875271
720116
724338
366549
938914
175203
880367
306472
785063
390038
690207
65827
403530
410268
980038
244136
821854
716623
23972
986767
58951
436111
70665
443679
940671
8932
487126
546570
317820
411213
86587
350534
258094
469090
223220
402571
706305
569509
308045
434805
100810
290597
218435
261741
473635
854434
541992
579207
929753
363666
886113
84781
502638
655862
431069
382903
51372
120404
163117
507706
289080
793652
664764
912986
225186
225761
959626
327733
610357
563947
465258
377862
128335
111210
650784
780069
744415
237911
939794
888658
902829
47444
173896
742192
504462
936680
692006
923526
646951
115784
635561
441531
902666
999358
165630
795953
403625
270244
470465
844601
37890
711056
613326
747036
213886
876545
499836
819828
373509
225554
666624
175133
440059
350679
14024
996946
668044
588620
75898
34658
11045
814456
782991
104042
998830
90713
793859
310590
324254
376797
816627
898816
273669
787407
21641
157354
423814
380785
85877
284463
933225
635281
291942
147645
783456
728990
638102
75360
548576
434352
940200
905041
532441
45355
617982
300221
224841
814741
337481
820565
747972
358944
212856
392334
580560
696844
993660
384009
375579
466367
452839
779236
819055
335967
845932
433717
131517
344758
397737
866401
919978
420562
411143
439872
49396
537458
920578
774920
835319
376174
929424
434738
671414
345448
690145
39399
453833
467950
420962
251709
99496
200756
621458
241783
788089
801145
370074
563040
215533
356463
160148
352459
623166
256658
812481
110088
661235
909692
273281
503225
250506
349518
833498
474170
28586
797680
199424
111431
152006
247710
362753
502932
793085
615447
433173
416979
893563
140299
724088
541832
49514
351458
601535
43483
315426
242231
751075
408820
772752
823022
340125
844273
953500
643690
260562
953573
687226
829397
492830
831535
220792
812244
421410
243574
216237
29833
98517
928868
482024
592470
345161
306110
585180
231569
730449
28833
53831
36236
97274
381286
719017
755482
722306
816452
857970
378275
617035
21552
370678
648636
920379
431897
388665
967725
178596
332671
772965
193361
129583
607543
774305
983649
294553
229997
346605
472490
407000
170656
566926
948834
600883
98724
757201
938239
650573
53867
403608
913927
630247
281440
241225
717566
141016
983107
887857
669086
761124
850482
774229
991136
711829
63685
892704
908980
633639
735966
162045
847767
485642
641424
809407
925279
505233
128332
999740
319545
722776
999000
657628
348346
582253
558420
357353
336397
823868
511576
210623
326799
214985
307181
989640
279635
517233
841518
928587
798681
971404
258362
248597
117288
600256
288604
786219
214442
21881
692384
774134
211041
972072
462392
721919
151407
16656
360837
315210
76279
305262
931290
626864
894696
252331
817060
962785
20942
574951
769332
2358
861495
441742
305400
29514
336576
143035
132721
870820
553453
850236
441395
147842
417290
392860
779915
829230
418381
645088
136853
813113
750610
702803
237454
849865
169305
711661
972642
880436
113320
494384
373522
586025
914226
590713
660887
579098
976109
930433
977096
846645
798124
196433
618547
92590
618354
71574
156204
708074
218789
365265
800340
896317
535731
84972
934935
884728
155933
880395
77992
32905
299768
187781
865726
399410
821
580454
995108
63240
669856
440840
436464
473869
684470
900093
150654
880132
891814
977815
31401
909376
184366
64350
708997
810700
229762
537330
792849
520258
236928
849757
24380
683742
13876
578205
414505
738049
827630
527176
471505
763846
179256
594753
804937
587416
478386
226863
50110
14847
752536
473568
404387
174183
878132
746204
129451
666993
436856
293841
9013
469059
830346
605754
296178
367970
569338
133671
780646
326835
954595
34056
832786
271549
727854
849249
279717
765685
458461
491197
752393
237460
938230
287740
94386
408132
209728
725377
417647
196429
593898
862288
61092
615198
655007
642298
870189
56474
870555
333862
928031
189859
401330
39349
694574
117934
728220
251712
771310
504520
856930
356414
667823
88565
678829
87038
508664
84219
815600
748881
943876
485322
393227
231249
5262
321214
661392
600782
515102
600942
564151
157843
601607
410370
402338
863549
386312
457296
836022
351338
374378
820630
79846
546149
731545
203024
981125
339595
169837
110146
993728
319179
114095
700005
439494
556399
385446
65481
41623
120606
132899
957946
203466
687484
630360
81770
124847
859554
33663
720771
373094
260169
542378
467235
534352
175611
9372
611962
328174
64120
175490
637586
783848
93738
870786
186914
235180
780078
990835
435273
398177
761797
616117
970157
517365
520063
751660
168954
155944
676548
407448
429489
919218
300601
106296
232533
421490
700702
820341
54048
245813
146238
244673
481957
121183
366165
964254
163603
425275
392452
617568
734400
560137
677092
285678
851198
584273
941557
173705
71243
571273
844463
838454
503018
474949
344199
490506
505987
101713
519232
539658
841492
28560
815175
473705
125456
161659
884062
559545
857241
882551
610371
74200
457874
176585
934275
221432
411994
613740
865230
377413
248081
324235
698357
829362
416809
956431
292297
840897
82366
685606
695636
924288
476989
642075
668356
841956
212928
147573
502541
560898
786818
341328
316018
633746
767618
405767
892005
509269
201128
552993
41871
810727
749175
938578
835436
692063
499983
725154
464329
625983
714046
241208
338350
415215
33993
414744
877780
765831
580586
15497
299770
764830
749833
658398
74608
203627
954974
180465
331177
63306
524000
336096
546754
598124
899802
793405
161096
698825
89061
184617
729500
751324
484340
791868
702278
439123
637939
756404
820209
783332
939130
309298
140116
181276
189046
359829
58373
494333
720148
185827
394415
273772
594200
88475
263384
53722
506143
539444
534235
522486
903314
20113
999226
614486
529135
486867
635157
579533
915031
386336
941911
358805
863646
450447
340557
87278
629140
99350
391750
514316
417875
263162
841968
568172
467643
702562
512810
277171
436831
66137
59531
235325
230972
100248
425030
462551
331294
642997
382036
314084
924646
13463
543558
17791
143154
21295
654170
735574
729393
549920
928781
426811
317008
535840
69093
492521
484619
264699
671017
991303
88422
540621
571606
987645
326421
730085
94833
40450
962111
216356
356042
876363
133250
744382
947833
385422
953755
29372
747016
728556
637778
629629
706475
138972
246667
769842
904400
967482
894833
281444
998663
696205
734281
255932
858477
904336
564872
714453
461406
548734
685398
253600
848104
142754
115165
863818
884915
367252
79975
482738
174751
232968
892023
944425
445529
199675
866031
361030
469053
913757
604478
384501
498300
240465
777152
177781
584652
291600
888271
842876
668646
785462
628534
639359
676215
462682
19923
289303
641645
170914
789057
885190
485967
752868
583099
737582
968790
682959
491348
724242
669376
359295
793906
573377
807637
448851
962850
593619
475075
880490
491091
450077
702269
625032
851102
812167
486532
424606
371989
943502
448951
184920
136964
427670
962671
555406
172478
935729
525542
319269
724371
414714
162023
869448
327785
718308
874560
544404
694272
863352
140289
28692
590229
15714
73819
516757
431368
894759
133779
191875
826387
444851
224194
359635
530131
280299
213608
95524
305982
643568
792711
156014
501354
399182
4391
744387
984911
410150
447835
315489
706095
984447
646587
80546
340144
320119
328608
503322
79898
15954
927946
729628
428841
665648
601034
43360
3270
706901
410219
307893
355990
12117
162974
123508
682139
318664
777427
428847
269300
917963
260141
540123
295278
762347
207763
771174
677391
963975
870261
567673
155802
899304
646732
49135
464001
39280
94815
228192
748501
478870
788861
982491
137657
743215
316819
121960
593938
597219
162491
939990
661977
366148
760698
855369
702813
794840
758825
935631
819531
402932
931786
270310
904449
395041
588398
809137
398166
820340
291005
245677
334211
972246
36863
625284
742767
114538
63158
46096
756667
676565
661528
718612
684640
712175
334881
528250
580973
771879
238606
450323
829826
967829
328783
48512
262831
300790
496053
68359
961030
909294
659841
460035
45013
319120
578766
141926
982687
823145
172335
860395
8680
839507
288387
797375
193510
807555
799284
802009
254852
423059
190411
687720
684694
99456
626403
367145
558989
287760
401131
752073
955437
696985
650081
42612
746028
72416
383411
253601
406771
999474
859557
221994
66587
58722
745948
183986
294030
73938
447686
704628
820954
375497
937737
367036
515241
142696
693657
299952
649367
680836
669581
574501
381750
550001
147684
22907
426922
286690
553168
292285
78729
916854
91661
661912
456961
567389
719609
934455
745746
679015
933598
379339
796181
407089
880310
14467
989453
237379
690884
722619
257421
783359
48608
49645
610593
635810
808298
829434
874904
654145
140137
569756
278165
501500
809305
304173
631647
303753
851688
101774
49771
54084
55713
771821
248492
402153
60711
897138
82293
325573
362134
848492
871486
371717
311249
566269
210723
779599
41912
106971
152169
246149
90155
478563
212279
563434
37058
174520
800501
845854
506527
391712
764208
384702
837004
96389
673621
712493
950192
415923
155508
420004
491870
922497
639042
671684
275228
566628
376813
802999
646501
314514
28165
71723
238922
243906
967657
933096
90386
121363
512358
599987
457121
520064
113954
270212
595253
651902
484727
722677
814856
889487
967887
616432
332358
691042
366465
190812
649809
799719
161994
783791
341086
791113
352097
745555
185072
528494
176753
425662
471318
780281
356060
855243
52872
923051
919625
656783
780882
192460
517906
249533
529189
984998
128033
841059
857417
757948
218633
359723
316655
621945
690378
507310
372824
974095
788937
929515
669529
533767
666205
893537
748116
973016
15961
323901
689565
221137
346495
676631
373154
560116
380659
767071
819677
40571
194343
256147
629915
181441
361492
287204
524108
26048
244295
347766
564197
269644
964090
762722
45595
90364
833298
779076
973641
323334
685813
986582
388472
326624
467622
337538
559169
251330
210748
657404
294802
475776
645417
812055
820506
13895
711184
88110
266169
502468
890667
942946
567593
505986
681494
381253
457101
920541
359856
972372
777846
549486
610541
648921
484261
482424
186722
114904
47166
525815
960132
366742
364586
534199
86424
572353
960302
561060
606892
584153
2551
814523
882521
405881
810551
488127
517757
924345
329184
332006
183751
720800
325859
797651
799727
222474
910440
144970
258822
170788
39966
735346
939244
296651
830008
70882
835134
688046
375468
780235
868827
774777
749573
843960
910834
544396
617516
220765
986681
501968
170982
424705
581598
264559
601734
137741
408158
370637
872732
81495
58267
181284
288733
22354
568032
533736
599544
312127
433829
6125
989580
629922
80961
407952
306279
689287
924978
879317
444793
138934
480608
686483
911135
346470
905793
396652
180867
689344
485243
499239
631501
293234
789106
299783
404395
192181
312128
801246
823708
156152
856798
736694
129159
170269
374758
711321
830054
178925
347395
621373
986873
562872
362245
247054
490967
972772
163189
410062
972900
602122
333788
398222
106202
989879
402969
10925
773027
630311
913155
63038
296538
833566
388747
675844
190125
717690
798089
887961
105941
243372
549975
103341
619484
258663
31619
255190
850450
509183
231153
706505
825986
155828
307599
208677
127024
93512
295783
105329
105123
844801
291457
144273
84033
640235
561950
152472
309071
82417
680078
572508
116186
10537
364103
520344
86831
573985
676330
851013
713319
588408
822119
732708
855569
688482
790427
156460
969322
665857
944666
720629
977412
337952
133815
25393
402328
238019
893578
76261
918782
721054
22904
833806
615338
678740
56859
493180
220024
580715
282557
388948
781771
554569
944734
461359
328271
567433
875413
924989
609723
665265
869280
992665
329678
616088
368353
852475
458616
766915
875673
749165
447988
141510
358446
707864
342106
686567
121441
263546
436637
610517
276471
957877
5228
516604
966976
63059
997257
952296
72727
539277
208263
869657
697703
387947
315729
789207
16802
942634
669997
835826
207088
981382
887082
752172
841424
294174
2491
504025
387882
961298
364967
369863
411085
223646
158651
697114
613728
901840
568066
717543
188823
500497
566249
995228
819590
578631
373253
225751
356052
305957
713661
414748
557998
591122
687859
31856
463755
779522
464963
417901
616607
814605
594085
613364
931455
400276
161460
642789
114031
42216
556783
387529
969785
331274
155270
799527
458157
150033
890412
969159
480436
176683
812517
214860
351265
336526
815297
158534
947082
447916
778723
466181
273902
956422
327965
149431
392691
36357
997066
751804
215281
66732
503559
272411
231682
421299
988602
880405
160607
190212
897513
380062
572892
88277
763359
337361
833107
719134
848218
799901
122863
994268
676767
442889
887216
938185
238969
523205
926069
230708
878009
429486
206629
804148
192676
428150
606103
815235
841121
269703
273199
380821
693110
288978
961424
741815
241521
972533
356086
460448
630833
283900
794337
999294
344435
968728
829568
595066
135774
686633
407134
153126
982388
323055
24264
369006
380383
47823
284427
412791
166845
412056
814009
635758
594212
760345
844945
533503
199589
89574
997184
86152
736016
254462
713497
866911
312080
519831
356949
500962
509679
946376
498441
291747
599696
202796
669994
904287
763653
554587
962901
743850
480987
634251
421335
967544
88610
672220
412328
757470
249909
4596
622978
749094
189261
401875
638051
887162
494784
845717
361715
849567
385112
441976
183991
822610
625277
503271
682063
377987
75932
766081
535386
754375
358941
197057
634200
509643
616621
998930
259293
547981
716843
119651
948373
877827
922471
160056
929795
905830
976975
13727
198635
981359
487750
522028
891794
554927
149717
866942
696030
279655
431339
324150
53666
239381
294540
280043
279658
628229
686047
862812
628923
846885
685994
401996
555257
548582
452786
26975
655665
719693
111089
758866
199146
499985
366654
291342
16484
7733
402697
358015
724288
567391
442802
664731
2625
224004
333355
811804
528617
123255
704992
12791
922211
94938
719021
427842
548430
288885
441058
182631
350211
975040
206704
944265
8432
72312
133870
274312
695711
457791
456780
466697
697251
117628
979052
616759
484129
658360
587192
1475
60709
257664
395749
542235
863035
706268
583572
763452
314373
277799
436954
326369
113160
561651
263471
87259
50662
262109
927572
806680
157908
246007
38407
259456
113225
219644
108010
575917
159202
997256
898207
793675
616800
614652
261250
18768
106890
938860
896244
718281
298806
977700
660156
866714
539603
832637
391107
87824
601150
479067
671813
962831
93411
779229
166222
273865
511885
6598
109299
721982
661222
220672
248473
904136
18897
197274
582972
987401
530064
159691
463903
914950
784838
265929
106405
845857
936430
194623
776262
108720
778437
848036
126580
508578
173679
299280
271985
263595
640610
362977
420182
252238
822580
974741
211946
700516
565832
105158
915642
945264
62719
416877
224790
492352
99461
430015
332726
975214
580721
581624
482024
732883
792675
884017
303164
24182
460963
909033
218811
596147
329697
591929
931288
146253
543371
119748
513930
263854
673676
281924
640739
284797
893389
373445
3287
116668
164798
622674
887023
944192
326905
951349
390292
573796
790500
312591
868993
958232
795163
852211
136149
161428
561362
877023
447768
964611
613942
664871
662077
502099
188769
615698
46111
505818
270985
354234
298692
640303
291272
258211
356698
22767
430428
341926
436008
258682
920234
548710
827498
715719
586856
738243
783116
790740
224814
978416
168520
414438
662615
409571
959621
948220
166607
442542
197985
48315
801557
914424
516007
326417
755470
186564
906584
794410
786729
87261
261080
980689
772546
867920
194920
56736
711628
656151
213406
28956
378339
353385
112055
64573
717064
190843
759683
836428
463030
690371
393236
490678
294056
928977
400625
143956
814123
470103
508691
790868
224652
467376
902542
465793
504486
482173
282071
894916
111605
98124
5094
730660
850760
173319
691424
397138
840364
456356
371766
134618
444342
154492
402025
257374
411407
991085
4195
827542
868153
805008
929917
882130
898881
984445
506853
87136
474361
672596
560018
888038
55967
606547
413157
627636
156372
470792
323070
323574
49702
949767
34207
2312
642157
269094
58944
891009
590693
139787
995183
864840
363075
409967
804642
431747
437468
21036
394553
160525
401691
475761
774251
525888
608578
449241
229423
201820
209373
758527
473944
972745
730414
642083
81549
773308
575508
580288
217761
122733
876733
552560
79188
412547
206326
47299
74283
82408
883302
162465
380758
811687
999691
748146
717568
781499
888963
166975
750410
165021
504797
361282
325743
240494
621448
777095
599303
969961
21268
253315
695620
217750
647610
117448
155637
862066
696961
145571
501146
661806
294164
929753
306755
272585
824831
333428
251730
927549
523085
565799
699411
283480
96734
623836
898075
6722
836821
989976
41113
180814
62124
623570
559015
63220
668777
989589
552134
500901
120103
668610
919204
828565
856664
472426
796834
876160
537822
957265
381085
527880
663749
759875
822987
602743
382446
63339
968641
190821
276976
991643
830446
931987
237728
20149
887852
542128
580680
549694
902681
24997
736284
223924
348837
192419
562189
633641
329601
887385
797973
677431
934924
973014
6570
567186
843339
849177
703284
143641
561425
316834
276763
735799
936442
459274
389872
375573
605555
529446
695062
390321
177241
246381
807227
319070
336887
656005
243991
546396
905129
735657
273549
167785
776084
763369
201224
893473
165461
284726
481374
582440
989679
699263
557915
999854
623784
155278
807861
798333
855425
118922
109913
861246
890432
717494
351876
967305
333503
417705
134719
671716
478198
934106
384372
218145
50598
338291
26700
966529
424301
279584
19150
293236
586056
225630
874173
192394
162902
83183
870032
837508
71041
688393
635509
237728
111625
374533
432420
988053
325739
847562
734324
708154
890250
929804
167993
572135
910618
815396
291262
807351
306657
606126
665415
930185
779445
152011
510645
480588
711841
710809
115213
199942
649907
637437
277517
453154
427135
256205
800835
548292
917433
950567
406665
20373
675987
467973
999437
673548
425234
798515
149158
227415
249794
202524
302251
573159
147097
860264
532457
575498
352207
199036
132292
229451
990526
90513
539276
754207
637572
683287
88523
227701
876584
618033
71731
485662
288736
116844
439307
864247
430282
85225
602759
609631
598338
37782
55838
512193
660197
545909
47818
115899
365625
942810
327822
965165
900508
705086
892718
840071
998835
320050
630613
607780
213864
766972
149024
996017
116227
292505
776565
575522
627244
931526
841444
16003
730253
140286
25880
108895
708599
292205
137087
461189
693426
503538
813364
97929
760857
458793
943531
190179
719042
784980
300116
812516
220771
520690
175010
163195
496189
456566
498003
570883
741163
654453
828851
160088
300091
148000
912446
461406
604365
89458
676006
256173
234774
754999
325079
811844
340963
276729
130233
229351
119553
368257
744365
398605
950571
106317
491456
129650
300016
254256
822149
480967
836721
408854
958694
571748
159411
30478
138681
277183
271233
422888
466659
836031
669098
606178
264367
484940
535250
243237
681389
936249
427245
575628
925836
694430
831656
870501
818076
742748
430816
204110
209472
326899
100525
279683
603178
254876
419576
932248
897966
339958
768972
255737
180279
855752
150152
363189
884614
535766
918844
189968
653142
486063
710241
996064
212767
653957
483900
141582
178401
759842
655672
489837
561754
464905
885093
537287
7656
682582
23445
871899
521116
527697
736288
615808
118248
14191
913135
49169
294527
588032
643702
161140
986696
684977
87354
902726
104403
415918
331035
378285
722494
230066
149806
326215
735053
372260
932512
27156
962629
297360
395575
234202
746354
642128
843809
547598
281894
65372
37972
778046
836073
464263
20844
839398
119730
72207
314080
884378
804938
927679
483670
448229
681741
619343
602822
604808
682961
728728
419946
371599
592740
646142
545985
865657
831991
182662
43805
433478
266920
253045
435107
952805
966965
751330
276270
23654
9041
549228
895971
983162
560481
101345
466621
381493
936387
579461
547231
345770
962500
729495
491617
179069
16894
905935
735931
486449
972007
817167
466792
917042
316341
315535
841739
58040
969116
160224
227150
987089
869060
788621
52409
381039
857097
470110
499897
419812
168097
945156
488635
528678
948760
596444
698112
157580
554646
33630
898479
463868
683569
251577
303785
808434
649043
211479
185326
659785
479491
333366
782376
721634
576498
283896
21894
51819
820859
173494
423125
542668
431587
159210
161176
582715
685452
170410
859775
804170
65819
991698
554270
861586
429906
428307
913354
198025
674840
98266
729589
815045
247399
299316
926673
171129
477609
263202
305604
336854
137602
776534
225152
287878
157958
366615
944163
568731
589563
556802
483693
675842
574414
887861
445819
428176
232682
540386
786569
596574
705631
239225
909045
246402
55477
910970
768427
693579
875874
808293
747525
586458
325956
740460
700387
374308
47575
774017
724980
18779
920292
314117
807130
46967
455993
841529
68753
245804
748012
124967
785250
777177
303099
804305
648831
448339
43654
296923
869011
328778
707824
697394
271237
634013
133537
608928
229648
423439
769266
835603
115259
196143
577344
915914
760069
339299
865194
284067
542044
492202
660083
291523
735552
611027
571094
952735
143611
364203
195710
141854
580991
629823
998697
85281
462720
592166
33110
710026
923405
979275
527045
781592
19796
68074
618791
399591
875201
344764
391175
837948
456780
913975
313163
25014
422033
524432
953961
519492
234900
219128
438491
229497
56805
805470
334276
51627
793833
411035
477571
545868
175618
646459
588581
690884
82239
665432
169695
948288
29772
85272
866678
141861
127534
605972
384862
304196
9987
1161
970808
377798
993558
302528
98620
135011
292487
699592
809168
352927
53538
954670
655140
253185
253830
582528
594134
225399
689618
33596
639948
84827
204130
873255
20333
865951
666167
953564
830775
732895
192827
110594
963363
487898
317675
554119
313547
313439
504633
563765
830819
627511
529658
625877
31366
574387
105396
682771
988995
702920
922595
967516
882949
122771
541030
420931
965427
597674
52686
277415
161704
327976
73370
89819
567629
920155
508231
791695
307395
512451
43976
517145
1601
855140
354218
264667
776498
520201
348551
53617
961895
461214
940475
251389
678278
839508
475154
857535
167883
260935
528819
51210
843022
604033
683291
934952
350810
643025
840988
853695
211549
866776
73757
915861
749919
87697
256195
471393
384130
899085
919750
896639
399899
564104
680972
746122
494654
855596
84847
634461
403827
991924
39545
403440
94080
335114
875875
13177
658676
311808
395706
544137
355167
565779
247040
864540
293708
143424
671136
273554
800861
57969
791924
302956
547193
682527
394592
697909
884409
216147
744302
506913
334682
448991
769606
708451
567666
299958
924991
612866
315579
320927
32145
308900
938553
725124
450064
77322
981692
717871
491086
61536
48304
161602
644795
285665
87983
211591
617921
935978
87312
616418
254011
118573
239609
965502
352420
587900
554761
157849
455154
455508
901064
499764
67194
777168
727862
428621
456515
379728
928136
247161
938577
674274
124275
461985
723867
746389
789367
867922
390760
127391
942539
335732
261733
346719
726093
448665
780422
39610
62434
389977
214583
195138
551112
874985
12896
631053
49037
153833
933335
357485
94549
4258
291421
80504
761523
430496
636098
572959
791540
482801
874529
731741
894496
346978
464455
257659
831744
894856
899854
462151
551124
884417
922646
126740
203859
702608
18761
77658
71786
14105
518646
890114
865930
651018
274533
662469
987982
642831
116840
993183
382926
697988
209559
354903
661070
161215
685759
431557
256088
649034
746981
704612
611341
855132
3235
900575
557803
839933
60425
668563
326053
920645
465934
31207
492408
434350
329577
616177
665575
133540
919582
607006
648276
813743
520951
610132
369802
165142
375933
926626
791346
646574
11837
847454
949553
509913
65535
131799
355477
391684
380171
790302
472620
758989
690563
854850
989592
902782
837440
214969
110558
822445
688534
625957
198241
404494
288045
100730
685486
782325
950522
167166
731752
118479
94452
848374
578836
686500
294235
491222
92934
649042
864454
648905
365081
167183
396578
990075
364445
43333
244357
659093
975808
631912
748143
762789
259812
772865
853366
802892
326817
654210
440760
915246
538881
335382
406408
663057
656845
556183
613980
129304
413089
620840
736015
476864
2166
173658
994361
857516
876875
49842
315832
328210
69260
877400
129552
103432
766316
770079
517274
225776
730208
226728
780014
222989
648301
268833
576460
488922
634766
575691
697006
817861
690602
969935
261046
256194
966948
201833
470468
457232
746335
427720
38047
385590
590985
449955
864997
962250
431041
979929
694497
826094
552718
289340
618119
328602
104656
578942
484874
58792
756735
539301
187306
402559
644094
126451
10576
784156
796727
442819
142461
607822
300490
881452
933959
859841
875817
186401
826206
870997
806218
219411
275906
67607
401672
301542
187444
841589
917230
947686
155821
427827
413122
416881
42966
600870
837679
619220
233278
37091
818057
665749
209167
578001
125286
328914
250854
209808
406713
587883
88615
814729
819865
42151
384304
602269
266906
335845
520728
843383
402141
194192
829616
533750
426918
488137
270112
830384
427668
629296
484129
312149
831054
968452
45392
461831
451708
246736
716242
558242
780092
301505
339905
856780
529065
705687
215839
205805
254044
643437
686689
50905
835393
512524
518469
925550
712571
821245
194370
203046
768768
789156
417225
707813
391000
244878
293858
215078
194839
240459
129540
926574
523205
335981
499872
883026
951612
314653
213760
598827
859605
794870
993090
984754
146103
240326
217849
188840
957176
872768
909080
957214
974537
773382
251777
648439
723582
72734
409101
248955
877279
257678
366015
674127
933518
935081
776912
598447
385548
848669
303436
796420
608037
639222
574458
849035
192993
23001
25825
321965
680347
341364
689022
981697
262128
481323
76356
742083
530698
253679
615906
555839
589224
463302
121541
405086
92696
739764
633786
753154
337812
128562
803154
605560
758267
679722
545056
360462
361014
245537
558502
781959
786141
74074
258812
743291
20564
114983
331300
679346
537427
611515
797704
362618
129560
887411
687608
327631
932296
974557
699047
476344
951104
339252
80467
372189
560257
475486
464432
933711
15410
452088
772573
655038
618974
596486
687235
449395
630259
682351
754617
619813
721556
450799
968651
676325
736758
853454
542825
605146
211794
672513
646444
406556
966640
397209
848471
51128
741517
503168
154666
610708
699033
890676
562684
449955
830262
962026
249503
244101
768250
700008
588548
200998
430868
669804
886500
745978
319819
645748
311392
621752
398403
291848
331623
67463
149836
865774
765291
554668
210181
856159
935686
991446
741421
30607
694495
344903
188062
945066
643674
299082
195037
762955
784995
635952
990644
787013
173541
278948
31945
741193
620745
378430
591102
14111
512646
894343
804692
803160
727026
363056
53535
892449
257580
254348
955892
463534
957924
837320
813978
18271
268720
463896
179617
737924
616883
366789
3289
600016
617126
349922
111663
35537
560285
64698
510195
825833
168526
246475
73365
24149
514111
509431
284246
613213
852069
973047
63777
845046
470568
527265
930054
605622
726723
749199
934953
624149
285893
485759
253605
378138
612992
449116
533003
641040
108756
246181
206911
338090
828736
69245
913872
381334
608155
179182
648054
78913
403350
550234
736791
449729
626352
133001
546562
251836
247797
463359
296834
259473
600341
878346
815404
932828
452860
859794
820130
408130
169515
750733
793915
985364
129501
127043
175517
682410
921947
993432
370076
49029
273713
630969
284862
740881
201366
584789
606852
516578
469705
489780
696505
305347
934217
770861
266820
895226
700487
940085
74414
71128
899413
577549
483659
571008
795457
616785
835792
381488
157793
499669
122866
687164
567626
920399
811166
503999
239874
944562
718481
939341
214560
654270
273682
66263
658945
750797
369723
545081
200092
104489
557395
804865
927790
107388
740068
924920
425596
356405
367730
920124
67676
162152
478707
350910
84718
143767
19610
420767
66203
414967
763664
245
939404
960838
460300
794487
602752
214084
5696
394420
273174
724026
547777
28286
392126
754091
304132
53998
880495
542884
915458
864909
788109
713176
317782
247782
635599
814388
407807
983199
6542
109180
206170
385775
653718
286147
810822
347798
807628
667637
32499
783420
745570
53395
322034
733193
516465
418504
340244
839373
255825
788818
620330
470718
259843
202845
695216
695972
513118
868336
418740
365048
590049
622371
303934
185369
414622
267855
153060
201545
600158
705339
717404
305329
191460
362383
917379
765862
533254
162986
530532
345841
471309
525833
337518
626185
151892
693118
314917
372797
2288
758568
948910
828671
169300
276375
142476
369324
660568
388594
638693
840330
645315
578639
705425
961337
641157
184273
67286
828011
332254
252140
120214
326143
232712
585029
352100
892789
799350
318760
284377
854096
722300
472848
79337
532527
766755
847020
608649
152562
793498
241351
76856
188340
827254
311481
879918
211360
664623
17649
557530
955773
985106
385880
366054
866368
410435
115564
170128
355517
816647
94484
775300
660411
750812
234041
659123
923491
580626
998403
361632
15718
177244
814629
388139
817189
193983
687853
117739
899465
211306
984575
834328
128897
947712
567681
326101
127520
949686
488655
811184
377881
842054
193029
722438
211823
460824
384919
123515
724573
803211
798690
676062
135573
529050
567895
881677
173728
59446
591168
497655
749599
585633
7745
427771
897875
106299
862520
100479
185651
154819
387736
405212
806828
464371
910828
406439
730883
67993
852960
684400
109486
328482
138239
161761
73902
885696
252672
700092
237785
895672
872476
726479
518114
44997
305615
726975
826235
664366
525583
522659
15528
312889
791263
118973
176582
751763
235908
673171
193428
679728
614471
519152
327937
817795
994824
662893
361375
130316
314007
521427
975159
100672
750440
328139
146364
983967
877250
170917
132359
244118
294594
905400
737852
357069
472109
791242
469629
296063
473920
502464
333405
900591
956655
680815
500311
225856
987937
9880
63866
376589
179561
209069
248490
424028
570773
641835
697395
509921
884276
965683
149514
556426
839465
359468
970906
896570
484528
426397
228609
213572
42555
491376
165378
334153
888010
63205
722591
931964
609772
788672
752680
82041
129179
901169
622290
349503
32107
434116
568993
423777
276300
678628
237956
7270
766635
566391
152789
852014
70408
976593
975811
869935
858222
393873
842177
429142
144921
781212
109101
539031
976984
485557
885492
150263
853233
729524
194443
359947
968084
454479
865905
398475
377253
86185
382523
26159
170452
424081
516112
793845
872710
315179
517110
958900
414790
543819
317270
253517
573434
289717
620031
20968
583398
242799
505058
339623
962007
903344
825012
759500
765989
895558
419523
940957
550924
239365
172489
957121
924767
92764
195970
532899
385361
591899
666733
340607
617980
741553
667635
905883
370503
541532
436178
628137
102770
606129
122077
179788
846250
627320
222571
370749
234973
85189
642643
848865
501824
132969
509441
321811
514165
300581
880286
33252
185096
36414
938956
403569
710905
309504
911152
409914
451756
266984
735292
261584
974952
747344
789806
130306
936522
351824
707257
393442
440845
888828
731953
3887
754467
183873
476560
778203
892545
363740
551575
465575
690095
473162
527678
292606
95287
985020
291353
826177
227373
573118
446028
159734
51919
695515
390880
411725
39347
173296
206638
38146
680726
617152
294035
219738
576694
571477
526780
835172
406570
765926
369639
864476
968927
225683
769626
200474
838574
958744
86212
868612
950307
630471
280868
743783
579507
44414
820972
114343
149313
65525
133005
72870
117419
436467
55588
923467
597552
729449
971589
24
255870
866809
882078
607800
555456
327333
779277
181127
434289
729153
764966
49326
823125
977483
634721
754314
992921
733883
253964
27092
76715
820024
965162
947687
63538
236971
751819
889272
644360
117414
681036
239892
864535
755841
455363
185572
666277
626518
855097
388423
472858
866818
74864
93640
585440
768559
374885
256738
938077
990204
555141
940392
425843
334102
717005
341928
402910
478573
228981
879427
10879
548667
987007
985063
569057
248242
790075
886164
127910
528322
904417
187247
660595
346815
376455
282907
902489
62061
592056
756636
949258
149761
76227
710589
959378
669196
649235
711615
325087
885170
169317
100504
855267
691051
66676
432052
854679
813605
911285
277835
196136
794443
688869
576000
949637
800665
941240
845766
21610
440832
476445
415534
726711
117263
608065
642601
389004
291625
599529
735960
609012
904154
757486
285558
250975
213950
927729
613013
907732
45987
211144
490977
409972
997852
873186
945800
738845
707926
48080
613595
841135
758002
809208
442205
430895
91996
659797
96065
741953
426911
899663
325644
208958
297754
529076
150868
234346
395486
424362
35207
786827
818019
343412
510498
506421
289315
196873
611586
300554
762438
63361
369415
913063
610622
245579
93643
547219
864003
940162
453883
81798
614198
135268
672141
193397
801032
624759
121562
563313
852706
273733
301157
350392
357881
373577
848839
26524
816569
969131
714187
932995
58792
164777
193099
922203
126898
697251
101752
626739
108469
525003
480254
791405
953369
111556
166162
99513
833269
258644
357174
979729
851123
756506
213434
742282
283048
32984
983274
89202
171054
529917
266972
459446
531508
161150
869263
610426
772728
887046
278748
620570
129738
787495
273295
674069
482378
614065
968971
364812
744319
176863
903739
263289
805889
100561
395598
421994
525516
900350
743638
879575
738510
699232
513708
957481
492832
515729
387742
273549
237958
54327
622349
551075
229806
448728
877331
239913
310267
80240
213238
155049
887449
55202
794688
741196
181642
430463
95520
16394
76210
329876
858094
324283
364258
674902
100978
479655
57507
734457
737943
836719
816214
878880
195566
870957
503153
745004
326818
307797
755101
328860
190249
903751
692225
982575
229693
316518
426778
953402
248828
274282
75815
939835
359512
106801
55325
995621
530720
573997
451234
353020
691628
970344
27821
371688
635685
184132
484030
511633
261049
742386
439369
630594
518614
897673
867420
727815
295812
753682
81698
882392
126489
216422
687476
845975
760504
744029
72587
903006
312372
447024
485222
501990
758772
659974
648103
711460
951142
457291
455897
449659
213453
592522
568207
763003
132778
843316
519721
497649
270329
671670
914108
232384
124550
278058
901619
270129
864419
98997
396967
848749
94983
291034
196002
624013
559978
114765
113476
479698
395197
841826
898886
419144
304394
931815
997277
989227
960940
763491
102078
39522
560504
274289
875452
890720
249899
607265
411576
393170
790843
724496
330227
463971
661801
524626
859384
394470
297369
693763
44134
38065
700449
442241
563070
160214
781633
847490
339770
828147
988112
516811
870765
109445
245748
730610
757731
263923
158333
517464
903057
993779
938248
621358
131518
804633
832376
858114
411361
328398
530446
722018
811378
794404
434262
828535
839413
694500
964630
621416
244335
23177
468182
860516
624059
686570
563815
846260
357057
862741
356775
174080
270882
585541
469535
763025
306718
364685
735150
84958
205694
111091
858103
134517
316017
615106
58832
766001
820844
580773
311480
335855
281015
54921
13532
147878
938153
996021
470128
655741
885394
642772
385434
443905
106753
687566
10741
776679
158248
927213
677574
183129
18726
151
247606
746501
654438
198292
829690
600874
229892
419308
752181
993660
657356
588375
972984
388828
512959
58786
964567
321858
167315
914884
223729
754018
247012
981512
112661
607078
832387
601669
76701
426065
334528
243363
685426
705767
607422
24353
348062
814398
513602
446535
84677
358968
324580
703020
744326
161141
443557
941305
958754
923219
809098
580541
840160
131024
106074
417728
418253
128125
232576
22425
374594
639253
61321
111496
967950
851779
162844
336792
946359
515492
145418
119422
54881
502441
549918
732216
330118
426174
479937
717565
407815
108657
497586
224000
360879
700464
937759
879612
931523
382987
230080
740968
41602
664519
455409
963490
707359
388652
967695
454377
528422
255820
647782
964688
682377
699412
682690
274323
148429
647737
715980
372654
762914
449977
605526
346187
851001
20771
331899
952841
786123
559329
334281
602077
384012
353657
69123
396289
668409
506836
416976
584192
118848
637119
521343
740332
1999
218653
244027
999061
540542
362346
855702
281965
842492
477248
293740
737096
240711
356080
433769
385142
316331
542539
242249
740508
105233
859014
914982
321045
819325
698865
973082
302172
324993
659925
353797
729772
620127
652101
58005
655448
815725
651026
553965
999673
411585
765243
35106
139053
856842
538503
475345
867672
777673
111990
112790
486273
529269
683238
869429
972247
992260
516492
569454
823733
888952
977522
62150
965288
473132
395921
973017
982463
429079
145069
302318
131842
917586
464581
665884
244778
617175
813427
585785
473539
752548
35587
98548
461569
532492
551639
716061
247912
468740
321321
882863
870337
413620
661588
919404
574029
559805
749663
514146
734547
108725
42907
635042
431207
672794
225508
730671
490572
595390
134089
626876
931924
105496
917933
811857
483802
864355
440629
613353
714065
554191
972409
635243
9200
500558
734917
951029
255247
958114
726038
838780
674154
127044
360543
510426
933146
97033
898953
927557
578062
738995
511811
472771
531864
314574
911703
594875
350722
777895
193075
745749
948295
715471
819918
663757
239863
919062
622949
549
585929
976282
292800
36055
726215
344216
949821
502706
803891
343240
156083
123597
422146
388425
914110
956565
722440
343226
847322
571209
198859
314835
173150
430594
948176
366781
772342
673152
977143
56961
461334
473633
417252
574161
865643
874838
357326
745475
376655
354468
956513
158376
735430
779271
239547
684136
359796
676928
378319
436992
380598
590502
922194
293866
293465
725497
429412
781366
695643
619232
140480
317769
434669
12801
770951
21069
369062
71843
382350
627516
546747
620755
803258
895497
254663
889949
810456
929382
866054
414993
18195
393916
672202
914717
139306
750417
540374
854360
404083
978826
76523
497745
956332
872491
693547
415357
67097
241734
682244
787133
211794
28251
896466
828418
428129
97919
338653
412742
353517
866782
788017
388821
269107
970682
644590
385041
695587
794862
10995
655406
780170
664945
40012
223121
332573
289651
957682
110346
71315
57827
913263
483669
65794
904575
17215
115672
908372
610628
525348
772570
188895
430062
857275
124868
573036
561010
99146
341398
207420
197043
59163
446852
47596
534719
98482
154301
14676
127250
304488
304547
90950
10335
205537
626704
215905
404992
844404
685566
605255
824286
528381
125736
267758
875547
601522
443475
967724
655502
267916
346836
313413
154346
658342
274712
511264
403547
126883
771308
383192
755886
945182
684637
469361
30162
661379
248575
229983
68513
316992
491621
377681
107321
607333
822679
14536
836576
230906
802643
581919
9435
386425
338542
472952
474603
906281
797697
194778
389905
114655
462481
424084
330802
929736
786003
467502
184221
234974
272596
304835
443502
333694
577826
796953
660559
546445
217939
263413
872970
490211
890996
202648
772204
934716
374043
331859
530012
50751
100699
134182
836871
179532
289773
417223
417472
26190
277019
700961
166480
687659
930508
603479
564481
817275
911339
432693
407881
125196
786173
479871
95878
720417
451679
767024
266963
782685
467608
404459
685155
352845
738112
54938
638089
405119
271088
635520
17677
599763
541464
543308
977118
865023
402339
534188
479903
887757
336401
716718
557831
288469
784586
611172
106975
504042
341384
426698
372897
917173
928669
778077
249366
996496
596932
275669
323535
51835
712259
800837
748433
345169
934899
261869
778303
782340
908857
686052
911587
422050
160170
656274
755842
122333
407920
973097
94088
886830
680076
492738
357853
242511
966702
879
253119
211283
426517
276078
81625
295476
598741
610834
415049
950452
190025
985733
918423
864279
640660
464259
188661
279320
484767
53818
111438
660096
362641
308596
630144
669319
514173
769521
998258
947582
177980
477076
405390
646983
845016
402337
589064
334894
874544
807568
886102
586752
444535
340008
24384
347923
884727
223357
935497
612522
664481
452396
745680
633731
30930
261000
259648
372628
616173
433666
153364
757835
777866
138966
95499
817588
876458
138095
921895
426191
462546
19282
744257
289357
722910
265167
175416
176736
314539
672865
84674
578038
697745
93388
583638
40699
297342
466192
777562
544209
914840
671298
196937
739445
691015
337293
921230
108013
525406
548518
631924
412961
229826
606690
689497
470543
961661
223469
60118
140264
514354
337448
179915
766087
496508
905163
369022
830703
530059
997913
915546
188630
457270
571354
883349
253629
446662
103981
302162
721616
201500
49469
234407
373979
69287
591120
120781
540673
526421
680095
602822
351495
680092
410410
734028
475792
962036
57528
724104
936726
852752
689689
13623
788602
779047
734368
636178
673008
890304
573659
918206
321415
775108
657431
927678
164326
854967
400563
509576
150849
251124
496576
500042
994138
273518
462851
582982
909518
976029
689694
288799
157651
707882
998929
983931
273126
118695
774984
208380
792510
993395
55799
376023
923039
497574
481421
188001
233914
783056
129309
627990
784684
326420
807083
483606
580863
512974
904902
685732
847586
609380
18548
378070
464053
697133
679475
272949
704989
238306
786510
674677
346726
269584
974721
405089
4034
235151
950924
559582
291029
30662
474069
335993
389651
489217
391859
832371
269381
408342
672514
515710
348398
476364
59951
760093
413547
13009
465830
874772
123277
625107
721414
688618
769197
857847
48721
626685
6276
184466
249429
35568
659970
587821
959731
762287
881876
196992
615148
153951
44974
301243
905199
124418
863565
724008
241762
915308
221590
573328
883620
979065
455641
932436
302068
27311
676298
579986
553284
700865
415371
534250
48639
731920
854369
536604
825207
791646
928575
154576
167550
179175
912306
588347
360870
895761
743364
699569
57654
557262
713792
159359
861506
386749
458166
268368
518186
401455
685113
956590
919950
952683
272583
846569
98562
80235
850778
377503
367353
611039
707487
8731
932356
46044
298336
468566
741764
765604
976707
279836
184674
987596
446654
823561
796614
106920
338955
490772
115572
369270
584403
75899
361042
356914
900425
356561
160659
746091
648298
678709
97007
657194
743976
448479
32394
521481
956826
788243
669719
489328
83960
257856
553729
363874
59300
483681
805836
962806
554748
110514
808571
298341
21913
804310
209140
73926
171259
300648
343360
765078
573711
736782
613576
17762
831790
692717
314380
399481
128763
793016
547810
801315
700668
331679
302667
367958
191906
730075
319461
158882
756550
189747
879909
331178
540708
637136
903354
774862
162390
534854
388702
43423
678462
865915
951109
137958
289077
769921
137702
845503
912018
583701
585395
861715
493245
396427
555420
941331
768162
753202
629022
599935
924544
630175
406068
42518
292713
231730
198207
807690
189707
973469
247645
68001
404036
82008
897055
737041
230563
914598
961725
158722
351837
310810
590617
436814
646386
772961
343401
606684
621521
3029
860672
810755
100308
658238
956707
700110
385563
751395
33476
605710
185276
694721
838801
699396
280818
376372
821859
743344
54637
824773
461073
992165
19399
305920
602640
496542
749486
118699
169382
888860
11783
608955
683112
192686
964587
603584
466026
480237
751980
96595
500964
527514
464089
502445
203978
954609
619168
508661
860463
977713
192914
221691
189649
837142
224045
679104
951753
563704
646549
947281
812083
682982
445296
73154
711243
793271
25359
306352
557625
383069
555767
172757
948842
906388
216338
95614
931624
926061
406286
989260
307237
936971
209966
643893
153357
451611
119735
202421
659545
212985
743702
943294
340018
670256
140851
937103
403505
922665
718897
764586
589384
849747
684930
714387
86509
209426
18300
173664
928720
745336
310502
100035
274587
981609
145384
787808
629464
590748
539185
163221
355322
85704
251356
700140
789209
709942
767505
795771
838904
869888
577893
235738
689230
845979
194107
16706
454705
153392
815610
418265
657182
582894
278370
700503
905884
73522
861234
939575
300491
745314
490111
436863
744930
991017
615637
415573
178646
115781
984179
776433
332556
875322
692689
546022
698936
982128
374403
526244
356608
278148
413626
510492
209497
748222
816687
905002
464158
388576
474206
402460
46628
456132
696798
300959
850052
989033
981548
576661
245460
176802
79197
623771
671418
670010
679080
307821
487879
690607
440541
23860
187517
734486
284996
6288
565795
789694
698684
861776
105909
973820
856888
760187
402191
523378
830822
806035
103675
208447
7867
29033
798943
256463
418255
889774
112311
150655
26179
260442
584406
351424
697611
62451
739690
340224
970032
738825
534310
692172
881678
755033
255212
907324
759064
386210
877910
87457
851805
669631
784772
248663
493954
35993
523628
54147
977565
319390
938631
253456
842838
934538
671305
141727
461705
833521
921373
273148
674453
708691
390482
628518
589742
266149
623585
277601
185232
941112
301369
188420
564875
511662
649460
347359
348304
566158
465945
503801
383480
666261
718847
596148
274911
149778
67232
402515
255031
727401
206289
45402
941467
365101
287004
834786
567345
40309
765007
371012
345396
971161
744875
212620
578690
85276
882343
463865
855819
651419
899147
863463
747464
994796
191324
13002
835694
575743
602774
722247
654319
864512
60202
947029
409246
837558
990750
665296
535745
987040
882314
44061
213569
89633
123367
297533
798041
153634
624928
187744
919906
196902
785550
829877
304201
195282
439975
345214
415249
244164
951792
734793
299501
602146
135903
335760
743031
395284
892113
877103
183750
856108
626327
820941
367700
719037
835574
118347
203656
790581
99862
723061
111928
680422
362571
222388
298536
197963
783228
751353
933100
746650
466568
362380
399677
139097
656085
910845
832726
721982
614561
149455
106077
747110
378070
784954
278248
275924
233123
515180
307429
81024
665692
331407
139357
290226
980169
248541
804440
794975
928068
677776
770279
294104
789299
881890
660459
381850
96622
859734
775503
231459
979595
416894
783521
51384
766345
953488
457359
129532
283373
840207
7573
819975
983542
160681
776156
747777
518617
427996
681340
178116
216238
789289
201155
403990
376173
909804
144414
716813
664807
901636
779742
478119
173586
313805
789627
254949
691961
729861
900140
555080
107085
843304
683856
405586
932886
625319
997202
847012
715501
917747
60781
343279
476820
719322
307821
733558
280046
315531
553793
967416
39320
44577
454667
661297
674683
349436
505041
993786
943055
944646
917410
424002
27767
354260
546284
234358
774704
428190
127878
195401
866785
276984
551864
360618
28800
769306
481149
28511
216420
240076
768186
201982
427396
991059
346620
424899
41719
130271
731051
225646
966198
753448
222412
208057
396317
180077
908953
455547
750398
852224
435616
478731
870891
182916
447303
40540
715859
412485
307231
773283
713131
251423
64689
655628
364255
310360
179524
75881
277161
606226
86744
535349
769095
13509
281412
229541
215710
859140
976813
219369
375248
912191
659807
346914
703106
646369
771492
526234
296593
259074
584339
495356
937648
792548
628833
822649
264077
156466
283150
481682
705901
897083
985559
327721
195479
354270
991272
93090
606862
49384
221523
47326
498739
345229
6630
797192
245285
275002
430822
859171
796802
422514
882455
188045
720678
870446
667353
286876
401824
820892
172337
592724
403089
655917
209437
653954
731107
848286
558615
250656
469822
746341
571115
378282
690363
571015
128091
215076
328446
922635
448887
111610
400523
819451
131641
360459
405619
45738
598626
299981
552301
668898
114958
457613
493084
645281
892545
834779
224126
868080
952344
160001
527882
844110
993012
920255
205562
631624
467421
328125
544646
652119
99625
366446
329905
360737
945985
856044
955710
492395
986078
953586
875061
704331
423114
163382
883854
243781
912389
389819
570638
271508
597576
971495
201581
616296
175020
233090
678002
817579
753213
956755
350127
685989
835937
770281
462346
285896
145263
481129
930308
98824
494296
76211
390996
105779
603054
665465
263348
926023
43322
782367
379123
902332
218200
784353
84427
31742
669210
736271
445376
310014
232550
40547
54306
591874
185671
677315
662366
223168
5306
891582
901644
819757
942276
768454
118774
827034
556021
283455
687035
96020
743397
348446
476725
789319
693700
826158
421560
830300
815805
862613
163243
884223
552640
461591
366656
172509
893948
196714
155598
674461
188775
794016
314041
846371
941871
162970
893874
982461
302896
336504
684925
502366
378028
638211
300531
324437
210234
752348
85182
682956
175203
87952
480393
613747
859462
936298
296624
13513
602077
399890
216422
614555
89157
428037
219610
715004
784263
176465
515900
12304
81646
324810
98662
651322
63313
78969
373107
281185
329127
636774
943532
545897
712048
485245
815990
703897
820768
489033
851876
49936
467404
361173
894320
433209
93248
688908
913764
203377
736058
618742
263023
67948
662371
201172
845563
140570
372043
347857
385704
149040
470345
964241
408242
724426
910464
586485
866510
42739
853521
294425
670363
838957
623777
968051
54289
4996
618
680456
53091
719381
426831
697511
706834
75956
188056
920023
918480
756925
512035
300982
197532
573748
570288
867344
345116
264536
935070
670556
341460
262075
106599
412175
642504
288247
819860
3599
225932
550923
373539
496945
668857
914507
273764
820862
819508
724890
306283
687210
528758
192429
527020
615438
961339
604301
661052
125320
520054
158389
692265
255825
794627
62715
697461
222220
186805
74799
378450
212323
898284
488931
475767
716613
347485
436975
515919
911632
319155
835457
389880
104601
17382
538599
77774
458563
859779
394244
615549
142391
775069
961532
694978
830271
815245
470012
519951
197120
696610
510097
252994
302546
839128
44301
7996
140192
66523
34468
244489
575432
426242
41035
280601
943171
856298
500727
27950
192929
472441
520336
631448
659814
13624
137856
979346
200319
599213
85047
832213
750859
968824
992929
940330
710077
457253
89226
796124
150906
464465
959686
225652
170712
479410
381086
928151
664212
974024
389754
248431
230663
268329
787785
202606
207656
586066
649044
728995
300407
323901
606684
839609
541223
639378
775121
436164
879659
864551
528540
495089
958927
146559
506651
417241
335427
261396
234761
580725
901999
636492
848538
842741
572898
213340
623688
660988
72336
451466
955547
955118
872066
365489
488597
429838
849542
327344
980042
211026
43259
150513
910599
653725
188963
757631
395558
895833
143788
161993
936027
637064
199861
493959
913989
963256
943736
196678
24117
28482
764940
438407
765658
397100
56998
643279
28980
170113
234532
150559
489941
177183
39089
105888
799635
768747
927933
384585
410815
957805
904534
244745
181806
643030
829735
979719
463707
95897
910331
663319
719788
491605
17499
210630
934351
203872
177783
235207
765386
515529
608447
625131
414061
392425
953011
497763
893423
347781
570690
679376
470724
904666
379223
705303
603457
549874
336452
638316
168695
926492
893935
238403
704267
212452
719223
589067
137978
712539
484312
877139
865538
400829
962835
45726
844901
440685
724976
589279
423108
462665
649494
201581
973047
388464
978191
139739
990806
983092
983961
515865
546718
152131
925212
291264
573965
158294
258989
120522
511592
410044
150555
287302
684109
816892
418214
498588
721985
986560
880485
60428
296155
594735
76703
3606
22081
398086
308386
852067
465026
899193
69528
58254
606844
863675
884221
134976
423408
541110
923369
634180
661394
657271
523271
741571
528579
957199
630443
665630
145403
838846
367545
210921
934760
358692
637025
381885
320445
66876
723494
649008
134337
71017
345010
726215
823563
494877
729490
136328
681260
732022
732939
545221
126558
115582
857487
59166
442345
995605
177558
410597
166818
985338
330222
201886
934675
923277
182954
585334
895783
250199
265561
711999
956220
142833
454711
80204
617359
504061
177059
711014
606201
223571
377877
594875
804418
407615
967497
688094
559298
487965
94155
13816
954383
500739
284584
365902
215320
125905
864374
219666
791309
584934
977883
716179
902374
599098
689304
385544
753321
900503
962250
407415
684114
841484
756904
887524
477981
209955
76626
773140
722841
356710
419589
223930
892433
866646
681003
505339
224366
550373
601056
239201
642616
987659
612422
516843
647289
304371
208668
777938
725329
297778
512931
719835
242023
541921
4438
996488
511885
288944
407748
158053
494654
862870
101330
182934
150963
755317
408562
991236
9040
284200
695538
63473
434836
907439
619821
263908
23330
450548
776056
842691
427535
651793
462210
50372
436416
725774
388699
720280
492686
339307
309386
324968
553379
817189
129318
61685
791685
717550
55568
238283
826355
533940
833797
168429
459697
157524
917218
550189
912915
797215
410509
29505
965986
255651
71910
621774
156859
411921
920295
171405
836369
672424
706709
680716
421152
411008
163762
887933
475846
228943
412269
540687
830095
850360
361569
642258
586979
434759
270974
439992
333369
201574
336072
851265
122648
421953
701378
237737
966651
998572
805287
9789
523672
714671
680089
641115
406695
785943
27834
783492
685760
957103
642832
955158
603944
929145
315329
363875
860532
70658
777212
406155
898942
978373
754228
872574
431906
547549
804162
295811
730249
711918
238649
100373
614809
533623
707276
973193
728369
739108
546994
833475
69702
830367
107482
734002
140874
949752
26143
794502
979929
915464
170009
384197
826950
634749
359170
212522
576938
262678
670307
790172
577984
288299
445949
128565
487640
138397
420400
40829
857273
593876
639817
243962
766467
269080
853018
210562
523826
281214
176162
238054
863931
112647
383607
621893
218497
318369
888686
462216
282673
699408
321049
34555
777550
498231
437659
413610
25577
607145
120998
154532
398547
19509
920514
615242
798425
421152
673335
558023
23828
619731
837890
931154
925260
279934
268542
6526
943732
467621
474284
807718
813082
204544
591169
143557
497694
920309
377755
7619
153421
357337
844368
175307
842468
181003
883244
532031
48240
380000
833352
176471
114008
468036
872253
190767
99179
794416
315937
218664
759912
171652
659845
642194
741164
770044
598844
304859
908993
116110
330839
717349
373503
711848
806732
193284
648856
680651
638536
239099
335879
968843
179478
429541
307028
986827
700850
911229
44725
497001
676212
166428
32266
72827
401129
241497
507647
812060
335778
169944
726826
38358
391750
1506
236180
91855
811735
379336
847678
500625
738609
265151
680236
888429
273716
348036
536247
887423
423144
578339
910398
197086
216655
966593
70078
391146
961210
75308
263526
219574
484853
301390
164383
15149
923298
285040
572732
446141
390495
251114
206835
833737
653618
451114
491432
329019
322776
684378
339360
969291
624795
491102
478651
826025
967128
398158
77356
760253
642887
437026
177010
928600
80539
169520
355221
654568
475112
638334
115552
981571
711450
252831
589976
403399
366739
355499
682415
798802
764980
287170
9736
754357
336811
777
46143
282454
974457
842824
309089
760460
98373
176112
651135
171390
488037
852886
99608
404367
684259
406460
718888
902714
721571
565742
450639
189508
24113
430995
651987
408416
434416
3794
346883
322498
27222
484546
250768
506144
624188
436336
227476
809172
217010
887001
680283
103346
643425
771910
971163
638435
370763
856394
704612
183173
332174
385078
948019
641873
463939
107486
8255
523944
434303
541166
158352
795556
711103
550740
201531
476479
547105
82345
893387
938091
99348
76139
196525
116891
805722
509508
40199
728213
68589
642979
707346
792195
814127
284198
126749
174593
319700
473763
433649
817701
116103
719318
893569
480531
735838
31416
224826
553325
450029
186864
418308
404161
749932
536702
53258
203689
165169
654096
253701
975486
286930
429676
230808
855828
139007
662462
725064
983161
658079
612391
164463
339655
569192
586286
479891
329288
733620
271209
231857
617351
975666
18256
766284
236822
18409
95437
725193
973322
49187
531944
28557
738057
819455
314124
27834
146675
25842
383871
450236
835579
542585
638401
869044
883609
208370
609086
746373
683251
989219
157388
573512
903485
737079
490784
641849
988000
995326
907151
824343
954088
859940
265607
949782
774044
801566
819781
358491
71289
44009
564559
575824
228330
288748
139207
278502
901169
131869
281174
453324
972670
326528
923247
233584
759447
155595
414329
361164
35471
633898
268776
857153
112239
903821
819217
367048
494840
581276
241695
670940
58788
521906
349851
197414
536490
170757
951308
141380
681658
116016
163202
557193
461024
554603
404919
346175
964061
404373
600135
921776
961177
822241
564851
827340
957857
31963
701647
89125
745157
797991
346646
461342
412110
637495
9119
309106
543252
107427
144631
10858
867914
301085
664370
354122
373558
688452
705450
274145
168120
412186
574597
45018
768129
588954
951261
806156
529752
57841
307330
760769
251852
956724
396813
710074
668182
597655
337003
964564
624677
282619
776064
826422
358088
354548
39205
447377
777545
306670
48484
516803
525135
28177
311201
384228
547645
518241
355174
592659
75486
763173
762232
991301
677690
311427
664097
780682
602070
540928
696979
491164
457506
811668
498200
891127
790775
351262
764575
789785
502657
971965
206538
630949
445329
909547
435724
138952
605880
718551
385533
519008
105472
82047
717252
259625
536591
524281
697619
429300
646986
14695
794355
5411
820405
609714
903080
564017
6365
634208
337466
496538
508109
540330
503851
892351
711008
470980
979684
125144
292128
859099
409619
461598
636314
520299
762373
922674
194751
806792
935396
325216
117890
560201
795767
365260
603508
899017
480614
122251
824758
27378
195849
936595
209773
353825
591828
373136
817028
487973
364298
783265
578730
853995
776185
675897
538026
33495
886030
1534
338747
457608
542977
1475
82873
722565
86435
571827
316173
886700
854580
448249
333554
917178
718312
630483
418614
967779
40313
719826
123134
161540
842945
313737
352269
32459
885203
12944
433242
377130
637676
983917
367392
293306
252701
715072
490883
898226
789703
173103
570566
667323
335238
653071
980346
858168
494885
649084
92789
426321
445891
951513
613329
815509
348314
713062
979659
884867
388554
848519
74092
470775
486882
761775
750986
404302
461101
868842
333045
164442
406131
904394
85948
839198
16760
328115
566904
283187
404610
566261
478822
387491
321571
202537
393947
309324
459949
163604
848290
229557
872687
419196
358196
781314
853675
334924
670034
828736
605666
468875
65254
870806
869731
685981
174422
122318
346378
260971
699145
65375
5734
891426
261660
272436
29201
712266
953179
229603
327113
294496
739019
356678
796201
13330
466938
252441
462714
492455
955992
25174
356348
741003
727522
750454
924825
830154
807997
53705
53494
885017
690083
951984
482681
656648
928125
64514
517332
967206
916421
311160
131845
61700
798109
257374
855294
521212
717014
714563
459067
844246
670034
740617
580351
230523
973852
135712
519632
270688
88238
709558
777151
268288
627649
530385
286851
835752
888376
859253
288518
175903
211847
325056
793738
226963
90626
126035
342208
571669
837854
936848
473970
579575
382382
908533
949715
355801
740259
183718
125815
17695
19255
538665
653137
452046
40180
535222
445237
972625
684067
139524
722129
280353
273593
338653
946869
45553
269533
588870
257795
389415
737689
233410
865936
264466
711396
640817
60947
3734
301051
846585
51308
560692
855344
167316
427172
622231
872851
280995
696031
267264
810062
142356
292835
161756
189944
321593
428181
336401
750472
758013
624999
787513
433646
655103
305309
485613
182142
306978
230149
95942
165513
504928
173924
50676
242826
786936
170824
904047
141619
174423
680427
640671
489332
550146
513703
9115
170268
879313
846009
847081
735029
191847
735074
378820
779040
214619
943145
727806
992918
758079
366468
924645
929542
872104
451868
971010
943482
339771
326165
385919
660802
618428
434207
41353
52764
894888
873330
962178
41150
414946
714488
135789
606651
547334
122890
326884
803751
660732
36791
263350
904827
28110
512866
389330
325155
34309
709454
428436
620100
776667
44427
984034
441504
746867
168669
966957
16787
616343
846018
761226
245169
447121
332277
429832
281175
18300
492058
74831
706140
193006
21650
119159
497382
925187
661379
133587
31945
390096
37786
34776
436461
580777
828436
943927
882670
663290
361070
516181
409479
648059
177607
986276
340997
595126
194515
262248
661119
660000
169081
810551
206235
740666
810136
552110
92096
301535
246260
76405
700578
498014
205052
559367
291853
178639
256176
369130
774241
148754
672991
592255
517017
411274
35906
568606
1265
834283
188613
892029
586321
282409
493571
707777
940968
237695
508852
447340
104761
797347
73239
505875
816207
518087
754584
781113
674616
323034
353230
910268
209963
270697
540679
381064
743952
114367
255890
179704
210802
790497
354140
725134
81872
705519
808692
20044
42932
789315
503599
378505
549205
973065
270403
750693
82892
675360
810592
49989
16171
725679
28176
960266
858392
866767
247127
526803
851012
187182
718131
456444
281682
600127
233085
35396
32079
764776
729200
50590
487508
978832
404603
832923
351382
195167
427368
842147
455630
165443
797443
644224
596660
199549
709306
117118
384296
703664
114891
707021
899876
102117
666747
863088
629103
271226
888101
38311
223038
466809
796749
281817
585925
738378
609725
679783
552680
383582
624713
524243
891561
463114
21626
637197
520160
83962
731050
632363
182567
217993
643731
55408
93983
29441
141388
222338
498618
948781
54186
838124
931750
371889
424548
419624
923030
474520
998867
572344
300690
336494
534397
850481
482705
477431
276877
526148
762720
319540
537390
467945
253697
991564
95429
683045
802170
516123
411590
68189
314035
456450
790474
904267
518923
120748
257640
547739
805616
777847
444713
834410
509861
183495
200579
424281
570478
648821
135233
276795
599436
133203
691799
577348
439060
726826
739348
918865
686905
540655
945363
548004
450174
805834
649883
353023
990578
190961
563527
273797
663052
122844
866327
992901
956715
445502
819057
774682
722765
667808
974496
662428
338200
720280
378214
181873
320273
956886
908519
537031
939218
508251
392507
664260
802575
469256
505748
330681
565798
220236
933787
56574
905295
885829
615428
343238
830769
133923
820388
424555
582696
481642
65950
615725
832382
996011
277819
514922
281737
906607
813096
63708
598407
175019
53368
728886
538605
571685
595571
29926
333984
963605
726251
454429
616976
707996
76533
725162
469666
828100
15346
295078
134808
976399
185154
725818
567536
545460
750892
196603
867797
785172
612232
911491
223318
108792
682440
5886
924248
715669
16814
559512
397951
560634
380741
707520
463221
125026
529831
130671
618125
996266
924890
655744
251589
331131
67049
570587
570278
358145
676370
716512
549196
664404
655307
264867
956508
534534
483813
427467
659859
944402
645649
295652
137952
524424
710074
526623
687567
457895
347771
536710
197307
559319
46506
349263
301530
134749
846983
778408
997709
186017
285207
767654
508629
91868
510670
914310
99897
920193
580697
866838
333700
581739
112843
509782
104718
771314
549522
341466
921504
50534
4726
358937
771122
813416
613994
716089
835482
183420
228801
869085
652909
240852
501209
324069
889419
231949
247146
768140
785040
208656
306238
830537
937596
772498
943643
434053
207125
814395
673642
234851
473332
878947
506174
497606
383426
808414
122295
678379
961657
523035
984644
928934
349186
844029
820738
741820
500194
541690
905617
512282
576698
537611
612051
914371
146671
893728
436469
319589
994686
449576
596303
12834
844950
916786
772900
957510
645189
196060
33295
348304
666067
965438
140654
164490
380143
541510
361561
164982
280078
289437
897977
954286
392901
213557
672117
632419
997672
728171
212813
348338
395320
830323
784107
649600
792945
894503
264746
801261
614333
479473
554856
818276
581547
615298
369144
475354
588514
24208
831228
438727
634910
469826
835023
21405
821381
147353
584608
20525
912435
932261
755069
780457
164662
171360
54875
557645
218630
460550
302518
607995
130306
768367
125458
386910
35874
43689
294594
44493
354089
510302
468895
916009
454520
623853
798790
879023
477717
778519
951632
149796
727272
504557
596906
869734
821549
755872
406517
374106
65768
896330
742881
421157
126044
24220
500766
248320
343065
124858
204429
324678
245945
732256
584127
511814
341425
988453
589290
226882
648749
256347
140738
582932
943425
428017
528978
979425
834260
710501
208451
983525
457575
863904
361841
624767
315912
948467
874593
447779
582999
930494
272372
608254
956853
983757
793476
222118
863151
32703
918850
535069
790561
939216
816119
596332
366589
920110
637923
928163
299058
822422
685870
894641
177133
396672
548698
602956
204357
36750
13243
115123
480108
109884
619466
341492
588885
983711
858004
85810
138882
43891
145467
430368
905245
257466
602339
555816
353893
297028
962260
924324
889506
684612
799464
715653
425732
792904
583758
914753
881810
308422
32223
174657
547503
397373
791508
65558
764705
681049
445105
774908
274317
83158
179320
981663
709639
753824
386864
674495
793914
222563
743162
955099
786870
785713
349768
696376
259687
201811
742295
840545
514583
403511
776033
545799
424859
948827
360251
804398
899316
690096
831228
323973
737018
182862
187510
96333
99572
594886
676160
969072
639704
660185
256506
371678
566295
416160
4870
308799
202154
921824
854415
716630
176317
154116
394478
91671
344439
672912
506056
468350
658928
135212
774967
236977
2362
211827
914097
809790
400406
1726
571573
876403
778057
729421
316960
511090
662414
869409
592065
865419
641627
477331
812117
728682
529919
42407
578109
656285
536145
550581
759359
440385
279376
869299
900464
443900
265912
237703
976525
359089
112489
770774
980004
560062
655385
614332
58112
53034
4983
984216
113184
256225
876530
261153
923412
659765
37387
672494
673919
965043
947242
807023
59210
228268
178486
130509
594512
636430
717438
835837
308785
39339
993995
869663
558234
121631
725778
787331
150806
232040
748720
640922
616428
456201
178280
750756
36156
427073
955986
432905
591643
400243
816879
257693
248024
576596
782643
643416
739182
715073
219169
412770
11711
837906
346913
293683
349536
371750
624909
2791
438655
148464
344884
946480
540160
678964
81799
785790
39403
914268
375073
229872
723709
204430
550470
713163
794413
476938
828686
357099
576413
168741
752402
712700
723160
478138
90974
169965
495265
581787
614905
132030
330271
633440
851238
294408
216865
292858
770206
99581
595973
510296
90963
301717
567370
863993
547593
178922
312352
490813
889477
331740
615031
376300
314812
549313
796671
89720
730575
879887
861258
924653
608415
911041
142808
989481
875243
979961
395380
821266
229566
371487
866402
2891
372263
580839
391642
464701
456424
856211
682011
517120
181218
535426
588046
946466
99190
441733
534201
8843
327242
868310
768892
807588
529367
297451
494090
332464
6419
716887
111537
80135
2661
653738
817150
651244
588862
220019
709227
865177
794104
318319
409378
148148
973382
484123
729911
520765
299221
622475
342560
594588
324751
300650
109576
262655
239342
430617
189136
658089
677171
212683
631511
911720
320413
131925
598066
837607
511044
323750
327466
724568
992921
374999
70
546985
403250
556533
845209
537187
331999
798169
655247
396106
479199
512551
416428
7316
450836
41933
358211
30384
789087
752207
441519
628173
632009
616665
30894
707252
233849
54492
300145
904155
980307
298722
194857
162327
731130
675882
491094
296401
416791
519078
774401
802124
389883
513983
813940
81373
617567
447996
798917
454013
253630
159764
815366
181155
969370
677034
556142
227577
459801
469183
833377
45852
103667
705201
593122
32455
180888
825706
419331
500226
44115
202204
894131
11771
452440
604999
154086
614146
134518
728042
211862
428629
254010
572110
616176
160515
510994
466363
597108
245285
744152
49652
816778
159848
587287
313070
419588
996284
440815
439765
735027
278702
912335
95905
143021
575994
561844
987044
966057
59892
794313
405660
200477
591851
834975
48713
666558
996348
211385
781177
958131
451236
810791
618889
180605
895109
698200
122755
866374
89797
473348
827776
964218
541704
685888
13739
941635
121186
466593
441251
544210
679463
795245
414205
228303
298095
772685
69124
46083
903615
290964
596764
988486
148801
827801
437508
179156
816952
622380
359834
274624
822348
824670
987015
900031
368280
439438
171349
226866
23479
551530
284651
42313
825026
846568
506798
550804
442138
729651
345822
3553
104384
923563
169702
165313
111931
984036
149914
400717
482312
42675
65056
988540
401128
66380
608344
205207
201975
500757
270710
299360
33565
749872
12710
133239
725065
675131
412528
24967
712402
938812
240428
955613
696728
771721
922065
575994
389672
779634
640741
993006
615051
950283
11734
602912
245465
836224
952171
795690
522739
962880
518260
80674
912197
181489
119509
864621
761661
917821
358279
732067
569664
49741
200074
271918
978359
115429
341341
341684
886593
854507
558540
574365
226017
922443
474662
271859
159883
906024
579390
440628
112861
356645
750878
916622
59590
338145
511085
937299
382249
943583
717942
150716
764692
174700
89824
52683
320925
615461
228184
396288
753253
886395
62615
328309
198401
994510
203687
692358
82968
280092
271871
485912
339027
562086
816177
494932
777084
647471
253000
779320
800923
995425
502877
37112
965613
614306
693023
549982
533114
954251
861442
605222
210134
87761
34627
877224
93749
417288
444257
81519
565066
378866
369591
275550
146800
483874
774857
155624
409745
942598
413622
773191
754387
39245
16830
248848
909933
646475
475520
638947
658558
95572
584361
944819
93715
199836
581636
601406
182637
423161
131423
705157
324991
41714
369386
612818
858906
91693
899228
291691
632766
306838
961114
489955
820819
742403
187788
251825
970666
914779
713026
583090
332946
363847
482951
504493
61068
191940
310089
910087
113913
682220
513264
33412
750148
354723
974361
805421
163188
983719
12560
10877
479348
402649
926630
400076
576421
322406
569490
438726
826400
329088
757002
769072
121890
279817
867561
222076
873740
966291
322309
923068
302733
460218
621899
668611
428200
280111
774740
368946
502475
969486
22005
158832
446608
71113
82179
387577
508282
356082
808513
444103
533138
504526
60995
107827
784340
717208
363067
408945
383
204295
520362
819115
119383
87016
794434
548997
126980
756233
347379
448479
468789
984837
636250
713286
824250
882637
421972
867701
954579
989352
227733
433626
837171
109147
847324
200330
534605
214208
958126
989755
289328
482663
188313
573273
661182
806756
795719
414031
249517
686254
112485
577113
674904
623570
588000
291421
369258
407281
502764
111561
885326
572427
359495
798683
363891
224620
903159
605761
970717
37083
180741
463877
791056
281845
594557
396896
611572
148058
954350
953609
202701
713719
909326
899309
484765
524402
91051
314033
79501
903091
471294
952628
13747
422317
645985
333120
369471
91942
330939
771078
84754
671659
2472
72484
970175
469793
496691
219731
556592
815397
764158
20426
943808
692139
743378
643040
545420
557858
421451
577254
702438
27581
486902
821140
752897
311706
654851
594693
861361
452450
447792
783496
26254
954838
920966
580255
222822
105877
337584
353826
364825
642927
684208
630366
128596
570216
937197
706351
853214
302578
246407
620497
404394
915576
534276
671462
54081
990802
869594
736894
159283
338288
981526
959059
226936
555916
972426
69513
771692
234316
360165
423566
747661
688276
990555
380447
67378
181354
284065
668953
64930
321371
337984
81513
243296
248461
39817
820104
111937
149415
805252
942002
73646
39629
305196
189507
919650
976993
787421
44473
581140
440563
974305
329464
527472
498766
214848
15077
71541
325374
323162
104872
426123
262936
914259
16574
778522
200934
973722
235120
525710
608747
360743
478888
662714
70857
104593
364518
524649
367255
552825
527631
17271
328625
736241
809533
782219
620851
849420
399315
237696
890732
554906
412232
510572
800660
505181
877696
108693
214677
356229
144625
131224
452349
264543
64546
74578
753505
805849
221270
598730
901566
670567
539573
868399
713749
222145
766837
820391
459060
845946
737656
131585
450136
118336
420097
247906
66761
184114
761189
39314
770123
814155
572943
617622
761114
800112
836044
75416
651352
325746
673578
384075
580488
385228
37527
643589
653365
675256
920840
306148
947266
759272
74446
809477
59605
983883
859314
12243
318865
65081
216052
889663
808641
865507
998047
511487
789510
633264
994101
28944
92871
684475
547349
767005
178439
261031
90103
920141
930088
471621
625431
811727
189778
819793
695965
223741
515249
284346
387373
740926
156533
547570
454032
872337
448505
353041
527505
764097
620322
617261
653462
828759
253807
861592
761638
98039
282026
505980
858226
389836
125893
254601
682289
980153
815711
935444
613610
351655
34527
468022
476923
114220
655424
825725
212088
74280
530300
716889
422113
451958
739397
492708
126982
413495
596050
837693
587579
935467
63256
598534
196301
6014
613701
723301
681244
459776
47041
718926
981798
169786
200167
713640
768890
920044
752912
565139
886491
970297
4200
293084
92855
176718
962725
38281
215619
13445
732747
317189
181119
113778
610269
285717
964650
229350
778160
685481
419970
408111
986885
874941
209882
620666
173972
716195
191637
412584
247540
510161
574723
417393
97159
494972
436678
213044
842294
680699
539858
760958
835117
267733
409376
267444
713592
378263
829261
254607
429424
339876
585607
595050
869300
958130
571960
209743
128671
34223
775921
72506
548503
407002
519943
354757
962340
610794
6854
447408
674364
893076
136387
419110
341874
236163
586814
804813
78831
224125
186226
611673
171547
704521
962670
706487
637336
33763
120944
426912
955536
972869
370934
469442
719531
395147
425297
453656
892640
545043
930196
258148
620442
104224
798565
401362
77056
261361
509059
265809
397548
752879
896580
165693
437552
732183
406338
994762
144257
579820
236586
750982
534213
218447
988292
235167
422967
805436
880227
231343
587156
578099
846571
947466
545278
242353
300187
608483
18977
792233
202485
748064
941383
781043
323515
810515
652049
594851
181745
74776
776800
99150
312537
93914
159938
531501
622896
375241
617789
896645
878771
286622
478825
387091
603945
535857
790789
675092
494071
770925
577137
708687
6587
886799
1397
681289
403608
454225
558208
289577
158355
454431
798879
208921
426098
363935
530526
382780
124786
612760
977557
697806
445092
170829
958789
275514
729443
393786
449261
599470
476997
311036
108990
743894
387078
668051
950375
132210
338875
869392
617915
575549
425547
485787
520277
484012
706836
274552
39499
438523
593195
512922
448857
263771
343522
892740
562889
762387
958675
742720
142811
256478
706042
607777
443551
333194
410563
938420
119753
498462
436011
36658
361522
110484
651931
309253
467109
589575
890438
342039
771171
549362
903514
206572
433730
227124
129992
595926
222961
388800
543851
836918
30489
631511
209048
303281
738893
493697
822421
758494
234427
37470
795573
547693
622697
109313
900526
387974
841975
335598
847492
581613
781295
928507
136532
108015
755032
699804
305767
278428
178752
824133
912238
353060
404317
874376
240385
151758
131519
78433
159040
632085
15341
218565
407163
739758
157817
547064
431689
756230
696806
589576
673391
772502
82015
241091
202783
197055
465046
836325
333555
901244
128918
727838
172143
251997
383372
390497
226109
439907
88516
681310
491338
312005
51037
202318
586354
336894
273043
478458
678771
785900
651448
612319
242964
123916
191181
309532
399254
172876
247825
847506
185298
475455
189001
911924
746088
612970
154040
124941
506031
540019
780485
103205
906015
851207
15970
731290
674323
916231
229961
894866
978540
335076
758889
500027
495751
587710
530641
255720
618295
935183
228015
274367
256371
55784
893256
975961
553740
608743
157514
599277
467879
787906
811231
704421
649111
929751
786971
120580
303372
422659
978432
526648
978368
708242
316522
617720
486979
936914
293462
491761
868356
652258
73599
535433
989623
516289
92466
836327
386368
723981
251482
735180
370411
613790
102455
762367
318327
170921
880812
535687
187608
389572
231458
884612
257768
87828
462799
487319
254657
957092
718657
554612
348295
271827
512709
571098
757187
647295
302749
544485
421155
106712
124446
533901
439632
811654
488920
914754
773042
265994
226063
168222
556703
305666
124961
79095
430725
62253
706483
760119
865470
382184
97741
995958
609173
835358
451959
411974
930407
960982
774050
213242
68146
109234
782421
260813
320389
422746
458207
841373
334390
114974
271914
446214
35487
831585
636812
332278
558566
931492
173978
183669
427509
781148
973520
582944
490424
867357
647635
486910
356749
606807
281523
16624
165379
319712
293530
679124
177327
993834
828998
327531
747743
626875
62847
244774
159666
796532
416793
462423
766662
999054
943778
944104
428325
152937
846836
723577
89888
321813
743958
469696
507546
21943
709410
359404
411301
858062
12022
700246
979921
728153
388394
595286
371511
622878
264182
441767
806914
279146
277619
812266
118961
226783
654859
836351
946279
151194
2215
543275
76520
564399
687561
690039
573647
985728
165603
662988
765419
144557
726474
525738
213961
202947
391817
340740
605137
617075
475392
171365
485758
805098
763720
854998
355177
15227
472148
487203
181096
18080
724024
730359
117725
733546
255539
98967
80626
778639
774704
959959
650601
336949
441502
178703
660660
782221
136176
233405
386122
21507
879678
295567
313136
69243
87042
235024
84423
768959
359202
515737
853381
447577
63724
545872
859032
798859
549057
210511
960719
728147
720949
497637
225633
984082
818141
271558
144739
556919
816701
708074
700300
141163
32785
485531
206035
427365
915300
257550
707822
714615
458915
163625
793675
346075
460497
637901
496683
436326
737045
547259
744091
413651
820925
673004
99190
940283
652829
365280
479568
808966
596458
533850
874527
614798
128297
175820
794812
663822
342044
70964
860135
831807
644185
114932
209805
972434
430043
848640
268857
309723
430194
430843
491600
950489
824745
329510
717613
999091
548499
137469
788634
301684
831780
34770
245016
94231
707483
832343
835417
608757
237678
72211
89854
827690
992232
254337
579002
34088
823993
107280
269710
126810
221301
281417
118497
830129
51887
5302
958237
672044
960939
196611
408471
350906
551582
71191
769682
531940
952630
150934
602427
809782
983406
542460
213686
819889
378918
18442
826025
735025
141884
143808
601695
205774
860649
755888
806960
24706
54567
837507
547386
500954
349704
81255
743255
531709
792749
186511
674861
1768
463227
852954
506955
334645
156018
654779
940472
361750
61239
762472
613950
886900
26996
423411
176247
624747
931759
25799
238699
249584
58749
861930
780302
311561
407834
673603
22072
213495
113696
831789
529310
305307
142271
406181
715911
578711
356554
389762
95394
624544
187739
930288
43911
934089
740846
158814
663416
238816
352505
26717
577893
506016
625752
494854
413072
503138
139697
863408
870972
749339
193678
554923
489575
848494
80650
516886
168964
466740
884917
273732
696531
402047
994094
132352
15168
645722
888655
433616
59629
33129
841131
656980
679962
103141
799562
467038
495385
482926
519758
448283
587017
400431
694573
896966
139477
382266
322417
165304
164790
543294
663879
95881
806229
978472
679272
399621
771745
692243
622837
744373
415737
22238
165629
386112
522744
383889
132358
61696
601909
36830
688368
261507
300665
356743
69472
30730
186294
52153
578934
381120
891858
691382
121798
433118
612940
882144
426164
985123
526835
288417
913998
722478
926015
862453
902726
194223
694353
663627
573156
134106
772096
295031
41149
95639
667257
869309
582426
79213
122447
63621
305510
953499
81998
563282
851054
825177
506223
582987
596991
173566
968667
666413
945182
530305
21735
637773
733276
766705
536094
533680
51294
538600
411473
31690
365625
300261
7083
326171
888763
859475
478467
73593
110450
211599
669610
694246
24261
633631
377463
392623
268481
583016
410996
905704
952449
496332
80413
743083
723641
797510
204221
385321
753187
873803
786813
68429
855576
284492
545119
617527
818498
586470
948520
984962
660564
184317
95798
652181
183327
292572
84310
126155
93611
790686
488101
848884
429306
17350
561972
973249
40608
99863
744047
561480
630778
236064
919582
775425
550576
885270
402301
643670
177518
529294
50451
267382
688489
870335
726140
863080
639901
578479
704479
694065
748936
362168
251930
667552
145813
11240
171138
254419
681550
772886
658855
112783
113790
906733
111130
871665
775126
406464
811572
726383
203798
487257
610610
917657
829333
18347
972147
477715
414500
789084
421494
396930
179511
508131
555749
681131
135589
931070
750140
737810
433200
325234
352943
627963
445952
90555
51614
535651
847866
666778
4222
112634
566289
913934
414159
67896
451246
69015
176780
576405
140218
579225
110520
26528
926690
761110
955304
9369
458511
94436
457239
329934
57877
628548
986774
421988
132451
751252
483335
485741
495622
908238
386168
440623
65011
599215
979891
188933
882771
464721
960200
288969
355640
298601
787126
408124
40439
659350
915130
21100
953054
79238
34675
509820
538649
823421
993673
703229
279624
425316
359651
652802
110088
600089
514243
969917
601203
490549
408861
950010
452579
906831
434990
528133
974561
778962
751402
81277
875388
537432
904290
475739
736428
951294
757102
109369
113266
520664
997947
394537
920161
648720
654567
385218
763324
821055
557343
663881
665612
647571
365814
15843
292495
595358
505312
369643
50599
849656
166506
584667
765977
950087
553388
917779
555144
885131
861078
510926
714604
150781
557091
823774
691397
118253
704904
593828
617037
573270
960107
370121
584196
786278
993042
670400
138846
480446
661671
315663
529920
811246
284844
563278
954916
934917
84518
753652
225741
529134
137029
362141
330039
442577
139596
47679
564017
303708
165607
196270
582941
512282
50455
899745
268452
235947
893228
774206
94909
613218
768298
458922
551073
437966
809179
70605
921764
27487
243889
933390
773122
541716
229109
134292
935542
110870
387910
122779
645735
484251
399421
759124
608769
400868
823976
910261
494390
387944
183072
758881
369934
625715
686110
697466
349601
810945
197923
782425
747440
933225
405236
788066
577711
493537
80907
330243
638249
320977
215734
531436
139147
653562
86110
378262
491090
992510
728652
701671
298496
456104
238324
940799
935821
172555
688501
694356
510420
847386
677218
871820
16506
400638
465034
514964
130836
773022
612536
443386
34490
385537
797021
788041
488800
586368
69750
327940
146891
719082
43625
419358
69717
751023
823514
80415
116261
15489
547825
115823
855958
49802
772716
621975
729194
519902
669854
165002
221928
959257
49192
248010
994207
105741
350945
417577
62701
759750
632490
264301
618391
42638
521254
448673
653868
220664
784650
438043
169130
571380
156990
347181
233736
694434
694306
372789
796902
234394
146933
673909
910098
745566
148443
739663
516248
786929
380702
131110
980926
545787
541666
706955
303547
113936
285947
143750
657456
4520
479160
163053
971674
632527
795620
57217
770119
962297
811628
540805
399198
2323
976897
251121
568984
553158
715705
920470
162004
974449
710796
142187
102587
21149
866253
902782
294750
176458
30537
602396
798992
151581
844773
890111
788974
389196
325761
360309
368904
926175
52571
696836
738284
763492
96186
10647
771171
526579
614370
902489
78002
710252
395879
927841
537555
334974
130126
176002
926519
510919
665734
637217
174970
783486
737318
748354
524907
731325
409254
516652
520492
160316
258284
247357
524020
443233
612292
753607
948796
158848
282317
683734
352738
712088
289313
839540
103629
470014
254663
397152
256729
723682
103348
148123
72931
789944
259391
18910
931760
801254
332062
960314
618400
741283
980336
230528
16797
755345
442831
447012
965586
204413
916745
936706
429335
502884
95886
506651
526443
252585
765607
708766
167970
141526
415434
989405
993347
678948
806470
676981
969601
42161
15999
824636
631668
650861
366063
942145
731465
560306
801514
8234
931976
240331
624926
739414
756812
746123
997287
559981
466880
677606
815232
764646
561670
541727
302919
586983
230915
508513
139733
132723
986512
387346
59752
864102
841065
821416
368317
826191
325240
328423
505166
10186
283669
951617
388760
234811
724995
557358
486783
811249
632126
314399
378300
680511
826427
780769
290177
780333
63007
478651
784653
308159
578925
502191
19249
947210
549055
533210
225194
215954
563696
835448
734654
517727
871378
422074
154079
438999
920165
466908
102317
378048
479187
114009
764684
47524
385935
95984
265344
55979
451174
129284
178564
163674
87974
675431
273406
41643
877112
571380
602081
839039
157590
305758
137667
968746
794788
647067
324183
513240
260506
526569
143649
69003
376515
951720
207756
225812
485135
998323
20993
71129
994517
447915
991477
77121
141389
515266
405554
894355
310528
411630
618813
282623
609683
88827
870600
266042
965734
903581
210877
161489
544646
153512
46110
533074
312960
279004
628186
359971
210388
173959
861929
452380
925856
445457
54594
138256
365263
902751
36260
575760
789920
426090
592046
43944
111900
482649
934571
148330
8261
493028
179837
957512
95559
440922
77901
430714
177916
694897
616086
670421
8572
693967
197438
851018
157033
226136
158933
390128
246255
849977
26048
483557
486552
103744
153632
164123
742828
584781
354357
253375
54559
354284
66183
93568
673544
137782
204795
408878
314837
475448
186052
959400
42762
82442
710426
993832
352680
266460
144018
31035
521281
669454
761453
160070
931609
576770
600614
628618
379223
371367
523856
530540
406524
726941
211141
917195
470989
596556
773860
555672
351309
127679
860034
750190
374474
117311
141515
630188
364328
455873
244423
735166
153147
959197
778079
450762
570952
341015
712746
144558
95840
261553
785188
318904
183224
278117
463095
480491
885172
469386
703052
26344
209419
154241
124193
754173
67306
570323
523629
224267
116644
572191
231797
576776
84465
975771
855755
210672
847648
213202
58412
188845
503016
469528
109092
885481
348421
559224
427924
882323
870608
568123
471374
551863
138785
141914
287617
29563
450147
20213
125951
6729
219370
127175
66991
971327
876482
479318
436918
958721
385570
789945
464923
755116
49630
408904
802218
353714
955507
875085
328256
170816
906935
933764
974852
143458
911580
798031
840509
308216
266405
923759
279435
440272
291956
12076
998596
269233
262369
458477
58108
165138
979366
464420
877914
497044
209188
330562
270461
809288
806153
533316
505325
650602
543986
344955
468727
130010
470626
161670
70684
600345
944323
793022
617496
908465
38433
752119
264050
150984
187705
703738
952973
931622
601670
765531
910891
538093
320444
710745
977179
673057
498271
920456
135249
914507
493719
985169
902442
263359
916006
989772
267580
829709
313205
833690
426908
302487
47510
106561
312957
397322
466419
431676
885349
701829
785128
97086
342158
569576
644592
998133
993208
459896
595852
105463
724402
379715
427851
524468
768499
249286
463476
291749
794335
247940
414136
438465
353862
47773
796132
542425
810904
234394
846944
947428
716078
279040
504923
164796
980921
755193
642761
668851
805567
955821
238314
992396
100640
212409
301351
258654
767629
736843
600492
431302
249104
620893
355154
787500
495350
984543
525729
487303
460423
707455
617801
621195
142508
723779
623525
832366
637084
953824
783064
515698
74600
863825
138990
356201
763328
315988
361803
720742
292867
920453
749005
912156
608155
36820
293673
615825
966140
577130
198114
493324
393732
748171
794547
762424
263011
82473
758357
851045
216318
895053
521874
553117
27843
219238
801089
994481
732769
966706
633384
383189
994647
540344
110998
813279
490240
864640
627293
943188
215781
233300
339445
981016
529414
87757
839229
275653
910080
751182
580496
772099
631747
83444
572880
488540
59245
603994
599720
815963
31479
42470
373166
293985
168095
317656
202372
720060
10782
536906
856156
320088
426479
323133
293606
847780
399294
852126
907931
40486
997970
181907
311537
378964
83626
192957
684846
841682
402802
991487
927322
797451
907839
86307
275657
28929
509184
928290
963334
532240
807622
237779
972197
372989
277618
600797
683207
426963
722070
725392
89877
59984
687442
231890
864346
137539
61512
634642
592115
740235
565895
26829
525242
837803
571983
557967
43853
386685
289958
183412
803454
223713
68019
355532
199136
125953
938336
113254
713064
398270
982731
247034
146547
145749
237605
892554
670969
657866
737101
664180
471788
283096
212285
349163
378576
894541
82786
249627
824318
603043
55599
63733
105114
798868
859538
275111
997818
666279
899762
99726
281375
127439
473800
134396
95507
28585
180148
113178
53004
32422
572697
2483
109416
445609
700953
823929
817959
679906
770345
190881
743635
532720
7431
371972
487716
475298
863640
242067
335916
423054
368831
626399
591986
212372
516530
151242
556609
574257
369209
156470
43080
780868
286858
811241
356557
249137
169716
254428
863264
944004
735987
459220
715105
589173
739668
217356
958995
965751
528829
13870
410094
212404
501903
718899
164143
781526
531057
182341
423780
595181
677242
876241
656491
689847
906538
532381
219079
850260
59769
153250
585335
687013
921135
335085
789508
279995
398007
293291
85784
553847
15980
426242
981611
797159
374707
810512
543071
892611
601683
140754
747468
873381
740662
513304
337663
342941
919950
292278
372036
865236
390284
919456
630898
227153
494642
461349
698971
451336
875008
925780
491496
678668
153249
759445
429222
967715
481738
578317
702074
171537
463417
104339
168032
788116
91271
160293
479146
383027
414264
104205
247408
876891
448685
499796
766843
943361
848499
465845
870602
904842
260757
336907
437393
768857
124364
670304
705715
591608
875176
591596
784934
834730
234361
564175
222377
821869
834065
837034
885192
53260
189072
249633
613163
292866
551569
388090
152080
101615
229831
746661
128034
982354
662797
615135
42518
540265
815228
890288
478845
416739
576669
806012
948590
800860
857153
182814
476900
527151
204143
713318
239344
936614
148898
525334
823136
660242
866724
477265
536372
529970
57380
918612
382976
839358
600550
458325
62146
337556
203099
89402
372252
116829
721816
251385
610245
500979
880662
534319
954191
3489
404705
992567
52444
575958
793882
556160
863368
934323
707249
545130
115641
567754
563438
610370
305113
579961
86597
910808
322934
417828
726111
310226
608948
776660
429040
980205
885390
212376
26578
701079
518640
552466
353759
760833
66811
721380
716933
869437
705419
718187
864259
417219
623834
660593
111209
428291
730350
76002
20944
923901
509124
618177
652372
33229
819902
161916
952829
55471
224376
575161
874652
793611
503364
159481
363904
528549
510826
404056
980836
52701
150088
85577
491506
920819
630354
578482
285047
211049
732607
507051
954352
170148
379746
304369
591330
333547
85935
935204
215535
380939
511758
853916
243885
977029
840462
642470
292283
775206
990892
767848
326261
811942
267359
506951
447046
774259
811611
258621
657924
685931
355941
426120
61471
562254
892564
278793
919418
177568
665409
79290
788527
693158
925928
106098
519241
777950
79274
391306
827549
692830
206216
726679
109010
943149
176798
924603
621463
349559
89048
944585
688066
319027
563861
64133
946809
240789
701153
285184
791340
547407
343183
986780
138552
912604
3805
672354
819610
56053
435757
783802
357598
175824
886375
635440
118321
379003
592151
754335
458535
857894
969132
295743
758394
406827
6780
393128
883132
856069
547545
589362
153562
261676
552226
290068
130074
142635
887931
232777
23016
372666
726946
366511
258773
632909
344915
971043
622465
882208
812853
232910
285976
257442
628847
683962
817162
848429
434428
662356
909680
534527
153684
270584
975844
906764
182886
119445
381487
504793
18735
139642
250870
226667
384765
143425
23364
358861
601623
322972
652678
268999
325649
86129
507503
76065
974581
141909
813562
671251
964371
700067
716800
709293
148253
402843
952248
264781
44852
832173
9348
711578
179577
565304
455334
231306
20302
468098
806442
835994
333942
475548
804843
194994
485890
555207
752307
647168
567647
243126
894301
956602
907279
610896
267760
560857
921644
204528
220093
982515
418473
141567
419638
590135
975760
368678
738557
683749
363163
918586
287761
711241
362475
886847
976898
277750
278382
333916
518697
82221
758930
351387
194375
974474
399684
49040
270321
40808
163650
211285
108673
55823
221996
629153
285783
274338
290059
521077
370901
70050
753889
311052
179815
450472
730923
573722
226831
462559
69584
633546
303699
957826
298131
946204
931727
361841
572797
108153
463457
964768
4824
168378
64934
728192
451655
332858
180810
336393
807253
697649
530441
699011
459984
63155
69444
866136
512434
1388
535613
799884
18356
212225
816480
56661
902825
594008
975361
155917
799299
816034
326080
497628
167447
722647
35132
664048
637917
196761
792547
680222
685563
42236
826491
339526
581189
710418
60016
589288
620403
689073
620769
101054
294698
870501
505734
22055
433282
163561
404768
841847
720776
362934
283304
93188
79856
962141
257976
384826
311054
577871
701051
261446
307631
364248
946487
179216
271082
126312
341739
821700
719713
489154
107232
451112
491394
563902
281463
877159
935344
774014
428538
290379
222285
794705
14735
277548
480770
867352
816714
962023
456186
175785
362215
950036
487134
877806
56800
268585
744750
978149
452478
970650
372777
31353
71580
22651
590464
987033
329444
113260
920815
841272
82506
156878
887207
84748
471387
950337
652870
430056
575492
302184
425570
88773
476746
357942
815070
798918
544715
850726
816187
434339
363179
12727
407045
419489
236125
263955
234593
37370
178043
522580
961358
608635
213224
499415
635135
216272
931962
905764
27268
480610
150317
244430
641971
486791
507051
848924
704658
191976
710625
706804
248481
888806
3586
681610
981620
564311
769374
945781
882388
327591
826788
704282
734932
35157
396039
112398
429659
277261
205115
467909
88443
921533
407786
743217
467379
86203
379137
667263
567194
13487
939050
656862
101416
417072
211356
126155
84689
601794
893960
585781
907173
745198
179876
45908
262845
416455
563104
348383
450819
351902
889464
735828
31652
387502
966826
797688
165040
235697
383177
484091
828892
523610
499943
490305
107216
479365
723099
369151
217437
60631
972836
601332
227750
543124
466681
465051
545760
354815
898633
658964
573857
840334
618953
376180
387291
257912
398874
587079
957789
151890
626258
756985
414113
888858
619467
712802
518991
895668
703092
581742
682055
258058
391503
456472
7683
31334
825616
569040
661390
447134
815534
759848
527644
746093
666160
8584
410594
206808
758585
511368
212699
69918
29694
895245
950625
854118
822291
308408
399950
343218
46835
917670
620906
430044
369986
464225
915700
993393
836379
592465
423495
152458
191195
913969
395979
634914
502626
765874
570272
835592
975815
740115
251060
689143
539992
421058
431966
293893
923516
266084
494861
194059
412288
293640
677027
633292
373663
362238
317250
87536
994953
508628
483953
576196
29478
163245
18425
330141
775689
644040
131964
797773
725937
909987
749362
950330
308654
323902
941201
285946
788990
165636
608321
961403
350102
535582
201687
352568
222415
979085
614118
711009
597875
256423
157322
882158
531263
827008
637374
510220
783599
76051
51810
713075
194044
509647
416832
481533
511928
781379
27024
584670
595158
80120
713465
976825
647919
862419
432801
309180
94187
303598
521174
483223
415313
635212
694238
710983
676796
189201
344318
388904
256165
579425
331755
151563
475247
374549
354421
716477
195120
626235
108843
151446
296936
683579
868945
324863
715755
535610
20615
750607
84512
650564
780306
77673
690492
255229
428930
534252
828654
56350
943506
271003
593947
115263
131805
850389
796122
825926
797300
582951
622225
659664
939266
172625
804438
655998
891741
353689
393027
690076
38741
973344
750473
684727
191528
781170
576005
954257
650963
991646
771830
585868
787049
373928
227766
218085
989956
251524
105339
803543
37585
599859
425607
791251
17035
42520
572367
537731
948846
974023
751809
159670
387268
427428
234792
891515
903857
779200
269352
976326
777179
349100
33079
576495
106465
193215
813990
665538
583967
483340
490823
119374
344584
822197
818852
406834
408743
761663
883257
893122
592540
423217
655182
47358
388603
527401
841480
497773
797860
675679
427493
547987
262695
55037
103295
626010
722964
774588
550639
916012
620311
936961
854300
884262
568846
325553
102319
571890
621812
571912
881932
122726
952882
569758
777446
507109
267700
602832
796542
280903
369178
815585
555400
588158
486922
860289
956081
715235
310485
651071
559218
928992
207476
125379
373117
314384
611735
506959
956137
756463
877087
148001
769905
383584
652897
371431
235744
392178
651110
714040
245583
625724
594823
125486
766085
587389
13564
649192
424527
366950
301125
709337
549575
697740
992206
85893
433551
989955
297849
168712
141308
554952
598514
939398
783270
302618
927953
574979
782598
318282
572430
993442
871875
195586
380532
106802
363978
22772
688468
615423
206279
487653
334213
921453
672878
278478
273472
875331
309310
539486
381240
305966
729624
645999
393186
622328
24180
950415
180401
642482
625611
902888
166120
602501
139051
970894
25117
811415
681771
230400
642073
545302
800224
748692
37322
557772
30368
883954
951824
199485
210862
99311
329292
415950
654910
223888
740730
385605
601679
36386
311923
137068
393554
350378
838972
964781
10889
1743
538304
440898
904037
122399
713625
959853
723923
481064
661791
873464
684770
93812
940106
489002
875202
737848
917928
218860
280856
843554
706004
934260
996619
255589
341233
865372
429704
392689
833593
619324
986563
4801
661048
79727
918340
151040
449325
666885
502176
675991
157972
955418
9077
649433
651914
815034
263313
636550
950628
7008
7640
76169
72228
551407
777480
783533
941108
601119
174712
274967
596243
219071
19313
961374
222027
228398
190570
903297
762057
902308
465194
389476
458729
359659
631664
371964
450024
529096
562444
702672
188036
21895
898746
117210
576016
240808
213726
792353
35882
268476
935050
413868
377483
68280
126829
586463
424775
379913
43096
245425
237266
156943
922824
104509
633274
606
770539
215187
652336
77619
291928
239484
315028
620231
818318
939772
478574
155492
454435
350060
263077
782821
881052
360556
9051
696590
67330
465042
289813
725332
370854
933478
150967
680023
280907
514501
586685
227912
833645
121591
336319
65969
683653
207419
476599
371658
614885
332563
64855
209815
126839
278771
109753
442341
899278
521603
202561
124158
237761
809528
24746
548220
212550
398873
892895
127831
447176
593783
525252
421575
601099
615174
286362
285864
803027
473781
484966
789278
45093
741206
330348
524161
769818
464447
54996
463473
511114
293071
897520
751597
320984
1329
265465
46525
145613
248333
510302
119148
994857
237245
32198
339852
855177
29150
306678
624538
233278
279960
111217
489883
800296
974088
311434
947961
602267
94291
919300
337314
467219
207738
661232
985123
131933
855826
942527
520606
1818
93785
846705
356004
835040
432806
264648
461185
23140
251820
513842
323513
606361
221024
588933
511335
141770
633075
595169
652715
688522
29875
876967
377792
454866
393645
83878
839644
935571
401679
956906
850027
56455
726502
326185
941126
907729
827033
327527
182791
989748
444416
613310
234977
183209
819572
466715
30107
431608
190601
562774
813324
761732
369087
61035
24687
47490
257548
251037
888866
166960
764211
580800
327442
641815
393586
985838
361797
760921
815596
505625
601486
817987
532001
449287
176729
11808
958922
988327
927829
829073
311348
3323
33963
921894
32176
930572
715846
788957
571827
263266
580328
235039
619206
609476
373695
46289
404408
557950
558332
540195
967555
81504
192802
423305
720989
828901
695435
703474
528860
900794
977583
982818
179903
107525
804348
783097
385682
604795
376347
471733
773767
974334
119504
796457
492800
827267
68462
514335
451568
27109
304572
728648
427916
717927
740168
946959
963338
272378
392702
266200
892120
809631
141297
192205
803131
705680
624255
160217
821379
424190
169942
282758
895200
938476
247636
465134
259585
57776
943122
34835
419722
844036
39861
515226
876372
821855
100756
742770
155571
72186
644218
816424
796107
765334
990377
812776
207582
303855
928520
575757
896005
900874
617682
643089
736830
790237
789671
511224
669889
913403
886367
523490
420899
372642
631646
982053
66767
701863
177548
580116
932578
826455
625108
206076
832798
976567
472571
893720
298207
316888
694079
299317
636022
989723
816630
187224
100704
830572
1149
618945
761477
90710
321983
980047
47309
178223
42838
668220
224573
82949
743179
86973
474425
258128
115381
51301
977335
261690
546846
651254
374204
138969
274126
497021
535954
260313
669930
455988
324926
309212
243812
891342
615318
589236
125425
457260
5985
353837
66463
118281
728379
4099
12872
394384
455851
728615
902488
502200
989660
685886
933509
726717
554969
560563
230946
867364
899325
536297
597574
75077
80658
302456
719219
466448
14611
201174
878480
147899
462122
461447
236781
483560
646498
657581
604193
437526
387356
787704
57861
767047
889060
819209
101390
404145
45608
786046
956550
346095
398701
827700
187393
567425
232491
543259
574666
214825
899601
555636
655065
737257
662961
879591
838118
743642
672843
5480
480174
416301
27560
774930
370555
570039
962461
787620
651664
452119
382917
225432
701847
955491
50410
862036
827903
437972
911069
387997
11354
898271
401960
882075
966784
667833
505346
809538
825525
407471
973690
201354
491362
90173
557263
843291
269568
403529
238325
655926
634485
272021
612711
868767
993839
981049
537941
169982
537949
513630
326842
811051
948506
197858
610579
334776
20096
443437
764251
53301
378523
260007
158497
125054
540214
442773
147574
698492
563607
959302
196603
775400
407717
364338
903662
32603
895344
982303
612059
371840
108375
664242
459785
405650
890467
901061
210923
782155
637592
753033
299350
636971
851519
773409
234706
637422
392451
301797
459291
423505
219830
31297
758226
785970
631885
63053
711543
410944
139966
237641
158179
858014
890381
677647
366392
675309
850354
745419
763182
483784
415330
536885
802711
967160
520445
815137
830111
122467
853779
393233
433515
558702
780961
138459
72595
957884
707761
705341
682587
204243
234705
757645
612275
731513
50936
797623
993292
927981
863912
637678
694439
51270
150104
910763
285963
464044
663412
354047
689430
913126
333013
663205
731700
316923
492654
61402
503718
304088
397034
152973
472015
12490
736111
185973
251624
812790
273992
251888
84593
772273
12118
933347
285734
143873
392432
871979
379329
570920
988352
380770
870736
177890
709031
328870
204986
256267
642140
175587
165767
913140
352797
83252
349197
116945
237908
780513
575434
729506
280067
1475
266681
761472
779587
233031
99693
989187
312393
152966
875472
475321
938178
698092
145882
563909
832761
464016
566981
749198
988634
371874
95788
483988
314717
8804
117142
904633
623653
550712
657415
95227
575344
127368
634231
541058
12064
686730
789922
714107
274780
768165
674771
525580
759413
630578
584715
20179
898524
856744
530406
290709
806353
503260
562904
108888
836166
449677
4073
897354
241896
817746
86531
299605
105062
116857
173258
730058
328807
45919
113789
341024
852003
355745
557712
945215
835416
850385
822926
496561
42044
295648
484803
682727
724786
918559
295610
158177
382951
178533
782666
235894
827923
64730
832304
916049
484036
690326
952676
903649
703308
292896
675634
321069
662093
911008
499271
532741
668967
770456
275956
223863
514062
652749
915310
88934
144540
833813
485142
311219
981275
669785
537285
967075
350028
832374
657283
393695
53592
796569
201609
865837
775897
711490
529531
186084
67157
463027
276932
313612
58176
105229
248231
653606
415226
101816
901239
14038
300115
216827
873295
275618
582118
447708
803448
466766
2304
432147
341144
471859
720485
551138
842065
492206
102471
25903
694800
563517
432993
938642
38372
724210
778359
244335
624844
483814
595649
970309
55976
966498
752437
836382
282849
686621
712218
245548
111334
497434
943810
579556
480764
572479
658940
29836
678393
501735
554919
895017
335069
894483
948418
991414
535739
287092
970106
824023
276752
16640
357887
800041
899534
830183
435796
163953
698495
487373
370255
594675
83476
123951
37641
450237
793739
975139
388888
581102
388681
192613
16816
365544
607089
299324
442235
739377
759195
545
806773
476699
747898
270211
205561
361270
82205
453213
376107
696066
332176
866305
779704
716778
564079
344969
941142
102716
5595
252247
871968
700603
935783
458675
759924
551287
407431
255699
878023
505772
947533
563648
526580
225214
481989
793798
479714
677463
193566
305905
622511
62815
788046
283303
586075
690139
524116
496739
940725
642071
493417
747175
829316
721605
296860
626835
393700
183927
579896
152672
61541
587246
708643
411652
497601
184139
144565
314861
51875
436070
233951
773154
769599
451047
156217
50922
785596
991144
557046
825269
917255
944178
827727
554814
217530
603767
31961
222229
929240
808199
718019
889039
45603
215810
992710
413770
748793
182956
455440
316309
561211
675778
975940
851863
540358
700692
589283
677256
56805
329907
320350
143513
521170
666291
143737
106722
163029
470140
259103
592929
123301
259726
784997
253969
196986
91642
304815
236432
656102
906745
9961
569185
371252
660533
640105
899572
459582
897203
906219
936398
778773
144089
871408
507036
250013
688314
837261
771224
714312
30589
830957
444547
396019
150443
763591
3957
758682
191797
266325
186191
70442
201512
660496
559494
146436
105406
587690
974858
742238
687587
68737
55869
220621
983078
717789
819505
283470
54594
217369
307059
709587
23981
739581
244203
239818
611407
514268
134663
394902
744174
853419
432482
162663
208230
139867
489537
398689
876716
232626
743895
601560
416699
924995
523952
545268
687915
986252
436753
869578
136889
604157
606083
216519
986179
929684
172968
310500
41224
709708
161328
197579
932582
12612
657030
424470
180439
285969
62840
222547
146140
500951
78884
363449
790847
18363
644314
537301
49789
257920
515825
696060
167460
129602
281714
675246
22586
418102
522026
760072
326281
247288
766049
879458
466822
458578
138242
660761
949244
529817
652485
924466
827999
223217
326981
146412
20309
206209
535963
569695
711019
812258
862473
218950
649365
765121
400518
178210
97178
249985
73613
457881
505960
55497
606234
19984
203249
169232
215931
804103
570641
316584
874644
698426
227275
623552
837269
67352
61795
383206
760507
357355
847411
262567
790208
182870
694383
409735
629601
185512
159518
406101
990567
275610
132875
76372
855738
964461
66576
496814
902812
364422
942728
802797
431435
286741
530191
991778
846178
418642
563303
917245
174068
802114
650290
515386
219300
578144
323510
31417
914641
515141
385699
891929
529679
524150
549354
378586
931907
87149
372339
721325
758975
448134
243680
306857
699163
854134
855230
262195
544486
675927
610004
118355
485938
488251
610223
660875
940078
586065
184975
604691
829442
784801
563210
567336
307927
776209
582602
907516
195084
557006
772106
850548
243055
467083
291668
658124
325868
509395
804712
341566
46207
321282
243006
983731
924446
360782
433775
217021
172056
267526
184371
975516
262319
782545
397633
67601
829857
125629
157637
946268
264416
196835
876977
528875
505643
921816
928670
126586
164123
569173
865019
447300
425240
308484
638240
227962
503430
318487
164936
547160
7153
156035
302207
319784
653488
187707
798806
855609
188082
603009
243772
629671
875476
478967
146608
609914
258068
485957
83960
248127
893870
264617
697285
616564
121662
419745
193211
437029
903149
279481
593535
102913
296908
345779
619185
748396
434066
425821
846119
349805
131181
983039
218871
811033
250478
109379
203189
527979
542936
859528
562685
263313
600181
962650
391799
185502
511877
897289
867637
732201
31709
648485
986135
333941
31740
487020
54520
996117
26851
560844
427393
294351
171841
895918
180217
958046
86768
790336
862688
172548
832236
176764
896638
567896
886932
109135
292954
611127
742880
242243
814394
662880
562605
102163
596118
902364
400666
125843
923362
700684
346933
835948
918532
204571
360971
608387
37670
45964
415556
760785
851726
42039
611519
633098
397900
362891
199151
640765
503039
139392
386002
170228
555480
44043
330779
725905
387795
231604
824440
681429
61465
566379
793947
737699
323081
368811
591925
993064
450306
496027
695797
823202
536943
683966
922183
979837
158376
59705
443496
445281
140210
131588
126241
992860
265715
850889
601788
896814
187638
375219
24749
663271
654562
95000
339090
667983
160489
817060
838385
705031
404882
128272
713093
419621
206652
877312
240857
25995
372708
236313
622410
374782
553567
774990
568477
234652
120322
803489
782544
395683
90348
469507
393264
379423
312598
511332
239222
468738
583910
348829
857716
750677
204549
417968
80519
238688
368834
455838
508336
376579
403586
426251
44321
564131
208329
858407
768610
976472
448652
759524
974380
476091
759912
564971
386925
230278
548190
660190
419796
741053
698203
942030
488900
982199
668810
390741
154139
964914
232906
992362
733046
577540
602531
293653
587207
781377
58762
331174
795671
634154
530931
953497
939001
448995
808046
718614
360909
983311
5316
390760
233266
99413
449935
814919
515749
491210
482879
212717
515191
995986
658576
959566
147250
482151
446030
187655
617831
232773
937743
40691
76118
685800
475556
370485
346820
842336
725665
84048
252811
54554
548556
184980
110293
436400
298339
32077
563882
655150
480201
685161
351569
103515
426449
432847
165703
825368
650528
493426
317165
21279
956990
841548
172614
492369
302679
78414
919622
767492
929035
712212
722393
610944
937764
906993
54348
95276
375128
927937
849463
244396
246255
755755
654296
782498
199466
210244
446658
208486
917403
493692
140025
248673
356011
860464
529519
93033
681622
985186
174058
968193
782376
914201
832124
4535
578814
388807
533680
266417
738879
170154
301563
407752
901893
38129
355955
254063
752398
516375
232367
698434
832475
966558
303610
29747
579817
182785
369574
43971
300545
485625
730545
260404
991992
555586
185222
392509
908795
505273
355554
428011
769219
584470
589139
28880
541827
947327
58050
287677
488608
504443
231969
860983
387731
958662
524464
833563
742470
511756
852504
263669
128296
116017
718788
232507
919660
365712
841940
880738
154097
479300
128757
207676
174565
351405
447800
19734
21162
886590
579128
419215
789938
214051
645980
259281
283722
29664
609930
618340
734551
948059
516049
155448
642790
61810
997535
339794
357231
173418
435293
165517
317510
249373
197568
884535
152844
841427
151307
738239
215521
638485
391170
955875
491805
333674
314336
391301
105295
973818
330647
872483
844708
437286
907360
492263
732005
160415
900988
132223
828713
471212
950209
919426
934602
274661
361155
475363
731931
251447
665942
152903
192798
570362
491491
553859
669679
17852
155755
378617
852609
194201
437749
309632
377488
915749
630288
335192
77335
683556
185100
810636
214687
610345
529927
463945
415560
438618
912902
110142
65465
13631
183214
340052
378232
28684
260918
295207
624647
243152
656216
625266
652350
539482
775160
997949
922849
42481
43890
908088
280910
331795
127311
247240
413275
215839
710139
993965
705233
496111
410991
241651
418647
959921
101986
164380
81320
279244
973341
277841
495308
942304
541013
714675
830089
142936
979596
540780
575563
934958
875156
315459
772694
948823
574445
280379
367845
549486
922316
31142
648727
386822
592514
459784
807467
785616
972294
975654
596975
26426
984745
637258
39599
872280
469869
344388
535888
827965
414263
79786
279687
406913
974339
619362
194631
845235
321457
269284
151595
76543
701302
76075
453583
959952
468718
892568
925472
359521
44858
978490
61596
874154
543801
798511
415431
341127
979691
60280
988078
147656
215560
913607
626825
3530
286371
271216
441096
692134
464779
798686
141581
85320
416223
506426
548126
354835
369041
209364
316203
988115
839975
608263
200228
466676
537267
378698
101601
585159
289107
603853
252092
658514
127396
584712
139587
989825
801185
318890
497311
678285
343370
720223
343750
325346
204373
194619
779667
539857
421016
778768
661186
797503
974990
899433
63593
310666
627033
125964
850696
719813
889786
453836
463380
321962
102288
890165
78924
2067
515374
263730
579032
398501
453287
390798
872292
803285
369563
274080
169521
160872
261263
264867
646899
657706
504086
6063
967060
28436
555207
723359
584976
144282
560998
201878
175004
247681
165961
711280
613788
894903
607653
107208
409200
605843
448180
296624
108304
841803
947250
208154
887850
544581
279196
187992
868955
560408
759137
191784
3477
59666
872153
421167
349532
853609
775547
803396
349120
108279
600453
158204
490217
517188
183920
21093
909006
977362
216846
873944
678461
349921
159015
789499
724365
165385
201352
557491
385032
758658
601408
405432
302538
618
155569
119748
781652
100660
436673
432760
361373
711030
168590
542878
886206
344107
683771
722543
798654
934230
425023
122145
890866
602677
507318
427239
809958
936515
800893
249833
221249
840570
396680
529521
298284
484781
137729
928879
192561
430727
723837
854438
367607
474352
460921
730190
651133
307346
50220
553851
772579
502742
885632
582345
749774
955623
243611
736226
893879
624496
833272
469742
872317
449005
480960
556059
767517
123640
662959
193366
973322
664435
27155
372092
168278
590459
507715
87324
976228
351179
197913
215397
807030
832198
179386
643700
708390
2123
588538
802954
510743
921925
685464
45780
214753
10891
785496
55613
899960
38833
845190
229994
875788
667545
970377
690019
624829
714105
37669
252825
506226
115992
866551
731313
906470
614467
371970
984105
2246
718238
1898
470042
539878
978417
435371
101680
713548
111823
223996
105054
179071
868820
454405
83291
857221
624619
895474
312580
215346
525860
488633
260610
979132
50781
694154
157929
350221
333226
35152
591817
143201
524698
335456
119314
950274
331124
857574
615777
894658
322498
629800
60136
85500
397736
709503
311112
698141
594302
346576
520241
163064
562767
125468
856854
814570
304907
129597
721951
818892
754690
823654
612039
636209
927156
172057
59461
869689
146709
18942
364632
874625
830066
97425
999953
290514
637705
246204
477122
100572
697783
778449
837410
647018
602138
951937
669284
806049
803051
823602
671213
743202
887969
2435
970833
405858
758537
54198
50182
77114
257463
819657
225262
564274
147900
439059
127779
398860
59243
404343
939701
393409
903102
531604
898570
194367
839656
438151
902037
586269
106448
796433
436889
871116
39900
221068
631731
678844
280475
925955
728806
915349
516511
508894
231822
190373
867354
973634
927251
638434
91998
992801
76675
180151
679687
647859
548259
921202
575557
83542
116925
975793
530621
398700
989967
205726
758993
377846
115272
427404
537411
391232
326780
898012
416732
572459
66986
313132
160712
185248
80144
389568
873514
250640
894767
376354
865315
805629
697072
154688
737650
990519
136852
658342
647703
614156
462802
623920
530230
472937
765175
642047
718588
119666
91849
802495
240966
29595
84652
668140
276723
691480
301152
446468
281107
229758
457338
182288
746532
545172
466644
854648
613243
792789
467855
685205
505008
764723
618866
665214
746851
825005
510576
549301
491340
930114
607880
208273
441430
530817
187983
666459
102727
309468
50720
29100
563569
331388
621380
447250
721609
635508
882613
335371
169054
656918
91989
362208
46140
33989
246291
341320
771684
14375
653536
453480
400415
580336
95059
627691
657084
862234
334716
367185
436312
738389
678509
858955
486154
61160
81492
552583
790539
486095
207250
698451
593959
666423
721472
258900
763132
68342
674965
434612
279349
674471
598100
233792
298633
748376
360112
932750
563249
111787
244074
840640
471679
440076
895743
803488
759403
62730
108307
835486
115646
12286
416439
252206
961523
844157
659198
461527
362382
705894
144299
496692
229212
255845
774783
287753
168728
894516
509055
342526
467827
388790
205596
582106
583447
892179
787799
689641
432833
263395
969442
213589
197081
147268
638495
290026
554394
420218
601390
931104
313327
89964
703076
515094
684464
894282
630998
632737
215173
227946
571167
107818
121574
697759
924996
268764
158686
919189
76631
862223
132747
612261
482235
727983
766065
308560
487413
254179
987408
944668
294566
579839
269438
248707
896075
845028
710902
723796
469871
815049
535877
27900
55511
720099
919402
999412
340061
128748
286825
205310
39947
584887
112877
443605
952441
764919
655028
285161
350213
373461
289599
782523
615758
168058
564521
598895
864328
320598
778885
602437
984454
223422
492355
763280
330956
423577
874804
276894
233653
560090
345502
275743
624283
974531
627470
332342
281105
51560
880140
121822
307013
939827
575930
10213
264065
541830
746615
736265
546098
968945
388563
663242
205951
756138
744260
713094
182528
433424
422941
159437
183472
245227
887878
432395
132063
928881
754752
796210
84396
239675
580266
523726
517860
788411
415334
124966
367500
878616
921522
18150
710415
153354
282620
73338
417671
43006
919755
29772
813720
171741
16554
382994
177848
416439
998417
943148
775876
463004
422969
43918
982985
761331
150017
253228
95740
436248
480948
20024
413825
400249
538675
661095
866337
364314
849203
166536
493110
674636
733539
623601
793595
323001
419783
792925
183584
515456
999155
810038
924864
205168
411188
274045
471102
567834
385441
616121
632118
883099
500350
574254
87469
497406
491895
22204
272830
574694
822742
952864
389428
427068
133234
108136
368790
929655
98084
6379
971490
83119
78758
27439
864767
726624
42344
4281
8799
587927
291501
2109
807606
507407
292983
625220
54900
414902
476732
816184
969893
357450
276667
455342
504826
332241
801866
869678
454571
395417
358369
745956
668586
429089
846856
259628
445994
980097
125251
224570
538521
799102
350229
376952
12289
258157
546702
820318
929514
512646
671141
305174
925701
186638
146528
69682
899503
750435
41777
439568
19452
261801
44536
166274
995898
137875
770001
896751
210516
371354
607097
833263
176147
283066
938884
954709
433822
618069
222191
953143
701063
140722
676650
92515
607397
509902
33115
600011
388291
570410
115828
616061
493072
907121
180862
850263
219832
22283
334455
783433
639301
491720
686022
124404
569985
861473
619967
723201
734832
708115
673909
817065
688660
708452
344980
386999
378139
170632
347143
856305
825477
584889
306789
387907
170962
9670
431787
268986
354762
48101
949203
332549
183368
820747
807627
826941
765659
649742
69095
862199
496803
247009
195261
242282
768227
817681
593788
914911
416452
928194
672443
987695
273480
230389
439876
825407
427465
882407
360166
568426
998169
113317
160369
670693
273064
119046
31665
530391
486760
304492
606491
930744
710323
19440
471734
541980
228323
590558
521700
429952
188227
639138
568533
91274
329962
748787
188623
216527
365707
995167
736399
973078
948391
820820
671762
492316
982757
436881
184840
707161
642641
416235
588495
540113
904276
9435
852376
486459
777399
505501
460980
110759
697401
87786
326866
346893
178426
787124
269686
346036
264727
874780
105900
927228
692420
56508
584912
995911
206377
459615
336423
796247
89980
706539
210719
558842
326083
362279
132677
869770
863665
339676
657226
873770
143837
805687
874785
467296
49774
747608
241175
908889
875315
566693
75677
897164
26192
138157
722564
716150
571097
401838
743605
442716
606260
672386
616474
433405
151465
11344
228366
506351
919899
182170
860788
460456
650959
378553
843018
713307
683517
62445
304849
658700
44655
271750
876200
512654
105624
527788
776248
809114
429018
44626
901897
563511
86852
104124
798503
831394
466473
384001
466131
70030
121297
720502
102647
688701
519123
168476
578449
827736
699290
753939
713904
822299
975184
297865
180383
938142
143314
47966
866850
139750
419269
499008
202811
524184
930400
968332
436170
536333
404804
693796
457548
605548
203389
797011
953536
64441
88807
53178
23997
49527
832678
346853
11856
702679
792403
643114
927555
498034
562337
707057
326923
549107
160297
898783
569504
279518
236525
629963
125336
411778
727515
255679
955474
289830
517539
25451
728724
193547
288095
782109
147127
46792
733450
685111
122230
351248
120146
29481
801535
987341
496001
122850
471856
763700
44109
338286
536580
963019
639197
340825
916144
517761
375739
691793
407450
592350
979070
880523
911795
373947
740632
703173
309541
520588
46542
508279
745635
606873
195900
227042
64269
906240
31783
327958
483228
357927
370891
165373
183484
548298
50857
767544
157253
175301
10307
637982
314778
351384
607252
400541
495652
193533
593358
116727
16300
402800
908285
857915
501297
753746
621681
175650
805443
748976
821811
264042
247183
490871
573195
819392
248638
894737
806137
211931
268898
643920
838257
914906
92514
281187
941871
610208
683098
176509
480862
834040
459670
463052
781439
636434
921178
430185
763131
450750
559700
263968
746275
251170
592300
337777
692071
863949
269072
210983
209043
217497
490375
63697
317248
922291
693327
348441
971774
710697
595106
915217
584760
583931
40596
205923
652711
845654
641209
45241
888013
928831
129447
367487
717144
837111
346219
395850
14474
773639
24752
610115
263273
558175
430402
359944
945865
262698
865743
986638
506474
584048
230191
729642
696535
734994
921111
754118
599059
581536
19895
219804
2638
912508
266051
830287
846428
974047
434274
449385
464688
800329
462967
406188
237409
157909
459574
929911
30798
672335
493718
871847
533102
525909
594703
638036
802636
909872
389219
100473
24004
878624
969550
20552
655046
287713
177424
347016
126758
26119
470159
87787
430834
882022
200352
542964
685118
918154
461337
771341
349956
947883
260974
2161
64392
146466
530822
794731
871988
839086
825378
217441
89734
552981
611386
123043
315980
36495
670537
810112
367228
581015
484993
909931
172104
21351
487650
403881
120853
51455
950708
978301
212223
787684
280759
122667
886665
388491
355074
393967
202105
232650
173731
897710
871200
617894
310299
72380
112764
34686
190623
508833
337322
652740
126588
833471
313273
175047
663586
139426
394790
303322
815993
830520
32700
599588
79596
725399
388731
253937
422244
143266
540484
76726
453103
80840
668865
116108
254909
230185
588864
214003
785747
58035
245036
595637
906621
143942
877960
313072
269793
866276
138324
944097
614692
214973
541375
436284
842939
987424
285686
623992
126701
100602
260170
387109
812750
850657
93973
461805
702877
82373
911180
774262
561428
629138
343279
143210
560234
211546
235957
808204
699169
775795
639281
891791
477598
405510
33940
370073
155422
397996
375133
967079
142912
733766
503466
713006
814998
916835
185408
336470
247362
481612
881932
997234
491981
400671
712348
828614
612937
909807
596423
630926
242714
551626
870120
790553
906617
999002
218264
659376
157827
630640
809146
141192
212232
154449
501923
531649
650872
545566
814483
247741
493980
280611
738733
946493
518729
121960
564119
240099
185805
936665
724431
622624
324220
662813
82078
26526
734701
864953
387801
107244
174631
271186
505758
159754
494383
178566
644941
472256
435975
293320
571128
436197
259200
665018
261337
620737
355606
436631
160203
337262
94259
386534
43235
826616
477192
212269
959000
267102
904983
190939
292934
393003
79286
486778
615843
80040
900827
790265
155681
811700
757498
164670
459823
686697
142332
259710
695320
447940
375089
977379
720359
715381
797679
672009
549161
175732
350889
208401
903409
540148
495707
672190
980719
929149
941033
116776
825120
830494
806032
222998
429442
386587
666169
632782
316854
698493
192969
372310
64286
809053
486401
17952
489087
702437
21724
376424
298964
353095
595502
842985
542788
81005
730185
784700
765879
955435
667469
518744
620074
905554
585230
169532
639552
676459
740137
425958
528907
629089
374373
849251
12659
172004
933770
48771
924870
981412
65836
535399
672818
287754
755306
376705
594680
948552
86532
626091
403133
520538
34753
445312
530641
893492
73547
268994
378255
701094
305284
213126
67696
145150
306891
247314
88634
467019
474015
909892
734659
670913
799977
634300
412619
664622
659218
469899
283922
478418
729552
996145
576549
208268
785940
686982
758648
39375
530994
326251
51463
85466
579616
770236
59277
15049
667065
843498
71504
437745
983543
208120
843948
109545
120515
638571
897856
483755
230643
445826
264901
638423
30328
436583
7084
733480
826434
669503
819776
453998
774756
253398
540112
931191
590569
378899
189757
886436
186755
533157
347181
597940
196704
963357
967875
964894
819702
235184
200034
64119
524683
92898
899804
652412
771495
117230
876453
514968
522601
909636
648616
501486
796628
153618
524610
574727
574736
684067
593897
854358
494880
3702
65335
363456
499172
774644
441055
70229
994737
652881
525411
962591
663359
107495
186077
976880
151537
507023
658983
529075
210871
179064
846815
606654
71652
233247
106530
961675
386952
95501
488937
688375
234784
323831
370428
233532
454131
727426
143185
228266
279818
393674
101826
298379
623526
314988
100663
189697
466808
172529
346230
213156
700859
769429
448324
392339
661576
83761
901487
679606
974491
190252
713836
441746
958911
594594
610108
57449
184087
55141
24810
12515
360768
825616
66059
400374
822787
485100
43120
436211
980974
145758
192270
392853
215275
858292
117563
184758
336495
476929
348485
936516
181376
336330
282918
434919
465564
627356
510642
893339
823122
734727
636375
499217
383184
177864
272151
900604
843328
387214
446165
99155
825810
902589
338740
244228
809925
682622
859909
969284
113129
602697
288808
305466
853955
340432
985576
9515
84502
220591
318583
190023
78170
290521
10158
861607
89914
806120
41334
316613
394584
954850
186651
859342
629164
717212
956672
791193
893105
258095
11
411526
527119
22867
375059
855736
635146
239382
590042
34075
247953
997599
51699
38234
828517
433324
76952
615069
750492
516220
903271
259660
746470
580662
381356
573150
406400
208291
953845
32044
176217
280289
470964
531494
120070
201627
116441
567937
305623
337176
721496
983709
365817
142110
332745
591763
667602
245146
818359
945104
934174
207338
987855
967790
147850
882950
164763
788688
39573
110270
595091
764009
963072
171929
270962
459748
982850
23172
362112
420916
907088
387903
560372
877018
460859
223508
225424
376502
179634
465185
56391
560495
401988
700202
987497
900199
933682
150744
730649
460440
636269
530691
605175
940178
822324
692324
142881
801033
370210
811117
262420
51792
994310
404149
81878
207844
568081
677508
450260
122020
493618
942417
558088
273200
280700
522362
257688
455461
385988
392292
400901
268135
315975
513694
867544
895390
311555
604713
614164
740489
140575
634711
412631
254731
666800
6342
639885
124031
136687
199678
554206
166943
572372
925187
811839
43353
863253
387871
823633
588241
202071
164600
803455
674188
620951
647871
67711
627759
389976
836999
321359
393435
962210
858482
620474
939472
346392
298569
161279
727547
422657
944454
573638
653097
245326
110166
198434
804244
169718
912495
172673
844501
962349
491116
933158
611242
486386
831245
702195
523474
864
363246
478323
797405
434939
370842
931869
516022
318344
223388
811218
866159
931105
741739
330131
813072
346226
451800
26300
648742
677225
33141
483245
881776
519560
783547
303357
829833
697416
3426
707090
970520
395362
39522
187200
308362
566910
618412
674479
257318
544053
349230
270431
530444
568872
443712
137732
637936
601022
601099
513273
854097
987784
120155
914153
674150
575257
343106
518610
64094
837453
483281
822490
951842
571839
33608
681125
621420
165799
356259
721382
670555
423545
729752
684954
384396
923942
928655
767008
262292
397571
216855
862116
336870
856714
989972
22073
620465
896771
393314
675362
52563
682876
397650
373692
841780
273419
794686
830065
966100
584962
341676
418760
858839
701519
219201
812109
132703
83987
804608
121987
42724
972528
751983
895695
898478
676612
231330
371777
565483
24159
865502
69086
62318
897104
823813
880167
489458
743676
40780
386675
488257
72185
127332
153266
185662
912296
962093
217495
514477
358681
937190
252054
509167
250481
668741
457958
452080
459497
7532
803833
826083
554656
506851
498945
258757
264056
114774
341599
554054
246034
235052
481874
108167
923149
883383
913023
542348
482154
479635
25479
715992
64478
143707
238434
180276
327520
132196
19903
941129
673717
389832
234218
724931
13986
32330
829265
309577
792698
840987
246269
711382
502794
531612
943323
607343
2238
118912
20870
541842
335771
180710
331716
71626
457695
470195
221015
566039
961544
320909
294356
371577
202367
425289
693077
82457
845550
220977
906770
71223
362987
464674
881066
952266
822254
615965
891073
926839
158721
794911
899838
388430
956028
204718
616146
392867
499623
424362
510155
406339
592680
175147
16121
198999
68154
40971
967494
890731
617394
965689
719742
307817
974941
727585
981114
850173
547619
985111
991065
996537
944249
831947
442636
38775
5264
792994
334306
686876
226880
37705
444547
601119
65184
285789
77410
42406
810749
172864
287558
792301
498804
512951
420264
221975
302549
400174
945423
989990
224083
270651
58646
767080
618207
984642
369955
141150
230090
81958
380837
56589
674525
484165
782217
57034
592883
301602
900917
235633
208073
202298
330534
531453
863468
614164
851432
589307
956940
203986
356364
306364
76378
553118
15901
955590
628670
412512
68858
823883
183775
916854
597946
338494
623504
128624
603029
217322
652466
294190
475200
586156
514282
469342
10884
486386
901670
439117
69615
921631
551078
778701
810658
635480
761995
721818
380446
972013
272019
455961
425256
581328
491281
509305
309395
7383
805077
772940
385660
477000
679423
901563
91026
434599
923248
542450
180710
278146
608706
376563
850131
814734
2443
222148
914986
914193
35210
719516
137588
431455
323492
719448
576194
610106
129920
407176
320136
571922
354385
690391
844343
722241
317338
426333
213972
529668
396691
850911
590864
187410
449746
626343
405911
225929
819644
715647
151591
207330
23482
240286
704684
57598
136960
621872
553046
895192
990738
204451
793814
940672
615337
510048
508147
644457
240097
464742
653695
839465
918997
369014
186054
112544
223434
143409
852627
785026
365740
961052
44712
739894
279420
852088
864979
590054
516874
648553
200372
773953
237673
919014
561089
624820
939287
3926
34751
809933
516326
284746
648286
17520
79530
138240
571877
314518
76780
498191
280828
419686
347164
799264
630396
480155
710920
386781
259316
851376
733291
788109
707797
423008
253458
178709
996091
141976
950617
6492
128207
58667
146707
529104
843432
71107
705642
333860
936828
525987
950105
818261
577334
885384
485791
428707
355470
463813
779713
513688
720441
749076
788816
413221
706338
767598
245563
59346
236649
493715
943790
995373
535470
807442
781794
552653
856291
139468
238995
947052
291105
600335
891007
108762
924544
214370
956160
975279
463105
413080
166493
314909
559227
170443
826976
845031
997000
984623
93735
444376
339581
938231
770805
960783
330655
839087
876886
245610
883104
725715
995782
450326
349538
211255
123150
546355
240956
372623
932311
631548
48567
149948
496876
228191
908137
837706
739596
925875
260986
577590
955811
331217
405172
178100
832317
994187
556278
184516
766705
354320
94647
300518
123560
440527
479869
44785
236786
742883
754653
169135
758697
984983
890442
976769
57430
742672
137723
249527
245326
141179
912524
619864
730878
791656
410318
347725
439931
940103
787052
72743
687321
169252
960725
944711
731761
559890
952106
696202
143309
303769
982942
683836
473169
72786
682107
876064
202217
824404
427384
471318
894292
15832
892307
866454
438723
541801
582593
527531
64941
631311
603079
89738
128733
716889
52817
141022
91843
949269
859438
42914
155004
112366
304516
776840
967902
741054
606357
370078
324850
100866
38334
33008
355512
698982
30727
952989
391828
620338
274930
466390
881720
937775
33106
966762
687365
839178
396226
316238
785289
923808
432101
712666
870902
70491
784505
133026
727225
690539
646987
316694
810137
48694
570459
923177
605143
977234
19809
993807
830829
784182
136093
391137
926075
524157
883825
411963
495046
487157
449124
341759
647218
121782
183266
6872
484403
784384
896231
606391
681394
590316
188522
278307
602411
623011
967689
296844
969475
932456
288790
405786
455265
267258
36290
194015
691596
618876
753801
602031
904441
647638
406700
66907
965337
837421
577328
494967
984255
102154
394284
762928
411585
909585
62795
992999
963234
914252
988139
459601
299461
175186
3344
894572
514257
914383
18381
112606
682198
46461
323976
161165
67825
982869
496429
880806
232105
830200
361457
976866
609213
388856
265935
665811
921293
971830
625103
583570
706066
842267
731820
36386
560435
679094
292872
778805
938425
771050
323183
886187
129225
359353
199897
779234
590330
914874
286698
26095
12892
14947
512843
39047
532360
737759
459280
764379
164982
494645
980625
390367
298865
371796
77345
547351
47332
548579
341308
970994
527146
372303
400777
274729
343907
461955
901736
751648
643041
694034
343739
71429
21488
827214
854783
29206
608511
129354
6613
953365
281981
50596
547578
74489
379310
869100
305668
616932
11156
449965
579392
225555
490427
604604
354754
589079
195824
524835
430541
843500
484914
563130
97495
781002
675864
973253
227812
284580
295195
871880
199060
360382
773807
381602
646399
202653
280694
845139
479753
320331
322834
20339
571644
648767
508767
195080
210206
834103
146104
702947
888771
540017
574030
224729
198249
623927
937483
643315
916903
210014
23016
572877
968758
282885
440555
870776
74620
983528
945520
86135
439334
566524
989946
133369
506259
179249
166065
752325
15765
652793
411880
192937
488300
708864
228757
548936
719023
876677
999544
716186
187331
35740
729544
222152
752370
514623
332479
700628
311247
791989
746604
521838
126646
808258
35153
360172
497837
659713
979368
448248
642465
605146
3797
758569
908528
504401
897689
61045
780069
479299
433260
887817
633919
492462
574118
544261
938604
486767
146015
397694
728696
382422
161531
671337
67190
806664
536194
927320
753170
341299
943094
883448
632927
107266
431169
236119
695836
767905
201647
203571
933574
234984
687249
801662
695834
18155
336846
213331
590562
373861
154086
828582
179588
116500
998492
866221
172991
786059
638585
554126
583187
428166
686837
212346
87671
83467
989869
511655
788311
68939
452031
743041
436553
602176
512590
226084
881723
223193
36893
263807
225886
51434
90418
469346
368011
166699
51623
692352
824053
506039
478186
689480
353652
941510
221112
369412
473569
800085
482675
355090
316230
733437
707328
185683
709432
686718
792774
304153
64080
322201
895469
362221
469391
658401
137168
920313
216356
931914
387190
122744
520151
641623
453856
272024
429127
427897
922739
973811
813105
805943
935511
597448
868470
823897
761548
421016
873477
955110
814123
921680
943020
393361
221427
336422
43832
560948
28708
871304
813233
579032
381196
921146
794889
615028
337380
414567
378724
23453
571699
291570
61511
443567
717440
359173
165269
509210
709111
577147
798814
82133
410397
192601
41587
39881
937790
29401
816864
127593
641462
844755
444651
23291
720575
523443
272242
536981
86600
995594
50719
426516
203098
575290
814945
43934
110966
729816
528377
452002
362538
421199
782218
998450
885611
388508
938411
611926
372188
56643
907888
514983
140257
424082
273308
82937
813373
955336
164897
520237
436306
611260
263864
416116
192706
374669
617661
280313
295718
231315
432838
631966
934650
618924
330518
266100
200547
928922
182200
702840
322160
455592
834396
673153
720934
892958
730937
32301
559781
247751
732741
938069
464085
528355
480499
389724
262687
287674
550605
586539
127962
124543
905987
87207
903292
698680
418800
356401
304213
624867
550708
491897
988530
795698
641951
656789
111866
768623
142762
382082
427790
537328
102021
885955
492625
929566
870759
507277
554012
281014
395847
148125
140809
106481
350529
778945
59474
243588
643048
140004
492405
180292
715726
214091
281805
196592
877931
782647
208930
317206
791030
209385
150257
939111
988055
306526
455852
239648
598223
397354
998855
859738
630194
701755
62669
666923
113970
554843
595860
986660
866840
196554
229447
837895
32250
571932
949640
101025
435566
467881
288321
698208
644514
664917
845790
718946
516468
54735
452797
793874
151465
260735
365710
922173
610285
894892
605216
315689
201244
606059
429614
409166
343987
883270
742107
72077
787944
857636
402555
536257
6525
550520
875061
971157
422745
97948
330239
81332
398713
566627
590589
916548
317405
659040
148818
217959
934986
79541
388151
938175
447235
35976
475444
600658
84886
555297
590832
263283
502827
442668
107841
645349
712954
920761
260150
779721
475880
661263
419821
543042
577113
312608
669310
537018
484406
531338
714141
435305
556483
265653
76587
320644
773586
309457
208969
782107
365025
662499
197678
694774
69676
560993
540365
690115
780724
623602
375062
665972
627466
803884
391851
620447
594996
597522
937764
62077
594074
872777
497571
89173
645904
960887
437052
451628
490434
202288
28520
595618
942539
346971
237488
171161
748983
935709
676985
442052
505131
406321
115355
493542
822739
74985
776954
156678
745953
23943
509721
974138
958621
545966
954513
584883
974522
447366
359396
557771
811694
881955
476924
30490
555164
362964
175415
552933
289205
960673
419665
57311
555897
298447
114439
234027
172095
710248
722779
824107
174112
792670
174848
801859
672523
232735
484566
352578
500067
903753
157209
351264
824949
36481
19982
346596
530621
947606
725569
236012
292191
668209
787512
425783
336663
756875
513708
871277
634329
35726
750305
704815
900721
439393
816250
777058
858472
112392
533760
152556
164890
729763
782581
54191
792743
951664
806608
83677
268233
211303
360452
941537
120638
815164
414540
340908
821251
965286
259332
405851
852015
462876
491286
725268
391441
949417
861870
804615
614369
427295
166431
758648
847686
421321
40585
645193
18005
54813
195190
766470
12156
301191
790002
876837
379731
521055
258966
5700
676842
203292
196124
686158
618741
655514
281096
446806
639749
561752
849238
784666
214664
868102
742590
779085
223550
65247
69243
99961
100328
656490
916857
915931
163114
894526
564476
828059
362061
100520
776326
294007
545855
959313
659360
335389
578869
668833
988369
896332
782165
944914
196585
781086
289797
529628
774096
98460
600994
413656
615927
327302
765093
606377
280727
599893
260375
932715
371800
855996
433273
963932
635793
596761
871470
2620
30976
895957
790983
883983
731836
74228
178455
23774
351794
598990
383364
864531
866123
401013
730080
200908
634336
923422
873439
429703
776413
420654
87452
288778
765507
549269
97814
803212
546843
451975
353445
256987
931262
590311
477661
837033
987619
118105
714678
397634
420808
382391
894053
920292
511646
584551
950251
524219
11977
238095
797669
976305
241022
956439
850748
140085
402715
474859
830115
104258
973080
360574
349843
810878
388742
13305
889870
718846
536640
363370
429726
764406
442772
841382
248378
748350
92835
376945
636833
581422
810719
110760
526139
877450
795770
383914
254069
663863
65599
676039
914756
562166
779406
595929
830418
379115
965708
453800
218477
923708
50588
345055
576501
566006
830229
529271
617678
906021
886530
116102
930045
498965
26343
949647
448929
325133
439545
36846
65124
479934
905262
416792
104859
229600
138368
511479
712654
343752
571725
774660
414511
556450
696675
622647
544771
470097
375047
868987
185187
992553
867595
411235
332346
746087
995253
328812
67906
58490
678083
330295
559040
120938
929303
353605
540983
756043
928965
5279
535567
2375
794287
644978
804885
726032
115077
623507
961446
466729
84734
943444
2476
238936
523416
255366
935943
585940
800630
924281
935720
533889
256957
367535
206880
512114
536633
666862
970292
296327
939251
133193
800810
562223
843315
691328
254075
500762
655019
834661
732783
654515
927303
170549
555219
146674
795412
846115
471296
304872
876065
258171
864591
727360
322464
996327
267733
710294
67965
689564
433314
371494
312756
349123
414371
852961
720300
921746
941746
102360
227525
291538
166255
660828
808107
919192
803108
544947
472540
693383
11838
920674
127411
41349
686334
224378
93437
209540
257603
421647
359433
745683
699408
77466
227257
288460
955572
848716
511776
441478
579136
220128
560508
294389
940150
326746
75048
131635
199884
68066
805480
568260
636951
938082
22844
19760
711980
693554
757727
578943
827330
483411
827704
784685
435808
634946
597392
801679
298235
630154
846149
226732
676007
946698
268328
725192
323349
389580
165306
677536
420636
804160
607821
396719
375515
250449
686601
827359
150228
123263
894340
407073
236242
755812
926297
391000
23648
779279
210084
817820
512814
988042
79529
289927
424908
615091
558785
690548
311809
902074
432469
953922
21059
196513
419384
538382
175534
965632
129046
454680
66007
736904
94094
818660
533626
869171
71378
695600
45272
439241
505971
668708
564375
458791
641532
515305
163406
927309
801889
505423
135153
314057
424389
684453
689825
227742
217394
202513
593641
319574
636198
531622
175321
308928
818635
556791
767866
277051
917963
79253
628730
454630
551417
858075
316385
683817
248956
667520
332831
94563
266130
928014
338907
394008
727385
457036
810388
217978
532611
78743
346243
6946
644579
198474
388539
565018
430891
306027
596790
670733
294757
450162
300892
922146
133007
465968
138938
926173
978976
507590
829506
740975
75888
862945
304680
342060
524686
827620
455421
851155
353108
307837
736889
125195
82168
562867
801025
90985
686957
801336
365267
990209
685135
932097
664055
804799
831575
193851
386941
903478
189457
182024
842820
527817
955573
405835
129029
327970
561612
931598
514223
926479
870834
422091
403908
867289
274994
691786
296521
929534
395780
695035
967019
213335
375204
534330
122689
320190
360960
652704
20793
70846
696733
199626
205624
667988
334474
936296
694543
640559
522102
393943
553679
399594
531253
66316
124865
351738
830780
644404
328572
672273
493944
490580
573765
476317
720569
633785
864579
273574
998157
460747
415920
639645
492906
298233
698318
353318
311739
36057
860789
87901
291654
766569
337929
349049
565341
177683
21514
99643
492521
943385
749117
704148
813612
773956
703771
501341
476420
424629
578782
327140
347016
130732
384447
165342
298783
327657
191482
882507
838722
573020
573319
333099
257668
826131
732241
22050
920896
914206
237945
29309
921322
552229
497749
673433
153083
333254
308071
769566
746091
257877
872090
492861
384410
367541
255930
276859
967522
676181
525107
429194
926466
174953
818738
402992
287665
469890
371579
573826
873047
376647
221084
889091
972725
611475
912492
842236
454653
743306
261328
431739
361070
367648
258881
856676
280681
52472
768725
113766
222243
176823
43493
448145
516194
877237
506139
613927
268373
893514
159909
659398
620396
850488
96166
21820
755557
892679
223083
788447
777199
92170
58400
44928
267985
718631
16492
387225
39605
614545
728735
917533
731574
356486
142559
155438
622229
965363
589443
744636
423841
423822
275787
516123
704188
228533
494179
349773
649856
431368
382466
772787
266374
465197
404060
40417
448600
412924
426157
106411
672326
970406
607941
436489
351833
673639
312650
591602
612651
976608
946388
933840
904299
659766
229796
567610
350334
708239
257224
639269
537677
771550
327403
260551
580446
920325
26616
423702
791874
738037
557064
316858
869518
555865
242077
735768
599667
254918
975801
433984
924336
398643
401380
49396
27682
901327
759038
528459
380388
34869
284242
585880
636774
524440
188255
566779
984539
916366
489531
958889
411137
317838
267962
909268
541788
410246
285479
901208
293771
709336
598541
39438
510899
605596
370752
717020
369753
974358
407356
378710
100102
378541
93363
963246
788179
124577
456290
712952
335550
890324
287456
99011
206813
305611
627916
645229
217125
123338
768465
859265
862159
684329
995513
679348
3611
535639
423137
548233
521202
694817
50966
526371
179031
34007
885502
256317
246785
372502
426271
387304
571960
978824
751824
827617
163022
582001
368430
347120
119891
158131
224246
534831
189948
458353
116263
444336
550450
10856
280145
453281
339354
529481
766905
699281
15521
461435
104972
525269
408672
268163
846602
998727
292610
972305
370889
541618
21723
843471
232199
521781
864056
709448
608016
351214
209739
586633
707136
433102
885932
879972
954246
309388
155300
801564
434941
689992
114645
634493
52729
406032
319007
938763
270317
167206
260698
81274
973065
40290
462591
721710
449585
604186
497022
161077
807032
862778
379414
492831
311295
194539
749435
45091
597872
956462
931855
486653
654978
874760
145454
563664
10200
7775
21910
247078
787386
828639
157643
422094
432695
35105
345492
718418
922902
432945
455017
589674
511627
74449
736026
659569
128195
261542
594577
202889
276337
982791
303799
90035
414002
742301
882773
353689
972142
300286
62508
42650
917367
257703
380152
131034
302161
494199
447077
334404
863306
27751
206912
741875
827558
386426
624781
588691
205703
485491
716123
609113
364386
783029
779827
695705
943329
451345
628845
137543
157658
648086
40826
539321
616330
625942
534434
568002
126290
207780
595775
34509
573934
539436
899151
413317
769281
709700
454828
89311
105389
446322
189330
100918
938509
541048
511091
212628
148871
59485
721424
471936
217882
376050
846243
447090
998930
785632
527264
638827
863231
844153
295238
698211
397416
537764
226722
97121
752423
657790
320053
539047
850222
815113
464668
639230
55345
688175
281464
628109
799066
119565
955235
915537
348677
129452
932371
235835
964143
461076
731516
806657
538477
827904
991873
715016
422025
139244
678757
248263
37774
781836
448859
796813
73739
494904
516371
908011
859135
954174
184260
204355
800548
305979
685703
712915
989062
581504
520525
765746
782797
377528
695968
160110
660603
623699
880090
24332
200069
591077
952617
107327
295194
913002
627398
645059
650999
53481
303031
806944
653993
383779
219099
859730
705297
329129
308597
823082
103126
100867
510773
823283
159553
774081
168848
490492
813504
481558
344270
513947
820763
3548
859490
634486
870526
838506
656323
912653
950446
656331
376026
264109
777573
345144
840192
572113
451190
673085
414894
877850
440620
985415
263363
523143
149856
972543
340422
637836
641006
123055
814806
969489
412643
93123
329613
127381
766070
905822
788455
324115
10386
851996
383505
870009
550729
390289
239296
325728
866579
511054
285333
263411
161310
78827
196589
635510
175262
252908
332997
329518
318830
213729
513179
27847
24910
436673
183800
526095
527472
459129
663554
471892
878051
598836
689842
92187
499932
834757
769995
619473
677077
815042
885410
531243
361595
397738
274623
816750
81985
103069
309623
268613
943728
888865
27248
749554
164836
880168
86532
237792
459199
825663
577295
471150
472038
914663
691299
816064
935653
786300
47324
110033
181351
232200
743050
321128
525171
639543
673691
572387
152113
730069
839883
108947
749195
332195
74226
54628
501663
541269
148431
829700
362065
38656
309604
141290
747614
569222
202412
37640
684856
567879
580887
401385
60910
248373
40223
682407
184120
634163
228959
576781
645191
801386
286514
847716
634827
510934
573142
276308
86510
404745
375853
246066
543889
502549
284312
142576
10931
167420
117773
275577
495705
158533
404688
465206
703086
534656
439890
809483
424911
221681
802348
607089
927767
966035
806352
430637
931505
132042
184631
233987
704309
455805
954073
864456
926206
701140
817656
552263
763160
930060
529979
952386
695714
913764
689884
959610
578150
792227
129004
972510
165118
316521
248606
939234
537638
720103
684
913110
545171
738894
124113
653058
991
525591
2085
282383
337218
730435
959574
487619
970101
785399
778953
91753
760680
549541
232997
39518
306142
258322
787288
257286
834550
930483
550012
696716
270442
737805
421310
358407
927692
580560
665014
521115
561144
577403
547888
389104
37676
676576
743181
174385
176374
735449
131859
417222
771486
265977
820385
171889
689416
186964
820706
489767
965151
945145
378685
681938
811766
980418
515080
868276
291839
453775
458071
86549
472557
745774
997619
41195
643044
364723
780539
565545
544580
105648
555363
616858
691771
997267
208531
582825
395711
79022
403302
407875
292106
46568
162394
744969
527299
175090
791940
555193
794030
761819
846776
970484
546358
820518
813438
591766
669720
756036
451526
143089
379052
651482
142089
606761
822156
502766
822218
977929
962741
834426
565644
59303
709000
924393
499698
137824
98290
695274
492534
349906
857705
265223
23659
865461
350055
193919
689175
88613
7752
956520
154097
679546
586420
432678
185473
145732
248183
719525
570318
694896
612885
441769
42208
50335
124699
307014
415863
872437
581434
951555
908591
106441
636431
633690
330456
762850
517969
73790
157061
903076
858724
594881
808811
697142
678463
327714
160475
719414
637514
449384
661519
46579
146067
881457
856148
455336
608494
31719
862309
585019
260866
592476
808160
732057
655739
374670
300958
412604
340486
852273
737557
445258
419988
278104
555460
893857
567684
365456
866475
479475
121563
3397
605715
375529
62289
805734
563886
557812
745531
928270
964783
502986
380227
700055
404013
961587
433907
185693
129205
963869
964941
928513
546927
902134
409917
350963
886413
697428
475002
556996
249679
431271
256017
188031
564784
880803
513642
434380
69478
664570
78043
962624
98506
887883
815845
101812
921321
519059
94381
162448
486571
60084
866559
470065
696884
231951
510665
213310
177347
242801
973677
631697
853897
544461
358103
899882
664195
588297
301653
145820
232950
380275
189539
637815
735870
749105
588828
944415
801359
922668
766783
224716
665540
366453
969203
760192
710945
671828
662781
781402
856466
219851
202123
368259
177605
713295
258628
242073
648751
121474
530493
930418
269228
776553
161757
150655
146495
30940
946477
793566
59865
129546
648593
766747
61369
531460
168619
142235
437412
487936
209615
718180
930524
363345
750471
462041
995187
898170
303727
64201
195144
449573
642967
782006
208776
391294
542634
277043
468881
968609
688042
449089
623930
218605
817666
690994
179648
898964
598682
171245
581285
986963
344711
542439
471760
714921
647260
250707
731834
772447
78985
96829
782396
754181
820702
840963
761132
23085
250838
644118
53513
173578
34875
470972
50594
777432
213768
918627
644183
218516
952139
760946
757102
827135
11908
667015
562731
260350
92900
949540
189633
761451
625504
8688
417183
924640
902015
13062
558202
383441
874773
176458
522952
30619
922293
240240
276050
691001
89737
317355
789089
13905
53029
984187
425168
659723
713520
161052
431294
330297
747339
210181
48372
952485
831208
771793
972451
299688
991176
243057
749255
402248
173606
132367
435566
339390
770319
856795
338603
637648
987739
690323
113783
862802
411213
306493
703868
891122
103042
712164
840418
309394
352503
222880
115900
578818
399956
736575
317935
17058
717168
496157
327394
45231
887832
266916
746806
524081
32260
43415
881499
659831
540440
989859
705547
31192
542221
466829
42644
281887
841822
833253
263280
4167
728151
536181
499523
104323
149201
979330
421571
849563
687075
166395
870605
1166
798708
849046
177146
235586
130686
73234
406791
558492
764440
327192
115482
900160
248580
597744
239532
338251
10054
685824
656772
505970
211982
34850
485809
2499
636322
447850
296093
792125
41817
846947
456078
779834
424217
577384
72007
845085
570468
693674
630021
935757
900474
128451
92147
558521
292467
318276
665062
466272
928190
513326
584853
913040
94145
439337
413488
523629
341904
482972
239815
660131
205885
452864
941166
944305
750210
242226
498630
711394
519274
271475
745925
702143
134403
874328
533579
615236
189047
30246
121758
359417
777038
298593
552932
759858
212765
928496
805506
903490
768142
853872
426966
156629
77910
23278
656833
354604
941404
689879
779693
356180
190469
659002
441399
195710
609070
79439
586799
258018
155562
934047
516064
433631
433393
791865
820619
655349
956986
260206
650248
285407
484224
90048
677739
195051
8589
232501
766176
464964
852522
747767
198893
623995
961013
902658
514187
955701
404826
834554
715867
869900
646746
195395
938614
115268
325991
168285
526301
761273
940268
827254
14555
334872
197513
192337
360353
406667
66489
557030
431402
595541
452194
897929
415424
904903
999901
699839
733154
972101
248223
193044
181147
978527
539747
55640
604582
116367
951724
501041
994464
189584
218831
187195
213745
584146
370208
71732
688248
717516
85166
36676
409887
902851
762103
265731
137247
581259
388627
929789
528657
997247
556056
242819
439507
346247
339993
578329
657777
2986
686522
211611
587878
587985
564008
112731
421623
670618
544832
801507
956010
246007
545866
791285
819155
578836
655036
552590
906398
974777
172258
499109
504423
786636
309301
60695
939247
615070
628052
680412
309869
616964
406644
66266
279667
101630
758804
243982
325798
210296
611044
306878
353951
571599
312208
429277
790681
896274
545941
77794
117902
858083
402783
122459
24325
48508
381476
988375
523660
238313
363486
229372
783950
179351
734686
945402
279856
655587
555210
325312
794783
775924
426223
207563
34966
638335
350880
528937
437505
170299
791768
722189
218288
795804
23703
972692
777724
467222
139186
854775
146505
581149
185104
350256
976654
673378
54352
888402
898068
144902
715044
434161
573100
206515
914857
619213
918485
285233
98562
357562
842558
354617
134502
594951
519849
301788
801561
26776
647262
747855
12962
547287
262925
584948
765193
500500
468757
932113
149345
159095
390889
385390
512213
938264
704924
307175
553582
341296
136000
794702
456155
461255
955769
356623
218059
731573
653521
533606
184963
809998
504237
244044
99399
78428
303609
53587
677431
305581
915497
719254
915218
371772
958942
109084
173625
929823
228778
640755
885768
984971
840254
595726
773504
915002
269838
606180
207819
922761
824300
377331
63387
297017
217284
588802
691280
669911
307163
553978
221198
251079
452785
307047
463035
316302
854175
651149
644579
936893
458500
152594
27899
32246
885536
314718
452149
531455
267398
429316
794892
478405
946948
962759
986920
268844
887361
110971
719835
156271
286380
602962
632598
189792
434419
372532
392917
547055
266096
504950
648466
559490
603980
282707
379603
230952
643989
589766
976964
487541
145418
726268
815076
467682
974062
803722
288138
127598
35046
71363
84364
259897
939649
655321
430174
862512
840748
925669
406299
961897
768043
731898
611720
845658
725261
450526
94997
793660
287016
922968
359458
21440
570786
267644
406298
523413
128048
937066
751866
497143
827905
833127
21760
489246
141002
971432
511012
756128
356334
145809
62999
106022
254706
145867
112053
658792
625261
431212
199771
475061
320301
277130
21078
644261
33537
838329
214802
588909
356912
52080
999987
403846
535127
310409
954908
433682
434519
821726
505998
400571
4613
103314
557357
991684
439799
113079
426223
442786
740079
149953
990767
376021
65994
645989
117776
388922
848792
438853
172009
356364
794228
259012
175026
958027
138891
534722
243707
195509
941819
254597
171012
56530
324526
73368
624168
128016
547012
414456
869060
690677
581198
598787
158524
191425
988404
621787
368330
573943
646872
683859
757038
781874
238666
739298
770192
851550
274495
255594
6054
234681
221997
843432
623635
475432
919764
295005
349249
346870
645087
776397
989277
353635
929634
368551
741434
836140
500500
357372
319970
51424
620833
58845
265620
488712
888336
401539
63596
934840
168492
997491
389242
481181
562226
405747
94471
965332
180004
301711
7566
223435
572458
472179
970016
788765
85868
110675
138194
542472
33129
619470
350840
283958
483431
224005
733241
391278
304731
476997
715223
213428
49773
789412
654914
21598
903211
717235
105412
688440
320363
23305
879395
619539
763990
176060
350463
273511
664614
565658
574466
471884
296324
228537
905249
536105
841711
874001
202187
524576
885057
418929
598807
811825
553679
109258
800997
980483
197398
83101
30252
484681
177317
718984
927472
562979
525621
380405
895083
429679
931729
248855
280852
454719
12182
309403
142846
124222
207643
427095
400893
659681
86642
967483
7759
248025
166373
680336
33108
68040
168317
989789
123456
857062
626760
804073
613188
471198
730030
771865
247993
23473
914786
992810
231609
878017
643472
782138
141465
474701
378906
336148
72725
327068
201204
356965
778443
653614
995395
853448
37378
594822
793969
216221
314431
628349
942923
839274
117806
357639
269682
431293
888625
551930
330498
944450
573011
754686
991522
235388
72224
673008
43456
712008
562241
392776
91949
554499
504086
91067
782377
638166
76756
691677
127052
675342
915093
812930
6721
161161
31961
797178
22274
124651
281628
32947
936529
641835
403642
351183
435698
380418
456851
221671
700075
123804
647655
772337
672197
961964
675720
838848
610027
271643
741929
762251
474221
815363
801111
90025
537223
894794
145673
734678
739826
53658
118475
989447
159609
987785
674762
159334
923371
153170
947578
629288
481211
643390
32654
328694
958109
162294
669011
59288
938429
94205
431399
368984
668171
115742
286658
34256
492668
203154
172207
147332
434857
608985
868263
146181
398675
71136
450195
444531
943197
381473
529913
848309
260524
870942
631057
320420
295770
653873
351918
371266
468348
201322
401583
85814
584753
892807
306283
868721
726751
222020
612846
417564
36853
137842
664260
9259
1489
623491
882194
671057
651592
578467
767626
551657
744088
174598
809915
933305
308553
93487
147550
729143
562158
191555
710094
458956
789684
145639
169638
607583
27107
728328
338431
478255
434700
422996
40852
117740
671693
970511
16649
928647
814417
48418
610542
43866
943052
849261
193372
534691
755781
993825
505361
468142
305598
25325
651557
51555
346829
841571
52541
173462
224920
320550
436117
483676
209320
866825
627039
833568
955586
554379
760103
579283
451566
430772
193816
942359
891371
333883
431459
375741
326621
724190
577978
81782
775051
34415
169021
415586
951017
237325
690504
354233
377522
410274
488898
974419
575939
916412
66330
871591
31884
251796
859610
591650
131480
626535
643693
624522
304799
601146
332635
335179
467122
187771
65654
28228
675336
321155
136058
332642
335856
543960
105178
515243
840188
41556
735606
613811
402892
371691
539721
689945
539792
426431
318591
798117
765751
233819
886031
839092
60706
158353
350522
8470
912295
812217
183836
546902
672268
691940
401297
810727
817340
242142
675320
792600
409278
362754
896488
634673
403954
610124
432279
587068
556747
806494
272875
378463
325163
797297
758323
817127
106921
788696
658921
238244
953967
649349
503352
665728
963400
822841
649091
82650
576578
869144
255539
445126
357431
957141
20101
548850
793460
597454
694736
161376
436988
114999
885630
355804
809226
805841
913502
653683
282484
467931
901352
439866
27303
694674
742224
43052
155083
760894
54863
841234
987412
808410
86841
346037
287573
461017
574806
398238
568705
341157
162153
217967
380033
880773
146187
859299
215395
41994
557072
283283
762937
428652
741515
322087
481119
753323
600372
528291
544442
197001
490466
442552
309057
625726
733287
654574
269182
724931
206773
727703
725601
49750
469742
422294
227165
212791
371254
243185
621041
178238
930203
924640
457947
424440
155289
612724
510347
448430
218976
230917
518933
123352
393647
150364
863363
656213
976438
838327
768884
694649
677395
526743
652946
23693
675460
89434
300797
427731
865307
861434
302249
989042
493524
893228
595446
744401
210946
578023
897767
71225
967539
382909
201238
686826
735444
177768
35815
664598
601094
344997
201838
404085
921900
224258
335549
535551
387681
876150
422622
256058
701526
364523
312432
614876
435967
483267
976601
458910
303794
118266
376352
462293
708392
648747
376392
226628
76811
217886
834548
898319
693730
335004
899822
65662
70146
616519
693656
989593
31024
515290
365433
297699
553747
46535
513225
226602
252655
651661
730106
351351
370180
355279
788473
923685
873383
510330
560067
625196
279664
163143
796923
74900
188541
176877
548341
907480
925862
276310
851808
74459
387462
552254
422439
59734
211101
977477
228582
822576
574764
129873
976699
34272
139440
33261
954744
94792
581724
580394
705329
917472
400694
427276
166065
86452
292053
451956
542394
288287
6469
421626
919244
385569
983791
574337
987678
877930
787079
712568
426399
713219
273508
789698
635719
264305
957004
419720
773384
382520
202036
812220
316914
297305
806587
895381
378211
711960
585558
416408
535695
612945
969143
916315
295342
380285
472845
356579
574995
629471
736951
95303
923434
485479
695920
52657
57889
969037
78019
47582
4660
370195
324647
325362
751836
153818
969537
842252
136461
74594
817800
47942
568304
233484
482609
703853
726631
289387
544864
585413
761523
526086
868930
662087
338017
801138
182801
701832
762576
514672
667148
86142
680666
961929
811284
744347
231012
350495
164162
322333
486757
172562
879758
335997
665184
515620
170101
131716
548530
633914
381032
107694
833813
763494
849941
103459
352304
550476
8145
288510
675845
755081
653990
85505
545354
41891
205215
51847
236731
104279
107829
569153
264328
920891
817723
372505
572574
843363
220496
880209
25568
370206
653674
55887
784575
437699
261579
851197
684127
737639
57533
385509
388991
275162
220001
78613
961946
255189
16704
984633
850718
963397
797937
752074
404271
127999
6129
840377
682344
427747
880177
814834
130562
739560
604417
777503
295555
449155
672287
737467
699904
626799
569304
241313
582095
684736
623570
666783
219898
569803
856005
8393
361739
440524
649405
273996
397978
433911
224573
391171
157274
46876
820527
2339
760288
339317
91227
287053
707323
681419
154822
601206
995733
531428
68607
574524
666947
689859
69889
781462
353330
223894
879315
427677
802288
358139
780465
717283
111327
96644
28153
313361
327091
311098
537962
819505
284368
320167
825914
695166
326755
186719
967244
687960
42034
218131
191756
75948
197108
728459
837837
779875
481233
745897
750890
967458
482925
969707
62923
101061
749615
834942
451321
307517
300170
588894
395234
759220
875025
66621
469944
960897
119548
305975
418525
172590
954917
626666
942481
559531
209163
48749
659475
669067
476480
306910
948691
893194
518644
205392
434197
302448
999014
736792
192583
974272
49750
60743
250439
26588
992222
452217
733194
996436
304551
250706
242775
425877
458207
927458
94374
966378
759905
487134
405360
256394
51869
78269
692062
109496
843345
374960
737235
700012
140939
700170
889259
422933
444552
548811
908851
82091
497567
338084
969702
276882
92875
84939
400507
369796
291485
154947
358013
908867
289370
901740
95549
954726
932987
213323
788620
930340
614779
62896
583796
527489
900306
898802
365150
494635
751355
479672
715986
506354
99860
812909
199037
886547
247154
795751
226863
371135
230077
388911
533783
329656
471958
827952
987914
70538
822327
61182
797106
280488
258010
280269
499045
303540
535585
203
594862
702746
18650
197770
833568
342502
432704
524093
500300
406210
319854
409188
17520
73594
424103
829026
219674
345051
601489
699945
753022
6277
378302
166594
376389
78152
509264
186691
457447
543984
183487
448885
655492
609960
853997
200973
803710
483256
9995
72979
898123
975905
55686
401692
990821
932008
55896
906891
950528
32683
650506
658392
58438
839831
385666
321150
298961
743831
300180
69886
79355
556803
994991
593068
788031
851056
944126
362514
901397
832133
372423
275567
888046
899923
732437
123572
103506
675463
90689
145144
24421
746563
881368
745872
416146
422155
83483
332402
522928
375779
845144
469274
462334
240144
887914
732604
863654
59931
54756
312457
747783
459309
31158
946594
13790
954787
571593
436773
86275
182232
922798
732579
528347
789713
277753
858564
679875
111295
684582
489414
926201
890984
533677
124
653236
761866
803435
182514
463340
576312
146322
631133
515580
614000
748503
607919
602282
153346
143703
301359
99665
851037
613199
104457
373781
932057
144077
796943
963275
587583
224787
241690
204357
476951
500186
131178
160674
393277
393869
570545
342267
377029
529160
880166
699869
439516
602203
694770
808792
744140
697103
91071
325007
29329
774063
513738
206019
731140
202066
974311
882126
789086
16184
137689
156662
42691
171461
243439
795031
852974
49538
753953
954774
997838
618741
724730
347666
277749
101173
530992
951049
940883
172286
314739
467918
454045
916672
821869
536336
979055
834623
859576
65469
252781
119164
433202
544454
522571
949235
700267
692702
754196
682812
412426
787783
698134
440357
217379
614237
529029
790235
760032
878711
168519
861293
796480
104725
247089
397147
981315
269842
174306
12321
256404
143998
854242
746821
716796
715476
551420
504978
763498
717614
168511
297832
549391
334786
85697
383741
207033
558768
862418
657386
798382
622441
660180
626833
111976
526904
983375
15075
463804
12214
109072
457354
212348
397492
290261
384501
634783
4643
643353
451400
794197
331005
205676
999569
907877
959757
411741
470263
166431
667773
980617
652613
14366
116198
143078
679385
945739
727286
390861
549935
823779
421857
970904
683768
950881
550943
913762
573286
387914
439798
974370
425886
568413
668658
27956
40924
432356
180795
752097
568193
885760
196312
188571
749943
487577
298023
772157
189657
434915
617322
350999
103892
32465
984499
725392
730837
107650
753213
309494
417414
516646
544613
59008
316767
187284
871800
122705
649279
927994
368731
157390
837331
657931
673783
682990
689552
938714
206826
862263
774745
82403
186414
565350
915667
609084
99608
637504
314860
96933
544189
293238
652673
430637
815468
697062
217339
510696
547942
555641
827291
336259
846862
359435
184139
208234
300987
730086
677810
62326
513596
180805
246415
18950
691451
142894
635203
912663
655526
559120
763823
442059
858445
683804
230197
698317
590939
26555
546148
598349
346467
853706
682164
928546
880606
812511
506973
556761
554699
903665
770299
955776
365732
18308
87652
746168
421136
215820
821207
67642
612806
905166
856382
263978
359278
497024
456407
734468
103559
938647
841615
131893
350293
887534
497298
143461
953401
221745
576188
805436
263994
680779
60659
709661
256062
397828
958340
99801
148909
434367
538253
234852
916669
854992
90010
301905
516319
356356
851241
399146
257290
216703
583790
601674
420191
909167
29550
432465
158480
48561
80091
64097
289073
409014
371467
369061
663755
403809
237549
116039
10434
846047
34126
419990
648294
661501
776267
961510
904496
638439
408180
936034
935917
328204
402417
878833
604493
967058
892116
581681
334587
813764
15207
832725
976025
335036
339018
88268
996167
620172
831285
230507
621326
390983
83665
921508
471769
684013
740365
170959
671688
773466
477830
198474
635393
393546
711010
758557
239202
402432
170548
35982
280263
590930
174178
729341
838633
832971
781530
201351
747702
203349
515426
412084
843475
973430
558403
397467
777115
329307
573212
787950
580945
763107
526578
156641
979595
487729
539776
136825
916038
66170
523610
70186
56534
924956
238495
319725
654229
260325
577665
222560
477349
852185
359454
554726
354158
699436
405663
271111
177358
342727
452494
240898
824395
270821
633329
9703
827411
719204
689878
79322
262420
595725
281294
184608
769549
591808
871364
280135
132185
52395
43562
520038
968518
452025
130659
318561
746805
735103
555800
417406
823600
71883
832115
779735
190369
405473
367079
823265
546023
69571
208976
324163
102340
282265
445592
327078
2969
814679
26150
611717
983609
191208
337671
855988
597674
680972
639630
321058
263586
427903
811871
352637
295451
220578
905234
363418
201230
133783
528264
161034
911351
266501
363764
759095
762866
931280
50872
392650
918924
7802
877761
875241
812753
220558
358858
716848
881996
234965
435724
441979
191460
370215
207349
232012
404049
323315
866524
707394
55867
925275
581392
686458
494493
347803
562298
553079
666557
479298
855513
349602
806087
469670
526856
768663
426007
978067
930041
754423
508983
177853
155633
794746
540673
410418
300497
147987
753059
516324
807333
854823
218063
975410
200949
298145
800360
370252
991320
110204
406641
784752
862571
202549
177156
235452
702769
759369
373973
460282
413557
364908
198987
622123
456174
41187
997732
17823
74992
400789
529133
465826
143169
863214
327321
449897
20493
597549
241110
52303
968477
593469
989057
298386
408841
409473
764742
442247
686350
990750
864035
687831
881100
794669
708682
11246
683820
969667
116148
425759
873364
664720
16417
942337
995840
232833
803310
4543
69972
913712
895949
226352
502717
134609
197463
480590
542858
410953
229754
183423
763183
323721
764344
382585
285280
59269
83876
154219
301681
611279
131961
941799
69748
315847
116969
279169
184964
744805
68741
366150
661934
292689
961815
654283
65427
742365
971701
573475
859030
752965
60526
184551
43272
996882
682923
651213
745930
127241
110690
137406
974376
22554
572796
605773
503213
145041
506196
919036
134240
267481
862159
469758
508085
60126
17569
366277
170783
308354
471943
389375
972969
822207
85694
520761
318404
241585
872989
83007
259736
893598
567177
194340
618876
42768
611260
845751
913808
883450
788867
68214
42302
703231
314331
299173
743473
667546
915357
773766
309499
294961
701705
463418
814709
366429
801828
883804
823957
409947
956507
179036
87147
27262
465967
94965
61447
568608
342825
936097
154642
483077
696581
670167
526166
877964
351252
541475
1827
130365
264831
62434
372719
643555
272160
755577
92056
949522
179878
101842
390611
725254
550250
586919
34582
528203
194517
90949
118812
19381
653456
458161
78353
299294
688825
204219
593735
89898
590231
438478
351230
540763
668351
995534
523388
456304
603234
935722
277607
252016
265486
606191
532604
503529
191042
717220
515420
300809
95573
461638
779805
672763
952680
193319
29203
643450
527295
266935
176578
353037
179044
895396
680944
130932
841970
696154
921159
307126
208576
845744
910578
297981
243483
276200
53254
737924
858610
339398
82242
504133
30817
854188
105656
725607
218065
224313
11537
936215
813589
952213
724264
468467
288680
96557
415081
298055
543993
753290
378721
963625
581987
58625
609125
316417
978858
295083
459191
51976
468937
689571
290950
37719
487811
183912
127119
333391
804703
173022
241460
108257
940720
408514
895493
277761
117472
888407
485373
897341
834344
144089
632647
402153
353715
5944
214111
885561
541985
50156
987761
248540
536765
116274
244128
208500
565811
541777
181901
892089
135286
681947
907429
61547
526954
426962
541220
141993
231564
813866
629064
198584
567605
343634
949522
340160
867978
573292
143392
916865
134227
799971
74801
318656
767075
631646
155511
652314
788744
124164
549173
889779
127703
655877
811895
619098
308839
549719
956379
48502
578004
851342
313815
365808
291764
171384
371924
747219
913975
611273
130059
703492
628100
999622
604569
795629
313589
592850
567765
188230
626710
165831
80201
11160
60719
774854
196252
112941
240977
609689
362915
579693
889215
277259
852258
816797
681421
127581
542821
161999
665926
981074
288724
292327
498994
545337
96863
841833
807104
985945
921083
54736
308544
944997
733398
812509
421952
608474
163001
623961
609004
222351
650553
567133
795098
770074
996274
972026
93219
526558
471558
919977
473450
917586
562550
527447
694408
695886
956906
648238
918139
379259
164084
274879
478848
769743
411832
958813
949426
545690
322109
430482
662017
105815
745262
401954
448733
991517
469241
215641
665521
700802
877051
94043
44822
894877
360116
426144
301614
470238
157420
916596
600658
170190
42691
387443
813932
164565
463372
17833
342051
426071
955267
932028
903494
515339
850721
119411
996887
157335
131765
355062
43165
792316
146665
457566
86494
508077
291049
936555
326910
33614
704292
936068
525151
121534
65939
872574
489300
924100
28950
103151
135493
370353
977488
136612
124320
383622
50678
639575
948786
434929
32442
82897
630108
111694
460193
580626
255694
366630
541915
310763
25310
4537
948009
893999
419135
148001
787667
161657
756072
556320
479
805077
905851
836541
885732
604743
978616
20346
495990
400620
726
34577
242676
883466
760637
882802
795244
948209
465963
609472
177427
184803
915539
18171
391493
613561
101461
631124
26315
147087
647350
543260
62674
809458
397264
489265
152798
86913
373989
275777
445773
347978
512487
787904
919355
886850
477334
114453
457058
529273
486918
843495
813536
392485
777073
677780
402675
77409
121723
253003
516597
786180
421728
256688
558129
458385
921999
123781
805158
988947
509930
456817
716156
681706
883448
364036
467410
202087
967767
562999
298150
435400
374151
380506
593935
156543
25089
571757
747501
475493
141816
125432
426819
51910
131985
852120
162899
995940
716860
665204
38534
857599
360622
654103
696565
831573
29592
468806
674129
842742
681301
932315
680487
349654
944408
786861
480371
805221
5229
568056
699305
793448
678260
40727
364891
916981
381249
107735
550585
637549
740962
245149
98271
863927
467747
309754
657829
796942
991716
988741
783488
766924
270299
474878
206144
408929
122373
686968
328124
947934
389658
812047
666294
921441
132893
341087
44956
11436
961480
827926
951409
928922
678350
370522
950435
38376
891964
545591
75504
792125
11183
815560
139194
937011
693502
405607
799229
913055
62612
905428
966111
584075
2515
602820
686276
522793
569140
698807
43980
976390
242438
114768
326617
126455
384251
411387
539221
104661
415395
568235
766171
945112
266583
62781
216388
987558
52920
822233
435635
462753
340305
693290
385516
771100
807914
444072
942752
172271
69175
109930
910943
472363
996278
327127
577633
619021
383897
534223
335255
308490
141569
73769
456815
349995
772168
724572
532107
787935
246439
657308
773280
430467
707859
801651
706374
743567
400485
273010
671530
9145
724053
700235
237037
219044
54830
548729
391172
869119
651025
100771
291894
114089
613023
93817
961207
477615
437457
962290
252735
547022
407554
845417
806958
95585
987979
154861
771448
879425
607328
71512
693816
788668
479700
970610
372020
636657
749344
722994
413998
984200
15406
321494
559565
409725
930761
162300
761495
113847
686846
643406
498445
938714
501937
810070
458251
394433
13737
230427
224502
203888
418830
310298
779570
300123
806018
488840
406008
571423
75060
779867
515067
199029
905973
96807
436303
362842
84122
378130
65689
231078
749714
807323
789582
827296
20352
173181
538770
411380
423378
771136
634059
371905
130846
504966
305950
470700
700534
417796
924229
54858
251962
583900
595135
679185
562277
657152
438750
281520
234387
635784
265724
44142
28939
37167
581117
957632
957412
899027
750646
783089
942995
952748
875829
747373
446503
167931
462624
873966
797270
444257
815523
677348
352716
264880
930616
44026
575676
611194
571128
933551
609541
537657
184596
111547
66216
541146
519123
597798
879355
752394
687657
761829
956266
861627
886261
426476
127492
527497
692090
856213
50525
380055
542713
317630
467532
447907
303447
530957
284037
530345
228834
851905
166591
66627
854112
51027
496340
641765
46295
963923
727066
55310
666746
218033
219037
159818
620397
160535
805651
707451
933283
214891
201543
170858
104076
431411
636994
800820
430168
388129
778350
870692
747882
59811
740271
449535
355634
52188
782349
940648
13495
635552
878857
158956
658718
586641
890354
380309
79583
217885
90168
372603
677882
733511
195745
918398
836930
606102
373622
304535
394184
451936
996826
710157
763971
969350
950442
3024
921046
561820
907141
287723
418894
624950
345131
271580
238366
764120
548620
2570
834300
301931
378473
309578
484657
707602
545336
279070
298636
892578
603976
468175
573137
185685
253570
461601
495621
94873
903684
340150
388225
700809
772170
348174
747378
496121
865033
32860
982792
491600
47075
516468
177936
849237
994612
613698
15724
240384
780192
596259
891421
668403
157127
467963
761408
314054
319587
399411
529255
156123
168158
962906
179297
504372
497115
781668
295181
383531
244626
734605
863480
214915
639234
381719
2250
654967
705822
236880
642068
215367
370294
800064
184752
518372
59851
655504
664343
436663
246690
479528
808918
183356
571755
741091
78794
269786
563902
677325
420907
807467
556673
943649
429630
973694
704407
332859
729326
382999
851109
477104
932335
252839
691485
137284
42896
948633
650662
35052
189019
357076
618078
635264
812661
456359
94441
546154
491226
797133
137060
374501
575972
993755
84414
51904
460356
359250
823652
151792
828578
33762
453579
909550
281105
780652
101678
182172
499232
455284
794781
793922
402546
367050
478125
36646
990260
611897
845475
420929
207369
518842
552004
560635
126794
657984
436159
855428
502078
407107
586955
244731
583588
228198
45433
250588
139733
512739
293321
234363
463227
283539
421257
999222
946005
194453
309483
878347
105713
809246
785481
685557
20184
707747
568955
297380
228862
696322
842452
135713
613538
829253
14019
648380
641735
121543
998475
753770
506633
742662
269686
643363
700766
498482
624175
784407
845995
473737
567377
436249
21284
73516
344522
658659
749291
82131
917800
23173
867899
511272
438280
814276
820597
127997
419736
364051
115178
567183
765503
924323
202027
79321
817431
791665
706285
994539
260846
450580
846704
526471
294206
369503
172957
166080
566330
27263
556500
213957
153979
168805
995889
800810
211970
73195
352939
296784
722818
480756
632447
970103
365366
606225
265511
856924
272926
906631
936871
778126
587946
621727
741548
284418
675780
831537
577866
660962
76856
117113
403132
845901
563296
553767
156766
328485
732838
146197
756675
219467
172694
263663
28761
587859
388616
332733
563421
895638
921482
718547
707413
764553
268602
902800
898483
464445
132538
80717
456580
773396
728908
614247
766909
549510
929460
685693
203626
601110
402624
228543
379048
415168
744420
267441
786393
94201
3794
615003
140199
546136
733429
758799
597301
580602
579717
424652
263017
338860
71325
454843
123348
692034
942977
381602
58513
617516
53896
955596
788767
582384
998732
842887
511387
754567
372153
233447
978765
970505
663627
113340
855569
116548
745672
953886
37518
953208
610156
780190
518969
181095
526867
543789
249989
803484
360271
687375
355248
507552
392044
397595
737415
846635
570512
407977
275105
191157
593261
639566
513068
231291
173641
194184
893264
657359
443424
728647
906714
993755
964829
140430
507333
517309
503702
530193
201721
861941
158199
84794
930396
766519
832229
70557
644640
959266
963478
323935
802644
224
703391
438472
313447
459159
86259
446605
838712
91618
142857
706604
149472
852259
49157
228902
706591
284505
75663
366774
127832
775347
751617
121009
238533
227591
951847
763577
66648
748270
616869
744801
673164
476960
799315
50964
84975
508810
632505
622219
618941
21217
593802
127384
579227
802756
586209
151337
889936
518554
316362
843833
527256
873515
923170
98339
751022
424860
263952
698585
266557
482334
832372
228418
442026
946682
728495
252598
219595
182493
954273
128417
670282
892869
426877
717787
727549
623091
982691
109927
22650
116524
843821
957298
727156
808790
195028
126220
634285
981280
181001
3330
877527
865317
525905
558816
987335
440355
363952
517259
660951
707252
531664
765752
995470
322415
664506
264753
889994
971132
660533
750955
263421
472714
37332
975210
100809
767186
329371
532076
484118
328287
967677
804081
763578
475829
643575
373582
254337
993056
379120
92617
256750
844338
915323
622279
858776
951191
494840
907210
374262
344762
217807
526459
137656
196012
505926
86727
806369
947117
152348
854167
271719
492513
964412
516500
657686
487214
822310
920147
457926
272242
547810
122965
621974
215152
544440
947470
437827
138071
870462
822872
358339
941139
584344
212199
399872
912005
15003
263922
129038
665899
463488
9153
733551
442198
735030
137247
724756
623200
387215
935461
357176
187019
120746
588135
88343
926102
965953
310834
869639
973454
68024
96223
132430
30116
557582
196750
304461
756162
182621
603297
67347
688681
803472
979814
330143
616181
501205
769043
471470
973605
707428
861440
659903
573100
281657
47088
510222
678548
287224
588223
690519
455098
429644
960728
806915
295308
107387
675395
97916
78442
271434
416248
389445
671201
340697
736157
117110
92915
211557
459177
495155
682825
555912
69983
300857
884914
978419
504426
356700
768165
925127
474894
997243
445455
302892
325538
295299
843438
762694
902406
753885
609759
306321
994703
475379
932743
936154
622075
158307
818697
910245
851795
331875
648662
218863
679481
553552
931072
767549
174979
983172
810002
826020
312659
708969
556125
839428
349677
958516
58010
153251
575595
940309
142970
288741
655070
503205
306814
580351
878519
438878
60688
116581
503781
845517
689269
257317
157781
638077
880249
425928
999059
780449
13466
524949
476459
577037
228232
38502
874238
253288
454326
88632
254691
166744
988063
992425
293323
619095
487281
328069
555654
289352
614303
320227
579847
915622
824285
339009
756046
460144
212602
316863
907021
876928
83578
730733
998568
176421
458283
510199
951463
657265
688531
846082
479874
992973
674483
906460
124765
305141
903116
539234
496680
270528
203797
232037
128325
182961
448918
557118
782388
573238
190110
954749
507593
437535
906301
867186
601926
165168
888918
80201
375391
568650
957891
348962
357526
282780
874632
742390
455128
77895
457079
474532
846317
473104
435149
315421
966300
705733
863752
509178
645101
553990
906718
481356
721089
182413
488394
883595
335735
177702
548262
831446
577029
587615
933883
420581
776080
465658
948217
265751
246635
723104
148975
942927
499434
816555
962576
273054
837939
968916
773178
776711
528461
805978
843132
739115
625414
978850
173420
737729
172393
153201
129393
759978
423429
194204
935193
188492
983647
982232
358815
315016
407198
566478
888603
892180
837733
983766
55352
711421
977634
354716
674461
999188
51462
196580
501273
842626
732735
488327
923591
270472
512485
232293
300025
241050
852218
268716
875200
521460
959727
636004
764813
565095
369908
240724
747578
444700
829949
99138
626579
746572
642868
303406
101189
289554
921116
588409
670360
308814
896580
606057
472262
886380
342730
995737
94489
979674
246118
880486
290671
792612
464076
89851
495430
31176
341406
459065
641532
97186
194836
653679
689078
550156
163692
973074
511081
456794
113193
861366
899000
973014
229090
535364
130519
252987
431836
211848
436136
402246
214726
37950
576870
29449
442187
200902
334516
163700
77448
738580
191407
402520
405536
408500
319237
72080
293650
792354
949870
271582
558303
599187
255641
512754
752551
550136
664874
375758
956381
994323
338985
281714
960792
926755
292403
173667
510503
898879
451375
563238
152197
820990
742228
419712
816891
7113
484906
918184
192490
150122
465710
552104
38251
460891
303812
828071
508908
332268
731889
858912
412997
939223
408940
398292
815143
602977
711285
133337
772454
362769
178054
56327
758133
316585
673905
291741
899178
493633
344484
181332
392228
939496
436432
126525
650877
752573
423500
615017
645035
365176
193095
236030
892991
622914
795198
723181
934407
18068
152479
538530
228190
564589
560950
736718
206972
795482
343992
448526
694475
804740
627505
481651
354402
656421
474394
620618
595828
735833
397511
613121
522792
331013
811607
419204
349069
439381
836125
845742
53010
207316
639508
776823
803584
79469
866590
937700
887491
213185
347689
756085
207279
897869
611459
173328
987327
912357
240525
81617
76166
433690
987818
144274
701774
365729
91779
897280
21717
239262
550256
644416
843000
234367
6695
432852
306008
704078
993234
385555
903843
879859
913596
138046
672835
961807
927830
338947
744537
696153
120399
184172
750568
205545
766638
919744
462713
78517
289704
628551
24968
575293
581965
718209
175714
543943
902753
122226
692117
595692
296564
27169
963926
962994
69207
301838
625249
464549
487746
52797
998983
651890
745387
914441
599940
283872
380889
182910
859324
409693
78347
491017
871498
930519
948270
973600
360174
264469
274933
787585
886269
294680
159837
342387
791931
637294
670696
830482
499845
273197
968150
331548
992678
204812
246147
946094
218099
382962
81601
978598
46024
271699
516611
43469
416223
939129
517894
129359
880406
895531
964772
175190
880965
904969
849071
7591
339615
258167
597647
366245
510238
58574
490491
1253
649670
116380
340281
611933
711442
411332
740913
249334
306524
163092
504778
400479
393951
628959
814283
452775
80793
120974
62140
404095
103885
928097
372370
780952
767033
800982
370352
518719
154885
116863
23630
504922
920069
689013
625824
717063
182942
719774
215230
578064
643234
840498
668263
324448
943799
591321
930116
539100
812667
349082
67889
341980
806428
166564
123910
739055
277153
721617
468841
774918
13135
294573
251866
50173
260567
638430
449662
323941
644336
418021
344358
340252
42174
596165
292096
292116
690079
512277
187231
537603
485973
760484
854471
877982
916479
511081
76219
883766
792295
101534
524248
315119
251510
454665
192329
785791
378888
384362
159977
363978
229850
240644
781929
622954
502094
776653
326365
95628
659713
198871
25648
404216
128750
445002
661751
693735
892366
851971
333599
178591
441691
148875
324488
18734
679140
403647
265719
802847
903545
554408
302953
509488
768748
362730
563990
754728
916701
242445
149057
848514
24463
396361
865839
697784
476418
786911
820796
771157
933559
13232
675474
309161
112994
172966
590321
964715
429952
336783
847605
216213
251006
193966
468495
512127
754787
952153
870891
598463
231714
756112
383858
142258
600001
191492
487722
678548
224859
474277
380036
955156
375057
994644
126208
320923
356414
206657
178184
149009
745760
693623
392392
823063
215769
384384
191028
217889
967067
812875
992444
559735
100355
800403
126813
895443
330208
553682
910720
358079
807185
598712
35864
14462
617772
353352
567059
131841
477867
968410
569370
398454
994442
994597
79532
846061
922953
287196
723811
373135
370002
811462
631081
197361
284208
109225
902100
700792
407728
327436
873836
24680
242797
632661
698193
336830
553608
931805
874941
479637
680918
103396
742874
363088
653686
274066
586938
843764
813792
126059
316861
144606
466350
352437
977109
893965
752246
692408
322217
150459
826051
328694
634097
43132
789001
332913
450976
709854
520179
788996
432068
429482
912305
165772
671574
444643
876659
441081
447185
5577
411758
683399
397347
432673
129208
663048
581260
387992
295689
194842
111522
391237
817849
283903
215857
311987
901225
526529
282436
301554
995280
527390
336562
369001
152149
349402
630004
9249
3008
277264
316575
790460
201624
395501
515835
248449
263390
901219
45650
118423
873868
496952
555837
897533
908376
6131
217381
460435
548480
727212
817715
632172
400428
23820
336771
210622
298699
588554
837826
114959
691862
255688
235488
688746
682334
632893
611649
841
376427
121398
516379
466967
136648
453833
565930
724802
861280
691861
892244
808277
214500
319956
692064
944947
431535
150236
421322
57643
290144
561558
789714
195313
170562
169823
444295
964229
216257
804201
566565
378100
213327
86806
556225
3655
771872
814254
70163
86448
641381
892504
706328
994990
909814
570574
891536
849486
508879
764820
960004
380430
849904
882715
631398
178808
564744
63168
694924
600154
186753
367123
508029
962357
552407
895270
118933
335006
19191
129320
347080
787397
649939
371536
102488
77067
7859
965300
992611
291517
912796
651160
84148
791513
159321
581107
900069
213833
382158
1007
652743
997642
633200
794538
507057
423950
242204
619237
269913
542622
115471
651012
377008
670923
507118
862148
992407
68799
415042
151504
430090
531114
400682
582622
959643
156687
170533
391183
709213
755070
700975
57881
594031
780091
948956
630108
729136
924743
700033
368855
622166
572654
730729
31705
437070
51546
121008
91060
593583
622619
72283
782820
643344
833201
784151
860928
684287
386066
100835
704407
741252
155387
210908
471326
747614
331885
889056
982778
330051
98879
738649
291889
214245
138215
660128
951744
578049
413006
710314
269240
101770
822103
286612
456764
95042
78774
483645
540076
625032
711449
81676
906603
841828
350440
714876
769078
464543
71915
353963
614948
390219
137717
877156
447980
405644
171182
477866
734676
611263
82129
584227
875767
111396
291740
556423
441389
971300
797551
17288
958403
785750
438619
648680
860342
253706
311378
905119
656804
796425
438976
957600
988083
661765
3065
539986
443824
603365
642568
715515
190062
639493
309763
871230
962733
316233
654411
915123
79238
666552
351048
961561
661034
489585
82900
526421
572703
943406
353559
107316
854926
760311
639782
517005
599424
334844
311224
541746
725328
301620
212976
297420
963521
59791
766758
670516
34646
487199
631939
60332
237616
915733
459688
374848
268386
681895
35683
475737
367649
148690
453570
975007
808539
132021
364311
565725
195131
221313
170368
953531
491753
950497
366982
600614
143174
50990
515151
628371
374825
376441
580392
294644
341225
272378
604466
440360
600759
110272
795660
262935
995260
697420
2592
252969
28671
681178
420649
633283
552696
399580
146083
701819
753183
783415
467602
143483
911089
233445
279086
881177
35023
868369
497922
505876
33059
81091
190775
537361
153248
326799
986593
264673
761786
131581
788439
444915
628990
495396
459024
95652
795905
829223
579707
182717
168496
625652
987960
87775
22529
469523
515944
590222
984062
494794
230470
552851
416526
277694
915633
728781
579402
58730
800442
37659
11065
429728
720343
74753
328647
370759
483306
81547
440426
749252
634650
653067
561535
855921
53144
239848
937158
117614
940485
11525
360104
810823
641764
626091
569509
367793
54168
174520
486072
847367
71408
556444
317872
382204
692128
885836
95201
861461
445111
622817
336392
521194
901074
124192
450860
522491
312688
596934
129778
686060
191598
792421
194053
748243
948686
221562
438148
370974
899945
608634
440944
952596
439886
550073
115731
945746
796502
884283
194229
968805
93819
699774
667482
71611
287320
926093
675214
558630
507678
279728
190306
288270
755159
26117
236121
748492
357380
35163
604168
694866
165703
497965
338125
367920
513220
765608
776680
834213
993072
568752
237529
98521
982893
859556
325350
338458
617177
670819
427152
796158
640853
662721
658389
194266
179586
245209
629976
609990
495628
85596
850244
669575
466476
132819
363097
102836
933046
287961
249536
451041
158661
707509
441544
986604
210150
200236
215240
169648
429187
744882
827322
642624
298892
999732
95671
763761
546145
330558
782172
142001
612682
204546
860569
632663
685641
119134
473225
392446
247644
671012
829736
106108
185396
385004
650097
950292
496414
521842
781665
264622
842608
381684
633193
558033
567492
157293
288152
108099
981368
495151
574315
620815
542314
216733
686117
210670
290685
58726
508735
301814
257175
329346
804976
124519
802188
20827
891906
731256
987557
119015
875581
509901
479476
931180
967577
154630
150074
87489
499070
228722
203731
931879
514261
953884
383191
198027
45876
788298
213572
790959
600276
70372
150101
793801
669397
451924
388375
321333
502434
159336
389231
553902
233100
137014
325993
282056
943428
317514
28001
602999
769650
720405
157240
774582
246778
637114
257429
102664
810398
653879
748078
133186
775415
946806
137601
669476
69176
401289
147688
438099
422675
238680
123824
490850
524990
471513
526499
353922
9375
848140
100200
75196
828567
198678
902604
600737
126700
689790
703920
644205
549906
490545
128131
439524
756627
917118
6670
795692
815493
222935
942793
405388
988811
585744
528176
737188
405763
623714
349968
16041
675642
918389
253103
341958
121445
357532
728981
944787
685540
714543
947867
116
311856
778150
598731
556046
26525
627241
958213
570052
806397
787171
714768
880036
259293
235375
647598
825081
424140
700140
520177
280046
401875
924686
354435
275988
600532
523535
419037
342296
95766
923730
462929
761833
606772
399978
995595
76708
789197
207328
816555
464675
95267
633298
604200
611409
479296
68268
232617
643237
708394
805086
496167
970707
196049
847401
61758
898256
807296
49818
947385
127421
483370
620145
86324
877152
523019
979628
296859
939852
786055
421687
144064
743725
856408
428638
952881
393595
820151
846270
191539
413784
358250
113064
405991
136345
923599
965410
136391
429116
899209
366044
78158
394908
792461
714151
985043
907896
801178
414266
453941
615629
840285
392342
263108
148870
954799
528177
508050
228220
415397
685564
248715
779495
354236
940592
762133
930598
708370
457427
326110
338382
174984
268396
303805
661477
899132
6458
943084
280603
945134
450345
714268
764462
830919
333010
351335
743885
685257
464257
277904
304560
6776
134342
163925
207047
147591
430533
766155
254406
390892
15320
616032
451587
943061
951336
264764
63745
14038
943806
403670
373438
951863
176245
938401
681169
36612
935435
74599
609252
222004
705746
736403
192491
749954
77045
826046
85989
756178
941345
304264
857546
838046
446909
46426
51075
133854
716382
703500
913900
19827
972297
875147
244953
167707
610087
274402
879211
265491
827691
152050
15793
450770
789618
702797
305105
526161
218775
505292
405230
517350
330527
929662
410564
634883
143730
563035
377290
503560
789155
964686
729652
947403
684254
236477
459925
13673
412496
460770
684401
752591
496753
627266
89471
238496
120215
824801
334783
250085
779818
422762
541746
818328
194387
359158
31139
229845
223126
595126
563417
625215
477724
245498
102762
527523
947646
963686
734999
336922
988023
175301
130236
621448
84055
809902
478797
35020
181889
221608
438571
772490
323324
72867
172813
743138
941479
937234
393758
289847
821342
443126
970925
844133
650184
819404
190362
942701
584100
494535
203313
645328
778977
140771
500480
801499
848387
839621
587318
753225
764182
304027
497041
39086
431549
542484
172844
923734
726161
208964
134769
196847
192807
882951
659393
75591
147167
508346
327388
729577
566607
8055
812267
316356
14255
362070
119227
15453
772015
883964
788825
331359
680472
588940
590726
431674
419681
471439
883665
415935
600644
8727
880444
866625
510161
656224
453940
287460
727098
580734
905068
570202
908895
701980
404162
163553
782588
743604
217345
958827
253389
592599
177352
343168
280105
294038
727536
617713
402423
732499
509331
492033
163994
791801
813908
99867
6005
520957
135307
929958
100982
640989
661236
29707
870268
433302
176211
322443
915693
4517
524969
28979
741229
657424
59696
854945
704237
222335
104124
546000
370909
464433
959687
178760
63760
959606
66853
654859
85818
502460
727701
951480
23949
302068
766428
948572
372739
426419
218077
555275
840202
750087
6646
442588
867247
390256
856868
768816
896830
924091
650326
175783
803907
765331
642038
78053
475574
104698
545833
136416
306607
217905
225890
267838
910914
675167
720462
711635
936266
297959
216402
545315
854127
634545
793419
71753
414584
420197
281625
668583
99200
641148
62127
616650
142109
182232
574200
566448
987499
416777
4573
176449
750420
653640
534331
214343
408719
650014
996772
283502
454634
514292
206928
552222
857699
794957
884041
970300
155185
697163
716105
18344
212188
399583
840984
795712
630532
331165
644113
153543
447812
751815
847180
307415
546779
734193
151964
83051
297428
14006
713623
948046
6348
182250
432797
249308
784122
39514
418958
162334
714221
441062
445963
670771
833749
975842
168426
289526
11937
453085
729427
314401
700787
519551
57371
208608
538181
330509
748953
486345
838777
490112
684229
750274
456280
219526
385762
339831
240493
31679
864853
758989
938796
234861
742231
700961
911839
457476
943428
755575
903556
918178
319127
489227
627537
466047
942170
81563
97879
528436
886361
904422
755442
866651
705732
400676
199501
347260
289457
622337
491237
753348
878376
408630
393544
592703
965372
267270
181925
882479
418626
370231
562716
286719
988798
329433
593989
133579
15196
658123
609199
623459
784008
828278
431248
405833
591595
662294
131075
827277
538132
485824
2372
117393
985118
697784
791340
189377
182763
116589
261089
214553
390611
683249
459421
700386
84224
798293
422342
885032
252320
275367
786379
133411
807341
13551
664007
895597
284008
923853
927061
926396
729537
343861
534703
73746
756807
747824
64766
969851
295245
807037
70879
222226
868204
660683
308327
740211
921938
43206
843986
519874
41252
226704
857598
459608
924717
195134
397140
711164
669637
470487
618968
273702
97587
242423
454653
480841
213026
420824
348444
819627
44173
246132
340207
280411
36151
137078
659716
980421
940482
715686
764206
725531
132025
962458
304677
658357
984568
793893
567765
181117
310053
903438
68176
105372
655361
872520
903159
442119
950427
908936
637960
843260
36917
801739
291341
723298
792581
56051
450046
218602
483383
159654
785254
679059
344749
884538
356678
931368
12704
47705
477568
629135
515725
533227
541600
958936
124058
405288
46651
273841
550477
454954
906728
411447
803477
810325
582138
738999
473414
835260
7673
353100
142921
937055
917038
368619
823080
778063
435112
947070
924546
36704
206205
868792
949634
231261
985484
124990
441699
563480
423253
637363
669772
256305
397849
629720
226817
730743
739128
160122
623431
98331
129243
924583
323619
217865
782375
352359
13896
601598
277067
451032
822280
776801
33499
259538
199697
726021
306935
157995
68520
957177
719639
317461
338123
335250
308108
943964
126226
3657
520257
195737
12199
992469
880220
371689
179290
887509
1161
227010
94031
529855
146156
847694
696848
690636
757833
62285
707292
999806
932541
470334
94963
978833
332850
953550
971986
732454
409829
313021
661496
894433
509184
282592
132048
407254
284187
915
880730
971463
581666
972065
656244
401397
932991
318978
420620
553499
633522
679555
624468
148028
599731
517494
819379
34128
356757
844343
559148
557654
782407
693100
364160
254528
17064
299192
284991
436675
38681
902597
241494
268325
587532
660851
250470
852579
552145
680045
65886
614393
719243
107876
552014
813916
920218
222760
390242
79990
653339
788310
93879
119548
91892
863242
853349
880774
28693
118494
525515
493766
565466
693275
365308
129096
662538
536235
907321
410066
796986
884300
495506
504103
989689
760287
367969
462942
881745
336939
423527
904624
593399
265845
497550
440508
403264
845967
371332
871442
547495
227076
904550
149608
574511
619541
428109
446093
145994
358772
243552
762794
826491
573184
571843
712484
245208
832259
449263
635235
208413
447287
757769
531019
195208
696373
759491
72626
330856
14386
595752
702407
264748
64213
238479
813831
224429
793795
358533
857014
866185
853667
804088
140428
38463
46648
955067
123124
28673
511661
413485
717980
644320
581772
300357
513962
829446
355746
948488
507594
109808
300835
997091
412995
118627
615849
525113
724873
69076
303598
394406
406147
708866
293597
780901
749122
854169
292695
439577
256005
721920
333315
820872
333542
836441
969515
403161
43506
174550
964739
151795
778152
553026
548697
172117
242663
352611
650680
317362
932099
922682
754604
976913
642752
774984
419855
791751
642232
944402
50650
194569
988187
767052
248601
501118
263921
324905
220039
139405
376856
764870
18327
716056
920440
545532
56879
393208
959713
586280
326984
773274
469077
20026
234884
701358
949163
450230
42023
622354
921321
34396
926655
164887
804835
140007
684110
716189
273148
555655
427927
332347
488894
311362
913442
956392
550104
162885
793528
825636
178859
267160
763510
29315
356242
747327
701705
479887
901137
463432
64641
128877
723102
308891
469467
300440
231719
60050
764142
413723
437483
869825
991519
475288
682028
934578
120477
72437
231114
662557
908444
717983
876062
965452
482495
279678
6980
851096
285007
43952
686133
39869
437455
48178
341095
751119
247508
845775
173000
218147
856337
98298
68907
188715
298759
731490
710349
913521
788035
413312
526732
822307
669644
349078
143420
601511
826253
6057
78661
111101
225668
237951
539686
794139
33261
648802
744819
664395
899088
862164
195699
279562
583233
160463
259200
990200
85608
243611
499597
614343
145349
922753
249380
583586
117100
342124
860672
275611
753617
885183
335972
712228
78174
226614
735460
803100
646947
974786
924857
208260
806666
414822
109906
275312
463672
326180
763271
158074
862038
76941
277399
726319
612760
910627
97650
704348
304159
814853
323094
341138
181925
531064
563376
404565
711200
88008
859143
530428
369066
892682
568516
320230
150980
805670
842642
905643
212102
135031
300054
339007
249706
727337
612839
971747
532704
209843
343939
518577
368413
8995
432172
786
203117
185405
541744
609481
401224
286673
424482
385241
785660
853326
378811
18359
597388
481885
761637
664038
749277
699138
929611
912015
483392
890467
107624
68255
92844
9176
807316
61441
592412
964531
467539
601880
393605
740251
811182
973359
272006
58346
35187
549842
797771
123184
274780
129530
383462
679027
965322
501114
31222
490130
155493
495366
247000
891424
810929
519459
989082
369919
198439
180318
49766
790551
47747
255979
547051
263458
105583
311221
745440
453912
37742
819178
681964
658684
323259
253737
88498
659175
66829
306637
149793
415151
132171
642245
767570
183501
979627
654500
569625
807187
213257
407267
511473
677014
530114
967894
599672
146881
423408
571868
266424
415880
922756
761595
813026
822094
265972
927882
438364
811008
288812
600054
427283
892923
265929
848922
70270
442279
22735
741993
257383
643457
56991
91544
833181
332493
134935
570457
473413
333101
59131
389856
263011
939695
896931
842609
215728
527642
242639
345869
618148
522543
22211
27970
382548
948464
128961
223878
485416
346027
395494
342531
558674
509894
793733
196072
842321
935418
628740
581908
699708
630311
487068
115790
889485
813253
548917
749201
130327
987026
839998
463865
973420
337400
761769
78062
910374
344821
281193
650560
205299
705929
347341
408303
120972
831513
667130
851610
862783
62802
86849
599824
837689
880662
91223
352959
704761
89369
148957
35741
363470
77545
939124
493448
318313
3748
205692
593719
707586
191928
584993
903643
816162
345694
832621
384276
666870
715632
721879
701095
998445
949466
407275
934138
759725
96019
581927
635053
748844
85631
614306
862919
829499
921590
837600
848567
575068
206485
751817
106216
941471
872577
133143
302305
731812
958730
412865
761607
24183
558978
206219
935651
880188
940397
489081
461332
109070
88728
882278
995153
900157
411910
4994
416280
117119
508008
755537
107061
714178
10609
727773
406469
52779
905254
592206
870226
793808
870309
551258
771940
215892
647528
422925
126461
238526
199411
771552
60939
442027
387087
604561
40999
793391
357646
935503
645833
394842
65286
977199
472350
117828
200148
481834
100223
922556
351989
52431
96371
205678
751653
907302
122109
750025
327894
954932
393534
268781
56020
444076
990162
589916
869863
558846
438265
72195
220621
482156
969035
845212
234031
416232
375998
667043
483423
54489
769926
833289
358108
340684
596542
575821
808757
147375
53158
555829
253919
235723
949435
271968
397107
175709
275513
760614
305718
601357
2009
940104
351647
310424
157681
532979
61877
72527
678173
492441
1323
202319
472560
911718
387273
438905
158801
835238
599588
153834
690551
396885
575629
913771
892611
300418
753123
188628
739082
824781
414379
742219
648573
897751
578236
648225
965304
963725
144970
443394
894654
952695
239646
273686
336710
352524
903105
753972
507767
555369
456869
792644
782702
868293
351891
88108
426471
696422
417520
127724
357985
359590
354551
856797
350986
769517
876659
693073
950007
905446
391453
436974
596232
758341
96758
362883
354098
681878
994934
377994
250070
647374
804252
226644
605029
926597
929769
425094
572354
354303
167186
586750
796604
174809
412320
178715
716861
369373
46338
650523
28841
480324
503219
729849
884571
467480
377004
500606
873052
767937
463086
628796
307169
736974
961115
559854
804488
305767
814249
201952
283553
267359
800720
622615
728056
57199
177480
602884
282956
835085
705849
44744
169508
667487
836692
848184
861750
770287
82479
800100
742035
878125
185819
71068
925345
193452
962406
562201
154234
704404
805272
403669
379140
409827
252745
543677
199987
665905
343782
313439
373041
655484
29628
345865
528751
32169
914282
616517
494004
284134
599166
336348
753772
470067
953850
218804
69646
166545
913249
821544
124076
178786
80555
897042
270495
156735
342197
362727
683500
943743
898079
389904
324763
803482
524376
548176
583239
365249
377682
747617
986988
626750
912111
253486
691420
163556
196303
543209
740007
75140
526240
320694
564504
648475
437921
28763
767791
263142
81383
322157
855405
462584
917756
552232
833677
480263
60020
461317
942503
443582
249761
871109
536868
809713
57127
114118
156316
357450
197809
615723
563150
789739
731228
444339
219798
339214
372435
967329
671448
636716
32745
49084
159767
371182
334082
996713
597996
214780
516717
804807
888039
931485
754710
280022
621631
802854
681047
253944
823183
509621
272156
847197
878137
635371
870124
785234
196129
463462
918454
996098
458461
863400
668143
150826
852128
276490
661834
632181
820551
823086
157432
821576
619200
875995
395194
120608
302824
464261
721022
950320
979280
663732
602010
838200
641426
758626
571350
727147
234910
941746
455068
540916
107716
379712
888638
164436
520480
424268
989067
759217
452844
239613
852148
550757
575658
960100
304829
840161
996727
33819
818270
96581
657813
308788
309025
191298
438035
378402
447616
68767
178525
36510
295713
514235
859227
413560
89226
638819
530844
585583
233813
926047
290518
62246
176846
626114
50886
966399
925889
529887
282087
8814
992883
47557
872943
730270
613460
220086
964196
737132
284704
21267
762089
64970
794195
24807
501902
37549
882263
521259
283772
214648
815842
582934
201075
113005
524265
574343
140036
173908
920000
856563
706057
38437
317010
641567
651423
635259
630947
128380
468446
696783
72830
639715
508119
971732
133320
556687
713168
790353
502033
187071
115240
949077
806059
157361
522507
567314
777087
286076
763602
728366
543953
355819
541421
708812
899116
107716
367157
303986
883955
659499
848320
156077
11428
256608
16030
368892
245946
124260
614677
527830
253953
374879
918861
32869
532747
74170
764904
478705
635416
926713
107474
818456
766086
403528
808360
560224
564973
960694
86865
414441
25840
11596
202480
113436
812415
799091
435286
774989
428159
599851
254678
171910
624323
279256
498817
994434
346676
12037
287797
412664
63550
674986
347691
880069
602590
505804
312035
395374
63060
926253
327532
130729
254926
572858
880863
328866
847731
981422
261557
278956
361445
358218
973313
792223
835068
534892
705702
440317
230528
225609
582141
267370
45449
64654
328525
876502
522612
577863
122436
210135
882862
175541
866278
497370
17118
182312
745564
789083
270133
903132
860118
528850
450871
459460
860583
661994
632792
388852
919957
185688
135356
238984
392477
132001
890164
881663
256348
185314
177714
620416
17985
631867
173403
663979
982983
43198
155874
474530
96414
855472
488467
244714
785369
865622
546771
4336
122929
395733
992529
848396
593345
527940
828673
158760
768549
912590
630920
221205
786919
275616
441385
631891
138586
389627
544862
678465
914025
289361
434087
416920
977760
445940
969768
567655
813193
111868
685741
140742
724925
472637
161342
563378
990087
433638
356612
410698
923071
850126
434651
71323
776200
2658
868441
308449
518247
11534
381185
562636
295180
715713
467181
362176
973869
937095
116802
462027
404714
532837
469899
330925
720503
374849
856062
815732
251248
785376
709788
680035
810939
192792
612981
658435
81598
251117
654513
421240
428663
47707
165227
944753
448815
368318
300533
665305
366470
685437
807184
684272
52923
976789
589451
616214
756037
995366
475957
746224
262626
880073
324097
469402
901867
203242
763799
975658
162403
988012
467090
233757
538774
480445
27868
47555
769703
395780
57990
505014
806317
949549
735871
713366
901142
939245
406671
551369
507274
469847
510641
227222
227006
497689
221814
443068
707102
5355
99
812846
134335
846645
935317
908501
665120
557826
948810
813472
443102
838930
536335
90394
607414
338665
216285
483384
522778
686249
780589
292881
320201
47827
453516
114207
375652
295027
564971
558032
165355
244513
397617
247366
620110
597154
152977
713081
542484
831144
592180
511887
986926
894108
284877
289441
604654
862395
909672
708881
693429
181061
378962
349931
333461
865130
170799
935940
532288
977302
890756
653619
405031
515084
568342
917995
976544
731474
820411
278752
598378
450159
647519
185431
518983
706473
29391
426843
946885
196163
860298
925888
563815
139458
907632
62272
491398
42946
274028
596612
995385
982737
822767
168550
814597
707543
808064
212082
954364
301882
702474
220214
598150
151793
927913
339073
329593
341819
680265
874992
913556
672134
413860
41034
270233
934779
538615
882384
130330
723647
556392
91441
621721
356471
798803
751208
46732
313561
469733
290408
652398
276498
898148
595866
216334
640157
305752
705622
4340
200641
251760
253058
319045
502767
540057
54522
804819
219450
326631
448348
750620
626161
622264
587473
594555
107912
258831
190841
160986
103031
477194
405648
739493
517959
887829
713930
590383
373956
761825
739485
255979
195002
873896
185925
499659
669391
48869
429566
314814
915433
891918
528248
991025
276886
484447
557996
323711
508151
734804
134363
962085
777322
235532
447139
230101
594610
184201
89255
889922
36595
502662
990429
941614
321704
90149
681113
335413
509781
184698
494095
462761
583871
645901
212365
502385
230667
272738
445254
254800
359052
235738
621284
730273
477678
870065
884287
545780
17894
111285
754568
913640
233681
271480
236238
898534
297673
334491
101874
941777
595502
429283
962022
342436
927455
346204
312159
670011
698771
680336
874375
577048
433921
723719
751566
587217
112037
399638
202726
3463
694238
869405
122737
325370
425286
468567
974318
269893
715171
442753
271702
596388
269917
839375
18233
314559
283118
886153
823159
282720
800818
101714
754120
89210
580673
736059
314684
557479
903784
584323
601609
988163
568720
65135
334437
207627
129223
764815
794522
831425
573445
86361
259017
329702
962578
84562
509563
436673
207693
885178
50302
755187
460687
799545
869709
203652
512174
323062
715346
183129
500904
127641
87706
457135
228276
732165
2112
807080
906483
151086
484949
501094
108083
366991
469618
145236
228947
560380
574920
542506
943452
532006
742049
264812
539311
660508
5915
877647
180198
710513
749619
73577
13535
271909
224562
968482
978193
380566
770116
556272
92983
869818
446213
209579
213588
677267
151002
146697
266796
906768
923044
302319
408373
421101
574116
179339
767260
82436
166080
677693
807352
521690
324117
517345
392688
495179
668950
147863
593616
432669
514490
902645
712014
459220
399666
241921
341505
17019
660529
656089
582434
703389
969534
671714
188802
446286
588316
891344
21051
223484
986353
217851
46116
965821
375362
372394
371612
302485
671666
983778
828396
997380
482250
888945
331805
215521
466435
773809
133566
371297
657823
992336
780765
603899
613324
75787
504721
628604
939067
528552
652496
467777
829582
149955
219104
56978
899038
217855
611485
476076
425340
425910
797150
270739
203365
100955
565613
161663
831168
688336
748002
140085
958962
727418
735870
794234
853271
707207
742822
465172
789898
550774
112744
327558
622918
709640
210515
140478
786943
227611
597268
563864
564476
505502
295097
179929
549644
546417
55222
448283
712207
588584
821823
748250
8128
842764
371728
189823
450882
448655
71062
574764
482446
271942
143135
405060
807402
978909
115114
835191
554012
213186
990911
179002
575204
318722
983392
229791
453758
289803
468151
714494
314921
13771
962193
641454
28172
36906
821105
441340
766979
859256
879929
487816
23279
186550
22016
676836
734577
32007
773548
97216
635712
72850
11822
576927
115106
38024
657928
984952
344838
106315
906373
878961
488119
21155
838762
908643
72198
18315
640899
59685
765085
769511
119243
178352
664443
54654
545230
658220
828112
517205
950973
847414
743628
928866
294615
102470
167940
843807
723828
472754
287760
553641
648469
524607
136428
663272
537696
711006
514690
572277
346639
395312
188262
255621
530927
126282
905936
689123
643546
520996
774845
122088
46634
847589
245472
292430
441250
181347
795746
600701
759985
475508
681744
865924
507714
192250
413448
16066
762495
978889
179884
570857
538932
749443
154139
337752
344766
287352
76824
127640
689965
589124
693236
693864
649156
699639
456630
726238
971870
503305
301237
431135
511058
177788
95651
572947
926514
782305
212477
168747
813017
994852
868869
816355
369274
911952
823204
956993
137662
173398
614221
48491
196421
270665
286154
464417
543479
476733
520399
952822
5719
746045
869980
775104
52283
521593
612374
865983
167449
520979
775974
735069
429064
172203
812055
814050
314997
275174
773735
103859
630210
520556
359478
552818
147052
559648
36530
91130
543952
810749
18040
273261
944873
801807
584195
4482
722017
300194
753218
405346
309864
781595
524565
822725
919420
85144
765405
767594
621817
256667
171844
301414
779564
778745
348548
554519
273653
29154
486923
577216
831671
117381
84898
565276
869075
466156
643697
447499
631811
106050
573739
542239
586871
959382
943442
58599
684273
830962
523225
402415
859581
609021
726192
56546
521152
584043
979954
807971
871182
11136
964723
125032
751316
474838
862378
755794
795388
284420
670676
20100
846470
497700
576996
740049
913584
829028
916350
876489
861817
242184
340187
13485
115972
149405
122776
678591
338725
891090
21837
172697
377586
151459
132822
266197
885598
915391
830058
447273
565946
303452
446480
53528
137135
574140
194823
423646
112253
243152
975687
657175
953170
228311
275728
304319
547537
831322
826566
268224
504238
286775
946308
633411
447267
912336
628403
230441
100872
419158
960585
627459
914154
739572
666803
904143
940742
758280
584270
858331
959512
710488
796649
442146
719250
738163
119512
575733
634427
544231
127255
808002
743934
974685
238548
208128
133084
980262
939985
21630
283259
660660
590702
649473
487388
822857
765334
138456
752224
422939
625269
537679
229968
797110
309284
916826
875797
432570
534108
394481
474450
519677
51911
483044
688469
130240
834380
846026
852787
826212
51978
95892
138135
666793
749962
201977
888814
561473
12122
609111
324319
760790
721767
269656
116836
890103
271289
540512
93686
205949
682848
306163
978
793554
829193
812157
10667
241585
820638
385164
970795
973434
133834
973194
682476
396785
380439
301454
507917
46124
536773
400087
985321
496032
149328
69730
656076
408407
697469
570425
212884
7516
812438
830807
816077
532219
818775
745508
581962
136284
947672
455421
321275
745150
253939
214890
755964
618776
705690
999055
569553
691947
326539
807120
287993
559796
896506
116914
618536
948582
746463
180724
295499
534451
82681
521549
741700
420680
579080
506017
409398
829624
84308
320653
287118
964305
426187
151640
267021
344419
953910
293793
547786
88938
759945
691295
729944
474416
711950
815757
596433
853943
918317
446086
353604
651171
501398
953664
532610
875256
279542
325459
239780
87880
773132
27675
694659
256965
885774
968956
709489
960673
495309
38313
316999
799168
408650
834509
599870
295442
965459
481795
708940
54215
416468
755190
9673
396876
155981
944555
645464
725136
346702
850028
317396
949519
179444
786246
985961
279422
398344
661394
413111
238670
153077
427379
800396
596372
454574
887847
614120
843346
999861
785115
888049
456463
619273
130374
268183
813568
502374
330515
592586
139639
766509
750797
591964
202235
67368
123688
785155
563512
810836
301116
743792
899298
993660
471177
487187
445321
254381
464105
664043
588156
101983
95175
127764
55179
113323
22687
583929
382892
732582
18754
346361
806510
754922
377289
186231
483912
266709
409224
55185
254248
480116
516979
981543
408430
779627
31055
868531
461095
177957
488576
59477
200641
523141
221641
923848
991213
607471
461833
396084
491291
229220
575863
15167
619853
932493
720802
939140
792035
775327
846491
627198
646959
463093
494600
898947
453672
594135
609669
416775
715706
189912
913226
380734
753375
91374
503952
5449
282602
482976
267504
136665
15091
470301
523181
397307
90953
710609
729734
943307
454858
756263
72725
817081
559810
597729
232714
730014
611585
669957
890617
292365
884279
411533
993089
158468
674182
426085
381077
423389
749613
628374
713206
906492
919198
580665
335211
290758
834286
755906
939369
164084
256975
857414
483196
536093
679095
964694
295663
80071
199013
491479
258569
566157
981471
473932
719003
627167
973735
229541
746156
336594
836156
786832
911175
512181
569401
387216
926253
247712
328548
923953
714130
462168
137179
131789
925923
19127
933801
776937
690523
441032
921500
620071
459971
134364
812870
273892
608612
435304
843053
11289
478982
975054
892434
698201
358459
939875
121489
250114
838641
379920
179051
855973
265345
333487
230544
108890
39388
365824
136177
293490
179847
741531
748567
744440
715385
911482
92404
765813
436249
446451
260604
345981
587457
788467
453168
124158
27744
931576
760959
38693
755244
598399
194459
406273
778384
133056
557416
149304
750062
856719
234040
56591
688854
483026
553755
987574
13933
735063
136784
425389
909262
706152
320973
312134
843742
782410
242563
90583
5009
416989
696731
802484
44320
760762
815163
191282
163841
72872
324930
11933
33346
383050
223431
845929
732344
963622
364982
209037
319368
528053
936192
578513
512461
951431
126366
728651
17015
469465
204167
879207
169630
261548
514369
767707
782391
885003
903834
701562
475354
885828
273427
174397
479930
204862
337367
469591
542065
974282
105522
171418
907976
92506
737279
467037
439547
671644
332821
599362
669832
991954
458833
236683
476095
309734
277285
866886
169681
99089
589883
464510
430812
322485
509719
661042
621211
829627
876412
210645
381571
419308
244657
198815
237848
423507
38996
14662
178429
822095
958051
949343
667367
84021
41635
171556
473746
436778
522332
325050
781480
249682
188056
225730
363134
483546
985385
55243
241749
530807
716070
966212
791972
268197
176849
926104
794084
703127
117377
673692
299836
371617
461007
736103
387112
299633
714975
340968
666208
151639
620772
718646
335829
540337
516856
737595
690186
383971
735521
575668
755043
551321
675006
246413
730410
992532
994393
308919
514931
317721
926085
951228
598826
267332
862034
52698
994827
202626
119472
39304
948819
995239
79897
35455
991924
945613
742128
45976
676595
612358
241620
274037
109092
179989
135122
35498
960028
859376
121721
93699
899926
336534
612279
88390
708945
68676
954710
808949
79832
296356
366762
988864
724027
402540
689239
820157
660817
690498
256009
210731
563734
266053
511208
442852
262157
217276
790288
679851
773330
518059
958893
571424
924682
847837
704078
504191
620821
858020
67206
853291
798485
756457
718283
305849
785605
208563
684370
475102
717250
345321
588918
672554
74599
437480
678475
824347
238566
645744
895838
834321
759156
361815
293646
565612
768869
192139
128612
385474
113804
14081
953962
269958
424644
659170
163415
617739
171575
93197
803086
524408
782376
210756
604051
174837
729415
147071
717783
655943
997436
873439
136599
743580
533598
18178
167148
730480
865745
105134
79558
298550
96185
307420
357247
523376
428497
77365
518627
668845
311233
404708
444466
801328
340027
826450
431545
9784
234008
797978
970252
72802
594817
796727
607132
199988
996632
692139
957919
99501
550666
113966
810078
284836
191770
891615
941853
331317
764489
131204
653899
468378
343191
635557
822602
797716
502946
998444
738064
272897
388862
36085
299838
883465
746296
859260
997617
487027
883683
621010
202687
48145
178648
827969
843525
747449
988473
105277
616673
783169
772727
318946
118872
417176
68950
219042
770661
60454
221770
659395
332009
454411
461803
152952
13293
412845
180212
848408
892321
452539
754529
657163
942945
192008
440241
791722
361810
4756
857496
465520
871402
617944
716236
112293
401327
939147
994345
507737
769970
86248
754280
986712
758343
915703
732197
453384
277018
369541
502799
743259
71413
951776
215278
421059
562169
681840
690286
431326
70825
66157
199125
37858
14817
979046
614447
968297
264033
113794
859497
189965
819466
977687
588652
220683
168640
225963
380234
552877
181897
517443
264305
117003
590416
456749
206208
107671
977697
823070
796059
507342
330214
352913
687610
931450
169358
252674
275950
905524
787940
685648
154927
691796
189711
841397
248892
227729
682756
757788
455506
916393
256973
361395
899387
444298
652440
988222
268958
894532
329928
938163
898482
744823
186095
210273
241363
105929
592601
49000
664055
455065
861937
390861
247584
262519
668329
522938
631052
693726
28319
164430
114456
490013
694798
749566
616613
276723
42496
594018
726338
607864
284593
737533
652895
218307
975067
66611
842109
511531
722296
954703
336741
456539
704829
189758
507214
559605
282528
389647
669209
535569
786660
920896
622828
713505
709776
452339
353797
638916
364299
603330
671291
854400
14811
87725
610052
13202
867469
689914
947832
367086
710844
281711
744741
755109
410314
783505
181707
715938
548215
974669
587560
814813
817237
574301
600176
42876
280871
426433
366347
590868
286856
439660
362736
326271
198827
384963
677901
853765
743155
916125
584765
425642
774463
372925
234796
562248
240432
859836
769112
823807
785366
767513
928643
658205
171849
190580
175907
643548
890230
131507
295649
448097
137364
476226
17428
74715
19603
826339
912225
438193
918269
223616
656693
874961
939035
421554
996345
718124
665996
241728
541041
227353
244370
619739
462078
378768
410231
933326
233090
13213
493482
839770
830188
966770
265751
211762
711047
380037
100868
508359
578894
965401
462326
951593
722269
917364
834973
651082
455678
51528
372024
228261
833141
664048
887748
500636
329616
105616
618917
859209
429872
283445
419471
604433
823104
716070
63945
490295
372291
102144
735989
959619
877214
701340
526015
302287
44056
978948
506020
89386
962628
811701
365021
357077
496291
980158
268448
752943
50411
146934
516759
983271
434292
704091
322207
502360
91567
716843
76515
642006
568484
136903
228506
929087
43934
490763
527692
33870
659352
176883
287446
852049
969752
195759
395450
795762
113907
826046
156657
457009
37404
278889
955007
400965
280799
629909
22022
723098
938606
165537
609937
882658
469667
488326
561407
736636
721635
729330
204369
71330
639283
227518
837775
103338
137759
357409
252300
843027
679148
15597
348396
914417
44864
113115
497609
851621
256714
828271
783266
441544
518532
688333
755336
795853
121534
8198
654923
655169
74420
108749
614154
53384
328494
267746
470878
812304
939380
615541
583722
893346
716127
795435
625694
143547
52346
287459
786602
796696
351452
170125
597736
916616
61621
286736
386792
645288
820741
643883
352000
705266
465295
293917
429243
295450
850728
786978
906754
787341
38327
14904
834691
19357
431028
173981
27984
834196
533850
269207
829909
479059
802616
848489
79374
241789
105194
915611
142747
429225
440397
324995
978790
622552
701178
957838
916987
751992
923083
2623
144490
287896
399110
562862
1798
193143
72176
290876
154192
102802
333885
811955
327476
333656
187135
654968
430104
232591
702101
168226
174014
946833
449473
276596
752350
238868
630907
523725
995013
334520
520615
705348
45762
737274
913298
431612
68581
858206
149547
875250
680177
252597
493291
167796
238893
850144
620612
424653
177360
765941
672929
176821
18801
879205
577401
852010
385326
284367
140806
134861
928132
299128
861284
643043
459422
255715
880323
969250
623884
805940
207159
986688
423582
304176
232387
675900
137078
337865
651323
574888
484678
219079
599602
625584
721739
805608
989432
387688
188355
237531
912857
2824
410944
356949
968397
570378
193954
53849
833087
737635
453425
878781
457409
375206
843475
293731
18021
52623
391838
259220
818401
442643
925526
625330
768205
73721
864534
989773
225561
202908
404306
575013
57532
782183
325919
744430
244257
737580
386718
481436
54828
70343
37604
331608
34050
934295
457037
891690
941093
196770
725607
486793
775307
160390
933659
834208
824890
971372
274840
938874
541845
62231
198823
99926
862738
555850
647100
387379
249732
667653
199717
155111
447509
953624
419706
998934
201136
930149
246725
403689
557256
979398
123672
842234
261371
361998
275404
764559
360072
751585
258996
727727
496221
626105
928639
892992
778667
214721
782943
674257
24508
454757
642147
304946
790969
194310
788264
897373
597289
462504
255595
950565
809790
833880
575030
379765
405653
852406
265356
495811
280189
999
238154
848564
468359
856813
818671
153881
252392
957223
565763
719741
780949
25841
257426
510631
705101
614772
871748
421113
317676
656257
235732
672414
148349
139703
3555
433915
919155
448066
797426
876566
844008
535907
874299
176872
29047
360909
24352
403871
883729
434072
236842
605957
36566
819661
869390
989721
188369
854795
313490
343988
56446
131675
125199
390483
44247
10204
763556
735248
553515
12813
25817
558459
893553
112203
315364
530930
115920
382119
78312
71441
894667
53520
605781
951391
677255
882020
303859
409319
117984
765183
511021
348084
834131
80115
268846
355945
420173
588551
281315
761678
231988
459839
859861
262497
612676
669927
857806
70394
510567
141091
519945
100405
431969
225242
37628
354021
688451
686981
722833
318806
611735
758058
815885
10520
884170
183945
928334
83056
8555
411013
96925
85927
391772
33033
775195
194164
683169
219966
481077
998535
519498
542067
201948
363016
743659
790221
785657
529335
20916
573496
642994
129047
825440
125259
255013
808602
787505
837733
744728
329056
785236
398522
495054
189949
3057
8898
833755
333261
946821
980770
310176
714899
894352
650428
24618
448199
790814
574179
49606
215853
357946
164876
510296
472331
13182
361545
882224
197135
378001
213626
198282
149871
473632
161644
274026
295226
985813
691207
300095
72733
382934
34856
245999
515414
157671
561184
942884
76120
119597
857751
757475
419329
284125
249105
231769
651399
673400
659906
93930
668436
557246
976293
981683
707249
762330
671099
7234
49605
43817
869662
540229
972464
351708
1324
397455
440401
109704
153229
705460
541199
593687
997633
341484
478703
118746
803178
272668
699982
454
467308
912089
726271
820973
770520
809996
559392
491062
977484
161182
604167
936747
903334
365890
465580
761607
312893
247211
474883
399458
903432
196527
5534
497302
130952
628857
971816
49921
399254
109338
624613
486925
899233
92197
239140
80610
731250
126503
802570
706376
734871
784346
38614
223788
603743
41755
605297
618034
185949
662149
267297
733747
80312
447952
207954
315729
958144
611729
790603
403459
66814
131443
873799
323002
708348
529908
324045
499101
144835
15680
554819
790120
842377
578994
68449
527445
736876
467157
739250
220184
971233
357178
269805
76994
194489
502754
12966
345852
806291
765115
968002
214854
213169
650801
96214
575519
402829
835794
458081
723592
740686
577856
804777
283078
295381
950640
600674
920714
206446
39836
887476
811024
288595
253014
379022
863020
752091
571754
884144
986283
240000
948233
302554
106673
486546
268531
790947
969679
923109
57336
663237
777843
486315
331788
374888
629468
591638
197066
647905
49262
141183
170175
654447
33661
735655
484602
861937
719619
79998
823987
147455
221290
688935
348194
801969
884360
699850
139075
88620
17832
59464
815436
686083
421097
186214
744666
664927
30249
345894
727475
706043
142224
446157
478728
851114
706668
190991
927846
181343
813354
279423
918224
573978
213236
230508
53676
649017
278572
83328
406166
993080
700224
893121
227084
768365
52287
206988
561750
526802
433917
154289
329538
852628
521972
479808
759024
764709
39270
817852
141122
51652
774242
289667
173459
476572
893967
143067
696812
840891
724945
162487
346267
535503
837246
358965
50533
938634
731549
998463
185366
243820
463536
305983
900444
314710
772480
259344
59382
927339
159869
731962
575632
705626
537202
395561
756026
961048
86729
314983
169164
968994
805541
270746
42344
645293
820609
723454
731455
456695
158674
666927
382774
44492
648616
373507
550157
894692
694958
215711
191066
865740
900584
954906
71070
7632
835284
728817
797394
592873
177443
743381
421247
906696
389224
733654
936721
770850
83328
176708
956749
862265
433654
715596
57697
537622
790716
762169
63611
528457
320518
46626
913072
840752
20257
374415
661139
6045
176087
926696
75433
193629
557699
276730
826097
99282
702899
322320
73337
34248
26543
272389
407047
554684
373284
863615
345273
341739
254623
36042
793333
319491
358686
280272
402762
913742
558615
89163
967139
690409
143647
900421
326942
443232
291686
14824
684935
634676
490467
674259
407453
526894
102037
762070
202519
905143
537215
91858
668205
977581
173442
864221
549456
370844
128190
527208
211984
408677
270897
326457
797935
205232
757511
612181
800874
902964
207006
432333
220736
699428
881666
769850
383773
8111
864738
77286
202859
168375
424853
365794
481882
602383
352382
289411
135452
59435
323904
313870
925076
887643
440871
733103
475511
88598
64542
928365
240226
95386
513719
386437
420613
258015
671376
435272
100178
52697
282861
770801
440400
319462
398977
546975
561829
199314
726798
510029
843370
93054
257233
628740
904637
780956
767249
794212
65275
182625
526904
508244
629524
273068
726032
243472
338087
737038
170057
521557
652433
305665
299477
813530
757779
814353
139807
552202
40907
917359
426305
761176
62154
985018
974327
151465
481827
221608
267462
36531
418150
207651
378926
830223
741001
344579
99307
612298
808458
958975
192167
214399
410902
499072
262440
143451
38659
426779
104206
76764
988968
643909
754600
891152
798884
975230
745180
793724
608723
980214
439218
532087
827435
950091
686986
645069
7410
685374
463890
280691
566098
30525
670286
986314
415618
355078
125664
704742
468760
396444
805186
453713
991862
936132
506880
867679
45086
223243
136200
67776
497723
95060
260818
254945
535429
972157
276568
459724
149124
310483
311669
409279
523115
682529
762072
388395
871736
670359
171967
905288
124017
563427
485387
728900
598037
372369
485306
234442
643019
171532
441725
456511
633687
506717
401436
311614
237168
854552
976398
609703
274896
650904
278688
746172
977265
887160
213622
786868
34227
865440
769157
524572
182496
500207
305858
384269
717265
215314
59073
215993
425103
153794
336207
188080
178764
466248
226998
442047
351123
153447
26076
151110
239758
646365
789831
232696
958885
912623
329140
801650
915253
755629
558481
932861
47904
161178
804875
969567
520318
280282
180662
774555
17454
847917
831791
95614
61889
958411
590758
935742
714988
977953
584999
280349
963770
372500
325070
438919
169382
67514
491591
872034
843541
600663
402367
930357
219987
896447
687076
974858
468929
51177
610713
589397
382984
681214
946734
783376
714803
410698
601519
367305
735824
420509
206788
20536
157543
400771
675759
629166
766299
22802
527284
323746
578675
425017
73832
478448
616976
695167
254401
822947
240923
935981
511447
85068
275582
650055
936207
497326
852647
837438
935736
145743
94326
646080
589773
561284
744895
146610
659183
600177
638420
516165
908115
587803
837718
838501
349269
285048
74310
89018
149317
448025
751380
201460
140020
408636
181133
769167
509345
584784
7743
331761
961648
771487
536960
650531
189843
912247
644571
97352
854105
800412
431754
255633
827052
847865
978748
893999
305726
832970
746417
141095
675746
376941
184205
400888
495084
709030
935534
851779
200298
803746
144344
206207
906039
679137
190192
81884
837820
289051
572384
949092
616920
663340
77658
523431
310423
534320
620136
133159
391549
342929
930162
947786
560531
638943
15722
701653
439409
649070
438293
757915
710050
199033
308327
907452
672493
805763
299296
92309
161832
565601
796855
907619
752847
902857
427111
761200
170636
283170
801433
99412
689861
506314
849365
8726
189855
734744
178609
900706
871772
886864
507459
745245
701359
960557
824318
445781
334703
752177
737890
619218
581051
191194
400755
450722
582816
372480
319281
260975
969719
550941
210039
845934
300360
343192
511900
734838
222693
511272
197685
543985
964865
182920
150489
828292
70418
92687
91651
949851
972210
533039
633037
824261
884987
714858
174200
83057
122413
733841
97840
445386
868911
67521
53350
34654
144333
279270
939777
26086
827985
634556
643625
62511
562068
964616
499408
757373
550852
488574
334497
660895
160891
813133
334217
768752
36390
611081
154855
910215
804383
25609
326761
158201
950761
368512
432151
76120
480671
810983
157620
672121
60883
359095
940757
750926
868373
492763
344334
394391
949102
159643
630363
524269
719533
440937
56453
423056
249510
931067
761199
187368
6550
221241
304438
381759
397424
510460
713355
732283
690656
221237
216906
825524
446651
325808
358012
769597
176640
562120
949251
74144
580980
160815
51357
618416
726500
237877
78983
365841
23043
217177
8073
924505
795360
952281
29563
517502
220721
380619
639556
902852
56193
390233
294040
632802
4607
256632
648422
884972
35367
180707
585348
753545
775348
74690
79278
475665
9864
959703
629098
697455
885790
157142
825935
564973
493850
91816
609551
989215
478425
884954
104963
727599
443657
566488
577302
163985
797727
817127
16884
189478
459749
316971
812821
77214
814343
437390
747052
915017
46560
899534
245139
479165
313994
304294
915219
269375
779719
441759
864019
740533
669053
299384
787664
600124
74786
436213
550928
998067
119081
779983
897310
795696
305338
448182
940130
313370
951368
941881
70931
333105
833268
80950
426765
789383
949411
415988
544582
703971
382318
209566
924131
177632
103545
536968
335703
39349
282351
811090
265651
604118
143740
591025
760913
450554
202910
745458
924956
71304
298833
782134
741857
415868
93883
209163
363387
973650
786409
565751
888863
10091
567916
138595
400669
925382
927832
628270
814732
29603
379553
161912
814017
549303
748231
151706
676796
286178
576854
644394
797643
766014
949576
477311
147546
955456
266708
570250
964304
331686
98301
970747
101705
167900
325247
107651
301515
482933
96331
228607
684047
613914
558496
621120
797272
733058
981978
951121
267704
154703
335152
831794
41072
394100
300448
960741
216734
932212
467052
37652
725616
243489
446901
513782
866682
135326
68770
487623
720863
645099
433294
604594
58791
905832
126654
989573
387218
322143
755127
766352
215129
920947
139971
836204
189432
173860
994161
972411
813222
224216
766249
263176
242894
308493
23808
173967
443543
190180
928617
404115
865908
734772
388841
263794
426846
713155
626145
354865
139251
121489
558069
728972
823286
170729
874430
211909
350317
692946
442660
335685
914273
102880
993259
862414
892385
967243
569431
827167
458398
252549
946699
601467
812016
194245
311749
900005
417469
461857
670173
701241
478897
494569
145130
337109
417639
553857
383044
567386
71449
911749
443918
356374
587180
43793
955262
967136
261912
982825
773581
309090
924058
52227
239077
323014
411669
717357
446024
658742
701119
634106
851150
774960
335858
862192
298881
637917
113744
801202
981724
730101
507917
690213
239712
768166
242198
186016
729196
287531
277698
546021
397412
793674
15001
899319
465024
344983
779176
141661
909231
124803
572955
243273
512627
922510
602380
287378
454407
471726
943378
439063
681907
487199
844621
935368
61070
398896
280774
141485
538626
666281
723777
484079
297720
784279
100588
432854
756537
903517
977710
311443
23775
552057
719491
189935
8653
777882
769459
105006
532819
398602
906928
431345
523198
205273
583922
312698
548366
338240
380405
726890
709085
68401
40230
558161
70905
537937
757541
66491
612701
165160
278717
345589
737474
312062
762670
6665
278046
929415
71777
849237
195221
602273
694164
981314
177781
814613
475753
83555
772847
714921
664581
852202
596393
258814
731144
410024
232537
724563
166137
396325
676995
218634
795397
890442
3370
959538
808604
396096
358145
644618
104530
703090
984580
537373
88812
275220
697551
574295
68179
453477
779534
700092
290317
189519
467707
865244
845470
62967
375479
914274
236385
751478
562749
585210
794958
127498
39813
356512
518120
767166
290614
711446
961496
334101
570060
5647
631310
426755
429029
823885
753773
117017
336632
442926
914345
774515
936316
962682
114978
304387
172500
899786
558822
232659
799172
955381
181125
172780
227502
611940
921637
718841
536949
374465
145538
762601
1041
155150
450851
745241
817468
698405
522154
323055
825151
669847
124130
770679
979269
319918
27236
938146
766939
946701
363121
798417
331737
236058
30666
864680
959433
687206
277247
200471
356401
520353
583172
456154
305621
444880
435286
773894
38857
918163
726524
729427
162778
634250
751148
944918
204754
58916
32482
27930
717322
689770
176981
329449
603979
35813
97920
584686
68194
922689
242375
355471
312086
142428
528953
264450
401938
331603
63211
344341
647119
718324
882577
844817
59776
176998
278973
978565
436192
623826
384039
919107
403119
913379
108685
718018
303983
886423
811091
652496
859003
47559
645612
194852
412364
845751
39364
795706
878669
68286
160978
22985
966470
864162
447513
278273
432087
612882
565585
418461
452461
653788
460643
988451
85639
185921
932588
127328
823496
623907
334170
655727
411642
660520
602987
275875
557354
612945
696058
993388
570924
945094
479753
820255
243537
653109
150154
867863
926000
378567
525439
119653
279461
592719
949832
331121
424825
517167
352128
378415
643183
653282
364817
47914
109449
651429
433207
902932
587574
669964
162189
74563
81740
790180
662705
208702
453856
771469
233129
247070
359133
664821
781970
839822
986042
147607
563901
594277
312415
420790
366803
434345
94148
437069
23992
551015
611044
987264
334495
454025
540030
220756
776137
207189
18203
775642
363252
909982
829849
484754
324287
572359
607491
494212
301332
647473
618141
975933
654698
637982
297726
820410
323004
530514
438647
744239
675846
477740
251814
509446
288663
839885
12271
570309
703339
217777
326403
140153
679851
713981
866022
436499
564178
135188
373834
221803
194537
394671
382509
405430
42779
92866
57008
527897
133111
917858
181083
919009
146923
760710
390726
26576
902391
604224
773347
786594
199639
193752
312950
36535
863246
303970
67217
847272
395191
439421
651696
246677
253545
528799
559173
913875
734995
735252
848443
173138
691262
940012
791704
426246
858703
99971
731359
269267
52573
826953
137490
109575
731119
92833
895319
500245
517941
377038
512408
399173
642795
999241
215505
913130
74539
468299
870488
366760
432990
135942
446876
380055
507389
680529
848215
624064
247113
457563
430571
14136
741238
212797
380104
345879
789682
151319
31229
832759
861467
618071
374585
655912
819358
695846
31730
646368
950077
267798
160351
649328
579001
682417
13135
410971
378530
532804
372596
142205
714541
960252
503120
46531
289238
320001
472825
501038
77384
498504
611350
728587
608430
666914
287538
719199
87499
509032
381075
880605
164514
514306
666503
368576
7415
56076
251331
651447
416639
186131
915425
927294
411906
803203
732560
431295
768373
38095
26265
864381
453460
797900
572504
277274
94257
874565
223407
356419
423084
110926
680103
797696
258057
202591
662638
736647
954592
654408
362395
540226
875374
458556
133648
150517
246747
737312
95011
733784
366892
811310
367920
938801
939066
902045
553634
439154
402437
322501
434407
228289
996368
8717
658728
625331
677514
244791
788512
891364
156528
64617
366333
411448
596630
800589
597485
264446
986697
214124
447114
132765
583377
688553
143546
571208
519961
232902
421096
889
428097
193983
80482
30498
745135
452524
585367
936365
309426
148586
983515
145179
112671
444905
44732
378735
658397
673902
753713
519175
637648
31230
500210
338918
978428
36963
126830
165590
589200
835301
735270
148046
771060
767856
952379
177265
876298
327073
349673
650244
279082
433854
880986
56871
561696
532261
879863
708814
407431
167738
328944
878026
320578
226266
169539
457358
669403
406183
976960
132850
751988
999130
441687
526109
827205
340043
73658
254265
78614
863169
576801
350650
604579
642775
224353
677155
645741
320890
396454
550506
415549
389654
929482
764071
396842
940491
684776
599383
352496
871537
558485
934656
572914
164361
134055
870794
407781
366491
521256
144085
571416
783369
715815
720925
26126
944128
737771
655109
589021
411262
268213
679102
679411
143738
890634
369852
971641
589960
363078
469611
631472
816160
805807
376513
736910
818226
347924
359241
965385
830620
394556
294945
726101
549127
2996
478400
14457
88315
427366
992915
67393
674795
455598
791421
80716
320827
72115
60836
274147
179159
998674
965752
486913
550820
693170
567324
496516
262511
790825
618347
292913
716938
118772
629012
85305
588032
93181
533390
229382
572629
519241
507432
53203
352193
800283
363717
774872
765181
271751
818764
380339
627629
157472
522145
111119
903245
23617
368462
931592
870006
66711
840153
753860
359792
577258
410080
546387
51763
315935
751237
317984
404436
597309
358766
41826
378133
755536
480821
579617
871252
501914
979905
575314
486321
478100
415890
488377
403807
845188
179254
54805
516077
711649
828771
229749
962049
373656
755995
458729
616722
385106
944629
605523
544780
244134
967540
154834
140389
567141
539269
605945
671647
46699
474254
786693
14228
978916
328136
163615
828582
667904
723548
263762
498028
215668
10708
197686
506337
236351
22097
400143
320578
56383
662023
251692
870065
269240
647637
340006
492146
647627
520230
130665
585822
639579
487911
253176
638895
686777
818313
69887
168184
441850
662397
407896
509848
384834
176504
338910
9111
698393
377110
963372
384713
268938
87092
200492
259467
467874
295073
377615
140641
400641
852568
48633
82209
884805
543704
748216
891015
980192
312062
500949
363061
759225
125314
959039
76150
544194
702817
182435
811797
558233
889900
43088
764844
727603
68626
286766
870625
807352
161222
402178
939542
293001
266193
661034
440918
424006
698698
404787
576944
407115
550758
788507
918314
61814
936973
161097
971266
365882
78072
169344
850957
249875
642216
652109
178126
464583
248655
430662
46040
942771
641855
978365
711953
104115
104826
180160
56832
749418
661834
127059
722145
578422
607020
77268
121030
337945
725762
29595
888148
340363
125472
398282
134826
803679
389415
28138
643716
594799
20369
590021
899138
220050
620349
273818
694722
421803
830114
440103
456369
438756
322747
843546
683252
653177
501168
844372
469557
965163
487516
847740
135443
843070
178255
731803
279851
369788
945401
105260
755436
987995
978536
282638
45005
114036
110212
757709
994274
854097
307627
948286
282528
889619
437806
30845
676497
191068
622863
633548
342399
250506
489324
96933
241506
338474
556990
987494
390334
166640
173157
254921
759871
855590
473330
698029
928977
799575
632160
507169
386575
982847
761079
410332
257059
25413
592532
668869
199708
230305
752743
248144
58412
210919
292932
272383
688902
315068
510595
857095
804691
300016
79592
838933
811732
368283
311434
647239
246217
411912
119123
279876
505723
776134
115920
312624
118511
544781
154024
379567
971718
390972
556867
288441
676788
368566
615244
131779
215789
47965
369405
267863
53473
452466
867004
493631
234456
935855
777262
690852
138157
958003
839007
804137
921175
181973
688263
824810
694652
49209
461273
591429
402777
923792
768550
405141
496234
996543
489091
843114
625897
130405
962268
333552
454313
181131
160365
815443
535231
291488
684890
546189
641214
120829
313186
69613
701608
991642
618767
391458
596750
585630
820381
227885
457340
352307
924898
958322
219053
67775
188419
949540
709568
710778
570324
37861
233244
580404
204184
966593
784597
367136
603780
742784
329608
363982
915121
875594
685487
284168
833375
888396
732082
745715
141050
421069
93974
980503
411286
560636
593375
741597
419261
646809
939598
911734
361001
88015
999016
324383
454103
604551
975624
757783
648710
982320
967809
848817
329698
452878
552802
316546
608795
718180
271982
893606
478976
867262
296798
677268
186275
673034
385922
2702
367026
903179
765562
757655
543901
914591
303410
388848
587387
66830
528476
299949
953018
489110
985548
601124
88940
821803
124714
565649
993305
907806
251380
791118
177532
849372
306399
731103
528014
780663
773544
258390
992127
155055
855592
536084
486157
122435
328692
402319
954562
601494
277990
177735
376243
791387
643676
949307
414746
576465
565898
82961
386959
311885
117496
599449
582917
683562
136989
714062
607398
605236
378429
340793
352358
955548
870021
220681
5091
424341
995872
286250
478801
491924
643273
844972
921416
71236
914972
906751
891761
91526
320676
779229
929274
519949
455915
625015
718094
349580
101196
648305
245071
764549
127150
801307
918998
269028
694797
819961
796590
472049
72340
565917
475269
108273
824749
952666
532082
360932
762898
322599
883294
636237
770807
963923
139853
599102
405211
211588
813901
614793
448543
993588
819058
286931
861526
148930
567328
988954
230709
268181
439277
375093
554282
436035
416713
729940
178396
797991
878133
91014
384381
138463
234314
760892
427647
734557
626582
728585
194953
988545
607054
572283
959013
480638
654426
225829
517059
643838
547984
407505
897921
754268
185642
329282
694155
504943
183669
728170
556921
479759
295668
731041
807005
418012
692812
307061
537942
866111
112871
6159
924664
491003
328222
287887
695668
805015
999479
760778
793698
539806
16386
770344
459643
392570
651102
536009
524453
966374
46323
789241
627524
51321
671049
234022
245770
51795
583670
537582
336654
48047
673268
71944
813806
404559
276735
419255
551290
494795
862407
445732
974864
221408
899223
302047
840884
506814
854475
765305
732719
423157
916498
269509
279029
890818
971226
144249
482406
307671
438804
585115
133373
197878
560842
38065
683312
998156
176131
445242
132660
557702
325682
997933
781402
513221
912645
113870
804569
270718
618116
685193
602651
768914
420219
402278
742497
291646
537732
425607
143056
368306
651627
345
268726
340993
372134
786463
718925
296549
580209
463638
779819
894357
91952
202764
842283
221232
9055
839437
471125
697273
657157
376001
776671
893674
172420
843891
730285
600787
325041
451953
879982
536215
257681
433570
630608
553870
460586
362434
144850
208017
324993
603190
138785
343212
679363
478345
113972
150828
473747
675484
105189
581410
724400
989908
239748
284449
693465
994855
693795
241710
110148
829724
506331
260418
430176
572887
554102
442219
101337
667491
621120
820384
739541
883502
796722
677193
501024
361197
556101
431975
274043
199460
535373
962752
12735
886941
599160
773778
716719
559408
480796
237592
933640
191133
257348
101284
68445
39544
377591
275490
450212
208092
273814
731203
294800
353927
732150
509072
209771
946425
598538
76540
553584
407038
543940
573485
810272
212168
780363
625911
776342
604043
853518
416232
276849
790524
357087
260063
390841
854401
631906
951274
734511
8850
426597
242775
134848
45905
220880
131291
110426
232939
679425
370979
804600
392526
379320
292654
294781
528961
76231
180550
253288
142795
249803
56949
719162
900509
105679
532622
80244
136187
908187
488432
785832
103233
111970
919270
945303
689725
461018
900163
528855
911354
852938
300698
993930
681437
540138
182148
127744
922859
614389
823372
452866
33991
774235
332921
573251
690119
916128
776868
224736
535131
369520
941453
792437
816163
543860
38107
682994
68213
933245
979891
500987
478932
189467
8900
945701
623077
975060
798526
952166
258827
343619
968957
859344
831270
993745
506743
104907
44727
116464
173322
791128
813748
851331
289158
981344
216039
442440
403989
647704
920049
5081
772142
938052
75616
252752
519646
555561
3152
550508
719070
586684
577943
778748
885702
765627
828960
279198
729311
979479
881893
521523
434659
482236
302627
880558
502552
166228
65524
297961
249154
625452
668855
657673
886559
818613
15661
572082
811124
234939
743373
175224
623592
43856
370405
147429
100429
744810
361360
379171
721973
423035
494011
147611
380660
563461
398037
491071
182401
531107
374954
48598
169669
173114
976533
293534
997819
640071
637770
501696
959994
904879
523080
568121
764649
706931
143883
356301
98524
265102
296462
957115
665751
295787
232206
946035
986909
553365
76499
990863
385289
719590
558340
375146
974744
378703
858756
276195
936186
903159
586731
884707
302143
774827
586432
996348
573957
794825
195731
792000
18871
447893
739320
342871
370415
613593
251919
751968
781821
636598
69429
191736
806959
469248
753741
567333
780119
267603
775429
862922
49297
595010
515059
221433
178548
362446
230486
369736
121453
437146
165083
626057
217516
687630
277744
683175
327708
839647
301780
837086
53815
902532
197338
930504
12731
146169
484377
733483
130937
39717
502600
850634
116834
410966
492484
797324
976940
266718
530478
930340
995319
186472
745156
719325
328677
653040
979570
380049
774415
756207
259541
272425
252576
155473
574954
159248
303444
186092
349496
880209
898748
162254
40612
827730
311980
97305
416200
665569
945622
276948
864734
492231
645371
329587
22207
436395
740264
118930
388570
905544
592141
111160
605264
30650
281234
244177
740828
335504
807633
177109
108348
14935
631884
386430
599408
220123
25775
888139
412116
499251
533459
972571
162319
950426
943650
50788
306444
628839
577888
589457
675067
492216
775569
144527
483953
942409
581052
4847
438698
39213
535354
704152
869825
484443
624970
223318
503498
580400
10311
128410
183804
950990
174165
666905
134750
18489
219094
44765
768472
578803
435205
436222
845759
481317
302118
426425
38048
352982
241914
964127
469273
666869
854345
125963
621439
514534
986543
521329
863279
383481
522727
595656
550699
963557
743249
997954
15228
353930
410601
717286
828734
644966
737283
854171
977784
816051
260845
494453
532877
39270
385288
781950
285934
168304
896605
916854
475249
84762
799634
425883
225793
569139
80470
133947
123816
860386
732872
58197
331182
161134
546443
41064
474338
993492
917040
483645
290651
344201
736917
325685
220157
811344
208503
78348
482460
780237
66551
825848
731462
393975
928178
356358
328053
418139
196665
503086
987660
160879
483913
288527
973070
832003
789889
853153
764085
132918
338450
296431
393476
85266
988675
693879
244401
596948
995555
881301
246714
594182
676013
124225
247305
694700
570197
533765
81649
817156
501328
948260
317837
131430
615173
400051
256984
64226
21881
532163
814734
726666
638931
42267
968190
912748
256948
250739
765421
201829
28761
618911
989693
232347
97069
870212
373215
341611
987059
977145
748132
284633
490440
527455
848739
919618
641828
769495
796201
731051
523913
760422
74364
755074
575040
607319
699946
356379
932398
18472
635723
443798
149819
196508
447724
519177
873628
718581
253346
750080
844221
443884
444524
233687
942984
373753
927636
237043
372362
375481
425685
22653
183370
965096
370846
344912
673071
663043
78093
744592
607410
342638
947434
442304
948466
611676
496471
859726
11482
787082
813485
617845
790062
94824
974895
92542
912586
668020
493759
474597
197956
929295
874534
444944
551797
566964
778141
559380
374703
3343
449199
975431
125083
755372
801447
158416
244346
177606
823601
845750
695766
968046
833238
32405
412092
181743
215758
933273
327856
951518
980263
383649
530893
254022
27446
197953
671053
759401
339499
716136
665895
635584
317572
58476
665700
230242
750572
412668
515912
726233
556745
703689
442271
603777
81223
460945
790089
204162
50300
494502
830086
653919
681657
871947
567502
195835
840188
844370
455803
952767
78023
472422
217449
24134
739254
985983
678505
393627
257688
794555
944736
403624
842065
691574
849042
111266
602126
713345
834825
585612
294483
687246
533508
622600
832035
723000
4106
372978
473976
372063
388609
604244
614145
890058
199971
143407
738528
331032
177571
715152
953591
382827
156895
510026
457098
413648
996171
12744
826647
53444
516518
330075
421917
365123
704470
381884
99561
985925
178260
117496
945762
388189
511356
424207
636618
456134
366419
692542
39369
367058
362680
693889
87256
774618
962397
153682
337759
526492
319734
807480
87432
880148
377751
192910
679957
501269
82872
285645
498520
910070
577095
51810
630844
351505
21933
656549
280499
215191
313030
241359
241871
939043
39002
309669
870840
157151
941882
572282
752150
722445
97345
104185
35249
356549
536995
901134
159418
529668
480527
998857
386332
739388
484947
778700
95538
292997
659246
401491
181629
830066
860332
144565
144962
309700
73710
215210
481526
109612
156292
520665
831173
23819
889315
587297
959093
66455
208335
830376
37565
244666
65358
245253
292645
226967
870234
393303
225768
160161
366333
995012
953137
77508
983001
207653
704608
851314
555143
239473
606132
211398
551244
595997
719727
190332
874595
479297
795199
386962
897815
863565
573003
568894
979007
937009
506708
111538
525231
808016
478611
178525
203962
837934
66532
986651
531596
467388
228765
291032
327456
364535
760301
773416
230132
669756
259399
575613
68101
404127
582233
263762
381355
603319
202981
103980
135640
313409
359369
993929
988
258602
128766
781225
505082
65679
992243
648999
500988
160875
129513
671639
335930
167152
426675
305719
821770
285095
89338
624521
750602
957241
828223
35928
336953
495069
795100
730891
766453
496411
752504
428202
712598
915238
581732
953172
289165
674171
245831
403238
139417
809424
864613
903902
293121
331385
758152
527098
474751
979053
924591
295637
929649
179221
578943
923697
659354
77717
905506
199930
352135
194440
245248
418765
882831
161911
540671
666972
639215
945336
702859
105487
335149
689218
101359
426238
949045
540649
165051
978138
27417
580410
602548
269760
436075
2437
875131
523035
2516
843732
481596
591687
316716
593813
908117
98655
88871
142991
451610
305699
97936
174034
87401
504624
897302
13286
570113
461817
25480
122570
678533
308735
909151
383750
715188
281672
635332
627030
40404
971982
645477
49538
417416
674731
69040
787503
166120
571787
64211
513055
996059
581092
796653
245920
411396
484355
175918
707569
288126
796571
742986
791674
55655
724239
109506
95582
958625
985885
962509
146065
763663
173728
188200
245164
163710
489349
337563
734620
541639
75580
982346
752544
942707
844218
19296
167952
372688
994290
968989
986080
198555
369207
834485
109565
831305
8727
567698
758350
290890
247085
112825
230645
529496
788379
996093
161847
42263
535222
701006
150927
668003
711473
343854
420648
963072
400150
78793
273108
324602
913804
573437
724888
821369
406413
204934
630105
153035
118480
977416
866804
512387
462487
334545
525056
691466
113725
724104
248543
521883
107760
502313
979786
640043
676950
448728
760275
321478
373943
526081
498495
787546
432231
172147
952329
63003
622447
439673
263528
243637
533364
379539
178744
683906
775980
830880
986175
180705
9668
480374
780338
358034
252562
727406
706450
921672
137826
367198
547737
40098
52598
900873
215993
499607
28573
335677
480958
370282
195187
294143
826871
467689
382764
452931
61481
178185
631062
380265
832981
59916
40540
191604
396982
163702
622302
389845
297046
672673
279505
6077
866627
784358
188268
544995
582704
314836
307760
59430
481094
85418
584131
817745
590457
598258
311663
160129
196900
490469
295694
504407
521594
419113
887340
128110
920400
329604
306137
743558
341200
302702
307393
100714
262964
290420
867672
212201
73742
803920
691984
445561
940371
811489
18955
155730
279729
917389
535385
531265
307302
494939
623904
967516
12802
40026
265661
959965
677790
114795
270130
17334
349708
914801
922604
89481
540535
146449
503516
950027
70675
347108
496104
595501
241781
417392
213473
857803
903805
538936
658738
685096
838955
57113
887938
235077
840941
413418
591136
195505
629607
239768
951988
753265
237047
31108
234031
6230
873903
95944
553768
604527
840480
222924
312377
54580
579261
931726
853644
137482
2270
123230
238104
208428
239650
356076
119222
393514
526693
748694
121198
706541
694058
714520
444853
788169
55477
764604
283382
533118
939149
661003
985407
472611
986416
198584
354690
306162
24153
870162
847519
579479
362310
619462
37163
408583
938798
273521
396622
238610
69271
685654
645269
887877
658010
222369
141005
107919
987344
686894
622766
970835
54807
838255
31622
788039
639715
121781
883075
94828
910536
164378
400251
139086
642653
362972
491262
755609
543935
803381
218445
808777
127555
286057
59298
139182
986424
787963
724173
12296
175230
12369
242166
233632
736647
746912
109647
563005
724540
663598
301805
176564
900031
380944
811622
518101
758659
787950
223162
42836
728531
475269
522496
734478
116666
746499
777525
981449
310411
622789
595277
139923
92886
350125
92171
572619
60744
36647
888302
244725
479993
737774
227777
168141
667071
619704
323587
385532
901600
431289
496323
331959
424531
591366
335350
878296
584230
700517
892710
704800
365177
364564
379494
425439
995535
208765
991526
765020
71578
858522
983236
394933
897903
30328
387145
972798
789418
464843
86289
195878
360040
857240
642729
265397
624275
663220
115644
5932
741553
688343
307928
571612
162907
166170
690732
194561
587182
793575
465646
913499
833259
630899
495989
461019
96590
382153
880540
353234
739730
51719
508423
335016
96048
725660
759689
371232
334112
114595
17133
553088
895868
611921
8907
279486
124586
96680
959061
465175
20316
236455
675315
366097
111857
786577
418769
127149
738756
55758
442827
945107
986974
341597
567444
275290
321210
249127
640228
128172
679482
90545
92936
204645
49095
950347
756062
433496
152217
273764
538566
100745
464952
637578
642861
668318
218364
210514
820275
488696
194246
186270
154411
533263
971664
276004
377467
784865
989814
815168
368696
568885
726850
965117
567745
229739
743695
421017
639680
486765
28489
781715
995108
187171
615381
913240
171475
970884
868778
572016
37097
813871
34653
339848
912393
881173
555267
470481
220992
250563
652121
958162
197152
361043
365527
274085
881953
612206
663659
105991
879919
599981
792712
234459
877815
909537
327267
22003
654090
110275
158787
923838
517043
761474
792501
434265
694529
648644
503873
371275
97236
268566
248005
988193
732484
471674
598850
972870
667146
122777
656554
632114
638162
881057
629453
787840
60792
325574
753116
880738
604148
55987
211188
697031
739432
971986
433474
630795
906874
566366
605836
213839
189433
103131
876755
717751
7470
511903
485402
596351
954357
619202
273877
64301
90072
229019
450962
800631
568544
742236
102589
881132
125875
44262
945425
917977
13823
197413
262457
387425
734010
34235
130580
565873
717658
845446
391161
596095
35700
714048
748019
89357
259413
42614
493332
79070
376137
391571
277565
645645
894291
383314
269089
920161
461745
163578
27630
357797
301842
946610
523627
811732
225523
710816
347079
228358
504312
232961
586813
685299
441665
617899
780971
873309
722391
805370
336600
677101
34109
598981
31823
992483
276928
44483
709117
540761
730906
69991
368872
398390
858916
585374
333143
103707
490037
115066
600596
491039
425004
538260
281580
682357
80871
590962
524177
311792
966245
528028
586705
767933
949225
213206
116918
408216
346668
2286
706123
624630
366764
341903
469663
61580
885962
77400
719611
395014
372877
278718
248805
694569
691219
283699
754999
279696
187672
676568
80034
692249
459291
246391
834312
623700
782590
495309
119614
297596
969736
843623
69438
440321
382471
71764
50739
158244
903674
374465
711328
927761
758701
132971
640836
342750
21600
413017
442437
141836
391552
812147
225124
760212
753328
226706
250880
58534
955526
62465
468904
236703
435939
991745
506365
730953
880483
396881
277614
639648
441266
213893
833670
296371
978249
67003
928746
413380
13318
580770
7363
622591
688612
724682
721391
153423
537220
672763
519014
60868
491271
207162
56457
359731
522873
684284
571760
33452
611849
593527
810412
412789
686006
480220
146465
108052
801884
504886
983132
862149
120302
825798
574396
583511
913926
692166
504215
369597
911161
510130
418486
591514
742967
109528
956267
961291
256486
227337
525182
887878
856865
611787
180705
401967
915319
149413
14989
33016
112741
992421
818369
578732
214422
594146
402872
712873
562983
452443
960985
764496
248768
519149
721787
289572
796087
324122
450184
452798
193158
746437
298241
894895
618324
294959
306196
410759
26040
332009
920805
79011
737870
591082
546952
691407
671117
90604
403959
337892
441192
22577
949106
241508
556542
384091
476456
559319
54629
211957
390111
388789
752796
611487
677368
521577
557370
11036
793408
763885
89219
143867
576723
136615
310486
220753
521531
775165
837664
768741
690493
948874
165676
709505
763613
737680
92226
171930
501010
740205
738714
567382
152840
452016
81809
465424
454442
542144
780066
935338
280058
485965
554402
996037
907204
734259
959765
744105
793127
857680
965028
643845
87142
102953
63926
648965
12847
749672
593913
920860
746361
314874
493240
840433
648888
209662
865287
339011
517408
900608
375554
699583
377458
419009
210055
334920
93302
641064
308940
855144
375835
412201
640179
946522
451954
499823
184141
903515
700060
913537
375408
296706
420099
786332
976280
266008
704813
837708
830131
381085
453120
484924
81542
634249
284710
685587
695608
449051
383107
398961
825250
60451
933670
375052
814533
886956
853883
85312
805315
935110
664714
868786
428603
104154
931340
402670
312748
313888
435333
787166
492920
83373
637892
506503
1285
127038
792537
781904
834910
470175
168108
854541
299155
772031
533383
743061
497758
939735
820939
3185
691076
694024
328821
968566
832618
635123
908283
28313
74996
828932
156031
382019
983820
558838
295350
131286
969908
84857
738998
574778
403722
666650
169894
881481
597694
794421
591461
251034
81415
660919
220427
698956
782716
348848
154078
307373
267363
282575
117294
858953
691933
284388
533492
926519
990374
414713
948652
304265
638385
459422
534215
933996
354830
459223
259945
202554
708235
664567
646127
789132
180899
259446
151954
826624
25529
930614
527728
245650
356382
334333
55803
622180
212322
634305
142758
265435
405678
189149
587689
132261
699305
317558
231643
891413
701171
397058
821213
674907
525158
605595
170714
490366
313232
457299
692948
388508
201728
307206
363448
587027
761124
58796
342410
382574
400244
75131
914321
94068
437425
896090
860915
510885
147702
350148
499548
321937
559762
835478
687035
489029
966222
50458
480086
82070
50098
121412
247228
109084
259001
191033
381302
45373
235285
589938
562450
962404
53447
348907
395874
172287
998573
231
613622
573562
789748
528060
222186
307848
776186
986349
710969
647087
143747
188473
782644
923607
64867
987068
897907
176477
506335
666322
729387
828431
404296
408661
670296
900623
449097
297133
80093
188234
319175
739976
828941
152432
23861
417709
637884
708912
385736
564831
115754
777901
548268
875902
929852
428253
194021
125625
684941
856324
928267
274245
686754
184632
776662
141518
461868
938107
360676
637072
46725
604800
829724
543775
731150
441684
118555
324007
80402
805787
937499
189023
614595
319463
311268
44831
904917
688858
407917
305758
599196
824391
866328
117144
555490
169840
919163
62508
119899
234831
650044
389313
351619
418822
997864
736988
285827
782333
811090
477965
48056
257398
561251
350836
402799
901092
612574
424566
719902
303681
991644
827997
662862
3057
562576
269134
971212
878972
999778
866484
175003
733763
246132
868321
925846
286041
463036
682573
745944
46283
684687
499997
890894
375130
146736
97769
820441
33086
118977
399892
880900
463961
552653
454341
333276
404360
715018
54476
486939
711671
686761
119166
763637
388973
519930
230884
34563
8905
456316
461503
565796
492615
95877
905787
307328
74342
856917
255829
221290
85893
34818
301682
224431
625960
577289
463405
154238
508313
190600
944399
35099
664173
318996
695349
403597
719391
966019
96770
799887
303519
554577
761517
953791
417603
739086
63839
238685
930053
104139
488943
179241
584151
40959
765926
256689
306048
53099
313173
791257
45914
467365
638526
80248
575033
433022
733537
770190
663177
684247
119385
935178
775267
312271
893057
868861
808554
166156
592933
123103
411775
669544
736779
811266
188683
505667
608532
886822
712027
438210
278881
806064
347361
936575
124873
446947
305859
446284
546254
672493
795594
383802
874880
375934
795188
41085
960982
167472
555896
924772
149163
139383
547051
112806
343060
831146
514633
345656
932554
296277
522900
790446
998003
471214
914125
304257
714542
813834
963776
686820
625042
656174
168287
320839
159072
859952
286792
850923
732472
555914
6722
201690
836694
228166
870828
795852
635719
843574
583738
820758
372052
977290
466273
420148
126739
837832
445283
620009
553175
922455
515823
362269
26416
720630
484116
127708
162425
118377
78120
29091
632176
468958
895427
327203
509718
588242
192455
271885
427044
342535
851688
843256
26037
386542
657764
996925
114088
153582
645886
535252
826212
243999
278597
873212
349666
404517
184864
121831
190986
737659
218464
711110
105888
659514
974430
813720
961524
642482
486904
524541
436593
619835
264643
339525
34761
729101
513156
986037
863969
2890
97956
100679
816951
331646
522390
349679
288565
875274
952198
640443
922954
839193
924109
511549
2077
642534
761015
571413
987021
445958
895253
851938
20237
281120
707636
108301
907357
544720
356156
735873
824363
648212
559612
110345
900602
158198
178517
60994
811290
375982
705815
536941
575099
731732
738203
455055
347330
107962
309387
480327
763594
134555
959179
989456
661689
210080
38991
653840
238820
324202
550234
987484
248489
575138
490531
746469
302615
113890
460416
775563
53882
394317
921545
477843
769796
51461
296918
5750
380475
693442
59088
255561
833557
726114
253671
535298
137840
893859
976198
544244
246673
756957
568520
6356
924910
791510
288375
218064
212767
730902
476922
790336
249729
416274
176368
537855
589950
539078
280029
324318
64639
330478
936959
334072
424201
880990
568343
874530
533173
672477
136504
869670
320586
888169
731181
920504
249315
477111
992236
506674
562303
540334
352602
165407
349684
769876
353258
284392
597080
351023
113883
391516
223765
584404
716381
167433
203547
8646
471496
893911
60239
35497
705656
716727
744947
579108
826904
393336
368440
172554
981176
241370
180372
579827
871275
233907
619204
62226
699973
235730
800449
337060
18368
240243
903157
669444
500529
922114
643798
716339
544813
49687
124970
140779
53203
10895
940606
237790
855460
586980
956257
512290
771104
440725
734751
150127
344773
859037
844909
591175
22937
703737
120610
703495
321145
707773
222584
69343
663124
948744
290306
678134
35890
221068
34089
612980
52285
254209
357725
228572
549032
745781
31093
346776
13854
625095
990338
388340
371500
60857
117227
683975
494645
734667
487156
496577
791209
128877
972472
214537
431760
266406
769021
294222
865809
351087
936944
647396
58666
821908
446950
926986
167816
671280
614715
233549
742972
307518
431662
721163
294271
364407
192828
777213
724289
689752
465511
811512
15063
262830
543423
348826
791500
618893
480185
299591
541526
8933
632276
339706
797739
684238
282978
578927
193570
301467
439529
305280
743968
104372
340298
372353
385611
38247
906502
86598
449102
242896
990597
141730
994511
896127
725957
60613
431499
433454
710129
967316
531430
573187
55458
415523
547743
838192
812534
974901
614674
930499
214126
454323
487886
555445
572298
751145
298026
585270
21027
231451
292798
89048
995210
276782
405013
696722
495716
416575
546362
452425
724126
13748
125370
543148
419038
834644
59511
448493
154956
658118
778859
874626
990977
923182
371297
62790
517592
607568
106242
84877
281645
523417
552541
21640
9770
273513
578319
297380
610309
705954
267168
101915
641523
930062
159794
911348
329378
894838
363665
874725
3361
586220
87214
473209
594037
456987
348765
432036
176450
680320
236078
7142
150781
247597
611406
301065
633410
797007
583857
176471
595562
42783
130174
898493
646257
271509
335942
797227
935685
552588
363448
777095
528348
533876
7086
377650
274259
252793
481203
504242
435773
344736
228184
746760
604118
730340
51839
509941
969467
546745
567757
957281
36617
55102
129682
894909
276460
65889
733991
433964
622113
115486
715258
189134
97486
518614
722469
268016
283932
141230
3779
555710
787501
409688
166682
31879
932638
899241
62047
356312
324268
701767
518102
983413
638202
80375
649421
820713
938153
105822
305372
368996
683840
332657
683834
737147
71368
231837
655538
170985
949102
237562
773431
969882
541476
775967
406954
995554
42105
582038
608350
839888
434210
413989
424239
18985
472513
932754
535352
415053
644660
966826
522877
902070
896051
650399
426888
131926
213152
956025
520617
949509
60658
749031
258122
431691
913670
136694
316186
204478
150884
365748
606271
23260
251801
910325
436433
411777
627193
498399
702241
705719
55640
360700
119977
884562
59635
276096
642483
690535
167135
819781
967970
612472
42065
702303
661923
70688
511740
477500
207782
828828
374178
920827
37665
503764
39755
559122
493825
585802
972460
744904
115228
61845
199395
901340
509078
586378
932039
56542
719302
793819
42561
413190
436047
505063
434691
188650
580285
955047
427198
505804
614301
263551
234166
278765
540690
440859
405984
76405
530518
83865
213352
592943
176082
152681
836969
998144
2180
982788
970923
968238
496721
634481
752898
594708
115403
753200
885474
491542
759089
465886
438989
379004
301052
369442
131769
448939
957799
28733
315451
987295
195703
567184
101766
971776
793090
443695
106824
98555
669777
456499
963046
764820
621079
737485
309718
649
478368
286079
166655
48783
397224
849878
557360
566328
418301
789276
613286
278749
599161
382635
429694
899729
721519
560037
805384
572810
740639
336943
744253
280399
203874
94878
692930
460358
569639
196575
27172
242903
796761
266678
934366
992900
421369
166981
344917
982781
396351
808759
274065
786410
838425
557385
506201
627046
76000
235931
790647
364686
251952
78243
352371
652245
549946
617193
367406
271551
572178
969356
263271
418708
502836
314349
792036
543630
509702
199053
712119
864780
823349
621562
88964
213906
269205
682763
219453
887417
489427
141878
926158
38084
995943
297881
95446
89205
575449
988280
882780
874143
725760
377981
840195
867336
722739
767938
857336
370415
822945
404997
927134
997258
998275
606928
403995
53057
279212
129612
884722
81732
851661
340000
562249
378770
234240
199137
440908
359076
655980
302208
32694
877976
375140
179914
326685
409895
988293
819515
463647
284285
817539
262296
860303
479524
30380
588608
522697
934917
764908
367083
360142
349142
411782
941731
896401
512806
260306
840099
586418
480077
89883
753634
53824
647496
57292
209254
214695
864635
679757
332220
406810
479156
452551
115516
824889
542080
797667
42721
580118
797262
164341
817900
841772
588214
173024
812345
660149
907406
373261
325455
459797
488011
436672
392522
711571
903566
876998
129486
584040
533015
584208
716814
315523
409262
797028
597400
832443
19402
113900
198366
66732
488852
510560
681495
653362
373759
823673
170700
472721
65304
794846
867738
154547
739124
369345
407827
25752
569210
882613
418396
115000
253398
343210
276037
194875
702952
158075
633793
864289
926735
677093
733425
214546
679186
80723
444467
876916
292540
223827
535155
811575
125290
88255
348971
399980
199768
275687
379360
796819
339746
888973
94411
106253
717595
534440
905890
975865
110071
689095
484516
656968
147117
740594
637112
980095
27145
432220
505181
100873
729734
824237
289223
623993
999061
186135
878801
48117
807132
185342
199611
121796
366558
430737
643840
693098
503343
450214
263507
232613
197092
946718
275482
180062
445858
87088
666854
262809
796989
604843
159439
230103
597809
85094
658498
783597
216445
646777
347722
422996
576100
118571
866856
58711
710495
527113
244266
104104
867579
332133
614554
379697
384008
788954
595213
888889
580495
757041
692429
537015
867425
376473
629131
229765
512050
518068
388087
847321
150259
853617
519903
970504
7418
470310
343013
489897
212178
491571
178717
226985
733198
905099
619983
849641
412184
850550
637328
123820
383446
659141
681386
334148
507473
922183
228251
559939
691252
615859
748066
284535
911930
237751
357861
391874
431876
131530
983174
76971
795954
98841
999590
571803
320631
368888
288156
82792
133669
913019
255493
605471
443047
56916
128653
409743
149256
281604
691561
622809
451649
163754
915078
13789
897313
375600
134791
173349
592824
795095
747554
266672
893702
503215
196090
753226
223691
765905
86134
584049
988679
744943
565931
650986
901528
998209
707977
988986
549084
378511
48602
263882
236940
559941
631611
830566
59020
378237
53098
896522
894544
398879
115966
821280
356658
25990
720103
801078
876324
364136
366242
575456
250477
83316
333909
846275
710588
46663
91193
796630
374265
602291
343667
28759
172103
888478
138708
552835
674401
441941
379885
490894
878514
638793
503112
469566
915273
394260
612865
169032
789655
674800
929157
94434
543278
703056
970036
547282
701017
793864
930628
312456
705906
604493
366664
210196
84109
535957
600622
629851
562238
360521
248933
199590
837192
707793
22048
257915
956742
332174
40753
864579
468344
651092
668832
841904
442370
39185
471877
33628
82559
391627
477615
764828
154701
879923
880337
824696
897159
20613
577407
25902
762357
342262
662548
403428
560103
511308
869087
997863
892822
412548
897565
191927
783115
237759
583457
516498
311080
965641
960703
117887
263690
12570
945297
250920
878496
243916
347664
592929
253278
514507
822939
753239
283583
343275
384515
27935
929963
167106
462844
549232
527072
66594
775957
76693
31906
156257
112152
988571
324916
299761
705526
355689
153634
721129
963197
376725
156069
912237
789501
192897
272453
847214
945024
130116
406786
930412
923453
816514
863830
860080
554519
57108
39464
41052
194608
27701
10849
334827
988053
682279
546395
904692
928985
823162
590430
264230
547681
950706
151219
375178
429997
182006
20417
593599
200361
922131
203459
552121
515781
708380
753999
5433
741098
858958
297297
762088
425296
869978
548862
757286
156481
681467
84349
834809
666066
474424
898663
77059
502019
36300
429373
185444
114733
829253
965460
622210
70610
530883
4519
536819
824237
462952
822626
908657
731495
402255
881975
493706
733349
82052
362759
925306
47811
883471
283544
256507
560520
45584
370057
290637
698972
581872
916336
221780
365554
958128
125034
717759
230376
343348
897073
725997
934325
773249
289782
423589
263898
161843
529573
270245
247909
750431
847652
310451
509711
513833
989026
560713
477840
461926
801306
351626
869046
551073
195593
541660
49727
535544
487050
452604
340010
399671
704612
313414
683769
628028
517045
337849
304191
988792
344800
423913
720017
731056
675160
440148
562249
966211
852626
837946
112895
110957
735958
33781
359116
244218
544710
726376
453193
28108
722222
733239
556543
811659
753727
88819
369468
237045
990174
168319
477732
149027
254534
271755
626819
547567
177247
902971
557280
983160
176032
980211
176750
873598
129433
546945
352576
780627
724091
880021
206885
808767
300398
218678
189717
651154
796414
1461
407860
179991
916560
70368
427836
130813
541314
195708
572466
727285
643426
154220
67197
425836
877043
107072
791356
123106
620912
152706
525672
789279
309885
91669
655952
374226
318596
73413
222769
738775
556317
512953
249190
205730
29760
760354
401413
379620
743065
972910
507292
291243
335679
428811
854709
571780
862139
163324
570177
225230
425510
31684
3141
456901
998762
128065
760275
466589
147427
252539
960501
434027
873001
12888
248692
383783
693413
487864
481544
949322
487329
243038
559109
330781
334633
605089
398755
453116
887922
397185
424542
283219
404287
969665
241297
945575
992409
759352
763360
709350
96291
224331
782205
246562
832025
345576
689273
614200
378006
478184
504570
544891
353285
297133
751232
186528
874831
48998
533058
227525
524415
184830
811391
613765
213110
16074
978495
164366
873819
668269
270805
801775
413053
320589
474602
915379
667882
827731
382107
142367
256571
813591
513656
118459
773031
829729
538403
48032
912180
405585
196868
566467
72625
928763
435764
580745
501535
301569
452299
659910
443978
829418
762174
335331
743224
997296
703179
812116
954512
774684
759803
546551
765971
958179
610929
50317
862437
973982
995975
115755
577817
766959
117763
731444
591068
178489
153978
931921
963899
877600
227096
571127
156368
490521
859780
890824
20858
11423
641129
61988
722195
500127
603756
720928
259787
984361
837740
429806
356842
111597
559743
563186
251371
371466
738807
528836
921604
564222
716712
364339
233518
943505
446341
204955
815894
354424
460169
772782
485234
453466
664893
29768
710510
149709
171062
16875
991026
168401
793759
510362
258895
42798
569971
656083
952725
789918
774930
305345
71805
777109
1429
72452
977597
529385
82387
997521
844241
259340
701038
396509
205181
282410
328570
355242
605984
638308
305679
128479
454907
490100
340624
509028
737552
189977
572512
154343
495602
718380
890481
132198
702405
119382
748178
627181
849479
214595
658086
892436
53525
162168
565703
230771
609463
717049
540531
905730
141267
545104
559278
259260
690605
566651
979104
879158
922551
251284
627224
974721
37729
600513
894380
918538
836632
247821
113914
400552
948731
731875
997135
341606
582817
847676
907433
555932
910413
556568
435029
419755
582968
863449
941855
337208
400131
158695
342758
889867
889597
559149
874952
812508
603293
684308
31906
855470
581306
628765
601125
794571
416615
594897
831597
472478
385328
363512
983993
933360
688925
980308
549557
467379
943844
747458
3095
426293
29253
121830
551039
84346
344047
930978
303849
869303
898469
867900
347458
925922
293393
146935
485022
735857
916043
195938
939360
423897
12895
560877
25149
929977
173600
515615
199865
83384
431913
961765
290430
318657
496418
883800
568417
984758
496180
124
661537
658608
471131
537552
709582
695558
221361
501610
419857
313504
279216
916849
271828
225350
553567
474892
5285
633720
473149
238526
12306
534856
233539
372162
777583
814159
800921
888292
729393
282002
189292
718926
292422
832581
83370
634056
782447
671470
853801
562569
779045
616607
316867
66785
594813
599420
183922
282799
718877
710464
930231
502228
252765
165480
302647
556186
670046
891822
103403
403007
617349
906041
976395
720073
856138
653244
793996
251074
99013
876203
355895
341743
23920
858813
398814
667126
772044
668649
332824
490689
79064
271671
676333
420588
867539
620503
971528
381424
527437
249751
399357
710605
189678
145909
383959
849590
819360
823862
54445
608431
52382
417116
90389
649343
676304
34936
39306
258435
868606
889541
281212
457820
356795
308019
193260
718540
218822
287582
388764
260066
393178
440092
429581
90022
45205
93416
861716
969339
91120
328518
160873
978363
426909
854854
67122
790672
349528
465096
782427
61277
376818
50145
538862
952271
839075
611435
162472
328128
329558
502773
178158
481631
289696
913177
573062
852275
8589
519793
152940
6517
717338
351406
789831
319960
365226
660097
462616
133381
98353
69397
58353
139631
872872
790311
768023
616756
422636
965108
392238
596062
658304
747742
502017
204663
878104
71336
208201
813716
545499
343782
390666
31176
353557
62022
408425
454853
735686
826272
197298
31162
26950
989307
854808
248350
925084
898760
783755
140744
478775
600725
438829
995960
294683
606079
892059
548045
835019
347720
596658
937127
86657
125446
922010
995884
255184
139644
478255
291966
94975
473702
288549
449486
613606
973229
510109
690005
893905
992289
488182
786004
371878
464626
221373
664009
327684
547830
983774
188842
782700
956421
517923
337848
326826
296388
337925
744353
548204
238069
814058
238364
242248
672288
358069
371479
177866
225462
620963
581702
647487
801339
28403
823339
992407
794236
286827
370397
663176
739569
379468
504001
21368
445085
444821
942785
756941
814988
107909
465778
178545
823392
888899
913755
968257
493237
157364
930295
177953
915745
527641
660488
252229
308287
229888
40075
973180
386055
13599
351876
499980
652558
943615
93836
747577
192832
794420
774055
165251
836833
146343
587091
49217
422268
348920
286143
669893
518497
543450
846883
451427
976774
988270
741487
206949
315483
840162
641809
190345
848886
899102
155572
268804
141608
424164
769626
608432
857243
380004
392553
502042
661871
246401
205098
695873
378932
404168
259283
381540
328724
487415
924658
400932
205766
339396
18500
657022
26030
745491
401313
52118
545388
421144
8635
321941
522475
450540
693235
330245
997915
246835
352805
584717
623284
97459
788779
377931
740966
273211
647449
165946
975100
281674
326166
259936
277821
970473
375474
473709
90068
446493
358269
616446
292084
609443
764250
748219
439425
135071
971713
856618
539664
185111
643060
39408
422024
907241
91460
869017
754390
702
160705
76990
88422
945047
297421
551405
816005
126926
374634
755040
405285
618497
819620
702270
112603
972102
513109
819785
487517
960882
574499
787722
789954
636039
143920
373825
591092
906093
863407
880879
7887
468016
453130
221008
21339
980757
34498
692846
394581
671608
784015
391171
45897
752305
855437
270247
454999
496081
854832
786256
960727
82058
265754
900672
71295
162218
3313
787356
525832
220865
813231
867471
24071
436904
403559
310908
629396
69048
861957
723546
777875
413897
896209
278938
105970
940562
53160
288871
78435
541909
359278
310042
552500
316872
140909
536072
515752
878292
163400
34131
336866
442118
987191
394962
880913
918559
606032
986271
65173
233462
35744
584150
46235
614113
772976
256364
323710
720274
852972
123490
132494
843160
683124
202302
724257
980759
227740
664835
330728
871341
162602
297089
404625
926048
632907
491831
651758
860911
554834
50568
836303
439224
227438
447559
548007
157999
252912
93932
879243
189937
993861
722188
493089
691466
587468
679689
599363
136977
703921
182838
950288
113001
510455
433754
119738
413563
750035
455872
820739
974355
514361
840266
911682
262732
73183
229033
373757
824266
316536
599834
631022
258284
17022
77368
664171
398764
246573
69871
995891
605998
576782
898134
515661
718522
817503
443690
904466
768627
980374
873096
991698
674876
60737
234737
810635
928449
478796
78815
627554
140897
988664
395365
181831
111509
38455
745529
638063
176051
467327
982150
199513
922544
944607
277771
300466
294881
792602
195844
455271
343473
335542
575251
136088
463174
707148
171346
430184
29850
987372
188082
6372
421551
542111
632801
96580
94579
116633
357419
305072
959448
865156
355885
554901
471420
484459
407841
257039
682394
113517
277115
122802
643420
551459
241147
899217
593993
932921
601090
311263
357897
717230
386619
805159
723022
247400
219381
814647
428796
991024
83438
119445
696485
97116
326501
525635
683438
131573
243231
975546
777215
730254
869480
125965
661742
312239
977262
397388
615340
499409
697894
86256
203922
185264
794659
46592
8083
742489
696390
204894
174383
705621
354056
157022
677662
534191
411488
883389
894979
512465
957966
958932
209217
161723
825043
956036
417453
901348
332797
688518
511789
322253
317471
765458
457697
178222
528384
887101
709115
368242
789821
659520
977750
833151
259317
570075
648675
133192
157282
628422
62516
969799
215171
437837
600574
295078
606654
450611
767092
810140
920880
921251
510617
977746
429586
564682
588180
336186
461083
800419
168439
912338
423530
807371
330060
758551
594384
936271
427853
41533
606832
43351
684442
219353
229796
792621
132154
392957
746531
77048
278966
376723
943789
767142
336630
859985
697415
669289
450710
15279
982269
536112
154364
54863
43980
440878
716104
924721
737020
142201
237206
613527
827697
856167
525027
55668
692320
594003
740379
775704
465314
319094
778192
260818
921558
96420
2970
708696
664257
314162
543192
430239
338997
125270
562325
325517
981560
690177
817865
208760
984293
224451
808454
508211
487140
292314
69513
476931
981202
409452
589971
323408
475139
690100
211360
210459
91924
877121
241700
609189
405494
562543
509828
171916
210167
64482
986552
814651
3102
229190
782632
18860
113414
583299
257631
772991
453034
816210
897432
840928
97765
582177
365565
686837
945892
236900
321510
115274
27352
969022
18005
769958
592420
310876
696554
139631
399923
394723
704694
37324
269012
275837
957907
391648
885280
15587
166023
740429
23467
596338
405807
897847
203505
678128
483691
854527
624717
191200
592979
580868
935279
923433
129942
521207
320587
336183
971453
28762
932332
319670
553388
852164
68809
388908
728755
684912
959463
627124
956116
560529
931044
377810
768832
175843
319624
34003
431517
594370
664766
742108
685197
878205
669262
241583
82113
649959
65333
979640
863085
191928
883653
285309
53459
900668
674791
260487
387307
175467
928005
727166
975006
731351
697485
305291
530520
855130
440343
224964
876244
992027
615801
275396
815595
251334
991107
995093
845366
95616
798083
19670
324495
765385
352778
68698
116069
93381
432975
783356
933315
231505
659581
901081
460764
462991
764554
987963
784127
7843
757741
175951
175840
437905
234752
346123
436366
944315
910075
834277
497362
856713
28144
278430
725497
695882
568120
562678
304723
518412
7916
13973
892232
762257
217359
401513
305526
639208
556778
187284
252641
817646
30518
523510
199703
98759
482814
215369
342009
998752
313060
750625
671836
459338
602506
349064
731863
450797
371561
434166
420688
703085
100490
175805
566162
279455
958930
286486
593623
968279
272857
961809
509552
76566
825120
20275
173855
696620
732541
526192
756011
208426
810192
698812
415961
834088
926196
78816
1394
78843
237639
614234
151545
379004
795061
670008
571676
986750
728592
950472
546696
867136
696249
800718
839320
72958
222896
379054
636019
290466
445372
183124
296573
102669
171320
663461
761302
160405
776188
125412
439047
622764
252849
616643
155939
995115
471926
59751
574698
449401
556225
118405
566694
451884
481388
325956
289339
878786
353426
361103
402703
816881
578130
450210
313778
43127
109152
772766
747839
146761
598426
541224
510493
475443
153790
224618
23359
427439
981450
268102
214785
772120
599499
190392
493499
996291
160082
352361
985747
320698
605792
377456
932662
541287
168654
971325
288769
425110
877675
990411
337857
338878
479762
190807
688021
640589
404686
504627
8807
490246
714864
706372
675190
170978
23131
456149
520432
10382
233120
687452
537473
299170
119753
202968
452265
96547
435535
660321
778772
67696
741791
76033
229816
311461
111203
376363
653725
420753
354790
84935
449582
606132
892920
229344
196441
504367
346277
814489
136643
10868
739664
614831
151124
726449
489021
74942
122648
421465
218848
338848
847529
363607
89800
522278
184989
14090
402119
495492
996388
693860
630022
870552
165095
887713
982458
252496
721406
199060
522202
785825
600674
468506
611577
525791
95650
396574
709837
51389
558789
699990
522149
542612
17613
474318
11757
51946
419835
15981
184361
683719
225103
358738
550224
591715
134013
98991
750918
423085
350858
726298
400689
78123
152332
286273
777737
710348
979247
758957
930448
446989
599663
240814
10502
790817
596723
667246
666420
72023
9737
788719
632533
812612
71934
776699
982651
659645
386106
130040
833156
634358
633376
459039
709882
209562
181858
148434
615278
77126
704812
607331
271685
25817
515643
472527
31293
294321
745260
410092
780303
825286
15058
104132
999220
882067
128663
935821
157934
73607
701915
27905
732788
835851
278875
703019
776178
849458
281930
143161
995662
186141
380322
11407
772731
867749
443875
891477
157804
385733
677740
375893
22238
224392
897872
333463
238084
524752
733721
814371
137375
843214
540590
541148
636596
890396
405718
853902
368755
366942
162316
372198
311368
431148
925079
172255
963471
627647
351812
696036
996169
736660
930876
812552
818895
964158
559435
239374
824793
25357
563130
978949
579950
578192
281747
703054
861245
922477
504006
565185
17410
584143
103105
626009
449672
473990
844604
841524
32009
590995
762357
414827
520404
655751
385158
542676
155864
614442
844913
908432
358771
614012
633758
244942
767770
825651
907974
263303
518137
340068
60686
386890
48377
580615
503556
282000
854998
751843
648087
735769
82726
190130
562615
913451
806783
902569
811393
27457
373216
203977
155080
89584
412345
466175
222306
959929
974781
8264
831660
851681
909658
903815
224482
493737
646487
696616
78234
158189
524398
653819
542598
541849
836458
24649
253321
421796
36719
532370
634449
856216
136268
916897
880796
52692
590075
18295
167639
53991
878493
286022
770088
739063
700917
304797
507999
457377
590848
154401
11086
432399
371481
140145
918717
512135
908585
191057
193278
372254
861632
893622
748649
414045
893679
583998
262826
243519
45951
198272
734199
50258
223669
260974
540389
442160
47090
226798
489779
752173
768724
448572
275073
461089
923977
531184
609362
884171
280831
895831
88331
80813
544550
964579
127966
795893
367685
480106
184043
645756
618829
91488
937945
103542
580376
647339
575080
785670
833284
249933
356451
803871
553465
480449
724679
451831
499031
901872
896312
957204
541391
529011
325165
528904
560749
255995
716795
344356
392918
32052
109302
656832
643254
8950
35374
432372
973096
103821
552518
549639
236845
433930
738329
686398
373588
623748
45926
204403
317070
796365
405080
727374
69419
992799
474430
314184
956100
868512
816213
542826
919845
424909
199762
546932
508296
688069
775105
211045
128442
494756
540789
213962
205627
76076
860393
844192
800148
695375
250786
164919
331490
644040
628993
692628
959681
177223
364072
851089
546665
742127
587244
325513
286701
398571
264699
557431
854111
617322
487422
581784
565157
239656
950063
614747
979145
209431
696942
2939
843722
975624
518771
217671
214535
240252
138514
244362
936311
967446
561443
194562
898394
139469
258810
692373
46686
666272
81310
207151
338454
466646
367952
651516
239685
628007
979173
138730
645172
545802
4721
181761
316829
100038
833636
149452
824670
884932
336635
490707
75942
657197
427186
852833
871540
276111
651762
596964
65135
965127
128779
588174
911958
724416
693535
533469
798390
318812
869126
2452
823525
467018
822964
366247
477000
447766
639994
368173
369803
403144
801869
445414
929554
629730
283746
170878
147612
824188
163642
344867
933167
895059
220390
767506
790686
279493
781604
489781
622801
343798
66650
657248
613727
839302
230826
245420
760822
509192
959412
155052
156797
146756
743240
810383
532209
775191
649084
582171
50462
538222
916173
329442
838507
777560
801890
318126
895582
873597
746979
500756
495613
226635
435436
947210
600170
625331
967476
403840
331044
147891
895625
663913
927779
277464
898106
343464
783783
406879
352183
486136
826592
82496
969870
65978
798761
370126
844995
32377
911684
691514
264955
784929
91080
527600
284786
296430
318964
551282
999033
145146
379009
853269
262756
28651
910826
931234
279772
594549
462363
768625
352598
662101
30647
196530
49545
931692
855824
66770
956374
347763
398990
975542
325675
943995
490928
639292
861886
850271
398948
155761
979771
487936
758825
272548
704945
174270
490914
118541
351245
708501
640467
288178
810321
647704
420804
881420
824039
161370
972251
517440
32493
323604
976822
76407
65667
357835
837281
422177
259360
205020
887197
968345
137756
295723
501115
413026
300179
41550
225873
757806
333312
972363
745948
77389
493337
894592
181592
129690
145816
82104
871661
159983
990948
952790
845325
14476
849244
501097
427532
15125
895454
430569
546738
258133
497302
932447
503923
349738
892620
886660
603254
784914
216076
394928
318293
373368
713944
471804
780248
834789
472385
744021
754058
92547
127702
513191
845909
142116
805910
724881
731845
314302
49382
937032
233727
169359
347392
351131
590905
749645
381226
317481
578856
960957
800036
173083
735247
896491
343754
992286
801788
641078
494163
119914
580865
790628
618420
850271
964024
854251
230112
741711
700382
275628
962965
540699
699817
232782
347788
416120
374592
178543
160908
109402
173596
227274
743703
917498
490108
530398
401987
441803
609732
997529
132724
456390
669825
23123
643973
765203
388388
816369
556167
192496
186644
684368
902152
768719
593607
883226
926028
547665
620195
320185
508569
637567
521075
755887
630216
505837
8406
783390
166256
887816
579791
5752
297646
960030
782463
704480
834527
543177
818610
215392
598321
477293
237765
465668
496602
166583
769737
535638
1269
529708
95588
229780
858099
197326
961829
851190
616443
580189
457863
428549
42945
830153
233443
903789
746868
887607
412788
478263
97473
413468
606382
648656
240406
319290
746006
59481
573417
71860
747759
239773
955003
566350
849068
846811
495570
152799
314023
593860
36824
736668
463342
613490
800150
424086
401134
649346
29175
458952
553610
841969
403496
406632
844500
920699
534843
281473
148524
877022
727890
326127
271410
293844
180461
682013
965322
310136
172646
538654
287273
175726
387494
672536
777520
768792
331320
927497
236917
418524
495382
697591
120560
840391
669934
403733
967568
331658
9714
705901
438504
479868
874767
284764
685656
101184
89326
184486
726939
583325
92906
113239
537469
418421
233167
860089
813749
789494
320678
783306
884503
578223
173209
16567
859102
603854
614667
447368
777410
344564
579016
554439
485411
902788
365070
527734
544505
423932
61886
791294
293520
648162
275606
21904
664054
687362
147176
163057
987705
92633
665423
672233
343353
310676
971887
338098
601272
513959
644212
345704
53298
619486
448761
179032
424933
994098
879413
769165
625471
177636
479262
81575
91142
90945
958465
687789
399424
817048
425023
65047
322953
916437
679783
302265
129760
138871
352591
994391
732818
476912
988362
71062
109588
876896
973027
958195
27326
809101
336227
889945
111374
75802
749896
23114
197198
874409
643912
334172
703139
388248
983921
557028
550015
514565
294754
83200
688777
651735
791796
449993
137704
270112
169498
958254
303016
615343
257381
820241
576265
586793
559315
277463
460550
458084
294805
920302
443669
751617
165794
355399
937235
449917
69045
535701
140546
766852
122439
307106
774196
342205
726119
398096
224469
577941
891056
824234
598481
663983
875107
316103
839063
391297
91990
101740
758739
118577
829832
807085
687774
871339
30862
301566
959514
588686
875185
707267
243133
233133
130497
581065
881243
949606
37259
576699
329076
154868
343653
795723
867694
195105
936991
828383
844249
337917
817045
731475
3530
515591
325788
506790
79215
161283
312538
890855
552562
162533
774219
653184
607653
143477
159709
486289
250847
219913
298027
799895
273327
51907
991002
999388
109187
190541
436679
327375
275031
647740
218377
436541
773321
639625
636307
382680
789606
994818
743702
542124
503873
756269
635881
944186
854173
584785
381695
148767
325488
936746
704347
954194
615776
326347
520792
240801
950618
23301
1879
291462
980708
715159
373880
673260
945196
99012
891832
876003
734638
42467
696767
48821
117536
31983
514277
748415
657579
459715
603702
648406
165553
759767
826935
696676
225275
947214
529536
438190
25084
287721
29987
742685
358159
72443
388001
619210
680485
204176
336077
411314
277558
839267
746293
757254
595270
988956
721414
249723
212307
838824
302750
378509
558138
973810
626831
139655
778732
182680
695840
835832
642680
451682
570377
77783
442905
14388
727675
329682
662378
861659
856062
312349
689079
911526
875084
685135
98387
24693
78246
391093
658745
247067
184590
311803
292226
420576
314969
332340
967469
425758
624543
888400
787778
981643
361731
464287
575971
209606
528459
839066
952749
865995
257445
52256
340659
58867
422811
444928
891953
880555
589778
631543
243845
448647
251383
175896
32914
193775
892988
368501
197528
864201
429073
13844
115331
624030
699007
302484
936602
222547
16726
425865
246252
774440
240746
119407
194254
171724
996289
766828
917300
641429
439835
962100
192528
162544
306054
89347
370683
662635
915886
490236
109693
313184
478811
440361
760672
493343
233552
284411
201059
255282
487556
762603
831285
619455
599705
696755
446625
215945
998277
14360
405100
881958
791589
598169
128607
674086
655119
584626
602962
773529
672637
573757
815767
292864
751039
967524
994153
945873
175337
50600
900435
982961
934538
769630
104063
578363
678038
246991
728476
380915
54001
736660
83083
338952
130030
555892
952069
485894
893451
474714
56382
317899
538695
10571
86083
104736
993696
270044
25796
621166
992989
364707
730345
345140
407804
903192
327168
807201
42080
254286
548042
78467
701661
329716
928390
242420
683043
265947
988166
259887
586904
594896
255684
688115
476540
649110
999280
584275
630985
616257
761221
663188
999674
206405
155793
480525
809240
414768
665019
377575
721367
683090
653453
527167
305998
121660
307053
148495
918619
765314
167659
158644
616626
940374
825857
491558
641038
470122
202039
372365
184184
908505
814109
574959
852410
545391
433850
767466
208440
951963
328741
989374
405631
925529
757308
233907
818776
108742
865767
508783
984947
488786
772262
38199
484715
274880
70101
569363
749042
996063
242409
480273
227999
789502
209830
553607
291539
757345
920933
659785
536692
491489
506634
323356
812165
412016
178870
106027
861180
294092
138812
869913
545952
79706
559360
102645
730172
409072
160183
753263
765837
492128
43636
483753
358499
908420
312295
814079
147311
388942
728038
849757
5332
486648
923272
326544
265245
948207
673133
142707
333329
84956
9185
781567
43934
812117
843763
898618
785974
123325
754716
600259
615255
285689
759300
813902
165041
532520
330678
252487
853458
16716
690908
628208
185200
760361
119144
878365
323527
682208
513765
341521
238773
191336
11759
531515
904535
369428
796340
351814
30784
761984
797756
552276
169041
399464
769121
917505
623141
247594
808065
555253
898728
1099
898953
806996
670385
701072
910768
567554
741154
400960
169444
885849
999013
681935
328411
652432
524741
948981
501813
983435
313766
274347
911696
132098
563638
675986
706872
407625
971075
897759
724172
988437
615040
835593
688369
187217
372959
786481
735769
983967
465163
758071
636342
124661
119185
826386
736059
505249
307028
979206
792840
320962
189854
303282
495078
483698
135553
188408
328327
390438
881140
223681
596756
627645
494907
539042
930930
115317
23321
725316
286542
932327
811904
901198
331539
691487
208249
987798
632747
437593
270353
661900
970940
309194
822077
574925
557727
314353
880727
988167
812231
309033
750943
792202
553510
385390
963261
718460
410881
828011
302893
719911
728657
220509
443061
585886
17969
678454
830882
512534
574721
805844
636619
69334
790857
596151
481282
342481
244510
833733
532445
660160
859385
479119
39138
488051
742176
444472
368887
782414
953761
852284
508449
28225
685821
707713
359617
621962
951890
292607
903843
305395
997023
902033
832788
836776
362488
424794
84418
975569
611635
114584
10153
320829
117435
172081
642616
152865
629064
897640
837683
102459
296693
630391
141587
644684
266435
596798
346058
388020
275742
997768
702426
326924
20379
689259
935356
469863
921992
895335
289082
801409
194435
997830
649722
327935
38283
994295
966675
910719
642146
817505
867666
68574
673196
18200
364834
300865
966000
595461
669189
832417
840658
483178
236559
547595
342849
681383
560788
141622
745091
910449
122570
599527
50617
356105
326406
529872
926995
104413
872788
717327
312930
522703
361759
869833
127782
492830
340814
109130
518576
446210
551051
451744
96246
99230
972917
808896
147220
44291
569935
14020
331179
78580
943362
206163
113463
817736
243660
680891
603738
545960
730938
811611
765489
795012
502005
304417
486899
9308
229502
213760
86825
916696
575629
963606
419048
915271
362047
684498
756800
573668
380045
510239
578988
861436
730640
74345
623852
862570
442052
923111
326810
559627
216816
128206
733768
974765
166629
293736
858702
80342
291442
596982
337157
824835
26120
671539
734254
830672
60218
804538
598827
285737
247569
38752
296738
390324
483084
75049
696152
189711
187462
124962
293764
928913
953100
957639
471891
967336
66861
375343
658311
40169
25328
803058
579081
980419
905950
739508
25158
760560
363887
872577
863821
474013
784125
247727
587109
300822
427052
352046
797629
636103
832991
123445
494668
842993
961422
80115
548988
766295
925563
251114
830952
918530
708910
395605
683406
592078
984126
727680
481333
242905
921133
162017
252138
31392
293110
579506
970313
292776
311012
246034
763722
12098
330315
958865
723947
625036
111945
783938
602810
4245
778047
852419
119211
575885
183172
546546
303818
87865
10100
434917
572500
445903
684047
3512
81273
999435
857918
570771
356103
759461
869361
776813
399383
799828
530044
595508
115071
668355
617491
144867
839867
641124
974140
938960
661553
752460
232945
580895
440933
743731
417572
831262
157960
54951
396681
761865
173688
1077
226099
723562
441946
232806
377539
357551
238018
761061
510156
796372
137047
571643
951457
770293
563926
115296
763561
227953
969563
164215
664333
559927
159495
199948
683496
58014
889267
835061
729188
131955
207889
555488
814774
880444
254304
542592
45155
520101
293592
268591
437178
88937
611040
386589
475317
939979
330632
759323
673108
893816
919042
972529
58108
318336
1616
361588
116441
652446
396506
19036
218758
97393
83923
461271
98301
807971
422534
552497
540298
274093
401
528835
836672
927421
953021
677982
293923
584960
370427
707801
949598
881609
806792
114903
234957
393042
580595
263680
793174
187300
546805
664060
401789
986317
39971
675770
558402
545838
55161
917413
510075
684674
862906
468210
514479
683396
996691
864456
937522
222752
557550
651873
719444
890376
638939
517090
223600
133906
624740
988694
174038
677046
931844
41204
694799
61178
88581
452027
905212
896346
198456
868280
587615
59942
599892
871494
82654
146740
339632
205988
504464
15446
595190
813079
219080
97884
648654
634090
68036
728523
894533
417631
832379
638330
738924
23582
227280
62518
191041
940131
266872
664018
597734
980967
240134
926069
954348
700184
283664
435640
518341
580717
966536
694158
878106
625770
525903
460984
280282
400888
750894
142907
162391
287966
577010
79040
17729
165414
330578
273826
848490
435479
208286
779388
322774
869181
220293
544474
634174
651652
461827
155483
443326
413083
150927
223039
119566
753594
565629
859211
316862
847807
564413
588306
82112
136837
686845
73275
674587
487323
955598
929073
325130
190677
840681
575222
323037
801791
677991
285243
443647
647357
903566
74849
210117
110760
822908
307821
404561
783779
897609
234994
698028
507163
607868
489845
855044
423588
778088
15222
260539
769851
84119
244222
371356
478126
403763
586005
878573
594131
504383
415964
97165
327
195627
657466
507592
805855
466717
261640
613839
362523
134093
322428
398727
741549
502190
200699
50765
797138
991645
98052
666577
449449
301588
772257
322324
466042
523686
278231
40029
256745
681344
81984
240996
194897
286650
364121
566576
12315
491225
403178
995101
767297
333244
905494
58173
234263
384217
743327
771683
270796
936225
204625
960638
437943
980893
891025
44302
738777
413577
851461
42263
376035
357255
937954
402247
842784
158215
132270
92601
845795
516713
79504
925129
386467
343623
115355
693798
29116
470643
605494
777675
607553
261311
25313
111562
35362
704846
621567
6222
731111
878021
104905
680629
724215
817739
166860
727292
35471
258732
305235
836689
447410
529940
446424
302668
808216
219860
489101
401135
883072
78552
601179
480481
684235
471673
143151
496489
312626
3757
285628
19578
306009
330032
486638
659187
111249
265740
665823
771693
749737
341505
570839
613792
906446
447701
220675
263515
978065
291620
3664
65422
461366
170029
209899
858112
96670
436784
152032
269348
668660
204055
931801
689778
969385
448106
204590
893519
723767
680996
485537
998514
676549
553855
33806
800242
32911
135119
816725
422988
961624
468443
339219
844273
587825
583394
133673
427684
451314
827285
40495
387022
259503
950793
338574
283895
381798
999776
251029
645966
247556
322056
626578
919172
533632
261539
103095
391555
385957
295819
485413
967349
512853
572138
394619
108096
223887
871676
576094
585544
655524
802661
188447
437853
659652
946822
739582
690250
55390
508258
654958
889783
406933
765515
961675
277039
897212
653947
960927
552373
586405
301837
842057
589771
783259
728438
678462
565474
619632
941945
50099
710758
828569
829259
853319
291913
506327
129321
11588
511620
18457
486676
37350
704773
17479
276494
820350
476511
526990
679474
582510
114040
83827
108297
543878
474185
47719
952992
28474
98974
968799
295532
595210
375751
762869
769133
598161
442668
337977
229513
843037
154032
499564
493895
646503
887695
273584
437031
336854
369241
524072
659158
250407
141613
226288
161935
165312
413087
955325
592271
63486
848920
504258
352350
5953
348930
564266
920773
230179
822963
451620
938223
47209
952530
407253
376146
846002
266014
724653
382920
713497
80432
980595
99528
423886
658403
266079
606603
323223
370572
135846
221441
255927
898158
155593
815171
874747
718767
741687
950502
189328
50427
910848
463869
188487
143979
285775
168233
381778
754894
579244
820413
165519
594871
940921
658920
326722
567565
367993
930802
868983
388225
587613
688293
677956
601140
72251
961125
176464
433989
984657
700691
921606
491825
257515
415584
393516
562771
116625
805150
972979
307446
720804
200111
117428
839597
32261
79824
258461
36213
85811
794287
515285
417360
817143
649031
569340
153693
647855
549920
374136
452016
933318
580813
309762
19942
426467
24349
288201
387921
650252
36807
209887
63456
446984
784916
245384
647689
740366
352270
165461
729209
227237
894325
248200
743281
118352
724071
994717
983550
441327
980791
60530
279169
421947
376082
190367
963982
967685
476738
395480
48669
878556
142901
9801
217418
519833
322888
600500
403020
46983
324172
17969
28195
390391
149943
386124
635078
819454
150997
406120
197386
993177
855501
980993
817082
533332
267888
151975
451300
98706
873943
816990
257403
501097
272414
420150
584299
983700
452224
875239
937293
305195
569698
762551
977906
414099
548604
353524
729443
293175
390234
587647
754631
669756
280870
183513
842769
752430
717005
889317
806184
370334
420708
932841
280049
957703
135561
256286
890772
133172
403026
198236
579425
41400
826827
271767
247991
432316
777803
629482
73990
857801
791840
240138
376528
8615
746642
403425
237189
672504
95336
209646
451563
833275
518345
511769
631865
653313
301966
294032
148708
744480
399759
386410
489343
14336
411231
318619
996542
465924
228146
933170
583743
978891
235967
293545
966137
508076
951254
638332
314507
266580
511957
496401
846463
702998
978343
150753
185770
631435
852259
527427
130171
909322
723873
578790
112277
909399
525440
642471
930684
804899
182706
76101
37030
918133
674732
510251
281428
523854
422774
179973
697198
85664
662692
239471
818840
360840
942750
673110
755806
507513
6764
878611
878715
101979
225522
366514
431616
851016
472628
911982
544506
817653
798445
428845
27167
86639
723090
967773
729767
660710
813075
542753
720366
333275
770182
158156
743500
291386
869851
886426
609916
195689
651832
447013
38881
208132
392400
831678
541726
624892
601124
969484
404607
730396
223046
837839
393183
140265
470803
458062
343669
344113
2420
823514
342734
653353
517155
627182
860969
304438
259448
761394
284134
720423
760188
848309
681616
125424
782307
158846
497969
555018
842145
433770
961941
570981
997126
982712
650514
180640
82001
906346
84466
663422
486664
164261
36045
381967
608249
62428
209197
105559
469696
520407
736096
978781
543136
55275
205698
389037
326964
144484
663946
266446
811610
712492
418570
75673
153281
309001
153830
822080
424881
726397
916222
557965
444123
182584
124928
288900
489276
55540
483074
894593
32208
791567
113416
35582
665469
960684
538161
581775
328449
64972
250808
465374
165810
216087
174091
446986
521318
284168
757364
823405
609210
107954
73900
446209
81899
812521
703423
729446
68612
354404
549652
221943
760079
686076
527721
610146
398763
903097
625106
799129
767552
212325
657479
694663
195112
879206
154693
370985
713691
394019
319086
543272
972985
319749
830555
224780
539213
767687
293001
741476
789899
790036
610654
814531
734996
815552
72195
972391
161153
582727
737366
412877
106941
231801
977152
392000
514343
228635
373346
669267
716122
840989
879805
269903
23037
450484
182078
354455
123106
666327
459057
475437
692590
605573
310170
343931
628134
729550
165462
93545
545899
940873
185158
409673
630364
886603
815909
795385
568069
760008
328636
945542
868390
20580
92035
556495
824193
835389
858650
462463
584548
438433
265016
156164
595424
315808
327121
617750
762985
204682
537248
230600
174792
825282
798878
496415
373272
219535
512581
388546
183936
695183
550813
661212
922870
770911
585202
616942
469346
28597
913330
302956
820528
364038
607993
932748
105016
688947
342845
975585
164500
413674
607072
737871
369549
947842
885718
344860
609953
555939
480594
636603
625635
537996
794773
28365
300083
505410
843166
380778
478445
839050
224213
849598
461874
551858
422114
268697
970375
621344
326700
408825
630486
292561
966721
410283
798130
603071
254350
258955
252119
53624
914965
649945
255455
613
148108
177125
848503
809106
258574
637470
563029
77230
493621
587226
151069
554397
763605
838031
25692
921508
957264
648440
96482
578055
654837
806561
797018
175404
47337
633462
247698
555008
678267
136051
307338
433776
182745
63424
496447
166603
731080
998350
594520
710181
598642
496299
463008
562175
460546
869776
285608
521601
199020
892370
686309
39017
740025
383730
799774
486241
967586
275772
811286
450940
841767
257484
753195
678449
933236
69438
139647
567885
29440
633454
111821
236511
575596
792349
34156
828082
646753
701359
467569
977837
503281
747680
401496
762170
54876
729752
627107
51389
279504
788665
428781
346825
104013
623351
179005
54584
27073
34022
418745
271134
474196
265810
444436
489413
344328
197674
960493
410210
444613
769555
343039
188991
340375
210142
96468
511471
334357
736582
603733
742992
150793
397524
611497
22068
202246
461791
986233
149108
966834
396643
466589
196685
24730
677051
955398
926355
909994
660975
325444
573892
89945
827664
345056
173326
962377
278206
726197
867174
39831
719070
879988
41052
15929
612492
551360
85094
40123
250770
470262
16822
911888
441406
615929
805226
476471
279684
914829
570999
12527
94510
973929
421031
385883
835378
327656
475044
654853
887041
982070
507108
646752
406418
770080
509596
829270
437273
46772
684133
9277
165893
154868
516702
712174
431356
874904
232861
394101
575037
850154
531459
705451
237798
310168
46893
200178
636381
877951
859673
6227
811155
866327
676318
678026
944705
998922
871086
275666
588613
472216
611521
141389
465492
676152
30149
165830
356443
882163
631488
24746
333823
465287
71322
848694
328012
535795
720227
293176
943468
640048
500320
621301
809485
958226
64453
533949
823896
340149
39461
306232
752316
28054
460292
767510
475286
694548
283847
997518
201447
122313
917298
47712
581427
720611
621570
823537
946791
112556
981970
447633
875735
295013
436963
191526
537215
153699
496279
829973
466450
481833
424668
567481
486016
339501
365338
796311
276741
99165
874811
609402
476120
873762
958921
478469
96666
712505
994438
406908
299782
417867
242900
624279
372607
705916
609057
856993
744356
105981
405253
744303
112621
260022
749946
522769
776335
472740
899881
206299
335279
432806
200209
107705
220147
651802
590775
281082
804377
455021
48991
341775
884252
195668
519528
702061
23874
834931
298357
660383
22661
465922
388932
836999
844454
374146
212335
984989
213265
670436
714357
354528
308773
220325
418557
642324
684447
850549
485242
774162
303371
221930
73069
269207
588280
442509
968466
372837
247393
3237
446694
45467
815058
667126
828799
553703
800039
459771
852504
896824
70294
357232
644379
565303
222866
149397
446812
993764
375561
821920
302573
900500
910718
414819
828110
277471
587384
258373
456399
394357
911657
119264
796123
82448
287995
22708
325253
727845
642530
115781
53778
331573
500132
611132
82296
848475
373031
832847
986665
468952
370345
698718
40217
730693
985969
850756
264913
820492
2035
224926
786449
307711
125481
195485
448773
937064
75998
910269
221931
718142
96354
824589
675388
817528
468404
784830
322413
437431
561732
719843
307620
330890
966237
586611
385126
819454
637226
620912
82998
447114
879460
146868
551280
217071
262095
19266
43271
349798
643650
926595
913740
332074
18080
296519
430365
85347
167356
222734
101239
309757
879218
472949
79806
484263
466327
336070
715996
753147
764471
556659
287175
781717
785150
867457
434207
768125
651900
414010
848656
624616
317349
88559
658986
396871
869420
336492
519675
782038
182849
562206
550314
684523
522144
402096
124438
334204
644280
420175
933943
884251
157709
499569
67208
455830
946978
586575
94959
230699
643624
733356
508591
665073
910072
35957
687584
539101
996752
133830
293223
331232
362739
349729
967127
277794
24579
991200
727053
857434
343808
940200
505510
773305
570164
927178
398056
340613
210955
91477
2683
996918
495785
194740
380705
215821
741278
731997
697765
210459
708084
892526
518139
275445
100522
541464
159082
503553
930080
779595
193508
975217
839047
695632
531435
405088
415848
639174
835376
966237
268416
793760
407557
930826
295001
479100
448374
360597
937281
631799
554887
673932
600657
294740
747756
9973
927999
734162
578794
999027
406941
365660
287915
526433
243245
362236
610825
515407
557009
246901
537812
832887
138065
178051
682188
829042
419596
578957
196245
629850
261198
729172
938565
296390
51549
924309
612694
741644
41501
103169
291786
500188
675593
243753
848912
48644
734061
992375
763983
891061
639768
585102
97152
444996
486221
227689
728975
14227
43808
155730
233297
389747
240555
696913
948470
707435
8233
305888
732664
403704
288919
556558
485632
967253
621981
743373
805122
261299
294642
439617
288362
99789
299593
932533
956259
674128
639093
943470
921319
16711
76160
680003
257593
174227
856779
30604
926157
972394
22973
811279
890020
768535
410275
986659
126525
594842
776396
300441
125851
51663
859127
861286
607467
821582
262576
142887
225485
577916
585062
777222
510748
466890
376564
825997
280142
927654
424966
382354
419749
412646
565397
658464
192420
690201
492556
249365
27138
597631
902172
201474
425267
839797
159440
511710
429816
599535
700009
110152
925128
573251
95900
248342
885102
751272
13038
422822
889984
469915
652890
854806
797793
852891
732105
114154
107607
696630
111553
417933
695528
799918
825406
858610
37012
241590
635284
932318
969252
579633
877792
83355
121210
11140
421208
198612
665567
495736
475047
215418
677753
10114
166692
496104
662710
69694
826280
81003
62138
797505
173729
792055
180705
995259
135719
593265
358372
15427
544826
729398
944758
106259
150290
894144
854160
690050
475158
511949
85297
860050
258878
527033
159281
922410
145415
80585
311654
614200
911740
705692
437874
628522
516476
74892
965806
216739
453177
446897
944024
113072
311819
855181
947628
124685
889593
551581
495412
344872
845367
81884
746900
909163
777374
794064
880266
980745
30710
167949
917767
292126
525232
58364
485083
948918
497752
454373
966796
357728
680289
122798
243657
25753
159582
798158
299913
256448
792411
426210
264599
668923
583115
147897
846223
685092
518714
291300
961317
681754
435100
163042
65536
448903
837090
516656
884371
188582
872524
210430
134392
458405
663014
532466
243648
506469
812669
170827
173162
126183
399236
205869
348853
535854
476406
457503
950290
447739
974577
64932
46760
900604
713121
831025
805785
652370
121719
263735
793934
825970
797100
164280
643192
840504
164428
850107
162040
254837
826245
143925
868777
812194
348789
200526
883130
468480
490081
76457
446685
610422
950829
653310
387358
830316
202249
763863
817145
139604
934558
47428
609349
217230
484209
580869
691145
161413
242368
193831
445922
435848
232512
157802
341596
382750
239432
379457
556465
378997
316149
461847
828917
806394
519182
203579
109764
633345
267476
554766
767914
642133
800920
415299
490852
852827
947155
142116
786764
845538
940760
183265
46686
909638
96079
29304
691725
308845
566911
812960
970076
652895
328905
200462
548825
482807
633001
640844
160580
988893
521572
756165
563707
579975
636104
152090
83603
797383
304828
805361
194042
950534
748556
387582
313660
932344
247886
329886
643622
644755
921006
921847
865717
103926
90918
92728
84678
92555
301871
439116
583252
852836
143079
705901
964
700221
997256
367530
26974
67162
720253
340189
45266
51892
555470
580329
773785
896173
367928
975137
49956
328279
981311
914453
97972
858160
404331
368488
627435
901940
948613
330405
877520
975968
652523
866774
144304
346460
96144
801574
935624
742374
461810
287954
855587
719453
459956
929720
425717
352885
401660
992561
7983
89904
757432
695009
212576
117351
676930
678293
876367
374279
245489
724990
661478
296192
477300
920349
952510
374798
760359
837321
917171
396634
504780
6855
149611
498621
234750
329521
65378
520000
139880
490077
221524
725298
893984
305697
337708
433073
497247
684076
584929
311652
175542
935916
52884
786804
770316
791191
746242
977020
792338
466711
56308
923665
479076
11590
260888
936221
703968
12559
300696
701898
97642
951911
658100
497100
827541
802089
772016
140811
532966
5639
356888
182733
81673
739760
796200
265483
616314
656569
431734
726069
48984
620971
772510
361205
45092
211882
932395
884043
699030
274248
25747
158827
671453
449915
684598
551162
446345
590832
124462
756200
845368
810342
826193
9927
717554
755597
440669
223312
930921
171078
302021
555989
966531
58015
80641
110635
516784
71734
268185
677414
454015
601797
203890
408671
303151
942305
219809
466350
444352
272918
351441
782033
523777
748187
217611
272637
702094
454547
672586
785142
344428
580772
990433
628005
161747
827144
31799
417176
255728
252686
643021
460401
761187
228931
435081
208365
399328
695212
720037
616998
868534
47123
681475
84445
925381
602477
428920
358728
371879
832849
921640
103841
798956
605869
813528
626596
217955
845800
313983
276366
962888
772341
19698
70868
883313
30220
796592
435080
53195
607209
159333
36592
157757
200867
654179
550293
975827
282643
377306
415842
447818
600077
185838
652419
33025
696210
922114
214643
182579
964232
434727
782632
2743
389917
585387
312323
655997
571635
340743
694421
541742
126474
731374
802438
279514
609106
286901
267619
78015
495144
779670
296409
21042
327747
882119
191114
178362
184735
899805
434185
344362
457508
304749
379676
817117
702250
405882
603040
964985
669741
849005
284101
392742
326207
532171
214943
112030
935460
748069
843217
114809
315703
840235
726306
296304
547861
972355
846277
848889
310123
154237
44474
528568
611027
2815
942765
964146
213839
480760
479550
413668
250718
126065
56636
914129
793240
289096
919379
717063
31692
477057
160229
438286
426952
732140
20958
439582
368189
559411
581203
53246
253765
819250
198415
337082
848392
323796
279843
620176
817161
630004
20648
817518
907500
694287
874571
953764
422366
70719
983776
2184
945037
768856
755392
213489
648998
677765
225534
577557
177260
859447
788370
235873
791862
997135
890923
541771
392328
850967
82405
120935
64180
350408
64908
238283
745686
796302
177080
495973
387996
608618
687793
762445
13450
357661
877146
470781
58270
343572
40825
720699
33625
500830
360005
223725
408877
355205
13980
374939
815216
44365
878129
495856
743415
160906
749079
216922
685412
622199
135936
588678
613825
465599
102311
467409
59812
732678
138074
407942
72288
927568
248665
212086
200275
289419
10931
19697
93859
748569
63549
376473
960605
635926
363944
101361
709521
203340
420606
806108
893725
235614
690247
547101
415579
316625
155445
137056
542245
23198
337203
720486
758215
651337
939567
359895
895934
971650
465802
576249
800239
571004
433012
551940
784504
292236
445737
130622
766268
959990
583695
575463
136647
901592
465363
797124
714405
355609
659519
118792
631731
814824
624629
670147
270544
878992
196538
254926
138567
995112
80518
358812
702132
448769
995550
269005
723887
434416
925818
51074
389120
304471
927699
115005
307596
79618
75489
852995
704465
256514
67958
852121
54862
103687
454551
440455
637758
1398
7782
924970
404265
174844
5666
100035
98830
552059
980343
362236
257970
578149
662393
623805
743435
673188
937439
159620
206333
212507
290744
196717
358577
416195
313695
373932
276463
961090
227399
679351
475750
212622
163885
597662
14684
166938
113540
527910
207322
252448
521179
835531
255935
969411
902402
937705
103961
932616
216662
316304
981006
150973
21851
806991
371968
669842
851492
77438
3411
775263
909433
429178
437107
687072
845984
611771
150692
827060
843378
601914
786738
651532
600435
392242
426018
998982
675004
607297
445817
233397
99965
937987
496146
880041
465340
225964
933892
445348
117405
741364
419372
197947
60015
629258
821412
873660
137263
752363
294639
868299
141203
311791
351231
110591
615460
87905
642236
771032
898671
170097
29562
945640
72990
702607
363992
459965
209182
630044
997706
38962
340065
38784
119430
237183
879889
327875
719829
561471
217359
499358
707995
527984
417184
759853
176593
448789
158796
903287
514213
446443
393487
668236
507001
510598
546182
360828
767306
708704
811127
764511
842473
626003
727769
508738
581418
830223
815978
504963
915845
62292
303301
531483
291457
630809
540842
226973
291646
244545
169765
181006
447870
727294
930683
60170
469642
904321
859276
687921
77713
857898
555139
87564
895757
212332
598572
627234
588227
159470
628644
898648
227989
937770
392261
221058
555727
988133
171039
197741
315734
762096
120828
158470
86267
471880
175237
919164
906862
755404
321493
315298
266752
365925
497394
599123
498780
117759
827445
71954
847819
813173
708159
519996
929092
104183
364192
479788
667372
398618
90478
219016
687231
202769
155549
277144
187360
191882
976358
476291
392798
12137
703685
256071
931834
748022
10355
731761
665512
547465
927718
855684
670921
990073
802604
182228
195101
511174
195957
638028
980934
595669
598174
969489
720165
867366
826446
647641
268726
882844
34239
928909
757184
781732
195392
692531
613695
324976
510918
846008
933983
375958
743208
342152
436117
263407
84056
189562
299063
354479
135453
442857
250203
957304
917886
242132
200067
840005
551448
716700
935782
700294
235502
689220
585820
448990
215546
823613
959759
696057
495038
110146
967828
342669
807474
445765
651166
281709
551672
236875
42367
822357
728026
246182
372995
17234
210490
900301
128044
674656
544274
393674
990845
194216
650517
336091
469719
579725
879013
637801
104488
465099
86447
647935
456240
35360
292790
983055
626583
44380
413568
190963
420686
915815
379524
495374
549359
493058
600703
317389
134440
94213
648807
939478
390944
447277
11940
665863
882337
878580
591198
232018
19628
976532
732377
990429
469547
35159
269886
608537
753276
384063
228292
427943
130544
346007
617343
684989
219917
408469
333026
485925
976264
241998
106027
109813
934660
24347
177981
565478
590941
83961
496402
746588
212944
115523
359903
372928
771161
373605
648917
284982
97123
37778
562990
717838
85705
911951
247913
87992
792413
207625
240135
942313
649803
382222
227309
487591
601872
545697
112316
207656
751236
313718
473066
796365
895915
742001
173916
896069
103609
870442
8377
672010
995150
613176
506599
301948
130452
47196
200267
161814
522921
935669
927670
871137
69209
249548
660652
37752
715233
774311
95432
692143
300358
7364
911062
930981
330642
917505
715156
127067
596237
726447
198244
342494
464940
288727
380338
935306
924655
193913
929768
785198
220043
270465
3474
285401
812321
666056
219475
745357
840038
456822
814268
431260
22263
220746
251470
396174
492601
576883
713277
880780
902885
435228
587860
749555
423194
427731
714330
442334
426271
281147
374815
256148
889711
345545
294276
226951
74279
583950
117048
461189
321753
489661
278130
810918
728577
460442
752709
780629
918004
250978
819979
711626
619831
131848
948958
904269
284024
306371
916760
514177
162694
57086
751882
905129
263234
974802
901327
177409
757666
732029
298236
12669
483181
748344
95015
569418
960363
225030
930908
742447
62836
627159
831596
23394
58922
339022
299296
513817
299483
704242
473194
517502
277882
902849
5479
765104
207022
770881
16695
411659
554589
873078
323972
342746
103419
929830
469761
912254
816993
527517
716185
745787
565591
714730
449659
727
214549
491936
889091
574928
641833
659996
326911
356005
957213
964960
608145
570463
443728
686850
446795
9341
326832
189620
616447
606958
753239
663647
980088
71167
760655
357926
136840
720646
109183
253251
417314
355627
199267
620229
264181
236524
468454
922291
61104
160033
401643
447838
25909
403207
393157
620415
642919
547992
253509
643736
639408
111986
832312
40434
894887
68609
714991
826463
576921
473491
874444
863809
427076
651541
407209
989265
554269
259521
596677
121059
374324
736260
75838
855053
734307
12538
234862
235095
386930
987856
168024
355210
495931
798724
977874
464585
601372
530052
569845
340369
667327
938059
428779
93238
960783
990142
671475
765507
883550
606875
751041
949928
527030
994311
758484
909934
368174
797326
267079
745975
260660
724494
122601
360894
851411
327261
942065
105427
490194
554258
754737
767279
123911
619278
843741
691469
518848
193862
391391
974161
40013
292645
783931
147211
711341
910440
690172
684187
222449
714741
618812
775552
421779
685373
534643
115425
615242
22010
112959
183999
345413
873674
247371
638262
256530
621515
235258
238154
362903
34798
454676
29513
866951
302933
375326
410177
320077
121733
478637
63647
42340
947987
865465
495037
108596
775498
70944
852676
970769
994858
44760
203094
193213
278571
245715
826331
189220
327072
128250
717141
467203
344336
840606
456233
935843
807415
954545
537998
724602
247239
426485
191472
28476
70505
59029
451709
634061
341593
812473
862812
421577
674331
477496
588905
580744
982093
753448
428161
56208
180769
136425
793186
143875
9645
237873
10131
17620
293116
69564
222206
224866
658584
974206
775967
215656
543673
604814
819843
557206
817295
453879
343494
351211
782576
471157
353420
691495
617403
43297
511430
699086
634337
827084
643542
644416
860519
515426
90296
836547
583993
78514
438211
782995
724644
216061
222145
590257
451693
263960
803391
158797
564131
837874
374315
970988
114736
417947
829516
860048
257835
779114
575816
77594
96422
771292
125254
232358
414219
751382
691451
902186
546654
657754
831799
460984
171154
529100
237068
522571
368983
158231
419646
831528
157393
250778
128780
609455
233206
820904
900241
873944
885896
11701
744022
333193
236798
154918
534091
192601
836095
460978
706071
981638
728194
490204
549720
771620
11386
214415
527969
492798
877259
119344
73816
869594
777133
461561
860912
474982
321142
738448
913062
50769
147840
697998
952617
29519
253103
346869
583351
549745
233583
355576
913230
126896
827293
217797
338867
730575
575384
398473
929366
817818
713784
388175
341479
704778
79256
836245
90821
637006
678518
91809
652730
366663
658706
120282
566853
793147
135741
522265
967552
248898
736858
979099
974212
239990
772497
288409
73675
436041
515155
552637
514044
578593
878095
49859
746189
724473
238475
392085
186467
144201
676218
260649
493155
691902
497265
519823
985624
776082
191058
679274
813516
453548
808311
23815
348215
355359
167955
870373
843767
173651
971303
521686
293396
833572
737726
569138
486349
477282
791874
991069
517824
705863
490582
535743
766672
867810
7883
494860
688261
942226
439935
313055
984967
548301
314345
693950
143518
41186
936451
820484
71113
917611
64246
603496
717359
369456
237598
491413
490393
520229
799859
662701
155883
97892
835027
146125
495911
884268
666498
254260
999508
703851
85446
599062
746344
662148
778424
886340
606556
460664
409266
210886
646570
960379
889816
634337
78151
970182
13709
7336
86665
905780
672072
654478
657049
433953
791749
449026
325094
150009
144727
900596
132355
464747
537204
464543
558462
184895
390251
218953
78212
267168
365220
168076
204118
721993
257233
971580
573345
905321
465854
294034
427346
416465
838799
506528
939739
277906
301134
218095
498314
241132
697412
124108
899338
553993
936073
635896
324200
769938
607684
224344
855281
931434
316454
203672
725905
403536
631078
308872
763088
777428
752028
613549
242899
713343
959177
363043
318188
604253
973593
516913
224363
214968
13781
143188
608603
254765
225604
225390
444950
335756
36801
378764
180775
735881
357267
171233
474590
500228
991514
280474
700254
854837
478581
898910
806485
959187
368975
477809
299426
180396
362337
759042
833242
425012
994817
159863
419113
45343
605643
396464
824220
320807
958768
135838
410160
666473
618929
749309
155649
898382
367842
253127
370880
558400
105706
922454
291438
893763
320626
948737
465591
50757
117782
906454
381831
406729
351822
884124
226792
790835
247723
410278
339564
566756
889650
940287
162609
734875
394061
841946
962080
266446
374502
756624
676798
756076
619595
930945
53753
581003
499087
2459
325822
621565
140612
877353
470115
915241
120883
957710
603492
730659
568093
742853
744852
778670
899561
179895
504166
878407
421813
189099
290825
671671
611768
962896
496142
684770
494702
206281
116242
850209
708994
513960
91225
349818
422371
827720
104588
526475
549905
169184
687140
521875
174602
141786
133281
597209
634766
14585
791412
287625
351499
59444
226053
33583
722737
482712
981449
991742
144253
676117
355599
10092
467356
455622
985046
423665
17746
928829
156207
986154
248495
633298
954086
60290
380030
578262
192743
89089
643135
183850
917860
799179
783698
418631
715594
520886
977667
360049
725856
893879
260419
32528
453686
191877
591311
430625
880729
801017
73333
582757
342116
691976
812140
380487
815447
936206
347018
361949
277121
983135
901530
993574
108790
264911
21784
420281
176351
537963
382776
378987
612768
417796
406931
719081
715124
433136
923421
296636
957822
185343
582308
879772
80855
631023
95222
609177
544079
725496
782606
510893
473370
871211
232721
669762
845030
136215
349792
187331
749315
361506
28245
280566
913076
211692
812186
688501
308392
236074
854479
939126
506529
529972
762147
978978
852596
832140
226535
825821
30393
186463
112449
556448
587463
879123
585726
9291
431784
255432
437270
735897
954166
737603
202302
606350
417773
277141
431509
135253
754756
921199
215780
55792
980603
242374
595139
90106
108806
637
7012
641217
765719
223673
486090
841673
57862
494141
277053
294799
907643
809606
830664
93404
168192
526564
456431
800074
345362
748113
362786
486575
621423
153273
450135
468952
689513
291836
488188
496551
610492
885685
722380
725072
77248
364074
296597
720708
325607
253132
900318
190131
927868
650333
172779
374910
291432
691813
732574
915861
195591
71539
824576
907951
488662
310767
670844
359366
832482
595838
215469
16151
864189
766034
609176
92994
472738
391784
340960
282253
813224
515651
574613
84718
307755
930345
336622
354176
730548
420204
55898
283415
479954
537127
972172
904878
514599
942154
591022
61441
711871
938917
756147
921568
68545
152043
646399
965096
127566
151447
719152
84944
515636
119839
660504
144395
150486
354627
866154
6424
486010
450966
70485
277672
216247
604093
464501
391438
73949
89162
569645
363734
703025
979959
1030
845400
444196
618711
436732
333457
822228
810727
55360
386423
402645
83224
102681
834640
327172
881305
510571
744429
650159
543403
128792
733566
158343
531541
80027
741033
899626
729735
86335
535801
731684
528800
267132
727783
133061
123180
135960
650142
820780
126414
759831
182624
145786
423560
430665
868381
390502
118616
982983
232687
414411
435511
255166
387528
563933
895932
134692
966469
399281
181295
553257
904823
824542
855333
289960
884093
858753
858276
262478
56614
353373
656645
168393
97896
908711
92244
317845
210237
452967
323536
535598
244483
885484
381983
313012
278741
25617
872481
771143
712557
105889
296092
778203
672565
157625
76971
661933
925591
625553
817388
246255
304931
509120
117135
95194
782431
20303
7746
876324
648572
375616
458542
152407
719841
257046
948342
896878
550597
624186
421745
216627
285996
845499
963684
159004
297395
16690
801939
488860
295165
693078
802095
503118
978609
904488
72177
991436
861789
908818
440074
684100
951663
706723
776391
989972
589580
155586
355844
534652
689148
762229
264416
224918
624984
377986
158126
948797
786611
671385
296675
91855
438271
663798
376290
82148
862489
362101
410222
118194
690332
660404
995034
140627
682773
407857
180380
18679
575730
272455
82720
351880
605123
865526
73529
655398
971969
693428
4102
830553
724342
827986
688503
942936
559672
753607
50000
391603
80155
666829
3167
810789
843438
343576
728101
519730
344699
692161
13195
544647
459442
991475
431649
2469
826370
624367
525291
926617
901574
645629
199966
647265
698169
722564
206838
449131
97880
863163
165692
697778
556120
51962
640648
303184
399451
243888
157114
321930
466156
252444
803393
581086
367551
106803
10387
507185
987508
843928
942695
280069
386472
581787
982192
776497
939646
76927
869600
143719
201309
625547
823283
208480
87703
350076
417977
607231
801370
554909
679810
422768
152613
395111
10012
13363
523707
277418
404086
855700
595777
25820
487354
676019
580244
65694
879700
59273
526128
253799
789831
772769
635838
182492
86537
973583
767087
923680
581175
398767
955858
138241
885677
238126
355368
780876
618712
142080
105363
819000
900257
174175
75917
139589
887220
38460
530244
941631
956741
711716
786489
230807
617810
161248
773853
920037
271095
245350
494377
442645
624138
924744
495276
439280
995187
184745
46496
917767
898209
87721
530491
260195
636762
17723
694402
317915
768392
771049
936739
236705
996137
327032
448439
982695
613925
974795
497694
129256
603669
813148
769298
3352
257229
879347
625496
404005
995730
334491
740407
173446
948675
649950
735815
912025
430459
836159
739462
712043
26990
500363
162346
149469
295706
89817
858597
857570
323325
436485
759309
661115
774491
839176
770373
323816
760492
204064
743399
328528
356117
193869
302028
44199
478207
12119
95842
249417
772612
515768
869077
869835
550393
764532
588776
930074
37610
293328
127778
802951
581679
665510
544119
822781
817786
377183
636982
919575
401956
795533
688169
200087
520213
70000
494453
880093
655014
294580
267499
604268
749376
172362
323619
429363
752572
966551
740940
947300
65394
530254
617143
576582
840748
741926
120577
645508
498576
936703
604217
162408
927063
823342
811393
482985
300310
301751
44265
724138
779675
54892
124102
732379
298543
384187
810162
621653
67015
636235
481120
454989
541575
178371
434311
655866
740910
168922
422072
60904
232570
465944
827048
76135
466816
987446
36020
103417
476297
759228
924519
851323
418143
802984
709049
291977
989126
726748
67857
446614
260785
406640
23636
765495
354955
329022
296617
308217
900301
559766
652578
11209
225561
386595
210807
355136
103040
772892
192782
747711
176122
208563
863086
437542
68698
330694
27344
694832
198764
545170
65750
855606
65076
599523
362479
896059
93600
38882
705067
157646
314264
818416
346752
273396
170604
440163
574153
257474
42382
504774
359075
94232
951941
606863
649702
695930
986308
26302
359304
70334
18237
152661
265669
607278
937491
316233
591412
331765
553690
728426
640745
452821
813534
421031
286136
725808
769850
885513
408428
322877
161886
304108
334786
754617
207059
861390
864125
899423
854113
885175
140797
202078
983942
732295
456525
890377
747020
335920
19164
634385
83827
892813
376193
672205
267944
448112
894594
877707
228117
59163
429514
374318
987350
553335
586238
174391
452904
418616
129884
33363
260958
850836
101586
212137
882035
228283
320118
649334
657413
883143
857940
890815
271941
195453
405957
858423
422206
19839
433910
28821
664183
655699
799592
210445
603191
342643
810026
567185
919612
180754
811247
152146
888803
718036
904970
559965
802050
840618
534455
476006
239267
211889
267125
632282
185146
58824
613174
282318
616047
15382
882554
681489
110994
829939
958332
911553
135828
646650
466466
727376
385282
535318
316947
101669
757519
81444
179418
992292
378688
705596
31311
402741
533616
704865
902230
333328
563492
348770
109731
330581
592395
588113
394192
547129
804727
915854
965614
468057
785910
450638
164797
508277
247853
61244
884114
116919
146941
188932
269542
493020
751751
746105
968855
389589
938642
652796
537824
245230
383043
383407
144447
828085
182170
212003
442927
986776
862462
177629
183595
219883
519140
907763
380760
740077
380432
778451
58257
762704
706222
389098
901923
305907
18500
881430
615190
684726
734799
763841
710548
195139
312180
386922
561763
83499
365696
7356
953085
689542
737963
335431
628558
116279
151411
512535
775213
22560
999928
865413
307278
30366
866138
479322
20545
209354
871567
185827
252007
447947
96969
167814
103183
417357
425732
814813
835929
225042
281699
662630
854965
659929
204271
56767
635642
301104
779895
6218
693618
637904
669424
735362
473891
331968
852227
669557
766139
678834
242816
364939
223654
988716
431017
621209
456485
692761
80490
443992
679573
619009
578870
421443
865254
21788
58936
319142
711104
78060
776684
693171
217468
406178
508337
611865
279744
357604
528900
445409
441755
674527
548098
553723
945176
799150
63014
481235
103659
307430
443796
109533
67985
486962
253314
497550
569063
791065
696001
489250
722444
430606
879111
919249
449126
409805
322424
624275
626242
795543
263662
789317
198559
114713
75311
689551
366048
113356
510889
558937
69712
933096
425194
790501
893770
276602
982356
487464
677506
705399
81343
328638
880631
44393
765871
471764
481585
849968
473094
226615
752893
273276
166004
374914
765122
900634
329338
619892
946079
871158
242674
437309
456478
943489
825603
368203
273080
939375
632555
196420
465410
456852
288520
837018
582659
103969
120866
795648
319654
135677
146580
901266
275802
529828
291538
492540
749952
479717
362184
816215
753993
568195
799017
760481
546743
67440
314926
130212
577326
144483
997445
659873
658111
916167
404799
441002
709281
489522
519876
440963
954335
700358
935272
743721
572561
449645
248211
849454
686784
237800
483997
207489
615650
458980
92019
849943
569372
577535
461511
317600
797543
773533
318025
837763
307538
375875
569364
2688
735083
30627
101297
643214
396329
64316
428638
318840
520260
919008
344029
312906
634119
999659
288147
633130
684314
262662
249019
790175
776644
851794
173903
749173
896623
329090
942128
138758
172908
363128
400751
946506
250812
413169
863471
360924
485346
937729
927036
390282
644714
819472
489599
511964
796773
300088
256234
941449
200392
963535
510554
843399
318945
836757
189893
47069
401192
753367
636071
326717
868637
830716
515855
576815
69839
317693
19116
46741
788199
443535
460776
732411
116519
470334
150974
31698
844766
913090
825267
190074
311097
217369
746035
967954
971237
423312
701755
912305
784724
912738
111685
905328
5625
159908
874944
126370
835874
934630
163940
407024
431563
84793
668881
568507
952142
247407
79968
169745
625593
716484
157273
829760
356776
631092
468980
49081
59756
157217
860694
925037
127542
411671
554633
941370
5223
716696
70630
850225
860095
371564
358849
605388
856699
508133
294962
764924
375196
184563
813231
375287
785524
967357
63506
480687
895946
723837
127512
605133
560881
920081
284557
217390
488065
47693
527046
911806
209852
402513
465777
51090
535573
807880
482471
189479
977060
476218
666268
827207
370727
355845
794773
386965
529145
141146
622006
143625
284286
613823
91724
287688
276182
797679
927783
595234
524959
828306
30262
941210
102015
879146
557248
400894
801124
481394
577314
85968
254648
840955
195241
645494
779069
547098
155708
851282
453487
67442
708461
267082
242608
591461
76090
110875
756096
580199
526011
84222
287740
336970
946669
850666
500177
528636
886318
44005
670995
227751
318339
142213
553939
464908
335703
793935
394256
184152
400220
375756
571161
651253
721352
879823
985257
334755
602740
801469
837611
511459
128996
163236
833447
279897
951601
282259
56984
512920
942756
268139
439688
745142
384579
877701
399103
19347
969811
70961
851615
982441
49175
790620
562541
741206
627246
68887
60239
135102
993716
628593
409600
915222
800973
683786
466943
438749
961517
527440
11984
56838
718183
155500
899155
375743
418264
931608
946641
242621
907707
176588
261515
515155
619645
516151
785190
116897
631993
73126
786688
338635
744476
312322
560182
903780
195065
496989
788484
635982
577272
168266
399875
132731
758936
950100
157563
440890
507366
957263
612176
409968
856176
504711
971446
786062
591428
351883
440750
269211
446542
267532
395928
377608
780820
684979
577711
876610
844963
473536
180091
801364
868915
626245
442959
500265
249379
956254
827382
57779
995595
405236
167515
675799
38484
451459
739258
121888
202386
270572
675035
740029
438245
557285
582426
196674
211413
579339
796958
185128
584831
510164
460511
668697
887176
718590
27315
441300
874203
879906
165821
955022
535134
971932
614891
864010
901625
237898
8807
936924
322722
915472
129992
403219
654949
737615
34185
273435
219178
147015
597273
797211
412584
678515
616901
162008
182630
314867
520163
632741
741045
843557
581534
657774
525792
288369
606078
53892
101386
781424
592007
779875
934833
232826
327021
320674
957281
694116
773411
620813
184289
797822
248662
46969
273264
135233
45090
26199
648017
369750
984189
502894
766850
760196
168750
814723
846505
53398
188738
764983
469395
299629
918489
8491
682923
237149
69253
296449
918301
527173
255964
637387
801707
797676
491635
820429
635498
745454
463183
830694
273911
436056
788845
919383
702686
353619
837880
160457
795316
55331
244083
998499
131567
856130
464162
942635
929510
903062
747494
942977
161813
17215
833804
12994
461912
653519
374457
415404
762163
34658
524843
484111
514058
19763
341628
880497
131181
564751
780979
82123
667874
821340
300356
206379
379259
813516
142243
191983
930729
255007
987135
578816
782530
193734
393901
677258
56246
132108
317318
544734
63886
898650
7518
786917
378072
552810
480401
599564
717153
277490
839494
426813
720495
49146
971405
28980
282836
865757
353362
505796
666338
285876
745208
117709
147441
97285
522600
59395
38025
342608
673814
723346
444451
649670
597383
973313
263150
720333
724608
686412
47967
460056
249796
124807
528862
59361
122830
786104
385253
250918
282853
946890
167838
690303
449388
814810
890479
571387
976422
508667
809709
948705
828478
905743
121364
978952
814201
920327
95425
902960
528882
691470
293720
594620
528966
298771
637365
138157
216916
879991
232062
924416
29323
932718
875615
742447
651717
559404
187453
208338
245949
895285
10467
802274
149931
387723
817687
976666
478699
316517
665164
279786
260646
836269
78290
997844
784366
420255
181330
578297
595723
885610
72910
175666
807263
278858
328570
799953
433758
87303
194727
271782
429369
694093
647408
749669
654642
739990
95343
618018
494742
636423
923153
721588
136911
939789
332692
900744
76222
511639
551898
946020
658591
118735
964545
775430
55030
650930
802931
919214
884365
984890
27990
747033
83884
192076
772116
723420
526823
479524
843451
475195
911696
618007
260892
120147
444137
373413
241245
324660
168832
554343
448783
212673
129353
75872
217339
252488
171613
952614
48139
349602
890558
757810
838365
401673
351434
597131
966659
398877
344734
921472
106388
401042
959648
920528
824987
977276
44751
473018
848121
631715
398424
286708
472689
842770
779883
26969
52323
323195
886138
787893
286914
717996
756182
138959
257802
255270
825126
549321
187201
667132
856934
538706
995675
685090
89762
611699
814042
754761
509046
817757
923375
793380
888301
650896
429562
802170
229667
158613
367998
860146
751144
648555
98012
539202
705122
408285
933508
184508
982791
266353
878358
66226
683768
239750
125693
836676
173121
383946
366647
74398
808840
715183
511942
495712
762403
644797
190173
385523
402719
588869
731579
835009
957863
441665
850339
124091
31732
17319
16715
721130
516578
836487
934173
613553
725656
466367
987121
140285
509609
504154
950977
787535
16425
221483
264906
220319
620509
822029
906166
606012
869005
873490
306605
911517
700717
730224
151396
512272
201788
338519
336385
218598
75895
457129
28380
242069
376689
375346
380117
328616
198803
906192
580579
206414
340107
823797
392120
783511
793348
51488
766337
899543
22451
593294
363251
668108
271278
196415
130772
84019
815732
577368
531618
904610
507282
753417
946252
740968
461851
493033
852800
319147
683352
611651
652922
817695
894575
227489
165210
219609
129897
993230
183457
416064
131587
549623
976413
689642
883648
640814
182386
243671
35353
670898
613308
119751
292670
557649
249520
690536
1292
823030
749308
131837
473963
335507
28139
824041
877193
304968
942491
87386
107786
219215
230672
861389
567651
534316
776143
401118
226888
217132
174382
247659
368713
867454
195727
919366
940466
813916
933140
592526
915686
245087
796570
499523
178732
652042
425797
653562
721286
36244
724961
664985
935632
667130
557024
828326
249784
506283
304903
705728
79095
962399
360515
808543
532736
996216
633665
301931
501523
268955
218301
947556
683155
239074
940476
159866
482762
230804
44211
670959
473260
298540
401196
771821
544311
929077
819811
71248
163434
940966
366209
843546
873725
162719
16325
975505
59253
719616
196519
14309
581824
126257
848949
40328
860370
857345
976887
548196
779039
901799
812051
784604
664736
455561
929082
282763
888377
267960
474458
709137
654853
615596
146220
993480
66523
350696
221606
819697
670944
526579
46137
36278
343461
838034
941502
79217
723470
818873
530414
367540
521433
733209
497637
365595
475738
147682
909880
222952
131606
327221
89613
203582
692697
242849
302358
466929
317050
628583
420208
779546
650926
162148
797410
460006
640935
719682
506502
177279
660470
237196
978520
724721
797821
726440
732868
537973
65378
997651
681099
617168
168129
872500
426049
687718
992510
760811
362489
724859
689250
93176
722985
20131
154926
882419
540332
228775
447120
327707
812188
908836
379139
322532
905243
576788
450646
88127
794065
561747
101396
384080
127163
539770
694230
785313
512118
598622
275087
938857
673878
214135
385733
69844
568615
562225
694416
180671
898084
7340
396332
403553
480347
295854
455473
111591
822374
632820
737933
233000
404922
932376
28562
822252
341992
788932
599406
187488
238661
233234
818534
938150
366966
133624
433327
853152
52362
956510
479481
268203
2676
440732
511174
376399
818081
517244
490747
208445
105327
868403
335686
234301
751505
351044
770070
639205
614029
433278
498234
353527
523641
622231
122206
667371
87181
482069
886595
591854
478561
371222
115290
873755
34225
286122
774431
140150
48979
155189
461193
793904
249045
674636
222643
844068
980097
948822
646640
599443
325205
665063
745449
537020
981217
334706
251633
769883
503909
730472
214634
612612
225971
116266
516093
497633
522636
188347
463585
750816
467422
576534
927769
448271
165897
924294
391421
165700
904078
952715
628609
486514
32243
245394
597543
60293
580501
760660
803
856946
75890
495581
18303
919031
350524
353754
329547
967222
420714
865952
585679
626239
492444
895697
642920
362450
51630
173819
551605
196687
482313
826661
897448
267834
718571
344984
988304
458054
936020
763130
55555
789512
207283
241416
477525
510556
992116
830632
117082
946119
358082
859299
229759
688224
773956
527369
630532
883236
695598
415450
342203
529475
977050
860359
47784
994996
319852
993308
291491
249247
461230
651246
633616
318345
225357
216014
178435
713088
256804
912325
104780
261346
882692
298916
75881
195589
39022
206833
160842
453826
768808
513217
272326
78504
59620
935215
329720
815126
937598
832889
316690
501073
262028
19658
694056
613611
371107
416340
485665
84019
113324
267372
847412
252990
460422
195717
637138
842651
605502
315835
99654
350033
120594
230774
406939
647348
232524
519060
206109
622328
860316
908568
260036
94873
201762
91525
564510
825558
226593
727148
885148
400467
691361
669228
628818
144387
580485
344093
621382
725778
982109
835303
761996
447252
937774
397355
777331
443657
170271
601654
434515
694802
194113
646010
326365
770336
262863
130022
520990
720530
255143
205930
772115
670948
755562
229449
93968
302419
980104
681755
543103
720033
912133
791993
629049
593190
69501
134688
415781
71856
804757
938873
817034
522507
316131
486932
739552
937971
229241
324191
624497
510420
207696
670655
749996
416186
575528
121866
118678
788159
707682
494699
20125
57908
367431
382464
661538
76265
523812
765974
496723
7465
73218
654938
628174
528553
567865
685467
213355
583921
374253
549684
869093
164270
912713
242550
363970
461831
210963
736839
13470
213258
782400
835435
299265
336849
673421
387933
944360
638884
348514
23452
282849
784930
203193
792930
322102
366688
866529
342612
948362
198024
13807
682067
541921
980288
932711
87860
671960
321540
920542
13236
203848
154050
470117
980684
241427
719159
887687
257552
873180
115312
686362
891880
174410
955528
609668
749773
228915
663365
799356
188412
934573
534824
348997
664376
465314
995817
253752
290509
880127
371911
133803
291378
921786
207045
82795
449493
931979
261875
467106
593592
167158
106082
492331
365302
192877
934206
734772
3750
827464
715908
620728
968575
686832
869139
857754
75699
326543
263755
874265
891891
239575
599168
586419
93457
682291
95038
580007
365378
350876
506002
728504
837953
636705
909533
188209
14766
103663
590508
563155
298553
735862
650676
52387
346813
313262
872077
742108
678537
43582
734033
709681
617415
48792
263456
681879
942730
120765
959403
189635
931964
553368
912476
182210
821964
682168
647464
205171
48953
964673
803229
302096
804451
842448
334841
948157
655442
494763
554625
564100
802767
334710
165206
303573
171759
399953
660438
988443
862617
510455
486518
921849
26370
42849
329390
124692
801264
20325
355785
317639
431048
635523
80348
394324
515668
730762
271223
581801
301860
591387
286014
7875
158589
468025
776938
732256
970456
278636
299255
210827
887523
808530
725615
656634
104054
198552
335024
444592
456231
361672
39907
921918
481144
970430
233795
722009
910548
751154
753163
301406
428777
292454
506736
222409
105814
512866
930745
906390
434545
931125
355037
912348
533205
129436
191904
928032
197889
868370
357720
849364
524244
834656
278265
456869
865190
168647
903140
380457
995792
860201
692611
203215
607767
735818
187644
329206
29925
503006
800112
387554
91261
658504
241721
964601
622500
764528
806594
926891
568809
290695
495423
555064
561083
642311
944540
613394
564533
157610
915839
545753
870379
992661
119208
266186
432144
511532
896178
83389
638039
23844
348356
319500
316054
255325
376585
823639
210574
696159
398492
140068
557321
917911
364055
607335
389443
305060
592388
796395
877392
793701
447331
442960
953801
208027
865892
695425
825196
608923
357011
848566
990521
984931
292618
567542
568954
472437
613302
710671
6492
411965
989648
16173
248698
757803
879535
382293
372515
500237
939326
155998
271770
501501
6370
214174
173739
170956
573252
507120
707987
443946
614610
603939
308110
936441
1457
934909
628370
246614
568779
367781
842912
563726
436803
892761
654680
912675
546607
558862
37618
930774
107797
378104
338214
567550
263957
735675
205965
847319
449576
3825
644382
733275
639536
676191
318421
329475
918749
761807
364887
926420
198378
144668
463009
726050
170010
77867
121479
591505
31511
314072
457495
480834
688201
39530
331136
178739
854468
987372
942423
914975
620441
790082
676098
80465
309914
242254
39961
406626
288553
229602
899754
730990
399306
105720
420113
104361
233927
332697
251685
541224
666908
487142
560537
431204
227562
955041
62704
672423
279683
772825
397730
265266
373137
869490
544534
574171
197761
608193
256443
370967
400747
104937
669491
485938
975142
758368
891379
867878
112034
45693
775003
442063
296480
604292
918622
713121
305302
468740
208838
811459
205476
306517
915716
533650
54939
955184
73657
104160
344107
711480
606115
536242
299810
353340
763323
339937
625472
48275
815409
498018
61211
567264
110142
864459
118140
884671
159536
260907
679162
497736
569209
26128
713734
175056
916331
202356
863548
369350
988502
411524
400044
465394
222374
965820
361194
684215
376527
732055
630249
933845
645439
986092
775894
793297
226136
481994
661055
202310
639764
133531
519004
25018
626619
638074
667655
154588
103336
213265
481400
314230
461668
884431
68016
533658
274988
434201
892068
859547
640321
235664
128393
402014
133597
337965
903839
300658
388355
196543
159184
502672
201559
660177
981845
484516
153833
424804
116970
901937
515306
935677
246530
486144
623167
895343
352880
170015
397614
104049
506429
14238
402707
547673
263722
433146
700033
955362
507270
862790
207042
144384
270523
589524
103016
644393
915426
925789
473213
88775
169276
749767
189075
745646
838807
142393
39000
433983
640300
156539
703541
729486
39646
920884
697658
469218
585455
889663
945157
659306
591893
82350
901910
602895
616716
868258
689078
506532
492369
247607
781269
29953
312404
962186
712853
813839
787887
943789
400838
174652
768075
1585
523676
532218
441715
633694
76053
623942
987211
622160
330159
139631
685621
90279
18929
947302
670885
381175
194604
649492
860649
802302
375385
792712
916073
71282
250432
339554
947371
294426
752909
967108
295438
234734
498271
598413
367045
519838
421359
154943
784043
407841
66172
419960
922234
945012
450437
960974
300446
965391
341144
939833
706331
443741
38000
792542
818866
537367
611667
911279
632060
396713
561842
293399
861944
253499
896633
853736
493660
406194
29591
285678
146537
986666
112031
248826
684981
636789
151996
249709
559085
719033
62698
294391
634407
402961
330888
663180
796738
207147
379874
652433
782799
913254
569351
436807
970732
472950
233475
984020
951909
982240
167247
124638
955552
555649
737744
460598
665809
161354
266002
902480
275721
557396
832401
269574
583055
831514
689100
323508
954751
859687
983473
550324
39592
10002
824806
325815
848159
684594
998141
300603
165036
954253
367260
406423
637441
959974
308483
194469
154504
139501
84898
263746
256572
162400
921922
52660
473388
540803
696489
645449
758583
350589
410071
865980
532485
205162
976095
115044
991299
157769
180417
755585
113867
765173
323093
109622
275540
931449
353269
614544
308314
252313
286887
659895
120234
741771
470064
333025
271475
33685
36600
617619
646501
435513
772412
745229
383814
516621
569214
948674
256985
658057
728538
459085
645012
346382
253115
293922
269959
367573
249820
232976
641798
878571
304650
166706
260196
190351
378009
643809
103483
356955
865355
729393
171946
112422
704857
157036
36748
834900
118766
477916
119369
999789
841320
370596
218865
932696
345923
110361
535260
895481
624473
213083
1042
865836
949099
302829
235175
485282
838079
756489
110432
633789
959683
466373
910066
835548
710613
361878
164760
406137
484903
164738
628250
26139
683088
896382
59062
211742
61960
464504
598817
477684
364155
851534
74728
110322
965999
530352
711632
400838
598661
622201
530702
674011
888196
983570
447263
994067
623703
860012
146343
977579
60375
180894
349293
125750
419773
845707
636816
859517
510404
608521
753603
18986
521969
1852
509413
144992
102142
787358
24023
971422
991923
199035
508879
428013
332576
181760
916423
692838
919886
142317
813121
823118
704393
625695
335490
637503
543923
617184
163516
528853
764149
625529
405740
824477
181569
423403
651069
680941
94866
847340
464030
280951
108461
989384
408052
704929
186754
940678
801301
171145
376872
709463
164767
103229
106310
539165
329265
554365
893268
717849
456945
953786
898908
87598
551073
90945
940694
284538
499241
943068
249839
174659
785932
183762
696175
70693
474777
363124
405424
169674
838538
305153
48634
728323
596154
965834
935012
430055
626532
962305
263786
708493
856615
878580
425269
912726
88077
642814
702896
306983
210881
280620
187084
61030
532060
890584
625355
540546
242150
64172
505314
663829
98857
545988
338786
709936
410499
197333
369842
329214
600986
342094
876987
495886
552288
6907
953941
349525
112060
444677
145385
961937
708645
784791
705129
988765
366652
664287
135455
9516
805607
438107
770460
298662
917699
552251
214938
754733
667564
330078
170226
805964
181366
782941
455106
664938
413625
929935
532725
268302
455238
172676
831975
698033
759627
454143
237772
367684
539426
809085
344839
650303
61968
149502
851427
815376
690160
309175
44572
75979
189386
688239
7155
597647
714480
423106
171923
178557
611531
92281
13888
694630
688712
747564
139827
756762
838896
558847
236394
709458
91253
301133
196643
684573
153762
893167
991693
58478
16514
326464
554645
329699
756245
764993
59075
637357
147745
111572
26616
941732
797408
189556
243384
187120
429638
5296
801773
186230
679016
55248
89529
433805
210748
841757
554899
869996
920308
238251
763855
491420
236851
226317
410752
712704
156125
821503
267869
557297
557312
49370
84136
640758
658829
851281
543695
444150
703121
665291
253697
397524
610718
787518
465546
12473
956754
1090
278524
60484
753536
46596
846745
325636
413029
299233
859241
400790
249374
699186
647998
927331
904180
314092
243198
355540
41025
373191
599662
348708
460075
594897
355007
840203
326475
695846
822587
151208
844537
627978
920434
199449
735134
44213
158790
493544
650497
471711
232637
275730
31348
407310
964720
84000
745643
468692
837375
220263
691254
287482
455609
46118
985405
909843
586466
293478
582047
318629
598246
534987
990447
413161
722894
10468
626798
745478
520935
55585
948277
967589
557937
223876
44014
917780
102550
908217
929609
205414
93007
613653
652296
522270
293450
789859
150737
653459
512372
855674
444150
852447
726815
530369
243371
466731
141980
768929
198875
118821
171831
215778
973049
93494
893105
449906
131425
989930
298308
677496
328097
394303
768457
451784
79816
768580
785095
513930
49813
42995
844722
845087
334005
788798
827335
592020
600637
350834
788869
556787
618647
894010
374700
460672
513296
118992
118661
448513
559671
810905
162479
621477
871801
133063
913133
846993
276086
25152
824979
244475
695888
699380
843594
321031
296255
509725
34495
93342
406090
583300
416533
333247
68555
396655
572667
411776
282047
286977
198998
233335
154128
700172
187788
381499
35352
580098
706574
58939
717709
49360
637909
502903
420579
53809
482411
616346
39603
612517
605877
465578
298169
979726
492579
582854
407854
766262
480071
959833
550785
248295
83253
361942
22514
561361
445738
17217
175209
257258
132234
567441
274284
432300
287957
837157
662998
675923
450625
957285
364645
707449
1282
873398
590170
400630
572510
424694
5458
140748
984034
522856
335567
626214
438344
95878
91087
376865
192579
251708
260749
497099
967893
338790
950551
779465
833248
843813
180500
213428
647881
115887
740818
559438
426285
98007
395514
720274
50810
343620
310206
112970
515216
450202
974794
699620
152352
825637
425868
714984
949627
814035
608235
960703
289180
658253
245768
95074
720618
266213
859299
897151
505850
409200
488877
73411
693051
606165
136884
956469
643564
621260
783302
470367
495543
795752
322675
23304
881288
629766
837728
893568
118188
18047
172521
590361
103672
679226
362373
796490
714468
975535
657623
786738
927736
120336
36970
598539
200141
910734
805897
469297
773412
322786
868883
751427
574804
66388
509594
959130
990083
901330
710862
510236
667545
412886
552735
197044
415115
401765
527087
56783
234462
378593
331969
998645
505931
857786
172227
951238
149066
988345
32828
286301
532351
968551
540456
460066
517372
112581
720546
109868
852635
119416
791967
509270
69447
67901
352827
510210
3194
739873
783001
175271
312771
22002
893260
535342
587223
686970
445025
899077
980566
848851
395633
869498
632155
553642
921420
606687
431609
934140
167801
146484
199556
866764
535825
958594
924384
514068
695752
776075
35552
903446
123544
806928
466625
980169
297484
334148
127624
571233
504414
918177
694537
923934
92286
234065
846256
893818
224915
543573
462510
524426
834915
610404
692114
322215
681707
486173
804125
934616
760520
725449
567267
949836
915945
45314
230376
802578
402645
883733
94362
318816
956382
121614
389026
258604
53655
642354
304642
716381
281338
472840
777266
89144
292591
483281
769636
675750
904137
846207
2838
977452
72554
71580
68759
936354
314286
745045
239799
687190
973764
290018
992372
548841
805395
122455
986906
561244
746069
755031
438186
401873
466508
12522
951378
488385
640878
615521
136890
117929
426477
717531
184435
243180
853051
919236
611036
534488
328208
662247
772946
869477
930244
993275
276727
193987
456951
443190
237816
562295
654584
150259
647354
18125
430235
106188
463844
802095
811158
748941
753555
896531
786731
228987
985006
389053
832703
713701
209907
122957
947660
591949
998932
567769
433779
662940
19508
605216
387373
214063
253545
124199
574843
140632
34552
976819
492664
149759
477438
53095
147463
808338
931578
299113
340629
32523
711376
488403
384687
813201
908757
16190
324566
171613
300743
104275
975400
353783
316420
597195
281135
453640
622913
470525
358084
195361
191993
630014
504639
525819
692106
797651
126294
431118
628426
60364
279458
438696
63085
24644
808404
844699
336803
69186
732539
145450
589364
899526
797966
626407
822290
129454
366669
970280
800655
683141
782008
717265
965172
133382
736019
133814
266333
859959
407983
174416
459914
343416
494002
577601
39622
328942
934805
369481
657880
572892
861071
240082
274078
508606
325607
779963
332494
58536
370702
775636
725183
467247
147927
728272
336984
499362
142234
561304
266956
336562
978133
465174
953206
280479
61770
643237
850889
351602
301219
305843
476241
587664
702806
283606
570094
798599
152841
136939
31111
73330
578338
538066
625564
322811
311057
920731
604194
59269
428911
193360
262250
101158
222034
99572
402751
908381
520258
157819
809852
369883
544482
870470
815514
145293
555074
679394
923718
335425
314275
819565
637542
164966
845707
189002
406091
209375
320416
179253
928361
745772
650275
542759
763917
726079
424653
667166
839840
689807
107178
824822
741044
327759
606493
983458
785252
932015
63995
892530
548012
351909
917945
390184
298433
963156
206657
872793
237073
190115
648055
632388
639270
773013
859124
738691
585255
710232
915832
715551
587662
207658
351848
477094
937492
160869
618559
840360
391693
595839
9331
616573
926634
699395
784085
171281
734161
779723
7833
808233
483568
156035
56489
823203
13312
309344
861020
318373
372492
856303
332218
894671
585352
731467
253921
514187
922538
169108
622885
661506
696811
472723
498075
321785
839576
408464
313067
676845
389973
773681
422842
882155
473683
663827
316109
418932
22408
398590
989214
526792
157511
224365
54320
587571
764210
846840
896695
723688
669761
947146
268544
771835
571606
364312
843621
760127
366841
858816
338930
734989
770079
587669
3564
496735
802600
588798
516388
865102
492365
890166
220848
314105
25313
608008
839403
934569
481856
240183
989138
94886
531520
109501
889622
401272
132517
526832
959417
96077
51675
580604
45398
634637
578230
371961
941291
301661
805796
718327
337693
859745
334870
421839
107858
761490
46884
84025
686497
507035
570751
902248
775573
472631
665299
741385
584544
281348
499395
736712
334299
681239
59284
26466
280266
600676
760353
166610
755059
758384
72852
877966
741798
188787
546060
125239
421733
659625
364670
675785
401940
339762
630776
686012
969945
870951
586454
837034
687209
652987
332505
172383
512848
148646
13578
408998
969198
246110
252413
131297
92817
942411
165929
952096
506276
554057
982578
787400
817592
43754
701479
527492
886560
66882
403911
651756
350916
25803
729180
308734
431606
92888
519420
603102
791041
126986
515806
875958
361250
386837
196025
850280
775174
685005
269811
69332
518677
272512
378514
811005
61273
495995
367427
664087
423526
552004
388093
618978
161132
3505
974801
867008
259212
840268
223918
308607
940744
175138
243864
615385
433063
872380
153053
836495
958926
216432
865700
837225
561570
912953
71286
269613
194808
120676
746128
741497
596607
893161
688337
401001
521384
175020
361096
724687
755154
538423
647131
278863
148334
879226
931406
816718
369458
163312
390643
421454
39364
456550
969902
35063
90865
885702
990322
905003
72431
1763
203372
559205
654139
746779
535926
818072
638020
20443
13501
993332
245667
661817
560906
699378
844980
968062
248581
858227
466333
289055
846276
837443
769108
79278
328164
277325
300575
518251
835874
11143
984628
643470
559998
236092
269188
967711
668683
648158
712858
686062
607222
761451
427865
857265
143795
955813
252159
4359
202144
342171
115402
508250
333012
916137
354808
293550
471792
741707
644484
574003
891627
588687
93821
493569
853251
738337
561163
503533
710924
195946
101185
380425
254874
2595
69887
41540
935526
24387
688322
809870
654794
948464
786520
876141
103399
128268
376575
361864
375563
609339
97616
391956
194011
236748
350059
501063
375524
669924
741169
147602
550917
612841
224212
219524
529903
477823
301495
364667
844552
199767
427612
75134
564471
330284
431050
972028
469920
305371
793504
167237
609405
31254
48540
913775
176816
484379
954966
524373
480591
124656
308402
848002
420227
58708
273552
13145
886426
306036
825953
275924
308422
974776
196728
747957
815460
480554
268126
59011
860243
65584
561017
234843
12685
336507
206272
883095
511799
567890
350461
67064
502082
354867
111615
751316
695536
70888
368945
464904
195418
477392
513360
844425
707762
21299
692066
410980
622069
41075
451706
521216
700751
823218
796938
349509
301738
684344
466454
196265
556305
51059
319038
827397
928126
534198
848251
710754
557092
280474
105300
346599
967844
332719
59531
679157
801241
873472
413051
581430
3989
917523
858418
820715
245834
203249
215785
823260
256743
843033
179092
639230
933180
813803
431254
527054
119932
98009
910873
301401
226329
937184
940019
150814
305240
786867
710330
537085
307625
867960
638382
279169
139512
767354
773252
489178
630712
739245
410104
649184
370518
57714
840851
183905
676157
764406
304509
524575
606546
700531
40336
689093
174875
968710
451871
907724
569541
664762
835699
148033
417825
579276
394667
654369
376813
803092
297557
429792
103350
214478
475258
950618
898532
816108
396397
21091
542784
468030
738882
81697
526445
75208
944859
658815
187036
177563
24379
481553
179946
113457
271624
887222
518083
478958
388871
337745
264088
99038
552814
640496
900393
996271
117722
744618
589416
252448
876582
730799
330968
769308
854500
408312
100357
169854
134753
531830
300619
246665
620259
565360
512190
115490
58075
332319
49604
493081
913385
797423
522967
395474
13147
862642
129902
827577
620598
518586
575675
152298
330441
945706
212547
341674
542173
453983
988179
27526
582249
14765
629244
883589
904918
748941
251648
988167
814299
362288
666027
381012
812729
904755
171281
667213
853106
767958
931125
301121
734312
567883
903763
420839
769025
220610
397210
793712
175838
38396
176892
531328
145907
46820
771820
156624
678395
537821
109388
3257
513665
297227
145951
370353
125971
239429
376653
851454
938815
231035
110741
525009
968106
964669
980637
398565
19434
377867
103554
933879
539016
157691
68631
34919
814443
223535
141649
978039
585502
179062
713181
529954
982527
270835
148879
835726
318150
806985
44709
977581
387230
597866
126324
212740
619135
181571
114061
446781
39860
765236
480169
136320
331982
71223
204585
54928
669632
198625
251837
862001
724614
544266
638313
993346
978572
462609
582411
894316
534130
248328
704237
620303
198582
317971
969286
718526
221481
560778
684964
123509
843215
409652
13855
654606
230207
696016
297399
211008
826371
346680
424341
377372
302239
906402
120927
204307
459966
309413
231719
784789
161529
213336
191888
103663
66263
140023
683135
824573
280851
132049
545264
985899
977046
416859
732131
157958
934602
805285
611250
657521
505012
277503
807650
323753
50214
146478
207920
649728
387962
729976
717444
539216
473059
721010
434630
905646
775971
859535
503007
104521
346573
970878
543920
112124
551663
681822
437671
258766
229957
862882
891528
201349
562084
446481
847894
526204
276020
832094
699618
201945
339259
448705
979266
916159
647493
72724
94766
122893
460334
954354
769872
863698
130528
948967
941985
31911
501784
566909
809770
755458
255043
52794
66187
484390
379382
978207
224295
726776
878186
850259
498013
340654
523937
28942
127153
827045
574985
622886
993366
34690
725221
59376
998968
119396
476198
156754
443289
117121
278605
180984
13601
506178
497046
595883
162226
200662
723462
645500
767548
69347
853251
108821
781527
298319
659167
202303
411206
107578
481324
4616
690212
197065
755864
929655
739890
285345
884789
247055
880388
416208
463798
104553
182599
234312
699257
302591
447207
967647
135851
438943
171871
694885
74929
214036
193613
974052
674818
190526
883721
170790
768928
477144
260898
775144
638136
223453
866274
576622
203698
958720
994347
217358
410787
191777
218611
217001
176894
571448
41846
270451
157070
202133
265444
210333
482735
361207
367723
921297
189682
396491
344845
223088
437649
345098
286604
979773
957823
580285
929333
624586
107891
164579
398192
825938
872315
177243
302957
336178
554295
478676
11580
871357
316275
402484
207011
785310
78874
899920
628131
17620
633128
505866
297153
571286
305821
993074
818703
483437
336853
130241
743169
418872
500005
977657
538837
784392
111889
61332
968393
415117
439199
478682
964274
227219
625730
360168
42308
144523
396661
25800
695118
97868
195403
935859
304446
438239
677255
294282
824816
264813
806664
535785
322307
259083
310173
696181
463681
537010
386215
611274
737724
121070
704078
25396
832877
742492
939715
557737
92505
913979
913696
288842
726826
158871
982339
407503
337865
548092
18167
494105
479924
305682
746434
14572
146231
597632
45856
419339
318017
954967
473080
11229
92594
356297
760290
640850
519621
923838
405999
156707
969743
510659
228933
94134
335606
829749
671714
441977
265857
784298
430484
339254
77127
862375
10209
16995
619890
109826
48824
128433
391224
743540
730684
762962
856867
995049
460605
316673
673244
161579
719389
401573
799476
586028
600453
720362
408576
696781
329587
968832
581968
178721
498085
348875
331536
928981
267361
950940
99494
99494
907887
332921
291019
916382
831987
732817
749515
688938
895135
151745
772148
236989
296619
405191
167
836181
773904
245900
483236
870445
823166
549868
170855
183382
308997
898401
332860
373541
471781
730602
790386
340494
91810
586465
432007
871601
442529
830638
988251
567514
68262
166326
235385
400719
144000
738832
173530
283221
526734
372748
716289
851927
908811
641346
766136
735123
662994
872118
655991
786268
860054
626585
730006
405606
17271
215898
737508
76918
124932
904867
370028
40615
558752
460422
997052
851443
923068
337221
461391
996700
412699
341989
62873
249801
527079
904166
144382
734031
371410
629830
869170
502515
693822
400587
631016
725032
766635
258323
919768
946821
198991
813924
133190
339512
722803
96998
823501
10495
719981
898309
961138
649093
541075
610256
218341
140542
819587
750616
396542
466877
450152
35057
485591
976321
655530
419810
290199
42343
106584
11244
356671
623880
831909
909648
991384
832664
297205
757629
231180
205815
414106
256979
308100
662060
139703
314486
665741
534581
835590
191925
669226
882356
545991
199849
977927
256531
663549
840797
457682
252040
600476
732752
74574
396235
175902
386298
861529
59661
658250
555371
410528
769477
506314
672088
97908
444508
201535
148387
316330
139982
389068
321234
271369
593477
574096
699954
278871
20212
377441
766711
705094
156808
666132
740903
429777
192323
989797
160703
942709
535279
492674
315561
77563
616144
269053
145685
288809
354495
579750
870273
301147
529743
399333
900716
574813
675241
590458
839656
368920
865460
840947
53966
788024
831619
287315
10357
201394
902014
277161
26949
203805
276086
790371
147914
701931
86814
966336
78897
85387
376001
513041
409623
934378
511225
310387
397411
862263
762485
272180
643502
372527
550078
75850
3877
904109
144856
787606
85125
917441
144262
253036
214659
166480
285439
615805
218044
878429
406561
683669
400798
975069
308994
941961
705907
422941
930122
468789
556255
690026
803555
814324
237892
765848
618995
355357
229079
616824
816808
422152
979110
665173
339274
876374
691995
696414
56438
744490
98580
212688
262742
496920
196644
253571
808256
837691
308110
625144
323727
546061
323934
492661
221305
422132
96558
150271
938594
437967
657147
923327
720781
808742
481025
497496
807297
11908
967234
439282
214207
626074
501296
696127
352467
239601
638228
620978
416074
989398
351502
935204
948909
39362
595732
18772
638951
578744
973077
541240
526611
285017
983748
301377
430916
772042
476631
318011
513290
493298
277566
711339
828316
349629
976782
359953
822251
989364
396901
291039
622071
76990
939355
533845
835306
811824
139245
932850
322561
340779
428659
387016
463391
554989
697878
341674
1272
927352
311369
158119
924464
120216
671219
900403
218763
519889
356190
980469
778272
289350
925402
405899
570896
5048
859580
431641
560261
50556
156616
97888
168141
983350
768835
812600
419367
554775
619482
433667
203391
477732
942150
568216
794357
269750
915256
980702
165399
624054
933224
754061
600231
936617
564265
245942
861779
314525
414525
203149
391689
525641
1647
516364
884586
18778
166534
406949
973847
279792
562805
501903
17290
663616
735815
30641
829852
482319
28229
884855
4717
664228
944318
349070
268797
728023
585100
437505
525047
234442
832945
704460
210809
875057
621059
646650
117901
802485
916064
928080
963982
719731
734433
53717
670392
513429
468786
129965
95257
557761
894725
778374
245841
11891
413224
686606
447918
299773
448769
831003
48952
247041
799437
975154
363351
820939
37503
953403
368204
966467
822968
478756
825586
240170
359857
886926
987567
497741
944661
724707
666495
358802
728670
88552
389238
234976
501609
166803
884666
889466
514054
835912
663267
146104
573531
455493
746303
130909
333597
609558
899726
239949
182071
367682
710926
514420
26578
365195
267484
283554
76244
873130
833577
214006
27999
772962
919261
643264
67249
761175
623458
368979
567239
17475
403053
820797
879404
356655
180809
338039
890149
657818
484338
435203
918745
389893
181354
565576
385835
618797
49658
448315
545055
926733
296360
902818
821474
658882
905180
570647
222059
184353
69885
975331
816110
64575
920792
484522
594854
834011
97981
676
806380
306404
548789
115681
613267
40772
990471
80043
632633
358615
515318
693884
495713
281926
506926
56626
917575
334222
837577
797594
315791
133566
274717
448322
685499
295367
476188
196791
418446
867810
902618
991078
75615
505778
430138
98655
542641
614257
162056
753611
172987
835065
297372
632027
275462
606241
84860
934870
482092
615847
282949
325335
677967
657961
65159
341427
381957
144970
961006
290294
944342
767441
467696
29604
760921
406060
66138
92484
949194
243967
260228
656286
141574
364265
999344
17239
660643
343502
103354
46951
398919
247699
174703
777486
956364
315674
301971
887583
19679
402746
449258
936216
270966
928260
871726
643781
971865
644808
941527
453209
125377
760514
141155
731553
455965
933346
631120
960136
908912
449207
751723
718727
79395
781694
580181
393534
596905
388319
452982
435145
801643
44033
581973
25455
721579
466559
8691
737427
792668
963016
157383
919724
108836
787207
483708
243122
571941
161374
235465
649399
785455
450948
548719
887117
228609
474278
140310
299894
874044
621705
922006
971818
64371
905262
626613
447956
170170
757954
504891
884701
986526
381980
861801
792705
79493
601297
803395
881918
923161
532213
738875
676191
893697
536916
493735
807509
349378
843638
732250
876169
451316
778481
197195
422808
355927
775115
869678
401752
381889
382073
768523
413411
908608
600540
303400
549418
368704
737534
836691
721156
488584
149289
606947
841838
955613
519501
873349
903506
784568
401633
860447
47662
727863
595657
844940
415972
828745
146544
664547
483415
674137
482508
49297
568790
13633
444129
980623
337598
169796
235291
216171
938494
123130
394106
112726
1529
41758
552603
442359
789904
150741
283398
262995
502570
388874
558920
777924
118987
863072
822126
606303
201114
534584
110051
806286
362031
857356
121141
982362
197150
440461
150072
463711
945874
70865
184372
145189
18722
909918
721665
968417
471152
26975
378071
321257
382566
911526
996488
448879
457721
562002
965040
761636
795483
498381
655082
120891
118972
836879
326533
663138
857290
625121
778881
634644
889496
397834
73035
128330
73342
473473
53450
48149
318589
310644
392016
794297
306462
547927
907599
442783
255882
195705
880944
865975
383092
362958
664659
221245
485304
388577
999442
731762
995464
876798
913402
167871
595626
392038
996385
783835
600955
890201
804990
60966
707491
306700
96807
623355
82878
229153
217314
124015
419716
377430
908955
274962
564020
298616
553396
406929
547273
977393
613124
740774
827474
370374
618272
83105
559317
231226
718160
576054
549024
271265
543369
617163
574760
737189
25762
51303
497056
416566
665614
557455
186694
140999
614817
269901
948460
596360
758648
32104
713289
258713
675125
199766
428806
560521
214446
79545
699106
171697
388373
659211
483539
67257
514787
396108
551205
280816
357740
243856
186840
786682
646762
857761
481747
443049
797320
942323
568657
23222
427342
616059
702966
277782
783229
819729
999397
24361
832393
328608
846811
322260
28822
258151
769890
890696
899974
490456
909583
229733
121885
875148
587361
122073
215055
58179
415889
526779
560836
368400
501924
736072
792867
859476
123666
546664
207536
820119
121558
506201
295045
635155
418854
86719
752803
239001
202896
525967
838991
382866
127116
386498
520056
705905
871765
700195
315314
659912
413656
633598
632180
507784
72457
730371
8277
765826
121729
483217
524456
747408
846482
549211
504552
560943
8590
355807
770676
574722
169234
277552
509563
326477
275137
813457
791163
985677
302020
869801
709797
292414
833938
316758
554209
880877
277512
719253
724870
414806
730140
825310
664251
459651
482387
610461
23500
58294
414982
758981
953414
209732
787859
997074
380634
43215
464439
850650
762999
916580
375387
763479
281323
630644
920792
565287
858799
374283
901466
595057
996908
763190
616142
343834
196604
247239
758149
173578
40989
243849
523209
684074
628243
20178
631119
810741
8618
3091
952030
791277
231932
169099
991512
123887
793504
109011
354055
292114
145374
866561
541207
674734
368450
401533
654568
465321
885552
51444
500284
749492
70755
417432
155317
787295
971360
544807
771576
61221
231290
237718
781138
326530
59052
300088
866472
661304
653519
805507
72238
554291
200959
435764
697573
77155
947412
125798
167088
718742
151386
627456
349977
442034
956445
83330
412886
946000
912454
864730
512417
822841
560949
17119
295010
111311
112643
196694
172371
558952
242685
373400
199650
33479
208788
41110
83749
69107
417067
707257
228735
987572
503308
176230
505352
552470
414710
210689
471518
439035
887666
512671
436351
230602
155228
618251
473970
812380
23701
435424
949762
444533
332344
838922
382762
537294
214731
258154
716372
522424
664890
459936
849728
948787
124824
619446
696708
553879
269599
937091
446214
460245
935342
656264
900125
432108
605407
769663
341944
541822
434647
253739
202993
834589
62158
79155
128723
727593
458524
98729
132371
644877
278264
302129
23564
370133
893391
648845
552858
417196
929574
550503
676660
157140
563606
212800
216331
994148
609905
754964
881993
252472
646822
164731
716516
26787
815619
521250
767958
136265
952803
141761
513122
132906
767560
599153
411650
774661
592357
549783
618249
305874
802947
211954
983280
918200
246990
601316
49434
555962
669185
417863
390075
596049
95995
873410
818740
466168
460848
601489
911023
243950
749380
640319
750376
310691
915426
94725
324152
515517
879437
484499
494977
418278
510164
180553
33578
87477
776978
445275
193366
514173
229449
473457
852143
700970
317132
848058
387957
258132
322313
444198
975588
368732
915324
895843
551402
994432
115014
718338
653206
570186
270721
172379
237624
40587
617834
964412
151805
446717
121602
156040
291046
598752
393650
394392
627287
935105
828328
440708
262109
989144
237658
301871
739344
190464
981187
36960
460326
259566
554000
383185
347239
853593
260291
459633
308702
121546
871989
915621
29587
722838
741513
956415
44949
361631
735830
421943
516392
356500
361140
649298
398102
861715
243986
268546
670773
625823
634011
692661
569662
711926
74210
306304
613269
444394
672976
310085
721789
245956
863328
152169
4310
58726
306124
242254
670816
95541
661213
504833
325187
641036
325478
805335
258171
533730
750766
79864
316928
318844
593676
885945
388605
937761
838555
19215
556405
992323
998597
303118
292341
88628
456332
329200
193775
360259
314512
441689
136454
93427
567115
33616
301114
276189
749250
282958
434605
242820
973263
789819
747797
638168
340940
563044
891807
901996
147578
676828
715058
498543
632951
452057
426779
927166
276644
964830
496477
759775
147454
579853
140912
276396
959620
77082
595829
47126
540569
657548
322856
277824
908337
213422
953513
521
794396
334249
487562
669411
565370
633693
181534
92061
806779
37730
979081
950657
342396
380675
69558
314450
875224
634384
105663
912167
215874
400343
100466
185883
484882
927880
482306
294900
886193
421375
353628
991579
82521
107994
421795
996917
850415
922416
319035
475205
486110
184673
935990
915808
449763
550663
584442
458178
514550
60454
416447
702623
591389
325702
549155
393071
279249
64969
930767
684513
650423
986525
231799
654178
860803
906042
533315
114286
494275
479486
896570
428006
137526
293959
628179
753377
916165
125503
396830
526307
717307
199764
119441
35220
155400
204625
530302
558226
36439
962671
619322
957636
785386
480415
825016
400525
376691
353106
539290
700885
446690
746453
657851
488257
648499
257022
602969
879011
750839
518840
985049
854499
70574
657281
199674
256244
424715
580903
496814
203590
543835
593026
161406
895175
387222
343014
106536
906279
592757
809688
747927
331362
528780
738667
450547
43228
76965
868609
43732
986938
330985
246009
277248
397531
914056
472471
699983
603280
97822
237671
223615
991447
853656
836933
979553
218028
314861
904486
452221
846644
840256
672611
427008
271275
998931
626907
714404
167517
139170
672186
911156
391334
565052
961787
926718
58734
388943
861224
331881
652651
980587
847539
490715
311398
525040
936603
232973
421478
171740
181248
663146
607513
126666
214482
606360
529004
306353
467228
110369
48537
834830
396426
70932
486583
14068
731036
407476
230951
232873
296785
965767
867462
354897
239384
87578
514796
505269
110449
584604
947165
662186
274507
902826
500509
744184
536802
105693
550090
972136
119513
77382
315856
969707
916171
830349
871062
594815
995657
891742
822506
435300
26842
181212
544213
708366
356184
694480
714046
104913
920391
104169
62389
49545
798711
564156
878283
522764
117508
155742
10511
431528
368783
86310
565794
525455
990516
559795
707908
83397
960180
223512
469964
380688
255483
718369
253917
852614
330764
113942
664930
975414
250262
361455
912022
272033
132115
264163
291100
11272
896383
918345
171440
579869
462274
211660
412156
724678
480328
428609
174959
576005
759463
135281
406494
874078
434369
628397
211623
660231
998847
439823
117706
502282
864796
451965
613492
687344
460164
951341
159461
189475
556736
354741
221475
625682
801538
257189
385195
853155
268963
526560
416941
126798
147101
311028
608340
117475
981242
791948
917210
321924
641743
808850
895861
546996
789695
237040
441237
334366
323387
56809
288392
832146
22354
82094
512912
269265
564710
813383
442365
204463
969813
697903
135040
806171
727585
161367
209474
797066
371286
874552
337259
419954
505424
606060
680596
488627
128401
183629
214797
544205
893884
89903
953343
188482
6208
881924
221241
941346
194880
570826
265436
647678
288834
860153
381131
797881
774519
586938
131627
170129
237230
423157
652512
989218
687001
443075
340244
132140
300155
354148
554346
365382
857937
247201
607141
867367
734354
159006
696305
362668
351773
96433
398435
682231
994528
845657
500116
552879
721709
33323
560948
311939
674132
360698
929840
984431
67382
295695
152430
100708
911566
278914
254425
502009
204820
689602
27818
875738
104446
541644
597941
304994
117744
574546
454513
69950
419371
686244
940238
944628
12902
354083
823407
989730
674644
680985
660927
896122
547917
29392
225769
88606
664958
89924
511853
263161
235768
562783
991282
426929
407450
712118
837047
187684
666526
428978
167510
837606
762290
589677
852551
733133
843498
690895
436223
846970
646465
631433
315022
259417
575926
538068
903969
789859
827195
67489
463999
711756
954619
70903
953993
966381
645352
482545
329438
128078
522949
712225
838086
489450
548096
23142
266364
449035
136453
982306
785657
358547
662686
639405
262088
208396
915286
388389
964363
720167
757451
808903
283516
548148
402176
372394
901706
277523
607713
247610
775974
332464
971479
2076
274423
346631
596428
72871
428885
48689
546172
472698
858042
307571
681196
458559
747555
751571
336194
635336
533381
77666
887443
161639
132352
908529
416537
734574
169495
233735
116260
610394
927174
944194
822025
275710
314954
758534
903548
906036
855674
750174
983998
970430
941338
309524
155933
55895
61295
212831
675273
823632
189045
642550
855956
968354
175987
869933
732274
180960
606253
417436
897827
142257
241333
903808
817817
30768
754759
76620
50778
316848
152919
682414
901932
966717
800553
534684
128853
243164
920924
397735
976257
216749
733676
286842
827751
470509
158030
831321
690677
524675
864297
900651
331020
7425
423667
98378
630566
117042
153303
137813
278346
752282
236034
567803
284914
663920
95375
490196
761771
393955
891395
790442
66237
441107
98089
197379
98154
407781
875255
402791
75189
183301
579444
745756
473716
230621
55972
145729
595172
892237
326707
459159
253981
467588
900573
483086
300269
577114
675289
841368
94218
161774
238044
364590
121093
521872
597432
600496
823778
750595
701000
148789
456954
585071
706951
694186
192540
806983
152841
438908
871620
535202
661465
922307
822639
451179
559697
831980
417505
539315
465998
315301
4524
119104
533826
854152
999966
371603
930238
405379
632860
966871
502505
675744
212629
50288
193239
695194
532302
479328
389494
554970
928739
233483
166724
54172
785788
723699
538574
542071
184190
41679
329461
843573
890974
639913
168982
672580
44786
864485
703396
470724
76070
973738
96244
301520
569842
865722
690724
87740
743095
812288
869019
203714
931154
701321
501957
286923
775035
122534
162057
442330
520962
926887
143033
719288
474989
518522
347106
745395
88043
733713
362377
901556
781915
712826
189150
926061
636564
90183
491110
206513
449785
648997
473161
431995
556522
331335
974087
439257
518683
92389
861548
64663
666231
374447
17814
138861
852849
634326
191885
18288
630036
242880
60483
24103
315427
273407
147247
856705
312675
303704
168067
667932
513622
6644
157936
637831
62698
3798
835039
488267
361750
294992
199956
786984
858169
660282
481275
962748
87295
902620
954246
301326
570232
574773
961869
310179
839030
50598
833612
157575
699074
737108
876995
421022
190502
757084
101562
742512
43720
227295
667769
21675
460358
350464
597452
468448
760647
364101
267284
834998
474556
140274
332614
907930
103965
671764
777053
392608
342795
597120
263085
969675
651402
642670
463859
497209
735823
476093
301408
150815
167921
409588
483937
855065
111078
777829
468108
594984
901995
370229
807129
559687
564791
923922
516760
503819
99388
969515
974263
951525
495460
294512
792607
419476
3368
73614
870906
999497
372383
455199
481513
758910
520669
291071
491460
293358
725519
310129
872853
477631
474078
111945
576740
733386
910897
24568
96602
544898
262959
690962
952325
723786
890044
196290
235330
788185
126661
359577
919858
826540
231822
333063
947717
241540
563590
317594
745634
834189
361984
312572
182493
200774
974315
519724
290213
383224
522521
927264
175183
207758
110537
492529
352
888335
859454
325105
87576
285302
417234
77970
539358
791027
134706
323485
743165
793893
799872
628267
411219
6105
174874
635438
660019
983931
357912
486783
449941
607175
181479
833133
809835
898508
505822
983964
583175
733136
380473
98389
531971
903556
989524
975628
725277
365350
75578
321835
530713
235195
16077
161552
240262
801021
50213
22770
721979
610
385625
214315
687407
934263
532340
367746
231399
212137
611520
793451
150590
67283
221738
64977
290964
983879
149359
903843
177253
969121
879198
649399
391207
621496
594115
733485
305058
822704
236302
214787
682089
832691
854011
180801
486928
670209
835167
215296
452429
343207
693134
501720
201431
858599
71534
190189
898070
674739
274575
898597
536661
709641
7689
722303
659436
398097
276720
880325
193423
883204
867049
482018
204956
327005
541359
87940
766893
961258
406377
337907
421100
635671
192402
51681
423078
259149
915355
284300
619643
317828
782928
55396
658226
916292
321239
312934
529331
643885
984046
223805
795285
766935
6082
165005
747185
726331
208869
65393
61171
445679
540483
750071
482119
858566
921297
849433
946571
269104
311481
622215
261962
492556
422985
779162
249699
530899
772198
809644
133596
995499
438710
508339
759981
844334
108450
466167
539484
808707
974946
439026
901000
860397
551352
179515
293475
70008
429336
318349
610678
503555
956951
603236
366498
353529
136072
58426
916216
676472
306874
373930
599018
189654
441474
54935
392973
897499
597763
823043
668981
505907
453957
633911
940116
409112
315139
641401
623141
691239
928826
807083
923034
444366
940108
931108
526524
64993
125071
5755
113018
548333
54550
810237
80454
641888
800161
736607
274372
847317
730616
218386
348399
386041
192515
858906
379891
890591
52186
791327
706858
502297
710762
925913
422098
176371
850966
873261
218142
829984
312779
691567
88306
17787
50409
231236
403539
473557
288888
381633
375548
383746
791930
469654
616834
387990
917341
505921
886579
66592
555633
729601
149434
955708
222403
620720
93903
898703
307689
427971
968853
925785
311709
418767
585761
45737
667285
296684
335762
58421
812714
56859
383029
109341
148474
587790
980462
370836
845364
964521
234210
99885
866661
233284
530315
129351
368215
358579
553249
621055
555882
220558
192905
975297
989592
923509
744175
174664
47685
303807
85475
374552
904600
327686
864066
711513
278003
139097
174421
828443
660432
271370
736153
916431
140797
553823
772116
363744
382478
124407
965770
176047
711768
604670
53791
711596
485848
384683
561962
392320
120378
171024
422975
951484
809420
59020
919942
352905
346404
160048
227718
109449
279603
791413
285123
107131
744287
237152
315470
790737
708415
942371
457168
711389
501645
876064
157204
623947
190724
809505
477421
168004
413272
321792
490122
288002
435932
43228
54076
692951
965011
614771
888620
909342
165237
410822
634937
495591
798839
6783
412869
330911
738686
784658
699080
42204
40295
319825
899284
955653
218617
152063
983127
869494
792866
435268
650122
584321
872822
216735
588769
594030
651031
976800
595837
624570
431277
546538
395691
958934
597404
388129
294669
489307
855104
602714
346021
504824
436196
527969
707395
61622
522817
425638
292070
180458
718575
68030
257761
169835
783318
333571
221973
880398
254462
700876
106867
930151
598581
575663
615963
123004
774373
916859
285518
839945
408782
816509
484245
970820
847785
3356
455583
735238
599991
432061
3174
474349
930817
422284
911762
562062
505556
224523
939054
199651
883873
905357
812970
296569
561345
681085
638759
594582
284690
669522
815437
979145
343038
998792
362857
366132
880968
819692
511926
651832
700054
841158
846739
142329
496292
757580
929993
29162
815099
623933
896947
292130
548237
695083
746519
470828
571810
646516
215398
816460
920783
473202
294643
322368
859435
311983
955872
264333
381833
681893
141504
939844
368169
274507
865535
505639
841423
610441
667068
279541
777221
202226
23140
163731
966902
387002
278495
647384
369272
629251
757822
576905
927561
658877
468956
449471
824632
889079
736539
137991
453329
276797
394900
113062
103822
714359
370760
644219
232820
727098
819692
366022
59052
957897
41222
191722
181638
160097
662757
322788
651710
221741
603428
674805
160924
475570
46440
962069
544174
95465
335383
419382
640409
317429
69426
901840
182427
859858
718857
247921
4455
916525
615442
701340
471424
970784
455259
360683
546684
227616
262198
667635
706488
989787
667552
56948
962613
33629
278040
907927
984234
407010
388431
938118
970146
79789
418076
774308
198205
658433
114700
674388
459214
964899
737644
241383
294899
175905
814668
422606
742180
506004
481390
99459
417175
551738
821981
496996
551325
550765
601314
878048
437145
353451
52799
256726
197616
956940
654237
676919
634476
697645
734120
939746
818499
61369
842101
682418
222665
413727
420909
548391
598677
425474
722445
859529
65201
496003
452670
764450
82084
139235
305305
985967
847789
500939
821504
479521
828508
671154
746559
402296
489157
448401
826009
30590
71735
150717
545716
462027
535634
183471
368879
761654
101291
509489
936590
243586
171723
946151
268452
998832
145155
390828
43774
467844
726456
910264
62880
3029
895189
904808
354162
152401
608311
242613
385898
265469
669819
351815
18057
283188
514376
39465
255557
777832
335928
333586
241987
4181
650412
204468
41312
987176
21916
960346
7013
543611
838042
356875
159464
198577
476967
914881
805318
741014
636979
914850
348159
156574
354895
337902
402088
379272
636521
779857
315729
542936
804623
402998
701120
273545
612562
362872
119128
525852
910959
992200
672750
401758
333453
71425
526364
479338
838497
958458
612181
799221
200333
699687
392096
399204
773029
445482
482126
12255
895151
623432
77455
230749
978129
638793
656838
791343
411779
240422
311928
760700
846416
657818
690952
691086
941968
286540
979429
593818
717205
86602
374770
179467
527224
931710
536914
433206
442716
478480
846723
408664
219589
744535
654990
959089
765647
290073
162342
375834
238119
951645
257418
798930
662076
562442
896297
818374
776828
307903
336669
594234
799234
739216
740878
778418
75206
758858
60300
604594
812662
809562
895504
409537
636653
660025
863139
246469
876277
7334
894944
357979
498081
109405
898340
969550
691645
376664
280813
680647
264282
655094
657474
809815
256175
279511
341610
68733
848751
719476
671628
100283
394492
850552
454509
16949
170382
236578
412186
904226
249654
293741
857293
464002
235947
897587
453062
783754
14888
36386
399867
180369
515793
801670
389748
956480
45490
922183
937278
583172
385996
683011
628984
601755
712230
723529
133731
541294
185253
440336
877495
608115
234250
23907
405835
222308
499993
90798
431337
406163
803307
31869
356372
149051
696488
39860
905235
160021
705479
680504
168969
275354
969572
396764
268103
379111
382252
830508
560591
898547
621992
466410
277100
948688
666439
335957
145735
434572
937209
694148
949833
101611
367952
979888
451798
620676
877321
247742
819682
857534
471034
554225
902123
329999
115205
985711
577327
125274
787669
211565
735699
19349
227014
609868
918979
161851
708816
211394
639435
130434
626043
385793
102203
858859
75557
480001
281104
205800
773855
620980
816177
667992
547418
494691
433279
151926
838773
266134
735737
33922
763806
74151
359031
727524
434134
741576
30507
742935
940011
260002
796052
556097
75315
531623
549760
35118
242459
532706
107371
505255
882701
681036
60764
274345
163336
858534
49805
734532
772527
751327
104269
992856
871805
781326
359348
916993
187319
131466
81219
829967
634732
874543
930351
655674
711258
969227
348257
879065
199066
808887
182127
503317
896429
226909
167445
371145
432483
91234
197338
366933
654449
656714
521515
713374
831183
102070
677823
950064
773436
557657
978859
970442
177532
765584
389010
723914
381238
476301
873115
429425
256041
449745
370761
14527
217371
364722
965705
385337
374958
592659
399506
419632
237778
106733
285205
823500
461577
620710
156092
345998
872309
33679
985335
371030
333243
580324
905688
918527
167396
158037
871785
510098
346786
40315
468327
968102
844296
492002
29389
290997
309029
969974
794770
85936
194016
947488
972098
630643
629900
795023
27319
881650
897716
353666
141709
938713
701579
843396
58454
927355
983955
360836
232703
516000
222028
35371
948840
616014
184630
474999
353511
187751
556448
719193
74655
245870
630968
231446
514950
132622
995513
121067
833376
416952
171819
868010
301197
164053
885549
363679
306914
587877
349097
709884
13416
152864
424828
331316
368430
706810
285169
527046
498816
118474
452222
317399
222667
607697
267645
856259
621661
693363
885930
369168
505287
507245
668337
617181
961333
836724
10812
780553
426633
185843
305020
43621
262131
163400
898122
730149
418634
735842
31163
567995
339652
476038
927182
410321
935979
452073
469401
707597
497462
497960
92404
931699
132537
697471
104273
81381
262015
403351
498294
343168
115785
805326
251256
915196
728977
995591
683920
381570
82806
231072
159481
991221
930674
932158
289206
49040
230649
336947
519469
358512
8807
475308
574923
535944
253031
297668
574953
156831
193710
324599
530233
877702
997788
518502
645705
437576
925662
253973
902225
727518
178622
140317
23601
79132
247332
681903
942760
344659
57315
218678
208256
396852
608448
342108
166791
205053
193583
74040
8926
137695
572231
961711
680068
655355
296451
63800
791386
12451
976760
802316
999841
477679
998295
800786
817904
743791
125949
989286
49169
517857
207779
291259
754143
575385
671543
51226
422587
405414
19554
365632
95852
724567
305870
458794
853064
3921
735629
670395
927172
414790
28288
752752
400828
218992
597395
948488
985775
620056
903031
263592
77408
697297
983913
816687
646969
716574
837052
194164
867351
951332
562519
71526
509262
526590
827980
905490
868327
374563
252208
883562
425341
297774
173645
534944
142796
92477
144129
921422
845835
757273
284236
963858
271806
543827
267340
219771
895749
128721
970793
523091
368635
570055
964680
349525
492991
623356
891875
526826
427472
642967
406137
782638
257322
909277
69077
501634
923185
628258
706455
19557
606830
831601
31666
803172
706555
732448
458028
523952
420651
844103
482111
329227
827282
425614
667675
907257
486506
426273
667082
955277
433449
268440
926133
166396
677881
787912
545900
302238
568163
22149
457519
609314
262206
76377
130704
488517
627371
955453
112617
611909
593206
26803
692732
849020
682514
925714
492112
189974
507364
762093
822069
658691
435176
96385
808271
226772
100956
901407
868278
395294
921574
669476
656813
660653
89025
60446
900279
298821
730171
729826
8538
618771
384126
651810
692395
949369
980071
197259
352046
630233
589144
304976
43663
70218
439515
781502
375428
772647
685789
196293
123358
594494
23516
745270
287070
274594
777562
391624
785707
973662
527715
904993
422736
9837
21151
483799
929229
553032
802854
221926
343814
258994
656497
422121
998403
771944
352141
293759
382869
358320
878224
138591
121206
54156
886355
881834
868796
728221
902342
123085
859057
490589
76376
112356
587222
78643
540522
715525
687840
724053
338396
782117
868629
8527
376357
291669
359819
106064
793552
234552
681772
340607
94272
1192
506505
130195
788334
612855
877890
116895
189039
773258
859070
998718
211722
113688
494719
981200
939142
231141
12203
594360
794289
873234
438011
582414
913519
169138
726752
165417
331852
516852
331045
439887
913007
714220
452671
130945
192009
172620
919406
475633
784729
847282
34697
819037
809530
946593
877325
538581
13458
878019
915347
350753
182641
386045
14161
197169
639655
377657
265255
177412
973978
286208
810572
485034
754274
295407
735949
824510
694977
978025
306488
397625
193045
129577
693296
707111
622165
464880
217427
728740
47210
314485
251288
758277
354102
952204
906179
553522
322683
644360
880820
663148
396845
23074
342003
190367
477939
335325
693618
341269
32338
77323
929645
995289
124519
627691
539852
721577
355615
684767
241679
661478
496352
83871
995446
167976
213740
26270
333781
665594
204969
16787
566781
728271
863893
945397
847593
402637
401225
870080
859873
578600
164603
569858
573038
630097
447117
509371
747425
384108
659087
10184
269006
490364
170824
27380
743017
99862
950996
559390
98417
31545
650877
21573
914682
932572
753080
880595
278837
203842
51794
792510
391836
376414
188066
769486
408415
988173
236732
730102
407754
967521
437239
738869
206206
723019
737034
133106
501859
212659
704408
164288
1292
649968
975109
220384
155567
118038
753183
783788
538297
766245
550788
873782
878342
74320
849364
286696
790500
215226
957808
24588
507142
893259
388477
391925
398930
965203
156038
192847
375504
377496
830032
355672
847714
318432
964099
430255
778960
110316
232953
906991
483714
940542
870758
973615
341998
324009
946547
282198
550407
318507
794910
978319
993343
554007
304837
799966
587757
335973
817367
251674
762217
525950
508065
944225
68077
813892
62832
365568
894722
344788
506077
408830
95185
682497
225360
919140
940459
487359
970972
378680
117221
475897
202417
145349
94491
58009
4205
524061
996157
306610
88032
983893
251649
192589
222425
540526
809088
559987
103219
590498
199518
354899
13738
414592
72525
429363
246760
994041
603570
382708
428996
312054
408080
961599
564409
380164
763296
637887
477140
531834
325604
797714
265974
51491
626409
517814
273210
100536
911618
829721
639680
439705
563594
128323
590636
207729
665135
743688
403993
502621
516147
391465
965255
251413
911152
772604
675938
468710
266195
588844
225396
182365
497968
105538
243512
896382
787669
369222
620712
379625
570555
685468
284904
665466
702459
207343
101023
441000
481665
917350
272806
780434
996979
902104
611680
376246
701873
49316
526944
662691
92367
88389
285013
55963
13064
322325
105037
104744
254975
635820
134581
796470
693079
511642
169327
807448
321052
791385
530753
735603
241087
822268
440943
775978
30687
725483
121830
47032
798165
66028
797221
80076
344918
337652
502770
731768
278624
967561
63963
308087
15880
888345
154813
621934
481866
141757
235488
490229
265919
999074
405583
518330
113524
223887
247202
141422
169206
28487
380878
934461
267891
223943
82126
605598
804332
788613
166405
997848
891188
105638
860716
238681
66997
814651
777953
695247
103798
484643
896373
387328
497291
743301
336517
537888
183598
620136
179053
587066
856423
873405
647187
392366
676966
517252
580387
749615
176360
693679
821118
599400
960351
349972
942088
414277
261336
975246
449203
139817
664522
950591
286598
657059
642844
805556
71460
810896
555906
588817
261216
388232
265320
555654
248839
474457
746441
178996
161537
338157
445509
896626
534807
837332
501090
339758
21696
474826
377820
838195
319382
155021
304066
379881
385607
513956
58679
85558
599241
232883
302273
796311
48302
921323
999493
685862
61686
941301
326086
132537
610074
594283
203968
463263
462101
247828
361798
246497
572215
559504
13441
11225
95761
942461
786290
188026
618641
733724
562046
953471
206890
91090
979044
675781
10785
424303
893278
211635
80820
181388
675938
254106
560276
213267
126877
62578
545719
817323
955321
292818
979865
205564
374050
597979
119437
902292
542105
373303
71620
367954
494772
627694
908034
582595
115630
890455
617765
785874
84359
85787
390878
998141
444315
445121
5861
789656
33640
696087
208955
709354
368425
480595
257500
311938
166088
962542
524181
892613
776734
323092
450405
4183
812921
286342
710444
777654
488300
267435
708704
553470
204626
403885
684581
21307
599263
808086
916129
231433
511159
675541
28209
289639
241317
718715
353949
210771
901302
647293
97679
942018
421722
657931
522558
245453
288292
368921
845149
436542
408676
652587
268355
915456
161527
228838
163777
433173
714870
579806
991451
598661
175831
485629
365105
295424
959024
148124
273477
182390
97090
305425
319436
82153
998572
978464
21473
910349
46244
191514
880523
79442
410772
561573
397687
764752
603421
302527
837311
260006
162747
57862
676451
711262
198414
609873
135471
605273
545730
713652
242822
841498
853655
899285
753942
346914
645142
176558
792533
17872
783220
522231
496375
421135
773744
907130
954727
875639
526497
903093
574369
167970
515490
101782
595186
764348
734799
429852
101486
783157
737032
136964
492244
291840
267931
43845
231846
811140
603136
615392
615679
78662
999131
238551
781403
782089
132336
906005
729232
865021
720150
534826
872454
665805
670556
565312
869028
665330
364716
598608
497269
251532
946240
555335
830682
176885
137344
368509
399025
655271
127613
842949
109618
115900
138118
304233
395315
175925
870168
255184
138103
753654
546800
738911
803132
666828
110587
31453
343041
674942
255863
479855
7586
663240
84718
475898
360756
407486
455685
660456
31960
211552
505935
22058
995202
298017
569400
634083
777611
416969
471434
702622
846881
536946
585623
959978
81876
514544
580915
607838
454888
60859
839100
459607
773459
276845
313978
714736
964744
943260
317878
215627
877706
296873
893133
790755
179351
397527
733625
505401
331640
756742
743473
244053
144267
229942
316907
247798
411895
831401
393424
658757
214673
325911
74782
728274
624128
633728
94102
793150
544716
314593
932940
352219
27039
265329
238723
544160
53952
853073
234683
622919
592778
395938
445647
749188
742055
722988
805391
669570
259149
40736
628259
998634
287945
958759
858809
123392
167808
942110
192233
339727
143664
106471
59879
350414
45143
528711
699237
171621
187287
98010
121778
123096
953037
900228
987793
946105
879609
54416
583867
534027
327391
482743
42924
783476
886523
606524
693891
619094
75038
807436
7517
882016
210157
177819
106122
609284
488859
54552
496667
616456
918454
71999
346494
221145
346378
677668
260655
448445
338342
254822
525809
177759
416958
225993
204843
470717
205323
406692
799093
74104
962483
291376
397818
606303
697535
618730
543957
367158
704355
610812
990037
610796
557669
531653
888077
353656
147840
889354
661019
188688
592423
759951
810675
701386
499671
559031
325861
753370
80510
233235
343683
549408
288707
80261
174143
203895
848790
640510
304212
381201
644550
237385
113484
951071
201201
176603
31380
125748
779955
287047
813231
652438
517080
549285
477519
91861
548748
473040
607548
40565
637696
495802
700526
612744
478314
956835
672116
790335
449388
396407
949361
189638
453366
818071
295790
443173
388465
750003
17947
265815
801932
355896
981574
379788
489300
146340
929898
973455
543943
895100
190420
418833
413608
588655
401580
234338
246223
513464
761312
860832
758420
374118
914798
884329
986842
924258
247884
28675
471836
797540
950382
21287
461515
1385
527694
98570
816804
227845
777664
923157
721965
886860
66414
466515
466648
513457
853755
917121
561155
885447
688328
623478
141690
133294
811039
60902
109059
74603
338219
505037
453921
613762
495223
5251
960741
145257
366833
96765
446435
174447
942056
830434
10955
504746
376138
175200
900075
605811
215360
667510
303033
822778
431232
278889
200301
378924
544361
208814
508575
42663
52774
914223
119816
596722
94517
493085
307779
442953
320630
389258
453666
154447
477202
271720
596265
692452
182555
502221
276127
341944
497266
288245
68933
938879
372242
941330
980049
29190
984913
945239
994130
644881
583170
601164
695938
981003
89728
541297
643527
219850
832207
176883
99476
603552
479753
956143
639411
432520
837934
355102
897334
262473
275535
93143
779191
598748
915199
46955
744588
996188
685548
868216
382973
34289
832224
903105
25443
658814
489774
683858
272460
440221
428682
783505
197732
657673
274059
538345
202840
681910
816592
508918
665132
934762
777251
81796
136496
71773
277812
858482
530826
118596
116647
873438
196149
379040
239769
807929
568940
6503
665869
120439
69090
290155
802055
439737
782771
704198
118442
579066
862102
799252
718946
931624
792157
951423
339372
766288
730534
279121
618565
137285
495311
477390
445090
625787
736471
661743
258447
291789
405960
510925
669286
386085
817542
615486
418647
679782
544082
316305
146387
551500
215111
656533
905670
606339
449051
46909
185688
867977
523991
790162
46803
270666
221542
509810
39494
214903
533095
88888
448876
61471
397424
293210
181240
928997
363521
100380
253071
212178
122397
118295
769002
726862
597767
666766
599504
794754
685807
510522
58344
882480
430808
858462
295718
355209
230384
42201
716454
619312
297115
728948
26227
901989
290760
215854
422177
725350
246613
405597
331442
47822
256861
96858
654101
166235
523471
225575
292559
584379
218372
293597
759451
137219
142247
242836
726843
79843
123005
939986
783748
597284
909671
510609
231635
534082
685094
868191
598227
146827
343112
242949
690008
965602
229242
940324
176512
272014
187085
317773
514592
548373
225909
185313
62102
144347
566377
422090
144480
621475
928388
259056
856548
578796
824187
209941
606353
651701
879102
622330
34087
758955
614714
94815
465959
378976
705097
52951
254364
347493
575242
440691
475241
949380
329327
864023
417373
410475
898097
633374
708336
787153
243523
495583
102403
372494
7743
540570
75942
678527
938059
177021
478392
671677
109570
377120
946727
796495
491674
523076
862872
866242
290256
155251
296093
203512
530968
857547
56080
530255
135039
242954
237738
519660
867502
322900
366487
778542
891986
833159
589960
968331
30087
417141
133516
448542
589192
919935
852860
945707
859557
67361
997936
310957
960732
311659
155608
320485
361456
717270
442255
36676
288361
20565
671161
301082
316481
551054
821329
454914
402271
881654
861824
212305
551526
266029
109096
644482
163175
211355
980950
717876
756663
237398
14947
213493
586293
670103
509507
374426
540612
886834
529349
304171
777184
497944
291646
820797
169814
706725
478994
100215
903547
933569
631930
206256
390173
488073
712130
336517
563732
497967
121935
215849
924993
354762
616916
73730
654453
41084
977817
972104
200931
589436
270241
145861
4895
978491
104851
780549
666938
512896
557804
462059
637531
136963
152457
204738
654065
373822
106204
541077
647474
402743
252141
381511
885365
933416
458956
424026
608689
111524
614932
123600
897918
969115
879399
74625
162356
944539
244995
766900
386961
358926
798749
244162
556778
99248
225600
938653
487877
145961
223945
155796
927536
668228
280247
853591
376274
484867
671606
167020
256712
397441
8296
753986
961369
378729
351898
926933
432444
341015
950203
274619
819714
58604
167528
115385
769108
652611
39351
643304
899964
409207
340225
361797
336757
890937
318966
535067
986315
4041
306149
202198
331096
244187
399825
587286
151954
23525
679280
278875
281663
957816
3239
322028
21880
281609
627809
593395
153605
879501
421156
967605
300437
221425
438908
691562
655821
537498
144605
704091
205106
434036
820702
672865
803089
36424
301823
825752
54997
783490
68258
832139
394887
660902
806370
53780
403507
943953
85894
738574
979378
243500
321732
777865
764496
732077
557151
393624
978443
906102
981055
372207
443919
401326
645822
575478
758697
182665
836210
37007
794685
170258
93681
271416
516847
78685
538390
840116
755533
729837
232826
494307
90615
471328
816531
847215
985779
647801
872171
274908
334150
212325
981929
570815
55045
456285
74965
911740
635242
2703
691122
699896
740231
327119
984423
244381
864987
707279
962962
418978
481386
45584
233890
536964
298535
547687
795629
198231
175148
802639
954289
807947
580195
228514
286386
971896
717154
555704
76858
751838
597351
31720
553990
407023
71400
800741
645004
69417
568392
400073
794056
625732
305809
826688
603388
938426
106687
771070
58958
526821
567042
894803
912374
179017
716607
326226
941089
762596
698994
44306
538408
24322
758451
42475
46658
234646
8352
330774
609605
496475
440496
562202
273926
204547
67981
135409
406270
387489
500802
791672
888998
62604
757333
379419
215778
327201
128128
276112
757337
813539
30432
724712
952252
787224
180423
804379
932936
845527
155649
95576
524204
883451
521262
781566
629707
969237
712297
258254
855397
574153
843030
755960
930406
423271
642737
702432
31818
74087
816370
272344
209132
407967
359263
886101
714134
64548
998287
362184
647650
346918
251035
593670
173908
812210
777461
642771
222141
357430
104054
889326
605122
278945
977279
589466
842318
209679
145542
200493
240810
574866
244759
651613
932094
262012
178787
101698
655589
82652
114493
799692
388052
25509
553208
266984
53942
878015
638679
137465
30550
577841
309715
419069
150398
529557
508235
176602
603699
982815
37975
533530
833164
944788
530604
614552
305084
179976
343748
99061
954640
661918
362206
394208
738324
297162
495843
423742
69230
990480
799734
527910
570389
437162
207361
885565
229866
581918
677904
215897
497192
941974
501464
691471
243847
884401
295633
942094
272041
346243
534728
785185
686723
83565
785506
93670
620945
737663
725118
60100
597730
831337
858071
405068
880686
849967
549815
17583
41234
82322
557417
883765
788829
401871
865720
861261
485878
439125
679816
651206
916544
780497
259217
565433
386327
435314
834644
440446
599839
117285
435954
110467
969094
373962
456983
555767
646959
506902
904883
135836
454604
394698
828345
559635
484561
237124
107362
604084
49987
759356
966632
285886
285569
81700
617192
244250
329609
438497
970751
174594
148519
587286
792998
422882
738787
983551
553059
841085
394394
195638
795569
194825
377784
528606
535692
615934
184485
886182
974643
203917
488633
277833
451530
560493
341550
555792
154418
957383
432595
853188
903182
570151
474188
908023
104609
130545
622131
218383
223335
961281
633562
905439
443
690049
953286
692307
914337
127073
944921
148882
982562
404009
605934
520729
138086
651837
725381
652159
492343
938283
980976
33774
374348
463589
320249
695541
48771
184285
172645
169451
351213
479387
544447
860391
930776
916118
705054
7179
913426
710788
420247
131105
285462
731848
250317
433502
729706
138742
535964
428528
261552
617322
484087
780455
294603
314105
223239
763873
281325
519537
775014
897947
987012
472561
85475
705734
688606
905877
564420
664059
32130
539104
341494
113097
93351
524945
349400
388592
345102
919122
158944
900112
422368
884627
127117
765395
568596
546319
555035
730900
659413
283244
728923
11301
263912
460962
301981
633923
776171
813919
12474
628559
960714
712946
350185
316070
620571
77520
850471
294880
124043
527482
84410
568645
208439
277046
995084
156574
264687
379503
865281
231253
923253
169118
460910
858138
327337
568156
975757
910040
127732
575969
692607
378194
721320
883106
341759
658823
419469
119696
820760
416554
631287
495586
250216
109196
626676
638935
484481
780118
54843
723390
558401
811905
95149
266390
882534
448345
942829
798244
417001
225948
393985
329327
193845
116619
961985
762770
395335
590929
943735
307668
721646
731131
804920
707651
568548
942209
25103
862331
934935
469072
735697
17577
579855
574612
443536
534350
99073
146647
973352
729494
344050
491917
803425
442192
90632
687266
317888
776895
771344
814883
860058
212500
526724
895277
907428
388461
53634
502951
237298
182010
856334
915744
587454
110202
395778
694544
831488
759558
386979
253057
231542
584590
946921
432755
249869
8147
667934
430093
396244
983442
666971
289196
54048
181286
300807
489140
301525
123201
273919
418433
284006
677189
759594
445314
755766
592269
850755
347323
835050
166688
24015
150088
271140
441713
115715
678406
196450
946037
769379
991414
638474
821055
208248
459543
778472
721173
54668
111767
611585
565442
423804
199437
160184
87262
832647
965922
425599
360278
822290
285648
632170
397763
921886
155122
313089
479297
171108
196311
851794
985163
188001
703529
894502
211659
400470
461809
374226
541519
69345
755644
250784
231346
169172
302314
729014
394925
398273
479964
488287
430702
303509
435984
775318
356140
909028
209587
852987
289504
168331
93584
347781
577071
873892
39868
273113
185816
982983
589344
116046
754005
126847
759248
164288
640044
619918
383686
246019
693509
918188
585757
160706
222744
716199
837318
797690
479373
157547
196010
392099
968573
171265
114813
321495
196511
382829
193384
544189
868005
513251
944112
548492
968743
960420
263310
33597
414757
407153
423664
129023
273382
76774
176143
530212
861203
205710
672225
937549
153
376189
494045
182949
340178
688467
576202
335349
611585
173598
464204
398759
489278
323927
792660
981108
45425
663078
243074
478808
717872
304691
899918
999057
113628
425741
610131
246374
524460
554592
586431
871006
733735
222420
479463
605451
983496
131208
857167
991905
872147
656082
717894
649629
760997
265951
976674
416286
178251
57703
285814
485203
634403
155670
449296
45683
577215
823607
809476
943620
438990
645699
175121
434947
190313
426697
403776
886638
505295
691010
672601
251981
552802
296306
680043
388605
625167
181092
113199
277739
905964
558871
185002
854994
157484
152313
157099
495235
656631
223062
538007
671479
590727
290365
938741
983264
53367
511293
168386
971263
89895
431860
351112
59065
722510
567209
728767
44338
562789
181479
612485
983271
681007
879531
902137
68903
640269
789355
491162
184654
55314
49466
878265
163526
791433
134369
763607
790171
857060
590355
930166
131119
551255
538959
525070
817213
805258
230108
395332
977828
829393
241666
601713
57123
6664
344431
855275
11766
305445
201263
616511
762682
91449
441052
448464
457251
162960
454229
326982
876043
783151
564715
785738
665180
867047
527119
751575
541876
931584
604638
409532
46830
570443
455623
329930
351673
713305
871613
93019
61481
277708
423065
389329
309245
265379
987681
795237
854037
187776
812258
264411
263371
375483
359177
908356
424188
197459
42585
279622
150717
537130
3635
657002
716264
797928
303085
209950
206557
499752
25218
830907
705808
460015
471436
577601
416704
149825
174438
869321
485487
828415
996067
571671
853977
824912
290991
205968
857168
236602
344831
664414
26117
737139
728722
253073
595434
292600
585606
242880
962141
909184
505895
846247
819065
373928
645219
189317
108876
826938
437182
361952
787078
917863
905393
165574
732312
597932
771309
965569
752450
406779
263752
950498
312605
504432
423823
844329
323901
99390
158832
490610
196783
815207
18655
189214
292214
322455
161682
242034
275930
626372
516838
557215
60598
96630
576904
961279
999178
634726
103484
829288
749460
285424
155238
675454
690847
112807
367513
92577
586093
827235
971629
951967
876089
188381
762844
408648
251426
532616
123421
75307
477239
393374
842371
745108
550803
899541
666365
254674
310274
563145
407935
103902
890977
377873
776156
235619
714802
526014
40121
825386
551962
963955
390410
550464
610723
394303
965278
45859
758935
708982
434320
897090
129108
529933
390449
866118
189921
474200
810313
639483
830808
30685
461636
245842
84583
502918
70052
400162
766532
251962
614937
621124
518160
379717
250667
225871
677985
776793
392206
622175
767743
138682
889743
304559
314870
527442
103721
51683
136590
655648
986292
351842
609670
87492
321440
790459
731085
28022
228798
874668
409494
804902
299601
538559
839648
962903
667733
83633
877707
371724
191862
255730
510024
242806
708773
556694
234322
955623
280629
207077
72974
624579
687804
828874
657768
109358
653444
179242
632019
41192
38044
810408
34232
396608
478940
383884
346925
458062
731630
274245
913393
531580
706045
220931
661516
430206
424107
863807
31443
383183
629618
336024
371750
992125
833878
338261
156109
335982
205815
979212
83134
120004
898083
48617
908310
682049
20971
766619
495538
362002
871713
122135
447201
925084
984849
708359
682201
381910
155903
803127
957177
876921
767584
276960
679403
613726
541594
44707
557102
321337
697516
716574
204305
574332
278573
278138
975550
783847
632695
141717
178740
590288
313800
398529
996215
49355
960809
658961
778949
350619
581962
960034
238211
925364
574790
914569
177442
486790
200346
971879
393907
555910
595777
177094
359702
196493
634284
210083
985569
939130
85285
694977
618121
679803
751409
522613
804446
454120
137019
308621
492735
246067
44563
259722
5592
965131
296806
750016
819340
224253
390626
64493
467126
677470
893380
822812
504868
949770
309785
969411
704355
395547
771760
856295
716125
712403
282302
797625
55922
816999
479796
368999
848433
145168
407725
559332
858830
549540
398024
802649
825203
985571
737452
600280
221649
992835
912009
926436
845002
199318
269470
570240
942056
609562
173085
727931
531621
662877
924958
155283
454610
879037
769395
548363
564251
420639
711338
80537
53391
757936
674082
894148
910916
4326
843183
599530
759444
858051
115816
234817
342966
912361
9391
834387
509845
763788
761045
493573
415930
403549
764820
238024
635424
98890
447131
983669
878078
822543
819772
767136
44332
487867
899296
387161
472105
328302
790020
922632
42871
463789
69688
275664
616926
354870
330926
223362
456080
850690
157539
229341
628928
409081
928036
245111
332690
485600
668480
28763
281209
596059
113692
25509
861279
541060
566242
838039
48882
607631
644967
290261
821294
877429
245143
682394
742900
167132
469015
672029
431561
723669
99504
349006
154078
87387
648776
468677
816445
903353
391241
569973
873598
748221
966700
767089
646812
2401
184820
937640
338867
160858
466817
833462
476084
23659
381815
711304
479779
642489
485767
592219
928679
702274
937716
332125
239511
325425
934835
967975
742650
579180
447355
594081
262583
391052
425277
692782
504642
116968
925518
754849
100572
714038
844408
972937
630468
548707
114428
666760
517690
209715
748534
100083
588656
214915
541092
324191
195978
759483
250356
783009
315716
620376
327191
430667
783667
620672
272519
105502
231085
496402
870322
706589
112633
834400
599895
827546
379141
446369
341084
130245
807236
136518
612368
164911
573164
605295
914593
868601
228080
299885
427357
793915
892124
732463
150416
44622
733875
443656
93498
216120
950408
241422
179093
320328
483045
341036
915190
74787
41270
906654
895717
41575
213170
340616
166682
636830
151709
323408
400123
816669
868281
3105
682738
439100
258739
989375
339194
426399
687429
779418
242036
394538
565487
366478
425819
954862
4335
752075
324099
943174
519711
145484
159768
203582
65395
929913
417315
20279
556854
521510
650354
556041
68728
729284
41146
546775
620200
226946
56096
46231
764202
681963
82638
533068
412581
599268
333541
632570
792856
746468
38952
486394
756141
508205
663164
4951
207082
566981
424920
472848
356984
792883
804228
675256
165665
573979
544905
372755
740550
529528
893846
18823
692059
927051
867410
573224
364594
727137
158623
537494
775475
795877
347849
579334
20339
822656
869175
278117
898293
37218
945978
353098
102434
134726
658345
244230
483548
675990
840678
504313
592557
156461
949010
108778
789206
205103
751231
211516
220890
771906
148416
59953
339821
203832
876709
558130
738587
9182
581222
679883
785749
353089
17045
768338
413741
211106
234360
91388
215604
654546
748469
855089
48075
355202
841178
843505
479746
751862
411870
764260
474467
941908
547771
884527
691771
495218
83863
322110
949683
638650
455841
595362
410083
609814
214193
547790
323989
204525
493366
291701
100543
332170
135018
992623
888539
584097
930014
342073
631343
475842
334883
215958
583663
758405
256652
900175
325489
357328
450637
734667
976773
158149
516614
440284
448523
308115
601935
957876
670334
552865
246418
88192
42982
614738
795209
630103
359036
570709
715877
827537
227244
607314
677918
850774
766500
563622
774042
95909
389069
229441
404889
468538
164674
357550
367399
180285
58557
67520
207786
230174
967657
595226
333302
983215
877567
585738
463685
538715
587045
738372
4501
902263
608127
25688
862072
483709
783558
436816
756352
520759
274889
408730
791825
247050
943443
103549
114982
275902
307237
351755
632404
189477
370213
506305
295667
548760
986580
500420
523495
803228
425309
436553
599837
517415
627501
572113
663643
2854
502925
313943
673777
789231
417803
913707
296385
708899
768698
744241
658359
938595
963256
721285
493746
877882
667311
944367
290351
577895
282118
600803
102388
571002
150925
502373
922830
795707
184929
555213
570908
942804
151740
951842
134208
392797
321317
662576
961447
531641
473308
788173
283437
796771
706537
34931
247795
121003
820581
978067
431414
723292
963212
540939
340026
80317
338996
919230
270019
112351
486738
472961
426375
364222
248505
476309
681638
501228
937204
669441
888773
307521
895379
838806
317293
896662
428435
705294
136637
456467
435977
957180
701055
382523
390990
16776
373404
407013
690935
144235
515788
833759
593983
694870
420484
543018
171068
593610
110281
575334
613040
996474
869681
364548
107909
245396
936524
691610
753979
879539
854836
562480
50032
910019
561436
861940
69666
850495
830430
390271
333992
956499
815909
246715
421557
571536
12927
165728
768370
603125
816390
408631
399243
949488
636981
597837
922837
360044
769954
609764
925863
67269
19564
686157
228456
464551
211806
236526
615449
25800
786658
539558
85123
797812
885066
896721
955092
69159
346270
19796
278037
532594
994455
856014
737436
428127
603072
172447
792622
538696
534108
680565
431974
467356
938057
903540
270813
342970
980831
980384
461805
271489
517175
327709
241855
931896
495438
740937
468069
164761
141330
65425
471561
198103
645956
751092
551687
444423
35935
99799
830710
836176
235591
112356
445920
550982
930829
402754
191975
478784
278868
978266
770215
958143
976363
625970
142007
780940
413859
431690
164550
203947
88752
870426
462567
405430
175469
761139
288756
399356
771451
147616
694180
867573
763083
240226
235941
38918
895963
20357
530165
984400
469921
929755
873334
235389
779782
333777
292553
437072
750312
344154
560203
804156
920118
242865
793914
334271
707350
193523
218631
12244
619772
422046
471591
691306
289572
995600
556927
192445
246136
237094
456516
715009
715605
343562
211803
415260
661374
640306
560860
315061
253186
574736
122178
882001
23452
264939
796492
38265
325432
60376
462406
2020
758594
285217
496157
50938
172686
443997
198451
409902
935985
813882
532412
36907
946865
31287
400573
545117
583843
522200
131048
615664
655575
518356
581331
353205
395311
82886
581189
979087
988518
946863
140927
84598
534893
799301
605849
338635
36017
755750
235907
797540
878206
971930
972286
986138
844530
338582
59959
903862
200134
5454
825934
501825
699255
71342
871025
717641
284788
548805
96897
539564
872669
262138
85355
517602
760276
641017
269028
680602
860141
900743
23436
227019
154914
967935
857675
489231
445554
454433
276042
370537
39622
187371
842513
938246
111247
365821
131763
555932
975885
7331
489365
627344
364672
68381
117143
243232
395781
396021
662965
128025
351103
865877
82259
868485
269851
465353
776530
880332
834095
102888
700526
263233
446389
797851
697151
150534
822773
436550
821444
524936
795728
912167
752207
967081
343681
337895
415763
145754
690335
612748
740212
525434
446646
150488
487742
535743
117030
563807
978947
553028
909310
910685
729107
457340
389805
62234
466514
76034
216935
725699
630325
198939
489910
690567
893372
879643
940164
316680
152691
299268
346032
23973
933973
58300
205445
434810
247250
222932
444324
56287
483056
796697
473288
213247
196795
117057
553869
307213
114133
373292
697798
542583
145102
345610
943247
668293
67605
870208
844164
18602
949659
696535
341221
613262
432030
61487
256750
968583
219061
846895
838391
88635
952060
487177
836236
620800
394674
470659
470923
830141
273328
873
892433
472190
250444
486834
47542
488235
745569
727742
565370
694132
460369
688754
956761
14481
558121
161981
893468
972885
618424
559135
70663
67294
854182
697971
157279
231135
947202
163966
13038
80234
272534
791936
393927
247698
256181
953617
537859
676737
88056
514068
883849
18054
524553
315194
178407
600665
775555
655964
46000
821392
618957
636449
320111
368469
936323
372495
594227
623776
38743
437538
712509
723118
47484
50335
820580
503373
578709
129036
911750
983780
350777
647576
637064
927799
243284
242221
638681
598804
774007
854540
220003
605192
530644
602710
224387
306460
140178
796882
468052
302497
386205
694330
78439
376560
580686
853847
9380
817979
321496
919098
952740
225266
491997
695504
819445
858220
325626
301962
589198
7509
545907
569463
705514
473477
9356
374137
485169
234260
23937
645705
272750
103993
751535
54607
472506
752849
852111
31745
81596
433288
751924
217478
868995
568334
313603
291085
202245
938879
599372
57249
39043
784388
344505
558633
112915
459010
940080
178257
552746
880007
870459
455107
982476
524831
412158
479485
451070
17670
417169
316057
120101
547812
912972
494501
476485
195251
653344
685384
900151
729434
522159
602661
657819
725410
521245
652073
19389
266773
444007
592541
382960
644472
202961
976635
99256
303426
786642
720838
903190
444553
934062
832409
968181
887902
747624
333770
737421
560546
503181
3064
667494
60762
569394
125301
134270
584057
647628
940937
28664
115391
668612
615193
692676
428549
274900
695001
641103
775345
639131
989648
486906
128976
917774
370752
306734
838005
583625
460593
871886
617459
389813
863627
569259
245208
202996
245213
607793
404853
544015
388468
738679
335924
328117
418067
800562
788672
654605
575156
642185
495007
269989
678496
380071
264455
407060
888935
652885
500126
15165
189979
17579
777581
311966
81581
58954
398745
679761
580893
687416
408212
928288
342732
273375
402607
332845
163453
673736
394880
163991
44892
754995
510299
736529
418041
423792
874298
462185
836771
330843
914387
517857
540024
191394
904988
954573
536800
296073
66800
457369
719762
767525
322466
354201
794074
906285
344171
913843
143693
733170
632973
246209
892323
949348
199503
270346
667973
935854
243702
316267
314269
935457
326781
245711
142701
524965
449210
724524
28086
214140
286379
342649
289805
518342
379940
11055
526208
178256
813619
395164
930317
439218
122722
394943
775159
359109
412595
2006
870162
287094
552658
799522
609208
363887
107982
840612
508329
919226
852507
508636
620557
761392
185279
304371
914250
573319
560728
442622
866836
533500
976055
253151
194964
108519
813428
298829
898998
27758
533874
469826
497537
86671
254578
634485
404771
406436
425100
451993
298325
908152
801800
659346
423356
447560
853146
889573
61144
757491
10644
460041
815922
479572
403163
115833
107803
347068
985703
208752
493323
964034
92993
809655
531749
73500
192457
938955
8005
261374
91434
233569
301438
84363
899711
141174
628437
582055
892673
807160
237269
706820
451784
582098
307274
487947
366457
713640
48381
598517
645178
991521
767513
897399
508279
428318
359952
761803
439353
302062
483023
605477
254240
52478
156862
519541
476465
99468
191756
519654
168690
897533
910130
58495
536874
462615
990436
563073
406383
147745
166909
611
357231
569364
731976
215995
450940
587032
724502
821654
392987
341757
302998
195984
332132
918264
254389
337917
677241
947421
706594
444
225544
909459
553870
212989
516643
251401
549636
141622
326705
311518
675806
307484
783644
977942
417324
15710
552751
704429
864110
605452
492768
192065
96686
622591
208329
947320
290513
441099
641380
723161
563479
525074
489010
202007
403626
868695
409541
376662
218823
124987
73701
97761
437684
480254
713816
745042
247994
35021
510563
874805
215526
941746
367205
604372
523448
581715
25605
11223
784496
624409
797949
457503
875489
875700
61591
984172
188740
237252
183485
661951
366655
12902
673423
422146
865606
772242
710874
309430
10207
911727
336653
766295
496977
325852
255833
621462
399093
380573
524692
70811
880929
915012
342543
126852
710794
871244
223298
949518
757151
266891
714288
805449
136281
238646
82961
234859
858441
274862
615029
427720
738728
42134
13297
32547
262810
898048
859213
14927
110464
909633
899927
839047
442018
658998
785268
569835
81855
29095
968027
27584
173868
144893
669948
776926
813576
296591
517075
459147
693548
365239
996113
894754
507843
256859
785354
716139
706744
95045
149852
506974
924033
313180
837120
886075
97330
893157
322715
293585
854033
604513
837307
80721
93260
473576
678757
974171
471593
10139
794071
996228
228563
451541
323483
906504
756790
18351
453712
308247
438476
593927
845131
248476
246282
959206
993529
129921
32643
420351
606190
279160
480306
838671
792720
236447
756765
988909
583528
835219
783032
846277
301943
767538
472269
155895
621210
986307
910905
141693
240430
330458
331503
818689
717876
430630
324004
881
735667
515638
339434
220072
529831
67441
429148
304574
846353
157152
740962
109576
395625
811402
661198
224200
548422
999035
274067
683151
721714
675315
636642
976989
136775
3109
473650
41713
615851
440507
901427
762916
241425
170086
25934
769467
932632
805051
585551
513309
881221
790062
122130
300880
495433
114509
728791
573821
857863
541809
25368
699263
967458
867822
350444
433461
630885
789883
580740
375630
623472
356593
958931
808841
978077
503009
609623
372401
839954
450942
244369
887055
669070
110023
683740
673392
921922
199537
674645
66585
732723
796144
547811
644908
347925
396176
209726
749219
398750
370235
742252
965104
832191
530604
124441
728034
395236
491770
503
574329
239302
395556
905035
558071
51368
786195
41483
32002
945537
957091
910006
616058
168308
746243
851048
340578
397984
898392
468518
468175
352945
641041
894587
688856
70628
866716
476096
746164
370350
809423
479890
148200
846429
282420
58034
905269
728047
398104
620267
102671
540343
168437
113574
275720
70917
424655
42496
829833
196125
279171
603715
531039
157707
350951
418507
153297
936838
730381
985894
437393
679734
289794
802776
697181
476400
809360
358477
9818
865722
287095
290622
595899
248019
688070
698445
17291
930438
348330
218776
695585
152531
416942
472771
483912
801510
798598
604928
569423
710339
474589
161979
946342
753726
752186
605177
269075
357066
543218
766847
124884
615193
982352
74182
276454
857610
63010
547848
594876
168574
809722
387459
536519
518896
64881
585512
525884
879517
111656
82167
459431
342911
322039
138253
502791
587690
750165
816193
456283
814753
786160
518229
75687
862171
363152
886804
396032
656627
942888
22080
532249
850679
384222
675317
679939
376332
399059
634625
69010
607754
217743
541729
803283
534969
297879
803048
856386
863010
418422
433297
182671
148146
224912
583469
205222
623223
768190
977027
191023
66571
608878
252098
7342
553356
784038
804177
626155
443024
182709
783009
78022
9207
367575
683320
323946
39707
810048
923874
378503
485751
38830
981320
47217
70826
851596
37240
257447
473878
773625
221
60511
67363
754609
269658
885786
475578
785702
926406
436702
174999
58168
60748
100221
553384
926555
990690
316420
516059
235358
947470
158960
541231
778979
613495
212075
952186
269115
859583
974194
629899
971546
766591
775081
862959
290504
832594
832725
664527
510322
508220
855279
182101
2363
329044
512058
31873
985558
836552
759758
837958
766221
771080
999445
338968
12503
150538
312166
289544
768333
843701
584905
666386
693888
638099
373015
819716
799487
177853
123725
842099
510278
235666
330874
690376
10050
789678
399089
595247
897577
821663
947465
956681
400230
100805
136135
327105
995968
224685
802726
700986
949360
986206
371217
241848
959131
661540
938778
145253
687867
528507
400418
87647
32843
903471
548954
149682
507499
385787
773250
718918
524800
349829
569855
205112
152668
178505
978891
699694
931110
66641
454085
697351
175158
81677
152939
381593
976686
372929
32589
121194
621585
501712
498257
163294
568641
434276
982981
758161
250888
480038
938709
28623
846237
372304
598337
721406
339100
361214
551343
126360
90131
972864
897988
973399
637999
125678
91617
921882
925004
282003
336327
470134
534413
684514
253840
152169
782906
823852
140962
946738
163467
453336
979798
491932
14233
371178
497392
176883
756286
697236
921532
46763
730349
494627
413646
825637
382813
151328
880415
306446
160805
922946
701926
46292
106564
258429
7412
151601
853879
3538
773
58474
555183
863462
911667
462172
714544
529856
521351
146549
762570
125019
332913
643799
238472
139000
504367
442715
229403
508605
137549
80945
985150
604944
887349
739968
599744
409468
936429
615931
587685
814380
853417
477623
268235
616190
175899
135158
431078
415025
342299
282331
765199
637373
366821
972953
904212
152289
915981
686630
489369
758770
984822
381703
214215
209339
244599
69512
209905
220655
728134
214898
845585
830695
246378
874079
319712
24744
752686
845398
353177
403544
728750
786655
340939
986353
263491
727585
94962
962417
845264
617391
805084
845404
824300
1117
351856
123721
904075
66229
387603
568638
349477
813135
57688
762300
55785
64075
727577
157649
444022
471172
965695
745901
247716
758072
789725
41319
41758
229954
508381
236409
24649
328654
77513
761249
845481
729472
975519
593365
688576
485089
740427
378433
661888
787271
499316
558350
635720
456595
432831
572994
705227
569449
254881
467245
509387
110909
906185
416040
472499
994754
428264
523522
601185
868683
840999
5303
574871
638952
118534
826460
898670
176787
227195
371136
258051
168489
287320
107678
429605
532850
636574
126275
58242
418039
325482
14520
822653
95001
441615
936213
277443
408221
564329
670706
867900
544318
803534
928086
901602
631132
612286
604500
645836
759970
128590
285365
623551
785707
760935
648407
743970
326926
622462
872178
600375
537014
509049
750976
716156
963340
215937
202169
497983
995581
855276
384677
474957
635080
995667
531581
450256
228637
268571
206911
361615
829247
426525
766551
626436
454627
453406
564248
950068
726173
645139
773719
295259
487311
753352
485421
132337
849458
611808
143182
26327
28299
496329
303780
643305
400810
668645
986657
385934
635072
662350
961505
253627
322817
263312
491517
70791
648947
518849
70384
737273
404221
982495
61452
447945
595014
830711
588474
475995
953986
935581
863798
928535
491329
324429
795607
620364
599963
7846
624991
607121
528042
754067
899391
245081
316918
961939
438187
562324
345501
909582
553918
412834
198284
330400
82442
457534
508847
727586
803476
576834
71877
547798
16908
500473
106157
803424
993084
30801
912456
554457
503306
77187
494387
727044
995801
324247
171034
597301
897412
643578
680995
341566
833231
36515
424032
769010
353124
970236
543532
270176
645971
148171
941688
937509
260399
943373
682247
636618
263004
846191
101600
142989
980699
421021
39826
250601
595788
507825
158498
661540
657405
828495
949474
807451
690345
536029
401812
823560
805361
776295
984124
674591
887825
162926
764666
569465
733602
529820
656591
755475
344840
605768
697277
533310
630202
111775
589422
269348
939292
339575
669293
439868
59092
141238
501939
446588
492217
493469
156197
660222
321791
353529
317380
233916
572711
571649
207969
268593
493281
973685
378413
973055
743202
337094
346476
674915
641266
841729
944974
928155
439571
842822
849469
811048
183361
778261
1302
6724
892638
263014
375345
77629
382674
852955
362037
35730
893848
31241
910340
324497
642759
425952
805212
572718
783900
225070
51758
377541
512249
231984
280432
728057
591569
595140
77014
917051
733437
977135
801317
148271
851230
43234
550889
294481
996829
458098
248844
572581
945090
407186
666140
849642
253829
48443
843436
612322
163654
90944
99739
122228
378717
395351
3145
111794
583147
180035
678375
956189
289071
941375
583587
848496
472440
969213
2452
900306
324160
422241
550984
929615
244139
108810
460303
852132
683837
342882
764628
994574
554572
981387
388570
157752
551288
718427
874422
253559
965097
314110
302132
338098
950363
768576
209658
406559
589396
761168
667146
288460
150874
709622
253222
69949
714406
951946
978648
582483
735552
509807
193009
189771
921694
98326
277848
304723
245916
450424
686313
836493
109446
199863
309098
780695
336011
227460
565621
77948
155746
938055
342995
618451
776532
700349
409942
529213
28694
456075
311512
67081
811114
166926
336547
676623
638260
332213
995065
297839
587681
294939
886390
63198
66212
601918
981024
381937
742531
874477
59627
109497
391299
788084
836296
419905
485885
493499
341225
837990
290818
947648
810830
941543
311434
452897
810747
520169
171442
710099
441156
946239
660305
721640
781396
994404
269110
691324
800529
639167
273571
550956
681377
45398
747052
465681
933160
154120
281414
217640
470419
640289
342666
19351
564458
33593
372144
521442
909960
682562
949276
520269
460076
726524
261810
950737
703274
63926
540146
171180
880671
378312
60564
26187
631182
296051
915868
757155
393104
773237
234996
597111
927746
84754
269964
170230
974123
945077
402751
41741
171235
652438
794506
460968
642696
155422
888114
624767
814166
685578
667382
315702
845006
320412
66348
352623
768707
890640
781113
563286
533776
238456
290430
850441
533560
177394
853506
747993
26597
762709
29173
824328
886600
310633
186923
735126
625051
217572
520860
513518
636064
326011
781540
884980
399887
595074
427433
822499
203984
661664
423099
868309
276005
901148
121270
189315
448587
410606
431751
901423
238793
53257
492414
407903
427724
978519
261008
858911
851823
976509
155249
707776
215804
665245
339502
344599
918267
868707
733398
358790
73948
45924
87081
949543
236443
692865
268510
3954
806208
440686
933129
637716
204058
463950
548012
654071
990083
46005
257372
789828
746473
818712
666638
11834
543180
152056
147254
929097
265370
169983
42744
664277
855035
874231
450339
891621
160480
609999
716250
692285
215098
185322
51499
776091
108241
862546
543222
157910
605517
432398
630097
232686
874320
11810
921224
491322
81415
929020
568527
535223
613748
236856
5068
287560
44055
410794
675827
927037
282810
314188
127090
221631
828499
100114
710267
287702
81700
962316
787557
603317
829677
944553
697501
525312
566092
973158
852064
105898
944343
674912
295034
534009
71793
791015
878787
936583
561057
118752
875584
163534
939623
891441
995069
257671
822928
832361
358550
330938
334673
921763
526013
936813
821274
601159
980338
687196
443996
973729
562852
778444
286648
148030
769850
116016
626941
312985
520983
317362
852952
726517
73234
674765
757805
404487
225337
570491
777222
953270
731497
310618
87085
501443
472293
2691
991146
984367
260127
595878
200878
7380
526388
922330
281117
431607
129888
973283
873295
478707
155494
310980
143320
955124
388233
847221
734100
177287
883493
582816
2562
802872
776455
418787
202128
405697
671500
971207
240814
981690
880397
438940
936616
485549
163837
38207
581827
279819
499370
297750
731784
132694
892035
513241
854499
826498
614741
436139
353414
128112
369072
105337
201809
549743
409292
179649
896618
505192
222202
233838
913543
88031
586780
17951
204943
630410
472323
183293
976817
59977
49319
19790
13096
424715
535297
685829
59985
596014
102006
573833
202654
483719
697526
853909
934492
443997
606162
725883
817984
63597
409708
215905
90551
427533
777341
102686
802407
159975
855285
865764
226717
17752
41157
811955
236256
530413
410100
753356
910031
463203
864696
521065
852675
645089
183848
347641
17438
664947
659942
329798
169835
382022
237133
35508
69013
206861
949676
342118
784248
671939
386360
887696
759258
157753
326189
127090
916047
706951
408943
985306
103045
687941
120459
410277
263735
593459
705981
453125
418004
461586
418496
770118
365160
613842
451680
762854
529294
254685
733242
279534
923786
45033
687322
510921
447213
483785
743116
262620
940392
475150
245917
989022
37744
826720
315517
4106
708032
866252
30636
905708
712885
640561
466271
255515
726461
975094
900378
804107
280165
842803
955914
954696
980509
401439
282410
321639
39464
331495
447284
360346
819357
162516
787123
76061
275164
778399
993628
502261
735053
882769
14147
419709
516149
700168
895082
765417
432373
247734
603204
572538
450824
829656
137655
564783
118704
612044
381760
387172
916447
937714
169200
632883
40336
34505
71911
869678
961878
923347
748746
920319
548533
260282
561313
419574
481619
688023
435966
297180
419427
265620
825792
230752
375403
518203
697119
101788
850397
341518
134510
728438
611400
941301
726778
839489
657418
185311
36706
355704
923367
971162
931461
94141
520571
50173
12424
734002
257926
412261
535353
618973
381030
315035
106206
822538
145855
647452
693025
739015
676270
552515
447213
710980
678370
293692
711602
521213
738381
551636
883345
606571
59119
341690
299097
338344
481627
482534
28478
153585
297714
747750
643153
644869
816330
255615
64098
755716
486579
278125
975457
344257
681086
370199
634237
119072
390164
260494
178331
308318
48821
38399
953289
267694
805344
844381
528159
767726
595796
360335
538503
409724
309969
436529
261662
946609
11737
364551
480687
818670
352898
685126
500644
473528
899748
798676
188939
577021
141090
239446
157656
621349
193085
632264
87617
912485
421352
12193
141746
829891
649489
376886
148516
476992
301834
265163
679074
71025
410717
784917
931925
353769
851472
245355
597357
210036
997508
412184
142234
379390
188019
978349
734588
428266
222654
486518
258441
652290
952629
542428
877207
355329
920637
38916
765265
634977
441824
674184
730437
133061
401307
303934
511582
671217
669785
247531
299820
953552
607282
600619
916276
325345
497564
411557
196947
327666
161875
796519
530913
363131
901834
5223
84742
958747
498757
341167
406702
723004
115014
604564
217671
17331
270562
839466
887710
272073
409615
628359
763376
910392
255279
879272
889240
714450
531481
302026
642191
821085
442444
54657
360911
708525
829800
90185
415799
257411
77566
863017
310439
862326
676904
760829
843907
821603
24618
359869
763122
999615
723239
936954
235380
598864
711746
192240
89486
634299
413399
800174
163442
61937
17535
904528
888466
383758
828317
921062
861408
446305
606157
365367
865417
37306
451132
984475
324740
673399
848220
250740
690847
13503
520334
302661
734227
812248
807259
414471
618396
735121
437851
507338
721582
748093
948541
512008
307263
403912
880754
773494
318269
45610
825327
603848
499620
495974
515288
519733
11280
532466
627059
123985
781167
499925
305540
836164
79191
264708
4526
258151
177746
714560
455844
538821
270879
72091
913484
669068
316392
939141
872860
926966
616461
623955
232309
26838
200741
669934
991608
893355
29873
11613
285290
922450
794193
244100
18831
200557
170138
320248
727794
468047
409283
492822
908180
553247
90704
860616
175695
139908
944541
808019
497439
407716
443880
120438
391711
254397
101921
64808
762955
767646
561836
434870
372941
892995
391448
862520
926016
669527
624027
937297
312877
796
317100
472569
870826
46222
677218
596407
859887
26967
771122
844036
107183
834695
90420
888232
398059
994250
957849
368071
863263
589627
563741
33971
928836
521168
619392
762035
944176
968333
520224
417402
449513
70020
104716
630957
352879
401333
632786
845824
790408
224224
145541
164822
456578
251867
845312
306092
735398
219183
83784
575527
3134
514577
754386
222779
461835
81672
291987
393953
843726
643017
396093
300417
646828
931345
686262
788163
12451
867366
233691
344918
160605
571431
511672
734815
214037
973034
389136
272144
338531
853020
810665
58836
362594
75620
498825
489802
915981
945942
509997
155183
371512
852501
849056
663830
264068
284908
965315
491994
428879
185697
847726
59714
572067
103967
660035
912762
89995
510401
584166
761312
242722
952931
723514
361002
83879
749195
333520
94636
179923
138019
342120
111006
759721
49693
581924
131965
182133
221858
635171
996222
797548
340545
377057
218872
669080
81933
361390
478478
783234
158809
276877
414128
101909
990427
939937
124918
776527
535274
456183
22894
847188
727519
153241
73780
68744
177000
96893
902640
966590
521283
92047
355321
441735
860418
981424
685758
819350
888310
389772
766346
999425
632770
784424
760831
527281
180422
729012
411325
3579
931454
262293
198303
144442
922248
336000
434704
865906
17580
847591
938319
439342
169303
960024
226005
174165
769100
391036
591724
123430
745588
930849
346506
202300
470464
9300
81892
155711
746623
833356
595906
980009
886916
470412
193792
274150
762701
573541
974451
990465
479854
629301
368029
158216
132584
137320
46122
971814
303301
967241
203334
175169
382398
288450
12863
779344
818073
679545
402439
115036
397609
788590
186729
621557
300106
221137
534500
808295
365521
298831
299836
738757
777537
317071
753563
434322
85875
955606
149120
430489
280263
189688
828408
302411
839108
914467
293622
393272
599044
930270
519974
3326
378780
739801
625403
885453
342834
235138
541079
483075
268304
579902
532105
935433
290870
16756
709087
59316
566323
914249
878296
563492
484811
410835
661229
651956
822661
803843
144685
973872
238743
485802
337995
624548
941893
863453
849802
153547
50816
978686
986415
155425
335602
378350
959262
328260
853229
216160
301847
329920
390974
338575
626063
29546
307843
124345
357803
835864
800727
407960
23663
623176
502621
86683
477262
284630
648480
328856
183824
340188
135240
504337
982291
838150
470053
510647
172576
931845
473555
834685
489087
770213
864057
782420
179237
876629
901609
563434
876347
65791
508443
645206
956102
527270
358210
482904
390798
226234
844841
612203
468261
713838
904660
384426
63594
619642
499021
933641
792640
874100
925048
624712
574071
901634
326987
354034
842378
81748
801502
938817
150919
58178
157961
276088
349893
58393
45600
547467
240904
166866
923792
494785
699613
107356
197145
187859
886827
29666
408288
257656
894102
210595
435402
989566
701304
198660
852857
563847
464035
596490
287317
239057
110041
496116
842548
426127
17647
565408
41901
182084
579763
583513
512720
311309
701223
437669
880701
969201
228389
152563
7148
332037
644087
221339
158777
467587
68578
218731
297854
980882
775830
842604
961844
91528
567864
209887
318105
994449
269037
824467
513518
856005
213356
810931
385696
463290
305327
690225
742292
819195
587828
769103
801326
423889
931429
195296
800667
427477
979663
955521
463592
604424
808290
16783
244940
549687
261787
202778
152021
902953
898829
254364
844115
330914
569069
327748
202162
879973
439613
63067
312056
949934
641087
926497
31736
382596
79973
220715
348232
994119
829607
625866
158745
945630
958580
969311
997948
825663
630008
549455
132415
681453
455046
596773
72762
488465
348398
932588
8210
685606
847891
517064
46266
737255
450257
272308
716950
213589
489551
828454
27865
704113
696366
208842
878441
401602
704555
60406
910434
76585
223898
964731
793865
106653
323245
155466
415938
828982
75901
4678
746062
195884
223059
699495
503581
146474
188091
620449
56267
489494
647693
363955
429603
249253
319517
945078
607471
871511
929744
503905
612602
948637
460889
851396
178987
464164
181534
597339
273086
5379
409990
915991
718479
977141
161302
941129
325628
957133
69531
592606
733435
346631
613504
911165
725555
990082
269311
304357
582163
106198
511302
77470
657876
652931
144430
933178
921804
713661
995578
256394
214890
547321
682763
554730
896040
815481
59930
84158
153452
303280
187553
426134
749237
841719
375844
589063
332618
883310
110226
985629
397149
311162
312839
1878
815433
763147
560551
283222
12264
652715
425907
860261
473168
60581
587281
323793
766280
724551
451741
487578
864706
929068
176673
57986
34995
577679
370628
658013
750667
153797
893062
841467
222933
940772
755094
77746
206093
765171
350518
529130
139475
914567
84460
118730
451170
165850
165642
327748
396647
598784
186885
79960
10146
966716
969592
502513
809394
694236
132564
210991
637409
477980
445708
377543
253470
276257
211975
454202
217986
519389
294287
246846
44959
903065
645863
112295
374186
940002
218676
240755
962664
996146
296599
631832
18169
773225
307837
247465
904364
888894
27601
524951
383129
396959
745254
546399
545867
436163
961618
367167
924094
97413
66200
808544
672985
359059
737347
615966
199538
81644
826847
499490
7553
745736
293068
542048
678137
698788
667944
697367
587283
426579
994910
907071
494314
484839
248667
329705
419412
864107
647048
371238
620916
255889
82680
670982
162111
987487
315628
326245
957026
72660
176688
434183
6760
144212
50448
757353
193738
757033
874486
855139
723660
892904
537824
124985
743062
988605
991177
763394
733580
915003
515126
373659
412530
995354
778730
221030
569351
209021
316605
570630
914091
470053
766308
852461
388642
689630
762676
96395
990615
858815
192099
316661
251429
155756
479206
196252
428361
148065
653119
703572
440804
431180
486950
76687
461375
238355
206146
585842
510955
360713
138669
206778
685390
635840
242361
429181
867885
433469
825254
270584
760575
42631
658787
925892
59793
81847
995354
580764
977432
925997
348148
176655
725826
517497
728557
416744
64359
415635
193538
29575
240185
378274
19593
745740
226972
80843
684782
341418
36149
197853
783220
18460
350491
379854
702302
678048
594276
653129
488390
408852
289930
633034
83310
464269
23843
702441
296296
681636
641145
752631
615213
554599
762689
812636
4086
564808
589195
346778
576724
243912
45864
861495
411115
839843
505174
806762
186587
824086
693615
133486
708678
181138
544805
307684
675352
46774
788802
581630
856813
869408
147318
305451
435407
932338
145332
852817
534011
529308
203768
895295
398896
587907
196462
37241
74683
920213
888037
734752
320904
118626
49230
625845
468686
488854
846247
430453
674641
680519
680905
630582
286687
761502
715935
147307
721372
170388
648592
16041
535057
303945
844704
894349
635822
834537
990227
221291
881702
835233
589635
115204
997165
551164
537111
321
62749
128636
695596
923107
28942
953974
894202
689173
693150
138123
372858
270696
230102
873458
478347
854557
149647
134333
53966
807442
530062
767246
968035
574239
28419
461643
337053
127117
73830
236997
287879
511206
89244
320081
248086
714742
651046
116580
560114
395027
558797
226530
532404
51200
788906
282226
160520
505096
92369
321824
712724
737385
77322
331470
673996
184514
983434
953583
266450
988473
558862
313835
266754
473803
262411
929485
296414
389925
905703
572742
941792
452712
141394
899338
596261
635342
938529
936731
651530
644105
610594
747389
189680
774545
95181
538332
465809
492124
297269
639927
142461
336732
585524
109564
534631
252734
67865
735424
449584
301577
439498
771700
96026
256504
557544
955421
933555
247200
685411
491924
392603
350773
41921
356763
267007
65704
349954
456418
494754
768532
215138
530190
911284
56554
172720
919919
451631
954986
894914
544983
733831
53389
781233
735693
651857
165120
580150
107190
905522
678099
531417
974868
442147
207588
831977
291352
728693
269450
298004
406961
17395
693592
466403
239655
158112
426749
63613
846054
782657
687145
599668
904312
39444
210156
947545
34825
982666
927334
311309
810719
38388
77485
226502
782874
444291
857620
279531
294559
259855
600349
593643
629196
490026
637830
74567
902439
116884
575735
691843
923856
885916
978175
938232
235505
694253
560877
984243
84417
396669
572746
902234
385588
34298
814515
36816
493185
731136
960180
196105
554637
400150
619383
761595
398503
163452
898525
335133
470664
962425
381527
42109
906191
593479
141042
685249
211798
179665
178444
727986
701016
20317
468184
911638
701272
933246
1829
996172
72635
655833
369101
927915
370201
224485
730927
978569
184137
986737
867552
966590
324587
386149
680675
833580
289673
417560
802923
249845
83096
317662
988809
362458
626788
25536
333206
929120
926807
695983
118461
951450
556043
338363
93892
434402
154125
755003
618175
466761
542982
545740
919562
337397
415774
255509
401276
650857
44341
811200
72493
523859
649973
608001
740628
845339
561570
217480
990868
918707
738333
484583
779148
835529
818560
787071
426845
823593
101256
161014
887738
541617
997351
975198
160472
521092
421375
380466
539584
606124
554586
376765
55481
377015
20577
336230
918349
38830
751536
638050
901948
957181
107315
909706
248203
688869
505362
307598
803026
199771
463556
89572
532904
991525
179836
988649
533874
491096
712035
257845
848362
459180
520242
304974
739958
216032
82458
6716
897526
189335
830686
576191
86981
569219
978835
379197
891016
739892
946875
593874
358272
119913
567091
267333
157376
422259
410847
192410
974330
615234
143965
278471
632603
454058
63906
208217
467068
403730
466731
737661
231826
395133
277195
317267
493452
788944
119441
763317
643037
839135
42311
873227
663941
558370
156721
976653
819771
157095
464778
221442
912422
345641
122486
272905
647141
718859
709517
637056
685419
549761
356243
155197
712669
659585
537146
695640
296703
80832
843966
372292
75232
74797
897302
772262
73752
424966
217159
250302
195030
808145
757524
360015
951524
835885
961258
514895
471834
603252
302352
805929
973225
236053
456204
994554
693230
320056
385417
893741
781250
757172
967729
498889
144496
335365
39604
699638
485335
189707
955276
200177
232075
934146
636614
942879
42546
456900
648344
495956
347525
280669
380461
313443
109570
364776
198049
15272
71857
954467
844586
432344
70881
520904
60832
419998
311112
605290
937741
993675
844067
507767
11228
47959
909968
533392
649572
524236
846569
307759
692074
972993
431156
382137
751114
772815
663075
906873
620212
86150
982296
520114
96006
257145
183666
161304
207719
385667
839628
51925
12458
871303
732211
806824
465273
561856
27331
845767
900391
470188
503771
791775
691165
282038
229593
301497
692134
958153
534022
448182
168123
813770
307187
33112
944055
491026
854196
854953
48079
165706
347689
644095
779030
399347
135298
141924
38058
180154
797074
574170
92532
633832
111911
816669
182906
886113
406600
847361
661085
840879
144495
454577
228231
305495
844215
165820
517542
575259
132119
903472
215815
553768
292466
292805
933415
940996
480715
484520
919853
27939
576236
758504
303545
476046
128639
328167
290626
190528
47909
217342
424663
488369
508606
636492
242632
383546
821306
238670
188235
673177
329971
427275
222154
796681
949701
753185
411397
955969
422462
31708
20260
599308
511317
125929
46880
682146
164985
521407
929440
218700
512110
203377
898396
425856
782537
841947
255077
371806
768267
856711
118688
850932
917538
673856
654665
673503
755785
22734
90580
705966
552859
489284
751209
253156
646238
489695
134681
478968
382850
753653
504099
608305
395212
96803
821858
629744
429852
600695
246182
605833
100475
560431
589214
921225
760216
877184
293367
571470
834622
740941
547752
825633
757465
306838
28981
347296
746763
922674
619605
391841
805066
113868
210903
999841
419412
190018
144061
455295
967039
729394
177101
365121
253625
602282
344020
802621
460462
471666
461819
917596
862267
748457
20843
150529
818740
283154
684447
960124
591959
612269
909919
881515
942989
10076
585741
36313
859992
443529
872372
390669
772794
333030
804055
261256
204970
876007
497025
386626
825862
253031
206687
55732
512365
471223
556498
356123
152771
534395
131791
38949
792374
768545
289460
292734
298550
456628
298535
247391
813761
908261
892067
427729
72229
927619
292969
735900
419618
734659
895801
754669
211688
639382
510912
581929
207560
135784
787296
689762
806051
368209
81666
898209
984693
199944
766396
630376
18079
891649
255058
484448
173971
503286
54176
594834
687426
160105
263405
776237
243726
125857
921332
104998
847720
822301
357744
770719
263480
623823
679683
313934
572572
853849
927320
621263
846580
692611
291210
809764
42617
872501
164364
804870
419665
888288
150949
337766
585734
821072
247985
440847
56922
998883
123094
42453
147249
137863
553260
409723
488399
390213
481028
234936
753541
201324
597280
224098
543509
328720
113415
452025
73128
769328
84496
2624
320209
375464
836495
650401
483498
775000
783248
428404
755587
30195
465566
14757
163483
643775
6974
224281
642230
345640
50968
330694
567766
286611
95607
972792
844380
199249
564207
898686
466762
26863
266832
467819
233924
541954
359907
800766
440735
415665
698744
578474
755442
676781
239500
10581
964473
49315
835362
854810
251057
544820
312726
314054
718865
392896
502782
218064
242346
967656
175536
209504
487339
781037
729823
282571
160881
928496
471387
985454
74809
84040
365416
244429
427523
466309
131355
493265
523265
339155
325897
288653
101474
260338
700639
884174
424144
587993
269540
67183
340963
222099
941476
787911
248656
250968
39643
783033
233335
481941
1252
385292
633136
712885
91036
636799
433307
566848
12892
268605
588514
269865
639833
860137
219907
81519
319465
508484
277856
590093
721492
96984
688002
214582
509586
591619
140254
130455
539702
608946
925671
463192
102866
10416
279276
334922
440446
363280
328857
332080
203500
981293
842614
373338
746592
497498
691033
158241
380218
676020
488846
921263
218524
20519
730146
214335
928237
414696
842399
98664
952706
860242
598067
482879
252101
847046
679767
815043
305766
315550
192506
107647
920491
134790
581345
242050
519728
887922
454678
195718
828351
109692
299995
89912
793406
137047
927892
754006
327136
167095
979917
167604
492518
643762
554955
404701
672952
666934
964217
898199
415951
798054
228491
4607
78709
925985
806503
928059
652776
176153
862592
124333
645033
578532
674302
252348
808969
135558
873479
821800
436425
872452
867627
210995
641718
961951
913156
560726
544067
835938
917735
707105
909088
395750
600343
490678
533303
824047
711021
374510
832463
732997
704846
37372
494361
303507
681948
211113
370403
997498
991466
12515
176515
112413
189471
672759
940528
431815
479755
325305
756553
958814
540831
542179
292158
359003
276309
535441
701510
539514
347554
480882
805338
77463
851128
725589
824717
363643
335372
745342
722122
134477
530436
906967
508701
357491
842860
319742
79112
224619
519929
192118
912833
676091
5496
354285
306301
597927
764448
483697
657312
958695
232652
124590
70494
329419
265633
337541
190051
564604
272815
186230
157127
846189
271054
298655
788328
845824
840048
637902
513409
387681
688007
534884
627842
314979
476447
648854
579444
519473
208571
331058
818324
634882
173262
683815
278253
823079
945194
627165
289328
729257
546771
561399
399360
798590
389872
217993
110502
201588
56400
565239
707334
506295
238084
841998
419218
729676
986191
738646
473408
971146
615535
606469
97041
970081
887283
783007
495914
843895
410060
417277
153568
490589
28522
155714
89600
813378
266862
629025
881772
442496
689179
686216
111806
834959
664191
232418
661123
45664
860013
902459
139788
287126
259176
983174
12587
612824
596811
604154
648773
993157
677543
73916
589183
3345
778622
549148
398694
837129
45282
248412
582291
91800
858351
313831
836756
265220
950211
46987
359032
322929
92776
805598
8446
666202
33562
193333
500163
839745
164670
174380
38512
724505
926496
116902
317802
731271
856940
321928
141178
788369
835900
372914
16501
872254
779842
669302
305965
557975
671007
328497
295245
31091
842615
236269
680010
674154
285918
568141
609844
477660
811804
907317
683738
388386
627393
408882
461380
622453
957353
453779
960074
665468
922856
649262
566113
838110
347275
276543
233084
161881
649560
960696
822237
166391
832978
101640
817361
326091
19452
191641
380226
861413
761063
640328
779271
652077
261852
89502
14269
344727
515445
330797
248022
153035
969872
297007
834463
557391
566807
93327
16525
948941
175691
185770
125047
200371
574363
301962
489771
225373
841045
432596
759165
753424
499193
952929
978662
877664
863856
770554
126544
502369
922770
786572
346978
572830
956717
100761
481585
318673
662113
305165
628391
158164
157144
497881
87500
386114
33158
183985
457351
957715
152662
987876
649115
564887
452211
749002
182293
524631
753954
119218
886837
244363
141178
239570
820605
25373
719746
31104
129787
938339
588210
167808
319037
217044
125670
726496
141376
156748
838894
673148
270605
10863
937428
339688
183232
636288
63300
537902
452389
904812
566913
769000
776884
825593
10566
654098
635838
65873
328769
858227
528993
763308
173613
623666
732414
255231
191938
858151
882262
68480
951049
285859
62098
873776
524176
922707
736196
936716
157003
243222
515641
937641
870167
163155
41669
62886
71312
570781
511699
398091
870647
402231
663108
485417
692444
319422
415342
838918
585231
554178
446472
941906
119874
972043
155605
238833
465908
220602
177398
200856
121268
450405
108830
431813
441033
116309
286971
510013
795860
891637
89594
255310
956562
511643
924489
421497
476150
383186
13552
103119
455307
167464
322889
243940
651284
78189
748878
717186
400373
675805
180723
806368
812893
739457
506936
460954
587841
226103
669111
357277
259544
340043
131959
983824
478505
67813
149393
599921
163757
659897
745064
840202
964081
985746
414549
920612
465828
739927
115839
652003
515854
541391
292603
869936
722298
189576
174790
903673
828454
573463
35955
87357
764251
596714
751281
233318
334272
24413
846221
1489
621270
623307
727516
238712
222710
278139
455993
559842
975406
992362
821908
425850
580493
862768
101550
327756
537428
761971
2603
487858
761809
95214
458786
819185
449802
124149
223158
693622
697211
526367
648536
244757
492757
127676
448581
151325
875955
61820
342659
449089
356583
140314
293663
715066
642975
904416
818618
388660
647727
148812
960222
58938
472347
53183
153218
104036
328678
378641
324623
608083
619841
297585
17488
439580
307819
786472
809121
266004
10817
902407
446668
553444
271870
491138
450083
536199
631073
825921
512749
879892
699831
930029
602412
839790
231938
509454
992106
652228
984928
615904
134701
354431
160167
579639
94773
770442
433392
337856
677047
57583
163153
478870
895895
809964
561712
869890
930076
147960
825072
81889
16081
460519
116409
48651
337612
706273
261985
564658
516254
982872
870070
373588
721851
898738
346564
608705
983938
682670
27061
592162
510448
511405
83192
957127
231774
964661
967923
85986
530330
792810
195615
581015
290839
190531
621010
177173
698878
514466
646864
765757
847704
368717
835198
991634
2573
193174
630480
382972
516420
87542
167077
64319
594669
554777
53423
334935
392350
393506
552168
369473
178037
230085
535931
718140
559883
581958
207405
82382
111700
661680
586124
112814
669182
570652
352949
905303
319760
464640
604359
201965
923081
106842
994231
324793
27045
674997
119361
355107
133558
559675
586556
179654
339978
30092
78149
698231
168656
18507
757763
128080
797005
590758
960733
272051
148665
987390
597341
817823
327862
902540
434946
728672
922965
717827
626825
602142
973452
915665
828335
146235
208076
127883
845197
5392
654472
33574
968488
592025
717717
159035
104881
443522
72945
685970
470162
579851
453653
727435
156005
761733
921578
413551
631535
419321
848261
636826
49142
687901
737695
2488
159513
552069
194137
833938
721541
319234
136801
774234
482101
615485
185943
182839
899484
550703
438716
276645
688406
796737
433161
834708
468729
104426
820923
432880
427634
612721
981543
773517
897589
144557
868207
865992
452346
554478
896823
650066
338984
384259
851885
265224
452560
708353
542180
843234
785796
713791
58924
45494
451475
818237
704557
227615
629513
645730
147880
762880
484959
551516
132362
800525
568997
963682
982993
938678
43438
882272
29082
306312
550398
18001
27981
488030
53329
530689
438840
187608
912147
823584
312827
98814
37929
507270
561485
13175
650606
425635
523172
365708
940422
769219
136850
477201
557917
890448
777449
907057
111315
783686
288201
945214
268025
223929
909680
102424
404817
557479
104682
872607
137449
31995
489992
166076
43145
648712
515914
237192
86749
243980
401474
401825
429925
316901
827143
475441
786102
284818
491186
810484
483126
221182
574706
582009
607007
39587
960707
443642
786806
693261
717688
293818
47479
74578
379292
108354
722173
499025
320380
738485
476605
149119
271851
259138
982594
426686
845402
946091
26924
231075
221094
163908
236735
293540
398790
980419
818101
440132
247769
968772
177336
477752
356160
543842
422570
601882
538611
661816
989412
955042
393440
185360
378025
144538
953655
376912
48784
330637
612183
558498
382757
997187
869976
61703
194757
3652
556024
777239
453782
157535
997508
519630
387698
803671
663402
565398
731317
399201
19495
68544
397404
607801
820003
438416
848711
391525
143585
681751
880345
907440
993039
612952
955289
193770
798654
839044
632208
537618
280189
886876
80788
92959
68710
155183
483973
908315
300682
623716
836702
176360
85529
14100
998042
52144
319275
325207
738821
512180
794934
101075
563305
569998
261322
945012
908802
641495
512494
857901
37354
665121
961530
983376
397261
559388
818483
3435
220968
273713
539877
393055
263624
384471
353239
810344
577238
861307
923204
672340
502554
799749
186597
6670
994112
416355
702214
560148
262195
33792
831778
496846
158857
784364
195276
124350
137175
106898
927485
481582
923270
397172
665347
97142
516327
519069
96255
208321
214341
495112
96658
655596
227016
148411
119887
128397
660810
201052
56208
964232
549676
813837
217599
89201
993954
854478
172266
254852
260269
160785
449992
701927
426802
655305
35567
275463
618097
703683
748615
45650
285193
73500
9711
923617
706765
492194
815310
699592
855407
562219
449496
926117
560880
194202
478663
830517
57212
227590
379472
302183
568920
247830
221581
928363
491348
369722
739593
918254
145406
8137
483153
900832
818390
167723
453866
682718
195755
451608
304344
778512
250826
956790
399813
529660
441286
635685
343670
467393
288226
343473
579033
422674
715679
273873
432702
387169
739024
185958
537545
959544
551951
958599
210256
128489
221064
412902
708741
153744
969504
826605
875716
637166
605554
517247
999193
125466
838667
579238
447903
555506
359511
822381
592012
743704
557936
661800
963835
236266
925374
897091
590457
89253
945935
282264
468622
447052
451970
4395
160950
261281
192441
312182
452469
14082
293291
262191
304876
278729
528906
659752
164365
560116
801200
355179
648252
840347
778644
253098
166242
909046
678746
392241
317527
966320
777790
860760
28666
372430
962382
61255
838762
668246
228964
419736
881754
561481
251129
856698
306397
35678
515387
506292
360996
344708
557217
896634
831852
737880
20033
301859
652494
359535
311128
800688
138983
122272
491458
277605
589377
645967
248451
233099
838414
497956
758478
928138
763795
299363
584500
788709
953104
808730
608670
599217
616499
719708
957113
434364
365028
147800
841111
336459
237106
42094
42830
367232
404274
667803
463396
486055
450080
979847
287795
276871
918951
770604
261327
784004
227987
46634
306550
642435
15752
365069
576365
50524
563904
358454
957848
722542
37377
207294
38515
973117
448360
931172
949921
344493
261372
496030
293562
787375
458100
922309
990095
793132
166971
8614
172948
251416
257683
277690
270786
303195
354109
812834
862097
39309
222086
892694
696912
865092
854712
879070
650962
107894
838086
663016
94383
654968
933918
329275
869764
337194
502068
6394
929248
209435
166635
409306
808871
993076
619568
269045
936493
643624
737899
757372
920368
999537
263348
113129
925561
471062
868689
220644
361067
344967
465945
736070
195748
960254
972690
423766
263376
413087
163982
26395
870465
449593
89804
418197
728572
40537
702414
79225
189
574133
135047
215207
610241
968927
965266
451549
588704
522992
81375
298675
176775
988027
645488
116449
944476
2240
511815
66022
181732
903274
764543
469535
548757
822582
179041
85864
50129
653980
603223
672103
418374
522821
66338
76992
699745
254244
245365
41723
12926
934236
486309
781917
792287
121624
999724
652429
516956
247460
130645
597265
930405
507504
579289
760038
727300
916012
411746
907385
274792
389896
5481
177149
160683
511381
50461
282617
87179
57598
129451
365512
478016
198331
587176
383970
812257
478145
678799
558666
523647
138431
330480
610992
539712
735381
5207
980770
915214
140533
333044
346204
259912
859966
328483
264609
799668
391798
220956
49626
809025
493650
424474
169631
363056
715926
679387
405538
32099
925738
594442
932463
709079
944464
5638
303863
993364
33691
713083
36388
783073
669398
361749
829188
890774
320996
247805
845020
159461
678784
984793
172398
439139
75381
173805
219718
736237
995564
785890
64343
649133
800077
115593
80855
630957
689862
601237
133453
648485
523652
916238
443016
794642
817537
510571
322462
421886
132597
239685
834441
50140
722615
408440
266031
992174
497026
645818
761277
732069
675446
767175
824883
738126
911045
948334
303597
702068
177217
191836
586392
179764
376321
578957
851695
343750
867361
832649
1109
967610
806814
631703
106963
704718
489606
661197
974482
725286
384181
743461
900999
378440
949867
578546
570530
697524
826723
29860
786875
838908
753706
353705
379181
610758
815613
945325
590440
969219
710976
80882
102138
891804
85665
301570
868445
832702
279060
328026
210882
329354
357500
187467
542933
339934
767975
221133
159433
390795
928105
976178
603257
746633
566429
801314
950772
619213
344453
727078
56333
992017
289127
375034
966587
501717
674733
395393
407829
844385
765059
493831
209957
749970
980110
914419
820640
350956
668362
238651
923224
670531
477469
697202
6861
758964
253709
442838
839268
18864
525841
12751
75339
569381
991481
823135
192354
71726
335640
112566
299062
527932
928359
267051
223826
747250
515229
22760
628226
817782
435416
54567
142409
335629
444271
549223
460772
962480
52897
799639
159028
117529
368626
578875
833858
797208
697215
983827
103602
674546
40945
481159
49401
596300
803097
719891
943136
967042
940898
543587
210565
518790
178060
518858
713924
721454
531278
274478
155004
496946
631132
308466
571557
8607
34643
410953
252919
705048
265194
848528
986960
142905
65697
29684
19118
167123
549800
358288
460060
164700
76510
50505
385070
319199
194913
284185
403891
163131
965062
883109
798175
481255
464293
2156
371930
708168
709168
209042
612285
781801
428034
120466
371519
99124
929718
954382
252208
581955
513310
787406
491185
371547
709576
461527
401024
423831
501509
326369
930744
211450
816882
244868
203012
164683
803932
795063
72576
232078
493587
921734
156629
30096
465512
990408
295192
493560
489710
406131
483944
245661
635949
403413
983168
768752
954813
259918
961686
17655
128529
361600
742061
500443
412023
949046
596648
138518
722181
541369
863619
62491
236396
880526
398883
451361
814397
730078
744161
8199
415858
337659
576628
308703
278150
391719
188872
753075
857865
655106
906591
594232
922053
412443
549054
896977
40480
161363
232759
480218
356064
711783
473389
460727
290452
155896
665570
942389
934734
979126
553230
666455
220449
569445
25296
497702
725057
640255
422152
501453
80823
990054
959684
564011
791449
916532
708847
362677
389550
745675
972315
255458
946958
202217
24128
821344
237156
704168
459050
469864
319100
952541
456474
219222
912452
336803
209298
785254
898272
991679
204929
587508
772631
405555
942967
845530
418972
453961
202715
368749
856112
958565
938425
610102
772980
16903
172011
572253
10749
935817
823678
613215
833881
709267
521123
60191
119820
555283
627487
982028
521387
515435
239319
790747
506365
825844
75391
888613
527568
111630
936090
212310
826074
411942
89693
144759
368235
808373
946187
831018
996547
261585
872899
212923
806605
791586
894230
537871
277277
726103
180748
988289
916237
596918
699313
822250
323071
58575
164414
163184
95972
465518
938696
206043
526979
82372
626549
766482
314209
902041
892063
831765
340571
139065
949072
270055
830012
942253
602368
86997
506685
635791
515902
638429
512198
646292
413424
173552
828442
97830
623406
102364
867422
514086
940543
338992
208087
292889
597792
60655
673001
781024
959005
350730
169820
664997
95104
784639
242804
144583
485973
753319
111143
817945
343857
151366
846624
459068
30809
873677
187751
7612
605285
415888
618836
458933
8406
753051
543368
987830
963350
93086
408674
872241
633697
917445
334095
750848
296986
230289
361158
502746
925990
672445
527993
449488
446351
974977
800821
377520
990440
380149
292500
528948
174241
392561
377855
316261
773827
148040
615847
179534
671933
433333
185197
893810
960116
436206
937077
46575
783589
518057
387785
105833
842842
297423
791578
145882
322095
576618
292815
156926
49369
340245
220053
384074
63865
236923
911949
444899
560452
14159
433161
683603
66549
295215
52616
521622
647089
202338
124572
188656
275588
122585
386236
323979
102994
965659
988442
1880
390852
319655
57420
909327
918838
589816
633230
314837
165387
337660
924840
841198
152564
959688
356407
257677
43669
153771
688831
42890
78459
587401
227651
375793
154867
426567
939842
788144
996256
130278
126792
503755
164856
975507
619090
593765
378735
530956
68912
280965
510758
71973
401442
105079
763344
297149
843929
723740
63758
389511
637779
955960
798347
917467
687909
441824
168863
94377
441595
393728
70092
897419
105314
131831
342921
910909
911864
610686
391801
745252
474499
584196
433496
598118
699900
268701
785520
558485
562986
19570
441477
364681
381978
426587
492903
543966
646640
349327
834767
28486
984037
64135
822114
230623
949565
383873
817685
843545
710075
971038
449264
927745
330018
256911
313129
903479
490263
734180
953171
525556
147232
750161
189819
208206
971755
412958
292835
562786
697544
209527
158296
477676
632700
827795
85609
125178
858208
242260
661959
73690
394939
202883
563756
61121
960793
510151
347229
520376
813457
591572
969542
704321
386063
41659
599577
356310
375454
908826
103069
764112
966387
524848
770854
100638
922414
15718
263003
841168
808252
817300
314972
98616
544540
306642
543792
874661
839923
858830
511656
74133
640029
10597
205171
456177
310728
59707
200230
995651
859419
306972
169780
104199
305764
214557
547250
330499
605253
213106
425874
26942
13415
788777
439558
251727
347100
632382
169182
826938
36846
770132
928179
819244
797320
54310
437586
405623
267898
664113
973346
529266
582505
818521
262227
166770
633709
296786
595486
902391
659779
17045
313908
166821
309214
855499
630860
682060
4456
869904
853157
923119
298472
698090
342479
737891
370778
832726
666576
612696
203566
366241
234032
307382
645834
505863
618259
952998
661408
511025
306380
262411
213916
375697
40044
417346
737366
839548
972087
492666
530880
776370
686018
593771
981635
318307
933689
431655
279369
430581
574318
98339
715644
882908
949651
347964
882438
854992
828829
17477
458741
416189
99389
848166
951360
692875
198382
421373
22376
989038
744110
393219
926398
935896
537606
850024
521935
133735
353702
973801
214315
157382
443008
684185
343964
716432
507257
210556
4490
920285
956563
103462
897916
504598
4901
919972
600716
980536
636297
217522
207982
406685
695084
651359
29338
775453
618981
573502
576993
948495
733495
271683
141735
933296
522786
815538
32867
257761
946457
412221
618231
721543
356435
24085
16993
275497
789688
337217
999703
914449
155666
551789
52162
478990
730585
819905
414135
405077
593494
170356
767429
15895
294523
188495
7271
140108
194777
462158
981338
405908
634097
112588
503036
937133
553080
160380
422146
207748
652606
266466
28927
331718
451911
473331
336842
135442
408530
599443
283365
476212
155918
399403
298366
814364
269627
488597
151403
532837
166196
560082
738580
900381
537351
778016
167804
339760
510337
529749
809379
900192
659906
877083
664028
884169
683804
712135
658089
934785
107137
201245
936451
275680
458824
240846
186672
385754
556799
87706
729394
248757
617427
79103
154536
363137
227405
560488
393914
329509
549983
289401
178735
645934
914357
655264
1961
812188
817775
352443
19132
554398
530330
712827
82588
553358
18352
740150
211907
743583
527024
121798
245163
757445
437075
283391
660224
395990
714450
482224
249358
41887
345042
136489
405743
793765
39832
893976
321367
982436
613097
688411
831093
978733
424263
599078
724834
147984
331576
381125
486126
394875
102053
654770
326355
575349
629044
340212
635990
437243
312020
234169
183620
134020
404864
343325
916740
555329
853524
229587
387275
238459
547106
631400
220198
147810
237130
679443
339389
5707
735047
483732
284672
485812
646274
113167
863749
853913
148230
820075
491946
371125
457091
817073
8469
489301
833122
278828
115838
602446
795212
857996
53334
26679
819724
799339
821929
546986
722667
890265
295527
713902
776240
983965
729224
164271
467565
412288
84482
726127
382145
33344
106637
644679
969683
84435
166340
375481
834450
428639
236542
54291
569007
410318
279186
61158
356776
409105
180041
282658
620288
261368
913898
689161
219716
643249
258917
410997
791371
177902
674800
192678
558982
520066
754325
920516
362718
406111
679515
773010
578147
618269
452108
256701
11379
912206
454016
416669
219233
59584
545483
791063
727402
496212
703370
904567
426711
135823
40093
241593
272654
763244
601089
735010
65782
797848
83652
82086
393281
500349
793771
991837
511613
104331
798787
339289
108332
174657
583210
922334
57257
880300
70807
524974
189364
636002
285914
929433
934343
893558
896290
260830
836320
816494
582470
60485
527150
451754
30005
241090
689832
611338
199619
58517
372178
862634
554130
209728
897424
213129
299740
281908
816895
316694
21702
892157
57026
778846
435636
68183
801040
174642
551829
461825
228722
333237
323729
817151
772077
822501
441922
341881
838062
255716
352146
205519
286104
645355
604134
754427
585367
85192
511491
988099
402852
519074
184148
38763
880741
129195
370575
181883
220191
386135
183757
599326
614411
269157
880411
270032
515437
751409
6110
713286
111687
758414
39634
100335
562174
491295
386035
925865
966274
708799
803663
43370
579164
293640
701751
580533
143108
436378
936652
136413
178363
560634
984326
273588
921019
991815
543353
822616
873340
573375
477261
132010
871634
937801
650657
93593
296561
340302
515454
252729
269245
221273
420139
624908
562304
739496
180805
711316
249114
503111
842773
105007
392698
700122
166154
97825
515487
333938
211353
885432
260300
583538
618892
434422
851324
954186
736054
41363
344344
582880
679077
663229
62433
733703
717196
358305
910380
868577
837368
157242
402514
624762
233160
817000
883916
579687
610795
142216
492988
523891
582456
615500
545751
766112
823486
703973
620693
422109
257948
115161
540458
931602
820704
854439
628725
179178
500184
349543
857325
782228
682219
931846
184356
595813
14271
417956
6973
725930
383765
439526
216543
874681
610053
577649
825466
731606
275208
409326
620210
437863
764932
316195
55148
71894
232951
863802
733699
459881
493700
741129
591011
543037
479212
597234
875523
326933
434026
435748
359750
717671
220993
59020
390007
461337
774027
239142
862294
282803
234920
456632
750332
941207
420005
45103
916190
197578
651066
372903
400602
129823
359894
792325
50709
977859
866003
907771
430031
488301
309007
588897
235058
225942
177870
104739
983692
498544
59448
626806
856004
414783
834877
221458
475262
575294
838722
926059
994943
834023
545542
911090
653660
495844
738151
834965
761932
189260
684236
607765
483046
755494
470340
416236
529543
687233
328015
704733
169294
418369
360407
592733
429710
198948
816861
724450
661669
783952
686459
445795
300252
18183
185309
465766
815271
288317
262975
186419
170399
567148
211909
115787
605792
636740
465381
283043
930092
748484
909202
214161
955520
440465
786182
634190
655636
334819
19234
956370
120513
246700
15165
525993
15151
431126
786268
739315
92212
932394
421259
307341
251580
242451
746950
499854
187010
566478
798236
848702
263698
286041
222118
463516
291101
649374
157185
677892
455200
980407
635401
381720
483115
160513
546106
371792
734710
307732
557227
107218
383385
362628
585468
81467
534053
393368
265887
630256
434901
382895
50336
63567
559565
955392
324865
555457
189789
926808
245279
157106
946343
841141
653242
287634
364093
442719
281761
139398
411192
550066
259868
929308
743900
748774
174080
92058
868187
947741
617877
122005
469924
169544
586183
374715
194299
646746
817430
759294
365289
906408
878329
266970
367908
387067
393093
180667
948035
344732
368097
353508
492428
656578
389196
980719
674735
610407
852381
361278
644750
650110
462244
440309
199507
487165
961916
341555
107302
192985
604809
905457
67047
620595
496585
999226
718154
783117
894709
327654
764439
960271
79179
401407
149525
9204
41321
668701
840149
349143
284730
802503
188138
748933
251354
403677
977964
773570
160671
460093
556011
923694
96116
12345
124247
23230
262182
59460
13226
508777
564759
81085
193503
299496
860884
768188
935695
779711
94615
588286
888418
356907
15927
690792
165664
921215
153712
453495
495673
148235
820374
329678
103353
733006
14907
400593
394054
595545
755870
790268
484405
66408
895077
378010
382642
543235
633882
442582
92125
500746
826794
775264
938399
771825
644157
470043
751864
655965
352929
180061
794414
546111
148230
253945
946803
446240
151263
514049
789359
513384
111039
874322
472049
589335
426245
897107
161641
474910
544964
548951
799745
917295
930183
759724
810503
8570
427746
961881
58158
19739
675136
376306
658779
694327
756083
708906
659997
955577
690329
640956
744910
684540
555521
870329
183414
605753
830047
144816
271343
973878
722359
423436
493316
274191
764197
716027
642150
445442
345434
805071
339146
355122
294536
619016
601172
197144
819443
574926
849026
813363
41068
577225
170991
471446
321635
312839
205086
315003
37988
718359
162880
489685
557567
825934
18499
620426
256079
162958
275636
32087
868761
222675
265255
695894
965415
321110
162060
808071
968875
258568
19340
852290
997825
929392
598278
876577
398502
733217
280101
301300
486809
481397
566514
466783
162783
539324
746547
500236
295655
81888
883977
242132
875092
463325
94861
145642
608847
72922
293289
345690
718207
26406
739565
118657
50787
932720
117778
947083
857184
597894
432570
700387
386468
80357
208748
424371
503303
82028
504061
129518
986949
445793
136766
217568
734992
493080
881346
974296
281604
746728
924292
829502
98645
155094
312576
645444
340045
529421
451018
856663
441951
983671
583996
535058
848679
256374
59239
105767
120327
6684
963923
402636
189067
603163
565165
92394
226550
987919
464349
161202
12740
598289
782384
520867
346674
397365
731239
858211
511154
160461
13612
679922
435022
175632
778373
86559
610758
158077
467782
422777
87709
769252
52658
858250
545034
705237
929705
760204
128469
153007
309962
163788
353594
151751
38707
707753
418283
965247
669129
32722
60524
556955
121263
826713
281121
82768
933343
2213
451868
7290
834338
26782
940545
406755
832547
80797
115675
315725
416873
426309
802881
478384
603624
357495
604453
992063
382020
514799
201578
481250
289937
25913
120715
845114
517788
909386
14157
889000
294721
452572
5000
666511
523508
176988
705297
527672
330960
553314
605670
844853
849009
207017
174745
759439
548512
646494
19304
445609
635963
53377
354348
199709
269492
795696
262773
453600
317194
822878
489812
815201
108910
199240
891730
86281
562484
566107
969174
332256
388258
509155
816967
233429
75920
540685
967730
259567
739261
936595
604603
686882
292899
811600
331093
501371
688621
7367
121884
760772
234930
381355
827582
718726
739827
828402
406519
553776
514773
162742
580442
291078
329984
673117
930870
277803
268850
77514
374285
235026
13348
57653
91586
121489
600282
458775
982757
699945
465262
595978
316209
256651
100159
464875
765970
656813
109317
666255
966927
44168
915196
2193
52722
54141
68643
21033
142948
980432
840458
584961
601113
707656
186588
215873
618566
955282
593220
814070
342324
441898
937870
852331
355472
26962
408639
117698
291369
458089
907067
980895
775004
711031
847782
80450
905434
920555
442234
874367
94613
700595
12323
950111
656664
284355
606363
537906
892422
273013
659061
199385
561154
204557
897331
925514
273691
132889
117629
449144
550874
996482
843448
88242
748128
83093
657503
514844
795039
899888
381694
429224
804012
957615
133485
173326
243911
287948
137272
874497
135408
703562
153339
520811
552108
638619
39016
61507
332586
728907
847612
268096
465664
759679
230783
857719
768606
524022
454287
546801
476412
530684
397497
404556
885743
699185
312363
902982
833374
13576
236161
144190
238757
352980
569425
111444
755880
189394
938958
99952
387602
874114
178400
305600
6467
831246
931980
510046
736354
81244
545142
584460
84996
589902
228770
354902
756532
587888
522861
264121
532889
953973
281508
757416
601029
783725
507624
237753
934253
463462
307521
699013
712265
185612
304846
517673
398294
352199
46356
384215
85047
233619
14681
823056
471119
344861
637514
538942
762803
419184
20705
600906
139538
576027
605846
831923
754130
572306
126097
423190
886770
123100
537808
256884
282991
216155
539063
413713
157602
449640
754802
260932
192798
903768
349184
984480
895556
222842
955494
855870
541761
551724
218442
93702
997325
222265
664675
230427
398373
735039
897556
359507
614029
315875
765698
922532
14493
373860
821153
17227
714674
179213
72440
803931
375193
376949
118457
129560
429998
514848
596673
148707
196642
536302
346909
319150
823277
284639
507634
393058
792096
730372
178848
231684
287756
875240
278591
755561
819730
159488
90198
913068
49500
708875
834548
444715
684530
80373
129375
677384
23624
275715
86516
270541
269376
826547
139071
528718
193051
953640
273833
120296
498020
247376
175537
722097
206652
889198
102822
554980
865766
481762
995676
130982
722656
550269
129850
966624
880814
813651
708963
262414
271993
309900
522718
952870
382331
658299
580165
159290
839302
268217
86352
624308
395728
932538
787723
819588
982124
790953
785723
856928
207896
251117
96996
227370
580059
647303
795884
831596
886955
948306
408790
855263
129185
520439
240987
206895
994271
708692
992574
988620
405872
686092
997939
660841
89816
400951
715235
4183
719182
806618
446279
699950
854893
458035
757180
599578
107351
704415
912243
404738
933248
879797
665347
739371
302665
647830
737693
775109
182260
707532
66469
661631
973362
870782
490297
539436
848425
22311
813959
215370
576144
78049
469299
990017
59316
568707
390635
257832
267482
315514
142337
590582
133547
432466
661769
121548
268535
798435
210002
394531
445972
563502
30870
743875
410726
785689
741905
330901
360065
87900
777806
862233
871483
552194
568023
563175
627022
743266
860413
907736
470615
60419
610261
949537
631658
260268
193258
593065
706443
228446
860084
77770
580544
604804
654755
106077
351755
107793
366459
981649
998906
694497
732467
31997
305830
912752
604766
13233
928501
483764
733203
416493
965621
812005
463008
763778
330333
438315
932427
141064
802106
612972
68057
86243
778676
242782
91169
894748
645965
877207
195945
451040
201137
70595
715282
840856
830223
81801
54371
913355
337347
134507
125446
145373
174922
322870
560062
443144
604396
128027
605615
587519
715408
981862
12154
542153
485026
53543
787240
381198
914459
192926
247055
24932
353592
921943
631253
888447
88363
687722
824519
465767
782287
257530
710312
533340
122690
132808
789102
894821
627451
33597
146735
55447
702247
379585
592235
366188
981554
876250
279599
131693
897270
367875
637575
271920
737512
569412
658499
832438
963011
934670
953011
658073
522875
999745
641250
264927
661590
994246
678185
496785
4475
397825
673580
813394
938082
949342
567383
574389
623774
413587
180374
82160
320933
623727
939769
937109
947152
596046
285036
805948
161961
351239
310064
277979
534250
370867
545818
658955
822175
104478
157992
358793
919977
598741
723175
721155
26739
136959
585959
428626
991160
992934
728814
600086
881581
689351
624384
699825
191075
892602
873702
311547
679759
836322
675437
90650
802524
228611
269828
632750
5596
673307
882744
141173
90001
841338
68613
664950
174405
948165
856909
558073
21432
940482
232934
405138
766876
198211
142470
16890
643545
678661
330730
606225
296328
540865
237632
263128
349124
295086
224451
807195
691159
755790
69996
918285
892107
829929
142020
81764
713370
819960
603911
562658
83390
446201
166985
812616
356805
842334
877208
491179
985324
554200
846812
734384
673712
953090
519558
649076
74479
326752
355466
803593
705516
408803
257578
841569
596870
937747
478528
156038
871458
241476
381026
521010
754049
608444
320767
846054
913425
366665
941017
345088
529443
108509
30433
570335
924820
718852
955135
536748
589321
708020
870057
985924
146722
362862
826736
553868
699449
984456
95250
518859
256622
804739
18166
937249
113646
467111
211151
204446
595622
357494
792537
805098
401087
430584
374891
56564
606026
801673
231701
658659
60027
716169
295451
647426
985077
375503
788439
746465
257781
738399
946926
916580
333656
528758
532331
670555
997839
183818
167994
795353
609388
900792
882912
812162
375740
427021
272921
751639
478950
647936
541924
573796
928811
741127
870910
627159
362446
768848
644212
283374
650651
103328
130142
26236
249604
148912
915621
113872
985635
952314
218176
872285
835880
92018
628060
738808
194288
659860
471259
887542
949809
872820
88678
885155
838629
145994
839287
619421
414545
857054
471663
701990
472288
627647
813656
360344
987886
836743
994628
580141
787290
999329
49999
252788
369751
545018
778139
984590
360580
250007
294270
668497
230504
914027
497711
895359
595190
737914
429883
488375
350510
33375
173040
28228
964886
513149
606317
266787
511685
508759
515814
715060
739996
132200
168224
586784
704272
753376
197076
986495
360316
725255
391076
346203
10818
857093
167135
159582
655396
981225
769591
7668
992953
323063
835072
389763
571739
84469
319711
481787
517017
52415
7067
850874
593069
579613
793178
531261
566218
150321
751324
788239
520463
188684
560005
900825
670840
980649
496427
899318
948903
480168
461309
74014
754410
997757
597255
975323
625260
602556
252523
344074
99617
362129
368240
398963
250795
398268
336535
236247
185099
370961
771064
922242
407892
766367
442384
491414
466484
688565
26877
157166
166097
447902
548500
84712
18292
745630
654599
706920
940560
67493
879333
249420
859049
791847
740822
530918
913121
430624
322872
330926
134693
741737
99477
335934
128022
789415
840064
293371
788940
110426
641989
222510
660985
412607
862208
497515
184659
929235
803872
242025
266616
861948
139430
267429
885215
360839
609025
550990
471606
835486
969846
734907
913279
621087
996131
997507
338737
379099
474316
683816
123744
237750
193248
757077
344081
515901
52094
245765
75299
614115
569968
234245
568382
186758
84753
678242
76433
373000
620130
713058
227802
69625
503873
271358
495626
622201
992918
752787
797334
964149
8693
292391
187969
713750
413718
127109
199522
23010
179703
777085
377361
547233
11874
730140
484558
898821
806565
139714
108908
556422
449783
389372
210897
235330
447056
760668
484394
672713
621194
968767
97128
436972
937600
337897
239959
782650
752988
947386
77555
43281
291855
968522
840620
181496
31129
397797
690723
209146
487743
866593
231190
577601
560835
87352
562303
715935
52022
310113
974356
519911
996509
379819
889488
156241
776012
666888
865289
806392
301784
388816
954931
934655
548445
339501
148235
133183
155355
420444
470615
524916
796522
207097
821940
307994
174615
446800
725059
287913
764964
181086
167071
600618
409481
914055
468784
818807
164750
157115
259820
591425
51135
790547
987802
607346
141878
794560
951326
909610
872557
400038
482808
130390
278436
540616
827515
540682
745238
876174
692914
52697
134622
98983
245583
178969
724965
548754
8887
247147
204929
83544
483334
754931
431385
934463
328508
273768
858204
691004
715939
289657
409336
698949
886425
611522
761213
563016
79054
494926
30200
959841
176648
82534
281340
899038
899509
994051
803494
974733
740269
100060
731809
757259
951373
109695
145370
132328
567010
378439
672224
941042
128871
762627
953371
80018
170625
641202
782542
895762
616187
314444
677232
547645
346757
489830
420055
270660
53023
7495
402581
170963
662561
416050
418085
585825
838667
280228
964596
797122
631278
518248
56549
47564
947984
240542
203801
3138
452520
381258
626826
132520
419868
88099
962897
246772
579438
732962
719011
72261
86711
192115
558566
266916
822951
982786
487032
370259
794587
507095
93969
571193
694431
699312
427384
531234
703176
723085
608918
728827
64780
647958
568092
902732
251050
71365
440658
922190
814024
806424
503586
559822
202464
912553
476825
132903
506748
522775
756560
3174
199481
78437
404614
204072
223141
147715
835964
604592
137910
769392
657934
290131
778518
938925
84540
944747
386007
816176
87849
647932
825481
371107
495729
363567
691296
27027
176577
919567
5362
894010
826663
343493
690339
557360
26152
57519
209960
383189
818179
661855
202043
753040
955492
566438
71078
617202
456716
346885
300573
71989
542799
709976
658760
929726
99104
802728
769884
287069
415761
875340
778611
188627
496328
152126
214833
582248
129895
348091
159580
715083
868622
531631
927395
698899
538466
701443
288827
412102
813609
140311
561813
179570
722370
270969
565995
946602
586327
521500
534726
287620
948571
734321
638769
885280
774820
383806
468858
281318
510799
164829
83752
339934
590665
135939
248176
311548
53195
104188
968434
911904
122343
884112
718059
683489
489024
278757
762728
981834
519170
905077
738540
664243
36548
265551
64165
412494
225819
728170
649423
207898
817610
909656
306739
973958
342639
990153
793243
775285
184668
219078
160738
9159
226372
931177
253523
802936
50981
45152
573436
666185
222647
81315
61607
430448
117393
862665
331202
711222
440953
974704
978898
184515
662478
248531
760372
661560
515789
391590
165228
795156
26214
37189
876055
417218
897269
538002
992611
752164
847566
61141
194892
92374
156806
857248
946626
997233
81226
390451
505805
244341
82925
816414
171885
181519
364873
705559
680676
956076
170627
113522
842219
137936
131492
327649
200462
689329
523552
191193
957699
409233
603093
365232
293223
468722
952224
97896
628979
637892
38094
632340
988520
872025
663564
608018
452440
407731
299734
240449
538476
238760
125712
829033
414650
273691
194284
79920
795976
933190
439167
94885
850338
267837
344884
192410
400877
61346
8295
180608
899527
3209
590746
49882
805488
167380
100339
896514
565424
894593
553963
655542
948169
295123
792799
899983
547992
127315
173253
837676
177646
109414
191692
316862
254127
120167
64137
982858
479807
536050
637323
181095
230675
111926
788353
315859
307227
962268
121235
596931
753283
382247
978576
830621
354395
840767
566429
934503
11259
447826
296956
144820
217827
677144
979526
263084
896736
478062
493713
364804
812670
167363
99401
970129
809055
772418
743272
33278
271374
335963
567662
603672
741037
903622
235982
825962
741542
623741
138024
433519
145398
581588
738199
637658
316936
987888
142238
989814
426993
592221
833359
654347
747690
416164
198230
563925
905745
30790
846062
790806
723051
576333
468884
258694
110378
219245
874576
471991
446171
323349
757090
578073
941717
39569
346294
884362
943454
831838
876093
36870
987118
5786
475936
587732
74783
460566
986739
679657
354254
711858
151268
87711
182499
787391
473592
812726
388730
688965
749637
599062
124961
903730
25156
635636
642467
516438
748187
436778
33950
517939
675250
282706
164307
783846
305462
991724
253608
742020
961550
895815
854879
571308
179542
207173
709766
912553
380968
424101
838001
187860
320651
257352
485791
218692
660028
495830
627359
700610
875378
58399
399211
168875
182469
423559
998419
149941
433969
461359
838940
744711
420570
80013
92262
714594
215134
347097
25553
281395
523522
167711
904050
266241
225989
773856
909381
919945
556356
703344
975629
892883
636635
794789
158104
646384
929718
498209
422236
505304
260877
93413
573981
356715
753916
487499
240245
518556
614599
103442
174527
348236
394389
968217
154391
811127
27486
615814
509424
883695
713337
565060
247398
575231
594162
740330
767662
18115
840674
996070
401553
30745
964703
646143
705021
73612
916725
842518
582451
277412
998021
623244
309773
790605
773480
450651
726726
579298
337572
223482
616075
88484
790970
440340
791981
399244
402239
752684
81362
242411
408908
660440
229334
182613
952000
248942
833510
570542
588144
359968
180172
599744
269082
408282
172652
868986
266105
18820
478575
100393
368994
379232
812948
935508
697413
774841
77983
963983
459615
635158
7302
32924
701559
661922
357579
461944
636573
970125
631599
146013
968603
367880
980546
299740
2534
862607
888450
634207
130258
463341
978472
627668
256524
588695
542103
52503
856100
792860
647629
587541
286730
362506
892780
107993
7874
656851
437778
928755
50644
478504
750648
244486
893910
865339
151605
128631
868631
956420
219198
493372
364170
580159
907885
503596
416703
290588
64835
342618
718003
195664
948070
803632
905262
278810
988940
529140
962159
315277
30703
214366
900205
838656
386184
655517
696169
331861
818845
941261
907501
850263
555509
943137
746787
190140
337079
863395
696062
63853
797277
44075
865799
934916
854621
119017
689022
625483
546532
483277
151972
766136
249329
808976
278607
382318
187816
633675
84852
106191
942257
239999
194389
891482
384727
544299
802250
291282
731095
692239
943649
544582
380274
907358
856550
313829
400246
55070
19218
969629
528442
511642
922452
915854
544435
241558
928520
31592
604782
185085
207328
394457
25608
747166
131318
378451
332281
328847
797114
39371
729121
899987
91519
745658
207710
163245
27798
969385
85686
58424
63045
663375
705782
661058
847749
847971
32850
148505
52400
531941
413812
963024
749030
151826
765567
844477
969111
81668
192310
763445
487936
239002
63349
279432
892507
287370
193129
497549
822938
287322
658645
452813
25691
105976
190324
417157
171387
34108
522577
393069
327549
388740
747124
387654
331741
485713
662010
361796
90706
506185
619183
963949
82251
986618
338718
346573
525817
688492
25702
637422
81147
277871
672269
681917
327628
925932
743329
174402
998243
434684
821962
183197
243278
345458
80183
609945
976738
115375
804630
888789
559087
72650
687699
464092
916378
586764
808605
143597
721755
198076
412545
911354
141464
952707
339728
445200
678821
16332
605630
304379
114749
217567
405509
497569
94364
753985
231793
764938
646225
442925
348199
572262
896295
209406
65658
171206
29408
510897
123507
695378
10736
585669
75369
620267
346157
322725
532085
944531
9406
654712
698856
788739
829586
174918
253904
805635
287949
766585
101821
603820
776695
773321
446968
287204
519923
372471
352679
118522
211313
621633
784909
611412
227419
477612
945010
140847
91305
960783
700862
472726
27486
158302
582662
974187
932161
331363
541358
732820
114230
934040
887455
644198
291751
601517
809608
847158
52106
319085
856371
822317
933498
970521
649070
647903
641099
697141
622524
558775
136481
274276
278150
25424
509621
195442
174631
539931
37300
518787
530684
100269
692631
103580
281448
107324
692209
213326
253165
890985
164686
76900
625001
941365
354509
912786
288165
260728
510425
614979
960604
225393
333763
210368
926876
882650
22143
854309
492258
633636
386465
209991
150393
971458
422677
596697
639343
728105
641345
185011
848964
61798
32486
718284
229916
945396
508995
717078
134815
427260
93918
5806
941255
13554
986523
743529
814246
352842
858629
632014
937133
750415
614512
965703
191470
161781
295642
668184
226160
513001
222513
462869
611931
955781
614321
626176
103187
4463
256302
492526
91569
529831
84584
832969
48958
383358
163282
353960
6315
647092
385783
809490
811207
281794
146909
612803
240249
20578
495001
49618
354030
584274
444012
624400
754502
829287
635894
72577
816294
71792
651248
982674
751764
475510
168692
836241
122483
159344
351281
460060
920507
984848
437297
957781
441177
426934
663944
545875
328464
86288
998191
148818
136287
810355
780522
999310
595352
234091
699100
497443
217941
989476
771516
923706
40255
324743
911375
268497
412064
406298
434356
308751
24140
759470
159838
678735
977734
32464
899194
714274
760906
341301
497219
16368
690533
110808
430710
285398
24575
285108
311764
429868
962494
310260
847781
576427
413854
205568
658043
613094
172036
762068
941891
511560
677222
769589
176993
818119
383235
206578
254773
88744
897917
64040
97854
766849
425271
965300
498212
75996
56242
547508
586647
537402
758682
381050
603060
276639
189916
331471
617267
964019
684392
802439
202983
800669
229765
597632
58811
460286
355176
608434
887276
29315
695073
268511
720701
881258
32646
718985
764295
65934
621119
388617
627174
241167
187780
812736
692569
834077
502564
171693
131380
748242
908191
833420
80904
611421
804670
715342
980216
914086
133871
648890
252646
633601
240013
470461
202037
444821
565895
25537
150839
812872
74437
115222
981219
801890
604632
993266
70172
694077
920784
879785
534880
113881
990790
639654
534075
242414
276651
742264
483757
139908
761574
696305
170261
597777
754895
94242
160952
808858
835256
706117
674540
442898
166524
868510
770647
869546
344177
819958
61843
140357
653599
87565
114672
214115
146146
201436
663873
112629
966469
914915
314547
955798
717064
992454
77783
663577
739725
216683
546413
308151
748693
491651
288734
880483
994083
939840
272544
667525
955820
216450
561507
64790
261326
641612
61691
322016
483716
436371
203426
904114
497800
166570
428489
944424
955507
512535
53111
750268
420975
993273
690254
343589
899996
935562
603085
610476
733823
303367
77712
842931
886414
453748
511420
282849
349848
875913
966162
708789
780961
7279
820695
633352
719176
763879
214520
311650
871232
638449
179525
437717
961466
356444
364869
711570
738339
208321
724841
737244
520406
841408
232677
789270
883515
823306
31127
153281
41473
525052
115528
620772
970289
578548
493564
3019
73906
712142
647159
991426
26220
246970
175736
796176
587242
610575
206186
912863
814377
694282
852517
24582
726198
179253
181989
93733
151980
335276
105898
555643
218451
838357
219110
14275
463017
232625
940681
912721
791033
288589
398344
25530
128745
185054
847436
767953
574361
693072
945933
204439
244334
607460
689546
258318
692762
308659
10608
491285
260258
300152
260183
10412
73619
604211
436886
920776
724365
160113
775257
475824
839751
204228
873112
141279
415413
235212
968023
803777
430078
411939
764447
501682
606681
969614
945527
479110
813548
933190
884493
547831
662646
581383
994213
77476
799448
18540
981223
635049
57404
288567
419634
898248
106645
95448
905424
402376
629934
242584
857759
615690
579369
563988
660587
45958
252732
271372
450465
582104
311584
750518
975703
332138
217437
389945
236106
592647
531335
270285
900502
175866
200851
18126
913691
22259
456376
625315
788954
509552
378280
713650
453617
318264
653982
146014
862004
64168
925596
642949
360772
792143
775577
624534
106347
341255
349612
893589
719734
165196
631980
961610
834957
783758
935919
16778
15151
870435
687494
931378
173654
220972
645752
292808
272878
320938
292883
891716
825787
243339
793440
845420
495960
196549
569751
503754
571940
54240
966223
593601
416541
894049
253252
301878
578004
9260
483259
968861
993345
597811
9807
468713
769894
453104
841271
431815
761851
970212
441331
614054
756039
200973
71031
617939
393820
841678
953905
982027
727917
940305
822041
81472
956563
725313
524539
620656
470085
629810
75586
255515
182995
240466
564175
7594
902466
368943
701275
343212
418522
262628
784515
286807
717543
486419
503353
707753
485042
475855
539458
690732
850484
8666
464711
990351
800057
366020
421556
825244
944059
119492
93295
393617
680154
338156
368637
338338
596611
294202
528484
41996
212217
100
143381
187440
97461
247496
594971
67578
370919
15941
871350
686094
48399
667510
893062
489031
956804
761439
179150
854213
856827
200276
853823
776996
215163
413930
568369
515322
365941
195084
434432
658262
241891
226514
973444
196602
143746
60423
133253
889287
92461
391041
311977
19339
930138
930546
508888
590755
380306
785159
68178
5267
793955
654395
584359
460401
112018
971704
554122
8998
613393
731254
328956
326097
106896
64302
498017
354822
51336
646414
987038
782539
81691
15963
151701
449008
931451
639582
756892
421571
47086
131642
994111
705699
974201
567779
482580
352235
374783
373268
604080
154612
16463
89852
162132
921896
178804
418180
465671
803901
781293
199690
21844
346305
435446
125504
8889
156906
42550
790446
154547
447196
885609
526238
135586
554241
252971
317177
444418
919803
607093
100184
195861
21237
746768
115913
439470
881391
828850
635515
596672
258414
473312
703481
399649
274537
963959
187137
191163
977723
304829
976712
357693
746497
285851
416181
362159
969014
565465
526345
728733
481079
944545
230571
64934
392591
884850
597780
319629
271309
760185
361578
239360
467987
551179
298086
265916
455776
74429
165858
618022
493621
350311
892063
952127
72221
879966
671361
512743
831716
528529
466530
504287
506426
908135
389970
530245
638024
929322
950399
924524
777245
843235
590765
486501
860126
129825
533534
131026
182411
46237
424818
402995
143944
954695
166668
373297
415427
273630
135548
791003
607406
127557
417932
929276
816447
695007
858722
253203
679418
493091
641359
580657
572895
78487
498849
571941
360356
225371
475134
738450
341235
670922
208102
111650
741776
946856
638251
574025
483447
564069
628467
278600
677400
934832
413819
537608
449912
357726
591769
871935
228419
906730
889663
507579
777531
77870
666693
483111
571639
466949
288685
124371
865860
522718
86715
702491
660284
81144
905242
360202
357139
358023
705368
605641
27056
972
133185
934830
185838
441591
772933
425897
448214
395783
560926
347141
989281
305308
925255
612442
440126
741455
467164
250462
901032
527615
98357
788817
218209
796032
82570
675203
136153
435671
839432
432440
118070
483832
424430
528854
118106
161694
141450
42618
326300
72985
522946
571923
175915
778071
688467
394178
679174
959579
547818
432477
559678
80027
994778
38353
339833
251731
660715
6364
843698
755223
65547
323719
828407
924675
735472
241763
670598
956796
394562
964157
860713
178471
5916
956046
857141
14365
701186
225603
88952
429031
898768
465047
189273
684473
297899
878847
26093
532969
209787
15166
328090
137447
634910
162508
755947
986733
701320
800315
868873
444277
473255
217218
305034
598736
420336
494667
352099
400591
173757
3411
583889
87116
894249
924972
571217
344476
312462
954049
92609
661670
971161
932002
102308
662349
536781
765948
360019
592462
378580
447467
762973
921418
641792
493411
297895
661044
202409
705392
121746
60840
342404
971560
774783
162263
595083
634702
540468
910842
342745
673031
516912
493190
976729
323150
150781
913900
721920
991584
204604
164770
965558
474391
656659
140247
184121
432999
130671
474291
11527
820110
845525
730385
150981
402589
43305
925710
77514
608849
964594
4685
439258
18183
988743
413878
478622
395989
26287
969685
703815
652975
869445
644736
219844
651402
343970
164464
346180
731948
370476
461431
122994
743765
603206
814419
98799
349217
52393
16579
697083
707562
868845
973110
650219
557780
519476
710447
326533
871565
806293
466949
619030
832617
812305
131917
427463
330325
712281
879347
252553
62758
949050
806993
40607
890136
169341
316032
940969
68349
241547
533835
874650
649109
866737
277197
297208
804772
626337
901335
733329
303925
282456
206539
789659
595731
612571
349777
475058
298899
95502
468942
383777
136160
912072
535282
924790
439387
188251
143827
301266
609961
20983
241092
310474
29715
501772
966272
663670
237928
874234
988467
674046
849690
593961
507163
665523
332617
537145
44486
336282
220118
68831
686198
480694
806966
623835
793955
538015
574208
539282
906532
741111
119013
763948
275501
126036
330023
625520
897686
799385
774616
156121
367226
679389
737688
775907
778656
180690
192178
727605
599290
908393
903302
150135
238450
982467
591432
344965
800288
674103
94269
725975
100887
505348
197261
435284
49611
401554
40860
203960
880664
188977
876601
567882
122443
375975
557908
918462
620292
505679
866349
505256
326298
529784
245792
362497
921308
214502
138377
838749
141217
407673
875167
808551
729364
525926
324481
603753
496466
722371
745516
554196
207320
450623
346256
866295
8326
161986
132520
503642
590840
798461
440136
89343
80249
219812
497104
9164
17601
426967
403747
540391
635565
202797
259160
676248
606737
136694
639932
48444
30029
81271
797249
993109
961617
389486
494238
109889
420580
443680
224121
675516
944921
450244
780733
453670
557152
451178
879540
43669
750159
852360
196699
436598
35453
234084
127747
134257
695337
174670
408922
958753
438994
416944
885791
10927
965329
612616
392490
619485
3183
96032
236060
268564
830393
984952
430325
138579
306830
34504
118072
616417
983473
769119
715974
719112
841787
97092
571264
394710
764951
748538
568855
805457
375345
387489
440446
775625
709782
646638
884756
723481
857186
467339
499620
558299
784021
691093
19122
9780
863849
736969
819475
965574
169179
507906
93509
563311
391980
368236
500842
829931
447393
918325
748938
878331
916636
317014
367348
23894
598958
421344
671645
13866
505949
498906
938411
714612
37621
873252
649286
400111
419157
83344
117468
233381
275120
415715
755569
847547
645480
966302
560357
595151
85134
126654
151230
696169
611931
359657
782574
850070
910181
361058
920514
363732
209829
315860
632188
101666
406235
108066
981947
336433
495680
494649
119541
584987
311511
980695
684319
753365
713534
985147
297460
467832
208669
56716
840345
640100
148770
623216
62017
797656
198692
730052
296891
112194
275293
904431
298068
833332
956144
839523
822720
281502
352637
832413
853611
146098
318198
874847
397263
939447
553610
624428
996904
379890
256514
547484
254694
559130
814291
599012
878369
71588
641403
118684
953563
509018
606581
549271
534204
648055
912527
124067
923982
423694
452695
337617
166257
56791
672110
904284
485464
842
189761
688782
757912
500541
629794
584505
314925
539726
784016
235437
467967
868677
682427
253669
490093
333616
719805
743199
597296
471196
323329
79575
294893
481966
586085
261831
230174
880247
560569
972206
918127
848526
585788
472412
330680
315614
151379
499203
644874
169303
214890
341923
813319
986873
756364
367365
541105
183244
698715
598541
707241
330448
221359
248975
604379
141273
949879
951913
817491
269289
952147
254119
180678
122267
267496
838942
211934
260171
641686
343800
543214
285091
88519
28157
72638
212811
674056
127666
582136
168015
879202
827529
638032
196245
723831
455934
195239
157698
304119
602554
913889
184267
336860
335884
341843
29134
955873
950985
606280
247673
583453
325825
795789
143949
883746
325706
415728
186483
957068
746338
534744
441992
554982
910685
186106
891095
110150
240405
879563
168077
866680
195407
574448
50883
742573
488360
629051
724628
807162
442943
800043
747129
729890
167125
261782
811716
885335
882159
872563
784076
211306
347884
900030
829480
599700
304503
899562
198224
489738
508295
206642
375710
562922
459232
72194
522602
611882
189549
705885
596993
609758
231538
957115
761990
570628
534914
645068
696517
436075
972771
350192
304032
107428
448854
230494
903873
774359
923875
216839
135370
244392
280022
137012
179071
242444
535362
392705
363106
471228
568314
408911
161050
150005
42869
993994
956647
13221
798994
994871
496523
296756
775629
590148
37077
920478
739272
150372
305388
305672
461710
857806
585782
226704
523749
869338
281807
631680
604876
112394
817247
488789
425112
626025
60646
139283
456756
80940
43103
557595
36823
459755
966914
55021
243752
319909
89169
354053
944610
196377
775084
71813
521321
760515
919701
291925
912882
547419
229024
513085
435632
581767
351483
491486
481088
812681
340613
480088
942218
388337
557454
768539
471540
5883
34633
691794
510050
33241
275263
205339
766534
223531
384406
347750
866547
612259
191331
872212
738063
545636
970137
151460
192334
697919
598653
947734
402020
342273
799826
888696
499818
879875
215331
936567
419395
334313
340295
928899
930963
994500
556816
696232
237043
359187
130522
789856
971178
481440
767965
29136
768227
307276
412629
377250
890418
668052
751712
82576
502491
601488
569724
192216
329282
484301
442087
326051
859869
622912
812001
2822
56465
75671
796470
642320
552153
598306
842462
61342
782990
834575
437724
905155
323818
908821
594619
934173
556482
958038
278105
947707
493158
183610
1953
94032
17801
496238
93128
930299
822679
227621
145207
542407
205718
558901
718466
151625
712109
473369
921889
606005
581927
840836
776758
133348
626645
223727
395534
679770
328600
819405
711664
956421
59925
3347
231312
862911
960740
563354
617526
417855
779353
797558
329797
439028
588146
346135
13289
237566
353740
610311
735345
328023
564942
571505
806738
583943
95522
785868
179842
37244
135772
324221
24257
844729
390179
155134
413935
793025
25016
262987
21111
675168
169069
122898
330556
943177
717860
793415
790045
186000
556925
626574
441687
100189
104280
176017
528450
985133
850652
806580
878966
451824
189061
48742
515941
707352
557301
523466
945485
232847
233170
486680
517225
794308
71601
260621
617499
457168
460969
327206
139444
709273
837526
901392
857000
297547
731923
4781
777258
73172
587616
691890
609011
997808
16625
719094
997581
160389
511640
300444
534175
83610
724883
702925
802120
593549
560531
164054
389892
429851
704624
719345
623858
457746
455020
968427
552002
965636
243505
505597
367469
220741
588440
211722
40978
980107
886886
891253
642510
338112
117216
195135
859575
473572
979209
410307
552648
238599
716930
445577
628158
592982
784074
464100
604400
69505
980075
851493
61033
169843
233601
564460
184575
318428
99709
257680
557113
749058
739958
361607
229758
740473
748733
138434
450704
519821
201644
749647
778082
606596
525756
773934
96339
439825
968328
225237
796886
968074
227945
488059
924931
756163
58179
132902
951597
370790
978932
207825
986149
468452
28749
927366
887518
810347
586955
522281
78083
844015
170003
542894
415370
766688
575618
789805
762688
338512
213276
879719
271645
261469
866006
538591
326747
206315
928397
324652
136367
736262
418229
255610
829067
111121
746524
249273
683634
527399
318296
633400
806580
266090
682465
48950
323035
759378
583729
186639
283270
722063
36727
788725
778845
908345
9684
746729
4439
538247
854739
531296
434627
501751
592823
980706
164055
780128
801837
32943
205255
463923
610463
327083
216660
164483
802263
485496
403966
87856
789177
670535
439792
988691
857575
108365
410230
771900
39084
883402
911988
972548
96400
455727
278706
218307
671971
596045
393605
233245
266106
821328
925735
584421
285778
990751
479410
412249
287370
249719
54837
954458
130524
684678
825370
958598
710353
600383
413922
845281
167312
157178
74731
814647
951602
123237
297508
25952
772070
161156
572936
632848
986514
742678
333799
323746
366931
677534
201423
217668
516164
202703
672131
381329
309793
153322
766608
525386
613496
805444
688690
968223
699722
559305
889851
557259
990369
674676
388412
374235
793449
36434
642954
44847
230691
569425
458296
616587
176686
251506
662075
426448
91759
688523
892519
906408
423573
789335
262033
232311
219943
953937
977979
548154
324522
682901
557785
269994
757223
26080
190275
39470
408612
723414
278597
956462
34404
721562
135212
740669
295464
98613
919762
655371
582513
877489
90504
376423
520853
995536
148985
893864
790935
663861
506136
32809
457593
359320
484979
204020
966875
17563
989889
378489
500812
224176
520380
172019
216592
131047
608914
634973
197077
399149
298106
234257
897236
236606
207325
659144
740875
813235
884317
438797
364744
165051
518285
882322
403715
731688
401752
561128
412439
619892
362798
407142
839658
183398
598039
99162
138600
873755
73765
437650
738633
407519
571575
976191
173265
281429
421861
578074
427600
519892
540009
584092
445557
953451
357067
282467
27052
532462
467769
111179
914911
217209
430277
691542
74764
776978
904733
718337
612218
107884
544763
697151
311351
174065
917849
268030
800056
185266
598233
191343
94810
123659
395732
66460
426213
201283
825102
335592
349929
795248
935652
189603
835313
403665
321863
252140
981544
763970
975647
988903
57555
699042
909123
368657
323505
494548
881815
83980
606789
131955
105152
945512
155974
546478
912002
810401
35099
793646
733256
177563
826819
87234
238435
797713
620664
805184
634605
971456
672907
142429
670326
751600
815313
276428
945297
887107
821652
198416
183555
271026
124552
457066
843328
89638
255007
429081
443123
808621
66855
795787
688221
648595
499586
634613
128897
556423
465379
667795
201903
1730
413957
602711
933768
260221
527621
909544
272854
624240
627075
57323
584870
726477
966925
817069
825458
24016
787002
383536
731284
141113
687061
541127
340302
374343
515241
518163
517066
532015
581401
627186
327019
985135
528385
465345
380781
763091
671093
563908
135956
848059
117143
870413
389234
888050
205781
947380
367381
600134
706713
274949
135455
129527
100614
941922
148954
100429
624261
424986
499586
787442
716672
351149
698396
860512
115331
75587
367153
19902
448096
682666
163152
958560
930044
867682
329331
359986
669421
841842
57638
167834
385240
227976
347399
626016
279563
785191
24992
35857
172590
947565
317059
666952
811767
190915
797879
406750
320687
492384
76174
883797
388364
184895
496471
588793
163471
771627
373269
337830
563079
952147
737094
672942
718916
828148
343921
906625
883169
384138
356207
511310
883768
501555
229105
708604
619440
600259
489669
41967
870222
638070
176750
533873
735055
756982
350967
719084
656093
940212
94913
731991
268844
86490
399037
148791
817828
673388
910470
675554
104001
504434
136385
559539
861692
189506
918398
853046
474692
608552
11352
111806
46843
788386
239248
152906
249814
184257
543638
71428
652587
711856
45033
967465
829822
701254
703253
994627
731129
402427
209227
597331
347384
114777
979193
36581
528547
38394
802025
150864
816199
47935
205597
32329
861939
174991
66212
902701
677680
169755
830915
173347
538072
875924
397502
501723
205909
375997
851822
549514
693547
784771
449780
628550
132415
726051
666702
890005
612247
428219
657365
425952
274101
603505
995503
81659
288496
849393
937643
33084
98028
717711
170001
454447
149349
369153
453666
927660
347931
823632
554144
665782
927305
560897
694640
390824
853533
465937
459050
145514
394455
615699
434477
787308
359756
861441
255367
421144
567350
96742
888534
43758
106339
23558
501143
390451
192894
427434
841643
789739
559984
789969
16436
553010
686034
938971
573211
475320
717948
507930
161141
170521
544852
469434
359817
118481
839081
688669
233173
937042
272462
468360
51209
179509
636573
187146
742508
880375
735991
727808
650124
285092
448125
234122
967053
409961
254149
169696
344158
994316
950050
319677
569252
994602
190175
351016
228658
470935
264621
42997
75584
629766
967779
718170
592857
266995
151111
360340
827261
266040
179018
575548
300660
727179
257414
547387
296037
989305
318880
578822
308416
605683
823003
947677
185019
459294
153593
373739
278410
644171
314372
382040
544930
95253
839097
828969
120290
668478
266519
708915
239675
101725
634205
457710
336633
413625
658031
395715
794295
217192
254460
539147
400606
156312
628971
549771
187268
564836
83847
187793
721528
93216
214492
458472
237395
976263
632493
618501
933777
273101
254388
992036
626461
421008
894466
120866
138158
929785
820261
202516
406097
332151
726329
751485
732887
902760
664842
741925
976633
132217
83806
711468
484934
760352
199014
358179
41511
658484
871964
313517
376544
422432
757608
439372
66626
383377
364008
614236
236252
939036
812551
398077
791346
961052
113127
549925
891277
307403
607211
12260
134486
577138
633616
178888
431167
9239
715104
720843
127295
511378
668785
99452
711323
655382
473004
904090
382726
781997
266402
246668
270648
10074
361863
161777
252041
255424
659077
792534
192674
100560
156337
316917
679915
7085
774756
580996
337458
15738
118994
573708
881062
392455
511369
893921
32285
919024
770995
676473
76259
192254
833146
396125
983578
932892
159368
623903
449875
584927
121190
393400
166778
222084
475109
15281
550422
459761
970546
516815
249492
738575
562364
894498
838664
290658
728545
21844
19412
134688
81725
796814
298181
791921
225933
146047
216892
616886
666615
244079
153503
449924
361515
963767
325166
898516
428309
234660
676176
853143
310222
720982
142382
413743
626933
426434
423263
836292
45089
225381
223494
560247
132237
53046
15160
481556
80153
770368
779702
432846
348118
200445
43019
995391
111524
608697
115714
846748
228379
716926
130140
865748
987126
964002
119703
113292
529132
570557
9931
433850
486575
457351
823055
19167
27089
590616
801253
436251
586599
757427
12912
835719
695094
162702
288969
291690
99263
406643
206190
937056
297627
664361
547778
491861
378351
294413
399229
292162
245435
51683
956104
926220
22895
466044
486808
940626
510836
944571
393617
515209
675658
545982
27484
350544
719005
433031
34623
659389
758148
529807
484308
705728
160937
617914
929364
923775
81160
332474
331048
635109
680504
629867
296793
542623
64697
299184
632159
4431
936516
336538
971015
342972
913736
784199
599863
603744
172073
142810
596510
907633
214126
278567
206098
282663
678888
331097
916214
931448
559100
453129
245591
197809
383247
249381
243214
98820
949417
252452
824278
80124
605165
250438
242117
600003
408416
91325
580391
265576
626772
202323
664646
401206
703240
709756
749804
211419
485341
360075
302400
109162
145025
389742
857595
828152
634895
811931
372779
114124
205019
649743
229532
313443
276732
418294
742020
571002
228401
469046
676226
642149
133439
686295
677282
917563
735990
542262
198984
208629
412625
5702
174172
694269
929961
359477
540348
944793
316208
497933
34153
729699
858971
134144
779743
540944
885872
437359
69955
507934
169188
352744
542311
427178
450870
242550
127365
988125
956782
499207
271600
841705
252000
338671
159446
73159
83121
590601
629597
536137
656479
816913
749348
838351
321591
362210
67363
972089
561410
360126
455183
411270
27076
323543
444144
431218
20124
657318
82248
595662
289135
308371
830061
336008
281488
726073
240457
338835
627096
707250
301220
885637
297640
110830
875745
974861
585194
312241
454657
840136
491624
985476
436453
407558
745682
115633
110186
442123
408032
125726
69969
418678
22778
748148
846985
802475
982701
841076
834271
714755
870504
178084
654708
419262
465608
901742
2417
703099
767811
428036
985107
264133
14870
159441
325195
631307
442511
878643
770246
727115
949688
586212
628296
267258
163593
826872
776456
362592
3397
844945
176876
354550
145811
867348
132867
62581
670863
681211
643619
421561
518729
30614
973716
630231
844977
22059
308373
456191
161883
645840
527967
962770
458478
823903
679358
51573
945039
404965
489312
935626
762398
560438
350398
826101
877077
595232
444804
618539
899239
811450
272136
181782
286268
673864
937700
848924
122808
451275
450389
809754
731596
176650
964339
678944
747744
989175
210296
943098
995485
522553
477714
507633
305108
296451
297623
812667
971891
548136
311100
756088
70068
844243
203443
797626
472661
227412
713604
59770
30580
242152
102482
237392
155308
849009
665058
495585
553403
635630
703695
59688
796741
591142
302326
618069
338362
776356
105706
706273
774354
279775
40747
355134
531021
196442
602783
920258
199531
270462
86001
814792
89100
835207
631688
36057
643279
934025
519742
110859
18290
594964
394476
890014
418808
881879
834057
330617
970771
527857
482680
279407
800489
553539
742007
834696
146027
955989
831311
394343
106516
881455
432028
819883
271054
277189
720258
451160
418052
624314
39633
51372
550522
457582
360306
104816
870693
5288
643763
247229
956685
987983
669360
685814
878714
769981
409673
399314
897665
259090
568059
365140
243987
987005
94550
366642
778134
626030
700632
720416
471930
290156
47137
455125
246824
326672
828554
813112
247438
823467
311918
123498
596334
52343
238841
802947
144062
176824
334584
599543
510611
965742
162499
758157
665046
724443
150421
381246
492838
432306
512071
836007
287303
441211
853397
839822
330786
723331
778024
827309
295121
308724
641633
663209
839519
751758
812437
846012
769311
239378
178359
972202
54687
645876
644126
147540
484467
769165
968931
47624
363643
693987
947029
526720
745329
938381
590793
722744
228616
735047
24434
29163
613415
212153
74021
886211
401470
573119
499998
311489
797900
214468
145212
655488
284411
472240
215205
690916
82111
63675
320884
904474
983923
349387
299554
390926
285127
619664
730428
419484
197027
482374
757897
614694
181717
362529
467797
592729
780741
630204
802198
58685
805726
119255
778631
724066
84221
961320
948468
93998
878982
601669
422174
817005
850307
221252
616449
92928
748026
991391
71726
755296
192581
829926
377090
78661
58763
121467
576100
162682
597339
798945
736949
534968
929448
352079
751453
821297
901042
721773
350641
215675
711912
156558
107153
559219
46927
298834
35210
733695
957181
196008
783146
20265
533179
342721
27871
397836
431686
736203
920332
780931
25952
891853
125197
189268
859982
233642
910902
19005
525739
868148
571647
310992
551391
664679
391390
4111
53726
182454
856588
588354
117669
598552
29336
117362
438054
730550
414390
502477
732799
468514
131978
232535
905144
137107
255879
609587
497344
932107
933567
668069
326304
683319
707482
364520
34854
617812
560489
401748
172494
410998
369194
114949
32206
428117
137644
96691
28958
806461
904191
74689
677853
174925
717621
796345
334210
56231
625976
456027
894592
680763
111140
222463
845293
764788
20999
105043
998925
333181
609674
814420
553686
318135
63077
157191
879599
170672
492747
459833
917171
774796
338655
766333
381160
976544
479172
884923
377038
832549
471806
524776
568302
350387
10372
610584
253123
729527
139036
611998
527421
722579
760521
979814
285276
138874
815425
164281
513026
291189
165718
309925
858235
453540
343956
363278
164493
543864
240850
618084
357018
2182
646327
438722
504169
742499
687463
846408
330720
238611
452757
688098
975683
222808
688607
950630
626816
449535
252947
891988
483814
744011
108833
785679
15606
918418
605323
486659
674473
748965
700240
441324
830362
20656
19520
706226
339521
858723
149544
130290
48859
447454
528652
867339
677133
823854
852101
904185
720907
576444
496914
163610
178171
826181
932661
914063
465320
66073
971619
619143
360756
168080
994315
790206
298535
293084
758806
215934
384948
395201
65504
835427
400229
689199
912693
102637
242499
837091
572945
912834
816813
869411
613547
812445
147541
840501
154520
436413
687258
730994
526298
651673
70706
813857
489668
110883
589950
594955
395711
492562
544208
985906
169660
391356
275230
912452
84945
569293
257991
662606
362949
648666
435209
827331
689343
799318
399226
30847
381310
967803
877721
359551
415790
345068
542421
516650
94509
824143
603726
924848
494695
556558
779077
631029
953745
551295
93647
294922
295057
395804
327768
324516
374455
177171
657370
639132
66369
789188
965315
901662
248585
740572
173943
159945
869300
307805
241376
170423
966645
465795
146106
514441
244194
426088
382092
387913
429852
184293
205820
136374
573822
785804
213836
897510
914775
912162
409032
842006
226965
202063
2444
882649
963203
547462
241225
379449
361669
864088
754555
733836
404669
631257
93936
799334
697148
200322
570896
496633
516770
125121
806760
701547
506830
1058
724319
947323
436144
145619
119224
767014
554031
487849
445487
180049
942204
713299
405876
519674
818207
837603
189415
577289
572508
791191
736126
584536
893306
985608
643664
81113
672221
167606
583153
818129
401056
332419
740481
490083
66149
426323
72731
871797
811159
89394
573435
36625
210771
372514
894294
669919
747473
816889
609223
751875
713829
423064
230980
718526
147473
105095
76857
560793
335278
415982
990122
229671
588682
270961
22937
608545
578304
364147
225284
248015
357966
848400
75724
19467
810418
196431
455854
170044
34509
406920
947456
369991
308720
782957
731136
621925
569223
23773
557521
815418
198452
920826
306572
342115
815719
474843
449405
721158
425227
694002
18562
969525
858173
705293
556053
521000
794026
428505
631560
638421
108076
703316
103697
401598
564922
368598
96915
366684
143825
968741
669970
73414
889917
458309
280870
620979
983980
244646
714612
111600
945613
17398
313909
443841
609507
140982
740970
727562
647760
867401
445112
250983
328729
909109
936667
478055
255067
598283
539662
29887
137120
751217
216128
192759
195008
657183
506224
746798
220936
538825
876884
790923
442380
893669
411460
412886
475659
517747
106432
195582
827446
879857
548510
810663
488900
352405
434443
207989
700486
706626
136381
95410
44648
149885
266106
661620
214956
4330
639328
67597
298647
770136
935855
799422
203973
417487
814609
978999
123951
874581
563937
502570
410323
408421
968232
902453
141212
457282
152861
194090
720537
795018
598224
995672
413819
974606
327844
386975
280355
826609
983495
239395
919238
208578
628481
259776
504494
342546
983495
371176
347287
842150
596168
600358
952258
550358
451843
842899
281301
35601
387466
142451
82928
311303
264393
134475
794693
176938
708534
107950
859731
155592
901963
485528
355170
408253
487513
781074
273252
374806
67083
642917
350263
965095
959128
858343
963157
705648
182057
699802
454229
607405
482315
411198
870529
289590
803346
799774
140648
874247
32035
250786
236386
933063
371143
820230
422887
100616
586460
682247
413721
181515
375309
303640
493053
520095
119733
794489
775466
138200
275129
96406
967938
600213
526546
626871
946776
453028
646657
604843
448084
167527
536013
265920
152055
361463
926893
544186
372917
547907
864407
396137
353031
480091
358301
844821
24386
179157
162506
871102
649474
765572
802124
396410
376505
82722
513437
376321
876317
765886
680044
192050
57326
725598
534145
462911
789153
861574
20615
816515
440116
117835
147497
480759
357295
594104
953653
772782
414561
402103
798958
766156
153938
28276
44152
342810
381960
266634
166450
441906
123331
648337
757178
659671
151965
970447
106096
500997
661384
365599
325213
360168
908682
954143
159524
711855
69241
709678
82715
486374
787191
262523
570848
854825
520685
250553
902019
650138
582750
55970
762406
377212
892626
316098
38732
444268
808558
626118
712876
235450
527312
565807
998109
362722
717412
387639
308486
294093
113501
275640
41996
42147
914972
352776
555076
133052
862407
567306
904777
622377
266495
148399
942129
366103
999501
802511
426953
456365
339793
360672
223294
301122
925827
911531
708419
944299
535487
681931
188698
477027
101940
92893
612884
532994
396026
471449
176916
384753
714021
119964
868314
178640
465611
299428
382660
181731
167427
151566
302057
617116
644345
944867
815365
824050
834954
566137
683250
428497
460495
45819
773567
661406
288925
888459
479198
879974
562629
962466
766975
583054
300351
10403
968233
245975
256907
784242
710320
612699
607103
121317
745779
179407
504690
866532
798089
34178
50021
173847
860540
776930
944490
994874
206571
491209
451940
322356
185532
113138
192549
772764
98474
449477
725407
784777
241823
242315
266636
542303
268124
749806
432004
729126
835676
359261
940033
790111
689063
526977
62491
637185
346694
22594
86648
441985
880752
88380
652944
910014
833402
244623
920012
434133
478918
276729
45030
743964
355077
363649
118654
575841
801935
7364
452825
282169
620947
200298
44258
399114
392624
249317
733353
358911
910122
322503
446542
33604
288474
234244
623363
22167
246794
816491
830739
320626
406460
450198
545656
926345
860693
784292
731114
473099
722472
194375
781387
382364
577307
658681
390312
336347
469359
114831
296667
873464
804748
151322
45904
159179
772744
505116
804794
178965
451268
115671
798311
820114
372853
144784
445209
328419
802576
286856
91638
144507
552218
282897
180678
541547
362506
240148
131831
926299
110080
209568
79143
406152
605836
817711
792943
503721
463734
773321
358198
209816
219991
153597
808791
793526
324933
623020
446030
407427
968606
960844
152165
25445
814726
664179
955410
979927
634346
828159
495088
403879
592310
832429
864892
70923
814973
442352
960789
646888
661418
599726
736487
194731
554360
766180
787735
473250
765729
247640
345873
889961
695930
973035
778203
37275
129008
343245
433598
84090
162022
596003
253268
7161
265138
969175
824686
48348
897206
972017
338584
597036
581338
381764
548679
3712
66492
520684
188551
545581
268896
414901
223053
702239
19955
218865
385320
924621
391624
998135
795643
279058
258147
779584
806306
584316
548927
236211
922174
652382
701391
240755
892856
32505
621584
2680
394849
400603
430473
2197
362489
983563
429410
285397
95136
918244
864176
805996
780483
372567
551709
820456
758422
696601
411750
659814
839336
389881
210826
574041
602403
764962
252069
826032
263638
635925
489960
37099
657165
308414
423289
350718
406314
628259
901784
890926
804959
195908
934806
43758
182487
884200
29725
771685
72780
485590
693907
941114
409727
981890
896514
727979
165513
975796
812521
160445
701607
519090
877543
883990
811992
258244
207005
967284
543133
919125
158976
891527
402334
142287
516410
68253
488898
825480
647196
497429
730769
864134
851301
15725
74825
214655
788775
631002
382215
149029
606558
256927
868273
278391
443982
535240
56777
750078
981283
755282
793793
830462
729406
125337
778290
602316
523220
792553
473364
827365
114843
805474
428989
7689
669785
537386
765850
46877
229278
516445
416997
846545
922871
250715
354263
789562
177008
194754
749156
278660
810795
293028
534881
211080
911674
688248
208086
212799
316293
3287
88892
754438
829559
349443
777152
940600
128625
512062
364325
40320
38366
43933
483211
547306
964308
761541
602381
493245
796050
198282
302462
156867
278499
577449
29223
568645
913571
652915
191728
511317
834698
12535
408970
459511
984996
515318
270922
513484
729467
118004
454407
928474
479131
421376
775595
142744
883077
22465
768427
73477
653830
445477
260993
660185
35907
661069
776095
584222
274458
390609
245460
924907
610008
788878
654931
960287
450223
318823
71996
135512
228020
466069
130555
205434
418776
525633
728083
773961
230256
775541
22728
991695
920434
455106
495377
104030
247322
956208
799276
27631
206550
80285
429575
656605
916682
236349
442271
760484
677321
908743
969877
694743
134055
695268
899858
808766
334525
396101
447406
959573
558895
349661
571104
138715
426608
353254
893507
495900
639200
4693
156670
444184
605105
745745
525612
910129
797605
904681
238445
896580
16612
950024
942533
168445
988223
73774
597410
952269
480957
541310
326684
621652
2703
782712
10463
211785
435888
183592
412421
892353
46531
14530
254419
964462
297404
213043
828546
108418
658613
260995
39466
214891
463183
77968
348402
902339
795854
656206
380047
765495
935507
933486
477974
189814
424497
763774
666825
783463
249179
832837
10489
594002
738868
78972
79624
303283
594734
95700
795400
245133
917414
102002
290141
298638
876491
767250
289509
782266
681160
425144
276443
154096
97649
947402
90712
134626
405576
586317
428986
847981
15285
984171
724733
88748
5830
953786
910972
26612
14518
742115
842685
570659
772144
418125
423822
356969
419647
228713
955421
896823
335321
426416
691634
630484
728205
618950
944588
459462
908859
678059
944757
145929
916610
671926
446870
520942
866864
857609
468241
733435
686886
748527
797755
14618
799922
741666
303968
579054
692040
813318
572794
735641
55096
673617
681974
77673
65436
934258
930536
619747
316753
730041
300762
819178
489402
181129
767070
432019
300012
581083
322970
180754
942209
875617
760544
254010
397370
470926
96311
636277
704730
687273
29145
678701
682700
674570
941921
265240
599046
221271
865253
239381
255152
69463
383107
882830
196815
808640
155075
42729
443644
916756
771545
215237
12365
964749
252799
746816
680716
91696
377018
558514
375312
277202
54397
935543
729714
771629
136229
395813
820727
226879
865203
488174
426311
171269
404313
950708
277720
114211
881256
863899
316557
14577
134036
282415
215250
469024
98345
716818
915132
89842
906478
199902
269407
610922
702605
213
322039
591468
133073
737853
865182
598039
969059
256181
188363
233319
890057
796948
315329
121468
320408
784591
711784
472330
640023
468873
647712
752974
383949
782288
350735
776657
480182
844930
817731
736179
432018
227283
94681
412098
561071
645568
437091
993746
633673
697814
853154
881330
170852
405250
30226
106972
875819
383007
366815
350092
680059
276305
862758
761797
420044
574719
916660
339234
126187
423362
215334
713852
188700
213125
624399
509940
501810
237587
716967
47212
744303
856552
459190
675850
8406
987055
311560
778032
996466
972814
858287
157904
242493
558821
385
153449
573567
389206
843874
59654
663520
818289
976448
925518
122414
815254
540936
162431
951913
243112
127986
1798
45210
261044
681342
104513
474149
409714
646389
723327
39263
717872
273562
630386
282319
646180
585269
58075
781151
102866
809091
514770
38518
353746
661164
872513
270116
995811
821716
45105
132498
281581
274536
144184
784059
797849
151985
619636
527888
607274
995305
247517
712301
87888
700130
58823
909776
31280
710461
130155
350778
748383
109142
245143
362520
523589
960618
266435
582957
199891
19829
126420
590583
452319
899294
676547
717924
100453
38629
229131
529776
328157
190940
522921
412195
47590
699272
485128
844476
554395
109819
848042
697897
753978
591698
806308
437857
774
844950
580481
769102
975667
984419
155180
574094
455804
691526
509084
944874
571733
966558
288248
989782
259770
650291
66203
45759
558907
906015
397203
360675
716797
647602
944643
153091
868918
509121
106832
16606
244119
505654
387720
543061
229369
581065
12484
548145
33199
640680
21497
901253
149776
770647
788247
146480
985801
448862
809698
844704
564049
471657
94781
999980
870917
460286
707313
876136
604048
143114
325898
969975
977748
967746
479628
295299
108760
18132
170035
20645
669093
558887
413867
552449
331609
227359
660053
907844
500224
69349
216601
911236
916710
105901
75579
555074
503732
640615
915052
962544
224005
177898
189309
556097
334936
492646
350651
601838
600501
326408
806944
276418
127080
220363
596453
335706
888210
3810
791550
476493
592043
189576
340046
305032
745233
141068
69070
548142
889872
876842
555960
671522
285643
775308
645777
277802
155227
889772
727472
637000
300852
233024
432546
41713
718195
564506
659823
113640
613858
97485
616634
683628
990920
317712
876091
824503
45717
180240
219708
106884
198494
830357
819121
365967
983872
804127
919168
882036
224137
157283
126288
733318
491748
907964
446836
853027
790861
910027
481772
544384
880984
491252
162084
386709
614049
194494
322099
761768
53296
230192
417756
410865
200201
289996
513248
742702
612702
847213
774268
263270
439320
582518
25865
485960
405477
878978
931733
271584
366485
722522
666874
676764
471002
236952
683689
738800
642305
213332
942455
913685
898845
252914
501039
460201
523425
406232
30901
571849
896466
669315
57279
77643
357256
622534
622803
159769
12430
645069
804832
398625
437736
889026
790822
716496
367063
554061
863560
510731
864050
378107
513268
608400
626116
646970
644611
888446
620739
146328
770299
716180
892513
288090
282548
184828
543759
35490
140831
617534
560959
749116
655372
612215
113374
127575
324120
175596
958262
260524
994550
564237
380356
55481
111370
823170
997361
365710
391650
359304
75538
748281
911482
991727
449361
408673
219865
289812
713247
669043
727828
948029
21346
59500
503539
933334
435397
569575
679282
20844
761528
694053
163035
5244
196001
871105
921589
638825
264729
812704
481902
943710
156220
571733
684509
673335
501316
145581
335256
579451
254591
61760
231276
435303
635309
354476
306880
530294
103573
981761
559729
249378
973473
426693
31296
359416
639917
748868
348809
286168
909848
566661
642490
283231
359475
483981
707002
979018
507886
