253304
295867
122585
176954
261861
8356
100552
343342
281652
55658
412943
496359
79609
271703
188683
247670
345229
113832
118328
31497
3342
173926
87423
495091
233791
336260
413373
155611
112701
88576
442015
250906
314960
340809
342508
21462
460840
291456
130860
433632
457582
451424
11093
424463
343020
123710
61341
114617
149484
449896
270052
175949
276882
325483
76624
283501
280410
167509
393704
451135
24088
6934
381244
160754
251403
213551
416549
263634
54991
363005
230907
388631
35034
174091
396623
208128
265332
476471
190581
367059
231785
151141
326306
488596
100187
117646
282979
155603
397557
131048
32964
258552
336244
25419
312892
436425
101959
374311
224101
33342
105792
57605
426840
388693
398275
83218
21972
127560
115114
492430
430368
240880
137258
97308
260801
307744
442544
4693
255601
65128
348930
382152
41738
323821
62354
119095
90394
189925
369580
79706
106264
124802
473820
82899
314511
490037
2309
308968
136904
185395
70943
206988
10631
52790
212813
41912
38962
49360
276367
263281
470522
408632
9889
290176
234705
413467
164848
464176
412166
152683
365469
21826
145003
106437
187167
162052
185550
240752
290711
57121
55365
419056
375587
455053
463800
437688
292682
448564
494036
397240
203359
267858
241321
364674
62964
312930
258553
37252
125525
229010
122378
12406
113847
496934
74272
81627
272863
331549
400492
370010
320824
99313
34579
361600
318064
356435
196903
21531
360311
129729
285289
13865
344305
327860
280814
485319
377392
209884
43123
124983
129681
119012
59179
17175
92873
405543
615
336502
424595
282997
85307
139959
329944
129564
290198
489145
287777
254921
213331
379882
260048
31966
200634
478666
215653
79323
317661
227921
420645
85695
333296
64430
9374
81107
316577
484860
333947
369492
1455
59294
397039
128012
187609
71200
72393
75498
163296
23096
226927
244846
483507
182283
304950
236382
413295
367684
246986
406290
209121
358569
290584
291337
330057
193911
39705
82407
85081
80839
110888
253613
309141
350372
167766
274859
69369
349660
280545
412469
312051
314090
358952
132571
308347
133056
110419
256982
201905
446312
252004
100252
27300
270933
261332
423139
486227
5619
15554
151250
430137
221487
164082
119756
198513
748
9868
262929
59395
426920
199104
250608
405132
6273
495873
187068
27116
37127
431630
378533
152789
298398
210768
218673
220903
364780
102284
327917
173950
271083
415989
106075
407338
176445
65213
53113
285002
916
45808
377990
466360
7417
277563
403443
237341
107076
244860
164202
19409
423615
492694
126150
370248
267975
2715
170872
471819
280920
477015
494988
322708
75861
87607
445437
213202
250523
19466
72278
69278
401404
1803
246542
12112
38238
90785
385234
146959
247359
248191
212710
92648
386865
454628
205996
25017
343280
263075
244051
113738
46156
20031
227299
119711
166047
415637
169408
306547
385641
376765
243321
44940
156890
60353
42549
221837
22841
398039
338024
275185
351169
94648
265556
94381
52648
88738
64822
457401
429709
212436
270797
237162
433217
437416
385391
279080
328819
128318
128356
449694
74670
454883
72070
307108
45600
497547
416272
186575
42706
272430
271890
40952
494681
46292
278058
481141
104788
36993
465295
272723
47704
10830
337526
117012
202777
309669
462920
160266
216374
310086
240846
227846
351765
406309
329678
221071
56184
66413
167688
150911
351774
264512
283562
332416
172300
376690
473513
398158
443541
453773
82000
389191
392698
452892
460885
335920
414518
460036
88512
411102
340659
276357
337756
131223
449829
400195
68665
343514
145961
188256
239599
357163
169846
55209
19824
22125
291604
307726
445492
426147
411452
410166
26228
199371
329714
377262
311995
412685
352932
411237
50233
87393
338659
18362
266952
421069
258327
198285
344221
68502
258485
166128
255291
296718
413446
474977
391265
41859
337534
391841
226800
342270
56409
389940
118295
160857
131398
33026
37480
214903
399468
361906
210197
274866
261518
100818
126731
412435
1070
59495
254768
377726
442250
378184
373386
309484
471616
188184
307473
54142
158917
43596
63401
216306
302331
155514
154699
223523
62053
132128
479057
66039
111629
273818
448902
382517
290436
253256
380122
32758
172039
440328
413871
420986
291143
327737
147753
201881
393554
490924
484144
215483
317163
408217
66437
199649
111057
301226
372157
288927
473962
128971
372896
230418
75765
335711
175183
135284
229906
53123
102203
57401
97435
233994
111465
124134
393026
452024
291418
216231
121298
372559
275478
324971
320349
172679
269977
455076
13432
13960
490454
1473
176708
73424
58162
252310
464761
157030
289158
56362
184456
65224
331316
390835
210788
348527
342699
321902
308603
471096
44995
70048
232747
12613
285240
366134
57982
407089
180702
189822
411338
106413
53749
433260
417152
81615
250588
298406
166597
76115
379726
140782
498468
400024
151889
245722
104558
404336
167056
134617
207483
133629
297133
466860
307782
484016
312285
166143
36035
97162
196708
301204
303252
167852
120490
79478
330905
181402
107073
340225
150003
321862
244507
149496
12338
498210
270173
31133
450169
228997
184330
146725
78975
303114
132445
210072
321161
75047
95726
96813
380680
331906
496252
30362
226607
458885
317446
377132
448207
330956
382782
241719
109078
95581
338223
153835
405316
477537
54412
222654
318584
94492
436915
159864
484947
369797
113170
309272
491340
233445
362052
310872
233122
412015
388277
300034
69138
481662
366774
130001
225318
175169
169912
376654
116349
277822
420139
266658
374983
61244
101226
310312
490939
186252
161912
183745
328547
162312
297206
492484
164857
241774
378641
465997
74928
2044
442976
334979
178290
390828
226611
25028
337201
226323
499194
270760
499573
217117
422683
329114
223124
453542
417916
6225
305903
350964
236258
131642
302921
198557
326037
230312
303068
243847
267949
406553
206067
144780
44120
105630
275851
279789
234407
273205
275465
337344
50765
372453
67756
289856
497088
477097
450907
226418
275955
490112
484980
85707
390183
323036
404908
212914
398328
202562
90510
276212
422162
323135
129494
402447
486533
165282
166673
215485
399461
246819
475687
13995
303863
435082
200080
458388
481325
253613
166493
40933
28928
426316
254165
419741
285293
435688
21089
333006
46682
210296
476623
81367
118144
35093
475668
309566
425825
29910
118097
283404
196423
444752
55713
427267
78768
223390
9864
286955
217887
30912
471995
24302
120955
496991
28327
89774
426628
236088
252056
259181
335175
444218
195735
262875
155903
245863
127249
443344
164490
492351
198472
362926
415067
296774
377347
19514
469427
330482
351819
414764
130518
447268
397457
377886
286398
225235
7101
271420
213624
323825
485907
391629
369372
430210
346504
407626
465639
436351
495158
94217
384453
367656
305311
499155
24016
370944
472623
194369
287404
131479
262196
178328
261978
494070
55465
103325
308024
107639
478925
123278
311701
410979
151992
255431
403147
247323
415612
155390
152856
303215
93660
239456
328237
497791
78687
60594
182221
372561
357249
119052
451683
241096
200316
190923
353204
345921
101122
201568
14955
69656
207923
422424
168477
197768
472221
217774
225824
364963
471248
371540
269080
172676
241668
345148
263141
170234
57060
394476
27246
365073
251480
428067
250447
26276
363755
144519
58391
286304
372331
4251
487201
202881
78210
421713
395473
449225
257018
274846
442023
222391
348213
468087
118589
444614
498905
89551
77891
125586
488872
4740
189433
182755
210889
284188
255890
39950
299344
462082
498395
186862
465739
146069
356173
436431
171212
485643
243399
70379
444936
488173
244120
241019
51531
213399
312122
195181
300057
456117
406080
446617
149970
349554
461443
404324
140586
156612
1753
178928
127970
421950
300005
239278
213862
341250
424742
196106
322808
215529
320488
421008
60420
269380
100274
493549
199330
422158
89228
216279
334923
235691
52701
268975
367092
15177
91125
139396
49325
181006
496563
132136
21348
421077
464040
196740
410586
257298
190269
403992
252740
249791
313561
442920
217545
220474
490999
259518
58364
106443
388143
464967
296743
96551
447580
330244
229677
27252
326481
493738
415846
244277
244711
50930
211407
270080
78761
335991
21219
77187
249803
401456
461532
105193
489105
149811
359006
61606
314310
384607
377505
300489
315520
239825
121370
407920
119501
494740
107708
255200
173878
352200
235761
31784
191685
473149
109708
436029
315090
85328
115235
105940
329557
390175
312805
203465
467066
406683
247137
337600
332621
381635
7330
311426
455230
115430
88750
67552
42745
37589
349919
134390
464239
368040
359430
412663
411763
242842
289877
149291
289977
268420
179593
192699
355967
353322
427900
68247
307019
419461
195318
399085
362710
353301
431792
378411
467534
345663
143223
140474
81554
336407
340797
264896
339457
79557
255853
199725
295907
422221
294923
396477
456295
472151
271557
43930
16601
132647
127051
40666
365628
116397
411085
459187
253879
184056
130490
201015
74113
162334
401268
356871
493468
341866
346032
153218
81389
250770
334843
146826
191210
424094
175569
206943
49169
221248
100192
493331
32109
134230
267386
328825
258740
83309
188596
444332
251637
448392
15166
269390
260693
396208
388887
487708
298189
316338
492117
390151
415176
74766
467453
319084
218573
404931
237107
224953
55198
55615
407638
2150
271226
77839
97012
301877
240711
9421
215669
321455
32836
276192
249785
71352
231028
105388
126309
156216
150533
120784
458871
200608
456562
492151
63705
269354
171055
438443
404796
134344
198189
113728
357900
438954
447412
113606
470490
287518
90877
331851
2272
55201
190401
196800
365086
266191
484443
305846
428900
230168
14408
290751
473487
389809
169037
324858
155154
280200
288013
90717
13652
485927
238889
260209
203216
134564
234017
291717
359932
278353
134063
15057
13253
318386
5978
427465
392690
92007
383489
135310
17138
357011
489253
303434
333981
482619
397394
22542
410747
377835
27598
260149
308616
34331
359901
175847
355119
451874
245286
75738
277896
13315
429215
67331
185935
117341
96036
208521
115135
280557
258716
129066
304883
324665
63613
450358
97360
373528
229140
46579
127629
274192
460980
277495
220933
472177
464082
196280
123497
397613
190175
104033
106342
99970
284941
217114
487911
208687
170833
347537
380487
330601
215222
363389
251714
180097
50757
434796
295508
462091
147224
125345
335085
189188
143766
2905
216340
427243
406534
388210
49513
416898
458349
449359
187037
45305
108373
136013
325428
478072
71051
405382
360328
452235
375549
368736
400605
140596
452908
76419
464072
486930
44849
316236
447213
181495
342294
349613
402714
3308
119033
77320
341617
126081
372508
381174
212249
436002
114952
154093
498437
22574
445653
494438
45002
312626
413705
307770
194154
199150
355234
437738
154181
124541
453143
359515
384407
187798
74669
289027
389985
133752
321954
481478
189792
229870
204517
342503
456623
58636
182818
352354
466749
237976
213256
124476
469675
102122
272143
351948
360668
52226
365431
412102
137415
95965
188690
378673
434650
386414
226990
303261
162746
260957
52054
346278
380221
118339
273664
153333
146374
11122
185387
173833
98873
60221
365919
351731
339217
139796
68885
24296
109017
310099
465982
303271
455551
328848
490699
272608
189346
105492
454305
494503
83012
213337
336297
344141
89591
260277
1999
457666
245238
404565
427684
279619
390890
365012
182524
248381
74691
114075
226528
150822
472636
60048
173399
68992
238423
382655
216571
205993
54153
428100
456694
310403
386030
17614
173238
274089
300033
164597
261137
81836
495880
495786
140673
184655
388895
237446
20437
300904
492520
136787
235086
80978
101119
26547
206075
419839
3331
104826
463003
166407
52856
383468
404433
108028
213813
236233
142833
136552
133798
370714
249080
109774
56163
378363
40980
431794
306078
144994
335427
240094
187599
28157
125774
309254
194239
103757
496327
480585
83791
69765
129406
107656
58322
319756
47266
161796
270580
36351
124377
91582
137665
243339
86801
465210
354399
265611
439004
356389
318857
101547
291283
461774
18846
26989
58141
31719
446414
42855
297864
95833
166482
485224
132537
488518
28708
21279
260672
178294
141440
175624
335828
404504
275351
298309
119190
109630
193198
361570
345836
436037
307992
241777
76623
402011
193249
140370
189534
97949
295860
371605
63310
12875
235737
284605
7547
395433
179769
324007
192901
484759
132121
186885
298577
308631
397093
278296
465742
45600
9285
455501
275440
166429
302164
250213
451879
266886
333151
82206
67610
217023
65590
242049
463167
239017
3286
373131
226103
366373
422211
160443
124865
358672
148719
327642
487255
272044
306227
1872
83089
71788
56423
319336
140624
206975
362307
137507
499339
192529
218108
24451
276524
269021
63341
442460
470383
210773
341715
293069
71655
271956
224819
5868
79761
76268
334941
135398
298324
178181
8943
428689
83465
286844
19575
444261
339493
298498
477825
243497
169290
246759
450849
157028
12502
249527
58942
430974
19550
254292
386445
99334
301798
56717
479663
391877
327761
205083
90482
226100
268275
191255
424358
349956
178672
127207
431040
157385
8590
351294
227233
383294
44693
482395
218483
113969
274786
145173
94856
424165
50220
74302
324905
126153
279337
428980
260132
379490
76594
161945
482551
50090
207940
211846
298906
259892
237531
70460
474295
207284
225800
204252
32040
137903
229942
474878
110109
378804
334724
345768
42026
123796
123548
247850
153749
116742
489324
229074
394761
167483
453377
54158
78109
129084
394461
223118
472293
72577
474104
214762
266015
6316
402550
211004
41518
88220
477540
161864
254842
109579
258351
125612
376046
121680
426671
44372
259413
326723
390495
135796
110401
42584
465400
383589
14072
258903
128708
359340
307639
333060
439590
236877
142213
115906
200410
369779
347874
155329
485518
453481
58354
188661
499555
453763
493053
477821
226060
336630
185305
70263
91565
354430
455646
90753
363101
20452
274451
125109
210653
51978
487247
289414
307223
468296
161756
157405
395586
475894
189465
419913
297604
263486
89100
338952
178129
369130
167928
406449
178651
148930
454718
489751
45773
186415
224651
247827
56529
98883
96653
373428
91956
134666
286419
408406
233024
418115
26667
320617
225560
172769
348453
155422
147857
357541
220621
166266
138439
466453
496877
320079
267691
38719
55255
359609
33762
77470
426832
311626
406448
109876
222743
483119
9610
313898
258865
395108
358138
180956
264763
342128
158044
130341
163301
62979
338403
387996
13211
289063
292758
147734
429352
141087
134417
175626
278029
309733
234664
95918
414061
351417
371400
238523
69144
376616
333821
81707
17308
12570
33158
264265
400276
75181
142975
260923
202830
40070
102562
168311
123073
264432
160773
388274
168426
247065
354884
321481
445423
470421
389531
379710
74848
18139
210657
485426
366879
317757
403386
384238
251295
204730
61403
322598
479182
412377
495595
109603
319531
388144
147141
456750
88330
45264
447945
314469
484158
294325
70947
51041
373051
431502
258963
111384
355132
208813
126945
49370
240577
396268
394783
265530
408373
452962
92394
431321
108324
273347
226740
115925
64162
241914
132339
411825
269415
434563
307587
228110
241165
308759
440532
323194
83265
30032
42721
272479
151351
129203
210574
280040
52315
216633
198508
240752
216647
375108
179219
440334
230905
235130
253559
439767
441256
406394
50375
226076
253203
328964
12578
381681
72727
117285
148715
186180
69342
451170
255629
434073
329279
204140
401080
413787
338885
82789
386869
215105
172795
336440
354425
469104
415340
429523
386442
210171
98670
117648
33275
212861
146805
38469
400266
376797
334939
484194
432958
406153
305267
211278
448521
315942
106800
217980
307929
74789
128368
50153
162619
317338
379147
43945
495574
238011
167811
297832
15867
49024
355347
357584
222916
102412
94463
486078
49223
108352
17939
23683
249771
81625
423056
313364
74558
224189
292406
370936
101267
403487
251960
172994
234164
300999
493002
52296
288732
356906
61031
259432
387669
209472
226048
269022
32029
7192
304202
47971
184340
255482
116052
252276
410707
158782
103515
173160
337869
445736
120380
469161
463140
180613
444378
372431
329778
275024
426451
406952
444932
369459
328938
489021
230832
18848
485218
99274
64543
44501
27028
43235
299574
126746
115218
215487
494123
413702
265066
254511
390905
277909
316189
19198
313454
244915
85984
483756
361471
58845
191893
193587
222271
433517
379836
95249
164775
23065
420874
205062
176415
487612
437480
98290
88681
58279
421896
214779
32005
327865
117120
350198
103549
428534
233915
405604
188354
29792
26330
462720
207260
273658
174239
278232
352469
95216
476505
371263
292313
66362
459705
189745
377555
312413
479773
142066
498483
464573
62966
164861
95795
170249
348353
70822
248274
201193
360890
477265
495987
285494
26395
22527
309661
351294
381605
221753
440201
325343
235708
357865
486313
342403
279732
347791
197852
491344
132883
342111
255928
210484
24709
294054
389428
28153
487356
368914
285563
403260
341484
215851
441946
320528
385556
264896
362744
467053
425760
52002
446148
99842
113552
330767
29796
472626
459210
462710
277198
449665
259627
149198
141436
230309
9787
232743
321759
19536
335983
146086
366686
367710
409747
356548
263966
14806
244820
287657
47851
473930
136121
85061
388315
275755
84671
363646
226448
41710
464377
258333
485373
411673
333187
348316
267536
41035
308715
79875
175746
37116
261654
314856
282686
402917
372193
492697
303554
313515
22514
267091
93989
60628
136455
233330
102825
23054
448181
398077
321790
69941
301822
146735
300734
169729
390699
445231
159123
72781
222999
423902
354655
251659
103940
458752
357817
274626
332276
290416
269520
424666
442554
266730
417276
283838
171572
2442
43035
418030
172884
399470
371436
489267
196424
393373
453506
115998
142252
469185
173392
398304
418214
347388
122012
358220
109028
445547
323516
158127
240124
261700
245918
152967
32400
497558
460768
367485
270182
484863
50615
409097
138760
399698
418637
421096
452967
414393
49685
366310
475999
32916
321913
234398
366136
302068
12601
153152
114404
116573
44392
232580
117508
309308
400652
141221
8156
407086
248196
212144
78576
396144
267983
403573
96469
405714
214142
58047
109522
43860
251565
250522
118892
62993
23040
164925
279011
52310
484711
325950
225423
445287
86361
481955
436204
352891
234672
53120
193425
379591
256736
75493
312091
391386
161947
28330
116397
218597
396764
350009
230855
92338
141467
126818
152632
256114
98179
315959
442733
186234
47188
165354
386637
230014
417392
263896
297949
87878
265160
390693
282427
443606
240514
275295
213674
430905
4330
182245
86784
27289
125567
281758
492588
17692
251133
266703
120222
449823
250329
98592
164288
290464
150356
53107
115605
292303
190472
278975
281205
57087
181843
422819
233347
92825
374546
824
103067
58201
460369
204278
344246
459698
140179
344272
66446
84490
382827
499626
205837
50872
329724
449151
450773
268933
109446
476705
235331
78936
419537
172794
96827
432249
3789
251909
24870
60241
464164
302352
280674
181223
230739
382666
390740
412686
153296
309782
382360
48456
109895
129458
427991
159401
273202
470502
352182
468353
487253
176022
345187
290652
479546
171236
417661
265884
305424
278927
16115
151074
85147
476446
459662
206002
399207
470640
403880
432140
447248
309821
127375
381158
161021
424499
345497
395322
145004
155903
57393
191077
222420
95642
330468
489124
358519
192101
203063
247901
205334
470014
31276
346744
332293
458809
410500
439086
440229
334656
356036
150600
449795
363490
88904
395562
489385
265617
399485
276830
404448
116832
433363
122595
448263
307317
293059
199723
107333
473938
461497
108367
231735
67686
268973
444662
355539
68362
480565
201393
374407
321705
20217
218763
452522
285920
75715
453432
373772
27745
498326
398686
464199
314750
419378
459691
467587
183382
49359
224428
454485
240356
206311
345852
279218
495398
493990
15123
260324
204459
416820
438681
158516
97785
376146
367462
100640
269877
397624
8819
283782
481480
47870
91829
241707
88907
120300
494491
360954
254105
352518
195327
474549
369777
404875
226231
260219
171122
392676
43820
66422
134703
257329
43318
178797
195757
419778
427101
209201
332854
488983
322940
491668
258079
203332
461643
278635
143325
47805
476481
362195
185968
52694
4271
204300
69141
462699
226415
439231
401117
274072
120202
373470
412827
464423
151030
309208
160893
107183
357246
444729
335529
147652
451285
472597
250924
379281
354640
409996
50130
478144
407391
155794
99206
230526
3873
449174
31265
63756
161426
297887
155765
109766
423088
308434
461804
433492
136195
63722
126619
373222
248047
266749
150325
293517
480797
51364
62424
204055
95093
418741
135882
410229
45607
366820
90975
476073
190390
417315
419347
215933
361178
106081
12354
472736
334613
54391
1427
185799
93725
488484
356156
466366
197946
414497
139116
84259
64988
118816
310412
383116
266067
423631
186493
477027
299902
441346
497808
260865
328218
25576
281302
359483
489101
332534
309446
351371
361404
379026
25881
288859
282741
38724
194028
139594
274914
441474
384090
363741
384949
359320
159027
190234
283785
974
193847
208617
182126
357628
91252
169516
187237
405950
232104
172809
369124
106263
282337
326270
188154
354210
399781
256954
280976
454278
107610
215504
277415
167397
358474
249811
387044
265279
356206
153904
497719
444019
51411
366769
185180
379767
168748
411136
375879
414446
58213
419793
198958
212984
298699
296156
358995
274165
488261
329805
193396
496790
97430
373980
440290
232460
89807
157271
247931
425887
58375
241984
264918
487079
489862
2629
423008
371844
142673
480096
359863
136126
44066
163195
231817
450497
131307
244207
284473
429049
342122
116455
200175
211690
138453
483074
117508
176225
276523
5328
229763
114427
18604
255953
215511
195541
73623
438366
489192
200748
292996
35717
330670
355381
40167
360405
127048
266385
283037
265081
134752
203840
429818
309448
232844
226079
332953
415532
391394
365904
141622
74897
427072
197654
425498
413501
55704
485008
245092
382506
499183
328095
182848
428036
368100
346954
157481
300671
46993
27683
227688
266358
273931
358921
138789
416318
355819
358930
144968
327842
341026
304833
135849
73200
215740
154552
274998
103820
224939
446162
47356
34581
38634
187657
255716
435602
115619
55634
133522
263354
52390
104224
285548
308477
260152
143073
80318
128486
124712
457103
76396
102430
242153
129119
142758
110774
89596
329197
463991
495514
470329
373707
203429
266733
84067
418747
276495
36832
415909
4187
443725
284825
407465
204500
46143
494966
172191
498497
389540
80154
308353
30681
56776
33157
98170
9185
42764
270736
440044
298873
331065
328521
347160
438895
424121
463748
113144
164133
273251
187497
62407
159451
417322
212544
10974
5035
321505
406854
422763
14587
448426
117261
117338
240663
227187
368276
285233
499864
221316
162452
41091
272074
455202
311577
409109
341600
386288
57114
96469
92051
491867
119499
418895
66401
59756
472119
203509
426638
34141
176455
2689
133488
25457
139387
157941
46886
171438
279436
411104
480546
29927
53482
55697
54286
83822
435186
396270
187144
130968
277469
389025
201325
272472
232204
153040
339346
376479
282831
14162
377307
183281
190764
121881
333776
83338
283121
342888
23285
130794
497507
64412
450149
169763
91530
497591
364038
408581
329477
426308
91064
20254
315159
263378
138650
202535
158153
152707
352222
52795
92159
16156
336190
258501
343462
255213
168611
173615
452735
100029
73137
106577
226741
456296
301721
283029
298285
163766
23690
130670
427141
466751
117028
142028
210380
26383
47004
160037
344770
66181
195470
354855
188851
485491
39728
189365
95601
275825
48957
130555
75981
253835
140659
315275
425781
486155
465166
91206
487487
114078
236315
93459
282808
125190
351948
148347
259048
308143
197008
466243
446127
227295
352332
319550
131888
205321
222309
484146
128824
374235
432351
52850
132510
191472
490544
279612
217978
316410
491154
235993
284293
235025
162294
457517
143671
472403
337613
334340
63816
339924
186536
270560
150956
432040
16744
369523
105217
326124
13769
325207
123717
48460
495902
2705
488904
293286
249685
384994
390420
83473
184607
432709
229861
395662
16927
1370
493332
413661
238849
123709
61632
61930
160024
176086
468450
340074
167046
317377
278602
89471
336385
439747
405478
340811
174468
366125
497571
52835
426512
137341
59639
84445
41014
41641
376436
242570
310899
221799
395585
435631
480131
45915
185233
245238
87524
360129
127039
22807
288013
418736
131946
330507
280255
107609
307293
284861
14548
1649
35814
379941
374739
136100
441198
302349
360474
144465
457503
312457
133375
391074
107220
174687
255530
251321
52364
336775
1051
275575
246540
391292
457464
343026
50694
27356
246146
470457
176252
159447
323002
74381
458513
193642
316510
153605
100694
240765
424917
89520
342482
26024
146072
329125
362016
179340
13720
479245
405859
94142
114225
308759
284573
122897
200470
439521
435392
180768
436111
196651
390460
75832
139233
392649
139683
185715
339710
97217
278528
293996
383269
182028
476362
141705
385106
36150
106608
126844
407686
413584
375457
100715
468705
431091
379790
226389
438293
218403
258
158519
345829
250650
238552
216676
280410
152152
472427
156290
425097
8596
329230
405277
498844
212434
206437
143285
24860
173954
336495
2854
274782
342239
392009
160842
223560
186088
206125
148514
396411
35559
124204
385096
487615
472988
237031
182571
15076
147980
325289
332006
425860
79034
13716
108362
470332
408400
415371
195582
91812
286851
295569
372083
4953
394700
419374
102076
176522
437294
155427
335507
257024
179150
481366
59623
92380
449610
443795
188115
206091
366961
423929
277326
169473
82756
300718
210133
449277
160270
74283
432395
401940
35000
406092
300351
456221
272512
95571
289677
374849
79128
160467
233684
11246
224184
239964
199361
470102
177197
376052
493420
13274
452670
133054
390052
342297
57210
463854
264825
338802
305657
88146
284911
12314
77324
158367
450845
188819
132308
89224
258071
261954
397695
160067
77997
174564
275945
354673
450624
356822
291926
14269
264957
398033
211994
130611
318027
440555
215027
453846
27816
111107
461471
376440
190740
124497
150792
224189
144631
28996
447180
144772
110407
103918
300948
240538
486292
275496
169304
493694
379615
388080
415573
460418
314076
131705
191738
488409
246473
362961
499526
27579
12716
384579
5832
97773
159924
201673
345754
171769
269668
400080
41764
152082
465745
119198
301962
139404
92168
443434
405850
181774
41416
63631
54341
113951
137495
445785
182077
131481
89177
36195
164163
296904
334759
455589
281373
120454
101142
175233
52885
135426
161343
33647
234920
39000
39608
280353
438465
259964
116496
306935
355916
212049
70026
281742
446100
229577
460053
45275
496529
81120
45159
322357
20652
226693
139819
18828
439165
107174
45452
92819
331535
320028
302723
200743
88481
20546
265107
305957
440059
401776
225251
415051
407972
193671
99384
363798
45404
228855
420433
373675
71574
87695
175460
20932
206877
66005
470985
391065
187868
143585
61132
444699
70854
56251
336427
196200
353604
348377
239652
335528
98001
477393
426349
28558
398352
23313
407469
267877
173403
393421
276795
305548
453943
388957
298333
367774
328692
480626
26563
170897
338573
139233
404387
372921
276977
336045
113022
151170
416800
46910
249574
392446
446409
41505
281832
171579
341500
408560
417141
203952
471322
308398
424344
198797
471612
218531
441625
23049
227201
317954
2673
77713
299784
304373
74822
28056
52462
301647
346682
348201
435039
97915
99313
315711
408226
152142
222681
276726
312637
323428
230935
26052
453444
407238
206254
193126
128437
100251
440315
376078
41498
148711
420312
34400
275609
132252
142473
340958
434911
341345
333586
71419
73718
468268
304356
310358
75755
110989
90945
308365
76820
251291
213535
97259
446843
170062
123262
117762
393681
73399
115937
448733
485732
495172
275468
160543
273864
231069
35093
254637
367529
61549
12491
428465
161597
368541
125548
317826
189181
406873
122522
497537
171722
189118
423401
7493
249989
154174
343084
201610
224621
108155
118528
291141
472597
9922
156791
39236
28469
39661
375083
315955
119582
105840
130848
343407
339313
145066
339023
172724
22348
221224
469227
286382
449241
178491
80911
196466
429808
398969
213414
50859
385383
358200
66989
255501
403827
242251
19340
23449
493768
282476
307780
175853
145568
488273
497051
168040
226797
400477
288413
287325
452407
164742
162521
357067
375788
15902
80752
363504
208763
342026
93727
360570
165188
51101
403602
40292
331145
149785
63964
66987
342267
126631
84039
243629
475926
406028
373524
162304
417208
215235
38747
213507
405185
493226
102194
357577
2167
151467
250464
356547
421353
231273
396120
104632
433898
403084
43296
484717
356913
342454
333469
203599
219650
423661
375082
423106
188128
337634
305373
346989
126026
263547
159698
457130
36328
50163
214262
8193
281212
363028
35287
245817
229688
164987
184997
61058
150019
429722
88577
10238
38397
475758
396012
2829
216012
88798
241221
61275
85140
346024
185044
179902
442859
29452
463990
461101
18594
483063
170550
489396
180629
477276
383399
224156
283994
7559
104556
3646
258502
413104
188661
193320
311564
2325
205909
49852
109248
262578
375789
144047
67369
65391
253631
322985
379937
442801
187916
471129
215014
162421
318977
378787
154705
77397
442204
208176
436560
130578
354287
361827
44021
37648
261198
477466
4543
217207
385078
358777
355633
444777
70790
345487
362267
459145
155074
167179
91684
331644
315561
90133
388088
45914
6118
281669
416442
480539
175945
130487
426826
153207
313477
415342
44825
16848
81323
413854
257867
345560
461906
117115
272047
417142
185278
318458
383786
289200
339313
192953
227148
14883
5780
395792
256077
162530
114252
110710
316876
424511
229195
436273
140239
460087
403396
45974
7942
294889
37757
380021
480615
116201
84747
27777
408880
347422
97899
385396
204305
87847
337965
246744
195074
135440
386249
160394
300700
342769
96862
86746
473219
127480
243327
51882
361277
171665
488572
465631
467544
474457
483965
399481
327875
94371
449106
372624
357148
164129
342155
333860
291524
398465
368143
27139
45337
252829
434475
313999
209140
236587
164356
310097
486100
82897
35743
402685
420623
60946
209793
370092
330476
449464
107344
273887
245919
253540
111582
371751
432486
398158
66102
427819
330429
414309
258276
336196
212151
210603
36798
299377
117773
289418
468640
169717
180516
291244
460168
377490
95565
15162
295503
428455
80203
275107
363705
310385
238091
455152
19826
199821
34369
52954
276170
325696
301608
88655
417885
247225
373376
348316
50968
138475
16712
351494
165136
28059
311331
415776
459249
241226
345812
478073
85251
114541
486964
176044
267921
338661
59670
171017
78341
272611
10814
266100
83080
271635
489938
301983
149879
275453
308724
282914
316350
132529
202224
492983
164297
430035
374662
95297
63237
78354
190513
164780
461314
288825
270813
386928
426561
479041
110391
460941
77269
308512
353677
76558
42702
304686
165330
93188
243947
379899
82441
93925
78418
4785
305115
355037
149803
118865
410273
244832
165735
284525
172091
158935
370754
118558
120893
237372
226345
464384
32236
270787
380866
67906
327261
457622
118791
288145
68102
333442
195671
30047
98047
292996
362694
88957
254774
301955
474395
125283
226146
136884
298587
463323
113097
233456
151916
316743
263734
447870
219011
260842
396508
87112
295688
222669
472682
40978
495605
113379
42171
352567
445009
395494
484740
362049
495105
122567
144710
160871
368747
268195
457810
421904
32319
270513
438157
72507
373914
420334
168279
132601
209279
199295
474146
265723
191312
422153
390553
113250
327401
39808
339191
342029
161495
150200
209740
165237
365417
205958
266777
450301
202821
2542
255558
9095
344052
208169
337810
157836
195870
57653
3458
207225
428514
264614
24212
474471
329196
139973
176520
351374
424623
282880
418702
32224
200868
466280
240699
12094
419693
496030
366640
360959
372207
254380
366634
345817
346907
253509
116696
394650
466468
371129
428157
99798
126831
102150
8456
351508
364798
14551
132923
400246
40810
474264
93659
357514
214102
272054
142350
488769
84194
46862
54264
31864
86146
322929
188847
64703
480035
37384
205084
334948
427891
372968
324341
247027
363545
371699
233082
262497
277491
341638
149605
406817
216003
300655
368210
104536
128489
408175
414845
350177
138707
25834
21436
261287
455413
122902
108476
322764
8511
31
61674
207396
453595
394270
493256
427301
480217
464040
483630
26608
237368
457650
23643
276196
188531
264460
381001
266786
55077
121951
369527
100835
459897
77667
97123
113824
170874
189251
31303
335721
240965
328684
220270
166865
5058
288255
445107
251850
433921
232228
12293
291822
401486
338781
9927
266094
357738
490819
246250
362419
337858
101774
163662
194159
448948
268754
451098
124440
293353
283623
208681
100628
434549
117290
320225
332343
349723
188391
341674
197044
434765
487473
377965
174047
111615
47931
315786
46945
291117
195139
423218
403351
458048
398811
1275
213595
209560
213032
360171
382928
358948
443056
465402
218131
346899
40834
37538
59584
316458
339771
74265
100827
410216
211771
415202
230501
453424
240551
256907
184613
466654
386995
331087
28424
357900
124735
450766
171373
92273
126505
263455
495343
188582
201820
112248
244888
32679
91368
354841
186265
299481
260962
45105
478124
78703
291937
491595
377018
371696
162766
269822
310758
257813
374862
249139
497531
179867
54376
280910
168775
35572
254011
345065
472529
154606
469331
316830
105123
252738
64011
250732
23618
6008
126430
217910
325571
298372
78819
457007
305067
141800
146541
388717
411037
421023
377556
198216
79831
491515
52389
335344
168356
95648
55765
22698
140928
430639
439419
182079
357598
345862
52631
186884
2971
174841
191798
423916
419839
47827
375639
194262
185492
466586
159920
449915
65422
77095
160282
62397
79808
33425
424028
429055
323675
481022
480623
392007
94128
135802
470304
227465
239498
198140
171466
243264
150975
498771
316375
201415
181336
98386
119437
39479
352481
496215
83801
251031
239841
103206
302362
433191
319929
153601
469708
128033
129671
53212
327893
106804
209148
351141
288398
360133
206263
5502
35610
382809
134264
275018
166034
416960
95222
205831
313712
72263
119738
185060
186483
314056
359378
262798
443740
427706
376942
379163
473945
372269
56477
336118
185042
187985
242246
222520
477961
170818
116600
373603
255655
451091
79033
157182
298917
356631
51330
338952
140991
152135
481441
470954
231812
330532
233471
241578
29998
231140
289295
35181
482930
43268
361828
193598
462853
316907
495811
458294
180982
446435
441971
208633
108387
341138
100163
43293
186366
230105
138993
342035
332724
320389
485963
203483
173768
143198
251878
123014
116910
474539
230412
447321
473675
496893
278864
298383
85209
366320
443071
376637
251087
147866
472434
373498
330600
478862
439240
197345
40714
87996
304307
210322
87553
220557
238814
254718
145065
115275
372508
395666
373967
270106
345274
295331
32014
211793
195087
98458
292406
357192
43850
356020
154571
271672
328458
243133
144667
365430
425244
36706
491133
237739
109165
51674
484322
338173
40113
253463
21651
115312
96968
321461
442590
493165
424075
463874
85310
129664
433214
22797
431873
471081
293593
455947
338932
9465
145606
279200
7341
124821
250652
317710
193091
476409
478443
396562
282197
339599
343491
471108
65341
483786
458672
388060
216627
271943
345473
352683
385274
271874
167853
109202
431109
146016
110865
423232
439440
119916
137857
77243
23987
234277
116644
347323
453702
145081
94812
412483
152768
179284
65260
301640
431657
175104
65125
206737
282257
255898
148252
410338
329773
21566
219641
439734
302076
227385
49203
491192
291293
20410
114004
331108
1216
55689
319914
55933
156071
14939
42977
68510
370149
41173
358835
443071
227463
316054
229655
294766
498594
267230
380724
183145
194621
486843
8942
242537
59132
400039
82033
382252
162920
43381
82333
292517
322088
122908
41550
306733
91360
383767
88637
479504
379920
139469
217273
479459
365195
274212
104025
70168
398854
490456
112488
177441
102417
296926
451586
343068
71492
453362
166750
431475
197221
332679
331049
276760
99369
244969
250111
403869
239915
141058
441216
425411
360465
479309
350872
99370
382322
148111
417553
236886
451416
372279
5241
490564
32823
299184
433479
145642
417072
73814
68707
259214
109038
263385
392872
16185
224213
123342
422305
453493
417339
60998
211670
165928
64578
65541
305212
383021
272297
405607
426564
473629
63298
251940
472575
203049
86039
132432
38351
186674
486552
457620
372099
1550
163525
307917
448775
57400
237729
4415
309642
193404
146123
126651
461116
380964
358476
211528
132507
245772
289518
383947
409573
293935
179270
28011
236298
83094
441331
19193
210860
456906
147994
130460
70181
322456
189209
254201
280482
327406
229725
130120
305961
413889
183536
389688
77427
73620
141851
186783
320961
225686
113629
276980
461513
223601
145357
378697
68695
271469
405847
149289
10190
289766
390776
315401
482889
4525
324143
380544
193188
269778
492575
91668
86432
383921
120757
292918
459896
420195
85273
330642
7847
449573
109563
346037
307118
103366
476227
293791
83330
294043
284676
14371
232037
350722
424181
215066
389181
157563
38675
162923
277842
449725
316548
301719
66625
470139
233677
377652
324991
31507
439273
400571
400743
192494
360277
411830
225830
498917
424307
119500
468071
130474
320507
89781
387773
321377
318982
404870
364405
349144
328736
170027
375487
235989
296609
41275
257999
129055
392766
190200
461307
15966
437913
388652
51299
351613
106988
374427
273068
195901
346725
475211
454435
125713
392264
49575
370444
296576
240461
254743
422154
415806
412922
259433
40927
62173
437746
113220
81897
335486
103585
487642
376583
166246
388498
63357
142369
101602
489704
190995
105494
474814
490980
50364
172172
361040
330703
357557
151680
223016
10954
232105
104809
22256
286626
363486
350164
310112
72925
252511
357809
195410
292743
423550
426400
83723
483538
277997
163150
9389
125762
29269
75814
155346
265429
112460
230205
215530
461995
255088
349028
234948
148628
429449
192724
312611
98339
33265
301281
27252
104416
347167
289693
109139
129771
121608
186516
44014
394163
229679
314109
90718
216775
156232
77444
349820
251255
306443
340110
18723
394199
51133
457152
274499
425118
232693
356947
435639
106643
341705
329730
364349
172053
139172
378133
305042
104183
366660
243851
406600
153526
193026
188603
348993
284464
448774
141937
279388
16183
179150
81683
199236
13944
66954
27904
264423
170822
272383
289792
266402
409559
210294
310472
227320
401939
182440
243303
370494
461865
471073
487841
371482
277928
39887
225166
403701
141303
253446
63608
2826
235324
234674
77619
88869
201314
203605
292934
186115
3968
468922
309493
493596
440682
135063
431015
14247
14210
13666
15294
179295
408107
248197
292966
361966
92439
78326
471063
237747
111078
320170
62641
65763
455669
456569
393244
413436
205528
18697
424624
190637
10504
18256
212594
98128
10920
311943
402667
57386
306886
149666
282983
344052
116040
127169
228291
399634
277593
458102
152711
267132
234496
64497
407875
359151
273217
121161
454383
304625
322690
454480
472217
57767
109263
412703
78855
215188
73895
364456
443133
144872
277840
229983
177386
90653
153048
154487
379126
308696
411740
192468
432527
267801
49055
106763
296364
84758
168759
21877
250632
414879
374244
174458
120220
179948
111926
227180
288427
343767
470202
53015
250707
373331
397124
271890
40202
149429
16608
379057
122327
98743
202040
176785
57331
167439
55288
148559
110196
422537
191751
452954
323898
445184
378432
94353
414391
183712
207275
35371
190274
355990
414015
104252
77210
393338
416974
213471
423082
349452
260173
442451
329446
162704
418097
374436
377090
333650
359380
152664
187524
198352
22399
143414
255546
146958
298387
487030
424721
293493
469557
213315
395070
88185
21713
365821
450543
498109
387643
224258
68852
119862
180935
241486
275704
484032
401018
496019
48615
197728
110582
90492
485568
198893
191245
17335
248128
466871
240416
166549
374163
359538
362510
176787
179715
235055
240046
157468
294727
102088
366162
31189
389808
19595
472189
124215
432482
318626
428713
425266
64773
209485
293683
390722
282140
419472
421123
43737
304423
25649
120086
270349
186026
428612
424465
385934
210107
312060
74001
65701
238448
180431
84398
347898
129226
253284
120816
201761
390625
31611
486325
43708
408266
77556
396746
276989
208934
9632
93300
494925
222825
259617
273526
350892
72968
479113
80276
386359
405337
386926
368427
320786
47660
319657
285938
492545
311053
230327
55398
86178
391576
50947
429873
386803
60703
289112
212080
112356
370089
231708
240692
70796
62557
307805
82926
79909
341755
398421
375171
93816
260151
129454
332734
228861
260309
144161
383813
258604
139105
93473
117566
208034
76788
201824
456069
379881
328622
252129
383640
355339
167260
215956
198834
425534
4888
39074
17579
490844
307713
388319
354908
400950
423155
321324
284265
146635
170545
378811
247186
81501
166279
439858
81460
92420
250995
180740
422217
252915
286812
45533
498973
465359
52124
306777
129215
212092
373352
158384
254266
427378
397270
265719
426501
345772
180360
419082
365477
497775
262690
474379
372234
311728
283420
324357
370708
145001
187478
330614
6982
290056
65202
477232
284545
364781
221705
371084
52879
23313
70013
481529
419405
240364
476324
312616
303451
331200
307551
389265
422486
287299
177242
866
263583
261803
374885
214220
434174
27418
322939
24576
363546
452951
295384
80928
435951
77000
438220
310566
75400
243195
145389
441749
290801
491197
97457
323474
180808
246457
367444
32148
289332
472313
430232
22216
182211
130981
17516
9545
25976
119515
279053
31977
301063
71694
266632
153337
365241
270117
257030
181199
454045
351513
400158
172175
85803
144743
447109
279833
87823
337055
9397
109399
74473
23224
98347
286003
52863
396711
162190
364225
470264
442554
321070
344285
47391
451928
404588
430891
351781
425519
375960
66320
236614
256360
374153
10568
395836
18053
395032
126228
190335
456256
82524
236142
46483
428719
86009
397100
123978
483786
170874
302297
200731
343126
216530
321627
290851
490630
376948
297618
210389
137971
47170
273094
107344
36680
397336
359954
50056
35644
315123
50139
391605
345225
287436
405471
184619
66363
292200
250782
497522
211748
233488
376722
329550
410567
248585
91088
150076
390785
454736
208020
221056
400119
333947
277029
465452
208203
175690
311942
124980
499412
265286
176474
261061
180559
418380
259749
380238
194387
104938
192161
484576
93374
266508
264944
117191
170960
74160
282548
42004
256902
414571
481863
258617
276470
116948
308902
379127
4574
304619
213898
339610
370059
133210
294085
220800
238820
296392
335274
68526
155569
375050
396837
230050
454267
34608
258625
152599
129020
496255
436186
212418
377263
345447
211791
151822
497248
260259
229856
180526
376814
163626
189716
36419
230111
366349
41335
417254
39299
112542
313322
398935
483143
485000
287823
187850
125638
290310
263747
495352
78323
433374
233099
276412
40215
192478
29920
106988
252473
313785
401212
163041
156714
481161
342205
486688
259600
395553
288362
461133
301899
467743
489767
403084
288551
485433
50224
435291
355327
294803
70373
111496
436392
403120
1402
416118
464306
421421
239499
75581
3100
423243
235116
242531
71564
121787
477618
357358
19998
474477
69258
233106
149700
344996
255283
345384
275720
289736
169752
497611
283952
405267
41148
27318
326971
448238
276819
6506
154995
159762
167200
294000
401493
264063
156859
181004
331105
85237
149489
448433
463710
212906
320391
90924
133723
219369
127947
357485
182981
310271
296491
473271
205351
480488
497297
316425
122997
492750
427212
73239
100154
90533
272065
390274
425578
435097
89671
414136
327361
250389
182207
338566
337141
443198
220274
93181
305996
450591
300791
269980
49055
132236
258917
342829
192091
49084
322637
113862
43678
172817
429291
70347
499301
412743
393712
302634
395367
233474
309352
180561
10514
336062
108469
478032
444036
232000
18925
141942
150387
204997
168298
56237
55654
141214
263058
100859
292167
137395
350620
473748
226249
323370
34502
12420
341568
29777
58735
300091
173952
40995
459326
492944
142785
374098
25487
395469
305525
55161
496343
242771
422044
113911
208002
378739
305156
377773
312159
76831
261704
45725
243391
382984
343970
142193
322322
30941
115892
89842
318083
121161
495208
257106
364698
309023
238880
420581
117567
201042
102683
161720
458794
221449
110508
235620
320863
110165
78521
352936
394550
320072
473228
372101
407470
431398
199483
211446
41066
73397
303848
114225
20271
93170
321708
358838
86278
169701
24011
299890
457746
97256
457414
389031
445581
82747
345242
492455
413789
468103
28877
129615
93754
438916
356640
157897
99316
37623
29473
319120
336301
235618
406719
353408
406185
288437
437474
22173
367604
433671
213056
253599
203625
338690
489261
373231
43047
115708
483872
436958
336876
22927
183697
496180
462468
350631
339737
153934
242706
482496
102610
436320
374117
452204
39345
177210
317562
262285
475505
256595
478364
125249
40903
371721
414552
242985
251119
352553
169409
321003
479052
187099
267732
127046
176481
56073
223655
394615
33747
106077
63171
372057
135827
169918
269670
304939
125823
431589
189184
237251
364972
317198
442210
486222
359500
356590
466456
100365
349561
285819
235831
147403
210362
339314
160400
53504
288345
233487
110505
85169
285173
5784
53009
18237
272008
242098
217408
493477
336483
176140
381341
429900
408782
61209
339074
350784
270086
59074
19210
143210
313310
383285
303093
426311
248037
319971
279998
495265
77268
120137
188921
472765
337419
277439
22619
368830
314026
466919
452259
63541
143074
332466
384992
129280
37028
246946
5881
286342
137856
307517
100336
21964
420776
329901
239388
172836
166885
284896
376298
244498
299278
406628
200926
9412
453792
386339
403611
309924
32371
180778
376094
469951
383715
315972
424271
131008
30531
306685
70510
480060
222102
307378
138848
107286
216636
367166
287921
304558
370857
122347
82294
288906
304004
6161
258469
114165
323992
369465
482697
133755
461770
381794
144044
81503
65185
372425
334551
231617
185508
200515
100603
9980
247297
104496
53609
284581
474530
257652
75601
101200
375789
364056
477401
161085
473208
310588
26159
449681
346785
186463
382328
124110
75312
160497
334343
16890
99101
163288
300259
463997
371089
428524
34978
130376
398992
114922
383553
33805
402332
1134
242738
113082
364238
273481
193100
217155
396028
109192
96830
228649
214823
108772
109322
224554
149495
63810
216266
326001
387666
332433
357183
384329
251470
406480
410587
74941
40301
169098
338609
340770
175806
90903
429991
323256
235555
32573
481156
215433
309524
30224
377794
238151
95608
27312
9128
320423
409022
382268
146177
174099
46886
207586
2460
248678
371680
6278
175937
230914
327343
311322
37029
433721
383734
235497
102390
377279
440418
166960
298449
292143
215168
292530
497117
105458
34802
329918
479445
408007
217337
289698
193680
452247
201487
393822
450021
309297
404120
136351
440615
236558
310139
228315
472669
409499
177587
78344
8160
397345
49235
424961
481230
340213
448966
141125
91704
67052
183181
142541
4081
35214
245390
388504
69706
469735
277826
43979
249288
70176
173483
101866
392788
383786
253818
162160
307644
9691
255254
163243
359711
202776
49778
126845
98856
300952
409310
376630
283537
5980
435684
247282
228963
311967
244732
61248
396907
495675
290432
257134
418301
89273
295361
2676
290170
260831
326137
497201
447951
125097
90926
342254
20353
98261
261427
182262
5770
429113
144067
344503
103818
187091
320051
236522
301453
105745
431397
161419
445233
407465
334787
467040
76902
127664
433614
343356
146307
238824
388646
172969
324818
27025
246935
258493
61772
312601
490062
207066
46880
211274
360593
490616
335497
333601
295439
66776
234916
185867
94826
92142
330751
140951
85493
223203
53829
404210
159960
160067
407692
419874
46670
259400
362544
489062
289868
419289
340579
204375
37634
128665
180489
257915
341098
76041
301770
252536
491847
410889
409117
470995
68642
100080
148421
381119
325583
18290
267534
276573
302503
167143
358630
89374
339
215774
140186
227816
418816
370631
92856
358636
271821
13894
133353
104133
44849
187279
375235
259211
436888
363166
128171
154893
68235
188135
48945
146684
154503
263610
140243
352840
402903
312661
317156
124918
96136
270202
467348
390474
138246
198930
243699
368021
169074
478107
236323
337792
399763
430855
196701
444475
286477
317043
305667
26508
166661
121519
367726
55283
49758
453405
171707
498404
59240
172531
473316
153002
384049
233035
129720
158344
451061
291545
384217
281248
394368
78010
57524
113844
41027
29435
314057
107893
489646
87731
261176
402860
487957
58970
154827
90716
402197
406796
174017
285312
242613
324471
26908
470993
22087
248044
361333
4787
84110
357410
22803
412250
294908
468035
390741
352417
167326
204952
272216
372336
232979
364400
98844
275006
58146
219529
431060
241386
251511
7250
275696
206752
186760
249736
118043
498303
198810
129571
105266
87318
116116
180985
272050
123326
488611
312087
214744
121005
236916
365003
90558
395024
467694
312580
204277
278524
357372
464323
265462
142375
389263
288674
281355
168992
275879
49590
286682
103364
324206
218667
61645
260150
327946
209039
418583
368047
101332
111067
215756
219488
413278
415271
154936
8040
322940
63975
179502
65188
360574
27239
150145
219884
429331
115811
91130
234166
50505
103078
1161
90098
376262
175988
272230
131755
4761
401479
126922
117888
490838
422564
5664
8950
43622
378666
481330
336494
285958
244836
171199
276784
113576
89195
389281
432715
48435
367349
195875
166055
7578
82916
157044
8542
439811
486082
198261
318741
59883
206305
431214
217789
186966
319244
230265
56505
410174
313424
244855
263678
231533
494801
464776
431800
242249
325330
497392
356905
11432
153560
157142
338595
493721
486443
410110
118877
401382
345070
94320
98644
296791
124146
501
376448
184670
498472
279887
331987
104763
408707
181937
411658
162432
97831
319980
74588
191774
186249
120603
237144
163934
153738
147901
483989
404931
16216
10150
403576
391640
104740
370278
19045
29501
39619
204265
190626
380184
111556
277042
83448
422779
23192
375279
340308
405658
88763
199304
77063
161646
58426
425502
42564
302853
31470
491801
466507
362889
298840
65350
187409
30358
411846
45255
373050
46010
248981
430368
91432
404512
47564
362339
418748
221331
265310
429842
164198
407492
179693
422516
113970
320971
489732
470378
57617
11913
3375
347877
410692
475803
236239
155045
160540
240172
20192
418918
92604
222602
20869
257182
299867
434772
24621
186576
258033
204204
163024
284272
269043
446988
496374
362969
187662
399235
456877
309292
463763
120524
333598
300586
353802
308673
90319
492781
88569
454971
355929
272239
174211
76585
333073
36882
259948
5224
444381
256442
445972
148059
488533
141813
309519
225264
302156
297351
383289
63317
298169
52966
94255
129220
481017
121788
113656
143532
367671
263752
92956
144590
3375
70991
177767
215683
5518
60296
485960
308065
155116
223304
65834
387501
356738
168897
290567
308875
247908
46792
258202
492051
202661
367877
382571
56784
356552
368356
37660
389923
403784
73182
279526
19847
1659
124464
251175
317784
148150
368430
423567
120709
325345
269217
497838
457789
439509
426735
155088
257442
200865
182703
119076
487559
28999
117937
223365
440524
497071
121679
411755
70143
182795
43720
376661
440083
144758
368148
280406
432308
487237
445741
291454
313995
410939
319548
57535
142644
2310
210958
467166
417094
99073
158293
187385
441759
275687
137242
438276
338934
462243
169598
12354
148042
40653
284186
109546
166201
75300
400565
293957
92058
20513
165835
103061
368480
423841
183394
166877
9925
135593
463317
14544
141202
146463
120341
300687
264972
254082
228729
402441
117816
390437
114464
363225
241860
119960
139262
254786
121410
317670
231501
276393
333213
24952
103193
47956
83515
210161
50523
201866
266703
193724
116789
62640
90940
234831
440662
439763
357989
285039
279426
343217
368412
401168
170334
220722
94098
447026
213743
211595
411510
474839
192326
353885
150443
412865
10110
238649
338811
298599
73043
214191
398952
97985
432255
286000
197881
415190
306612
53863
121570
377029
211717
222854
269449
39616
274675
153956
187339
245209
292116
340546
126027
350565
113070
487203
213626
286778
186397
449432
353153
360847
88020
328451
9932
358556
103194
308997
327819
447983
442793
66575
283960
268213
460435
392729
85311
380153
85087
57210
37701
468376
91951
369806
370730
90837
483133
241953
350763
480170
87622
375471
475492
48684
486986
365067
34335
157439
168931
455695
95377
440778
268527
272031
376930
424396
59578
84364
498416
352636
241267
156640
428040
116658
366238
485467
73768
384830
361479
206751
110935
493893
490627
87424
327777
334027
248584
410115
102946
477315
156790
313656
253604
223557
292179
87441
310634
336104
122160
219214
240310
272989
140189
56723
201741
103420
173234
428926
322760
283114
179671
101025
269937
235421
127774
448915
155562
403836
248270
490211
244035
470519
419477
32855
326828
298997
386442
444966
256049
68749
350361
386081
421023
484515
385550
80144
307953
496390
451910
262784
17103
21768
326089
369394
424781
253482
352078
7027
281274
241903
68383
238269
107808
89802
329165
423051
487900
19433
48520
181895
40900
299123
271403
102440
147373
15520
101395
463872
232845
271638
102612
427852
367378
69720
356691
201713
199850
314939
269678
274421
349981
458508
317221
299365
425558
156388
330841
240913
271897
106631
485003
331843
481903
55611
153481
334084
22738
360028
20188
91940
77743
183539
292376
465738
356335
372639
283904
363604
267113
353877
413220
217919
360112
320681
465176
129115
6520
499316
241371
16363
196140
230510
454943
149430
280236
288682
284165
74636
119010
216012
113215
226664
306652
75367
293411
255415
145401
128173
313337
466993
148875
383320
457039
200446
150001
221757
141628
296723
20858
323321
154721
17305
238179
309616
208851
79244
202139
249519
127462
80524
6218
63900
288352
71679
62951
48380
320558
55083
231742
79102
168350
178634
351440
70579
250540
377932
149704
472524
322384
492857
471085
415642
483786
35857
10718
22392
406632
180920
492123
344238
306757
239498
198126
492547
342344
475795
393001
116450
488949
46402
417390
467965
301951
116789
335419
417836
118700
498324
36192
95958
273930
340318
287160
380689
316488
234890
2720
423127
449375
85422
351105
85395
180627
75272
7272
277248
356664
383803
214514
420658
324368
45606
425654
296650
384734
212717
464724
315804
49491
305021
200580
486507
336565
249980
323862
358164
58162
156895
148626
422607
398876
70601
297382
484907
267448
27772
308223
155869
457408
41129
396331
344313
159454
157477
96350
294666
334869
480910
7473
181164
388914
26389
50364
130949
99187
385490
371333
293643
29235
448203
241
247790
409679
345977
165665
495193
189750
292284
484558
301868
199362
397298
233543
321735
28940
198965
409044
53415
76187
31094
313925
302676
300456
242399
418612
186993
63826
4504
82972
370566
261307
306215
3803
190229
80328
297151
442630
277471
72963
310165
127549
240412
254156
453445
170677
62121
2193
204399
235724
92577
115424
415716
120853
176093
330033
43615
305551
164367
138812
240130
209176
103189
473356
353154
319866
194155
159804
220303
132658
231699
342377
20989
223950
92120
82866
293540
326086
460844
100954
286383
284127
321390
315146
457756
71644
122251
333519
366315
185404
244802
388276
90821
236501
111491
38212
303420
16122
428761
116843
232414
386014
126433
78802
306223
134368
268370
31359
3175
492997
478398
443006
476935
155359
353457
283744
263789
105969
328355
26275
409419
310267
271386
404519
146345
448383
104587
445218
254637
406860
349361
149383
157355
84689
150753
284551
166092
390517
479569
122898
260773
213943
193673
420024
381708
206387
379538
115293
272350
278490
822
334661
460663
298923
465318
123148
240191
20696
384438
498838
310507
52379
4615
210911
305901
441194
317179
119956
36093
484729
110809
367523
120535
290257
234308
152583
451997
159868
236146
311561
313808
317643
35045
414657
108064
196800
185569
404765
380201
349777
355860
21673
346945
14947
158338
96540
283528
10708
449631
326004
409863
421403
315862
255991
128993
446632
79615
116284
408731
316647
452285
307081
453428
497756
311637
278281
121320
403860
186922
171923
184441
143818
305571
140394
384258
493705
263734
495816
88931
20200
422112
302917
285297
477556
202821
12821
22330
36242
187047
75787
455375
41990
296700
304002
366664
301080
128775
419204
267096
396387
111993
427407
107205
132639
220125
253225
117743
220045
273919
394456
266580
462920
309472
159894
453060
11272
466660
6976
412367
215398
426158
265900
95844
383649
331345
339547
234254
188592
332060
495151
486356
490540
484227
361639
290642
455358
315016
219608
205275
199186
395314
324013
360976
274359
151701
161397
440793
255111
343401
131446
114581
266797
342520
179866
215758
449700
79283
116700
149831
376779
352516
407559
273124
129533
366960
458702
3181
62402
442564
435373
26479
486441
99949
475581
334530
314910
462327
256945
243300
30783
176843
306662
282849
266155
95089
401521
196650
20009
302833
84960
265641
349717
487205
266070
377892
12187
474573
50188
354291
337010
417446
128459
183659
164831
497732
310766
326921
238080
205729
247577
319862
34581
298870
295371
132933
491959
449863
40424
332949
423340
351281
258925
119735
431833
220777
213196
400889
317639
85153
171473
346173
25992
227354
296328
322979
261838
12515
86374
246209
403754
181071
490434
71451
224515
264822
372750
428074
308674
88683
414892
288167
372976
201133
232815
31600
475074
272700
262310
449019
287704
461905
380291
14720
473867
278864
373242
419589
104942
183054
265842
216392
213151
294818
329964
101851
468866
392245
3162
446444
198717
488806
306308
344569
187833
98182
40079
214902
447595
398960
321780
16263
241291
209939
430978
482313
417180
241317
306824
97318
242134
392566
432384
296996
463081
96700
314608
487369
180729
196725
373889
467774
255411
26374
176702
152928
237313
444538
489369
286119
175714
431077
259223
201269
71122
362909
276628
122048
268097
231634
360409
322956
395705
422256
288255
158113
352854
28815
199924
16189
414592
393131
66017
45548
326848
197460
439404
257296
347409
458870
368395
252938
310067
341210
227800
216480
86240
216158
160773
33567
111867
57956
15348
483147
35489
458392
54463
8821
155411
77162
258377
125339
182428
228008
78879
188363
407462
348126
379025
467702
210856
223564
1427
413552
241958
388774
314904
413953
497645
184865
54003
60016
42458
219186
15272
219721
86216
156534
453969
419729
302153
27192
178084
461225
129158
446580
174688
81794
56532
308227
222453
335374
136356
331187
14838
41400
235051
414366
155299
450507
18698
258993
47496
408524
267293
343722
11499
212004
483613
134585
7791
126723
424152
119704
286412
53788
238615
71655
210947
280068
380415
461366
200382
154960
168185
324406
46861
208550
418299
265560
158880
59392
55356
322619
398245
326929
287164
450528
438691
48974
134246
459550
120458
333739
180587
123464
429602
354433
99317
255438
292957
408619
262398
207389
411225
382330
134929
249124
251583
55013
439316
230239
290660
195487
380104
453588
296922
392670
104334
414920
106859
126341
268164
389787
77840
222199
471781
297177
406656
275335
446307
155627
395051
172282
250959
321344
2873
234155
254546
40791
156012
117084
221834
287462
265696
301181
286668
29183
391496
103122
299994
147097
488911
373416
140932
10877
181526
128777
83886
204584
286828
339150
246614
123683
225844
329853
138275
121055
436890
388575
474647
240737
7473
457880
130961
427683
106099
481021
129171
38249
110611
248075
339270
59599
400780
285301
282473
243395
187067
405681
436777
398961
438093
209750
228026
489493
96335
175742
469096
46896
178623
182671
408253
304081
339833
111214
40846
391961
498539
94270
168748
213579
284330
81191
352677
458578
333271
61113
253544
403443
218179
434535
356551
447674
407295
6942
477040
447578
174156
97303
394522
26602
107921
304820
312933
109364
219266
491539
213740
379475
124186
435747
433507
220713
50678
466089
363282
162276
379298
409953
243116
194887
421119
223114
444040
421483
297262
373152
196039
403675
373073
19480
406535
497582
445753
78337
404809
316553
248188
144952
467508
148516
118716
122591
289349
190383
394011
195833
468096
88176
158594
240732
421334
211885
463457
162555
358598
212969
458825
182587
213937
154331
494822
319713
13357
191428
475184
137077
467938
335420
450739
87756
442462
208960
193049
398381
371669
382653
252021
118010
169692
336397
420305
21504
466116
50931
151063
124955
358550
357955
46891
87874
366660
140468
262899
77083
440885
71120
37095
393255
473109
13042
437690
354426
343451
75333
164500
24685
218499
327063
199918
474084
266739
260845
267928
211415
251175
393538
408940
156409
331614
378422
18095
304600
92942
207609
28420
471775
104011
293170
1562
226456
293335
246072
228533
449141
32099
289507
126708
115492
161373
24134
76707
259584
486398
253760
384638
195054
474441
151592
471616
76624
489294
117484
466606
193605
101671
10631
389030
119443
392006
63275
355266
12744
367835
204669
173915
280158
349265
338151
806
151629
484839
54397
61208
41858
177302
137142
83284
14967
409614
493566
331151
79627
302010
141281
292626
182483
374982
236658
66487
422500
157973
323333
2161
308440
422864
80276
171452
435288
377222
419296
231456
297421
213906
59737
62144
264841
470571
350256
50868
93147
292658
420612
218531
409213
106217
349939
100797
476661
230676
38201
266138
210723
318941
457027
192489
144815
306207
347468
288817
259849
64219
279299
71306
3092
310994
59501
346554
11122
414194
173901
124910
2589
83852
386607
139538
113433
19737
385882
188959
204371
499565
435642
321565
330039
106024
239360
402089
262248
206162
231293
31600
315918
62882
288664
132227
494699
442922
321320
448700
130322
283558
361530
440334
93959
350879
319628
383177
114700
291282
110719
325620
156339
220295
490832
485483
16922
36553
164942
289604
219969
205976
224931
325423
361660
143138
310236
492148
219995
283227
463501
46416
305446
453788
404018
206751
451326
48070
225043
377330
4231
492970
499321
137578
395222
470673
106933
84538
403226
348448
408022
52871
339932
155835
499468
492262
25309
79556
221171
153258
64533
104468
36345
300674
178279
320332
190554
251255
414713
337626
203133
159698
446437
460807
213422
255936
239943
380203
342293
237491
423270
241019
162907
404259
175054
415401
57200
22499
351601
236277
90933
305456
497370
297855
475211
217337
410799
292434
41335
490528
293548
131973
460807
106351
260204
415364
348628
41409
317467
137706
301817
136598
173246
321133
429258
202187
110893
367597
266126
375862
60843
258094
262903
432089
104609
309323
122534
349523
232982
89756
93856
491399
482617
357316
166674
480391
340228
152810
438092
206634
428336
420696
493686
203065
259119
238357
384698
462504
157660
405788
355620
467596
471132
82394
488988
411229
306409
142275
286359
93863
38236
29432
401182
345265
12022
148074
13868
479099
207197
352705
92955
314635
26147
146582
498206
254591
461197
180721
356976
255026
268930
156921
285425
272337
332776
426663
357532
481966
473886
62670
55860
205020
346110
442170
306381
330077
419281
479058
187764
270818
420273
208059
300943
422850
371567
447805
142929
266459
131543
285892
346336
193901
331339
327723
424135
4495
415513
60892
354574
410611
173645
238337
141089
140733
191118
387880
272410
42077
230101
377201
147310
393665
184729
209622
401654
311915
466963
79263
372407
85578
318153
208311
379551
144534
220103
298452
426367
305630
277494
304405
147996
462056
41868
357331
365322
487380
86522
129613
219566
226550
399914
102252
50851
1387
365622
377065
157680
286256
193066
205536
58880
471651
294453
15133
493490
462940
447990
79746
85016
60930
27818
375738
381445
89907
367
242546
408522
352963
439771
360823
223396
415167
498474
251675
403952
306602
111935
325459
203514
329789
204456
413256
248563
493063
330916
41840
130663
492620
157963
495335
97410
33194
475605
5852
168517
84609
229416
279447
145961
236906
404703
486330
385393
353672
471476
25904
423401
327587
39342
349733
42447
471451
461117
442361
419325
193635
356801
454002
92586
339484
454778
185515
3585
49896
332332
484156
408039
57274
409399
42424
447761
312789
155726
397771
165245
447056
409420
124432
23884
316922
363567
329700
143260
387171
305948
73582
127596
426405
379329
494666
224498
48442
412348
497105
185248
215993
416089
461834
276563
68305
7453
194286
632
431371
54580
331790
102951
221108
477628
467830
67865
11639
165841
172573
204230
190297
450711
260524
246171
307498
478479
134273
267417
374285
50615
337449
454542
13347
338064
412875
436240
224725
257895
498120
392244
223855
461647
475674
172496
231693
162955
193487
426779
60092
309809
147967
173141
159108
123414
162734
494320
475073
333875
18271
230630
6208
108652
267951
394833
492216
251462
326234
143089
453409
48224
444919
72480
342603
12780
249280
491985
335034
42064
481982
391577
3252
468631
87221
193115
104698
133775
490160
238723
206959
333251
329008
273284
417772
319015
476663
259097
114293
206589
89597
123612
158503
413459
292154
10065
330416
46811
105583
310309
417125
460543
305618
2114
204446
458442
109832
490473
113524
11492
80595
204747
7446
232618
140276
379832
244630
372473
244071
246895
472130
112552
92593
97991
81667
163526
120768
404197
304735
494529
417679
2126
98222
261137
274520
15210
385013
311880
345242
243403
488526
20708
486046
184801
183366
494323
150862
234410
412742
143753
36776
363498
163077
368171
429355
75838
357977
398092
17808
135539
312588
187163
133923
454198
153994
497644
132653
326452
35674
223593
126399
240594
471619
290952
24975
453615
468438
47806
229640
28381
361525
184934
47253
367894
336295
5478
237452
417216
270182
32969
291197
279999
155763
319313
367632
142035
420223
230353
120469
466798
390017
225715
121847
229287
383196
353925
119675
303434
343103
260440
293377
37157
113737
460889
137604
18105
380592
498276
488444
232368
476137
354312
293129
226597
455391
391460
136528
412615
418732
359080
424611
351822
152753
395023
68980
399731
200117
296527
206082
289417
80165
462961
85570
234104
75928
131554
357199
273734
155017
16103
52016
49092
308117
484497
376146
47914
409811
43973
403377
400090
42989
21901
303155
283703
157460
461151
137575
118174
70471
15258
101206
384651
400382
136405
6874
428809
26728
335163
401912
418083
490291
29376
25914
115568
255840
243643
389189
403043
65572
487863
361881
370274
163677
365388
289947
433616
326663
383275
47946
227954
77465
347744
61267
227212
261509
366804
453789
121826
205831
468473
187273
387724
215666
7269
382518
417481
204071
277065
73006
425120
361524
489437
240263
110916
213683
189203
63901
68820
110253
489936
149133
88978
273232
342553
166279
334404
108624
16599
29003
383970
48456
483268
224941
222267
328448
494089
175946
47751
465631
450960
132663
214745
490825
283315
54709
140905
276695
49177
147265
338994
76929
340942
242438
125049
118662
87978
499026
494043
227300
48606
479841
352406
122699
304887
105305
448640
362658
44464
244170
218429
154072
485882
359363
230555
420328
104133
7597
34778
125681
247201
281785
419471
163081
32698
315336
47706
315418
261762
258756
35565
218018
82840
246153
314682
429307
249647
265172
462888
323218
318503
358702
481824
137483
55679
482345
399441
486083
180266
464292
428363
348644
69161
153936
202167
377838
37628
337346
319978
12122
150501
389149
477987
33371
101714
20720
270329
190550
123043
244605
333728
152213
387439
188955
153671
415657
351072
1768
50415
464828
414542
122003
426138
363398
219981
26620
341596
410313
92962
239367
467551
108649
282638
492724
140447
65285
191117
111219
481448
51468
293577
419986
260979
245500
196779
129302
32012
363602
95346
164189
347996
148468
488677
320017
190217
428085
117870
102329
392891
119710
254437
246814
431792
424044
83274
126349
328322
240300
428399
482094
299150
422944
497743
36768
239122
457319
352491
281354
459362
40615
478457
288986
378224
237004
81145
145697
325432
203580
238106
445030
334188
91744
232287
237138
166217
235872
312057
345379
75367
472405
52977
476975
141612
464372
44128
399892
141130
483646
386849
63717
104750
316696
235508
205024
236014
327343
66843
104297
234419
238347
187741
494993
350805
472755
63694
470290
39392
72949
84866
229807
364217
231436
457213
186264
8856
85959
434997
84591
115433
274426
199942
117338
379518
313824
223745
284175
83000
318669
411773
305726
474828
389447
257342
499155
74760
33697
98511
408758
334826
152822
291918
172760
292816
184757
429351
675
204997
420378
492975
217522
488890
99049
346900
268938
380963
385010
239364
68292
141485
459592
137876
52879
423219
148754
103179
479768
252821
409771
77843
31595
348974
152425
285956
212280
259739
391396
42593
436890
76007
85301
189033
279078
200962
178872
181029
336183
107918
1078
391886
113334
217109
20865
117425
407797
60393
497408
181983
307289
26418
328457
7076
96434
1402
249236
76639
273173
395197
378639
499829
384879
337445
175461
296611
437498
242647
436732
309917
460502
461369
260329
443841
420354
69311
207924
331496
97709
301219
136586
188479
448656
80308
385966
290174
392764
162404
151991
311182
88749
257853
311706
432596
350988
251850
230990
171465
496005
427978
303917
281212
153489
229424
152173
248256
476498
322927
399690
454393
353234
86181
455152
315918
11116
116140
467196
356206
219736
325791
153904
78159
26907
271774
233021
84557
467384
414730
123622
451026
233766
478562
152764
272724
8237
372319
143386
101672
58487
477684
372247
302843
339159
494648
418116
146916
497695
281533
86579
308175
153603
353162
4165
413314
358506
253006
345864
121314
4111
324047
324116
141969
306553
452067
17907
179543
476027
422017
169755
181809
368237
106138
498119
248966
54312
204010
192663
414332
264610
26713
222810
83319
296910
79405
432531
160493
497610
408738
157032
439959
433109
450103
97253
79706
127648
85582
462838
308924
208944
228776
416405
165641
429528
103290
238640
441604
85267
477259
147205
52237
342177
285655
203797
403215
222475
284513
385279
111794
218012
144508
445859
166957
316423
496211
329417
56659
359743
421859
496847
295032
250928
158497
97516
443495
325781
118619
143914
28998
55348
92845
245285
29930
337247
61951
434015
112263
493133
407865
78667
291782
412644
295258
1525
310255
383228
81521
123660
301688
393576
246257
38581
166663
419385
51073
451311
131339
475952
137164
215513
82407
64629
175764
277022
1498
281140
133345
199763
37722
493757
405469
124285
49632
492627
355992
23919
476759
189171
228569
94832
470222
429568
390394
57780
226500
396759
274676
192473
2404
159650
216374
398163
20359
198285
495994
45771
426956
151268
183930
147047
221056
420293
374152
291266
368540
25346
340
242131
136636
117347
392709
324176
320484
151412
157655
15260
472385
68137
386360
338903
251925
290405
336113
269493
413549
391211
477771
40137
193263
268801
317552
331014
404118
23007
258729
107198
193184
440481
79532
67563
416609
376790
152951
290745
41137
356569
417372
111461
220234
291691
122596
70778
285995
104547
353957
401278
168251
313956
69334
238552
328686
155058
415928
159675
246780
151354
255874
370927
404189
322558
257646
381159
113128
314532
295487
129715
478001
323175
446135
451307
4806
12168
330489
476660
171212
35385
149412
479529
368976
211473
167138
83064
13036
432322
117800
215257
474134
34283
327792
360857
133849
137823
132549
418892
4937
257874
219528
107182
202135
85109
449840
249312
94630
348287
278790
325870
136045
388923
432374
452678
137447
180267
422776
467155
70842
192071
12941
237198
469809
439196
255147
71840
252170
65255
243728
226431
11276
63537
454924
399833
394271
204290
108555
179049
492436
393704
287945
87655
192807
280513
268265
98030
53861
469562
425337
21641
457797
236659
338881
445972
290355
143409
491348
110917
62061
300022
495717
137009
461260
209693
496126
377941
355115
142339
399894
52694
316104
355178
392290
390160
35506
351193
207740
250464
299522
196395
201049
333587
182416
371207
194680
85953
439104
110711
162232
70293
189813
409528
286152
214999
161020
20724
445384
221216
67879
324164
416920
240124
406067
381975
250620
302507
347062
276692
268211
335037
219694
283412
145537
235588
252078
246319
246427
48563
50528
134285
464633
444838
217958
312809
27682
498904
342558
139044
210256
463450
315170
186017
277804
458826
158670
87747
224137
310646
497271
300358
373880
479226
26574
21809
272512
90349
28600
398792
339091
198500
111334
281545
97182
110395
457058
401926
248353
36432
381138
11479
206648
382896
335895
165377
112028
493470
300846
279504
343620
25206
371054
380566
66306
264965
2402
77709
96159
331269
144544
209816
285074
113769
48367
317912
225064
478923
438003
271337
326025
319928
119265
170061
251500
310961
87387
351465
338688
478635
496725
183352
124182
288440
209676
61965
281045
255086
39916
375416
250341
441035
271118
33014
263562
182526
160260
180308
411465
1071
150962
364366
391929
381858
67194
54094
294978
448019
191201
456797
368638
30696
56462
161278
92567
220480
252303
113959
277662
327855
328071
92673
471080
468458
482088
447913
182682
274271
60681
393889
24246
384637
21768
141984
401425
84657
344281
76310
132100
195967
359049
262018
310012
276797
26643
279204
85327
147711
108622
268704
455405
361247
386825
149007
186558
115498
109158
484980
483215
227378
366546
130477
206548
105876
120413
290935
38486
153482
190718
188639
329456
485071
177872
362310
493117
395467
188753
77779
360809
64747
196933
359866
494674
318711
385547
104328
453468
68073
286326
176229
481901
14957
464891
70781
157235
186037
353415
420569
315699
283765
452187
249516
143753
389061
318936
255790
272942
435680
288493
240424
258353
317648
18233
164195
436823
326293
387441
102656
377932
61104
437980
470396
130464
357320
384500
370217
178395
166883
128991
481327
187938
4348
454482
21056
69761
135690
163755
226227
38673
328491
127606
435784
364287
413382
43143
439841
488516
79790
489516
194913
172472
65453
428955
65049
114794
117821
332643
389138
198405
63731
332072
273921
278292
276378
430610
464982
208652
181286
485921
218965
419320
284976
334670
336592
467751
302122
143563
409797
286691
359681
84910
156011
483110
200070
438353
345723
113627
248375
344593
437529
94688
179783
242888
229242
498909
92067
420900
478126
311682
87131
177071
462261
243909
30376
398828
132896
389837
444227
320872
281937
264251
312863
17238
415363
129629
204092
67110
139250
291866
136534
398331
181659
401391
336474
386274
451806
137040
417550
219871
266567
123621
162270
265529
419833
460803
138916
431157
302043
414375
414563
201687
97214
156670
380299
371805
279623
465383
29019
290811
74331
215386
311505
175237
313242
114934
41111
347514
85494
423624
470279
377336
389153
126699
409907
143131
252729
152745
460119
263352
369752
392944
206470
439680
58862
210045
84222
313566
304262
89712
469281
496758
184394
186636
496054
288334
478195
259924
363472
381802
493437
141339
32364
74323
439619
451236
29477
472071
201151
395537
231487
270240
432568
236528
452794
468180
127671
254400
460916
105207
214341
147523
9571
86392
271167
15386
179181
247129
180820
371063
266147
86535
141
127735
333689
263799
455546
6805
102350
442908
49415
297461
413915
108646
303579
298035
473501
87428
325670
412173
249154
454285
194841
311929
292503
296792
190463
274845
400417
2518
457670
37942
117169
76424
180000
212606
384835
135474
442956
316551
333302
245240
14048
272206
472133
494395
431607
434065
253713
43450
199004
470675
28570
140806
246184
410190
168200
436672
168711
214632
44465
278886
364227
329016
456726
73187
128541
495635
347893
331089
22701
245660
245501
106979
277891
155006
375685
102841
166131
382536
446452
199623
267931
442939
107749
124143
177789
199923
191289
154070
470539
379348
46564
246852
484332
135381
340179
389575
467546
303846
12851
388007
44119
201064
20051
288710
324444
83795
457212
235410
23847
292049
319114
208787
383016
1026
106779
49009
203444
203082
476137
256698
397576
42066
434720
494729
283524
315674
146876
222951
372951
194278
28805
76998
393312
82698
324761
452198
285761
498914
484430
27283
76759
58842
75327
231809
404365
168123
149570
5793
42472
201303
407038
485988
231142
129910
457531
213530
302070
338433
230325
275658
78500
211787
384341
449271
315975
241319
438267
233881
165979
294324
406022
256154
444931
134040
53947
247427
446394
403964
341877
18526
70062
499408
237
322886
359897
290784
146941
94951
385411
414511
329431
255607
31070
160113
129557
352430
378390
475595
350774
472280
213207
481642
121398
214823
33536
379636
41886
142028
164211
482903
470206
34311
115515
445586
179326
384786
196467
278565
172890
3340
267575
27164
36600
13783
129305
9981
23658
373248
295958
75842
225317
374415
98523
258858
325009
90594
30995
485643
66976
245859
385433
38906
873
118014
459010
18607
107210
93758
19149
164078
409318
17945
173799
267969
28550
294347
440955
93465
423177
284915
202228
108486
153209
385757
270555
174914
162926
264554
457165
92505
464402
404300
344488
172451
1258
3714
75520
443485
92985
295878
219579
202676
496084
27317
449977
87077
30226
421291
426213
470575
212276
371046
204786
441896
367460
364064
8841
9436
252768
296668
445178
281304
30900
403414
375236
167298
444176
23912
417880
206966
468726
171173
56270
397984
86218
286153
254910
275782
371599
299674
109350
322043
127782
481212
220557
255801
163533
445541
318238
92017
91642
497081
483204
97538
430393
62608
428340
241532
352592
295651
36692
476576
132067
295910
310158
36735
426601
428999
75093
191468
330552
173738
153738
486434
96651
149657
467054
148425
448217
415527
182302
299900
58940
130480
215624
18779
109644
416055
407338
412683
242906
93506
251802
224853
323218
454998
24277
327502
405060
470851
57353
286230
122163
85524
101118
140207
59378
34964
348761
252046
17998
376691
154685
359489
316783
113234
408410
447579
485899
120411
69422
41865
229967
139940
209058
180815
437934
285433
178300
31036
203286
396210
220968
365581
64188
467630
211457
432881
167347
268349
364342
310697
27560
289198
413317
325786
339858
374320
31252
281995
410051
211110
362356
53703
337503
39445
189661
80053
495490
349613
280623
311614
286249
308813
145209
444433
238823
379241
92606
468853
409915
203475
498747
86687
149277
133917
136992
92563
299599
113055
202995
420498
2316
106069
498647
281070
454674
89965
281438
59642
259431
65488
26181
373163
23842
35542
163857
146560
422965
354328
19865
244400
435999
259440
82522
370697
189126
392140
303575
146601
38760
306299
152384
94292
202094
459836
233992
485784
433645
161524
457984
187661
74450
16952
47743
252982
351386
202005
140963
403595
297709
22952
208059
62014
340672
393912
265312
106098
273422
407211
264728
72877
354769
491045
457807
446191
242132
267920
351939
232048
131880
495759
104552
112802
248946
483972
232786
189266
362231
285312
466059
237146
404239
465150
281620
254325
123125
141267
363206
206118
446021
304300
353905
241676
209071
421917
106988
475477
36653
218571
217787
174470
224349
157969
123229
71210
35118
419497
213385
159247
267227
331795
49582
59076
83487
319741
97694
374651
411305
317881
207875
449346
210675
264850
430411
385437
446993
408983
90350
173268
156575
147742
143069
225672
376186
482496
237314
393937
386692
283187
445125
415381
241078
200701
252956
171524
197665
290807
181045
47765
51652
11442
422618
55131
338046
288759
61672
314169
368186
140077
203108
403645
320687
183570
404391
165347
444139
253336
61027
410705
50706
167463
402030
153462
4278
19516
253753
60055
161692
53509
397464
120923
47212
198974
160524
292398
212800
499277
75518
115378
211461
155762
497056
31807
38938
121078
182889
82662
127338
18994
100639
199899
363646
190564
304006
173282
77832
189515
155330
345521
499663
358140
392446
191248
117726
400238
219854
103470
202925
212569
317523
187481
55174
323120
344584
395721
484636
264411
323717
488451
129078
205132
319255
217545
126662
425879
337057
173284
169157
448038
278323
254228
153413
319342
87419
128477
413173
231909
489618
43089
57714
200898
134608
444238
268171
399165
25211
474937
496183
470656
397967
407364
26284
114143
408501
463364
61639
213966
497114
6974
179024
196432
350095
20115
320763
280051
342367
98937
483333
194483
486814
383225
145310
99741
75346
26626
338042
270485
50188
9397
80984
140049
114051
288384
225277
40890
312839
284964
55173
394086
187305
342023
239800
428785
170134
470050
233595
241415
341667
214443
197900
44652
401918
148621
33405
70118
442989
395820
77120
207524
379605
169616
155920
298690
26445
58845
174831
14442
228155
322111
120026
77431
466155
261334
244161
61005
460929
238803
309844
188088
347509
201155
16631
92297
234710
113130
254316
137604
302732
446856
465856
119791
328068
59970
182357
192085
124670
142106
451392
22383
451224
78364
208613
319523
266527
474869
46682
51403
154743
393833
157087
354071
31336
262085
382619
338660
155019
264234
216210
356734
290624
472212
309287
349306
254239
396394
380449
307783
449989
319369
388588
99698
379984
452524
250268
80181
350948
361624
9157
129603
24630
94147
387430
376535
27328
286633
324808
181096
452326
128003
399021
314032
315854
431952
455683
13606
131872
64738
400902
79704
319483
313603
400010
7042
430088
385281
279035
179923
33708
258026
5933
466311
128385
658
368733
477127
313693
296605
47601
32541
483870
69579
286209
411045
378654
469491
214588
349130
476483
412376
195848
389892
208573
246144
339259
340531
451847
270704
351010
28361
293366
450138
330615
420138
476964
317891
337089
480107
13732
342041
68365
421612
199468
284912
432342
397422
482927
230192
211780
305873
206751
339721
42508
54804
405200
332361
10744
88743
363425
344526
281961
114710
480607
429477
281326
352420
441377
496342
438539
490235
384665
248650
67695
326600
393553
282822
268626
157177
136120
343358
211973
382585
90083
349483
192920
219242
145612
389637
237096
120961
335784
344498
322075
37980
486938
203967
168800
279004
102468
33395
219353
435764
329019
126230
96396
332743
212955
172952
410407
405426
232093
4866
125683
37115
171652
459126
69907
107416
26999
200131
187360
245287
149265
8044
231633
324853
488556
125709
9984
390681
243902
330121
83771
417474
433526
137967
90571
262993
408502
66244
188052
67735
197006
314515
229755
480384
457532
354376
138934
103755
250602
226101
269241
125493
191212
280186
380202
214823
462825
21413
48084
459407
115336
208028
158615
61083
2638
9504
476104
181321
268376
326030
171514
184978
13859
384459
72186
87166
155228
165504
111177
374684
299964
242325
86806
474570
123772
233229
263794
456898
40946
328825
444655
125181
242732
332970
174513
16818
205686
370748
412090
133722
131108
383404
92168
211033
241320
487518
426458
332907
245579
196932
131416
406307
220075
57550
154921
207336
91890
491292
360053
286332
309238
408128
107158
280467
435861
460829
173782
268613
435915
374733
355295
32018
397556
470684
370587
376355
467546
180733
130766
431204
396072
270850
404857
139198
244684
364456
73030
444943
438026
452760
32932
189025
112567
374870
26621
477479
217218
356140
261454
229326
131969
330432
249035
92151
62714
376316
48190
281453
44923
1660
430527
363987
448970
307808
380587
397769
145370
444991
438619
146503
45323
410574
401737
276072
168316
110728
477429
5554
260407
154686
140253
256812
306140
462239
203939
142091
155388
491788
131769
222191
305076
434919
182641
492950
464246
187759
489066
40343
382737
171784
495555
227523
33126
93801
230850
304628
283983
141508
209031
447269
264608
296078
25308
300535
474359
372458
468996
37054
201863
264861
219766
460772
485996
439580
83858
296988
310253
370692
257571
241970
74487
94510
353763
150436
460919
44741
361414
460958
337982
302991
104248
129858
439531
276207
377439
235989
444100
427714
154340
440366
217731
52321
205270
47182
132778
76502
177072
285782
408549
336305
179022
316929
290775
290518
291860
398348
215767
440848
2594
226720
41900
331938
429758
377794
471453
406351
439721
393871
334137
18732
315347
69437
146996
109365
338867
230090
461301
119093
188492
134317
115695
495844
8939
232381
105720
431886
259424
61653
59708
243140
98435
470339
381483
79959
222826
269450
236371
179431
216527
474879
311247
367358
120300
152739
487509
497854
369770
20213
21172
171883
394371
220795
294680
220621
260377
110103
175522
142241
372556
425874
286155
479726
428889
14101
109475
267307
156731
206952
489788
73773
420092
6763
297095
418347
6572
4495
5284
361566
267019
295474
77608
300389
118970
383222
147283
494566
414927
423314
182400
193886
127229
1208
57926
59400
250957
472846
459114
296323
365327
135656
478670
478856
127461
379405
236117
233740
328038
317304
78015
439324
137815
150734
478744
248643
41660
199107
393090
177096
200001
443743
197419
161660
60013
283479
467730
30648
499577
162819
55005
466459
120027
481347
5935
343144
262696
233483
361534
162441
82692
426476
241532
65340
363776
198879
138005
448891
197153
133652
302800
454827
423790
320793
378999
33324
282407
225486
225187
261951
42825
327286
366988
351161
332847
150780
150999
63680
377428
6083
149391
480217
447165
23811
441638
292692
212704
107652
401588
298631
119723
242193
417554
488933
322649
70318
50235
23174
271011
297927
213538
402109
265279
43687
440829
351132
56679
82113
242489
19542
133247
171379
175869
314083
497564
50719
75732
425660
232823
360736
347409
180522
27569
353502
404097
343328
467857
31786
139978
14218
149595
203137
77835
499879
331476
79771
434003
162118
253010
278762
402973
35714
188428
396266
133630
81424
221737
105257
138654
166425
132507
57449
413152
369367
430333
367990
37963
201729
35447
196025
299112
477047
492223
84618
482225
311905
123081
390700
425094
24048
484453
363830
351851
410833
324170
279857
313666
470026
189251
120642
93074
148444
254604
430344
265280
267870
365753
338753
55799
118656
7967
278555
467387
103295
166041
22137
212029
226614
232958
216483
464136
101740
198456
13672
460723
138325
459748
220560
338226
364102
295461
48766
443917
110235
246890
461476
29629
278683
10128
452965
319583
111789
360714
150343
58771
492267
464412
190546
145796
141106
12400
79094
121766
35418
135229
279284
239426
55592
141636
192704
380388
474549
318305
481434
270886
378776
343356
110696
170633
412084
79987
214253
7659
8752
163619
396043
369065
40192
211264
300815
65762
39114
339927
312577
328141
16028
324704
315593
258947
332103
404881
494270
474761
220210
293477
253680
87832
378790
405498
61895
250743
105306
487855
239208
407311
218264
397573
390920
7335
107888
247610
132198
146917
341786
209499
271263
336506
253162
207901
10244
27714
305243
236390
124409
125889
210385
467768
394093
207655
144489
327778
239569
178559
1226
455406
461214
248996
58304
351014
252140
348448
366808
59197
131219
55248
164184
437819
239139
205742
405390
210912
340938
67692
106683
270969
8158
353926
173497
246641
75532
310068
318218
212120
90449
369909
316442
327359
149908
465005
180065
346682
205236
407980
390429
58970
76020
387141
5268
366826
342188
392704
253443
327931
283818
352674
64561
219901
51094
467816
45036
422706
244682
219239
397570
158273
220812
94392
74964
55683
260525
381294
446216
85650
408163
145911
439261
173126
38752
97906
211457
189791
328170
279683
204109
132177
155167
171732
24473
307038
24348
159721
332663
358365
60132
428422
81210
126724
448680
290440
160785
311290
1285
267135
291623
246906
297757
421060
109454
93344
435939
287412
150237
478888
33673
13581
424367
197681
304432
367673
223222
297650
13444
460649
418243
335339
252856
367663
186130
130991
475189
447549
90497
333706
109399
340481
99513
95559
336048
464595
179272
148562
345177
339413
194922
350355
244781
376244
453774
7447
256054
348263
495979
224996
371560
114124
303212
300959
149985
305053
377783
52064
237452
118803
428021
7085
330789
460894
314342
209995
362510
271842
75257
449780
262838
122692
234722
498950
216203
218536
498054
189475
295473
371218
450103
499852
301011
92232
18371
457734
345955
246147
53139
105298
292966
354688
182798
13005
103188
51401
408428
172046
254059
48803
62779
6762
302157
213287
151708
219819
172818
255505
62099
198573
136683
277985
376615
298654
494446
56402
225070
233284
135000
498682
453514
109945
250588
112187
172497
203998
46800
159118
298561
221271
273918
181939
487574
290222
447453
222179
301861
121981
40634
177733
243798
104329
11964
216255
197127
310164
92866
437010
311080
440751
481781
20734
120780
440230
386770
9939
467866
30546
373678
157968
95733
66702
486301
276039
21177
205557
347759
469377
86068
309187
364383
82265
380630
60875
336091
399142
196509
455675
85119
188794
438673
100727
132157
127892
13243
57557
86674
304440
360230
192801
254162
304333
342960
309714
329055
124233
111263
242905
499290
77025
172003
91943
153603
11136
203933
158117
188251
324485
28377
450502
358450
11975
161434
373129
174869
66853
486475
106543
312417
131495
165248
259688
410364
483174
237692
348429
6067
88809
442220
450672
429477
197665
367365
65366
235123
404583
147887
8211
171053
291900
112306
13268
289120
83662
168656
18335
73719
351771
461192
211118
465180
416988
478957
433575
148413
39040
325397
119956
37306
157791
348737
6337
88722
376780
185664
48914
67774
481039
271929
220093
62093
392413
9943
134722
109318
486891
318512
379292
448681
447941
483518
379740
450550
139466
92203
444066
299507
35381
454588
409031
348059
78887
242611
366021
60186
144584
466487
394415
460106
6338
257219
415599
149794
408360
256743
140357
325027
14120
60509
156960
92061
246551
89417
483135
468648
459717
31054
374148
314108
2271
452957
76072
96324
121911
291638
313084
263192
55512
295937
394549
83723
219435
452012
466715
186047
229934
252333
297456
339645
2175
162786
49185
388321
125175
228515
62496
190721
113637
291962
110475
307387
55927
369114
440950
170110
62320
427531
431782
462042
470923
49893
125814
16184
64827
192533
78482
58101
438231
294327
177075
7565
421731
172880
4613
407992
210377
245505
270830
20810
114714
415527
326199
229083
239305
228640
167759
328138
141818
128454
396541
475351
83267
43091
184517
414979
484030
184078
263429
317962
99263
17654
131689
80338
408914
382970
92180
73990
402351
339716
88544
325682
388441
146772
323551
470091
72335
483206
132315
9497
132942
3073
135581
400386
85160
63523
194812
499211
373619
470823
379841
371757
163081
487433
122016
496985
364055
421613
319431
338710
59026
75445
150559
133456
240368
225097
402894
129356
345451
33244
304785
298853
353323
161560
10746
290239
57259
255666
10364
229544
315847
35680
81798
107418
65217
13571
123178
173860
302901
337670
331395
325211
390324
23880
383500
74068
124241
41717
236035
367801
220980
184842
317706
479722
38578
11062
445838
321493
440152
173762
53985
342834
496712
118967
270911
402371
177741
295741
56323
310290
187587
430967
290534
416675
4673
186048
144925
225264
408344
307786
208718
103218
327038
467295
235759
146408
59772
420521
338180
200123
418186
443972
439509
172359
203337
119769
475758
344823
154033
229272
82587
263834
492926
327436
258812
41818
210223
245268
82946
374370
169088
308919
1136
368095
466122
116625
77814
194520
101780
229766
2597
426749
150833
376299
17743
367
125099
47842
201882
160470
145147
258350
495023
47010
218155
386148
23571
411860
270403
390174
248479
59473
358353
162619
320925
100791
28323
464345
407869
430871
422606
177143
211578
91317
226966
290631
414788
120606
119594
431688
61224
170927
156160
367864
239008
439613
56693
150627
156129
196418
97184
406696
85963
307971
227628
344592
95061
352313
168566
393684
240209
428921
20922
317565
95154
171288
14166
468102
231835
34619
352897
41970
220814
163023
330421
140888
40860
55254
324040
226458
336539
216134
492996
253749
300474
122912
425068
418447
129688
211358
195557
249326
406554
59825
441026
378508
199097
259635
178391
134772
60702
189934
196449
345622
488717
286724
247788
384213
261881
484746
94585
152800
327952
388041
383177
90376
368342
295037
194501
267964
382086
164945
354660
76770
350806
85560
144768
26253
132623
326351
184203
361921
33229
142713
121501
339809
222341
486228
395371
493468
360288
186052
255179
119725
115220
14535
428086
144353
418107
201769
254718
402636
290954
217447
206052
67504
181292
174939
391426
134523
270250
83852
61183
113995
268079
188518
230032
461452
184444
358859
318840
144524
379831
327427
421507
170946
276039
280306
198337
16691
408117
15868
478992
347568
56439
84500
209183
62377
485342
420997
24470
81191
407479
80822
289583
71585
137113
67121
298917
354739
412411
312592
16609
186440
363185
144836
353496
269889
12106
59311
388976
332537
153743
485122
391979
251194
488776
337555
336989
88386
101273
177122
63079
74890
147693
100717
360585
447327
248789
366428
66320
284454
400875
408540
188582
284638
91603
330376
313197
247674
319352
322315
421263
260633
95378
122637
90905
15421
50897
61703
51185
88253
234434
101733
393150
223610
175157
88194
330955
442333
17980
158373
399393
883
204810
55605
412435
169609
473333
435132
44109
283996
61155
96687
176376
349098
12116
420585
115393
6955
94523
146272
261702
120673
322335
359002
389009
280461
195244
14092
497789
215486
283643
167845
137304
420174
78317
156908
130641
342784
110999
483597
84028
346871
339509
393048
343779
106409
261974
378741
50042
402947
366323
476006
420847
88562
45078
37027
474238
333464
427509
24852
429605
269125
66312
13440
426852
197006
54888
189641
357162
479934
51267
98413
231265
96268
66966
292705
267838
295327
252859
21676
148979
329876
73543
360682
65987
196397
76937
160326
171920
123512
407786
320638
181488
25554
138408
146397
202093
263095
488264
424397
100173
125014
141640
376220
234797
161552
370726
462412
115517
253447
112464
302047
231956
38737
33447
220848
45708
253903
203605
9660
139935
108905
32379
328916
299956
153831
122122
252632
310436
114140
305870
245795
104404
336540
6607
204739
329945
288526
378690
317983
238055
222580
259513
81596
98467
114885
308344
34253
223347
251188
36842
404774
104791
480311
174728
301150
417387
192834
320841
485528
246460
334084
331585
258295
77287
180134
272200
485598
200288
165030
81774
112202
11208
460517
65649
152590
196085
392893
348300
230893
1057
449056
263839
353106
267083
329130
140433
477587
386770
400153
422659
418542
9360
331386
80442
2058
80406
304483
466870
405583
162652
213143
16428
180328
294221
458694
47802
358886
266449
80261
399857
187733
345553
365162
20671
8199
353908
439425
239638
392384
145432
446764
68020
265694
97603
63199
458977
198801
122524
479805
414286
434786
12761
127754
159370
427833
238573
183048
445709
115692
414091
229086
31916
67900
250281
272537
310015
388551
87247
420089
461550
330781
309268
229712
190588
454209
5008
277909
468050
351202
55016
132664
275025
297594
286333
76187
95839
194969
156693
322865
396878
427065
8150
303706
283423
45288
101843
76356
460900
336535
117522
368847
430914
47176
418371
32315
20865
437571
332860
168341
420942
167870
161885
148339
270475
221550
80697
232963
399439
468570
169354
238729
26292
186317
488372
189141
421492
151580
17544
66769
278929
305438
230455
193742
100789
89948
34180
34822
226267
386541
291438
104630
88631
48343
154591
378098
484530
283177
30489
20395
440754
467886
208499
382189
42276
489993
135220
296392
405198
450146
155928
380700
360408
447607
320701
380645
41051
497049
212211
83793
400580
422361
379788
6379
469166
301099
334742
242150
375687
299847
175192
133609
116782
75088
252509
273472
344361
269151
488355
93921
207327
290443
289845
145105
10952
445990
9937
224405
336559
284813
40205
141640
97142
204801
165179
379336
271043
284608
119628
488370
371469
322347
155701
57696
412936
149169
139506
75458
468631
224920
293208
117130
246581
106532
113847
155845
251784
287631
140082
27020
252226
114187
443686
54610
296244
42981
26268
159172
274896
236049
156969
400810
68015
386858
76567
388048
285407
17292
221620
456203
486831
433712
218713
45935
353106
484375
114198
286754
394091
415173
443959
412636
343748
470699
10748
60177
54519
49624
406498
445704
286023
83486
106982
406473
131572
281017
233077
173573
78423
460700
462011
330702
411662
434138
418033
288037
438544
211839
290835
326500
97851
366676
378235
153763
437602
269665
92059
365305
90062
36052
293130
45615
111928
423886
212815
270289
131535
228283
34488
144150
403543
310403
93869
323510
59281
440884
431381
28895
35798
259578
484312
152395
324086
321892
227088
438863
113263
49157
42517
197827
164193
25416
327212
204338
138182
484227
329469
339564
478517
278093
143801
436463
25108
307212
152636
380420
397712
363971
67875
9314
32959
353994
22519
349876
266143
76934
201945
441556
397339
305139
309881
10933
318013
19737
19087
248007
190852
286743
100523
46122
252345
317183
338906
118941
329956
258237
437237
457618
31453
199891
492580
490580
384218
329773
387900
440346
405689
423258
475988
259125
67363
24907
322470
175617
289588
438382
328540
457304
413008
11836
416459
455015
430127
454718
218303
117790
26700
72031
43187
415108
114808
105969
99899
286744
54298
338747
472984
166376
181316
350943
272788
429709
398371
268035
71250
140084
191571
267027
254482
71761
5274
276765
298642
119399
247444
447280
436733
290243
364752
128042
108437
298486
158995
196103
419636
121749
471871
156551
151633
303686
230469
549
302622
185744
218319
263725
62164
211806
74300
137978
211647
43613
196271
405381
169308
303541
181803
82150
13289
186009
255723
484147
401359
364089
480974
298651
256494
328003
93585
65132
323485
118410
476387
166720
114359
245957
39926
315556
417478
43090
180713
498553
400831
425131
70604
92978
430734
249529
94774
71196
170276
498900
245924
45355
274404
455901
265239
106919
460013
252858
145064
436616
75986
98184
313248
159549
309370
98343
495522
475729
192206
485739
10857
380296
230448
480007
333692
439119
133204
420989
498506
36721
365316
356079
135994
484063
280929
227510
176068
268912
167303
299111
332863
275152
60991
85106
496602
98552
323287
311428
245099
386997
215560
437402
350055
481563
308155
249757
173635
345523
94681
255814
84477
89873
200266
109828
6046
464462
124324
5265
423390
45985
256908
453537
196956
120232
493419
123047
121029
264326
415698
351361
160412
314002
32398
362217
137530
425271
18771
412812
457145
5335
244699
213414
444512
403900
494922
93115
324920
292076
316698
72555
203901
195867
189389
477477
188431
287340
325594
60412
123850
420919
468727
103536
433443
61026
256027
493116
487684
69541
201325
245989
457158
321241
136993
105995
71187
281356
459231
458744
361270
216415
40902
341579
81615
239191
188791
211667
175102
81186
3115
109613
37098
82086
244889
425460
306159
383045
15096
128058
212822
443194
143482
317226
296742
357591
215200
192525
110890
200360
498754
452511
197382
103378
343530
465935
310526
130989
262624
105202
101790
151229
483704
146223
466148
156253
497978
223448
359159
26519
325158
311148
454826
409106
96980
124353
22894
359331
477722
130272
450380
245717
278127
119935
290035
485457
467153
19071
300770
353226
423072
224616
70079
6615
281698
163007
111424
237986
71076
441161
368114
117297
264824
281843
19084
177235
1403
488251
302811
423859
482445
290728
61952
172264
1732
388386
12061
412762
236577
485989
468829
468004
104323
222475
238212
166039
381284
380624
220073
37533
275967
168871
151701
470543
269556
364609
163524
349754
488915
398640
27353
156903
374492
230399
131168
426540
272241
179212
368816
419082
294080
102481
275624
278659
110421
432111
49381
21245
320475
180965
103585
202140
329017
441840
350815
331778
355140
329000
238880
480237
343911
286728
49272
86056
62546
85312
239318
47122
375921
70316
212517
311781
336538
299453
222153
163331
325798
440252
405416
302573
273593
222618
308871
286264
173393
48442
35335
40891
424610
353338
246055
273525
220802
248442
50060
495366
4017
473931
153559
231954
56409
347748
438606
80824
451220
349438
402084
442367
70378
276793
26557
117888
357612
463430
2300
164950
458947
212657
343452
213205
270889
319071
185529
242604
139079
281978
444004
42081
224512
57054
12500
180485
379370
402173
311650
76236
424392
360038
196573
158783
47301
126871
79695
385049
397938
368785
210350
124959
188763
333248
101820
292663
390618
379435
488007
1705
186111
60006
172047
110898
23955
1062
404822
369134
469058
231430
178598
84529
105008
416012
223235
123092
391452
219880
260148
466675
479502
473235
127204
395433
374460
371952
69947
72514
496671
453089
3172
5984
349407
40578
469199
245982
67000
386946
11434
476199
473942
161856
97746
21955
145069
86458
495922
139762
3043
349468
472600
429421
114849
486779
140969
272877
51381
258635
12338
239945
209605
362560
420432
441003
208447
347683
285813
186541
324553
75876
474696
184530
276868
184081
279341
148293
30006
248227
84882
234698
383509
49486
412487
305334
45749
48602
371431
290459
365267
64546
225344
62051
97214
131192
328780
84599
163413
323567
111101
424756
217671
123659
486666
183829
263029
493943
349694
293285
310685
207461
492107
110185
110267
419473
211917
194704
462283
295410
172562
443445
301125
486229
67159
381241
357159
496993
146458
109304
14649
378128
350207
156525
437198
50720
159765
435624
477197
411188
323395
395686
39062
115224
174740
498171
413586
254503
332511
142027
2509
24790
125897
450377
122904
196880
488266
95836
273451
268060
106025
326710
410739
416320
452958
287196
373355
322467
141698
178201
270738
450315
255807
213743
272854
123207
315246
310863
409654
236264
401838
489320
50032
34175
285398
452993
322987
91751
375254
320813
457817
7569
187180
68481
439704
6710
161031
18299
8780
184915
10639
331785
285906
457909
438751
228423
456661
75063
207644
22003
231655
498880
46366
286630
259098
130985
371568
99403
482054
18438
319340
3374
339689
379563
491070
214992
274319
187040
498578
188751
427317
210535
211265
67520
325088
449846
72350
310000
468370
96090
15812
472908
325660
257002
96886
412702
315947
69523
266776
97663
145858
413807
28804
370491
331054
435489
253184
177781
304185
470592
230226
453321
402761
36696
77321
369363
492295
42444
33589
93586
491261
175538
72187
189216
55661
372540
134122
142755
178315
1215
384045
416480
424311
337982
359338
4096
433160
73803
164937
199866
438141
348030
471053
94768
193310
142489
223000
423972
430118
497020
421779
429215
322151
261731
310585
448179
334455
67217
473565
348226
271334
34516
332670
285398
85375
136119
274513
379925
103720
100539
190589
240621
94683
42957
31825
73780
7809
334948
311378
185459
92403
291600
369476
380646
412922
485061
163427
391558
349951
372902
493612
393832
63305
363639
169689
295379
40975
245960
426846
488002
336268
385533
158355
451484
121579
420746
350191
415140
265960
141359
454309
410906
476554
246290
372770
428682
204963
70243
7584
53123
406217
289807
95149
358796
324693
110215
32817
48102
422347
242109
136102
162333
196704
152453
317587
127762
156247
40803
232738
418305
65108
214605
304911
358365
238316
393562
94091
279372
369126
354441
369663
25755
17607
398656
33847
94894
178191
30795
234074
499828
142336
312156
8973
10022
395791
185637
423151
270691
480874
358016
127828
409192
463598
233901
463943
181718
149469
108017
59324
439975
428738
287360
411014
462158
346505
140739
117795
174795
187497
233168
474362
32174
191411
372602
124202
438856
278656
322398
311005
193850
261605
45503
373407
765
163175
470356
120893
29350
296310
238258
397775
211301
425887
176902
345504
284333
287708
424340
411856
297066
449372
487783
86131
20883
302814
275637
361246
156373
293012
128652
434585
440972
299371
269943
131751
205624
154551
289156
82278
402382
55973
483305
168083
392810
250727
497629
370400
363706
198075
62604
377844
450026
351952
202454
304222
8951
260527
76348
250728
313298
120078
80304
160076
407673
58083
96461
40295
295564
61566
199340
54591
292293
389665
366874
298600
184385
474683
387391
347884
220494
307694
28531
294450
257672
334969
84168
19009
472423
250906
499052
324902
327201
293135
479917
434350
36893
435324
126409
18380
74634
176913
111719
119808
433525
486738
207547
332916
199572
269169
247928
197231
414893
498608
422082
151836
111734
467270
370757
209870
112360
227376
327616
75004
248392
288528
401192
389535
472676
63255
376897
116625
469195
277947
459855
227171
117224
98879
454262
313068
316838
40935
332418
126138
27865
97950
81083
275091
279250
101163
375284
463515
300194
142073
432413
380296
234586
425126
88143
447668
382889
247743
376305
187647
324464
444510
449535
49874
464332
77207
374483
358273
347474
384870
223207
261151
471022
73604
262085
415661
221036
427644
71740
207241
101874
103922
297067
122512
496853
191373
392981
200109
327867
499467
381810
443705
123470
150542
491446
192582
116907
441906
374302
394479
213530
280830
385334
269994
148421
167145
68192
451163
222065
254383
136731
429054
346351
209116
120523
85286
304326
278823
57350
433304
212837
196710
213690
195613
198631
4103
392405
298040
418830
79164
16796
369510
10999
274694
482005
428017
46792
4213
140001
65237
20529
152876
454423
404721
22209
154522
64958
326940
328773
80984
26022
305399
255664
249451
62649
462176
139841
393428
353918
338362
171818
467899
69667
149625
376803
19119
69087
31822
350581
239756
374464
27164
30470
426036
351483
359062
109114
195889
427880
34166
341624
455608
60655
291065
450243
139269
55918
183003
119081
135467
227858
415135
128219
64421
363733
163002
367275
498443
209038
45311
337977
9001
418066
319022
65837
115252
272711
328203
389522
288892
470797
323041
220772
498749
10755
148804
38380
153614
88017
307867
436499
334525
227437
62437
328562
106285
54480
243260
473429
61434
238623
474679
290536
175061
350324
15053
243892
470527
32703
476596
233341
361298
224084
495619
465630
23206
289502
109666
281312
308846
109577
134208
351781
456675
295576
233901
421413
478206
253924
316001
300071
204982
176346
243721
67324
428051
321815
209871
388660
338630
222274
473403
381133
427675
282358
226724
165591
300654
210305
35386
89243
6342
449850
491216
312888
355891
35599
205738
9858
203566
41676
273973
19234
423444
158144
209557
177387
197161
266592
98862
379512
358227
386912
148851
149043
175390
6598
471458
197735
247426
128675
111190
188328
110772
207567
278926
301500
180063
167711
296901
293429
406291
342974
72277
115736
416953
428655
304682
302634
370087
104787
413165
13846
54818
68393
102164
23171
124695
288244
21081
80676
224304
224360
123652
261235
198417
206952
394299
302773
196720
424790
9286
360884
248606
220675
347278
183531
362802
461472
477943
205281
188485
312649
144160
298626
347376
224228
446208
406920
195401
27336
336623
330494
367790
619
332104
271471
319625
37101
416712
879
26536
357603
171223
263153
92360
413363
415060
338377
146319
152655
489110
108461
218376
448427
316919
439713
93649
208228
68856
279319
382463
135207
163750
376655
85813
31652
211558
472612
244516
89800
77346
183184
40322
184372
99074
99274
73123
366227
216213
287514
298403
475713
474552
200914
293973
190825
350547
263565
283698
154525
230070
41474
159025
73744
199440
68306
227666
436142
449954
474857
287916
356397
236120
199304
320173
50478
422079
147863
478358
493638
54181
60317
447229
42420
86518
488950
80297
132231
69167
303570
183190
334500
262277
429589
68407
179610
156330
471283
302287
75777
241412
472506
158019
49294
287856
133306
298971
459347
306906
100163
66839
225653
150277
107083
24138
304214
272188
302760
356150
353710
381626
385611
446109
147506
216106
189496
289989
175037
220450
23632
255326
261099
466671
244096
153170
359129
326994
38273
258831
359313
2991
465341
458785
463425
68210
55173
199685
149469
230959
484416
362800
310026
416565
47091
272911
7554
209560
369016
37909
350721
101632
294862
329537
75728
72433
310158
342038
338946
76943
165347
279896
251678
377317
428254
441699
39374
226546
328089
214807
373809
251439
346010
5257
326011
175584
42583
489569
53420
378316
424947
417672
277979
113560
368201
220201
110022
416644
413367
352728
310541
412366
155377
317001
397912
285376
226710
468896
117767
235194
91247
2518
495156
324994
201947
187588
255640
36965
117361
467448
485724
263820
237308
33126
214732
181613
489731
294622
73903
302115
129418
214752
14841
307434
47894
300167
231472
158938
119272
407554
463649
183499
134521
449595
157677
45568
380301
493118
229776
394057
481504
166805
158660
133994
274349
388135
462868
352759
325798
327655
31373
489553
469401
145310
150322
192506
312247
76923
205388
30912
316503
27435
355371
205735
438189
228344
63661
56087
236021
350275
19022
200568
84462
416719
403383
396184
483599
357241
132327
199397
183591
255794
247182
232479
273887
139582
499684
468577
348436
307683
43553
39468
45917
130535
297236
318821
198345
389565
163119
483690
274243
445085
374755
84607
310714
18089
79410
425449
205238
384552
36175
2948
316306
118029
205889
140452
331320
471890
323077
118948
392877
1399
420072
113260
306406
468904
375850
216580
95856
92392
437051
95865
484883
266250
299221
198403
164825
388895
110630
305142
140322
399039
139503
219277
278833
236286
350122
342630
229414
170999
285077
129914
381286
412795
144333
328754
33895
44309
233795
433843
411227
236917
105305
404761
460639
352835
261526
482700
138478
296778
272844
17924
259322
460972
169870
290411
119122
19502
311735
367563
187115
464042
122614
409295
313371
418071
189952
97763
458282
449164
118886
54352
483663
158323
276529
551
25844
143507
33339
407651
182272
386433
276108
206801
163712
439859
146973
2848
461866
40216
355686
282487
479351
66193
242022
144232
356747
177478
27754
134025
52097
90018
256764
413025
27871
294901
8594
391304
272722
334573
339181
218149
144644
182622
277915
408462
275614
213770
306468
347027
489374
246626
24342
386560
181335
273314
111767
10199
411027
428233
261505
210547
312934
190301
408891
322611
462350
482911
45190
27182
106016
100517
210684
453404
274470
140698
438194
368547
495011
65143
444260
271212
348644
328166
216952
243449
222839
169037
283628
363711
265785
307856
232302
174542
229165
253603
90060
448604
457214
37472
439408
21292
354767
39340
384883
398477
294089
346173
122742
330150
13442
243286
438020
362828
442699
298002
242815
157175
28035
138364
10914
258248
146735
20145
87454
209661
201189
44787
359868
342369
484015
688
176153
407701
151932
478341
332140
419661
388607
223417
206806
307693
104485
317997
70687
477886
448365
55509
322176
186520
36183
260919
130277
322894
399446
206349
11908
365320
449101
425643
219594
6515
457212
285389
391398
104091
349883
240487
155048
310826
468734
447277
203511
333253
118508
237190
238381
159342
426132
62897
129662
80118
116750
495514
27909
489749
114990
346682
381981
411198
321670
478881
149580
60628
451648
159850
221064
441540
170658
202999
16742
328071
10879
233029
332123
76542
310304
98058
477879
178122
378264
206375
301157
200915
315541
24195
493572
388353
158453
156818
417640
353822
487922
62990
413139
19663
117996
45979
288631
140567
376614
95963
178207
186435
312302
432329
474217
104982
231057
80418
108161
218222
267152
154755
108149
62815
232234
396804
79010
124280
459495
47217
325217
398849
34753
35552
467623
140178
476248
217390
56925
472757
194384
304375
206508
487142
72802
493314
77698
7827
287095
181568
406964
333615
437012
94621
197553
38152
31822
136380
67971
104400
450089
50756
190195
99769
131453
307076
21601
88612
304520
119533
401581
458183
278913
12336
303917
30893
454037
415706
60656
350153
279351
171631
438246
375232
142440
82182
314957
390874
221234
490144
254660
402647
109827
358316
116373
208926
251027
449046
214047
25901
396421
468331
185989
491262
359895
229812
153456
248942
350306
89963
460027
95830
361725
353169
270164
236152
94923
379918
399464
210471
233147
391907
466187
425486
391498
267624
489717
17616
399502
406693
119889
25711
266829
371865
134463
465469
463663
366151
349379
352186
170301
468303
75634
376684
58425
211501
292206
360133
343145
183255
208998
56871
59467
432634
351933
180958
357187
309606
120722
65069
181450
44803
62620
274741
155560
438874
223850
269388
291105
316843
19843
495569
90212
200493
71505
297523
317949
104110
193402
18677
135204
61724
400127
301780
33738
283745
53952
378948
142226
92210
92636
30214
69833
2529
351997
125423
273391
443318
313040
255343
175435
494002
60064
328363
311873
128507
192480
272695
163519
371488
40961
62764
264126
217780
49723
30881
240397
271116
367905
178677
375224
217913
421033
67495
325199
56044
163556
281934
153207
279173
391774
28364
165808
113905
384153
429298
281456
29768
436617
450298
314482
130700
379345
429284
85566
357330
89138
303034
226982
380606
13836
258542
25559
198237
89971
669
496286
164537
478981
146716
190114
127261
365479
232096
87179
435343
113735
303441
291439
149285
92220
326670
407995
164487
135851
146103
289750
289358
385157
47935
493525
117521
356735
76607
394367
269045
181662
464769
353195
275080
173958
494737
262384
421800
439338
209579
186724
351649
478392
139593
499741
446309
244343
194779
57298
194216
214349
337461
240414
233594
91049
194182
99498
63657
372187
251261
311101
404625
188573
231397
280186
198866
463682
35680
127198
422304
129187
121995
451947
90959
448893
350879
312823
303640
474295
349762
224484
233005
222232
135293
362280
38370
331062
277800
249498
393271
20336
487304
398721
179439
169664
48761
125256
115534
8578
24791
209978
6894
432274
484790
193617
456053
466197
88868
262780
332620
283551
139648
151275
230541
13608
124267
310813
197157
397928
219084
63822
496185
165118
376940
358104
159300
73033
268456
267596
469004
258269
139548
68887
484306
122872
2100
63281
76294
469575
496623
74333
127463
299948
54782
440921
273629
407713
426293
430154
44346
408142
234700
94775
370738
57002
128858
193490
146884
313940
24970
207469
239014
266736
56632
264462
108440
231206
61144
177249
405771
473621
251127
84288
314294
2822
483533
6870
105945
173326
254394
441313
463967
175919
465854
400834
245006
222894
109396
473335
479693
238479
292541
84521
332366
74854
193792
259066
71118
484482
251971
413661
257213
176270
306928
256116
350432
466647
392812
429313
336003
405724
319230
256420
468386
471494
77534
87999
406989
161
277951
183322
213063
473801
70347
90754
414166
436678
221425
81806
253876
294008
256087
441987
388261
203528
305883
24004
393806
483859
451365
414503
472496
118266
484253
113934
56697
383504
366853
375837
268072
288293
113250
215752
467150
25324
107684
308077
85443
482545
159344
87137
208710
69972
107733
71857
93314
431940
439874
381480
463501
366225
401195
158233
451600
235024
411032
257091
160022
371474
464669
372900
219283
226349
363859
112238
173058
395710
203211
171185
40683
128286
122372
33312
251378
128705
305196
162939
181521
70180
492836
273831
318503
152121
436684
378458
378618
157337
74715
260229
25761
154820
33776
174438
487424
423118
477807
494012
246342
347064
489338
183174
48861
284908
124277
381619
498298
167126
37633
434790
249045
290160
97628
178674
29906
93585
286356
203558
78427
430570
56807
152777
241853
123846
212853
363677
112366
292486
184816
157691
447830
444962
381940
344786
124491
430315
50242
189284
337151
432313
205017
67817
28899
433354
231009
481954
243623
123260
304327
109383
81863
289695
21353
349848
400193
350148
157456
284732
360455
211437
448520
248831
87225
335887
347803
361700
355090
308659
198813
359886
176520
85259
261152
139757
485312
356588
133891
365098
94487
243603
42885
210026
215701
360142
336924
365234
316613
4449
427805
414160
376187
210522
442264
20501
64964
79650
493378
177982
304266
454688
487436
385071
474771
363128
31840
140819
1284
43533
132011
248432
434748
428948
199263
135727
275592
176262
170129
214132
74458
215139
207977
305356
29927
286965
300750
359723
102989
79597
218678
227319
108077
241186
66688
61020
343256
275157
30226
327864
467847
32450
76670
264472
21779
100244
168805
137732
31763
279422
107894
242217
186883
359275
32175
293071
467602
325081
353588
367910
387132
58239
476846
117468
181511
156320
188471
433460
149593
446250
307659
207112
80610
353489
192441
345449
405448
148947
430643
87087
119079
362480
326732
318130
206468
128157
47201
323965
288650
12208
325174
112412
462039
85352
234585
2965
298922
294852
170282
468015
200782
309194
26319
23931
301735
36392
391495
136742
438375
282859
287927
408326
126106
181091
363837
422026
207245
228382
360132
62741
297675
77958
397892
464128
189958
311945
491515
253305
109035
457727
288709
488908
89523
176134
338251
13871
1508
353990
379341
44926
460380
55898
467425
41621
350938
372117
309514
431243
417443
228607
96679
349561
80459
179986
2754
58729
450531
489110
402248
70760
123757
325959
89076
194524
49855
187238
466130
50102
368984
222156
381110
393046
300098
6023
170223
478233
97073
15346
18745
410533
232361
363899
185331
268146
71286
30265
132528
175428
94441
279324
457455
85159
490041
492759
368963
471639
445009
143522
238995
53785
303198
176593
248276
454541
182691
113379
4053
73768
43520
457691
52553
106107
80020
45579
221571
346033
97008
46314
66516
368658
75333
370926
83404
66280
72619
115654
152825
358297
195138
336361
33260
47888
495805
162825
184281
252849
21366
306233
6652
277070
151538
366617
193139
371493
327867
196285
131258
415708
10308
242297
396150
311158
438443
81360
336142
343901
392798
342888
199812
103152
175146
479274
290755
164740
316945
169340
347898
46380
346165
359717
103595
444644
425251
177196
88545
154690
158173
24870
413721
360809
309646
364386
272026
324900
278852
420684
61444
275489
234919
45076
289552
411636
428238
26656
408522
380801
15850
37654
23567
308787
118833
151019
482357
197401
448505
43615
473477
239437
491913
312917
5094
217660
426567
433976
453292
299515
107017
125405
136574
454207
420393
404967
366560
469444
440087
349060
56355
223254
400107
72321
162297
244052
459045
314083
318086
400129
96687
490573
342829
390542
387374
449497
355057
346368
483888
465050
176699
65468
192547
473188
485081
358274
239658
451254
127675
421917
18622
339411
11677
457088
450817
182308
360937
241487
109116
480552
1055
6123
311157
204141
241769
442659
6583
295362
387553
442021
301747
257747
477158
250387
96307
406547
424464
232430
24218
255609
424526
209255
360968
460191
461719
57975
219689
156324
293216
55403
254000
130521
286170
69964
402851
124796
165011
392955
314041
213624
42435
196110
255334
417877
47888
314709
123908
308218
150514
20623
489028
154436
277090
111248
166643
405868
447008
440690
124832
451593
112181
75953
453535
274229
392840
456248
11588
494563
190364
364541
447856
245046
335887
144779
120757
240875
291237
49123
197167
24249
75094
481460
478576
188625
66456
80266
45656
186221
363390
427319
376520
259833
85368
129172
402944
189708
499048
357591
466790
78445
160418
359900
154036
468891
291051
247715
393612
341135
462241
310688
495924
387820
92929
232368
286581
380623
319993
58706
409004
338021
426989
157225
359519
376057
287531
264733
262573
58321
435506
345770
175858
273951
439395
44025
16602
476916
192461
62861
168765
49420
419979
117511
152758
44367
274930
99478
445316
448449
46049
18492
492293
479809
71581
203531
264577
328794
242531
208411
357192
425778
223433
96470
411960
355457
152628
342395
278332
284862
58107
22855
166455
422193
340599
76087
373340
451207
102193
136238
451649
309489
51917
247183
166719
21175
105226
403181
358842
315784
370910
298969
397007
176290
324942
443302
12218
455511
76225
432728
342535
482316
148721
390061
373143
172827
39841
2317
187004
416800
320907
27073
215068
200524
125018
103799
453711
2190
212127
64705
415931
179106
219486
313967
279190
474885
469219
180642
35956
55624
394205
476972
265674
79883
140797
1274
149527
31192
101223
310884
332630
370679
84612
411398
131377
393824
402679
187903
212695
95284
143244
209009
198681
177718
388713
436043
422432
277844
104151
228250
372673
90075
38581
201718
176947
490342
5746
295771
195793
313347
222600
188714
435485
389134
190874
447524
123199
296451
429102
146097
135237
433041
1155
36766
454706
484577
146578
55320
25881
310115
173081
435472
488651
201732
30742
234548
210452
179549
359278
203556
367033
31560
353714
342203
358413
368810
156972
304190
80480
41746
231543
26375
331407
211509
405808
82963
352473
240609
278151
325650
159101
16040
224564
490276
374345
128949
286222
305029
203633
42127
265463
295389
35218
467528
358824
127304
89928
366059
67684
238948
88584
172741
77424
111651
427284
190444
107355
451538
318504
343320
429913
432925
76888
236428
210072
108308
322823
454729
286583
324826
382099
316232
46640
64889
348642
18866
300386
120851
344109
6134
110905
142846
487082
387408
148868
80090
440704
445553
269776
323473
375684
379037
307745
65767
128918
459681
418148
11371
393761
169032
263764
37626
339140
407163
70084
364266
458711
468158
43439
445565
344719
11462
135980
38541
341769
341250
400269
403221
451918
209335
129408
184951
362297
364070
17680
335641
394758
107027
198711
246461
406190
76189
217948
135118
65652
395117
329548
467435
222900
125616
430873
56354
102696
10809
151990
393447
3028
435043
304941
53155
837
330766
206168
88850
298395
267588
406949
279859
403695
258129
279623
490384
354466
271385
183339
358331
414132
11413
297876
373099
9254
255888
131430
142234
328582
487683
92488
287935
69408
32048
356241
191286
326317
460253
275492
230511
420510
4857
238765
75135
11251
102722
368488
191473
238986
209655
444659
336503
144914
364702
285160
336405
223887
250277
412936
90363
351416
97861
119936
49901
403310
412458
467983
402230
455880
11603
254712
369215
227399
200923
438974
243311
83459
80450
14189
844
442147
3415
92785
266294
432045
209034
301768
364797
62354
384731
263206
352680
403676
195042
216873
490064
179724
89150
46589
106585
246726
89708
393575
413190
204126
153898
389896
239611
457753
166060
215194
38959
378921
134402
140352
46597
205129
176977
426407
274228
276205
218541
352635
310066
290797
348747
430896
112403
222611
171881
11130
133233
435386
469844
98003
452311
212366
98512
95407
316950
215211
471817
335470
63738
180305
51187
466577
158743
498566
183406
399619
111840
488778
349495
242125
200886
342925
369766
275470
50356
263727
250803
51617
466254
202637
333526
472568
115630
478076
332038
463907
165078
147131
140594
352675
388758
154824
100460
59504
444645
134728
472626
353964
426526
171782
278717
386955
277792
147051
286566
438832
439357
326350
262184
87850
294124
36808
353069
232311
12185
384114
159947
36463
492337
132075
82084
459924
153494
436073
486361
399836
222399
429926
252104
162280
115256
463627
2279
173093
471275
494476
85438
384850
305671
17846
138973
21802
384728
453529
329986
237508
425423
460923
211559
242562
270889
340806
433994
361564
101333
265355
188008
433434
296518
356734
210321
367900
373029
23424
120709
75221
198595
181915
238132
363612
179900
306767
182752
224582
18810
241361
298832
246044
111303
278351
158819
142591
84274
19892
170089
239248
257761
160064
343162
36519
467330
469072
489838
411571
158984
214386
51871
193072
321999
101119
383095
278962
423628
172130
2953
159122
386327
138919
334244
326127
297290
340853
191299
400318
356867
38760
397826
56620
300397
401424
350219
296993
173558
339213
226447
121863
148267
213484
69723
279343
104457
399542
204737
378586
195361
344498
396443
413432
291373
37293
371570
139712
251779
43349
462904
224708
28639
337715
226928
491729
316925
78782
390084
493286
46265
178518
318820
429678
418522
492235
474920
45003
442885
396774
146070
359512
447371
47258
118897
146406
143138
263226
256164
355908
217902
271040
317788
375143
407841
61785
4807
345769
232358
128175
97579
194194
53846
319679
397128
376417
289800
325434
471690
144371
131834
403505
107702
56703
194790
241218
181142
21758
231054
249506
177407
490541
206057
197197
247449
219379
193909
162878
307752
307594
337969
136510
225058
147180
110436
431941
259906
54997
373804
394543
163008
398186
383130
322936
32324
9002
460195
220530
252883
348553
66173
87954
459502
339455
301388
225821
220843
27184
448005
337302
143117
370449
201473
82261
430020
120377
364432
231582
178104
246310
60848
54229
43534
339830
387777
465350
231457
46050
141998
156977
387747
386094
190909
465956
317172
68431
494296
288699
138309
263476
60729
372257
359247
74830
374583
136932
115456
6241
208541
262530
156367
173140
405890
198273
358214
103267
433724
284016
303615
13955
25473
283653
487541
12417
225349
299013
239570
47140
35460
93581
468370
309138
218489
479936
142794
232019
191556
128409
177158
293460
363688
437652
175535
458351
385158
348820
83648
195635
391008
311286
260968
181305
42815
421623
238138
462339
262502
75087
92979
89908
6275
342389
15733
110617
418662
419200
436172
5763
367423
273029
494227
212424
428452
482453
478444
208698
383200
335666
439823
106607
472913
315780
351283
379546
250453
364746
368831
448295
147548
424080
401660
286372
172728
65184
359106
254595
23302
436280
231055
58193
105610
426524
213926
470924
41191
154732
109987
151043
215980
459806
127701
11334
197102
354457
367772
40602
189755
300681
372734
306496
121992
150220
191605
37241
319653
12189
196208
90471
494328
274200
186622
40464
448810
403859
147938
209600
157034
341507
423379
61315
386300
44899
121959
424306
367608
279762
16070
249163
88502
173182
66471
472990
13471
365634
277356
123621
493982
386466
329573
345655
415242
276211
415511
441119
197011
137396
222280
489748
43472
498068
423025
6106
54664
228624
119531
246501
336046
7367
424992
287660
274436
115912
436599
31162
256319
46330
472827
122865
310877
18334
402750
143855
174174
274043
404224
360511
45543
433053
114754
348149
249373
35836
448463
76045
217817
6799
116097
479226
383795
13950
102872
41047
437647
479766
209553
116875
416404
49497
49337
67424
285028
345459
285789
343419
255392
488204
372048
294797
372161
160061
303052
180927
85938
95978
342472
181987
246625
175367
329884
82301
342281
190311
192509
460101
212561
59187
257764
189665
152045
235906
369763
255118
443139
260525
467539
164194
241388
447151
430976
483085
302333
122298
77139
169127
52591
434749
356203
362408
252579
100537
116861
355266
403910
231112
83469
493309
59676
441327
347900
186483
96739
12221
380268
258683
7081
389295
233513
254350
432387
2030
318802
442451
466168
179732
331926
217474
382622
103832
11294
331584
153267
112935
168246
5442
277374
139829
157071
134423
284361
278800
130974
214140
469960
250378
68073
51903
185624
140996
68819
315475
405866
183110
196094
229827
436476
133225
340694
203018
270355
131707
409107
335060
205786
224288
185869
28516
211816
126189
23242
59798
474606
168521
186653
87761
326711
49069
131739
362615
203277
58415
359802
119402
271767
56266
9363
378417
361287
224948
359853
179746
466155
37449
117610
249168
492691
395764
416052
255990
104118
394638
276428
124559
24802
145363
150126
456070
186571
58254
386377
460646
179917
20574
158717
323992
191426
282144
371023
68335
108779
41938
214014
248362
137888
166291
411717
378687
127622
164336
111771
292749
204194
121174
268662
222918
471342
302906
146010
230207
135754
149304
54275
291199
306577
403808
494505
338267
453971
199430
365858
194952
216264
256416
385394
212491
341475
88111
54361
106188
341950
23694
31145
237755
214752
322747
72354
56310
66118
85716
167887
190141
97010
489975
155221
42857
305860
138618
102213
475362
294615
298687
205362
84122
400534
1286
93923
101829
86936
151956
169296
135491
199637
346778
13566
196519
106276
293756
208742
131904
461065
499164
55358
221010
83011
270460
383779
177672
427483
443057
425421
290604
347863
289721
493233
12331
374300
296205
59226
352740
318080
223627
292055
205922
157559
276286
640
463988
298316
470376
120811
375776
384432
156328
456435
396402
165840
76893
157617
76578
432612
75166
210269
292112
492377
409974
300045
350468
186244
22960
9631
338528
358952
270051
178605
120364
36571
65022
361331
371368
464239
312950
138107
16440
485135
413016
468559
380923
268862
423552
381721
441839
202390
99099
494486
392443
439924
320839
451667
99543
110275
341014
2869
294466
360174
380042
417613
84948
264547
269328
188913
205470
3911
107091
473417
474234
266704
268940
424814
182999
331341
351034
66078
230546
426923
499466
128587
405114
205777
24647
448086
8990
171911
22186
491220
49641
286142
313174
162136
61643
166019
213465
287374
42951
491632
407049
179438
325414
293968
48951
108314
70495
235936
31337
331152
196845
323562
318153
105830
336351
159374
315517
484844
357946
234964
298951
340541
303808
188036
430919
141660
337850
462223
300218
466133
395030
325555
463247
99354
49148
94803
465994
448469
202887
275088
141800
198625
88871
470988
227627
450601
131232
200121
151938
427269
108468
18079
395847
264724
488656
365846
242739
102893
358095
478918
202138
290405
35481
223634
329244
62294
246326
58296
292750
300237
49641
228195
49214
365846
309395
226187
77665
473707
448011
94481
254862
134402
170003
399921
277826
294732
74390
213046
355774
101261
335708
138019
336622
52519
83291
230634
16507
475386
160450
451549
270456
478657
323164
143542
36029
296374
213839
206442
74441
79507
45211
424423
196067
249037
240830
465746
378080
479973
493287
316253
99353
445186
33910
470371
238839
26105
44912
87833
243647
479687
451186
422585
340507
155245
242361
126915
71103
380703
461504
467300
143262
463198
448778
42346
317023
59539
312900
135597
319732
269319
142934
402370
323690
454301
493544
32688
469527
55294
273305
141808
466136
212838
120727
274518
85654
1915
226148
250420
208848
316325
388373
378317
904
181361
447747
358451
115007
448786
418484
466993
414992
185821
355314
386587
282440
35040
200450
219395
105625
450419
73161
463161
73470
458664
444480
320005
447378
367313
438426
395985
390710
383158
313559
493789
288225
348988
451736
66160
12188
214897
184229
253278
218543
450045
181993
385264
285077
280079
428613
297835
88871
227960
435323
190916
40268
219953
416053
27049
494035
87417
366376
11255
439346
397298
10197
339106
444945
17971
28238
64964
364571
442759
432501
455088
74899
498362
412257
257936
54512
288576
154186
218502
63928
459412
375682
356845
498551
109661
48533
447848
96662
209010
232532
253869
162872
186666
482396
159973
194418
71918
243003
496751
276721
21710
80331
386666
214614
395851
455890
458300
128805
21834
416535
237398
73443
294885
379965
76399
225098
262661
166962
52339
97759
494960
383415
150748
20909
312961
397350
181519
481096
498126
340892
88779
43803
297565
120381
241085
156279
165674
372985
143573
317247
182563
376047
327404
298863
449684
167881
305204
84966
409963
127862
299356
440583
177661
304586
222282
187707
201826
85517
2564
48912
28318
118451
249911
228926
1219
370682
176970
176074
466364
159761
306154
322998
41091
103999
484317
305906
431561
80298
386393
355638
255189
161722
201892
10888
184394
285450
432452
23556
93769
446225
154137
36828
141770
85275
430204
80032
71891
259249
88752
60470
128147
297514
246107
466704
219793
140681
222247
439006
334207
350521
129251
215494
281174
215400
217088
90709
279924
353492
346934
188550
88693
199137
177078
27544
1744
111537
442956
26822
137356
79691
442980
180989
465243
120334
257429
234684
413315
400433
266374
252509
170462
416814
87047
392259
459726
167435
156697
297977
202931
411477
21025
47192
33192
302845
475108
109669
446279
377254
349089
218600
77786
321050
91702
285048
241091
277212
492309
324013
282818
3685
323517
439778
309427
404113
366073
455299
344490
468600
394182
30919
50448
100078
4973
209164
96662
359252
403159
322669
412951
193453
487908
177576
132643
311922
142642
290620
204294
324691
238783
162682
204900
217665
38871
425997
6041
56361
149189
490370
360225
285672
491238
471341
305149
259197
60758
149129
334460
341629
380643
143057
88886
139250
414546
275939
389723
347532
233929
347589
274183
443180
12798
237089
253888
382347
397812
289614
295105
295891
128883
80605
171635
86565
353765
47826
497441
371756
495519
240387
79578
307265
354736
174213
241086
375895
72907
97173
354480
124769
374904
365289
476782
37981
448842
31365
232376
242244
480852
177060
309421
399629
124517
199275
481628
493856
360064
128358
492696
74231
181041
305918
382364
446827
470986
446523
158306
81157
395567
64830
411790
104474
185913
226217
415669
406478
496453
344861
414799
13029
153539
247418
443672
99982
102948
293583
420962
241199
42991
412517
186556
148315
460773
427279
119921
130025
247151
34149
327889
463827
223727
293363
380401
146677
365933
374174
233375
275149
385786
415503
103678
276649
362356
386687
289534
426218
37599
130693
35895
370614
111694
380664
60335
452249
81390
157566
136879
60596
487491
456474
392460
102356
329193
358431
111235
160494
198291
282004
216335
42742
497451
198664
7372
442601
98283
332109
366363
417740
400352
254223
234311
236643
413963
293926
276522
57830
962
26027
306289
5424
326205
103918
149061
478633
369953
473589
191322
38700
436875
227412
240671
139141
10911
6106
293066
440736
131230
73342
397610
32840
181407
200012
249001
305428
117368
66891
280501
147302
77498
43529
403764
47239
384588
9371
86918
474156
317785
485751
285779
323016
272619
55608
429269
155197
1184
52551
345694
2212
111570
338109
324391
236858
396901
367130
142230
245418
341631
130444
19631
490884
289129
164765
217491
434268
41484
306411
53318
148634
367406
329364
62623
240856
39844
85595
445835
167530
291721
378008
331602
496954
273831
255425
5705
30906
442988
23433
459785
149873
30409
83763
297144
89600
476750
322692
40527
318828
156158
408554
3163
422350
194656
48334
27552
165028
269426
338316
273659
321609
2674
39050
203786
137864
188706
49727
45680
265888
351491
283242
427530
435413
340215
122844
250262
154611
311401
361912
486043
244443
50813
405305
25212
228758
186055
185114
407737
218606
191949
231013
155971
397362
399759
10650
395232
173348
368109
63016
425694
304229
210677
332230
80320
309552
400482
89119
175372
349897
317421
147759
49245
166886
497271
413949
85940
421603
275809
129164
449735
149763
250165
70672
274032
238325
168520
115503
327717
302339
77698
411853
3258
315722
294927
496350
384322
401924
71572
439923
495027
40294
106446
460925
158913
346478
403770
321750
438306
96011
158584
182530
241578
169203
323653
107143
261390
126469
386343
264917
192534
246886
231589
22733
22415
404141
105983
170098
394920
95123
103956
925
75748
209870
132463
329475
160329
411578
32799
222821
426806
450934
7919
251417
442375
450852
456573
489457
160895
442258
141978
20722
301341
236377
444952
330784
22910
458607
117527
220608
311324
213614
174368
364973
72982
302007
76803
10629
95369
260996
96806
380525
234047
51318
410321
176297
491302
152484
162736
30170
190170
395512
292866
381529
156896
434331
126681
464055
205438
323698
387538
297951
185051
47428
457992
227318
30970
198059
121208
154000
113402
34348
57222
325089
460575
396638
289549
179352
59421
315782
464337
393823
379033
47505
183051
88192
173482
326261
352278
131886
150350
102264
13666
363893
384465
320388
57661
9373
242799
292440
433647
41550
66947
463576
327851
357174
26989
53628
365975
180966
121344
419495
159955
398336
5260
150779
11401
412128
377901
367350
301635
301271
246703
167339
28898
394613
303900
462009
453466
222832
382340
131649
198620
442563
195028
351314
245538
27881
23563
106844
402313
158493
308906
329514
114265
49671
321849
305938
89037
348893
86074
453152
95396
217651
386726
76136
350952
185365
143463
87007
219548
235730
36571
320526
219739
88224
149162
52323
424428
499949
392494
214141
330008
384139
143477
329651
460727
176062
48023
380359
30689
382838
68396
297244
281859
433937
38528
223169
290762
116351
223680
176760
394301
20785
157076
390005
326489
240038
379842
347533
182771
249813
238507
416949
301150
170705
346318
136103
74054
204608
238712
22812
349961
341147
128833
158453
415176
41445
167206
280941
182906
58860
133890
126568
2980
17445
297194
424895
498152
480658
68536
139542
393845
340646
403835
59011
154334
490348
205296
332080
69075
296587
297320
214197
7232
11155
149786
354662
124204
302207
285412
304601
295829
165061
469263
239523
214992
452239
410492
388533
101812
123404
298238
361239
238520
56916
395854
361315
365733
474990
333505
43333
427365
430769
475634
116051
126400
110633
449026
398405
71908
118529
299122
320405
426942
250760
373706
77196
369353
289921
418461
164764
64705
193919
342352
420605
156308
277991
201803
20802
286700
239993
459995
466155
375860
300827
444081
350333
136227
113152
445088
408326
90392
212984
312420
287765
296598
474675
51529
231536
406918
146144
351878
388053
259024
66599
252415
334218
354017
34239
318911
337082
454303
231490
357880
387857
32639
144170
192045
341467
146446
37170
470067
469747
96366
14075
307874
64713
147575
41296
288217
217990
282821
14297
6868
365107
445353
393453
23402
237940
477601
441334
449778
47866
202057
290976
475292
122912
423085
116049
171128
65988
26593
26407
552
48376
324765
121732
398384
380309
14662
137509
87305
401294
161995
7638
284110
148148
157653
406974
224877
189481
496240
272535
271872
404195
140538
347170
288314
64683
498175
53491
225286
204338
158305
417029
128454
287380
278219
424403
179232
212525
27166
346380
497332
350897
402893
164517
386800
250720
468108
320664
136212
203596
106926
328340
41355
136237
116986
486449
460417
401211
121041
241778
460371
279593
173506
170082
54394
464529
41407
386818
396252
112426
425384
142972
226015
80443
117843
259700
67750
44178
405800
423376
392271
145719
447255
381765
140844
6935
481344
458054
337362
364100
223110
13559
392394
22383
384295
246007
232635
49609
330309
276658
76609
312596
336180
432141
3188
1289
390962
405167
295327
469951
221392
172685
414819
114747
398082
260964
436132
185932
197548
449155
231784
100314
428105
164078
208166
481999
275878
38418
119308
349318
143082
429541
447577
405422
48
16047
317798
219199
14849
330980
77903
347269
288397
447874
388849
361534
465836
135917
134442
23789
313369
108924
328175
475402
62002
130422
128554
203874
231203
281980
61995
309503
415009
458156
356768
419206
40914
39462
243999
291896
150770
266790
221854
411501
418527
408289
71729
218866
433748
187813
376248
455878
420393
284283
361748
391621
28751
355655
27885
417645
274976
436823
3371
354232
327900
211709
197593
489304
365617
106689
125581
69614
322094
123368
469371
328041
426440
385822
464517
442555
156460
304955
91744
443336
397137
252578
28282
274860
34795
225317
112464
167106
275900
267276
230850
88021
390359
239854
336678
132404
184919
105425
231823
40360
80147
27780
101140
197787
226840
379311
381230
333102
436567
399936
293426
407820
456100
320311
206976
249807
17665
206357
103137
304922
415320
336229
429901
199015
483368
65844
413322
2437
22722
11564
42440
185706
345581
200593
202628
450000
213858
353564
190894
307341
31010
104004
339119
20628
455342
43672
98752
39884
474725
299776
175382
403295
487644
193705
61625
410729
459457
372585
160864
54894
100095
82482
144576
470973
413178
32497
493694
11961
438718
422569
76924
10846
186216
17086
428406
417661
286541
329083
31188
483862
53244
391674
43166
299781
227311
115536
52886
4588
4583
282867
446948
449825
353833
51765
292746
479936
301402
444156
123465
482834
73940
474186
456487
76454
403313
429284
190087
469587
409743
278596
348879
494246
473897
32306
446699
204031
480439
79220
333736
68014
77
37205
79641
461116
234515
397406
392739
93574
252673
490940
356239
196643
262330
179492
467440
15111
390438
178697
267215
373621
100848
57473
132449
61937
105875
471815
144802
353108
140501
91345
166030
310519
377981
125536
454132
202429
175493
9395
337120
480099
6153
325008
356703
430494
387486
310616
203619
402336
73520
491803
370005
101236
413494
356616
386947
443413
331855
272311
62447
343565
372392
217058
268579
48086
364802
464727
123409
387492
111441
148878
265691
336731
249161
324828
163779
419755
416414
148566
246188
189269
105596
269327
46989
112651
332044
196033
22475
65634
150179
217591
291595
371310
462439
74905
338493
411445
77315
223483
489133
27002
366456
187601
381948
367428
173536
318647
333435
330917
224526
250367
135497
24698
130791
385867
51196
336696
214992
339752
329784
22802
193555
305456
112036
296219
71293
480555
218144
228975
402946
259378
386101
314860
189104
242363
371878
305137
462660
211814
237333
123120
485250
396085
34346
379861
65897
187297
196447
362228
273039
180041
395200
340356
132195
61782
233772
480564
484833
11143
126990
47675
255657
20272
39142
415384
249684
218076
137570
415117
375541
389970
277767
149754
56352
390595
309182
315896
452174
409403
74222
359608
349981
313615
102093
204067
221119
303437
330210
182180
290521
329491
326046
400897
134033
121709
221176
161290
462379
46478
460297
419385
286722
38514
316242
29816
418735
252149
357205
410084
194063
25383
322958
381439
51492
489461
160446
418328
199453
419294
394401
496036
280921
52273
119278
374591
84092
152841
469712
417806
329963
471311
464631
358790
164575
61256
494439
187779
283022
471842
435018
201448
453227
211025
314584
66178
256507
62160
265859
33219
86831
471095
206553
390222
272388
424027
460552
81041
266435
493008
60741
230911
323565
145106
461820
141297
209381
129818
295665
495926
454841
154066
216386
209096
428736
367170
70294
347292
182499
397949
175065
16067
440623
83293
185488
248622
332184
131442
321717
240455
136343
395763
330573
31120
123961
296195
471001
140051
498661
306741
133059
60809
351173
350611
79886
333375
173200
391994
342576
92136
289063
449620
420582
248708
177297
445706
252747
258670
297502
189835
305940
6133
271181
264277
186317
25926
407983
293743
117601
317490
1386
333397
41560
309923
146595
481512
244216
438279
28131
349826
326540
318186
9953
301260
308132
171353
58226
376810
415224
334803
389834
160392
432308
344571
291497
280275
133813
135856
268942
135190
125337
72989
361888
291023
280275
222474
51652
183071
351160
135983
459720
390013
455341
204647
131224
195994
406047
231049
47830
184916
469681
269108
40170
95396
438819
82233
37730
478779
296678
236052
267258
325798
357784
378910
177348
470196
329996
241722
101487
48845
264261
290608
451351
226208
128423
85434
88063
354847
139717
178775
29999
4474
258700
210160
364573
468037
129005
154142
398943
248014
497188
87215
181089
141451
8063
240124
376941
419294
492143
66670
465941
465071
454789
378471
128521
151047
393114
441940
179664
324196
153171
114747
463733
100195
384094
304205
444437
130793
75875
261380
460497
346306
355984
358426
497657
133232
95462
6994
472867
441875
90101
491117
254723
361880
239635
344250
400662
121982
470917
149908
277121
458808
124884
5295
246244
110479
92733
267260
48270
496243
132094
488834
413251
113636
452482
275791
337102
172797
8532
417128
19957
187794
261648
365568
364965
80419
496778
443090
316611
336167
225211
486827
72328
229294
301576
35429
305136
286059
392171
235628
145913
13359
136781
354461
249473
330924
118567
366982
376669
372322
398563
402751
322522
153392
309423
390265
459290
415205
403456
264120
234292
102015
150009
53461
278298
38763
206024
58057
315824
361733
262339
480899
7052
244822
98721
232460
378909
1625
310013
323041
102024
421304
368710
402106
389504
312464
330305
373017
18860
498247
373896
463503
170559
240782
192797
231122
179842
237650
98034
77297
233639
184404
27032
220745
51501
7296
91346
75951
121130
427523
161902
101351
398092
258724
103029
496195
88083
275142
150760
142292
319207
69936
278117
169922
354355
320023
203323
300328
61329
454549
419048
212998
13356
36690
202051
315769
491655
476364
492305
328382
81378
437938
413087
142469
330242
391530
397441
366280
183668
485492
73845
388864
367484
280323
57236
472153
252940
494222
151949
42918
369999
213446
274140
291153
161247
301737
300581
58140
204345
228689
440567
408984
433170
56686
364604
309941
130886
468759
274161
368260
102024
69219
176519
163497
236490
104593
278339
289987
262064
327668
241094
120449
209119
449075
422979
158497
19253
118126
77594
291429
380285
133
276101
17636
132486
313359
340618
171305
117579
254975
138206
279525
18107
65133
50121
10159
193311
416256
352359
280301
374546
210518
440811
209788
67402
464948
69357
295406
159843
428394
242729
199019
297137
99654
268033
467121
414451
190368
380666
120225
438546
387776
330868
212932
479091
484632
326126
220254
36235
213175
36003
267545
120387
461485
401214
489347
261322
301580
355057
276378
248723
73652
174606
180913
381535
352847
39714
149224
347770
255289
172536
412402
153687
198299
19230
453227
38764
484420
53048
285825
227680
240747
385844
84139
473658
109981
257135
289037
397844
52278
159672
466716
310143
269944
301142
251599
111589
78630
41855
11431
46232
328122
387565
33429
435690
314902
248151
191340
159809
499054
53032
144598
206785
160595
304853
132404
135573
233502
284699
33335
459873
197318
9259
445991
137006
364326
335222
458602
133628
434100
406854
293128
303036
4910
450125
433126
397227
392829
51681
337462
49697
411639
345412
42815
281389
413074
277200
59071
24649
465754
403072
363791
141425
90282
30134
181294
68373
72309
205726
231480
278037
22908
118502
460585
132957
282607
225336
251249
207183
40174
484941
433008
31701
23807
461836
98565
58229
488350
24870
349002
468967
495245
263003
354549
170596
64805
279803
390351
494729
311044
286380
372945
321973
52180
51034
440236
489112
367305
134024
95696
309730
162616
88726
2204
16657
238966
449450
69308
7580
432175
298065
315144
343264
230242
332474
120354
163522
122393
356077
421379
161092
242526
181396
27219
436128
422795
146413
422126
489708
30350
151039
359415
165824
432215
91421
354105
309979
202728
109668
356343
182650
106561
79302
477280
376925
112993
311184
64230
248223
479897
126757
51707
358750
211375
102251
78120
88551
88664
169310
129894
251506
61532
459602
451870
343916
49534
50311
156482
132170
277003
385630
487399
434672
410440
148230
476228
498540
484288
29057
428920
22559
484266
381447
436323
445496
461219
197103
172765
164973
184432
405451
158420
82043
125987
91297
468968
484099
289401
74623
89466
178969
216327
456111
463218
312611
83238
354437
455593
373877
351230
180876
440205
414982
293739
57536
298632
41659
34507
218260
161452
432674
480250
241432
4179
415295
457672
22906
179814
491362
246337
372735
437261
104044
357084
231558
203241
175787
221264
164101
360991
122772
145700
281139
440884
199793
355946
191645
239050
199221
268049
441014
257045
250048
117864
405065
420533
336000
452159
174536
394405
50771
314405
634
337566
200083
154830
280683
76677
417566
279925
222135
22922
440535
206185
46820
66108
383832
447621
117863
337020
175431
142762
197536
440716
225690
442026
402898
416990
137567
48242
489924
282997
64758
11888
273959
82097
108842
216765
348982
346768
18804
457720
435305
443056
262980
27796
57944
210257
238168
499132
356465
169030
454190
309648
471242
214643
247730
243645
256959
181229
286416
196362
303077
346556
201057
201355
486562
80942
22642
230352
437217
73515
416443
121278
258972
328027
113764
441217
161713
175189
40715
225094
426172
45410
207591
98564
396180
138027
247843
212671
325562
377112
385526
375970
294427
263921
56481
99980
126585
404317
343816
462067
74946
266735
432089
63120
122317
65322
109443
102702
169230
184789
451576
209667
204173
78761
313820
484330
166373
482782
461670
199254
345087
16862
423355
242121
356179
208624
282101
369151
488695
154681
255501
409713
202834
192799
111496
432713
425031
16051
370290
177931
408354
170609
18864
445559
19931
112878
49614
86777
122897
286707
422783
489854
353890
219338
140312
301050
35179
306911
385956
94043
392996
353237
135178
31327
132113
352308
467804
80160
99112
287593
302999
192122
361109
141487
272131
294804
303217
16149
197768
49882
24219
393279
67405
481698
464848
29523
292298
488247
336870
79385
97751
104810
218691
241094
497353
65445
115569
483901
322793
253493
100578
241482
429832
53199
273811
24954
457378
480841
114788
81682
459295
216470
470180
302263
272169
17708
304346
388864
461836
149051
147271
92634
172082
163661
463923
245631
94016
74225
76618
71455
248373
36066
26277
91959
52106
82341
95524
482872
196761
300195
365825
106857
80018
27558
8456
435912
159088
259279
360301
463110
439432
158131
67742
382906
63253
333500
95374
208899
77959
253783
138771
150150
421718
438741
69188
144066
213389
397635
58312
67174
206718
454584
264693
422081
493357
2179
311180
178285
52116
437948
471213
365428
406454
433580
57987
310976
375474
473595
251518
64563
423625
442571
403308
55318
278493
106194
58976
196123
79378
73244
377343
59945
9139
349168
350810
313137
218258
338215
67473
490124
496854
467393
298539
384377
447008
97347
190291
227235
445412
83139
109250
67743
423113
134588
189097
454696
273781
352795
20913
126325
85786
27827
65759
232849
370633
336975
387222
376762
217582
174206
432723
369794
157851
491787
291511
338999
370386
473238
225030
329567
347561
323780
174421
52643
324898
91284
223743
14930
358350
305508
38996
47989
148363
198733
156402
22674
362803
51695
176523
385624
113201
56430
284504
143866
286185
36270
15354
391456
141546
463866
19028
292497
253027
327637
107545
94516
487046
277853
171857
80075
404899
169268
431376
195230
41784
257153
14530
273258
277046
407524
447049
181694
94366
471773
375682
170109
103494
461534
491262
468923
430196
434010
415580
210613
291013
91529
367665
317900
418915
15503
152531
11105
283657
108875
193252
236371
101548
117715
471371
142177
204773
60025
354192
15401
190300
216232
129985
187676
168265
484510
110951
394692
163559
313462
284379
50131
454305
95283
355352
278473
391681
1997
272411
69701
367798
482349
284469
119855
301385
236678
12957
91551
22016
465049
133769
368988
329037
311824
250516
15862
321261
400107
279539
24918
19490
423889
494193
211288
128512
464430
2656
85615
54901
1654
269896
153393
494078
170719
82578
412815
403115
315869
255756
359512
354669
69471
184135
110190
7476
307789
246378
459991
34424
60626
56755
95704
271576
483642
429947
489439
403933
422616
389089
414376
360898
166602
93677
30218
6762
312263
180636
104430
453147
170790
296926
382215
385631
299286
365946
90192
77229
319338
220922
242807
398896
288552
272537
428280
115400
322599
47712
464134
315616
163636
474463
161946
407398
452887
137123
44983
243197
251769
387031
103731
419006
342594
93687
279114
377917
432924
145823
304776
165043
136641
233110
488757
134183
145525
43076
174355
122932
71290
486276
376269
440979
278808
173279
66730
307979
319496
106267
404559
68095
462371
357033
479060
94808
300923
54828
301930
325221
309886
364656
384631
18772
486140
123584
38309
140730
128003
93967
401845
250212
222055
298820
10590
346497
252464
341594
239469
51842
208941
477173
151053
179424
421973
48753
271091
438085
65910
164622
360804
435908
426580
29113
361587
19349
455098
391933
351439
111322
129569
22438
312136
441193
214473
406365
307054
406049
272727
179359
201426
14151
125595
306985
459338
300088
35231
266678
299029
43431
138320
435790
398446
198610
287926
99064
191647
163633
181687
343667
371179
45925
363209
178384
349523
362443
166305
155850
165806
177264
110708
366072
309644
17214
363978
33557
81870
382905
229997
119353
228733
450766
253374
343898
462357
200131
138792
35656
490915
285116
84996
439862
198474
138133
355302
449464
296332
326187
476729
464752
73831
30268
251975
15320
39172
52914
239046
22505
120781
363187
486837
322239
146542
66852
50761
155366
331377
244842
190183
243748
269525
110992
180480
340807
62492
403247
490033
334321
256949
61802
428346
420397
364492
434321
266244
228322
154424
105561
304154
48290
95373
169681
385266
63790
272616
158028
379895
124660
466153
354976
217706
392704
24286
7487
230412
347934
347138
132393
30933
294931
342531
190276
189409
431687
468525
492805
369651
258698
181451
204313
344066
473375
144577
352984
49884
415030
107918
497757
291488
433669
269537
320005
155486
423500
213558
421393
357410
34621
219202
247569
488419
304897
318092
18904
205380
212411
58896
224522
275026
155645
186538
443692
319927
54720
498838
105804
286381
462986
207524
349860
374095
293254
350056
384446
468856
265783
196781
441585
146674
323381
95717
436676
39997
236500
174301
109335
439687
337908
337701
16788
305077
63382
448162
462586
180950
308187
305194
84323
367866
156250
422196
319155
249714
33105
179158
269820
405516
150104
99736
105115
316395
384185
387835
134468
100960
244602
229503
416230
359346
269221
151860
74043
478311
401231
252522
459711
167827
158387
402279
406206
441627
330117
330844
498107
443620
116674
92050
377640
146307
472428
152342
126431
411942
231790
371940
380453
342946
4803
58842
287344
347596
259326
344132
426957
401612
239009
392902
340368
155834
9807
458924
172009
273858
191340
32396
228505
490608
80238
59434
163623
212932
346609
407435
31865
160321
412826
368511
285969
203539
270417
421189
285304
317191
259567
281457
345519
429218
135783
104263
13993
329715
18293
151216
247273
128362
289160
181511
436269
204805
470225
236719
410086
303634
86663
127899
402244
463238
288169
9766
387664
463079
231061
26233
178557
318348
201946
314191
226853
341355
24135
369953
271609
444459
228029
332322
104736
53684
45405
139473
467756
207641
337432
336882
45239
128147
69781
436796
484421
317658
227770
385802
348129
470506
335503
411788
126341
302171
238936
60236
170209
49476
303995
277372
94704
210928
242594
481739
255724
422436
180988
390303
205801
366195
87490
123731
366827
131171
371763
387925
33005
143319
104697
309854
352925
6630
114764
377026
470009
129844
322492
11232
20921
97746
355810
107627
456457
494566
290400
192895
144228
152440
87850
312249
424750
121095
85224
186909
71335
439906
7970
45079
185888
321087
324181
42661
192541
359777
346819
235021
460943
360048
318216
374931
238167
150006
222139
498834
207280
202664
383040
33119
29354
271428
76132
393242
447017
43458
222455
349212
355382
407405
16668
496787
366561
160952
314925
494682
472420
162202
11005
450841
26720
234220
304218
474786
451042
67251
112231
262849
280861
368279
192048
144282
422617
154049
158378
397848
354126
333558
403575
3664
88621
372603
419035
35192
304974
397826
443238
181914
409857
240253
242464
338549
449552
415153
343468
495644
223023
463023
329939
155451
168094
381086
372455
392299
374446
280690
187077
447378
127783
99056
288501
89558
279562
123787
158019
251067
32121
305605
104224
386543
201021
350830
456611
189546
211814
499947
400136
281285
330398
478122
176342
377805
166675
60224
333382
246440
55457
448949
100351
474287
465802
217002
210817
374274
182243
136565
448688
134279
346647
233478
361141
156458
81011
470369
417893
194738
314437
138573
188965
212554
442103
367004
65819
207702
124585
432134
166972
151228
408687
440572
487396
195606
273908
369629
15841
159056
305888
27246
108473
322969
194336
247807
447010
460002
244007
428509
138784
497297
47367
21735
147489
442569
463500
366965
345989
209318
179089
331859
57131
469851
362936
133564
17959
411243
248512
160723
30250
322303
373446
104633
277963
438240
3144
415455
317483
242670
385298
144125
357619
112163
405152
13155
169464
94803
258429
136033
173110
454387
305319
295130
429522
33184
194923
474724
419121
319139
190538
124579
344870
420363
366201
253307
308344
27799
394391
400334
415611
270496
440980
360558
180924
177832
244173
461056
23184
457114
399219
81561
215560
404728
245537
316149
35300
206679
334639
277931
97971
133273
414618
145443
386743
340365
410175
495071
479298
163977
59227
457101
60451
197266
476152
308197
434450
292891
40578
461412
358437
240359
72237
392488
102337
19154
326345
282852
462667
255879
397607
362828
295576
137464
112130
485765
35543
57918
490757
481271
56067
31279
22850
405163
79320
300011
305622
442478
494234
129502
398364
366490
67537
178355
211483
474677
340057
444393
409730
61621
398776
67400
366061
189294
79771
199216
100396
399285
123832
60602
346718
54122
226161
329807
479147
364638
373866
37843
213700
199665
17503
252726
478030
459565
480940
25253
214515
136828
359265
455623
102012
130151
497261
324404
14715
310878
158773
216735
493371
443329
445311
431255
464434
396105
324186
123304
147868
228829
44969
65900
286614
262831
399317
88448
391725
401691
380399
390468
29847
433938
236425
207822
315852
342707
360887
81471
110271
60839
206368
467471
153529
352961
37806
365966
313929
304302
210139
452561
106116
62647
328619
282992
135467
409407
443680
370366
260796
54526
489959
18808
347249
395987
43121
33378
204424
211975
37939
355466
118338
151969
309893
210868
342249
268150
345338
460636
184757
176724
151379
256973
331564
161400
241661
61022
119545
302921
66443
207111
297596
423418
345594
147512
129918
449845
77280
166038
338605
168353
109803
210087
156386
161812
499537
108055
116944
425395
16518
380003
283346
462273
242089
58470
415697
161925
482697
68964
204062
125042
254593
333745
120931
148415
156295
72458
350184
251404
343990
63970
5445
483648
229209
158052
207282
49287
308144
232987
458625
314466
392766
100398
95347
468943
293138
307259
386757
117671
40128
81443
278563
444405
196909
414554
130757
311295
139364
21240
398205
219141
136070
299048
444308
276224
86298
243382
175332
231773
464534
113403
231439
224463
316235
247086
63102
84493
127920
192458
224925
387605
421050
403328
245500
93514
23082
492914
160590
214801
474390
158729
103149
333727
295029
330174
419650
474982
253353
141485
419839
325318
306179
408499
104188
229457
268148
442888
382491
295896
104038
136673
36896
44780
84933
34399
460034
343924
33277
195249
31313
424923
482888
279086
480842
267108
205877
307671
408778
191629
5815
380477
100804
50946
117833
287668
422515
57550
483810
165722
246290
347473
144022
277223
96282
14081
371166
431625
84724
435001
305378
111945
381786
15622
385184
368120
283513
53134
73471
146500
286941
7608
467840
102235
52475
448827
438847
401967
309109
61094
177499
461572
223594
117747
388668
6917
9844
361125
376449
185066
42472
61781
439841
483316
296226
338917
180635
493096
180926
435780
426870
93599
424186
152140
233451
325928
395358
8813
92607
49977
441342
115
9375
189908
189806
382322
37975
205711
277222
94816
274504
172294
59502
26829
415082
391636
145007
274433
117472
143983
120118
161034
250897
42938
229661
448181
195348
68182
310757
338910
402600
452386
488706
290987
461480
291079
419774
37067
105239
84555
34174
390752
326742
78631
327209
237501
108777
312116
393600
477070
363836
117393
60058
310576
463627
454860
219811
210136
79133
370532
196086
454477
355213
259195
177652
195773
389632
355445
278864
186375
197077
264632
403876
261155
222035
364407
187952
28590
150911
147991
415677
191495
485010
399438
456538
80482
77926
211280
414889
67645
307722
259155
361585
431042
159086
499581
99019
242421
412368
303621
111469
359429
467277
102232
124419
80166
463637
62503
239383
436638
188628
104826
313464
494717
425187
7305
367534
20669
17934
343034
394820
316370
285290
341700
179505
302188
216637
370276
133030
116434
159403
278502
290851
370424
258899
362974
110542
34827
52476
4489
487755
153673
340299
487836
230161
247189
61051
296090
109014
346977
499624
475899
460545
152552
46864
117528
78753
44267
320767
313528
34258
227635
266551
96460
44030
119532
299850
470486
104629
298838
37582
454805
75827
85737
206607
417813
269444
321605
408150
433308
57638
117692
306659
407551
151013
418729
82542
151489
308638
328982
38146
460917
411934
242093
277503
24737
50282
232928
481677
390571
30272
301572
322247
20134
56281
44262
185718
85328
252182
59062
155125
371700
208079
28574
103774
211248
98027
63400
231301
451035
315134
422968
307976
117751
303176
247307
437242
217437
356281
252509
99379
138542
137560
139424
301076
54128
343712
497242
223313
137308
163644
119032
445936
137632
431877
382727
221348
106190
359148
307211
137887
113495
271217
317752
334697
492349
300096
215826
428575
483811
33265
226942
33504
349710
373645
88096
262047
208444
166132
336143
49485
250459
38813
392972
47025
114947
87678
295081
75002
223232
338744
440263
110166
29933
75338
129336
161217
66897
62770
95126
429431
131561
325336
399912
494871
265579
49927
63571
348214
162459
303053
409245
150340
371534
493422
34445
262492
188139
151211
429792
177103
422157
165595
152262
430040
249404
356064
455521
400699
96480
107441
27352
34027
291037
479283
472147
393954
6782
71777
281714
489481
10672
371314
164444
192051
245148
197188
50470
384180
43292
68884
249501
250737
429291
194466
246735
97645
195922
63484
235278
59472
149262
301581
417021
115364
481873
333861
455388
311567
386299
495725
338965
147856
320412
60962
495008
281797
153879
451851
112844
34509
345128
305856
269815
498824
451496
445781
67641
400389
454178
201954
473993
289262
332208
195950
351751
286812
69749
232504
289530
24754
277585
153048
374691
67877
39390
352206
4921
251445
126270
245361
118709
139357
76524
315807
14573
355582
27942
350717
261512
399208
334031
336048
423367
489765
345168
288063
40170
387046
3203
59612
292103
400589
290543
342790
196347
255593
290388
348736
268078
31760
417522
345172
479866
210403
110775
478173
481601
195493
63848
327168
422769
133533
336963
158465
75977
172741
142802
300648
111830
383711
465005
315202
165361
277165
69841
439844
366424
473641
304373
133478
425285
150705
46803
135161
494143
199225
50504
265016
198880
195294
170074
26488
175620
103929
242973
369109
299910
382197
81761
188661
421223
209202
233677
2313
411276
149564
95345
358874
494973
393504
342423
237976
100338
318355
458601
450443
491768
91895
413680
145385
279260
137921
473610
68808
383549
247865
71664
236126
285637
167028
72663
358755
449344
356736
204244
143441
906
401348
252449
324932
463427
242716
401073
194068
33916
439879
232047
281063
165910
98498
308347
337921
471449
265016
204150
55482
40151
395112
228318
86588
265658
127881
202299
12234
407705
391400
205070
445080
221399
466504
186304
446679
2712
69981
163822
203388
186345
224207
73612
226900
1977
256639
222330
109971
167975
346265
363166
353664
387070
174915
482975
399677
264062
141976
12764
232449
287515
6145
487969
140836
316656
107147
199728
61741
434233
383015
178494
20840
409299
345646
456321
84976
468504
326474
375565
227663
138938
77933
251047
26903
354537
330410
129650
138790
498046
365320
293589
156776
106141
373899
70274
185159
125099
168780
267891
170115
251081
340870
123651
133154
341882
87138
286882
420680
396573
294052
4855
385508
24010
382751
398961
125644
18455
100264
258231
247209
477574
166726
426651
61743
291575
91684
447079
484563
233536
481360
155397
332773
83964
83299
414797
496403
286169
234831
151295
409092
61249
426593
3824
13314
310824
295853
152873
338378
254522
232877
230942
141797
202143
21919
460637
417305
426893
89319
311654
251218
419097
8802
473210
121375
470807
279017
302514
177772
288221
432619
85352
399339
214675
120928
326166
325747
369626
452665
38651
230329
333308
178036
85021
49834
353539
434741
495598
941
98766
14182
130728
156753
382194
82565
303577
37213
241460
289047
486080
182164
193547
96681
127906
407005
147677
172885
108562
113031
62965
283124
297770
390516
273981
310803
482219
261459
434143
236698
437709
27489
417709
350980
185660
156122
127455
258052
382834
367984
3399
97921
329008
202021
30498
298676
242362
146034
497615
124703
393852
262147
104649
181355
108759
145727
452362
462231
159953
76985
357199
214729
268188
137845
480005
286155
287191
339308
99792
332557
122487
57683
456387
305678
129392
404976
29241
54956
146746
126810
232274
403140
478623
85376
347256
5075
373157
83810
182447
204923
49796
346785
487655
451179
404210
398027
151710
189647
90354
318157
114174
267685
385328
396820
427410
281620
302493
62486
304224
65842
316534
36638
470876
138491
406983
285181
448599
278134
75339
453987
372584
336504
188562
377821
121911
295930
483058
228997
78438
72877
479812
353696
495997
374053
306944
368499
129872
51098
266063
170788
466516
107075
326857
355726
81110
239048
128102
436966
259324
5772
152316
151409
39975
73333
154612
32888
269573
256280
485797
247661
10565
55474
483457
456768
132543
22286
428597
465769
478270
204294
205486
41335
106000
69504
122583
304372
371459
255742
72402
20291
230273
346790
285344
60399
117854
373107
68719
471627
87422
469923
53327
279153
91419
259266
277130
251759
294264
74690
478925
3492
25328
222225
461289
133146
84604
75618
49582
113551
49460
423553
374622
82265
19210
18399
51616
231274
274040
64736
382162
403047
482942
499934
131745
323025
244218
285524
195199
334735
369982
455303
446474
148031
339597
91184
34467
135863
280140
93202
228337
420788
107760
320763
222624
204302
90038
54698
494994
365666
46620
339643
100098
284905
56331
215994
146759
273868
235639
413126
28197
318274
225655
125789
148426
469828
321001
141270
326601
73249
131310
129119
409353
493277
328562
256766
198860
471959
332521
245530
458729
162062
188702
216288
219042
3202
458383
122855
231886
457858
138177
42192
71244
394672
6435
269054
427392
37387
331463
200952
38818
261717
404694
141679
119096
126312
312554
208953
89611
254722
445551
215673
467344
312559
186202
384872
474888
345953
123647
177443
222474
243138
387904
5017
281660
114973
120107
51562
191287
448204
473688
254346
332262
262949
43173
307016
400315
318461
281909
172654
72711
343203
336948
369084
411005
40978
73975
187727
183786
408674
336455
56581
243363
11963
310281
398321
2654
158707
325369
440449
43198
88374
89236
306524
104319
370322
290384
8417
392948
61399
254941
95619
160339
126440
301099
13537
388010
348550
21030
33904
345401
78208
120772
335867
121879
249782
382085
372099
84744
274999
459373
140484
60847
3514
461035
21694
340221
204727
138688
324844
143777
390101
349917
457866
261621
464737
6470
397377
255630
270436
236063
3297
114196
276350
454997
18620
54404
198838
401811
455177
465262
161653
498086
243924
437584
457014
407010
212630
477792
269902
322445
450379
274291
449939
409308
464521
261283
205815
362094
134345
341298
460715
38005
186013
328164
104337
73365
68102
38393
1368
56280
489860
5861
356431
119369
389139
416665
78733
292007
48453
225711
93053
182071
265177
345671
199498
248697
331012
268599
341408
231082
439029
3639
20337
462913
304207
167371
211114
434542
337686
75883
432102
419768
244781
196142
126029
48858
387666
57494
117331
462661
194102
194662
460725
170302
448409
74691
24155
34179
190521
334604
493607
441019
70466
142851
368277
233679
305678
441766
455686
314305
321305
309390
438917
186141
154070
6580
377065
442
109881
358594
310931
130379
149342
499866
473705
217629
43136
113728
36305
345720
82267
398409
418430
447114
300179
234504
444121
16170
361257
235796
180809
59600
127278
470860
264346
263644
165187
198236
22866
966
461766
465252
484642
293109
364638
487753
148491
132106
182425
493605
191219
2356
207765
214195
18413
413511
169635
21930
51515
328884
66911
34560
280609
369787
132951
190901
275616
37151
137884
365503
486614
385044
151232
328632
247029
448195
269201
154364
278792
145111
28182
215781
470974
373054
67823
282260
28699
266266
349793
461863
288438
148605
329120
139805
266568
186434
83115
102097
468693
211824
17435
79936
201781
243146
193039
303853
111816
31405
180494
454179
272493
103881
352660
480960
37558
166375
209750
207628
372020
20953
61906
50423
363794
251870
1508
316676
171150
290602
309987
5983
409591
182847
20410
45696
411944
283034
154755
315791
358170
20644
99977
491622
451958
240698
194046
354393
66009
302014
137122
142055
94864
488188
24201
351036
344546
396448
59319
207440
377475
482016
461613
334714
445832
241682
40391
475035
307263
235272
57134
153366
34081
97131
194936
411821
58637
45265
128925
480913
26190
380909
230839
372035
467376
174098
195092
265196
126595
2719
334741
138471
48988
431797
52734
379019
491233
384993
491480
118673
14004
16070
10680
130351
309288
401747
462329
456410
101249
174070
38833
62576
317916
225774
269984
3987
92645
146315
22061
468455
220329
456142
49935
2071
135115
359944
295083
189814
39381
74479
442679
494002
496527
73647
98827
4301
4501
210056
294476
364178
453471
71004
101400
452694
254403
202161
349873
237239
262464
54715
224035
116751
432461
100693
404383
59848
187054
17009
102574
256582
33752
132466
344644
20623
371111
433528
452181
341102
255008
319823
295849
483362
199719
241509
203193
330600
325996
134328
407566
163974
312916
163277
75847
294100
328197
95504
112442
287228
132495
168696
384467
110003
56436
227177
20773
46485
444594
181681
359538
425807
372724
286716
30443
251753
228860
454639
291806
167482
319170
65386
254856
223007
31112
131070
64740
96613
311262
110700
357460
372393
124743
10007
494857
12234
227722
412493
166087
330497
254579
260977
349548
72420
329773
291199
231129
106
92194
5924
302505
36590
342913
463001
161452
374720
203633
124693
218268
428429
482147
407089
464638
179476
456682
283910
343950
111462
323939
480565
98556
419427
329428
147881
354184
162393
305621
417549
466148
32406
93482
119191
214443
37924
438766
440500
77031
120512
35802
104209
411966
460397
424400
320967
19281
67705
72875
66501
261871
332861
446498
236571
330681
398796
38269
197850
347533
151944
194086
401406
134931
375922
229660
232620
322135
431422
306467
1785
474839
315279
466309
453792
145560
424157
393707
41800
369042
207704
341439
188839
252538
385299
26870
279728
81646
76939
386158
56004
366861
126370
337761
66518
64206
2641
79397
239623
408573
287372
483888
484672
192202
86984
474160
358553
77809
234106
122283
456172
198921
414853
387801
497936
142662
72387
171904
226114
474600
295919
222509
428483
78838
119815
291726
125215
122854
116049
156403
269578
485653
35615
433167
73313
434184
399565
239436
470360
447766
239449
395393
29298
379519
427579
230775
496784
156748
6886
23648
336789
26145
47721
230788
66270
474632
467490
129013
402897
233963
344440
178986
446563
29845
310262
259406
66709
223580
265311
424212
373710
201219
145286
316521
431325
495106
226512
299397
41655
172799
350768
442864
437479
389810
98167
177540
115199
244880
214602
288211
208941
433049
400236
176638
379888
467857
335121
109339
191547
249756
427503
15902
89712
347358
147506
275519
37342
356837
15869
384418
31639
141136
493933
423582
251795
342435
295524
358874
413390
389293
321285
4742
450628
267837
161876
349182
329456
331049
51557
137707
38510
320409
361096
277576
362125
149921
240966
484344
188077
244940
446112
417096
44355
107090
33864
431823
50063
388426
389384
418180
453207
275577
73839
357342
114922
410546
64231
422709
331096
344209
273826
227678
394338
476261
258550
233733
198818
156896
70483
270037
221075
239817
431803
276615
47468
298628
84711
111783
323445
111478
169576
23734
251455
389164
300287
173041
74370
198114
189497
11981
33298
100447
467514
60098
88899
327462
78269
315845
460746
426591
183670
76176
370501
343061
71309
193555
158056
257022
99088
433016
441529
228393
199719
466975
182095
218607
498086
232179
270471
236084
37290
357273
401709
87114
120783
269423
99296
193057
238934
250545
357935
56554
20094
65149
232980
17516
22676
205110
147394
316509
90831
136436
22951
412825
76950
345465
160650
375383
480624
242733
63899
224257
102922
225142
189612
351575
380572
180139
453850
421880
124320
24564
412134
449943
133804
389062
413267
481715
361758
495460
373456
57939
437568
298291
3108
360368
196295
458927
239920
389109
484002
98077
407136
441630
371987
17713
392982
286584
118393
486520
263773
253801
66717
395412
311880
17694
155277
24872
465283
378575
361319
258781
217417
160129
255742
76467
449956
43389
187134
151578
123672
45796
142997
241515
401218
76520
56865
387164
84992
499469
58003
429919
269322
9023
311197
265846
178397
60457
127123
229953
237415
209315
77041
435593
204040
309301
421537
288565
125243
376518
307917
325980
461425
94829
217544
6563
260670
498687
338916
410561
10620
33777
95479
28241
34739
266835
379306
368428
414834
103312
211568
296290
378497
112292
253788
379956
59789
200092
108613
241232
43877
255510
117601
473511
146566
217782
22528
332613
469427
404866
274901
358365
414639
327449
12605
62941
137773
62701
293526
387143
455628
214705
91963
65487
437616
257920
292754
269817
223258
38769
17862
80653
83038
199460
308621
460496
78157
214436
413887
62038
255088
68516
233201
342609
182530
97632
489482
287742
324201
71762
281568
70592
395980
374154
318342
54816
58444
160072
10905
86452
144438
240088
304291
172880
184865
33918
115549
225534
101665
206002
117090
151871
223018
142696
176026
122104
30007
461667
358057
16587
54229
261420
480911
403385
460409
59738
270531
400263
347609
211412
2639
246414
47535
344925
459278
399995
8700
128159
96742
458330
437747
212543
418701
293309
370451
395188
132201
326819
184661
146983
216542
118010
143510
161013
364238
218824
195728
146088
469426
166353
250616
133191
250751
106175
380234
471926
175473
478674
247150
419969
248512
270069
474018
282050
458743
142767
228619
272675
389583
202147
468680
466157
251839
369294
428413
292261
365900
201062
390399
468821
144945
266758
342162
491699
66076
161553
337472
183849
85748
468262
84954
186421
192662
139604
199266
284815
182192
9382
45257
437322
389270
240951
381190
462232
387859
287346
43721
170826
143625
15133
448155
390442
433894
292236
326923
356681
361329
143225
47384
200539
449011
367765
317686
164832
75446
124843
336211
455879
161358
469271
21254
87539
135596
324663
267585
87502
460651
160595
53007
1354
1014
54698
363229
77501
430849
275655
156761
378936
17252
415393
310098
439987
268011
205649
498164
19733
86756
140353
117305
281205
464737
476575
29640
380292
4372
499172
408598
210028
38531
462587
468350
392336
209623
269464
426073
114645
365282
175623
485619
394397
297657
361628
168778
480093
482372
284628
405179
412389
474621
194529
1393
225710
272622
130903
291107
283848
499082
340946
209675
257563
250963
206978
197472
285302
303044
458831
423577
162100
362280
284811
163907
462902
456537
301803
270879
444910
474201
448616
10358
377597
443082
73773
447425
139133
119524
466785
385877
187281
281595
34550
410550
24170
221540
493452
278429
405748
372844
137568
86613
362842
298599
192535
462255
494924
143858
12116
91770
445911
80026
399724
141466
8948
117262
103110
187077
81099
368370
450855
12642
44657
246820
205535
364094
184118
34776
466010
367289
96366
334513
168965
432494
414902
52054
299087
119871
307364
285542
177011
219813
425210
394581
481861
483393
456585
335519
466273
361170
253541
25885
250601
106928
286943
266147
59774
222192
489424
114602
496814
319610
233598
410832
318804
398052
442861
213284
227483
96592
390103
365929
246492
169626
2041
338507
143299
187154
79475
377158
50410
190096
316132
43332
195027
234246
191883
400827
138365
429727
288374
270395
172933
442185
425035
283783
272316
241342
403734
278717
102997
499457
272745
234824
160570
319839
204875
341124
255934
198100
442332
320361
371521
134441
449246
100670
203095
94567
46829
351644
359362
410491
311374
475295
383474
441730
56547
408167
132991
77469
344396
311835
58797
204247
159936
477259
404636
374470
176023
477812
205009
78200
393768
395225
183969
103344
70709
373387
157911
369642
249323
17017
374582
347939
434416
99416
499978
128540
97555
479965
212865
368336
136816
252941
181879
262577
88455
403895
215607
467309
498204
432806
269738
350814
181660
64755
81534
15209
94728
141160
213539
175196
354652
473077
316108
417934
390845
415438
68619
185560
314821
8312
59171
120743
206589
431129
364680
288
451287
177744
220036
256355
200561
196982
306988
388447
207953
160419
362393
438822
30460
28444
79193
487427
280833
35508
333402
240316
339049
370229
490405
439508
163078
348906
275507
383800
57
347863
411644
164447
249619
425990
291012
367143
437173
196867
127272
399088
306352
15533
108466
482610
179143
345413
274031
181709
165721
99309
30366
352583
398351
298213
497657
157131
455761
79364
115289
227581
411633
435449
209474
268594
297000
106590
91428
266393
378484
10879
26671
304085
258778
8824
498477
240790
271220
274480
142198
493028
308292
206280
441831
132687
160346
153466
42820
490068
233194
302555
140626
495005
3556
192728
106935
297385
115007
169567
198695
362813
17401
247470
79486
292587
387911
392996
483561
123656
486221
20075
437969
331926
355838
466761
169608
299712
438354
165288
68124
407178
147284
52420
311766
21328
148237
307028
26752
373068
73882
287818
419753
411840
350589
144920
252448
418055
229984
362315
152012
276754
464364
114967
213923
206580
374718
8973
489064
23876
311641
105584
445832
207933
340805
318815
102496
420129
105731
143681
395293
205224
244877
95203
250251
401444
450094
24954
66534
106423
131056
108442
406050
19181
102024
320150
462105
193477
206543
67879
123300
256983
469741
288105
245043
175457
194851
216411
353613
265196
413141
219976
125435
480996
66187
494694
361642
278196
449925
13670
276811
231834
129998
78523
89923
147435
398957
240258
90248
188850
306136
293535
137498
184910
93055
29038
234731
141427
375407
465977
436894
94912
284552
78330
367589
215194
468968
411193
148992
288306
265715
479647
22039
171417
128511
55169
43603
111783
310257
58000
198406
232075
57168
285026
34071
78984
123565
242407
438183
101708
207097
139096
309931
295385
395114
462375
351244
128717
476952
48572
123674
3563
358698
401632
468526
257891
246343
80525
454709
54482
488201
115288
327186
118663
452325
84788
411083
199993
440920
229553
440645
461974
440591
271701
22836
334129
482366
63868
235983
235401
422157
215334
52283
217740
184985
358051
210540
366247
379480
434963
367956
430184
28165
436307
240200
80919
390351
221801
495837
10937
265725
161669
132554
91516
417256
345098
450695
35498
193949
422375
249820
112192
115954
475457
49638
9651
339817
10034
189036
135784
453604
243545
7248
487437
59840
11232
269762
340366
182076
28559
388752
493084
275408
312202
43214
33906
314502
450286
35688
168034
428521
34671
389580
409632
407808
235210
22842
445411
408348
29444
89723
474550
205897
234835
255898
427528
144098
355617
31598
416370
322192
324066
182987
28805
283321
448181
243792
277851
152303
70063
411892
367072
496518
45336
403850
126886
327329
477914
406641
452481
378178
240816
3891
387407
99468
262298
460052
361599
425939
4779
305712
488390
77724
207479
217909
463983
471647
178665
471426
258415
7443
47472
404940
171942
487469
165632
198131
302108
57250
178294
95796
105243
162942
267529
411042
348084
122310
228796
335556
27640
198787
237148
353538
233584
68868
412237
441193
116322
205036
62640
467471
468581
64190
233451
59838
312110
282687
447498
261577
64847
191400
461313
30539
234700
343076
269994
97187
158301
322545
474297
63623
374481
148697
437715
392809
174287
316882
145451
54486
335270
244046
358027
134540
149899
256713
343259
420047
156940
89490
30223
318457
409465
467785
96447
300937
244579
367185
214198
85933
363739
435453
417243
61668
441865
226585
82796
366170
324358
138082
305544
221635
96855
141152
394845
235535
396703
412092
265625
335587
374899
362200
121964
462458
386040
52494
305863
227022
68188
343133
34404
18449
300787
490239
465521
172747
269928
99929
177279
202291
188854
217433
246515
8977
75811
221009
212664
180740
241868
130892
467836
83763
288816
96065
161246
473772
74664
407111
224952
238119
416671
104448
128190
81715
478978
196721
22315
463150
93395
362279
301797
131387
72651
9684
299824
85746
372209
485940
251865
2724
223053
484602
422947
304079
344026
142591
399800
340567
293884
218030
403372
356413
398302
322515
19769
312518
103321
348628
54209
427352
114369
159821
166772
247678
368418
487123
139971
24567
116562
117523
19466
247128
447113
459307
122425
166987
444148
207591
50845
215962
285563
480760
275729
180278
266437
382021
486697
174184
259561
481382
190121
94217
208179
87839
372757
22346
466581
74082
179223
346473
321121
456034
18366
342762
132304
55754
75099
496700
466443
23184
325935
386858
191195
319266
437722
349634
268895
329199
58477
365990
399816
435926
466259
369675
87315
344190
153612
312914
376100
431228
455955
363805
252241
375195
405546
251273
260164
399860
202108
39042
260506
231138
339245
10975
92385
351830
406788
75897
165627
43613
172091
328704
244335
230862
357284
60609
482114
2788
130446
56963
217473
390745
494707
333066
231033
390127
353657
493495
355479
165740
334645
315893
158710
357185
142030
36912
208643
409375
495509
46133
297568
55994
401531
303565
248264
361870
401852
481359
196056
233322
266041
449714
179728
320518
392096
51698
263766
219097
179545
342157
161023
276109
23594
65648
173432
137371
416215
124747
423016
228136
374152
359782
242158
170603
320776
33334
392802
489890
74965
262880
222147
312250
271131
456241
308741
245992
431019
374981
188469
473333
392700
479358
111294
161922
411203
251032
47177
488010
307381
478358
487629
441471
79695
40094
221415
411737
269112
101493
81669
133326
83915
45381
367345
5452
122264
45375
209735
196792
239874
187208
32714
266305
114415
119149
53875
71965
67213
439028
448239
355021
116088
86608
220730
7019
205027
62240
201948
412485
44389
317682
414607
76105
356115
166270
460695
288111
431358
446963
357512
269130
114054
465767
379014
445417
151575
382029
474024
204729
489525
229541
297648
132134
270478
237809
458743
92383
71569
128058
288179
351068
316601
334818
206251
255707
150920
31736
474804
229616
389214
329972
130951
290785
82625
462382
400275
224885
378860
305323
160544
7989
21405
407438
165164
15340
224179
17459
76313
63863
422890
77556
252507
116834
228366
287531
340281
261590
19103
352315
177749
225537
388739
42526
71554
55822
401104
478006
200831
240593
313445
68897
444691
79376
470639
168845
315617
351854
329314
299528
59351
486343
475638
445496
127530
229406
204339
489045
414254
338729
345757
424083
111069
122786
355811
208224
58456
312241
126304
400360
207116
424014
447820
282160
256903
474079
338789
255003
255869
134302
201565
194707
458848
103725
263331
21832
437668
359084
269362
481101
423380
355456
148966
224584
97575
257017
52633
224827
60704
431215
197207
383281
396168
297536
109640
112178
426428
23494
103134
128452
281079
328528
463621
361617
258270
327014
9297
118024
135299
489672
280547
267627
41240
258742
279845
170635
484792
14080
73965
227996
391250
365067
48023
218069
44380
111474
175771
409748
301770
163987
409649
441840
456244
156377
422912
246043
460028
206230
399196
473358
139547
265063
225714
100251
421948
120356
347878
466787
302620
91270
130535
421037
77017
227796
496195
177723
180948
478889
246796
211448
348061
169202
305152
261635
437180
64023
8918
41742
99970
233689
349640
380703
113039
338147
199163
297159
387494
491347
74749
81511
432143
392402
181043
25401
25468
477504
208580
264130
213386
57358
196961
250451
363332
307123
313306
488513
385041
115197
61157
130168
290274
283834
52839
332228
146966
370531
274751
130426
159546
408023
263147
88134
22759
189487
380949
321421
383863
125289
290977
439070
401577
423630
335848
336790
245502
338553
226619
24551
453682
40848
94026
494259
272024
248104
62737
172577
116600
457410
417160
113758
456492
110600
419482
9434
65545
69230
247184
380426
252767
262113
43133
216483
268257
445862
381167
18777
78368
186007
44493
480482
35925
345404
177400
236453
249659
420747
334188
292960
228684
189379
372141
416384
357522
296865
84826
207947
482544
345956
355678
5642
462645
290672
268165
110098
116610
235162
49880
321922
238538
221917
81119
94173
203404
109504
423666
266903
106165
296985
286543
445271
75102
399571
293130
177723
95158
68398
13919
90760
326625
168797
459995
353231
366023
131875
13941
217398
220181
390453
12818
392675
30373
371296
447182
136659
333591
416501
433290
76717
197977
137641
316656
495946
90001
482163
198882
179431
277023
313
372904
380683
64050
132713
374531
64827
251326
93770
366347
318923
302980
192335
286892
266949
207029
7032
458486
88186
302014
379708
201210
206310
244053
36772
342657
181412
21824
312619
453748
223189
186468
442343
192102
95881
466598
282775
96997
194490
445950
368345
357297
212065
291814
120523
54264
61136
330512
424551
12800
349524
184004
280424
152009
62449
291558
296903
385201
77046
44258
103550
78817
206256
426488
229205
220160
361099
474787
234483
413492
142350
342059
454438
467278
332128
323866
65462
341829
423699
497980
88862
313264
379745
277140
307428
97094
283924
327353
178905
469761
436022
382960
63896
45602
82611
327720
195171
134446
120703
22208
491512
444191
387947
361804
102744
281361
229903
486699
226539
174517
91159
221681
405333
228155
433228
391918
44076
218935
317318
150692
358689
201101
144048
128992
353104
440846
345105
460974
80006
481183
264729
447331
266878
267619
260827
12043
283684
263142
336289
58981
135591
258514
131994
6118
67806
113960
27145
450552
307441
71588
287867
165720
187858
186189
235547
489133
339897
489073
67050
67696
478546
331147
494313
192712
229122
437490
404435
72200
238091
363512
353501
468208
356670
277861
67486
19482
27991
181687
196536
445111
300345
199636
339486
377938
268771
339013
10659
117708
70793
390613
286219
6649
290951
495149
285758
350138
463066
287469
48744
135452
478592
298133
411583
31677
39405
479162
21405
42558
44291
48308
305282
260680
343547
320729
474383
216392
172277
390524
220898
136997
425188
488909
493296
43420
211760
136316
431011
238735
293749
32231
34467
442669
405177
160949
87125
473517
487734
67009
327901
333008
340820
364315
359856
299672
221948
462092
95815
101131
440955
143484
380895
93623
79765
378225
118607
50039
2056
57136
362907
18501
449305
306804
420498
421281
35729
353800
222601
220140
177877
275860
422552
386560
339808
456296
4523
458013
198086
45767
464141
325449
66859
124418
308831
173293
491078
430663
423987
210342
221938
260828
303482
360157
131434
267587
331754
93257
285689
33290
449570
7006
365964
75978
126056
271080
15676
380371
212885
106947
334386
78225
146040
162670
347069
97907
393599
405277
15938
180506
479528
380729
101288
458740
152146
300459
351728
180926
231897
323749
196560
263022
92558
376643
278981
311569
341816
307185
135318
436294
300764
464641
123661
163055
363192
187977
285438
164896
363971
291693
279731
308831
14857
14139
314134
189802
395679
222137
172442
95350
74196
491783
154980
36931
11646
461939
492896
390362
443251
400129
128338
223194
53329
150837
4780
14089
394544
172944
226115
280894
138696
144984
290241
181286
144867
223105
233863
176194
438938
265338
28155
340676
86978
17133
127257
160560
355560
139527
380387
206469
451198
286209
116107
327158
193795
294573
419335
211494
271569
372014
119737
222521
410766
396324
210336
372024
464329
424453
217346
254356
361516
495030
140185
147261
455335
403863
292068
323121
217267
176258
97975
100533
446805
224802
287525
464481
71772
176449
493016
462025
215691
401026
39733
482509
102285
446670
175773
126169
261774
277265
113189
390978
499600
152929
106038
153914
301565
217502
16680
266640
358917
74421
217210
367384
376547
90749
289346
18801
256125
213760
194202
414084
331333
409204
395432
429593
296422
403777
413325
177056
496239
26377
112428
494932
153889
201792
327029
314832
250360
54075
271178
295522
241469
218027
462865
87829
233869
260476
98676
122313
147163
128502
203176
33885
169642
264777
463708
13162
314163
297353
6493
76661
160738
195916
200687
27650
377725
494012
499210
290609
323735
447433
42141
144741
459425
223952
355138
418351
300381
40911
115554
322393
418831
293104
363768
41089
482420
289708
357231
316711
143937
65236
45673
483473
40857
431035
411390
418724
321124
340021
492311
293597
436939
410623
13264
236149
251185
35899
112314
430870
455893
130173
456678
320780
162377
253342
112763
452666
257287
343523
214386
14247
144908
204434
228010
6729
421370
193454
415200
245774
62877
197184
320580
96994
198447
328582
388200
140123
444929
494805
381138
161351
232596
260773
66674
200315
265321
345836
2060
352467
277603
392447
214530
432324
229079
301967
455136
317692
98528
450239
155353
31557
96039
438133
482640
372635
458622
109469
52100
83846
137684
130188
9345
480779
352544
119326
129879
126843
157147
352776
58421
257372
107812
233555
458108
426911
191758
60344
122332
350488
468117
118336
338696
118295
34368
339155
358793
466113
325526
106193
412440
442269
494152
196816
401912
140834
221632
215994
164962
163670
143901
86680
180051
345290
476231
51443
174118
103973
286792
314066
196408
120646
53002
193437
304373
121408
415476
120180
111002
223222
368355
496035
221045
355210
63211
99900
341912
276043
43061
459529
164035
329981
437192
174170
179607
63986
387842
434543
37556
143825
20625
345516
262934
233717
259039
231679
221919
470080
417940
100628
9227
318472
370098
387042
38339
201204
300528
433814
374751
111820
65983
213154
391371
77564
2187
209480
118070
497164
263426
265195
334357
490538
463094
14511
343676
306658
364468
433165
409248
412597
300635
220565
185970
386941
221035
261174
284509
50709
298320
417525
407467
200894
135012
10190
443542
378138
172633
74031
146372
143260
299386
358246
283716
228320
413856
323609
114026
1463
60182
381214
178379
333391
355053
291389
486609
51168
378267
336828
120616
224664
268465
426385
13010
440486
314755
350911
408538
357558
5153
21779
157738
247165
430264
483413
4331
285935
85440
135858
196140
76550
49921
32353
464488
82996
401353
494612
145728
229129
312465
332517
386618
210915
135289
347578
485834
240132
151737
378493
264374
279339
283885
41477
64702
328954
54387
446940
453024
233580
115755
494172
231212
385370
344843
233286
203259
41479
31904
195509
401128
292602
303681
174188
167387
50350
152879
20465
282036
237812
419319
303878
478172
76515
261146
321665
227979
140538
52410
224311
40186
402741
412043
387147
431373
398092
207196
57218
304160
469562
431065
257092
405050
375705
96190
242375
160840
9636
153086
386853
346890
447309
237153
5443
298887
271901
103091
204884
199360
427243
298339
438634
317794
256652
84879
150090
47323
27596
262605
173269
322991
443870
46080
150212
55914
479607
142219
43808
108017
132459
148713
301799
52081
387558
118020
74944
110552
379535
212559
125696
235036
414512
195932
123294
477452
445091
21496
60119
456665
108081
34279
377938
391193
259537
170522
160786
490684
164346
319701
474546
89596
388719
403947
334456
287584
306808
293879
378623
302805
6637
170613
119228
338708
186541
245136
22462
24930
495762
383873
36870
113951
413234
182498
98461
475467
310164
374908
327829
421073
218721
233261
277398
27256
258844
369274
146594
359807
142378
276325
195231
486741
442251
408616
97658
492102
422275
232295
5986
471367
471770
185570
70099
131171
54741
466368
484845
164223
199612
137285
151599
136408
137700
174222
313385
52622
360585
429597
62185
439442
185884
56620
212333
449627
421647
475351
253806
451755
445828
3348
421558
398512
467547
414703
394028
62271
374538
367754
376569
76947
87380
160817
191425
380953
107282
211098
479280
414317
187076
116820
39851
64891
195626
152245
16869
223076
84804
432563
367217
474886
499615
317580
328369
187499
108097
343397
201706
55578
310119
453976
281930
387116
480074
128240
409034
66107
298146
120246
262358
204983
129882
220787
101417
288731
450699
418604
144816
90662
490880
421271
76963
313319
374073
292265
31318
201410
226432
236270
260626
135882
12116
31184
279830
18095
451339
215201
296953
490981
322103
292555
328116
304747
376295
180000
455075
89561
89589
11999
216774
85347
341304
355266
407757
449361
84929
14847
24796
201746
183204
171163
105800
161570
295696
206421
377108
362949
212834
376150
153926
72140
62200
209422
346655
251237
11690
397908
223355
155779
69292
337660
61960
238859
249290
55745
229949
122188
473859
330242
61336
231207
35671
75817
134397
28290
231198
137543
433426
370219
166491
330299
52834
81458
48349
449389
221692
16293
386744
165860
235996
38130
209510
476121
289113
74186
183085
151148
360433
59852
368315
445752
497995
291425
111225
419599
442257
77805
329640
18310
135320
164001
9765
216420
48463
237690
117881
454508
164748
342970
171759
134414
237130
114087
83977
276158
172880
163961
348318
86633
173401
9319
402060
453967
428535
38671
381055
462606
323075
83573
362406
404117
212101
87740
352655
92650
372226
402461
288296
352788
265459
131236
249980
357395
369358
263015
251478
351913
164695
354329
373429
491142
69689
252185
131586
106771
139476
381265
13537
243989
434501
53261
137457
432941
16661
458206
216820
163387
196141
329469
416932
40995
230393
327378
208875
30129
457555
408801
246386
351452
364123
437068
353995
186970
74217
258490
459005
77058
471290
497868
256518
272275
216942
162041
308204
486476
307496
239964
81265
427976
62358
206610
270731
53034
268299
51169
256072
383873
14022
265208
54848
373803
282439
222255
99397
472423
32112
423201
447780
422685
115622
439076
266125
133399
130430
66791
189106
78511
238841
105503
1053
362608
454957
16754
184073
407470
355603
121597
468558
389500
23658
342608
272307
466540
344373
220188
98768
392919
9480
384948
287503
161784
26478
79778
288511
371993
274845
140353
472923
188096
3462
76821
405419
337895
473173
406930
476968
170980
399834
38599
286390
121818
371254
148504
37746
206033
176751
374338
198376
246859
336032
91447
415257
30102
263720
409508
363062
92546
449085
423485
330052
454500
15658
115986
419687
40950
225331
463115
93006
286341
12327
400478
327778
32756
189560
359760
455371
263332
277203
449004
265338
89200
499375
55937
366290
269010
356271
363493
133388
115607
269505
66759
7160
343419
20276
64929
489351
312366
329363
41375
365096
489970
415882
114379
106471
368605
300244
438128
99603
162172
273087
313385
69888
63258
127741
25182
99114
299508
291656
358885
945
259005
239385
125314
414244
209015
272556
422653
104685
237663
445751
167650
24556
243795
112349
146437
155438
393132
307196
71310
2377
69155
14221
28251
63597
354075
134050
183168
369174
360141
50979
49375
91587
54863
254149
147838
437901
33804
77358
62286
388880
167689
257500
340350
265643
427471
448018
331541
99254
175103
39029
314116
77119
173596
97030
345763
205266
362232
304471
142875
438313
238717
490011
52655
447540
216801
166232
452268
121091
22625
245136
119746
291086
246190
270512
349066
492467
307234
128307
246157
68484
240013
117466
7191
301288
454602
80271
295227
332122
215957
125847
149056
369361
362217
311116
108319
468655
440395
207295
123989
427101
296719
200717
287205
221960
443499
233638
339616
21387
20545
377895
130436
452628
101107
204933
216216
384270
37792
484216
403968
171565
274263
272038
306345
214254
445959
458784
37955
408303
484741
311245
493322
174765
281033
110582
44959
267240
138959
54156
223656
43722
386860
186944
48993
80398
124901
265838
301777
456572
123188
141631
183320
247264
193230
435375
470023
140703
403837
77104
203511
296090
291179
382047
365864
407936
302532
333504
463636
119972
179928
393960
475522
309018
342867
167384
195804
16257
417464
436595
5241
270507
349949
360179
100452
478878
291097
233366
111700
369764
106032
203543
83058
171291
205853
284020
472141
322955
23641
494061
35413
188979
65569
111776
53306
378419
470149
241497
274543
345734
214266
221360
391958
387174
471184
447580
7118
22980
166393
259750
231136
114890
228568
455968
349704
311066
432479
462667
6466
55227
285088
236365
476562
242702
479968
468063
339098
243860
175620
408670
159234
220040
55606
379258
123817
415983
361833
3409
306145
80991
38985
494907
39686
323886
355489
396060
132230
300634
318783
290511
298819
150278
444641
213057
268989
108482
47016
225644
396485
59291
365896
89379
395614
411077
193485
442902
49085
240688
168865
12243
38489
44770
9226
81644
348938
360379
289776
495175
49770
436298
489308
214875
214106
123743
126996
331695
49160
295808
300207
253942
341729
155019
396479
305608
135243
99942
388247
31446
195182
121956
26715
133152
392317
181629
499619
223933
422866
21540
63896
7340
253813
390939
112169
192064
474547
74644
245124
213726
322810
206663
387952
245183
6961
481694
389024
10102
99141
220868
107613
412901
78928
86274
1080
13531
376483
266733
471758
99499
214224
301575
57295
188800
207607
61003
434683
225588
338699
68010
454093
393885
150264
100284
270697
480320
459871
102101
350475
163779
117275
225884
26805
232354
34874
209927
161757
333986
233211
451202
144196
467436
422771
24531
45002
43436
378169
481800
456161
350340
36766
453888
95481
3744
129750
202775
296041
213397
476466
308965
240826
234836
142054
259139
283059
363461
364443
53591
245280
373666
141044
303496
221531
34264
275641
291709
206872
420607
24137
30134
307790
440997
489047
386135
190200
95561
459308
3541
461036
56017
353470
467419
163023
188770
18121
355886
95276
474902
350052
18414
376196
235737
438762
486437
193014
174358
85752
143371
46643
436190
375219
48567
62834
151103
229435
119771
212090
271150
671
463448
25723
201951
61918
71792
397745
410657
236562
263761
416673
277772
341654
108508
154245
121473
142906
295699
366438
499391
12637
22686
123181
182414
288139
277144
103038
342433
349794
192821
458854
321839
382394
100108
319001
355272
432705
446597
384328
201917
297795
145649
129172
348622
17287
10874
403484
493133
444035
101944
462488
400334
96561
434300
367801
7106
174037
89513
479399
271347
214504
176160
467400
320709
383199
436013
142965
320502
79606
107893
324699
270861
250941
475222
262704
431611
82178
424029
393581
70888
387387
472474
463442
411893
488636
302920
193598
386826
314089
91
297857
111950
208363
56970
484291
258633
453192
146415
135599
20823
123345
382877
55080
4189
397549
178747
119742
105601
231883
110217
307250
111413
148193
157529
220326
392598
19780
161288
360059
164578
178039
292043
247662
271188
227778
434343
229610
447226
116906
194177
116571
458958
68038
221601
424089
102676
85576
55594
107029
498123
498441
75401
100392
169464
314574
23087
456903
183343
73835
43036
431386
322857
214887
442829
1396
370771
364521
93103
475968
179373
200928
335891
370263
326177
351023
71072
339176
171738
187505
181409
468718
138068
408672
122590
210684
150539
438941
64175
358875
143571
140005
235099
31396
134421
328452
214970
235177
21179
73682
72215
49053
59817
210482
401422
246881
315912
409765
470955
109529
328250
99979
492147
490834
313188
346182
472639
9227
303794
83226
354086
64747
319271
243936
345340
227873
284403
27645
356890
307423
308761
166440
121988
44042
28697
476991
481827
272916
21996
243614
200527
185108
462927
214604
279599
264590
495863
109795
253646
98238
223691
228442
21543
359203
378114
54969
241592
318080
477382
98428
238861
293834
264793
303874
191383
464744
253434
72183
35292
9094
427855
336898
246249
157413
498009
374686
386326
85274
59503
414036
449769
121506
304546
284224
221797
171507
338789
329776
184899
317422
97166
277608
495121
43151
141838
182450
70478
188481
29608
87003
429224
148071
345527
449172
9409
276118
108124
16028
41256
402074
321821
462393
206946
119010
442252
190969
298762
375956
255959
156829
355781
403475
296111
209238
217266
461334
279550
383022
166948
42554
205888
190790
204086
142622
300260
769
2344
137084
54521
444974
371454
258372
321863
28032
136198
94877
253732
74106
436879
14169
475953
235692
442712
370366
243982
497489
145892
102246
79636
274288
300573
467152
117462
76314
50964
94874
113144
79558
232048
57645
362241
216544
381896
423448
417535
229481
179368
140198
419226
458355
82813
293268
230128
158659
327304
464495
166185
330698
48039
268451
395988
232865
321253
399876
8502
328486
268034
180668
361787
388892
251903
237054
237858
458634
417916
101122
428969
109388
241173
331858
58453
179881
115306
442125
43588
170609
433630
441495
322084
16861
390074
311347
180961
414347
113847
310461
359149
116445
403761
432024
446660
260399
393522
389680
14067
495825
165858
85950
247591
370364
465050
246751
205974
333458
242495
89318
211562
494633
115937
259270
107538
200222
445465
22805
193108
131879
10089
377141
241476
444025
281137
69650
28631
170924
404655
326367
290169
389565
11422
150754
487661
161033
19886
13598
269783
70898
439818
76504
210522
425917
461560
187145
69400
459905
222368
249329
425674
231443
218602
159104
437837
206536
326033
124414
259734
273598
319736
143963
243894
499871
335451
200363
40922
137448
435987
446238
365511
307099
234252
328070
303881
216556
295695
160264
138663
268931
169726
312673
483612
108513
386052
68240
325975
446538
480188
189109
83715
215283
147702
462762
169723
274402
176665
452519
274368
256136
371604
191035
172670
288401
134681
463068
385678
174786
422895
138840
303009
467831
158100
2459
448920
82389
52656
278391
362521
208637
108276
287154
20634
358722
306138
4170
240232
151798
211331
123766
468524
215464
72101
163046
436739
254974
12930
347536
128905
471069
426364
44741
414911
367541
161922
168768
257612
65481
132752
274393
451848
494864
473142
397816
360901
227916
133934
97488
198698
13054
183680
279859
200339
329478
42185
6494
382265
36540
251334
214299
475714
330171
46747
321124
434067
424236
298814
312501
244525
21372
186436
63503
21469
324833
167459
122725
436853
247376
134977
259615
33145
455463
341613
192840
194794
121282
190869
139033
289799
332653
256850
441356
375067
14396
109974
491893
37743
104710
278794
489195
76992
273428
372619
278271
439633
235893
21431
444852
246095
464751
328411
32949
243742
271507
14040
138917
311694
137598
424777
81053
42660
101847
385404
343070
87594
115489
253205
260702
174223
387022
351058
19749
137718
267099
279759
456199
89672
82221
132801
223131
330984
165881
398948
461350
343466
128286
220386
424625
409498
490704
3191
209904
404986
146
330421
10767
398449
184734
360060
323508
454174
283609
108385
103494
331140
346465
172349
27850
333803
498212
184082
46241
352070
301512
383310
323632
366016
412812
219307
196145
263773
431106
393499
282712
6818
237740
70933
276368
227120
328249
411828
189954
330424
301806
482062
132910
378947
109029
447711
411965
377148
256006
65605
92245
133066
453559
177748
50162
258160
471906
110164
444932
5976
19193
82535
48877
236594
220387
408655
175423
362905
117769
281072
77634
113178
460579
147164
484124
275141
361409
299670
301187
424153
70878
254459
294570
432587
449598
105684
282453
186060
190762
395988
157122
346959
125506
36765
240146
402989
317750
379732
47526
431526
163297
74296
79269
454386
486063
201049
432451
432071
348206
417695
184325
491796
212093
498248
367485
396591
418307
52203
43455
444891
439938
229692
355624
401533
131149
324046
318189
30032
17703
60249
325184
128075
185101
370510
232117
48966
64014
379770
183851
228787
493343
82457
333890
454514
63843
171662
442674
40477
174071
137724
30020
108840
133013
188268
460670
200527
419717
110041
376611
110514
349279
259255
306960
387388
239882
193948
139407
317496
464306
454895
396389
70112
20739
429793
340458
261387
477110
422944
30316
339322
57769
300467
10431
492783
146845
227833
155623
475415
461746
305806
437505
453666
184271
152386
478724
494637
139335
347773
268370
146208
235122
254368
457999
382385
482114
94476
238924
346242
272344
335147
279595
77914
338932
177825
173829
187914
191154
39344
89646
438879
112123
346716
242216
183630
32927
115729
297410
215541
232539
120030
107917
50955
379625
181906
231832
16050
281177
196525
292740
161054
186335
345985
387534
230204
458554
423062
336384
256744
274963
208825
485050
248688
486100
67931
290481
44450
389214
273023
301196
243405
185175
439257
8754
292568
11214
370587
24552
476340
46702
153986
9453
441297
141132
131505
109733
118061
323798
319634
109366
437299
329635
137796
448581
376746
18226
340110
75636
333013
316065
150222
29141
41322
369460
186929
255986
408898
282365
397283
327779
254754
124794
307033
482073
181876
311792
464005
375875
368623
286907
484492
57848
393372
124594
202391
133322
380623
477045
184152
131691
437149
461843
447230
330091
264102
426222
308896
358530
73625
280820
102629
173250
445236
478286
138562
217485
413765
120907
2840
457097
93639
84148
90675
262776
488455
149733
472548
24154
182227
394325
261868
321816
58069
16630
295716
113435
479345
38868
44559
197510
192983
470116
68982
276620
66952
115731
176601
58742
300346
91701
186787
402030
96206
172425
95900
85760
345407
191829
389748
173120
147863
5641
44397
142076
399036
195249
67967
465177
230060
453773
312335
88580
115464
141492
268073
114723
280237
86173
486318
362320
181769
332742
360244
166479
119462
46415
140322
81125
416717
26556
104422
330117
476855
269307
373788
156950
182408
476758
22956
389625
426019
154580
22580
326023
175805
28950
386678
282979
99270
25147
16186
480463
17014
143925
198711
470674
433437
416814
89667
384958
65677
27766
420692
331399
33452
422816
72115
382889
138828
125777
56682
324697
77469
378992
194548
458470
329181
230578
430853
381329
437873
386154
260680
203466
244817
109283
400541
260667
30631
231757
304552
350025
498126
176741
29570
456025
30779
227928
433062
116122
268842
323533
335242
65934
363719
105957
354679
345006
55839
271797
89884
59515
132417
76345
149689
47134
366391
363506
194460
129948
193002
211706
449311
47458
254616
84664
9696
323213
274273
297268
104480
64112
344121
251931
470753
295427
50054
293023
79891
451167
495932
312842
424232
206929
240497
109749
222544
436559
240653
400778
123684
60523
398828
228275
45716
202956
358783
123946
427065
482505
346189
313600
27777
359741
392582
422245
261827
119469
142829
26257
186694
62668
466954
61295
9555
366658
61821
474607
171135
145668
392129
264118
135674
261321
260094
430098
264539
7297
49507
285624
250694
142166
317550
459751
389100
75184
287970
181303
141626
289329
19697
219620
115241
123739
475182
129679
294272
343144
223766
492603
112162
47596
358484
326483
129099
137085
78934
424464
271532
10369
228564
187766
244869
52619
62395
207462
267045
376524
160082
13667
11039
364024
322601
3232
224885
432463
261301
11007
91841
336761
87345
372632
219228
144680
167901
44199
89183
209474
142289
239828
82296
264204
248730
214695
466779
487092
301673
222851
422243
459835
329193
470712
471529
476614
437379
452086
322241
137884
219383
203679
50269
372013
204243
171503
260555
183316
321931
418258
52153
60780
46330
100147
17001
27095
339028
360977
83587
152781
112760
21326
267461
142678
290545
34914
230220
174921
304393
358999
159661
179054
179712
35923
300205
97625
16296
26168
65095
414328
312465
496712
287517
93948
396383
322127
283789
458975
162227
322438
350
292333
360460
413943
475976
481500
378656
358291
497788
239902
135303
255560
416933
484724
147917
22626
274743
190944
47380
189498
173001
193201
399262
470450
423630
157162
168347
273807
128377
411939
390664
18991
78579
494564
243271
417314
255370
42483
283201
367517
491606
22422
187435
272507
264125
215042
461354
25849
157095
388927
16895
113821
341076
488655
16230
266755
450359
409163
146541
426016
289760
415160
28601
432518
369007
406413
143717
431376
286777
21615
100948
479379
110208
245981
361207
235172
198831
176466
344844
168845
194734
459373
132085
5291
453144
165394
462479
241125
15585
221397
309471
96215
234840
480471
11448
218342
320976
186392
244430
339163
173622
159509
447452
111909
70781
378362
63806
125472
345426
13925
364782
124151
300289
459647
96457
192935
400570
224182
95642
329202
234856
492562
105550
342411
243812
424131
54270
72711
216950
69522
460421
207438
391904
123098
260734
21040
479948
317043
463250
143089
78505
35885
23798
291971
428397
446323
347263
492947
174771
5060
289036
201770
343263
478150
443620
414202
178773
450201
38919
359109
408040
77863
350894
475393
223210
493955
417422
18802
123909
153102
237983
203150
185845
132363
110506
388463
427688
163282
229436
199467
285972
386653
389952
46178
127574
263687
158338
14881
183539
221116
482000
233070
388211
486053
441382
265228
414389
151695
307792
59634
368248
382027
419616
4883
336653
344948
441841
422603
374583
285753
115302
119715
297081
41464
371560
102392
213081
5978
240894
152590
141662
224189
413928
382011
453686
331317
469607
358324
50632
279079
310516
159946
145928
17397
147504
256998
296099
392429
467870
409433
132621
184797
229119
21453
91208
372717
126661
266999
272236
350336
115078
381593
164473
228427
114292
324208
267196
453831
328883
308259
298111
82458
238234
347684
250626
3736
408344
429374
361986
314450
246
192701
300407
460880
407752
1427
146390
282920
338279
161984
498192
325004
198673
412992
491667
349843
187389
423360
334299
397955
213475
189118
277007
302033
323328
72716
48040
115137
83855
113051
96687
83264
86274
344123
344758
356514
59051
97891
242486
214747
486726
307645
98763
75376
260868
302114
19812
308137
130275
338106
469644
231802
294402
167852
32780
206535
127266
337772
292761
437893
214831
129585
231514
89163
25030
55784
356699
379915
67143
242399
431230
477505
473271
168623
465141
316980
303864
486549
121447
243213
421014
208610
373384
471266
499112
328403
413029
187794
466364
458554
100643
61396
160029
83644
262939
28614
350847
281235
295047
469435
458402
6470
302744
112387
237484
292512
280571
79485
171341
261436
72464
206965
482800
199524
191670
412511
306590
315100
149643
124031
161435
43249
187430
99778
111464
193542
82377
382286
29284
313730
138322
378208
16962
254334
270451
228806
178800
299745
289161
411266
24386
67159
7196
472901
247092
407203
340228
97901
422463
188736
107693
200976
278835
221612
19960
253442
331981
404072
307597
465373
419322
158349
195089
384980
160125
396512
139753
322699
11446
10648
426626
403803
48853
341419
56515
481743
386398
456865
467395
281920
139898
364890
141290
494243
112032
338219
149138
75448
271832
458093
83324
348308
38883
116815
33897
345840
377668
298269
193918
381780
192558
17190
359964
174814
180623
420249
486200
249672
352364
62774
354054
469633
452650
125323
483379
48190
52186
21794
377835
333226
445073
185136
127608
73589
291770
11675
142428
252617
54666
304606
1637
220202
401038
169380
232956
395935
94504
121241
171649
437471
399437
170798
89623
302896
266464
426372
420134
384506
351242
268538
234027
454421
193113
366851
314032
351301
264471
174285
299994
291194
76020
439169
15657
442691
272301
27437
282363
400716
378551
309434
321893
330717
287890
132762
152473
208781
87297
312312
233841
291257
169747
485620
94864
257704
30492
66363
174511
408386
357945
230728
441619
45445
266918
45026
252216
387111
495571
103078
278893
57781
324013
483796
480260
164431
232378
183622
312622
19193
137520
80854
312669
63566
80414
228172
315887
235692
222562
480229
339054
61154
301707
439094
100277
92986
401404
356658
43934
29830
79190
167933
184800
145193
413608
150464
48690
469188
128924
327407
218761
419365
289901
66725
291421
250599
91018
285102
465867
88908
447283
17054
182505
347958
261779
8573
477394
221003
35562
79481
269666
13843
65436
238321
22087
494218
198857
360855
66275
206873
400662
246765
19674
72693
183262
280178
208146
94835
309800
402335
239833
279430
50853
373493
116325
322839
258839
380021
195990
88548
280487
137620
24874
383737
418820
443984
133696
328100
56775
420565
244174
174845
24243
161989
47557
443094
244140
475787
308980
32690
495175
381423
396078
400420
158752
195336
470767
454858
336316
474007
416375
109580
8570
139251
426205
456816
337561
355696
97039
330241
215322
378493
259397
88356
492868
433756
378438
110483
203815
82606
172979
28030
454842
159500
74445
299595
137254
399804
228477
172180
489480
19470
150117
90558
94571
259067
301637
226983
80868
161951
246112
272023
73283
385429
78477
160941
66535
221520
448977
270643
259119
83658
130582
82366
285567
175767
87391
163471
437640
474003
143725
139968
47335
219716
88922
187210
317772
326771
398153
150906
466136
469565
497342
361052
9680
189575
195694
353091
54488
82465
231308
442902
19234
353346
115059
210882
52201
376489
171482
68944
261716
35844
326244
242664
38624
215757
270154
160567
40735
203103
391982
100087
379793
222515
52092
12682
160624
285250
179009
405332
272915
14068
39445
439661
41075
137150
84692
494188
407712
159674
82721
319500
231757
92915
490528
10901
84826
151227
403080
201756
338892
354217
347075
101619
281080
106301
330415
189336
483905
2551
295427
403904
120225
201311
497890
466168
343738
174922
236031
348321
126048
462981
21920
379748
294293
414994
229279
438250
489398
349905
195113
15467
303044
285486
31151
338320
324767
413862
370793
378112
241270
282096
76785
466112
360700
260464
88747
449900
315752
392765
485902
270420
350327
152479
171310
278242
100197
142823
152994
99848
209009
262261
41917
335823
198586
5968
291948
383137
243367
493120
58081
353589
212757
305029
335579
410795
328613
143497
369004
100221
250242
139809
136873
322233
333316
469330
311870
482445
230958
91678
367438
446849
371906
17317
309760
80712
30602
25244
23133
15413
404630
418204
321578
414671
146787
192932
183323
213551
66343
438175
186432
339797
172690
198347
148828
484679
222875
291051
188708
7286
183690
232993
318101
116263
15133
422676
186988
235805
140407
83851
150027
268543
339814
466622
139596
165321
117053
318882
266303
462997
228972
107096
299635
35924
186797
416591
373354
284041
233624
413339
435403
300575
156426
194610
395060
151813
69564
313404
25306
186700
153804
323296
27071
449003
479176
134286
403040
58879
79040
147141
382578
349742
47440
6121
153624
290731
12133
90248
385835
236196
384113
497540
373822
388845
373026
493792
35310
306569
35101
36555
214642
362653
409277
293950
123316
279310
486103
59528
210248
441380
116363
68924
35139
59049
157459
386605
402824
250809
272376
82452
27129
466958
337762
413030
181269
135331
79233
69774
168830
90148
427861
179041
179487
16661
165090
175637
305913
401252
462819
403479
24374
327652
157819
405350
268831
111497
227543
236836
86590
308895
204263
103298
12909
408784
220191
473534
414355
418536
344985
44816
466311
382155
248069
423503
225995
335304
15348
121233
72728
396668
118976
64477
296530
253817
495488
182780
314088
87311
330438
271476
140436
187446
265482
284956
13096
388729
362196
68650
287386
95754
252462
149527
273791
275336
197011
356386
337262
248621
335941
323256
225124
88392
143128
269996
496234
245478
357498
1130
99206
244993
4606
422213
293136
485546
361628
302128
239360
473877
427223
466163
187012
384629
368496
366826
193932
197310
78239
190270
337651
51575
25909
343081
157398
480754
343191
296222
498585
302439
348746
252590
206842
267249
92860
112976
263919
495909
196160
406517
341681
3220
271164
333108
45074
429693
25492
101578
169558
453797
457402
271190
398012
147719
143542
88671
282085
305078
439333
487585
491630
407385
151889
499875
119848
212901
449958
223440
273668
257413
490524
177018
74076
209243
357871
382033
382843
166937
457994
49578
287210
468355
274870
291805
291086
30137
347939
106553
327340
231872
120464
340531
161300
130006
149811
145276
257366
262423
235090
39369
277226
277965
287040
74736
484365
335874
165260
7901
357240
282445
21035
385347
150569
406831
471021
56679
462667
268581
299810
23134
121709
273788
347443
489468
465605
52464
497443
65521
477979
168170
348066
378301
381664
33993
361764
53643
382889
43734
304377
441200
218769
436798
388259
152333
441817
320165
309530
14169
299801
394050
479382
370981
66044
327259
366489
132885
359434
39013
21078
294520
218623
9129
44991
275332
305718
374212
152272
276678
36310
20020
366695
444562
5184
113111
265997
152763
161595
360371
174506
497769
62803
88318
449115
236373
148807
242881
175307
295467
399514
262048
224966
44975
169534
149560
150704
437320
226235
483254
218080
299612
211652
130191
202768
28975
358088
146117
291041
400299
410016
319883
96242
335319
294966
394396
146763
374829
294973
492711
446729
215643
119608
325160
165093
246131
447363
213456
493480
420923
149057
366655
198767
345208
204935
231676
2004
210035
474665
377834
261503
155136
193670
178581
90932
356185
484965
362552
94218
366051
308266
315112
427293
423203
223237
17237
55181
371812
335551
343215
287052
366468
71577
415527
423567
92333
99268
380066
58917
482646
177478
174722
369409
253891
407945
206427
252387
475859
323809
60092
351517
11942
134464
230028
212723
170828
56438
294858
280758
703
383899
182842
256587
257795
333008
491229
255754
49773
141644
5848
58338
284055
479552
319806
456351
253688
27012
342489
391849
368250
395924
154418
437930
315737
163771
132293
311661
484750
70153
448979
264179
374039
98009
418368
133875
199752
430181
131465
216494
30782
471399
288449
141027
38974
154902
120014
249296
486238
268600
157823
5425
130018
469457
464623
58878
128029
249926
218855
351917
342319
281435
146391
286028
213032
322651
107043
468389
33260
286502
232170
452045
200791
307433
297143
41300
294729
176725
180628
37292
74287
463364
383989
77089
182991
75194
120853
201765
150145
87392
162077
491781
61716
175361
53969
33902
109314
140557
246443
319908
463005
234069
350266
473812
250201
494415
469279
393219
44334
338516
373957
271661
284811
282715
92237
298749
361608
489975
286585
264151
111309
397193
287962
320677
403209
298578
227897
369062
434933
118409
151520
233901
193989
213450
288546
307634
8092
489656
157691
325257
232344
145840
189684
184283
190338
65331
79213
146253
184149
459956
486052
485096
319765
342720
137615
495601
99863
248054
256649
273652
422909
283908
338254
282617
326967
425920
177299
436167
49472
196021
467259
209071
25670
259811
216793
428950
270395
119356
144066
64397
92170
232436
135681
474932
401197
394015
188258
237036
360330
183392
222731
417544
383748
206955
18340
162414
426360
473028
159449
320927
467046
63283
460767
448710
248168
20877
7764
425496
195624
365773
390582
466170
16553
29214
493841
184384
377190
167381
11334
428077
203849
351620
114520
14110
20279
256713
434014
94188
333347
260199
147185
311989
417584
407757
415360
409230
41886
492085
377724
255740
476976
223823
159251
117866
295888
245037
249390
3672
137989
144525
386304
458440
318821
221439
4853
414271
475360
128703
42506
289841
81930
186471
160166
183376
130710
455518
382209
209148
363208
424015
41307
341600
147968
15894
389459
54755
200410
101261
345218
468727
408636
198017
246180
178329
29879
342129
77039
94329
344747
479538
495461
400794
185945
102388
387342
131805
339318
256630
397837
57786
306513
301267
374317
345701
38477
336910
457583
129658
213343
263434
86640
446350
191174
377177
211349
222373
29639
307162
65934
388021
347830
496463
163327
91239
339741
135126
25114
67986
397139
436012
7650
429243
317625
344727
78013
34421
17435
274799
484689
137779
449600
457997
447372
495874
243775
218818
180343
484066
238763
415053
305166
434756
138244
112419
84389
281208
426025
495106
1984
153694
487962
433750
359632
497257
486088
313477
389690
497577
452819
213458
212153
8435
465853
476042
231376
170213
433666
116453
236349
402751
228003
242975
475074
278901
114671
208052
134934
355246
331928
172195
328664
18085
169169
367280
450590
440146
53427
366335
212366
75432
372879
315637
89021
151621
383492
63043
124051
349901
454181
454759
310671
410542
155043
161456
343445
183204
176117
332439
193580
128798
297569
336962
118970
288833
154303
342284
188283
109895
218834
2108
31302
337371
368017
7763
60987
63460
479232
48689
111210
460732
428602
356945
464803
144708
152145
433882
407124
483877
59667
457349
301731
31998
9720
115921
172294
91003
30926
314571
385253
238049
356259
329571
56334
406960
52978
289101
217457
197183
23353
394110
441089
460417
312607
180329
321547
187585
312853
130433
53505
489228
240631
296018
369690
193721
12127
355516
59156
466829
353358
153486
1762
229758
84693
316445
430867
228352
223282
369777
224818
369020
40164
38056
193232
477291
333722
387481
197776
20375
57252
335970
305804
488349
229267
70825
260492
285042
470586
271666
104931
352046
192902
203709
359846
471335
422381
498642
153596
30491
435256
117940
456407
52239
410105
367474
42733
104298
21641
181765
411514
277229
346932
157945
275118
11532
188985
391059
496477
468028
126808
220273
265483
270340
358385
379801
67270
45250
273537
376173
115310
344079
47014
402618
431255
89772
142355
450918
161830
179761
244466
478154
124035
365061
235155
123440
482275
309139
250295
421572
173124
394582
450478
261586
78000
296036
15977
305880
467163
170207
89186
321833
298100
228386
237089
414564
268754
157101
2143
404899
369336
42163
363888
129262
53708
174879
127638
85895
41763
366077
221267
145711
63219
295734
466085
122925
445651
436658
145016
14051
222760
133791
340085
64316
247456
281287
233551
253305
434755
471215
50729
135836
252427
324970
56877
297141
398003
168240
290019
66183
29310
241128
141838
427974
37156
30796
124874
93230
268889
238772
2471
163342
402197
205516
51079
9796
380667
439892
327579
373471
81663
421210
387738
390872
184433
84135
102399
156726
427855
249114
349591
415130
337657
209782
170013
323306
331364
467101
215291
93410
34899
389115
307418
239030
222201
38074
224970
5436
69627
463385
123330
278329
11520
305004
349950
460712
60904
17092
162827
213409
41253
157912
343960
196454
308282
473109
417932
276171
314432
394055
172337
268289
143987
486166
43706
310598
130195
154192
187529
27005
102601
345006
288168
329359
70416
55894
452564
401263
163038
123873
291018
122992
431558
451078
287322
209820
155302
324907
64869
208214
157177
169960
442236
263947
110779
298222
170513
89643
141937
392543
481045
276755
191774
486088
108283
91613
90891
456967
476399
103700
342809
178214
116993
99685
158999
367019
321317
216961
125218
453675
403184
481311
446310
433181
107547
47542
372953
66976
164351
244648
260033
338418
110828
308307
119720
263177
262663
323198
281926
366519
489193
119218
456694
5631
114996
141429
190527
181371
336833
345483
96164
466204
424603
26530
314201
124914
131445
389696
148166
376757
483198
242191
143511
174794
463051
361972
404154
198542
159379
3125
496254
97669
137075
427062
322088
67262
88905
328336
264540
355880
55764
183169
400736
400079
366367
93730
239818
437739
192382
273299
89916
103951
185759
348148
361365
258554
362111
154423
121818
404314
229670
458282
114667
203624
47183
364837
100727
242843
150593
300668
358590
105409
452943
335320
423256
22215
498013
43678
302503
118323
498515
434361
51262
54573
449811
175003
288375
432216
68328
80919
137477
195419
79402
71256
102079
396259
468403
304079
285551
404842
406195
144256
14043
18886
279101
47423
93151
178605
283931
24688
270972
299772
418909
301183
215716
268608
128475
469434
469524
485016
189482
479185
45283
388
249841
272926
323092
92590
89168
60391
404357
306450
43079
477846
26131
16941
5261
496212
416109
203978
105868
188638
261005
399849
93084
143058
238460
21921
406090
85522
53848
67231
475185
25460
442734
388973
141085
398753
378099
353983
201129
471896
401029
292414
286159
123730
74923
233917
468911
11824
244385
263426
294908
255755
258552
106601
239077
493810
477561
188960
257928
19881
63319
177926
425834
90553
24275
377038
355437
442486
410953
88992
45795
94340
199435
468065
172251
46365
337231
79833
362919
208747
434052
497629
499036
78671
358122
368704
442275
125472
116161
289543
33804
387096
371197
51260
391521
400004
468206
224562
95334
4079
59417
40979
466333
55166
104386
125686
330668
377634
167024
358710
198961
182184
170715
389973
226095
53167
293547
59733
371261
396175
194601
218457
97741
126784
451182
138960
287849
239210
54696
254682
99445
165090
66535
319425
162351
50613
171496
130269
64643
163485
407272
349035
298804
488787
139313
76672
202998
466505
301856
207672
147697
51812
34834
15307
185290
253976
58678
487337
483478
168034
130452
387849
112211
59595
65448
201148
92409
499186
426112
89796
209228
483356
225577
340161
252436
56973
398043
89804
343130
275683
115064
88104
167382
338956
162123
220761
426758
404603
388197
89703
297888
330605
91945
499828
134771
227588
469968
165785
319937
483158
170747
34093
71609
12932
46242
433229
220438
280937
105308
345
106088
469960
133722
214833
112452
226303
76482
111042
16447
468733
367720
89726
6453
41009
123788
280534
18324
103896
123325
271828
196690
233211
413148
106361
144864
19323
457694
345425
254317
97034
181266
439344
123303
439336
142665
213856
348360
348969
271301
322055
383524
2978
197781
409370
314261
293445
241426
425355
339915
125189
259198
302928
108208
78606
490555
190586
28664
112663
492811
495197
124235
370652
302980
244879
36615
387234
329183
353492
159508
394182
417977
281710
272918
390189
57237
110190
432367
6166
439754
104037
458532
168149
156630
83842
348493
13033
280233
260975
396654
281318
289350
42542
418188
75298
254645
247123
415437
193270
51587
320747
445943
334587
280471
136706
31261
405392
14251
442169
211413
274718
499016
420550
255507
67834
299585
78894
56744
134606
173203
349566
164901
212783
250600
458549
162689
32506
254825
337271
397134
340012
159490
268429
436199
452702
235686
269192
154298
424198
410761
40272
216164
414980
168042
37010
382017
385577
9496
291597
476533
89898
453778
52746
378499
32278
87492
471991
21041
95914
16298
317864
493511
116241
390994
30054
87249
126880
283978
313663
204457
214920
337242
183909
72552
117100
379854
116455
28675
50470
53064
12660
391144
284585
121424
102154
445468
145737
127231
147052
419867
478584
150693
316873
433998
110283
153528
10167
25669
364791
295591
68288
381004
321877
193650
317598
300248
372516
81115
154349
343227
162709
463870
224660
495426
303039
479430
89759
165298
176977
260601
440021
303052
55010
20770
445164
482917
220823
49772
431584
146791
342160
343598
162440
202089
81291
1657
171623
94361
414453
366395
389328
365007
98918
177587
68724
173750
83987
231988
324774
494364
228351
94925
433937
184451
147445
449272
5544
408131
461393
402309
270216
291771
201636
247878
98186
137734
169107
178696
145497
254524
192438
65235
68680
171965
471929
139726
199988
469678
371179
157201
301407
480418
205783
150049
274586
65036
316367
16584
102661
262506
338367
490132
13748
387478
8506
109672
15226
449418
255174
54804
337816
407712
132970
272939
49494
29210
117697
311423
446505
177493
430468
472397
120575
287506
145309
125557
463028
377506
3836
17773
300972
183632
473682
313055
158258
486479
145946
427393
35906
247477
409926
66690
223302
371055
321258
271328
261570
226460
429283
352085
102935
452793
245226
444351
72635
232840
365086
153201
418860
341218
142665
200361
270802
9359
290978
91778
369685
125533
166048
191418
372298
30733
458720
415824
278568
166536
148889
304052
201595
486742
140721
432798
322397
25274
126309
136756
192148
162079
272296
274137
271960
130467
308634
209203
9758
321567
194487
337204
108105
437896
196132
318193
440654
444009
333766
391213
323233
145595
248047
350374
378268
273236
129292
323420
147562
11470
169982
241585
430397
435339
192085
74063
77563
232478
105710
102226
251767
216997
95443
340445
203355
167695
447566
405687
43625
303986
497057
347539
230608
254596
46617
377251
92415
6519
77521
332251
186153
495930
85817
230940
1093
201909
22998
137019
471283
315310
316633
65560
36938
352818
282891
445899
279957
327506
423688
40925
195789
280594
10807
166010
412359
458757
157345
208832
395954
499210
88539
294643
95816
418515
209915
63815
78846
317516
95018
379178
79530
275356
455851
424111
60517
394140
496100
81401
242438
396777
409578
306630
444716
487917
458103
313566
185178
396818
30781
382173
446187
495182
162029
101246
282316
41686
219883
93070
65525
392512
366904
334323
207554
241930
279057
238020
478316
318124
475424
80929
113306
165386
467616
257216
224748
135759
91062
99435
337454
302337
434301
98311
341423
259853
38029
187463
429011
204144
118264
238705
190228
410552
162570
17761
177942
446943
161324
431565
377410
439672
391541
334803
263114
37323
306897
94367
374985
276308
76686
42549
465591
315268
25119
119437
358842
109592
346873
373396
248620
78897
77253
387673
81010
413199
185093
423942
354275
303042
482247
43708
201343
52170
52497
397626
295072
180205
447316
289859
294815
463838
37674
305688
358104
101202
280893
78865
302139
404604
192477
27915
230952
157216
481303
188830
251074
251523
50868
142523
185117
415841
4015
341839
315231
86652
162104
172386
22163
434058
410758
431803
137355
163692
24377
373917
300737
87823
236264
95487
356977
39426
172540
176656
5182
205461
468551
54358
397615
127949
330167
239017
466981
366557
31711
9840
407371
357243
301785
470775
370750
264972
292815
196945
14342
139594
136053
439401
319122
178577
144599
378115
83550
34836
360435
70921
178318
238098
131883
486296
283020
300327
106993
299799
156087
171978
133109
310158
18709
335261
63888
323164
202484
129550
425470
156438
291277
251380
81267
365769
352771
130411
68268
59911
246320
264377
174483
375921
5205
59021
297166
237721
204596
372303
282914
186802
283019
492494
87621
241675
75449
493430
192554
12330
185723
151882
431725
188413
86902
281417
248912
126454
391546
128598
103993
230182
239511
221558
45521
279790
381159
188124
241638
173577
471777
144271
220295
443050
453332
279597
253401
451996
460585
233611
293709
83130
493335
208523
79477
432987
262764
136658
393193
347836
436181
73592
178650
170714
185537
219126
320713
379048
330105
168073
245907
267787
256039
146660
345204
112623
393440
12392
149241
9227
129066
294492
35432
223031
432759
111471
2441
432460
134106
434792
226965
341941
373281
362248
247160
8284
182169
127657
328908
167732
31971
47627
480939
232267
464864
101872
405273
56829
387861
34574
169694
220115
29501
71980
255622
426066
198272
203227
494204
478347
121322
179548
66349
172639
309714
143322
168687
51596
324236
60763
219710
415491
266371
267392
133188
119774
428145
313574
262693
240513
26440
283523
410105
394624
292966
431005
319445
293570
431418
133639
461580
33518
54948
236609
355709
430650
289869
291639
339342
180454
268269
366587
302301
425292
453553
462062
61342
328232
373726
392842
286684
264532
271537
101351
345455
102788
50981
27316
398019
400419
5780
476169
360777
243780
221736
463478
32564
481518
443886
175559
197374
250277
256489
4993
324734
486706
339303
22722
238164
65214
258117
413925
142532
250364
369475
430754
441547
51940
489706
113603
85381
214825
82520
182040
63942
407283
208908
461854
440100
110461
351735
125591
217353
426814
369994
423359
294626
156236
78723
344066
188543
292908
279256
309233
417543
226759
85262
323212
134752
418700
60505
360897
383729
52877
386718
318803
481312
422549
427656
18653
91424
2259
226409
382923
29929
272647
467159
130085
378681
178293
212226
225734
304839
211570
41102
402688
15338
454443
280560
190115
121262
376369
56435
319609
8655
321230
306408
489314
397248
202658
372173
64513
499026
304996
448947
423813
277668
326573
22770
493501
180909
26136
328104
335406
200989
315988
94964
320458
172012
297511
44712
498487
270631
348248
234453
449803
109364
7167
237607
234751
112889
371709
305175
40706
384763
452173
286956
64404
357368
478946
117468
407421
150267
52981
20948
195270
458055
46483
152375
221388
413980
499569
483479
82930
361321
215032
222104
34637
231524
448180
279270
423442
455162
31847
46150
272073
324490
351638
78489
232294
413761
169663
219027
98447
212789
216305
324092
187641
213270
455919
494450
488068
8030
328653
45624
181582
478915
319333
401546
91552
47725
218065
43468
252999
359990
303704
474186
211740
368414
136399
224642
196497
150986
325039
468479
63329
373071
108132
468578
136979
383818
178949
451384
101230
399946
143628
488785
19551
419709
341944
389293
223580
2377
142811
245265
97583
23415
207511
479481
383750
458966
289571
159394
181983
325898
164366
189136
321015
161067
307710
24053
90819
391315
41396
132537
331077
10328
22624
118189
46234
195977
230564
347116
480355
53860
1027
224147
86152
225611
396789
403335
137547
27083
252086
128737
355591
236123
151255
119872
250181
464944
270025
28354
100621
6954
1472
59760
195282
83779
273295
348089
333
497680
255294
324863
485420
137484
393211
319693
140630
477749
497983
333806
331957
187858
401454
497521
151927
256658
405202
21236
179154
346375
297855
272581
119942
97357
471087
303399
319952
389830
305427
127888
409012
192279
42455
111676
29806
274267
259188
227210
89843
319354
27396
76965
221650
472633
338601
483687
376542
402559
206209
464565
276524
103742
99082
152382
192708
463409
193213
473446
115914
98741
137755
488807
300014
451709
227928
296355
172993
1858
287737
200558
72018
91952
78739
393206
683
471144
376263
339324
104117
149662
498180
350604
153906
409471
479889
153546
74644
387163
112275
312279
475454
98369
458419
134455
176061
869
395813
180280
223421
213548
295758
22725
443127
243935
279611
7455
97174
19066
160787
180178
271266
125988
21315
253429
493885
129708
200044
192251
474338
136419
1556
62272
397636
353122
357391
170713
416752
319766
55269
745
92314
71628
372414
233441
28623
252715
459530
469359
377184
303068
270293
165154
234709
363386
496480
280524
123026
426241
15493
76107
115943
11905
220012
194094
397093
177591
354918
207006
355466
107851
39059
413183
382571
139009
387736
181462
98416
189541
179425
249534
349562
420512
144961
193187
382787
484108
367095
404289
426637
187066
297491
166623
154460
207886
43550
452178
135507
96717
382255
221896
121566
422438
488987
241296
369357
26561
400090
325987
20731
206485
490112
88320
429880
352603
224044
232086
259001
72357
486774
285501
206142
215949
327950
226037
347882
176189
276445
482459
497441
241455
389893
434056
38779
216130
131404
13812
499069
38010
51805
127730
39649
225873
405361
270789
246716
328692
385521
237954
213609
66958
382037
334793
11309
213013
415017
213877
328414
222857
171603
445418
364974
114747
437898
369438
389915
334271
402341
103604
15731
47705
370074
146391
414789
178442
57405
343046
275128
192066
486804
87528
49727
167049
291279
307687
272007
460051
7588
197392
430612
272889
324496
354310
120461
22067
391811
468975
416590
244856
171384
150920
319629
486704
348012
146333
116207
245041
75970
95770
280594
277809
86550
363205
360942
267813
463999
127179
242292
250938
389215
5536
38685
303946
55035
245680
136685
164189
159333
269620
122043
231019
363001
444598
252188
49233
356313
421331
177584
4050
131439
480633
455883
308093
319871
307205
439404
490137
398572
414530
34242
18756
353824
129719
235231
372327
269055
455112
300619
71166
109416
134598
158241
356411
349527
29494
75885
464142
180409
156230
450318
255581
373754
173853
168690
420689
275357
124616
271064
309371
208037
370847
81363
51359
469240
475593
81721
220259
111130
346689
486914
433363
18079
55240
433049
433576
94422
387566
465504
9468
21817
65051
189845
91354
306847
286851
75235
439374
118237
380161
68916
100820
331900
350967
43217
362223
497622
411992
321177
18970
162553
245968
430932
13162
87307
53390
428233
137427
250225
439360
172142
396278
203404
414213
329990
367791
298732
77749
267890
99494
497862
383241
324655
450894
404059
420188
200469
90091
429514
292584
31117
256986
411902
20932
483047
232880
87922
486569
364376
265167
403584
24419
409942
473663
214246
52054
429363
474231
325430
109915
39559
470816
249303
105155
49775
450803
103946
59541
34383
47920
172365
170192
291113
193332
320162
351798
197718
294813
6308
49147
24128
410993
253666
343441
343720
145193
145832
210903
11048
441917
368321
33997
265739
393264
481979
431725
66201
112982
433595
307683
425820
482701
92208
363509
313965
83179
472466
394208
244021
404223
33875
282546
380754
38413
430179
358376
371378
121462
81484
7515
311145
389577
455509
139912
403517
249313
106827
285455
164354
53014
447469
123998
182485
2058
24907
398358
199612
139174
47046
414094
497671
56264
21418
4
499300
488815
92065
52307
328005
289939
496824
87036
31409
471741
173280
372221
167266
140118
344930
354223
268686
80400
353480
397592
218045
391750
71459
422148
32817
47223
251707
354936
183026
62939
453962
292009
276013
108817
109141
362104
432499
217294
75214
454903
489358
473028
154927
232828
206257
404777
473345
141726
266943
488610
464780
460571
44985
82487
490238
429869
103208
322568
495311
386212
66836
117188
76059
414026
330114
323641
363163
438265
384594
94122
372620
355480
115973
450830
239972
324146
30543
83208
354577
117092
138556
362989
447904
6124
411222
140765
342900
378532
65635
313653
8548
484721
443383
244366
210474
219464
53623
139020
24998
315497
348505
132515
300985
163267
23802
135336
274340
133979
93406
256337
7974
2515
297355
349805
381550
31702
124159
261744
330954
104897
451443
172221
47379
331497
460155
275061
14353
399247
380989
76084
217963
399819
233482
96485
291006
180176
179635
356194
285481
182635
235862
35119
432388
243134
419702
295166
35233
42583
138244
27219
497518
54713
175701
177835
323509
187230
404545
441790
498392
409130
207719
16179
305020
426151
166473
303970
177001
316788
173325
70127
338446
95396
415693
18448
138549
61809
489936
81719
449732
325870
218789
349403
408932
227983
361562
36363
437660
99435
430236
429667
294821
454324
153306
477125
110723
185372
337428
281209
187403
316425
269519
353675
187454
160267
459971
216520
137562
479109
172781
200191
26401
152870
130357
86837
177187
421475
318971
148727
253111
63065
13973
115089
245020
262515
161078
402634
382425
51747
451200
274134
212117
57550
224692
131678
123075
483286
28576
51021
443110
223942
303931
342247
269802
32092
436655
269333
482849
424540
124291
369360
144895
435715
332243
342500
481826
20465
50292
162950
115142
237862
244168
47271
329320
497191
485586
391626
440355
181031
17072
376971
213837
468183
207148
224410
115709
45675
441981
113088
139224
123244
39461
135884
174318
269465
349752
17839
495774
278489
278720
186608
361514
108372
78527
149634
488609
378827
484957
229990
242408
29876
118075
212039
281348
96671
92192
88153
631
148399
66844
203867
141026
301709
385723
87222
409924
443018
95236
320742
289468
495567
65114
498321
287275
446660
315579
289611
484221
40903
13582
90870
308352
297100
410423
430140
153638
300290
464245
303464
422716
80257
401636
357375
79933
304814
449774
98070
296292
443548
306714
59944
450607
422637
372647
419976
316283
439669
39765
209
457503
309649
445579
258847
70390
70765
193678
31709
203365
439504
475000
108702
154421
488341
401911
152422
352393
490205
236941
286380
323991
440133
260848
362041
230086
12839
316516
274012
304214
388470
100245
245702
140997
475324
295718
134303
40169
176071
362607
121791
224895
17361
451045
448282
323051
74282
148373
285734
476456
174249
16243
260769
312377
18271
396878
409486
35443
256725
485604
3990
267732
483920
254531
411663
4984
171551
203337
12480
392276
264710
305987
469252
430191
218178
111764
131446
452905
333244
303865
233830
281144
7104
97762
441423
326351
373948
14853
207284
4860
252328
490369
289479
305410
377726
52498
109686
193501
288337
402178
176671
257922
57094
184084
401289
403877
462201
219998
215110
292600
12184
143604
80321
225781
112921
416159
405757
416928
175431
277766
12032
226225
467335
390546
43583
297448
41446
323670
449709
347883
47252
471243
359394
94007
52670
95805
447291
444794
290283
392074
443431
365396
46191
392909
351263
244567
271347
276197
247160
377738
47806
495763
285272
39802
211480
149870
473630
62777
162926
25331
23247
419043
216562
258542
341820
5341
110081
207384
255581
479658
403870
471399
81062
354846
55369
498722
77830
487274
353445
234764
193319
244209
69180
133406
188026
219776
276393
371339
64014
412256
178259
125175
219282
42421
260656
264464
259624
201470
343138
469176
401245
192489
290268
236085
347991
73352
266639
101748
188738
103258
330728
171352
279074
167126
302670
386467
251764
67099
30954
97447
398276
487526
270137
490623
229418
301381
442419
300289
481935
15452
322230
122941
432965
387198
140680
340554
64076
62252
211904
414362
268095
346635
85437
100338
105622
27186
304786
215823
247336
379674
176756
405066
358271
202943
14867
2529
310587
189475
20949
379527
143320
29752
294229
405486
389506
102217
169192
346744
434960
350888
250191
227458
211181
229507
305578
284052
28504
431660
491453
392827
402307
189007
407914
227332
44957
398389
69394
495120
319468
399038
469332
162038
152050
328886
366005
9338
151511
103629
16794
469054
98142
76998
230774
57779
336389
469866
189138
3593
243958
110979
283030
262241
453428
247102
319677
169953
56744
299085
365999
494778
499112
214093
37904
340564
272677
389746
463592
849
97710
239772
39482
182881
155697
124389
209067
33409
294294
332278
231979
145870
328275
350022
344288
157913
116486
61604
446927
183934
195223
29545
428854
389570
326901
114455
376106
102728
164894
791
219677
50047
436917
394189
460056
7269
101419
432764
109713
39084
43036
271679
346340
274227
496761
46089
443571
456275
54927
291395
438526
71721
75390
325136
37579
355817
37310
159141
257202
6929
420469
179968
334791
82701
26549
171084
475595
106174
193223
194200
312715
130116
77862
408635
74747
360092
318328
93
313106
267041
460223
400463
391098
344885
225535
472760
149436
455156
395829
2003
220977
438065
426032
474097
169362
16236
119056
243332
31089
392038
133708
220000
151249
268718
369612
113889
409440
145180
302153
177618
5225
2267
20461
299
25185
19076
108299
317176
386890
374778
7564
334183
449377
499887
245189
123419
165218
340705
345641
334918
113720
135601
333077
335227
89437
325607
427736
3716
329733
292053
429046
189631
116896
438933
472956
331186
318795
142479
374343
251856
218543
250463
470271
122712
440106
293507
222641
262166
217085
39371
469946
326903
207806
248939
40262
498286
322120
382669
328345
48363
498456
489077
479383
421406
110030
163940
234298
189353
17688
286617
171683
17004
88269
355772
9509
345997
17936
450986
159310
158281
128257
174511
458432
261758
95870
361137
300709
173206
489208
490085
97029
9778
353656
205242
62949
205463
47285
490715
338625
416992
261502
163848
400750
153990
442308
332325
92477
376738
462143
346390
130830
368716
46509
269243
305529
70490
189337
405769
28215
475904
493947
318448
105980
55666
112614
139485
136813
333879
279624
25472
409696
435641
221626
46850
17550
494692
220300
183401
422881
14607
222459
109625
273974
149316
296919
498656
321170
304511
405003
61414
288478
371757
467354
25937
295213
136180
284578
422839
103403
384142
82701
267097
480233
236820
241392
150632
236925
438530
253206
289691
417134
114001
166938
161898
73485
106790
47516
183444
150113
184596
33340
486133
73094
359099
294939
487351
206781
123808
88729
290967
257732
80179
57710
139214
188580
269505
47501
161751
214016
210070
169076
33894
286031
228809
446030
52126
36874
151723
235090
429569
322781
446287
277730
170801
173599
280886
410378
94037
257974
156642
346777
192704
35650
408132
303943
224342
176753
472934
182530
395490
137432
156376
353065
481299
307364
489871
356158
342492
87338
471405
235876
460141
269247
392639
42671
360242
430743
18043
486202
495277
91587
475299
459285
478564
419378
78847
497796
46726
431347
223592
83401
124934
413041
399575
104830
152329
487506
375037
235238
21541
259720
376268
357832
476927
448434
17443
416210
329850
261710
260143
370760
91955
373638
186786
56247
492224
488452
35013
185983
254478
356554
317458
260288
262502
83665
32308
208941
235508
283056
395068
350262
100637
148923
56101
6450
233955
72517
223476
109910
264422
249893
343760
334013
413759
232531
326575
2363
96714
347341
242853
65520
340471
202348
253123
259919
233219
133475
196365
112423
155661
300455
325359
375736
424411
47747
295524
473703
377866
489450
11191
213707
403952
485102
133495
280868
83096
199846
364338
272921
73672
336930
473152
139127
207271
48107
393195
166049
167118
334847
321525
182788
278529
122133
272550
19934
324545
499816
85554
178424
484
75471
471072
489771
461448
380053
441908
163846
490846
9687
136952
321222
311155
252951
402690
127475
240465
496105
123294
182070
89443
316745
153607
366909
232550
25724
383542
23587
474367
231849
415628
357372
22166
381463
116746
413253
290998
485185
171634
346812
305118
85942
179578
276932
376832
94151
283774
124369
396529
1315
14427
401213
269472
309164
137341
305883
196645
320355
278635
444217
58390
35565
19653
123960
109386
66737
338812
78202
450733
227070
266769
478584
180155
438476
194513
418596
497961
217758
215360
181842
181755
287170
458858
387662
457279
400542
299683
371022
293850
90310
298869
312608
278030
363928
296801
112126
56966
304173
326926
81929
389571
246901
70533
403131
189933
208142
436710
244918
468043
497305
414207
103786
224517
109527
458493
155971
272405
37585
478178
494498
403615
444371
132698
216225
354914
419516
341433
381897
88678
206156
439019
464019
92981
44457
100931
107018
129448
467310
325105
16521
169626
408237
50862
474827
463850
447130
146889
354009
37099
227467
198279
49461
24087
405478
121242
344687
57647
210456
165542
434562
286843
159012
134398
365472
291194
52370
474963
482995
388369
457341
263545
328036
253560
82784
312445
164296
386395
345788
163159
438655
61164
223285
306463
306185
456073
348232
436425
317794
152012
136216
38845
408752
271608
54644
5567
99396
171592
18007
357559
331607
359159
218214
307280
316270
147430
25116
358128
187857
245903
144878
94320
449841
44889
164793
273562
355920
225512
84303
108103
362854
12372
404755
109809
362358
457284
367050
217844
137178
356563
494972
458577
189925
107777
67252
180593
449212
460258
455346
274253
414792
93152
279164
301080
122844
255207
151072
141918
429846
379322
242033
211088
408058
314916
126650
71702
18870
365129
55925
323179
456500
14149
408414
58274
442087
17867
470066
488716
171018
300985
80113
300845
215284
291952
8813
153394
424728
71843
134752
257031
427154
151051
301591
156945
385458
142581
124806
341276
186669
126330
324082
353136
449913
396771
231276
56316
383048
192769
21370
485531
56927
242813
476326
212798
112291
466007
76480
345088
467908
396792
382591
465078
355063
64411
141811
127106
333548
436420
169073
236991
184512
67568
200231
439794
487090
365269
63124
146914
471543
412167
485919
398777
397153
457000
355949
257234
117653
374891
200857
305590
28175
289945
47720
54014
497484
263772
115551
471865
234972
438415
182085
262063
329987
16134
192510
101093
429607
253551
454138
22532
436729
246413
414076
196259
115014
272795
189744
381307
261939
247941
278823
168654
421500
238787
257979
487061
108744
130849
135841
11627
357374
362371
112014
313194
444495
301068
333416
214944
223857
385109
384363
408434
314584
35168
374772
347190
274476
295018
425677
67451
429476
280105
440533
295133
87061
309061
273545
383264
180707
493576
213633
299556
365193
29973
335511
385037
223895
332637
269521
215745
198351
487451
115031
382301
305435
94081
270559
91815
186059
75103
430823
354876
296347
258611
99724
382926
96136
496426
298513
361698
318505
382985
176739
4441
280895
81713
120435
472141
94147
294701
418369
219716
242356
376201
155634
55972
203985
431328
353379
343702
355860
325146
334815
136745
38173
409489
490529
83692
44549
38780
306574
453920
305651
281636
496384
27207
293469
396245
177374
241422
87808
402087
454532
374138
383395
483632
495064
397655
285019
279471
98547
227460
473807
184013
482647
45205
481175
417757
459305
25343
293444
474962
112512
405358
218423
100364
251169
379872
255544
293656
19499
480734
209584
464911
395438
433821
218336
1958
362140
163756
315643
176709
153128
109440
462403
489261
200361
477845
239158
220586
302263
212700
147409
95190
262480
417477
9652
304828
209266
332322
93211
106635
308073
315901
248214
109718
454382
263180
257032
203412
357360
50831
399265
281393
9739
208078
8226
283605
84776
47216
302462
447977
454008
136144
235269
414280
318184
211819
243489
158668
152823
187364
65245
124158
447230
236034
193000
227903
150805
184899
217870
51589
164567
213948
218706
84080
189031
279035
466890
134854
416138
139368
157609
315884
9181
172460
292182
204270
316532
484615
318168
74042
370896
335293
253175
220025
212468
295303
365157
193584
390309
412689
202902
472317
58313
379158
419841
241322
172969
311918
60886
351997
149197
368002
35739
96913
46512
61264
154052
90266
408389
128897
108374
77227
497873
489402
82097
245052
153027
486465
148136
476059
436356
459535
265852
449420
308239
427023
473611
491347
78630
491019
90218
293886
44094
150034
215027
348569
133383
84507
152569
207963
29977
434280
90711
209169
59706
392156
101878
463087
498742
416786
280826
333986
293625
246026
174676
23332
256104
376370
161804
394686
357981
10469
245595
106390
155377
359086
327853
253244
127400
418835
207226
484222
88638
24785
418173
388930
275937
140156
287869
373802
297589
263667
164499
57439
494343
198549
153360
388695
152938
479729
280722
234237
29048
216371
163800
33529
406311
85010
189811
18318
232477
361127
6033
196937
416652
291048
389645
163787
163498
192423
66137
414368
491302
181867
15294
179443
325907
314041
247251
68974
286311
334390
411794
103023
499896
30590
499305
241949
226250
400753
287737
190356
218867
277742
439497
155917
290243
354216
444081
5782
181278
30989
76499
468472
215884
273069
446937
490919
321451
70338
179291
13386
483823
227227
158081
471142
239431
373314
400798
321023
168620
82191
137275
44583
482403
50913
240460
359433
200021
35742
211642
272755
89424
42804
2835
231629
126877
40824
484723
247392
111814
32867
157862
276844
496829
462767
178037
168314
493427
236332
409777
351224
243206
96006
473954
293167
180312
162939
292719
256161
50128
446210
101705
323455
271675
328937
490577
414036
48585
18259
54386
8474
4686
329224
152866
274400
100603
46546
236632
114571
126544
73639
398724
233096
46005
129942
19953
217972
468617
459728
478466
328173
251403
233946
215219
296973
46129
211681
254586
310225
349602
200509
215287
105922
379469
449465
177065
151160
412123
97637
111616
451116
499756
395996
287275
184388
297159
146930
480866
412079
241949
231405
69575
376532
258440
215186
397870
165755
438040
207270
11869
459977
158132
284017
382524
197908
428265
354608
1977
387231
31852
404543
61042
220447
182878
196252
343113
194411
421814
450179
305040
42706
92028
8188
286228
309251
491572
289098
221768
184878
191122
197008
379075
41451
45654
320762
51720
296444
29663
290823
64469
316874
417480
90238
33880
382963
222071
467452
355176
459111
124536
282570
343873
251544
103233
268267
204931
456675
420930
309416
94144
478950
276711
376842
88796
236824
193167
144490
256648
173624
468459
73323
261045
104068
97199
414319
226495
480280
181844
159142
441696
354821
318583
397072
447624
493668
95693
267197
170565
358503
395287
250061
282338
432448
213952
43957
257357
228561
402142
484769
458058
448737
234901
447734
467205
422013
250174
111727
107439
261212
157511
304522
192343
105785
188910
428973
135717
261364
439699
378339
310572
487977
236329
54042
253930
470199
157157
66517
474217
423248
341827
216750
104165
50543
40604
132344
354204
472856
393706
121333
409446
263145
362589
432163
178023
241973
352536
46991
123093
22323
25522
67244
129068
283034
71216
29074
252131
62838
84722
157575
477128
85535
218474
456038
129544
223833
88828
159581
311891
341493
464833
342733
498002
18360
368997
329400
243861
135396
47416
47154
168794
18457
9916
151128
357678
445406
352390
401415
30090
179453
350322
197787
488786
491271
166606
375316
225392
88185
192825
307854
214758
107205
201274
398629
164233
430436
303069
235028
467240
704
121946
266114
234887
294493
359829
388416
288551
92176
143101
169061
257339
449010
444510
103427
8751
1650
395291
52257
366859
395272
28271
316784
215313
148674
245076
499181
150061
35380
173738
24518
377222
49701
56285
127470
434503
326277
316783
267270
135421
316312
228092
450714
336571
106619
463217
424048
128603
328611
82245
229492
361788
485516
409489
175287
424215
90157
126805
473447
260725
427630
439828
477501
484594
108596
171169
307792
468280
276115
81548
462533
365111
201063
154836
464568
341520
115784
199975
474379
271361
479355
309148
258560
296
250888
378770
121971
407786
145123
497779
442245
414373
331549
188077
80264
150376
439425
361062
466686
313153
410523
195026
12945
282352
151849
42823
290770
51483
386358
498016
33973
376183
220137
232056
297656
290410
354351
166741
102395
484779
112560
51517
343346
275029
383221
11140
401844
447124
492430
394691
386526
474635
37002
451418
361186
120559
264851
51751
422913
389971
385778
85419
292513
159889
483337
123288
317549
464597
128338
151593
35456
497832
445687
26624
462345
225674
56255
113518
468792
213012
210721
463896
97404
490188
47608
443715
57035
234821
394423
392148
419756
96018
227157
401488
178958
68608
332371
496244
183380
5174
177149
275160
345128
220336
226193
476483
126594
403821
387705
102430
119272
55003
428475
220076
252681
37462
281389
305940
69817
160250
477843
42780
115330
359553
417119
401823
80869
335490
428438
452321
158997
85676
322096
366871
435831
176986
24849
306672
109731
281942
499293
218935
17060
355668
153255
176309
204600
198542
417695
493731
270731
150403
219078
464769
137681
109526
2095
246019
141041
448062
116001
461777
196771
553
70254
63843
359919
198554
66341
449897
298518
459642
192986
305196
251366
359386
170779
111297
38897
157267
97727
403396
323333
456146
191039
37607
252643
351755
307728
482617
189400
67514
117447
477593
217757
24313
338095
16263
269968
233071
21191
328867
362296
147449
453400
79539
266948
387916
488658
272651
249643
397587
291378
91965
236987
2551
30773
455977
116842
357578
227214
497732
210654
89126
400262
446716
205118
476214
387104
229173
438927
241852
491964
108114
247608
18564
14190
376916
122931
10243
86152
116570
466966
78189
108591
379806
386240
358704
115735
9283
298976
114499
384977
144273
330006
458559
115167
187594
73970
245891
157203
181620
455436
110856
411137
33892
13457
330421
381579
281773
113382
146497
82783
186682
79336
366598
52130
74717
462175
188158
493143
266043
384681
238000
79011
414143
453130
237707
179990
397174
284295
370959
80219
139555
461571
61344
317697
476865
146002
75988
91765
21398
383699
265191
390476
480768
50055
197911
168010
146747
73167
198914
83012
458111
460971
250218
166443
161328
229184
167315
454379
111152
188169
65885
185070
41169
497233
17951
103776
388795
248805
471462
59229
25867
322920
53592
364265
421598
388119
477276
429622
92025
377673
205164
92918
157322
177994
421935
373012
114909
318500
377499
207536
159805
292350
13565
96731
434662
231161
414150
356755
276788
103499
349743
236750
31673
70973
294893
482775
270170
37903
123655
22567
220854
199210
237477
217008
111574
485477
488066
232200
318915
432866
109628
467235
318757
38575
406299
396691
123506
350156
100270
214386
26234
451320
492205
425703
383005
79165
405759
499797
386754
36816
74695
39136
134375
253929
406807
313217
145953
186508
301575
182567
45760
40810
41581
117242
100823
415861
315622
270335
357031
234389
163967
62148
153427
215803
166464
204696
401645
268316
9770
249369
105911
477043
82117
97663
371508
38933
398443
103274
141521
10147
409469
389991
42536
88822
71008
296599
13860
468601
354475
398624
419992
476047
206009
101460
476448
140071
453150
361289
48195
79092
409614
392315
455438
79951
426692
410343
255545
495300
130622
145085
149548
430055
486988
393544
187407
121639
48405
200345
335367
11004
167898
400554
339581
157867
26389
485861
247603
340383
250933
43965
90515
171078
266570
485246
315424
107030
390489
414534
245179
186653
157705
313196
184344
339063
351704
357212
37903
441800
371474
81807
257143
92958
363042
224943
130595
166831
218535
1117
177269
87013
211790
336169
447537
70426
7837
403477
410040
324606
291202
126462
397033
320722
420220
44230
446811
172715
242891
206271
171730
58927
213149
27166
111308
293999
46229
95491
275804
477989
190832
104994
131225
46485
241598
160525
308071
211077
399528
208926
66912
180555
221259
48371
438083
89191
153151
189853
417091
22301
119150
202006
279946
230817
336124
117236
406345
413402
94640
116130
451234
459190
269506
140556
267232
234818
267796
8745
71665
452940
148414
24638
348176
274488
189612
161293
458093
360392
301051
311484
414981
241196
277418
49705
307424
213365
253951
293388
117312
489304
295939
280680
468831
296153
38495
159519
163038
150358
420490
118584
458562
281773
439478
459218
123377
12506
125945
498926
13319
70976
291975
492462
178397
244450
405217
247465
196201
341321
218491
49979
220074
22513
115260
155171
225528
33723
191334
115059
19297
158337
354512
147897
16300
265089
164171
416758
114465
155511
465674
427122
298849
55187
18892
254318
355113
254389
251416
356567
402059
236916
295193
391089
245359
303655
418294
473647
156532
318032
429000
269808
66018
89370
245608
306359
218008
220110
254940
168696
427746
402667
471972
374273
241809
434846
168085
285663
73590
49499
459001
81652
448021
15245
423154
232729
337809
447631
230457
31412
229879
49454
214659
159501
463494
255230
444090
201704
73865
270668
45539
221886
86845
351200
460270
234358
170710
425362
213766
147716
481828
156829
213066
199779
127509
404356
440932
175150
101766
25122
237069
42386
50916
441130
259056
130734
381961
56155
297641
54983
208657
355808
196019
174541
370522
75532
313515
318438
218342
278184
416074
369243
8738
470475
40271
10942
91289
27628
4322
410802
493475
33474
384617
444977
241126
232391
11824
180000
256419
198922
456020
110748
429643
198565
267981
459892
334378
331841
223850
292646
136958
75160
216312
419592
342827
262807
461984
492124
192572
203022
499883
20597
161542
376642
148035
249255
411293
343320
235809
465807
228295
452144
454606
495285
69518
215148
221306
127601
336075
64345
355613
230226
327065
498727
486403
158681
239992
261671
110951
447553
94712
341889
446907
95422
454798
200167
259425
49355
321509
172218
428105
193672
273471
472617
412594
380472
376831
409150
67159
331070
55238
34890
307234
348010
426603
110075
420904
104571
178243
424851
158218
317920
219364
283620
407756
173400
206049
225262
266340
394458
60205
7583
464341
63339
181957
485747
287079
133258
259867
490969
137215
44070
280281
321530
185089
384717
53182
393321
336611
82161
172776
333921
258444
10912
89671
124206
48329
262097
289891
247231
418853
478089
188894
305102
482392
129419
113252
446620
237107
474091
99030
283094
475802
386935
271163
427509
150821
191286
110037
470704
457011
82984
350673
460508
463123
440221
392957
198578
380613
168113
475759
53144
336226
421306
417703
108125
141684
238378
383873
6319
260096
160292
85301
150739
402464
112999
80134
484897
185375
457729
254399
54092
181333
471267
340568
248172
281830
339754
347279
469226
88647
359994
489209
360758
350047
250432
83395
276452
13682
165568
288634
74999
135854
95826
313746
357393
189469
85251
406620
486638
165861
364420
152030
215915
288312
475172
337648
294015
10754
441155
430806
241109
172661
2098
224653
452655
261532
105264
437799
11901
442267
373455
375286
460517
80576
234818
390215
315108
324094
401185
38444
379642
217944
203393
361774
100439
121036
323200
40432
430991
197106
37111
401602
392478
287874
314381
268418
298366
81803
436029
438962
8122
172016
30581
261092
30965
144922
367487
112576
161893
493842
46548
28437
141794
175845
257092
127874
449335
243094
166718
200185
360528
494746
399247
216963
223472
113906
5066
176975
342151
455986
486849
493531
413234
327811
384804
412709
377287
133394
469687
35244
174594
416720
341732
427715
157884
437042
143260
226544
368495
79420
239440
410485
466996
482055
392293
227932
216988
422919
348020
358001
259088
319519
179102
148195
259119
422378
52565
245689
7962
25968
130138
462341
362967
400461
275575
459177
391494
112826
107814
445096
152143
13201
167279
348511
8613
246426
205805
238485
92997
225919
114533
277995
425553
217509
181934
233829
152107
150902
464374
252213
62017
223
366120
422407
492008
217751
440071
40422
130447
173074
459633
217835
48045
227765
398300
126736
148075
279279
400381
231891
352889
329508
56020
229743
226383
475922
409893
299777
327053
193697
89971
406016
384712
487285
443579
451607
118439
452277
238614
400465
34307
359928
330209
391485
360380
475911
494413
299741
378293
426300
421758
398567
329947
190594
190311
468387
336851
465167
416845
157581
309241
233412
280888
368479
471651
56619
472841
297584
479813
42178
317281
448345
116440
2725
145262
82921
58376
135398
56700
21539
12434
339605
231909
331329
12309
341206
163474
363166
289714
469842
179482
122443
51308
189076
1737
380162
464354
19348
341704
178726
176039
474657
329562
161390
453122
172197
453214
225291
100188
397326
52479
38089
267001
492840
163517
261085
323231
327813
16286
8934
272596
185510
211531
98392
318465
270212
112093
377071
131752
252279
303002
155872
173636
408342
197539
242032
425386
132548
492991
122765
172403
123192
385724
347312
468104
304988
174246
218739
136516
50117
138103
218701
408239
264476
304891
9096
253873
192298
404117
410401
95406
5846
12273
357656
21210
452280
497445
385449
245851
385870
65500
16782
252865
450422
456579
117277
127828
175633
123950
430680
129060
128456
376040
178670
380377
472106
289650
292125
129550
427609
195647
112509
56268
15126
3103
96618
143071
489662
259901
390914
110510
207665
43711
318640
434629
17409
172595
69384
115825
295725
8667
242691
3123
242868
235740
98844
133039
73837
75916
419636
174257
423018
44933
371133
48190
314738
439258
408902
31670
346286
99939
74345
155790
163391
408603
465818
338251
439682
121769
277564
351740
18846
61144
325716
107790
98414
75711
322173
205899
16321
164163
7772
318986
52235
303951
294193
219357
334501
214309
186294
216067
430920
364728
338562
201264
421318
89955
64457
418891
313870
333194
401683
397494
413630
157909
234423
13402
439593
211580
194993
230386
414203
45692
449030
426480
6022
252771
412104
333730
467919
329475
402421
108757
418819
359053
372665
59148
110000
359624
94455
496835
345788
298718
201654
186793
393764
442017
249846
437145
317415
195685
481656
133133
480424
411519
102171
96077
218672
393399
491766
117809
168092
447354
165794
1401
407957
273014
15972
246643
372594
176723
297735
447992
496881
96580
475380
253903
385223
418527
424999
95020
257628
17475
35334
6761
338957
87961
259336
391757
284627
399476
8173
322607
466797
409348
18215
364570
487831
458830
418937
24760
275168
410386
377624
279576
103224
385922
191418
202169
242297
204909
321631
169222
116491
174491
209474
431781
367702
185614
386680
81934
187293
314115
414032
483941
182773
220168
490985
168475
411076
205672
68594
322253
225169
353368
30532
136026
88871
163121
281050
31970
367370
195321
376735
295703
194617
428489
225304
431703
99734
350339
95610
27868
88532
454545
63672
275415
144755
269549
277925
380677
152883
321542
324963
247022
126450
447775
368007
468061
150974
430971
359624
139518
415574
227859
9973
417168
360421
348206
493381
239446
86927
345777
104046
238457
463018
416237
333052
169810
159919
221894
174773
252222
240788
131853
340289
313567
436781
293181
56130
220195
370604
142952
220908
296190
82311
356424
482203
481072
106449
482209
21588
426762
289484
129757
452971
333382
344432
110857
66708
254256
380400
449575
499783
281711
302058
130360
114271
207513
30006
385747
222903
89111
44285
374699
259697
154389
420827
145611
447088
88192
270463
343580
286323
219857
27027
230072
491171
466783
182651
224891
290372
420425
373874
68438
302341
481658
120681
445552
232101
258383
2975
395305
332971
267793
34989
437533
409940
464482
261463
193825
120018
189316
149903
57302
90832
491616
352950
299955
187262
273359
38148
73048
309070
307318
56997
340040
495218
367432
472133
408710
300093
413601
1894
274895
23212
97670
488375
438705
269399
374291
437058
404483
70858
37933
454400
412301
50169
228848
79310
405670
249850
187438
434290
446039
379158
342696
178053
54183
69289
77314
33291
183097
391948
165721
40780
488325
443925
371627
250161
173570
442868
183015
317226
405018
66486
387250
481673
65889
237965
483038
418512
315080
110280
431680
326644
294553
155179
307401
38706
394801
343198
120093
145216
420383
436403
390225
63483
212454
303006
187279
336412
136057
486637
225185
91511
48236
122444
314891
339510
251830
301519
459561
317042
51599
467689
288146
160294
102095
273731
174262
478526
17607
178678
348721
60223
480650
17581
187046
384124
8662
415033
415599
180357
94631
330815
251490
436150
96752
13199
96414
420587
212853
453734
360382
91206
356890
478982
225993
206886
80093
457549
41408
40440
210934
129582
376980
387145
128611
176003
26552
185042
16033
123348
12625
410554
404554
10515
184458
2947
457985
315386
261570
201564
90713
57854
277124
452747
335199
17507
160346
297058
37123
51407
120995
113513
98420
3986
204389
466514
249007
368804
380731
4201
211520
39311
220332
320512
306178
328939
323021
395465
177020
35694
201233
301887
106561
104692
165601
186334
230652
66726
241485
309423
123563
225055
138136
363810
444577
476146
186589
343363
129010
463205
249683
491161
437517
242961
374818
170721
315904
69269
262769
223201
448756
188559
154873
202063
375758
157991
269588
198973
196927
359096
120383
220858
352733
493743
432725
367814
100048
344063
348237
54530
53757
278686
146216
99478
317805
118944
95072
93986
343934
211603
269041
496638
289544
323383
14027
331968
134708
443196
18203
174434
463616
8398
225542
257436
149062
417935
191684
220668
78995
172228
449622
341779
7762
142608
61895
144249
208607
203656
130449
149267
350199
107050
337557
211958
84554
308343
146870
238552
242464
477715
482442
158318
435901
28921
8773
109620
159549
98708
68194
29577
406286
182999
370848
3976
347085
55533
92841
16940
238821
419616
227796
362143
266786
200345
172284
364523
195037
380791
168421
248627
369614
320632
475952
470167
449993
383408
268880
468114
335064
192033
476622
108906
310714
112294
18812
69681
312525
496139
323563
462726
74486
13534
376491
227689
153554
481613
393431
460013
287024
309690
409498
386360
244129
276977
198718
331266
29309
52056
292109
274245
220699
97045
111944
428470
48995
409903
232013
442942
386509
86100
20758
88395
193287
236335
321469
378422
119166
289874
111525
348538
325524
439762
93468
488600
397915
406773
233396
349557
491331
474748
101955
440028
248670
110043
158669
466387
373155
132522
426241
236887
351508
252608
303524
259627
14499
51112
77984
45155
46916
297189
346179
34145
284881
337029
226492
141776
21296
183199
355072
64265
128594
101750
386650
424944
139619
406499
39347
283724
284836
250745
92742
348226
451705
469487
298795
437181
130612
186171
309116
213489
10847
357898
275384
149874
104253
460416
69289
302285
382662
215100
86452
284916
286505
398618
96291
208375
259589
272225
138451
373234
212347
220010
176949
418847
157824
457538
284740
156936
64314
393242
314241
335139
318689
282197
419364
75448
98732
52987
190848
390863
499781
173016
100959
407754
429059
115273
146683
330775
369886
124078
66835
143628
105365
481964
93590
46219
70576
53614
6081
126738
472522
364378
185652
488165
251963
15940
474991
134411
57388
493455
368921
74609
377658
14023
183475
413818
345753
70349
365254
193851
276863
71878
118852
95949
186562
70819
473523
240098
58603
137325
469205
12288
469259
427808
474672
34316
310212
166898
297518
445075
64733
116038
310131
369071
499360
101163
435312
47783
351690
192483
430090
148573
47416
460342
470230
389298
352721
207488
19456
375554
262980
245949
437282
457524
65288
224507
437231
151439
247887
65402
217219
36737
360253
7622
124457
10766
170235
54836
78014
204810
485992
497984
197762
38390
267743
8925
401621
420913
145666
265902
307212
462989
274096
236993
161297
39120
42664
78779
1413
256439
3055
210920
209215
208577
242289
313479
301053
266740
294580
454345
213684
166695
80454
165443
266735
42828
194050
265905
363292
396188
267508
255223
95552
378953
33031
223661
16271
333339
424472
483955
283928
296960
131027
70141
266318
323884
479448
137116
342353
8165
280305
21605
409432
402726
349823
263050
480550
198668
253919
162643
282373
88781
242031
394436
361864
64852
452582
477941
472662
8531
325492
110023
326528
179604
287075
236546
213687
20927
229970
64134
63484
386127
84304
213563
339347
318230
325611
123089
111179
167026
218887
461022
242910
117869
61292
292401
376489
489848
41626
40438
280517
408720
208643
275716
7333
128889
408096
33163
330535
195621
120637
269957
56705
22853
50603
198135
343213
270138
425283
446990
208366
307793
334169
230079
442260
145047
12812
16928
312760
245683
417980
421487
70969
279786
486700
271422
271279
290762
190782
106248
173071
141602
36805
330820
421538
42881
264816
323176
226960
443559
140565
55657
341184
51794
302829
6348
75943
53855
290837
374207
419565
250556
88490
358501
281180
262167
437131
431245
407446
83080
309202
471902
312324
170657
46956
187152
162107
315783
84568
274182
342798
152456
247765
472646
208796
289199
5383
195595
7661
444810
289956
358438
5702
14767
488493
130139
381027
270646
3619
280505
20419
105593
187966
44204
281066
3954
62973
433407
390523
195700
401791
464711
369791
217308
205615
237604
212551
249709
418446
326603
361831
315871
300625
455486
112327
313613
162419
1242
494898
322861
26825
192411
285959
469588
293233
182145
410800
286910
265150
239257
338641
255711
179125
198510
486623
209077
224721
48967
404714
93740
141136
485900
25500
221156
223376
315115
180422
468658
5746
85146
334610
62107
305487
142093
289836
236990
34173
6928
337687
152633
8620
67605
575
177594
63933
51820
461546
421846
297334
221516
463919
352371
82019
215038
182838
467583
55373
441832
196907
348832
33244
155538
232096
28233
403585
262411
224012
202899
117669
405042
12436
338062
473531
99978
169481
60626
459322
149336
11081
416782
390529
337122
864
19303
273735
179148
281497
127242
432660
155679
76273
317896
316809
397398
59682
57066
219978
343356
488540
83145
70353
225998
291481
363036
5804
144809
173120
32134
411659
474552
387813
402184
265745
397907
268252
26247
107699
390874
82076
480424
249823
391143
67475
2434
94483
151654
122709
358086
57835
100247
57355
296951
89873
107536
201386
276568
211139
110928
124338
312150
267623
432405
292668
403510
478720
11701
432147
126836
434869
459395
173960
375444
46305
447459
418532
304309
19010
6546
105033
209642
131911
9089
11952
164180
446965
86912
480691
426776
427113
189559
88871
139763
121721
428646
262150
21910
476441
293250
201379
77013
91516
450177
320419
396199
24752
474449
165619
464457
462596
43780
294060
479167
281475
20310
10022
70914
424583
339164
122180
186491
4489
170956
320368
116197
178934
260725
297541
208273
275153
157425
172515
379087
139515
173745
414228
292052
262792
475871
326932
124787
95300
71940
88115
437067
475443
298575
260737
204641
386169
82183
114517
371739
110499
423005
227523
98231
311453
292264
285481
402730
283858
58776
65096
333186
254229
351821
272126
283373
212975
83359
72861
185807
83265
129167
494575
238207
311924
82596
350143
383717
38024
300679
20865
178056
5309
290066
97346
407198
230801
293711
406386
12450
495281
315259
166078
347111
399738
256422
461826
387905
482201
485928
38784
141221
201041
410053
419020
319891
80625
460642
184818
86920
172547
78836
440823
78287
135129
147242
337714
191091
415964
117265
297572
10081
47743
275809
221955
198141
79291
266293
155334
281622
440378
162372
378436
170670
287346
498436
111257
10783
481920
76837
8656
7168
385272
247066
219421
321215
480774
26763
5656
404275
35333
439636
480041
165950
111953
238052
232401
264924
48241
354957
75119
496633
373886
251112
148599
172638
304251
7039
324825
410858
206140
129657
175459
115007
311126
269755
99567
460983
54575
220274
203013
374935
70138
404179
245218
448282
358746
174688
73296
415375
133711
242462
181771
492738
264156
334984
96435
380659
119892
353773
127226
305783
150050
251761
188761
415776
191426
358112
459520
313734
199765
456061
360300
19778
458143
107774
114714
468879
413164
216049
297511
102290
271012
467717
14350
323645
265792
400311
313909
105434
153230
446226
94612
214412
205743
414573
145612
208723
264908
254725
113665
419356
108825
336917
144165
314833
33064
90656
286591
68342
410822
48875
42442
415939
414170
352692
138689
194656
213636
192998
220930
275471
437095
10005
224538
310057
39646
232235
474060
499482
123014
99159
332004
179308
113435
271306
233495
453973
347193
74185
310220
310832
456883
427425
19323
185715
267484
19138
368367
40945
320437
225881
446760
386638
394299
305230
164873
496019
20205
133351
165898
46142
334621
66230
294904
34761
99476
440590
456781
104401
200266
75681
323204
349225
291582
461104
15691
375184
242268
204431
465758
360455
5920
123275
13503
92716
117663
236324
451103
31490
77851
473449
138971
105008
250796
33897
99037
476173
463836
199594
80494
284836
473391
176307
320298
430108
305360
371144
450524
296246
145015
216871
40240
357438
19043
431507
259573
346771
110334
118870
387878
462798
361270
420754
180115
440626
265558
124209
369995
189850
197784
436980
452081
228774
427138
320929
247297
259576
115712
294293
250872
84951
90310
23501
25321
180319
239454
357483
301483
297404
106337
215861
348023
424213
244064
175659
230460
308136
103882
258726
437713
175185
446608
280504
95706
394526
41152
83110
255562
361837
162744
333673
160629
152905
140448
8984
458475
208280
303356
264958
383597
376458
112695
162328
322536
331838
240074
62546
403715
320658
35843
18303
347926
449478
481203
454749
50264
337902
117497
468917
358510
485910
71828
156310
252115
295804
28846
247658
307272
486140
45068
409595
249465
491442
488045
134262
480298
413495
445016
357379
298686
135943
404677
34215
135083
257347
423333
11634
118259
137616
179036
99548
423164
127436
231356
301086
166469
356
301896
35475
240370
306884
165474
219136
325740
68458
6252
48397
121180
478162
239767
466981
38791
163841
313581
387956
242674
368441
78181
217906
66314
484444
117004
115860
351278
96011
96002
169538
445174
42107
460717
264863
212121
187759
473397
12910
231956
400272
373716
120622
214844
208633
18681
59384
192221
329685
84737
112822
408877
136230
303394
304578
21378
82118
4515
101696
168665
197317
190600
361000
470478
89920
364490
111909
11749
199273
195694
341671
397703
229548
419346
5292
395542
438168
243364
371718
387328
252026
396901
292225
461353
184516
466824
386061
189436
228689
429579
273216
132466
350003
67565
357013
58284
209130
228980
117985
98939
85720
376084
267737
32661
306516
485542
206483
245353
337786
491334
83779
283326
23521
267984
204204
284396
483062
185691
355831
446032
285679
489457
445392
362027
380157
400356
495752
420257
229368
57430
233600
133585
156873
38153
106829
149351
359853
243657
344078
467001
180893
462655
483039
338808
376662
476007
440000
62242
498802
27589
83248
75371
397877
415807
163615
307644
56935
352075
215159
443538
346355
458790
8926
285387
136283
329587
189694
482958
310124
403717
213215
450369
206074
423321
411641
96117
80061
109067
371597
3527
58184
242031
388498
155237
140636
220264
390100
162887
258665
60303
74437
126578
473978
433000
335489
271459
481028
255256
471470
221005
30533
433869
260673
138044
356488
66162
311763
180575
200558
197450
210752
482595
114019
385859
221258
499234
474101
365303
449398
43937
298151
212582
119762
432373
377569
55196
105576
456269
38882
10009
96423
39641
170280
94261
315697
10306
154902
302148
169550
295013
442867
398462
451084
212028
364701
323321
424556
122617
411386
306999
185598
59754
378536
240918
281297
94861
246479
223335
184673
383860
33119
4412
25369
357311
101199
232192
356689
273856
303019
371848
29532
50565
491535
483546
181804
71588
417857
429634
218749
198989
335609
64346
143436
418673
29282
436300
81773
107469
498222
348192
253145
258661
249126
398103
214331
176558
32209
434091
202609
210697
24561
430032
301923
346221
487747
96346
97023
33295
236086
101679
88869
137618
253458
157616
495527
272002
109771
5693
265932
65050
363408
120780
400790
102192
286890
325210
106232
325981
155961
45142
35784
457764
333145
1236
430393
171943
295054
37424
147866
228660
267758
356396
330401
471923
262512
216024
245085
111205
437685
359517
447558
238519
254373
419497
413888
123928
136967
41909
436293
270960
467482
58345
90056
148089
426561
250353
285591
150897
48828
413101
25434
260222
77015
484313
249566
14193
20451
496987
24886
264329
195132
465949
283282
324734
11429
462822
323135
188961
72594
395661
308450
29473
449570
323030
489968
213064
323140
315283
131329
286497
267813
78271
201693
85928
137719
37305
102565
427111
96290
206757
115661
484645
16840
253116
294513
83617
447720
50669
271645
151174
3289
185925
131177
260831
418251
360167
167716
388534
271188
390874
294529
185417
64024
283572
333613
152554
94756
164798
312982
123321
109870
166491
474101
482142
402577
62614
222836
54612
211315
386265
308310
448868
345426
171284
150174
300489
92242
2489
404278
61765
12174
296198
300288
418827
158573
237489
287376
107015
317720
163753
409457
218142
55975
472343
382319
463233
489377
428396
55747
80546
195222
156796
157574
219813
301683
486882
319497
17385
400392
294083
116195
181693
340090
167277
329032
46125
70342
326476
167749
219002
66415
315998
446701
337170
49542
404931
401594
32979
377526
316600
47227
367830
50314
126816
274146
351717
452531
340785
143081
209541
103618
74276
466208
98342
465090
243597
197880
93378
492882
193592
416462
220749
380413
158988
80153
142106
239343
214432
59021
126324
189589
369020
265309
54390
474726
434898
20958
7212
481868
429642
426956
29766
221628
273335
59692
479814
436986
415516
378489
316627
32535
111784
421415
80102
373309
110438
223709
348166
180379
242383
9846
973
137897
39582
459292
444436
423830
475298
405388
350371
287298
491748
200367
25485
350091
379358
22830
18512
63567
373032
129615
338954
389012
87587
190257
87447
39367
241555
165484
494226
464359
317055
58725
30471
226114
355357
101475
116580
420321
365349
385375
202144
46183
259944
328743
173457
417595
153942
139223
67640
44095
389508
353527
135783
183173
277055
373348
114944
93510
298129
352129
45012
322451
203013
459745
395574
150179
103891
414816
220188
326435
363910
433181
13971
277959
406476
246920
149643
292878
188708
281369
249792
290776
18658
357022
437749
233533
387013
177565
300487
44360
43518
120749
17233
227020
259216
252352
90572
357119
298717
158840
158636
185123
477729
439894
379937
154510
188908
70922
357468
269977
180066
149803
278981
351377
240805
247812
150447
443584
114723
281786
478096
52650
116640
243448
427114
166059
18834
374972
243043
366922
79597
299771
178932
217353
20367
199902
163319
20492
442940
420274
359844
65174
269865
111258
184486
121869
482630
341672
136173
458646
137842
320721
487230
15585
317732
55488
195289
151013
148417
254374
380559
281585
489252
107787
459738
108871
20785
355772
405320
456388
92915
365154
283038
141195
337455
428683
274839
188097
401130
92555
359541
80221
46440
446162
422949
467366
159313
74478
341967
196558
350420
42930
206815
49876
51150
140121
115381
127100
120541
380699
34263
236226
461808
46049
144599
343251
163306
259189
161949
139268
245056
20598
493736
15468
257375
474689
78512
391810
174268
139745
429829
427962
214946
183372
147556
239843
471561
297780
21905
327683
209509
303965
313351
375379
346366
77956
119387
232336
47405
86863
495834
180516
199759
285553
309539
18376
295867
184035
25899
302800
193178
148013
329777
406873
19135
24829
28892
406949
126459
36520
200055
123127
201642
246254
398553
419616
9429
365078
183635
380807
145633
318730
470045
289831
327361
311656
359757
198013
96758
465115
81987
479878
233817
220979
190184
465786
492656
422020
233205
67322
166899
376133
4886
262026
170227
287187
198548
327790
447662
188226
372587
157558
211290
345128
229431
353228
412467
350326
199461
370355
497401
111660
249137
177909
260595
460991
304219
331457
239152
31147
415834
11652
60680
357495
454531
354949
259488
387220
72661
164303
387223
192184
71564
179770
116160
196261
2241
374935
148806
197044
153693
431517
63963
363474
294837
332745
96835
112576
62590
285860
417662
36669
426702
109025
355194
109894
386126
333195
231302
111739
380015
79939
335363
399673
366404
186685
140931
239465
324236
18858
347889
478372
299169
187194
227393
183484
290161
122128
286393
235455
471643
442184
200842
351701
401909
234661
350437
206756
466303
97639
56050
10498
223554
191252
442575
134648
298657
227436
448470
147989
253024
416969
313812
291308
218111
394574
337355
334366
442344
835
69126
138188
50426
51006
236692
445043
331276
234548
371600
22394
488845
66775
350708
332939
277483
102421
230712
278099
64591
343565
205778
272155
261893
181341
153980
295167
122511
134733
59876
160220
137050
301552
280622
325430
496487
127114
191555
49052
20306
479079
156801
351662
39903
473620
338979
288344
485147
130918
346174
271098
64200
404787
39792
476065
33687
425762
262549
350144
314492
379819
414254
225892
463137
114771
78290
234430
177816
11697
271765
367855
29772
29393
284618
235189
247567
251310
19155
373724
39340
44463
460498
465890
54803
163885
384514
389550
103908
61941
147810
9867
435832
225286
246060
392645
462212
32619
323372
263428
43156
56864
272576
348944
251167
341166
21193
342543
412166
468221
390215
380194
113559
149241
8991
260211
434329
407326
329196
379004
461141
184451
483973
450221
324893
471682
384627
433374
313287
429980
201816
143075
227691
338001
456360
129076
449250
55483
220375
224573
14610
135844
36925
397593
378213
273728
355594
21893
369044
458413
488488
487397
146968
168777
161157
210232
420761
181011
149443
331158
38124
179480
222220
44952
224382
123161
280286
388198
286331
272817
332333
222626
485346
237508
77425
283973
295936
355852
180843
84988
161671
327406
264653
254889
416181
13735
347085
317314
358712
389211
340336
458835
117118
155879
319347
351899
398298
2496
402801
224727
442219
359133
145513
55884
171720
268089
166296
265949
8548
105823
24453
62291
27487
280442
361497
158801
87266
351020
316416
154676
57199
34499
91650
310331
28049
140810
376284
198162
479422
231400
387067
410247
470730
457021
161903
477855
242817
377542
391215
91951
60262
381572
366469
345739
55998
368872
320740
496753
385384
86156
209336
264459
420799
420812
471752
429868
414072
398994
65728
280973
80722
149425
235274
177417
186374
62255
384854
135521
201386
202392
30183
494719
427771
466565
197667
410788
119717
354884
311814
192670
188787
496139
269841
129525
105241
108961
98559
348483
238545
259779
211005
228351
253187
26617
447511
443191
342542
300081
489316
164735
198794
231060
112782
398419
76477
384254
17600
246834
242623
197935
318423
206482
81092
176552
376961
470294
174671
32591
485264
393052
454122
179597
100633
158363
23883
159181
463275
413935
302971
235206
352417
467292
14160
107791
463572
483961
491905
457485
191678
159131
157561
494381
16072
381594
483169
36167
370384
84352
428536
248059
428376
227244
286076
223270
462626
446412
201806
246904
253812
309411
62734
99905
4872
304292
64869
168125
323236
285947
428634
20507
46236
17392
385118
116483
302470
43776
296895
232310
287202
415962
78339
155999
83238
357894
310470
77126
337405
107163
6713
444084
372445
121719
167922
59515
219343
459632
289540
46340
432613
149288
206358
408475
439930
343579
402437
345597
497558
16179
321737
469765
139352
281580
384083
169324
447083
2263
439907
14358
422068
306524
43046
110019
294979
451576
223874
321561
119768
189849
455254
383495
10379
459578
289784
305750
298100
300554
176249
485775
81740
153639
435417
497645
107250
480783
485256
397416
27041
309443
194711
491653
311359
466157
480945
131113
413811
332753
177129
113159
489444
154384
476292
371727
391843
138859
395103
257482
312426
415282
48972
75487
218489
124720
122028
236582
274185
326736
343591
487148
43780
296949
363899
195046
472363
433299
301714
46348
241855
116321
124645
260833
258330
307134
242448
444245
144735
355517
454239
466870
65460
296561
16512
488354
3789
348156
184832
302317
318760
213853
46289
288922
415144
37023
219406
250312
458326
419366
288807
24060
315366
226700
44634
113846
127498
33515
16981
431578
490920
51542
330387
14113
9569
131522
496284
167610
284485
258349
391308
322412
287738
51059
155461
442783
90763
207435
393583
319505
201045
155507
81557
154125
262903
6776
124618
154369
137461
77363
314319
458712
448432
266019
169528
302969
252532
112192
484154
40740
422731
384198
498370
126907
13190
192514
481958
235940
486462
121150
471348
216089
476691
263480
279460
89016
444408
380890
351489
231201
425266
420678
464727
119425
252622
463456
434541
474385
144686
354843
454535
340254
231677
381662
410
374959
25784
236208
316220
70698
491519
320392
295534
15456
361381
365524
90
33728
151963
490930
444309
427822
261210
410
462515
330508
336326
11863
385002
438368
130698
174099
181578
91419
412696
80594
184745
242470
457218
71299
93390
479123
297134
459966
131919
404295
64261
320865
91233
75906
139495
457424
182637
121052
185301
231240
184578
432405
269383
341908
32226
339248
345798
416771
10681
169466
466373
292857
224223
82330
288428
364156
383242
258915
138197
149230
245253
13869
141400
319572
113760
236813
123640
226414
428448
39475
328603
133800
126035
203782
215011
274620
268778
446802
449051
244065
134767
492913
175261
73365
396584
313309
83028
86751
394309
199913
121164
374277
245481
44571
378257
104369
314783
121647
224995
177302
232799
410536
48311
72820
420692
465015
207959
245628
211321
173042
207873
182596
319916
128168
207102
453371
375921
476236
127407
441352
356562
73061
324441
347663
361897
473835
380118
417049
327255
284736
263944
246615
123631
319449
366739
45775
430833
50693
34037
460328
8800
151103
59313
246821
431147
285348
331711
45273
423369
175424
15766
335426
183378
147386
429357
445081
252359
202369
405901
145448
457683
430800
264572
339785
223798
335771
71496
191002
229033
80219
464718
22372
172168
414759
6935
223655
376895
239059
169583
414750
153101
75038
406446
447163
388913
442957
430041
393705
372176
247854
448193
418490
107364
159612
38556
382831
432406
63385
420343
75236
92383
308693
180476
310392
152184
28894
182938
31248
333100
386315
353014
26266
372544
46342
266952
335312
16698
86889
206259
75726
327558
315530
418830
221750
342111
324951
480528
289996
308618
15794
81632
118038
449196
395931
278281
343720
200113
8736
112651
230794
209888
221426
181503
460039
244827
336775
50017
315616
226456
49002
494069
22686
292997
389441
315102
369320
300793
407486
236162
379936
391602
271272
453460
81451
109913
170116
398379
174718
195128
442462
36457
345648
113069
320255
69594
158815
288712
259777
496259
369576
199727
57602
316515
357449
232523
84579
50713
301876
26711
313745
490031
301928
477870
75679
437754
197459
4240
298286
394223
167177
311758
6146
229385
213316
158186
199213
416812
335553
347990
269723
8284
345606
482924
492081
450213
374310
275929
481614
255802
393285
174247
489260
341332
309294
15271
89481
394225
347158
444051
364634
123536
144219
286510
56280
119307
449597
300195
479835
410926
158245
497074
139905
103605
65194
203592
103103
190544
63473
130223
390918
382500
40316
91920
376041
300680
314170
173339
360220
387828
395860
23960
121047
3555
166647
150739
141563
180241
152924
327938
36159
450621
82245
895
299443
369139
220258
23827
188459
136664
464698
137256
80864
431165
30109
152066
271714
243486
237849
68745
322915
279223
257912
471156
147613
243460
294716
24717
59269
97429
22882
442695
158564
393718
346434
329039
287579
360669
333148
458440
120298
375200
127547
447802
300002
68274
149094
358790
363130
367619
287585
240489
36711
158104
461568
288057
20235
497846
315764
279124
343449
320151
482008
343363
235353
174944
337288
53477
221440
246861
69620
403571
197416
206222
123740
119527
164363
259279
174822
38607
87321
43628
399730
231790
259475
471963
138633
143713
447821
475116
468129
230780
51245
2224
400411
250517
47000
194104
76072
174570
393381
51728
108601
175973
142370
480252
43361
445038
35034
17867
91043
258932
63385
189545
200945
50002
244334
145543
167546
5805
63189
257465
186443
1515
193018
100710
325831
17176
196555
123774
132819
121942
374975
110089
364090
340537
75045
272770
79058
349770
35360
202983
139423
318574
484900
106401
222218
122336
62086
177885
208252
38806
486737
423178
305658
208610
219376
453886
118598
688
449200
79901
172704
215059
78400
464656
448890
41415
300963
322579
34704
389118
276838
187371
65486
98910
20358
91422
402658
101641
451094
402365
60773
63684
11359
344514
21762
221682
229882
109015
265230
33168
192676
491
277672
101004
70235
228319
271798
490847
166065
469447
284696
177162
310760
417864
336383
116759
99466
378907
488712
289165
21809
481935
194481
442362
400362
101692
115781
367906
262719
122594
296663
269286
316960
107887
203331
348538
393833
215042
289970
482604
257834
287775
5579
34680
55208
223731
178
263161
188692
158648
399802
406036
417121
396105
466397
452071
451457
434323
248687
317901
430830
248017
154316
371461
443642
313471
106875
125968
322122
115711
464383
73297
280428
364981
364477
112280
235675
12628
168781
206053
17928
497307
245103
208376
298041
100939
313730
425487
134019
96414
386046
439511
141992
351157
290831
223755
453673
301308
369896
222292
78788
160685
201290
24534
89344
414879
325387
250135
76745
75288
119556
434636
405513
356609
143070
20100
125661
383915
229525
85962
7991
241643
360263
302713
229491
135854
97767
93207
282212
405296
98833
326660
348554
433367
244967
480401
401312
45117
5884
449404
421745
136141
153007
309267
373407
419724
127552
186150
435424
124480
268258
92597
199843
330096
172646
469060
85541
432961
359089
187001
203827
417606
154484
250326
379391
125871
237028
458355
180184
60464
173072
300614
17
152234
487485
258663
276962
475609
213288
294945
261247
433126
210569
41441
260340
203653
476299
413886
23065
252204
8594
102748
424142
252093
331016
291513
459047
76495
417988
73303
50623
448627
227894
282977
38778
38535
238635
486618
226510
424930
457626
204536
308374
101599
349352
377665
387999
2683
188768
316064
356396
391760
419623
49121
434190
322719
139469
373687
414325
281525
151821
405698
208091
5602
158804
85303
249720
346904
428746
320097
190331
440974
191068
463025
208537
296911
243731
63388
249846
221519
121072
313442
311520
434332
16475
156463
194717
264110
159707
214991
54382
257696
22932
166281
277420
414914
468758
447677
153638
245252
232136
317286
434539
253645
208210
292896
294635
2033
391489
488582
234870
465147
286243
292978
257365
430229
274348
351845
197314
216493
482396
288793
328995
290134
190503
460308
405300
186009
484123
139820
254337
52509
193348
217140
194843
403123
107548
454116
477276
10077
425103
269739
119623
411101
333431
370995
452358
203133
463723
134820
62689
374613
219171
425350
46239
293590
353467
366002
7843
244896
405740
263943
486006
162174
288004
383992
124432
117398
495557
365137
330586
333341
194481
81636
413933
246529
173062
45823
387921
411756
237813
331462
265186
435590
316774
368546
427317
106570
170563
56154
91758
58814
321689
465642
476330
39816
282658
225765
17013
311230
187555
451291
440064
128753
364631
474043
252067
7016
55115
115773
160387
199242
165570
200542
297366
32467
492241
300612
29919
189446
128435
261947
329576
33032
25075
399044
490773
247248
408015
224215
363014
281026
94310
397235
266127
338949
314571
316476
140901
49798
58534
244985
188800
70003
385678
289535
249698
94338
400748
446118
302786
487349
62611
466868
93672
118389
348262
277551
288363
229822
391624
238659
187438
275091
207806
81107
422537
338474
342836
119846
482843
412426
319008
492678
370513
179019
161005
344485
163486
220799
76011
177084
254750
42796
4906
495691
311267
46563
146369
13115
376252
399354
395574
206542
96886
26820
264700
319108
52528
365560
493093
196456
250110
399206
54958
189366
355719
371387
381048
460823
299573
279828
117943
440671
313047
284925
387782
95228
226138
322053
257997
325036
26622
331088
361603
153823
356205
332392
42029
31933
201906
228351
450433
42717
453008
246653
23479
408409
100301
374134
366049
145303
93828
180572
282603
50328
111256
371831
72110
82599
359027
218835
216641
387502
88841
263357
143731
427406
447928
376816
199300
91691
202201
86731
147663
344486
49464
54681
381952
418218
422017
383150
40362
349435
111182
467615
64428
290378
270588
266189
449310
379147
188933
120535
411043
260419
332667
403329
296234
348841
1247
197112
184266
157017
431879
475650
65559
289013
91264
317237
181562
105321
370986
209719
209618
295670
69729
377526
55969
137602
471186
84946
472321
173203
277864
219007
357147
198548
160606
260184
314554
466701
322949
91584
95156
216816
103594
159252
343382
365567
3274
242082
466614
452938
361479
240679
158891
70206
359058
466742
31564
274684
91798
482279
105648
297087
209242
421682
215076
424524
371533
346023
442770
376235
213300
123943
391280
286178
252158
373303
316734
407693
25546
32550
74079
498556
160724
404970
46194
219425
379312
220876
167411
4968
427349
302469
380430
414107
241973
112825
15482
469450
457266
121505
182571
442228
466446
339463
495985
46934
251421
87358
257685
31359
312515
157780
255409
89247
94832
114474
163534
384086
147367
214152
284669
347197
126225
326489
33807
227632
10735
51944
441948
187719
113555
436219
497922
116219
110611
82759
430356
417884
394337
224514
415104
111692
471424
384584
250069
463181
481610
434416
368047
361301
96629
231850
225228
436409
221224
292752
26270
31381
13342
338122
455246
379699
479422
29605
23170
105241
233823
38486
35756
114382
28492
270111
240142
99019
185854
47613
421236
224788
195428
313149
344849
85884
376271
313910
39237
54073
62925
375514
78267
221198
19126
214995
210827
299447
185143
370536
245977
11877
333206
36543
188400
439314
77084
494011
189163
177660
155781
456587
281750
52025
128715
426978
243034
291430
202056
253244
58004
45979
343188
61176
270417
102567
447782
466296
156554
414512
464989
49227
171795
487998
326944
273712
138502
309762
311908
8756
173441
114602
249595
129784
386115
393752
400747
325785
464520
108624
257946
188143
14264
390015
385041
482370
449358
93196
5143
135979
207469
133451
139620
426169
49545
152018
174202
329284
304025
138159
389587
381259
93439
123206
219649
473006
36627
487020
222072
256286
110485
450064
248435
119498
331633
166795
74861
449798
27350
292137
356318
234982
483341
415916
235332
489653
197128
62810
288771
113716
488214
109440
410141
453974
72729
191507
486954
400216
162064
435420
71741
76291
266843
1769
488760
342614
322498
434356
42580
462898
494637
20008
444965
44835
277233
13012
367833
268208
126828
457160
97915
363162
468281
488477
120605
119747
469496
284031
270786
497862
487722
394860
288943
433928
117281
353422
277457
428595
151356
148699
120479
417495
146124
35093
47662
310759
356679
497788
58659
278551
104195
41996
66957
433642
235506
281708
464004
78247
397734
160761
282697
15870
490062
193859
61396
298727
111114
460252
379749
476340
45329
195293
451679
126634
272232
227557
138811
334088
82209
48190
242296
384153
137453
10628
497412
149325
11167
348158
127018
117318
356774
154153
282528
430141
84043
55081
61683
267053
231701
75719
38527
225961
186529
197787
280267
148373
110024
161558
129999
53169
412764
85702
39148
150931
284711
102964
437937
302291
387878
403530
170564
414574
303733
427135
12554
325751
186232
193373
293119
402320
115767
209609
91837
201067
346068
274808
174630
8518
380150
346720
308972
257892
348504
414674
398650
412342
160914
81571
408587
273793
279331
349020
307961
182514
156665
167373
308961
7816
409524
122192
450053
492457
373584
370505
209637
420593
494846
53593
406655
459051
140164
389778
413344
125434
1901
434246
247850
458439
245648
146374
69863
273425
385793
232666
322812
360511
280929
73219
102983
97314
176169
305867
286614
270393
402083
276433
270247
2444
324277
196769
292341
12677
171144
12570
167217
152160
40343
465711
127832
178439
290511
335793
467316
278658
5499
303618
224330
34353
349943
498309
266515
98211
372334
343501
378704
43967
72863
291591
311092
235571
61517
406705
194956
137750
120992
304934
468334
8988
68083
236170
319628
287547
96551
478592
472938
392462
114386
264651
210488
405468
258547
149101
411817
493275
404267
485956
149471
491734
480667
450784
437872
348934
55472
379602
288915
269178
487600
416772
389090
192814
385855
135264
350911
24610
309564
485766
210872
173973
339959
195745
467648
434865
208218
26388
144599
64015
88227
242454
315981
30853
78639
291216
369689
98525
171562
359122
295626
287182
230880
190495
365105
268628
288853
421450
216890
64673
285915
54205
441080
170519
437505
414740
220064
491130
470569
171799
316967
329313
303077
410950
297704
448723
95969
86618
166288
201459
282378
259311
346531
49186
372571
327366
164090
116434
62114
55935
374214
100043
422256
411554
484074
184101
174320
444842
295582
7779
443499
141614
399275
299810
7406
350430
251587
310021
57986
273589
126564
499682
469229
459990
144758
106416
368669
365066
53416
249228
231550
174410
451413
222029
359064
409743
150595
467638
144494
183130
179520
442437
280687
58075
4279
163508
224907
97382
470367
383085
72163
478695
85017
41097
413797
473012
253475
493029
188324
138534
35579
185516
24176
441517
233053
300093
492749
261682
395805
227239
326832
495619
30084
101341
97838
131466
288108
300325
345251
387002
434296
137753
130855
379615
93605
42969
439723
199781
413765
168257
59619
189448
26561
402855
271246
293415
358641
129040
23209
415731
18909
497688
458194
492254
427
173272
57562
461216
175529
98627
92672
114868
3885
188713
413404
18002
390580
197797
154343
79223
471370
248460
464564
135761
176416
380263
223307
205909
395349
131286
2004
274197
235218
218215
438180
137852
262276
435710
84587
120615
486834
145492
16069
11487
225979
75701
28442
29413
417296
408997
293696
178883
110934
254645
214768
172221
51850
341294
266426
88238
385432
219951
4304
457871
306831
50353
402831
496315
272485
24379
308593
204218
57450
435824
247358
19528
13910
135899
148500
326736
327777
103598
217918
322268
387798
473911
219592
200613
404764
108977
369663
261948
241674
384614
483075
346933
281458
435604
334340
126320
206529
370830
274466
200883
405089
165272
389961
169627
359641
2877
24137
463625
26571
375023
340774
459350
53069
422897
254320
365040
184235
13685
234748
301856
414794
105030
319508
146926
366048
409255
93264
182656
17904
469423
159012
430873
168282
66100
19515
485138
308136
399312
249231
496138
423527
426017
316094
268176
386366
237850
333252
54043
384629
448199
342618
7302
122646
118211
60185
430225
238025
331920
310710
186362
67089
391933
77877
49965
465048
163824
280512
58466
60103
169552
129529
96270
114973
125033
39468
213011
430141
150745
368024
376493
38250
226660
20928
436761
262048
11855
2698
327488
58680
491920
281812
309540
425875
140505
221652
499104
354850
413167
295257
72536
433224
264178
442759
426258
424381
165020
380430
475703
163707
437448
67160
177116
284715
326423
384875
243009
60553
226708
149477
267842
393766
361428
122226
82815
302865
325543
368296
47677
239950
238597
278600
431049
393299
393345
8707
228125
470949
398254
171226
59575
304550
395366
2509
447642
212658
439595
292832
82852
272204
447864
78881
221709
113751
485711
173198
442152
375744
409829
314734
334309
170535
425204
265134
157691
223204
219586
277342
149207
312101
295889
365996
116202
210978
128626
4561
255251
115027
350766
2226
278391
205046
187843
347037
444714
291880
417652
122919
371914
377922
258141
497079
96852
168194
112661
113547
322726
332652
493278
63017
320820
170737
129405
203584
466157
66133
86622
93895
212298
324485
190052
198548
199943
481612
135947
72413
375899
401218
185502
492996
404802
155698
146000
398172
438826
245282
421644
346886
420993
92960
345303
94737
328747
462140
5570
186675
478761
408495
262357
474392
12596
262483
172390
3243
51790
74046
313229
490125
418476
468889
338800
108719
489553
401989
286043
280329
123129
251124
299051
428944
23541
142580
22375
311460
429665
181965
363248
297443
15298
437713
304564
255817
23566
429773
361540
344486
8499
276509
227122
335642
218513
74637
364082
120559
224592
113458
423597
327935
208981
409388
181863
366268
156533
317282
22383
374680
351410
257857
70976
273996
757
453804
144809
328438
102577
291405
80492
372954
54045
483297
103681
79612
326968
128978
132372
361070
47764
61722
330345
253657
425356
398925
195322
427458
35264
246082
17482
68943
373196
119495
102532
342410
418558
7862
487274
351325
220123
107090
50690
240390
87430
475730
145678
379546
210771
391886
277564
31330
147350
497373
172351
9624
428447
58051
298547
410439
63625
169923
199293
265992
282470
99416
52618
407290
20906
71463
192787
334217
481571
374049
405724
305226
420681
190988
135173
382906
212124
58294
175905
434529
498831
193551
430730
95928
297548
70994
496340
449512
303662
236542
187190
342164
52273
246512
31178
399675
306465
263396
377701
90425
115419
394356
171276
465176
168764
79194
433218
51173
198357
131331
121454
307259
498986
391957
414325
216800
375884
293686
243761
175463
190422
54862
273171
245128
273209
449925
71219
363516
408043
273206
167088
434223
77385
41165
252953
461378
25900
103942
188993
449410
242449
378748
124706
420198
172694
367893
281818
37125
410974
108484
495926
178296
355775
339340
4951
250251
494949
201932
308342
245828
237432
419749
156181
402586
307976
31498
267016
426164
413427
389050
278249
216131
342503
387780
373828
18311
216097
315625
405966
463201
13316
28208
388584
184399
273029
234895
362992
226954
328932
376054
189582
147795
418966
62230
379640
203677
439512
208980
498977
131402
6524
219473
188043
225801
16539
24432
432975
173037
418336
29740
489643
107292
482492
131093
88310
281564
128653
326082
34226
32193
101107
235393
198667
147620
228388
229086
183573
369775
351261
305354
71344
76197
278259
83665
236863
162871
395508
313063
206266
35770
223099
49668
266222
218284
20006
237906
152919
452589
177484
269489
267278
83059
225806
48564
414193
299920
180870
342403
311214
72513
461163
378915
180012
431420
347902
446914
14163
162689
432779
478709
51033
231193
79243
98397
468528
277586
377871
147769
339824
314419
168638
107077
491729
93912
485119
314609
426142
399357
337594
28252
116391
398995
209879
434303
464656
379657
55814
89725
63539
181172
140170
439437
227107
284384
137145
63462
52733
374357
286572
254576
347960
325542
327656
41796
262960
409907
316985
71494
342986
409283
171716
131987
60681
39113
252097
423944
83040
98617
455153
236069
480583
364785
142690
240967
280804
368801
92918
414986
334612
77874
352996
368016
262590
276552
249575
95967
170384
266340
182978
407163
227291
241479
167260
462941
331422
42296
163064
79330
274004
115261
54641
315660
218659
186635
39070
404194
421781
371682
347026
127529
349156
424027
93652
362025
18726
164635
212053
472065
313207
185796
201101
369927
401431
389773
254928
373950
65133
450855
107768
189550
155530
94458
165887
271575
431740
202622
474639
49854
237825
466671
344290
354925
16222
431937
152806
297570
414803
186873
74218
499580
175497
97219
32890
377552
403912
310967
56900
202656
306490
436342
425285
232898
260321
39524
384018
171640
236364
174308
393568
417954
207716
29604
100258
188728
353708
359603
181623
111558
110117
47345
474385
421997
430653
94857
46653
2623
2675
189854
361511
137259
229549
139416
96724
465237
48529
428623
105799
243942
158683
383782
148790
227071
116359
449233
276887
292230
483486
26561
18874
103179
88564
447291
12476
249648
331342
64185
68898
494745
271334
321549
48268
23279
95236
489162
275574
82680
97291
30416
51661
401118
151758
473821
66953
401140
134023
239954
492208
316306
10227
135926
244633
218723
349718
901
52310
291002
95223
376833
415368
475221
82354
435722
348606
144176
314350
352141
486776
216163
174555
228173
245176
32957
395903
930
295991
179979
350168
370754
372630
52707
223013
437725
307287
15931
165280
193817
62392
415804
232161
228839
249697
329759
306035
385359
57599
228201
42420
158018
86434
55270
156710
369899
8321
208895
276018
37499
213013
355524
118779
249517
12687
69121
155476
380787
112322
191532
67105
317141
233082
361734
111995
336429
158518
27051
381529
344676
430160
405053
99793
249581
163295
222699
121395
189741
182719
363715
72039
26615
161640
481420
334609
228060
17513
380694
408209
410129
418559
62553
487565
326198
382816
73048
79507
218016
9316
312409
130889
437145
125545
346777
121914
92006
107020
224570
292279
364226
65925
194070
43547
378250
35189
17991
275217
239121
290440
498221
1026
309416
416537
354137
266423
221124
278379
249388
153888
315578
367285
473055
162467
19863
19139
417689
61753
412470
425460
171424
183610
7834
418445
430888
48679
369811
4812
171191
281269
417903
464035
338949
351575
195602
422678
36312
265052
339907
94208
64121
452367
382139
228603
149855
156676
387162
30825
245229
24052
242338
192518
395444
410367
381942
103780
130282
448545
33080
312688
438438
30297
161970
94773
163445
279275
412284
99319
152253
431111
26423
484782
424817
488567
27478
71665
244541
313324
4487
443069
83217
483705
273077
355141
55285
175587
320854
75249
206695
319996
389214
285703
234419
195792
220234
100751
235534
360667
323821
120394
424417
89816
416197
315239
11718
9272
201506
263731
9912
113211
119452
406784
10797
132207
482531
472107
208478
97784
210504
467191
138887
247813
436752
104668
350522
114890
415379
337667
301381
466680
308647
88100
497714
460811
110894
101167
3070
9171
192929
299336
278815
446374
238624
70699
477825
214296
188444
374307
293180
100951
93767
261397
190900
248826
306997
5669
106386
96621
137544
165170
422618
359644
416563
218547
69055
160776
161697
82720
128773
255444
499016
315651
304113
378177
181594
102653
84256
313709
242700
38529
142340
207774
177233
388739
465911
11876
33018
308485
162457
150958
489099
337707
280726
79555
432815
124302
438494
155230
98250
277796
171701
460443
399248
58091
116087
364517
66086
401236
297404
100593
492503
260647
370931
335353
68254
405630
439102
274860
230342
235562
373690
198718
276398
235602
356436
121212
70923
402761
192244
105687
339124
307272
381073
9295
296484
32677
12856
157808
89270
474502
107621
293438
461113
6735
371418
316700
168504
94408
369913
419226
300926
12157
343786
23759
431348
426349
491265
386009
209890
209868
446447
322212
424371
428356
420197
188745
427926
447966
13213
373534
497738
15145
187494
6626
482545
76030
351799
340447
130387
689
36741
428015
51910
100123
356788
374526
139606
282838
361871
238468
415602
126466
49663
203411
308144
310500
94772
95742
489918
451645
470158
460494
78610
348674
399784
447492
115500
178658
421831
244849
146406
105347
234378
118726
308525
319312
187731
160922
292877
105920
410044
34798
263670
21498
453337
257723
397661
38743
126891
397112
444690
378475
163676
224207
442281
409284
387409
486393
271780
411989
143557
374102
137047
489440
411544
461177
377267
55054
281517
270540
255810
337972
153574
231284
217803
241022
488492
26565
475942
270002
24323
66126
497609
436113
470759
148412
71569
231454
16649
363463
479581
56005
118455
407783
175989
113920
203606
479162
241825
103575
457084
79786
168905
111020
55552
216599
87975
273894
169127
262906
381218
223442
288023
121500
260063
133782
454721
49445
24093
156600
437746
38406
48772
182044
110661
3448
426631
154372
221569
458676
321402
478040
159476
363854
491873
420223
163199
410361
132897
37366
422077
238104
36482
227318
186002
229770
105586
464471
164889
117454
181061
300739
285101
450548
445873
447879
82923
440314
225363
76250
360974
201461
344178
145
403390
374600
443797
427020
107079
145704
475526
180341
158679
235370
112941
51754
70796
460015
72352
264809
229195
242287
252130
325079
204397
335829
179896
122322
193322
89026
70216
268067
273502
109074
104227
28931
166086
346983
39595
305270
293892
140166
395460
62766
77553
382592
134817
160825
337388
240742
46605
166883
107668
414661
397614
470418
428209
81213
368197
283976
414463
179800
195580
17588
347132
413405
135124
409304
52360
392342
397986
165396
417924
411877
421068
134148
467070
275933
385736
302282
121077
342498
204571
272685
176441
25903
429616
297816
60895
41079
320459
48343
258046
309268
215209
256885
462273
205629
111403
134508
373089
152996
233002
343970
272368
328913
343408
379033
76405
397729
280637
263945
238555
25804
38916
12984
111589
57943
237078
243530
304474
229775
356871
218712
22081
286432
128566
159990
224326
465884
250919
254160
311693
46933
110175
187047
458199
186490
83061
418711
257389
130850
55777
133828
189825
395740
291027
135499
227969
347009
111989
29564
289159
145868
50328
73152
8415
379104
37425
456140
371748
463356
141088
203192
418140
197287
54162
185349
43967
352428
423409
195208
239818
341885
397433
382794
97591
280650
240547
264173
429347
295673
192052
216676
28412
238010
89600
485365
356364
335390
226139
367833
263945
118131
305541
401474
197662
376503
493680
104096
491137
73588
102167
473151
397053
302586
487820
182546
340447
156989
186530
444317
262930
202424
383892
94227
126786
433192
489676
323132
335608
143781
399556
403971
383486
460661
439365
361254
371208
397237
66744
201431
172518
399127
75706
36337
323456
450254
486853
370254
371402
281318
341801
158384
440362
308018
311422
135718
142938
428156
106320
315231
94526
384166
237256
197446
385039
424485
352218
392313
369556
393799
143926
491836
499782
95135
444981
4183
372184
7476
371782
226632
201362
176738
186938
371431
15315
427241
363965
48057
443509
481056
192453
466023
491018
454259
271116
187242
150686
146086
494260
270691
247
286489
359812
362081
193263
104090
228788
333159
26179
498045
252174
374259
143856
316433
186981
458207
156551
22398
354274
437806
119601
134060
117459
378384
195768
269043
142395
470500
27339
307456
366289
60317
451687
198984
38123
48099
207748
362904
83170
443103
269536
365179
468728
75340
311839
251586
163082
392842
213962
374974
210695
103298
421652
264487
306336
419064
85077
368548
216918
238135
116941
484815
160157
422263
296683
467797
35241
390412
122100
294003
197848
22725
180499
213147
210843
266696
211846
247724
54660
281476
125539
386243
439008
476203
325510
110542
392687
416210
148327
496824
161666
107395
319999
380052
260254
208167
74236
357504
236230
110044
72430
332841
243241
275980
334594
377509
44887
57896
306213
37300
362746
282323
156354
216852
316695
127215
71934
110781
439965
305973
485859
344529
442318
466813
455727
406993
317628
178959
171083
50927
467298
189227
360887
191238
341073
10176
390340
387281
130408
192057
397769
18324
289072
21268
379913
104752
98353
408554
157435
486501
286417
487821
349468
192303
77749
129193
323850
69056
492042
165282
31022
133262
187739
408180
6993
26896
427773
387031
343699
323459
168286
444231
189467
367438
368290
30837
113906
121691
307894
404217
462582
154180
114550
26270
171534
28385
59707
29642
57121
139047
212771
323947
163458
18103
96225
144817
202893
318437
170423
2442
463636
389214
499531
38590
337590
326648
482043
81341
348952
304007
97219
84479
333823
45141
104053
107317
124573
465286
466353
201848
182344
438521
421714
81636
347120
471739
438626
142129
152119
229091
112544
421851
372427
128158
205463
292835
426027
4721
98102
150850
135255
482126
119743
241749
489960
466014
111635
132001
1597
368108
141084
101789
346395
498572
291167
243804
422771
432439
451401
297072
254118
304401
430895
261045
392783
101928
178806
221487
386020
115142
340780
187370
185567
384036
31501
430032
68028
497401
306332
41963
73029
492989
38720
24057
37896
360467
81407
106170
392218
220886
282008
265129
53751
432080
65965
332079
429941
411697
445468
419286
418993
359144
243634
293674
212727
410194
9643
464260
365418
251961
90562
34224
362758
22267
421664
266807
451064
55992
41332
45764
280953
32237
310838
202549
416680
361874
333405
169426
126567
375099
115444
16216
155644
280574
188147
199363
255041
228549
30113
136413
345597
194571
51145
5201
388136
198694
452165
82938
278219
427294
242372
267655
181449
200560
47490
493416
182483
376923
352807
244437
385784
320405
79352
282910
473321
488832
481272
289304
173999
44544
463214
126615
69363
16118
147196
5313
43001
307439
364926
330394
267130
340999
336402
244840
322184
412801
35698
277226
451117
144884
367891
200475
225837
248694
104532
279566
422544
263800
52155
240237
337687
225536
39924
318108
386569
385566
272651
152787
437028
386336
344629
413171
285425
333484
421644
349925
441051
73079
478329
396004
298248
20742
392043
135365
430202
359211
328043
218759
118828
234369
464061
303555
470216
96947
32285
174559
243538
26600
444520
380216
82346
15847
111805
106280
363278
102179
47495
34398
410494
324572
367182
328103
402389
17094
13101
234624
314400
376570
266799
318738
473794
204490
8221
185301
112748
288338
80886
141442
73866
286948
31703
235154
142209
39380
232557
199112
265578
161527
213123
365341
317702
303451
104566
45091
36518
91897
155077
280883
438158
336495
458604
308979
150468
141704
380328
481468
246312
374304
129257
457086
291789
153015
805
217675
31291
498646
63963
274293
39852
170988
243688
264743
299048
79859
117993
274128
373331
135542
82547
343116
400220
22135
74051
204332
282668
102842
491139
89378
266505
233317
332028
459705
212862
95457
200527
25311
164132
296618
373249
161883
150815
393898
346753
160964
433496
413347
85168
402026
12049
255220
302613
250747
45625
163022
214596
121268
293407
325247
414543
495269
20339
450140
267045
30032
488789
351734
286424
153653
235585
259016
323698
124595
484764
16346
443957
3250
297120
36199
62159
117401
32738
445087
234408
38195
113320
75616
248362
485402
76126
471234
343629
888
131629
412911
359595
489734
188083
194620
279473
347687
159760
286362
226342
155352
116681
483803
32183
447566
202349
79672
69027
214241
364979
3248
335058
332683
498637
74504
84500
58111
370533
227296
33512
335339
322209
358573
58579
398483
217861
161736
327327
299511
440760
194782
120111
108102
241084
433193
410968
68444
23852
29745
282835
64952
316696
318372
490638
270176
357340
156300
487276
132633
226729
410796
142850
478923
95478
20038
137902
253532
308680
419253
93726
388774
128068
370938
265808
361265
494331
273060
491614
6518
250714
427803
280431
52053
309746
114429
140801
53348
231353
337043
278434
259577
261355
311179
282184
486098
296673
475757
384810
419916
376579
426685
45666
117370
61585
275450
351512
280171
209567
336934
162045
394667
76640
31996
162271
17282
485207
312962
417435
117302
285754
176473
341329
445007
26355
387536
282699
498366
20459
18209
18504
97298
313691
62359
336411
42864
20606
234377
77152
3340
89181
163887
497678
61962
41703
39003
288552
85201
116694
245430
103754
175946
315396
6803
351311
260325
85581
395598
494663
218164
118050
467144
211011
448049
479735
476773
199326
171772
52645
286341
85044
456202
477363
8642
321489
178021
201905
98996
189043
480658
189857
244746
332795
272523
401639
282657
314398
311203
310740
379965
223736
15682
392669
463707
82000
387590
213560
300251
276504
261714
254613
27399
409561
325128
335287
19542
220502
192441
64240
376032
375433
95803
445636
244389
278349
404643
271226
264878
162648
225178
79113
129154
30098
156060
15501
411437
232811
190775
79218
486930
145497
139046
11617
339278
298420
251273
41302
278689
341592
47644
29437
471731
34869
365399
7409
148592
432013
252857
448253
309311
221328
407111
167443
241828
251726
465391
111631
256747
232728
363213
285918
458613
440141
478064
230375
457472
189507
4072
108907
106752
201346
424018
365840
469478
420664
389102
461919
117508
480754
104812
409078
242514
226822
316870
147960
40147
420242
406156
153203
246170
344320
198019
149288
298386
484080
112457
181861
400962
386851
186053
271129
30767
482927
387373
423563
317369
31568
476133
270132
488284
110485
271188
354802
118894
354147
239402
459758
210939
393225
439249
451242
364024
489724
133384
429239
227065
416688
137571
61642
346869
277554
476016
246336
304144
130760
388422
280983
138064
14286
138180
66734
173631
340299
489861
219839
285012
388146
135261
51934
39577
232077
282784
407187
496077
410102
347426
464294
145365
254819
101856
26171
463818
72894
420126
271243
394212
139172
266732
325550
37920
295544
256687
323027
428451
112440
78272
325464
377512
12748
144799
402958
343911
300460
410595
243828
57625
258853
421293
117402
403789
54287
240618
91659
423734
28791
456286
139579
40547
361550
238943
484221
226647
206463
230705
75972
489066
426544
213805
300233
486046
436631
184430
313078
115878
177943
176320
36229
452878
109057
462457
152328
365940
459759
353951
300644
145359
386077
225750
136794
401940
487273
385467
245414
260899
315295
349205
1985
94598
11723
76937
53690
242404
71476
292688
324733
77724
499573
456866
433469
136644
133015
5478
103436
76838
438569
256899
24205
95580
125716
138624
53994
310038
117714
156471
157693
371529
279225
387005
77200
209132
6151
120651
140098
197830
64657
347427
77603
18021
116364
489647
188503
495506
70829
64585
86436
195193
7033
343280
377315
352771
269254
47199
351801
475916
108447
233785
228157
195192
329501
124060
350553
218681
470316
435727
58758
229083
173628
485326
439481
491171
225876
290272
207288
431048
177274
54524
483055
131117
296743
290933
392195
199900
319698
271748
35273
91895
416237
354041
141258
236478
334630
147943
424793
442482
137029
63973
446302
115583
332344
220549
92580
456757
122615
81444
202924
468610
417610
372114
158458
357705
251364
283063
223067
60027
333708
212440
185702
12245
370077
178974
391269
19299
187840
205010
232210
52091
274250
132340
409678
466547
223885
388407
396345
342251
149089
213401
165501
334388
498715
285260
19976
417785
88894
496787
342422
262877
368761
463546
195244
397615
216705
394308
452297
17277
145589
242825
150063
78755
69100
493859
143243
219673
483142
40011
354254
348200
3709
241300
226971
61507
378728
151208
38694
266180
94441
271359
161694
476521
191831
25703
106380
259233
42718
181260
443742
463010
77591
450896
385792
102000
498639
454578
141608
144988
17223
202531
214642
342692
86481
102249
399085
202017
410325
232651
169821
189784
199548
335120
247538
467606
469761
188589
386896
202531
405111
2095
363736
432349
357760
115159
297155
462014
122710
469366
275986
488330
348935
331536
407924
185440
317188
249575
466593
126945
426490
423548
229078
416499
380318
68446
282917
189861
438657
184159
304988
289241
144916
9896
496607
469827
272569
424123
61027
64490
262467
467075
416799
335325
281269
188722
285696
290177
194809
3577
72768
120039
24271
93192
283544
8980
389919
117641
130083
6050
193011
58738
447199
141772
167621
70779
313277
53533
460273
184975
290144
144510
305421
364882
75326
190661
391277
376810
237521
439768
378601
438428
18312
554
343631
400955
268746
438319
381188
270464
409962
219236
383416
299646
309153
161858
67290
320364
141037
401507
258212
450777
225333
117921
322192
366752
282753
406991
225328
480623
431030
407266
433037
138822
316949
453598
480738
465215
42636
131125
222146
233919
117293
478662
198363
23431
210676
476836
277209
219130
37312
468701
261470
274974
115223
338237
82423
67059
45815
405015
72806
314903
212384
12631
265999
45380
290054
364180
229992
73367
455622
312658
221034
39497
84184
393779
45371
212101
59296
310278
392644
180081
93646
281485
219395
307351
154504
17470
13906
89197
295073
463000
328057
283572
222828
378000
85524
359272
439539
273049
176872
167399
190567
269348
141086
329203
162435
34825
116367
469523
149898
318244
427789
58791
306722
195679
455025
158097
271121
64482
213465
446559
434123
352957
81067
336908
74803
306159
130586
302937
392255
273131
47133
123949
199607
471298
453113
229363
414078
84459
52632
246599
234314
480967
43812
409778
473852
84833
208687
482298
46911
228423
403988
68560
156451
474676
332240
343725
419600
224241
359136
424866
22832
456494
150176
484025
421175
238384
121872
400566
364521
287315
18459
468692
88576
242929
249613
43549
58967
231601
312663
387810
139299
141940
46821
361436
257857
171574
107016
139101
36061
207584
213182
153472
475718
133086
300264
449442
73574
33316
278614
184936
473446
332114
279162
30735
194835
146966
215556
24881
392701
357664
404404
334111
9465
103303
158438
418195
166951
117479
405346
165165
376218
37139
169810
317962
436842
303321
22958
10550
268383
490076
104348
51653
372116
34116
221549
294040
112225
159148
81875
149477
403983
301945
284997
473684
313567
493561
61435
228367
77090
301252
171232
175696
490487
133715
329270
456971
131048
244287
78288
353405
45790
252259
414649
84684
257082
215518
267310
195184
298572
55081
65573
491998
338754
483651
7446
120296
307180
178164
227364
305545
155115
200557
415673
481948
82717
55110
12975
92986
462511
379523
444685
459449
122237
325405
354489
141803
169562
411036
100888
333129
184790
92811
30348
367973
145116
392213
302448
327655
136123
182772
259343
16407
246242
313811
497463
317387
134791
57939
176077
191974
465105
444693
110792
20393
296670
64194
243979
231296
251447
292915
4243
488525
148969
367810
33155
169761
51940
185388
192287
288481
396821
274281
249521
338577
97687
201728
329613
184512
133667
124011
5486
21494
135755
145274
60954
115397
381627
409312
453647
131688
451438
472928
486704
435618
427673
253944
42272
214291
362065
33854
207121
146290
399205
164579
30033
306328
155641
19346
383412
460188
114147
348862
387953
403139
203642
401534
45514
465537
94991
489665
407674
449149
466421
196525
134136
49417
153484
344692
19711
498302
321339
29416
27429
152748
93181
332803
153267
304785
145704
366555
220269
476373
27529
135102
74681
204833
108967
277846
34433
463202
104445
491095
363965
487907
443193
367881
8381
466116
468137
444354
189115
82679
441470
151365
277477
85889
131188
278001
485073
422923
57088
62672
41792
487835
30016
226008
61040
112959
468331
73209
300149
299926
29683
70682
314688
123920
383192
308705
427204
491588
15633
419211
135124
14137
62670
358529
15090
450418
142621
402779
77402
103376
247717
312068
268595
66424
22327
168459
346474
287543
234638
73461
132357
453638
89793
391122
478710
380202
274731
151429
91013
470221
12010
377967
184367
281694
150113
128093
74559
339206
109005
37552
467438
420840
174761
115401
139863
141290
296968
289469
389401
395633
415209
93672
108642
416356
306333
206678
452489
345511
479710
302515
17008
383824
216520
315953
355203
152461
239631
326819
392583
184450
300209
358570
420635
11575
386095
499960
227715
38276
199624
169016
409044
262816
243706
359106
205005
122306
204822
75896
26935
149305
300473
53892
465789
384766
385611
473644
17570
321492
184499
241531
272498
217691
286492
287599
365417
159945
413747
71978
477235
229747
421044
222124
405269
409334
323164
405480
489670
113119
176881
216005
423059
418828
91603
282411
223410
269173
296438
267088
91457
66753
496337
441113
245131
366761
320658
150828
69345
329985
238748
89770
148771
441377
117398
487778
201871
367735
344503
276053
15945
65550
212807
217968
449954
64465
487257
148453
82525
316749
120955
120020
150033
436622
462088
132443
68016
60980
206064
133049
455216
465698
226117
326152
363314
418165
312693
147841
18205
45895
204510
464815
106278
471381
129194
205249
407374
301100
89929
88487
62868
232202
334840
29300
385566
382324
103892
173651
467292
197472
387114
180078
21605
114094
246336
370799
399817
357188
98440
277010
315734
14476
358943
35455
463347
201146
207234
426458
484082
143103
252254
431436
354817
228461
310419
151318
294770
24155
302355
39969
109637
234158
452435
273992
241618
126490
202112
362963
184973
332439
141392
463336
381512
272281
366242
77901
405885
135413
202212
290637
366572
114888
366597
306336
112947
164131
146521
294107
479681
23365
123490
30120
60172
90694
428225
392371
5720
225213
125101
418184
228320
289898
416786
200758
426792
110510
404513
297391
186813
282611
404478
161624
189135
352860
423479
126493
371242
145027
40339
353765
439390
437582
375807
458679
288872
271758
85958
235143
117848
212571
432240
126489
269610
367779
84366
245732
298200
323098
171278
242199
109758
105584
375065
73632
83961
151871
259164
94812
446707
137764
431780
114988
215498
207492
181115
39081
110550
158173
143726
216817
158321
382092
147412
74276
85761
366720
19547
377459
304612
305736
71099
239527
206230
468818
113560
70905
292548
371896
250261
127796
211885
227665
271629
109226
300514
112311
499428
295657
29202
256342
498862
106478
424514
35448
292340
72343
240705
185640
271316
166247
451829
274056
302122
60684
347252
10759
155994
1461
144591
354971
21239
467134
9477
339288
85311
68078
163967
108877
388951
296548
282430
195772
415949
147696
483142
205584
459999
149409
491412
436151
207766
358784
280220
343431
363174
220439
444473
169552
152111
174568
16743
281297
58692
345129
85464
186704
85392
202807
499344
79782
376481
281940
425518
136589
447123
209594
404158
347964
216719
210855
58746
498117
26781
172618
9231
248846
395011
186618
12146
345614
154891
370645
266582
43940
438928
190191
183516
154123
48235
184419
401106
481035
661
55042
439275
329160
292254
272915
238313
494515
179309
452081
69181
211283
284751
469983
93816
81462
200029
96670
52746
329675
416219
172999
219201
457113
368831
325535
404458
420897
273322
246038
279204
383012
152357
11133
407313
282638
413304
242322
373038
349866
170119
212940
206082
135023
319289
233511
329813
21917
477046
183519
490889
417316
73101
295496
292887
259647
16124
214514
338569
76422
455853
424278
483137
152786
462609
224218
146568
210571
150485
33747
178385
31761
210145
93028
444252
480919
20672
121926
357628
17400
371030
328274
84388
480876
270640
11963
337920
26521
233726
117592
163238
475369
2289
63115
306695
121608
21771
50027
488556
483549
177605
203076
156158
425033
445225
305680
166168
100479
164000
317655
45519
171881
102254
13738
53649
397738
159255
260962
459554
267175
140715
456301
486556
180284
126049
297037
227020
145264
209542
477834
208962
318483
46503
381023
43893
459133
202482
108754
451567
182869
103931
339388
445437
130812
342313
190244
320628
451594
265112
33329
387172
94581
232508
402365
32007
207499
353714
244821
421656
458844
198801
354684
393529
31215
410406
260495
67464
222336
200258
202219
334269
117092
456437
436647
45189
73756
327253
487129
128827
232433
55770
196350
185155
248418
246148
275379
78872
88071
326924
468875
249171
460554
386130
399032
157579
142760
36523
229762
74105
315550
32593
45143
366850
451635
252879
111782
78192
151811
434774
496949
20465
178410
6285
210828
409970
475585
13583
96146
12118
340055
75421
262412
479890
419761
456136
244790
194467
265716
326539
335527
5121
317862
107633
116999
295649
494351
161798
453932
20574
372344
339762
218274
439339
420873
102368
365158
325555
275703
159155
450469
395487
308611
328092
81426
224737
163105
107833
189848
348832
383152
294062
386445
35903
127737
287423
454072
423596
458507
288272
210791
445924
158200
299746
130483
119230
315942
269353
360845
305071
59790
81692
67091
312767
436686
172695
67389
314661
111611
80012
76380
403466
296295
380117
71910
253915
103465
422495
430888
418351
122089
282359
473689
316494
33913
33912
344989
134584
354982
347546
383237
273040
458769
233621
298577
175822
461016
291098
400279
431790
47999
270967
351358
121244
245793
328999
75572
127923
497654
435208
379624
367786
371327
121761
72674
433545
4506
160269
350239
173606
433413
65296
144819
422293
241620
306519
451680
473800
367799
153346
97671
85878
416077
190306
409734
204930
22293
315566
267721
487765
498489
113787
103610
384990
216272
476568
266289
6278
79666
321019
158523
276472
79927
438823
35628
442745
133205
315862
451173
52312
331469
372375
209463
255476
27022
127581
493561
222257
466779
274555
289413
175484
325927
295286
76991
462318
189310
123082
487334
298869
416674
337765
314477
183585
168774
321181
77688
3333
435568
156374
383271
120138
25402
227611
349482
443236
133959
348890
101425
211622
153903
449170
91839
421746
275127
124132
457705
117212
73717
204297
394120
170334
436751
22
429555
99521
183452
448720
269658
237439
24218
198562
237931
32689
236491
429427
258028
60091
357849
390545
25429
427894
442728
25159
475231
9177
491127
468309
331966
176796
385798
231373
173041
494462
450919
7411
308006
453216
478453
88723
130574
131450
387751
473077
289371
308758
304277
304559
265648
448903
315096
29801
415328
378231
342603
464967
432287
419578
243142
174367
2216
131803
130783
294111
397381
448954
238944
343027
122364
420808
73223
196907
32007
198742
216764
179146
43624
278610
326156
346054
210041
96416
193999
297419
291087
132537
307751
405633
69048
451253
117569
493132
285312
218946
465669
499274
286953
466322
349256
33132
318448
207812
315405
405126
99101
92856
321515
425516
194041
433631
285593
348195
64524
206941
125485
205824
368015
432113
143477
414021
384723
38710
108792
308172
376901
403844
337263
24062
358327
369722
316871
99312
34572
234464
259987
184635
146784
264652
182364
101458
423344
405839
467813
233500
149470
427344
340095
267986
74000
101025
47385
210553
43930
175521
307991
123953
205922
224006
107870
245831
137417
226571
271353
5972
352870
499375
394362
77127
60502
197912
275236
198488
298228
431756
58136
166036
433960
397259
303609
440956
337751
379090
125247
51271
345944
63303
335628
399657
419174
204195
459317
281314
318222
441337
40845
209221
268414
118682
51773
264144
388743
50031
376901
85407
337246
154377
47381
167879
85746
311107
5667
229915
304996
15207
132782
401287
238548
24879
483671
433179
357162
140743
31290
318093
247863
333030
193913
235602
141371
377576
203085
62440
355108
464802
362989
307789
396513
154567
123338
223485
58130
385635
31490
458471
102603
349558
413967
6466
213467
270415
226467
221966
28650
299858
219017
318977
2376
491972
253892
341641
284797
100720
90655
181637
321901
212207
231080
316275
257320
217661
363228
4670
421011
408729
444349
184113
263421
244979
446356
306947
479812
49564
409660
91142
272048
212
405684
380429
168024
323881
49218
164471
167240
498249
216023
400924
214336
460289
25915
262593
32552
231419
334699
106967
197264
313403
149444
220719
10132
291133
290242
474791
237608
98894
77003
430006
129409
283405
128630
474528
69444
248780
373014
277850
397837
468683
21809
105913
81224
218784
308416
319391
482908
211590
471457
311028
347187
258176
480255
37969
385547
150146
196646
121375
420667
8390
5566
230805
418589
175961
459115
340406
187008
395838
477417
174095
30174
149096
463779
428509
273508
405750
232349
294350
360037
90965
211493
332972
379249
125431
113040
379810
59677
254569
12044
174095
334573
184637
65214
132278
226616
294366
389897
166227
127457
163334
259421
473546
88462
295080
266778
121811
465912
67045
10339
143298
94978
198120
279877
431819
151203
66531
256174
169190
413975
104356
360498
211252
479049
55683
312900
173272
426150
338125
341502
427408
245384
351921
315648
185120
387219
308142
306379
62163
283732
268709
292280
217178
75724
478793
448366
343666
310400
275381
47826
425130
276727
175457
79633
319446
144128
153226
404072
456836
482143
397655
301605
367106
25787
309746
205856
282532
459420
410871
392248
372144
88037
454817
271490
423787
300598
174566
483632
101333
484859
412464
112417
176134
243453
116163
404875
366209
119912
252614
362542
4084
22302
407405
117112
414978
222497
17008
239986
448503
434404
426825
414551
360211
4564
119248
228520
324511
133949
301793
194221
418149
70303
5643
424636
84808
345051
371321
427325
363169
255668
438318
214689
415097
470507
224010
319812
212058
194277
59699
210610
153192
432115
240176
353489
485254
107611
410224
256066
379200
281348
20688
326152
18275
227653
36095
353173
401837
160605
358375
429774
174198
335664
291024
359473
206776
97932
352416
308155
67887
272438
19599
387470
372990
428661
428816
476311
240278
353485
131696
179999
370343
131617
296249
4813
51322
64395
260693
262350
115424
107938
187610
489424
111733
460358
359783
54890
411636
424423
466262
161127
200061
471678
73569
372425
477800
14908
239025
363604
338841
63656
198934
208064
63762
229102
284827
266863
493398
106021
264625
477013
143997
460103
355139
399957
220230
327106
410619
297719
450637
293757
321977
57531
71391
286000
305944
94255
371909
206572
254145
416655
68839
317393
477436
309521
346724
372621
300542
273621
202005
231429
158146
51175
290261
149149
402782
72708
227478
395267
122258
341376
356260
438270
197892
304930
489182
352671
1754
491056
315100
156419
375067
378534
54678
113318
94791
164706
424521
242287
6028
390666
490040
482508
325796
402791
105374
446746
399366
121723
422266
265116
254838
204103
30741
239456
469926
313044
165848
353463
311314
295285
6679
54490
47630
277333
28547
248470
138900
105299
347727
216119
84216
222967
205898
23257
136802
441102
463378
94376
394257
377974
316585
465583
353615
166149
419496
175530
297547
251351
242426
11433
231587
499994
276297
355885
333889
200500
50657
444585
463950
474107
133547
413931
68871
416577
373117
176618
371195
270598
469526
388057
411595
41200
351416
349670
392627
223673
48041
377998
374063
233644
119628
349848
130800
450348
317488
132351
192005
134544
69795
34642
363098
143907
328533
390506
390012
498596
41694
417353
369718
340256
350303
343975
467772
224771
190035
164872
241014
216520
147039
417381
184318
206261
345259
178014
301015
446953
132180
151385
274259
48077
435873
46736
140884
165491
46278
473857
18254
429805
433371
255648
290365
64433
462605
277775
396242
338218
370734
133779
370029
17433
164671
402149
455337
123720
88072
489987
365147
211917
38154
121828
356607
484403
176805
464581
432586
80089
395487
491378
207826
149980
15013
153517
346398
73316
257071
374492
422246
289582
351188
7130
228653
486075
137314
15876
340343
54608
234508
17921
387524
7461
385136
483288
303230
54325
177555
354364
385608
29000
188909
118825
12306
166069
254600
115197
442411
322786
191025
341424
83934
264496
439809
106887
221029
81271
346121
403474
434777
210973
329834
403900
294360
381450
76073
467981
256243
257025
54844
420165
267188
344899
433238
221167
54753
84940
150506
282325
499058
435844
305570
49282
335823
186105
149407
341268
56563
490952
326542
237032
234578
310289
419858
289714
103518
28755
498404
307101
284189
294507
138361
451078
14396
456172
287017
111587
420100
109911
485759
88056
288184
359632
191410
41783
4028
321719
196573
283573
350111
312046
55346
379683
235256
170923
34577
475441
350951
287553
227253
480589
68092
488755
305495
65750
103098
24084
33477
64384
378799
269623
270235
487438
361692
464494
135860
270921
288808
195227
263225
300216
58746
324950
90859
146607
323922
39990
340631
175378
126388
431190
176226
90790
361724
471187
287133
213426
20491
421227
488903
458639
489102
69189
471968
292037
234294
347552
488927
457095
473450
319150
18469
176215
106670
27529
336355
448978
299610
67185
148146
24813
415696
475748
215471
327513
482542
183949
56722
38232
110212
39564
331676
362188
413910
7134
211761
85829
139909
990
482217
441854
222808
301409
131191
146950
2291
371280
425380
57158
109818
65156
254866
286416
48058
365670
460880
160595
494865
28451
317678
156174
125282
474603
330175
345309
188225
83016
494380
420552
110921
457278
44542
290688
452594
282673
447882
263189
343306
162997
76301
445118
51758
96052
195510
473493
74017
39483
139506
448784
493488
191058
226813
289085
60078
351383
71193
435315
424804
239053
116421
115172
395278
327890
333623
495821
184322
192551
180461
34300
194232
174351
484178
483224
256299
216971
184649
253583
490608
313737
418978
432381
224458
33968
122981
415259
264958
348697
188635
111468
223989
42307
484400
335639
239264
151566
430242
152904
371633
178576
173957
244989
422909
413217
245057
466874
179110
339013
39126
476489
252226
65176
107817
493501
107341
492727
102295
370684
206854
319996
73948
429941
412649
165867
63870
263020
464556
282051
76797
485466
25573
82185
186229
66209
92443
495185
490075
162770
63012
269252
105230
197666
197064
374319
206946
85002
185802
175842
301364
197879
179896
354541
299371
398270
132028
267847
476434
419095
402911
174236
39459
370294
400303
396552
336615
334209
122649
313869
424805
451015
19794
304408
344889
312366
487400
317912
443257
229133
89715
493241
329962
197917
224285
66848
36941
384267
52409
140003
419574
273794
88037
362696
422404
490224
434200
109827
365088
3335
487323
335639
430276
212048
111449
66553
381055
333232
7373
148624
309042
238512
241519
480303
112935
438920
309770
223087
141295
151779
400123
90183
330783
223140
14199
304100
248319
378634
329024
407442
119333
370168
355152
172925
436657
353566
359720
68332
337333
473295
480087
197667
442156
370503
93042
380129
429067
490766
54050
269922
215941
171480
198218
497036
60762
131352
125270
288608
176121
153999
203603
18626
333513
407357
339046
493487
161145
69695
335512
431624
44273
346409
149818
39470
492559
420084
91313
69800
11052
229705
71627
365000
391156
90063
104385
444858
375158
334551
480350
42837
122452
180775
403235
489204
128179
370154
151772
468930
389938
137492
395713
57244
42675
411343
151315
499272
469842
388696
462926
244005
240361
137891
55687
244773
67808
259609
259204
334918
410981
347238
209642
434890
267652
443622
184936
152461
456766
237271
87185
348971
218896
417336
262349
470334
111333
227681
231688
185396
245461
419663
490088
282750
402112
299172
46514
156025
263297
326032
377224
42556
105529
226007
103272
406988
73413
114264
187807
468155
360321
487679
307798
283272
146691
54687
124980
182571
260910
159723
317571
303193
422453
122262
272489
231515
70150
106841
486009
491586
328632
248794
408232
60223
155759
166706
1008
143966
430088
310149
450817
451955
336541
76662
245868
214610
202913
299246
210950
252744
25906
474514
490527
408318
108220
338003
48092
142904
429585
321431
484050
358931
373239
449348
281297
46754
334461
34242
296105
499366
421533
220792
23357
416504
193934
202752
29689
410309
204417
30098
146698
150893
103597
289804
367267
268057
32281
316435
130623
370988
155629
127577
328859
395525
352348
217396
104488
399050
256315
401841
443483
122024
454779
192220
22486
271833
99911
293412
241131
274410
492218
81460
379610
137147
139617
426327
108444
116774
335100
382158
303324
6259
114092
270762
130393
132453
404675
218579
253622
240158
155405
388872
157016
427579
137488
97863
237041
252997
479899
270684
324374
401627
341416
271705
71151
402977
237291
189382
84360
124451
120617
417116
211959
149251
227709
318887
366963
351398
441991
54858
380736
498917
475266
109943
84349
151682
185843
77977
84687
199930
234890
95050
332537
206236
107024
356134
253112
364413
134606
227726
465719
184741
173572
306927
488358
102906
63906
289656
452006
69307
114619
273691
14877
23339
114331
129449
470790
261294
389689
244785
373028
13351
231809
70996
183701
86186
165282
179522
409157
422107
100360
426265
291
81818
165477
349658
177282
57755
144076
186326
37434
247525
432086
151838
469400
337531
154130
464509
382698
1456
478577
326073
343220
315296
198076
28734
372239
293942
153043
400736
420395
439331
64292
72347
203398
192286
33569
465661
279177
260714
428444
341
19497
375302
377075
436194
364486
82309
57036
32883
34086
368684
242022
92624
76178
113274
485955
65339
182675
373153
323277
28883
275522
122797
328885
360882
320166
71974
179236
173545
222961
401563
27713
401527
26392
285461
8375
14838
443946
402177
445144
89692
215242
85261
351461
309869
297101
119115
211110
20049
426874
153523
300708
187275
15572
329984
253178
43137
191558
274067
433221
200834
49426
361758
61921
146867
143114
289520
190062
44667
407923
224563
30648
302843
70649
197621
11315
333683
297946
123072
28048
181073
105003
40868
200781
442767
309609
127435
187638
295922
305315
387129
4819
320497
344617
25522
170544
190611
236977
356749
374111
287318
237299
265175
303792
64121
457801
478964
335124
473262
221866
217087
256664
450413
351050
339533
84380
194137
412831
438725
390005
294442
259472
438580
377424
90575
313211
147557
10986
380401
484685
390633
18674
296708
454575
58231
499436
453971
296498
496177
431389
159523
321831
271573
4900
342617
331915
76751
236376
179458
479442
79003
369803
347290
153030
370322
299128
196807
329745
68366
235738
453099
401327
438803
439396
389771
103849
89781
396358
456643
416428
179386
228362
370495
82003
328657
158515
207707
127299
171921
55639
149688
19045
153229
491527
361980
254640
454717
436802
31711
93788
292337
440811
420048
21241
429319
343873
307129
328215
387077
109874
455147
52825
355430
347585
206125
59431
255965
408817
75946
346849
180933
40685
154719
163533
427344
347874
482334
494232
160507
21777
166174
164126
68111
176723
336455
296655
400659
228492
311220
122371
294521
427666
420633
366076
289341
254605
340249
37275
168579
306582
127214
191836
121885
36666
373966
151597
308287
350495
171743
72457
93321
398746
268793
494079
172288
42600
165087
253327
153290
9381
38733
320959
441213
482061
210392
378485
182410
285461
374704
360356
5721
295706
352162
392788
14812
46885
213398
98059
117943
79255
37951
32261
403894
172013
68759
7141
337932
494827
226389
355248
208824
239926
78804
36742
316652
59953
306208
415276
200443
312118
12165
19049
168492
235886
109309
191945
429786
314722
112981
379486
96497
221237
248758
382939
121796
404336
455334
214619
407499
318656
276265
175897
122083
326919
5976
390214
199146
224370
388196
120676
152290
406970
241340
350745
223701
275937
32601
280679
486621
47080
399575
19958
428359
263201
492574
253413
94675
289963
411102
81019
166113
134191
335560
155875
460479
274792
146353
296148
56385
25289
213362
92407
306542
414402
353877
22193
326731
401711
94988
260711
209122
186050
387547
194932
423665
22774
92879
37533
382059
129208
475887
142671
278571
3656
37380
165474
224830
187646
469162
281480
470491
457282
332259
142223
447108
125514
98269
269953
429084
311143
396501
314499
168056
157074
485349
429980
167959
382489
361210
487104
471616
346906
243622
298759
348891
288181
50541
456331
219656
246913
287139
123655
7699
230342
160810
467826
348664
203664
152596
178187
467501
402327
477254
103054
332316
254316
134483
332569
190826
253902
364735
102610
429632
161398
339473
154205
465141
340441
87381
370815
228805
455857
319480
168966
172573
314833
281664
389893
299159
264263
331412
12690
83034
212873
76744
74165
375925
393647
442250
478576
311845
271565
473383
76453
411711
488686
286924
31870
492865
411476
242525
73989
305002
13460
428223
371039
363117
384838
327617
117977
119767
7229
27158
202550
386527
272258
165572
141045
398466
273382
287264
154361
353951
434639
152748
221094
290097
120178
171632
179108
34660
260407
134967
59639
402522
181917
34406
100863
347758
45006
208821
263784
430517
413405
480602
342030
480083
494039
170566
340143
263578
353609
164208
481525
303915
309142
320422
39036
30802
499589
234924
363608
61122
236710
397173
378136
175273
315638
338255
38185
468147
407250
382749
224470
248099
33746
365978
208443
497923
310437
199388
205246
151319
218408
124308
66528
240893
270985
5407
16654
418624
465748
454412
273641
392147
148434
318853
321450
29856
403868
489299
230456
346818
3940
361747
186795
409526
482481
361389
455304
91121
247685
127281
148064
467726
132472
8508
390671
412966
145001
426917
185138
452706
115361
318554
374491
388090
391298
434049
7815
118450
401937
93376
491962
279881
315131
404080
76973
352934
339707
15708
41964
478705
275391
257569
395553
390374
85132
30201
378531
335671
162462
284913
257314
434237
93254
93155
311132
321608
204183
237528
171256
367169
53906
276988
218652
266040
153549
412508
45906
488143
119526
145703
354429
111907
82146
185942
394148
16613
384146
453227
492289
227786
196527
263283
295522
227634
353107
432942
136299
32869
359738
315673
462063
352098
69283
121317
203389
326566
436616
295205
365054
408741
352812
256697
220682
143628
492556
410025
90520
174408
462962
287968
303022
425347
224715
164953
143452
287986
331076
32164
105473
487933
81317
279910
108168
104051
340706
414457
221128
327347
32184
166503
191330
108429
315615
412971
96170
1237
29378
37566
51065
10207
495418
72258
86374
474485
130598
124891
191297
140265
80756
271105
210754
197795
372552
94330
169086
13186
59344
156903
339921
363285
52255
56165
137015
27735
67043
77643
424303
214494
120239
404295
12294
418775
237555
286600
237076
248713
434214
74965
330589
318266
14134
479898
496447
117236
323844
300567
261574
150672
238128
307045
350977
471765
356243
305542
66843
140513
326050
452748
139655
312081
60676
126684
361952
105560
138771
485577
129245
321804
187980
155961
441849
229444
66228
286885
374993
376938
161030
217001
239614
325910
269284
499640
314019
320437
310574
355595
241335
174772
441672
39868
307388
26478
410755
151240
411405
437974
367390
352547
293231
342751
158972
89676
194100
26395
386678
66761
60940
119117
331233
105736
460592
314714
30078
21755
206112
373720
451913
99220
369991
54840
303479
272740
428104
255730
314403
133461
166017
37624
248165
315916
3114
215022
230079
141998
369541
145077
56387
38650
457743
473293
61328
342412
440611
338301
236474
450828
51070
221707
64619
163808
32549
57093
88065
119912
334090
353318
136757
283059
211188
241695
217302
472781
209273
55634
495432
315997
123919
362934
473162
67313
65096
211263
201187
117675
9660
88007
455827
491410
315393
437825
422603
418266
47907
270569
310411
297540
