16751
21928
6433
20340
14612
2612
12109
20897
5792
6502
18623
12876
16093
14743
752
15058
7523
24901
16879
22462
8031
6583
13126
20869
10907
1819
20569
4725
2155
22662
7295
20665
15111
10101
24729
20091
4349
20639
5384
3335
16505
1237
22883
7358
10000
18458
16000
16115
18623
19404
19688
1894
14767
7247
1226
7869
4085
12177
23582
5778
21136
13449
11458
19307
17291
9317
1792
3194
20125
12211
12572
6959
14807
6885
19104
11781
15964
17289
517
1529
24516
21713
8482
12410
2593
23019
9595
23260
14537
9578
14592
22924
2930
11439
20933
4307
5347
23482
9078
11115
24824
2492
11888
349
3768
19468
12827
4223
1822
1535
9263
24200
18140
16998
65
22151
18784
4612
2424
290
7614
20053
17288
18514
701
3915
14397
16439
2694
9628
2586
13331
23214
4487
15947
5734
19374
21062
13617
7894
15355
11557
13660
6606
12540
1400
20011
10561
13302
23956
4058
6674
2650
585
5256
24329
7819
11616
13579
459
15090
747
16758
2151
17805
11501
10470
12967
18038
7751
4809
18779
19368
16472
1770
14923
6910
16269
20083
21253
11023
20441
9770
18763
11141
3762
12636
23885
9812
3446
9163
14885
14692
23078
21611
256
24608
6784
15001
19552
23246
20425
4027
15483
23534
22168
3251
11182
23387
3776
2313
24692
8171
18221
4696
16872
5192
14500
160
16776
1190
22782
13549
6687
22659
3718
20781
4971
19353
14762
13223
19296
19880
17386
20320
8692
9346
19220
19109
21250
10362
17767
24663
9449
13717
8089
16656
12923
16055
6303
16049
120
15399
4440
12916
19987
14015
12387
14256
3884
21702
20182
14256
23679
6832
7876
18674
18686
1479
12993
15712
15954
24902
20003
1210
22292
9413
24971
932
23583
3544
17936
19706
9987
4275
2297
4934
18017
1184
4655
19496
12947
11408
5029
24642
22827
5527
16488
14163
16727
12983
19951
24502
18372
2914
22954
11577
1442
18213
12727
23110
12230
19122
19883
1049
16636
13383
8492
6059
3813
1568
1897
17084
22809
17774
4914
13593
8500
15410
17981
23598
15009
14451
19765
24421
7003
14415
16902
8805
5728
22700
20918
19594
5199
2088
23920
24076
17424
22917
15094
10598
10591
11502
24837
23596
17551
24458
11057
21534
15379
192
2231
17966
6612
2267
10873
7040
12202
7520
14821
20345
7578
13899
17703
23764
14117
10353
9925
6573
17547
4058
2258
3128
21516
922
21419
14215
16754
18768
13867
15766
14759
15375
10754
19748
12747
8792
15353
12601
21298
8340
872
17856
24345
22419
15357
24330
11063
2530
13110
1924
19860
22273
11855
1160
19459
19810
14802
6216
15086
24186
13871
2743
17343
9555
5522
22578
67
382
15753
8731
1006
18562
22620
741
14861
15736
2292
12757
16763
19048
11042
11602
15952
8537
20801
16858
6398
20884
23355
9910
6627
15300
13965
12323
884
1647
20795
3257
21422
23380
4213
13642
11298
7742
6106
17809
11073
18178
13485
18104
2135
21814
17274
1296
19651
17116
792
8003
786
10374
20007
1356
640
20189
12540
13354
195
10650
22059
17311
8397
24780
21441
24224
19113
4945
21246
13742
16072
10752
24265
9626
14350
1005
23328
436
10435
24043
22076
11720
13363
15191
23815
16015
6817
4491
16998
16416
19356
3986
20946
20912
2016
20906
11014
15189
434
18701
17558
3120
18729
24398
4828
23298
9358
1995
16384
2866
10361
3244
10303
10587
20216
10575
4832
23526
19950
7907
739
7954
6624
4124
7795
22169
7772
13438
11420
17454
2037
5833
23384
11916
18913
1562
9684
10730
20553
2880
6681
11964
6573
20664
9254
1887
13423
19505
14549
10601
6027
780
3388
14547
18953
6992
2481
1104
8158
10817
4439
915
10206
2897
5908
13432
3374
20781
7170
15084
13648
18533
20103
8208
21494
17605
23585
22705
3877
14593
19170
15370
23229
24412
19557
8208
3843
11671
24315
8654
2539
20769
7632
20524
24697
917
12021
19879
16691
5790
16942
23127
16734
14418
3071
16248
2565
2929
1173
18176
10800
7409
24371
7239
22898
4149
18202
13557
23491
2927
11849
6889
3030
13490
24224
5304
2201
15945
686
4153
13774
18836
1686
16789
20323
23708
6758
18382
2972
22312
2112
8837
5945
14035
23706
9221
20259
13757
1465
12961
23929
13901
19361
903
2953
11031
6173
5797
20868
2840
2463
23676
7482
15899
13920
9964
20544
877
18357
22347
5238
2869
15747
17142
6313
11254
11183
12171
20459
1003
14186
19183
20386
1731
21997
7130
5912
3615
7773
15565
3949
18151
10645
16881
4614
7233
20538
24795
410
2048
2823
8329
21570
7057
22665
21288
16504
20921
6124
14095
6553
8184
18039
16224
20352
5672
15377
13954
12834
9371
22289
21806
14452
4700
7317
16697
18143
14988
7928
5829
10418
14153
20789
19649
23681
11723
14336
4993
6593
12735
15145
10304
1188
22355
2424
17377
2235
638
22045
20109
20111
9886
15171
21427
8303
11856
13378
4832
6705
4286
20619
5982
21111
16060
8139
13615
16804
6915
14734
12421
17875
18533
7747
1696
13663
2673
23113
11525
7882
8481
10063
1633
1360
20169
8140
1596
15381
20456
23493
18280
4440
21620
8033
9673
10522
1518
3678
21427
4599
3461
5060
631
9700
3826
11231
15847
12442
4435
19092
21012
16825
13623
6866
18385
5866
15594
11429
12873
20580
8141
15347
13389
12695
19196
16907
24722
3232
16369
21102
3293
13845
23976
9874
11581
1455
7303
21899
13863
13318
21694
16753
23064
7869
21611
244
3447
8324
11817
14863
9484
22359
4590
4693
8559
4150
15350
7913
21398
13784
22426
13006
13349
21388
4103
1623
16156
6607
17321
9170
24796
19094
18911
16113
22295
17830
13975
15305
5229
11575
11781
5509
16935
5976
14778
6642
13601
20134
282
24845
8949
23231
11744
19512
5470
15789
9416
9713
700
24202
6851
16061
21024
9753
17731
3549
3606
4619
24616
18792
1370
8705
10880
3083
9186
22753
7671
10024
17792
2290
24634
13505
15581
21304
21244
20865
22392
9631
22445
17845
22564
22784
23500
1857
4208
9814
21631
22338
5919
11251
15654
11306
6902
18991
16237
7004
742
16099
691
8561
12751
7353
5473
18883
282
20075
4854
3919
13433
13837
2602
3853
850
3383
4351
23833
6431
4183
4884
10355
3608
19123
2468
23585
11511
12121
24537
14892
4588
7826
21714
15433
6777
24288
15900
4277
11688
21533
14305
18690
14062
1395
20184
16058
7049
7705
22496
12540
5105
15486
11932
22463
4243
10779
4567
21331
12999
2606
9452
21657
13276
3488
19050
9068
21259
8928
2413
17679
14751
19104
4829
1215
3606
12182
1597
14453
3325
4742
14695
4195
20575
4599
8856
10190
15177
17070
17047
15640
21085
20709
17641
11691
5480
4843
11390
3812
17107
7808
10693
8356
4572
3659
17161
12557
14038
876
3107
18910
23880
22209
20300
22998
18509
3321
7716
8397
8695
15800
10444
24315
2630
24831
14597
3887
19801
11932
5680
873
17156
19473
16129
14463
2460
14401
6345
8329
3104
6037
7317
20031
8931
4331
2566
24641
24023
9194
23664
17329
12063
21494
18958
9670
2943
21033
21990
7716
20776
19499
16527
9039
4300
22
1361
346
19815
20260
1695
16072
15758
10691
8032
7706
12728
10932
1846
2803
1810
22313
6546
24485
20149
9429
20739
14990
2934
9320
8592
9307
3166
7201
11537
14040
22598
24854
24903
9175
11246
12388
22049
12004
21443
12904
23997
7081
14429
58
8059
7672
2419
15936
24864
13649
14294
22802
9427
24086
6490
6097
2808
17288
20152
10769
3217
24893
4345
21900
23133
21592
177
4613
17576
22347
11866
17154
12302
15620
10181
12921
23121
8502
21896
783
6468
14629
512
16232
15776
22292
13486
2941
12380
1045
14663
6419
14430
7240
12072
15019
14982
21237
2954
8429
21630
21820
8619
24547
18954
19792
7080
13440
20970
13557
10326
9426
14200
23976
23315
14725
20008
13454
21097
24320
13440
14842
9813
6275
24739
20587
20469
22053
10415
3763
2105
1486
16509
2192
4068
4678
24999
23906
13267
22187
12400
24140
15482
19773
8489
16674
17561
16456
3772
19988
23573
11381
14019
6066
9690
23600
7594
21951
19950
8764
8006
146
9272
21891
7413
19010
23974
16829
7307
6637
19970
5917
4325
13461
11695
3302
14290
17673
9161
20490
13545
16984
18113
10084
18461
11066
10323
18022
3875
13875
5817
4264
24622
7665
6557
16211
11260
21099
1928
6068
8674
4479
11411
7341
7699
1317
23917
23775
8482
4365
15207
20036
23073
3102
4344
16848
14889
9918
16148
16182
15454
23174
2231
23388
14994
18628
1597
9976
12917
13709
9697
20988
13920
5574
10368
4544
452
9732
16835
3190
19706
926
19522
13856
4970
23743
12412
19613
15563
16246
3068
776
2035
8871
10172
12568
24674
13940
1670
3398
22177
7710
7290
18452
21003
15483
17986
18625
24332
6635
8584
19119
5485
6880
22594
6586
10621
16461
8104
17387
23822
17259
1227
20024
6353
10415
1732
2495
8295
24955
6572
10878
9679
9894
21760
5218
13732
19788
707
22578
14767
18689
23335
24010
23928
1155
17422
12700
9999
21480
2295
9359
791
20582
4726
981
9162
15410
14930
4082
18929
5062
18694
12878
6839
18378
11002
12447
5894
19402
6558
18440
14677
13801
15780
16929
24917
19418
18731
15167
3926
2069
9303
10578
22649
17078
6197
15957
3704
3346
2106
13446
13887
8879
23649
21799
697
6259
3241
24684
20976
6787
7644
12353
16706
5487
12964
5429
24384
7581
17540
5481
8987
6663
812
22148
5686
6779
4308
13138
19966
20087
23309
24852
14868
19615
4632
7946
1718
18463
17968
20719
8363
22835
12191
16890
10925
22064
3379
23702
23593
19030
18301
13074
11871
12360
20984
24761
12967
8276
13536
2887
11530
3101
11171
17656
24239
17531
8979
12155
1410
10198
2560
2812
18274
17351
6228
15246
16311
24688
16675
10756
7875
5225
14993
1838
18709
6492
17558
15260
12108
15009
3915
9342
19226
22039
18179
5125
21400
5014
2926
10680
5636
2548
15198
8930
3955
708
10939
20436
13889
18931
8400
15738
5984
1363
12317
10113
7526
1866
805
6296
15862
16047
20195
6188
24650
21865
22529
22426
20874
5566
17698
4836
16126
22291
16935
11123
14782
7901
14117
18414
3098
13428
11702
18647
22994
2691
13410
2378
18060
10640
13463
16628
3620
2586
1699
16759
2537
3212
12003
4306
23898
11282
6263
24860
8330
5378
8698
12730
24715
15562
10006
19455
18343
17675
20323
17521
15421
19518
22184
15311
7222
14746
5877
13191
11530
6107
10760
24258
20413
17812
7319
5856
3423
2936
20117
5182
4264
4442
6393
11587
17145
5
370
11237
514
11394
11905
14847
9124
664
24031
6276
6240
11231
8937
15990
21858
20084
2311
913
4124
17004
14411
16495
9951
10793
14137
10197
21744
7497
17507
17837
17826
43
24923
5597
2651
6821
16188
17182
1081
18226
3552
24530
6388
9077
6713
5957
18490
10769
925
12295
6816
23812
17567
20409
20363
9625
4570
7184
20033
14501
384
11260
11943
11378
24616
16193
2113
1944
8176
11222
22670
11539
1641
6248
10011
19317
17365
12895
5753
11856
2542
9179
3966
7178
5664
18209
19088
10982
22406
7374
14969
9939
7122
17647
14400
19769
23185
16199
1618
10720
23561
5989
155
11694
8323
11811
6146
10281
17576
8348
24269
20302
13400
22958
2973
5702
11661
22297
2966
18458
19845
24775
2828
1183
21161
16808
7982
20805
4051
8449
6773
20955
5963
20073
22804
8153
24823
23181
12456
11813
17670
22348
19774
21664
11219
10849
9166
1186
23230
13208
10079
5954
3803
11634
11769
22359
16760
12419
1474
1213
1504
3190
5077
9039
11430
13822
1188
23619
24495
22220
21889
6410
15077
24843
12691
13943
3538
5785
14118
12899
22656
3383
21561
7138
3703
12147
13029
15363
21362
24834
631
11270
8283
8423
5192
11818
21004
967
14841
11234
20897
19656
9780
4782
4529
1309
12959
17989
16051
2537
15072
13373
4562
6645
8312
11165
6341
13069
4504
8554
24911
11009
22723
14576
14614
5513
17948
15404
8547
3762
23491
4870
22186
9288
5042
8111
3485
16988
2430
12963
22863
8501
12822
1242
20208
2698
20624
1578
21131
17525
5629
13781
7880
23747
14871
11566
23654
11268
11336
6369
5384
24059
18630
21297
3286
22956
15940
22037
13641
16840
14342
17578
9683
2301
14496
21524
3777
22911
15127
11260
16463
16533
4423
18527
16335
22583
24588
14058
7058
3664
17343
7038
10668
23147
3779
21875
7971
8822
18891
23668
11930
14544
21934
1815
9755
7736
2672
12563
5932
14587
20135
21905
23833
1621
10112
11020
22807
16718
24172
22442
4083
24072
8705
22530
1056
3531
3385
3940
24175
17216
4741
8942
24724
3277
16480
883
17427
5594
1708
14572
15215
5553
10499
16317
23651
8752
17951
29
8446
8733
23718
13180
23354
5238
2250
5190
8813
22028
17022
22668
9694
14589
1448
23698
12027
3076
7800
13971
6527
11514
24031
850
2584
19752
22307
966
14094
16487
15927
16689
23552
19745
11819
6627
84
15106
18137
9835
7285
11539
19568
17779
22234
9087
7235
5859
10110
10652
11698
1025
11400
12034
1121
19088
21922
24514
8554
2456
10143
7299
91
13488
19543
16272
9553
8941
5424
21248
23501
8187
23627
16193
3939
8892
1966
20565
16130
6025
4395
9316
15830
22439
9074
5434
18365
23227
3866
15385
23027
18179
9595
23127
1220
23847
5865
2916
21253
16032
24666
7431
9987
7615
8697
23507
1481
6665
6936
11754
1798
1305
9588
5037
20952
1261
8077
3544
21031
23922
6935
1513
4937
12923
11240
22315
22333
10615
4180
18700
12774
14776
20942
20978
24126
17941
2809
18931
13883
3785
11636
13069
7553
6818
2149
24032
16628
17676
5689
20869
5640
7129
2444
12041
3978
12052
11767
821
22927
1496
23555
22684
24073
14892
1268
9813
1384
13749
1186
20649
10941
6040
7844
5427
10622
19555
18110
21469
19426
13800
8574
4465
23246
18441
333
22325
8295
13003
8112
3241
4683
7839
4191
16706
15774
6875
8934
11704
16617
18284
24173
11959
3411
19451
10338
21904
12959
23379
12280
24344
21811
21249
10236
4250
17588
14674
18592
12745
16380
16648
4542
18393
13671
22670
6062
21543
5348
16776
11410
11382
5459
2976
24087
14660
16222
20565
2954
11045
16932
8235
2325
21230
8114
9505
20033
3897
24934
23159
19318
22399
20080
11539
15683
17785
585
15279
14883
7091
1189
18629
9034
23784
7616
18995
15514
21337
19161
10271
21847
15108
16464
16701
10279
62
11093
16847
5367
10784
12674
17974
18249
1018
24890
13568
3423
16015
12114
3786
14305
16070
15999
18648
16263
14373
6965
19798
15361
1639
19184
24101
11835
20696
22077
11525
19028
9256
11499
13239
9097
12975
19174
2870
2831
14591
23486
15968
7751
22859
22426
24784
11757
3280
1847
23151
19096
13090
15015
8565
748
36
24382
4098
4848
14570
9634
22036
10308
11060
20546
23242
24485
13500
19368
1698
15624
7475
15426
5930
4599
16268
566
22854
10501
18126
20559
5574
2886
16004
20201
12622
4743
20143
11870
5468
18572
7532
3494
3684
22832
24987
7657
653
12229
2929
12528
444
8784
8410
19201
19491
8805
6126
23116
3435
6064
7226
14985
682
3401
19969
13497
20843
20902
6935
12002
14378
5943
17381
23854
17750
22237
498
21100
8758
18468
18209
11417
10045
15367
23546
9440
10882
17676
20847
19593
39
23423
11468
15055
18094
24071
4892
6742
20709
9326
5121
21305
17536
5821
5338
19924
12957
18352
19240
13486
17692
7530
13605
274
6830
24033
21393
15857
621
21885
16074
9909
13095
22432
16750
24241
6265
23901
12589
2730
7212
12568
9261
20829
10849
15063
5300
18343
19357
17575
16359
17973
17445
5544
15623
23581
19526
14109
14548
17895
15525
16683
13201
13748
8674
10475
6852
7501
15114
1290
5575
3213
5126
13920
3212
10168
8253
14095
22966
5471
7424
2501
3269
14859
12313
8825
13357
8438
20392
14026
3238
4831
2444
12401
2395
7331
11493
24685
18036
23606
16959
14016
17730
21405
24338
12358
11319
13259
14447
22369
7262
23912
7749
13433
2020
20483
15727
12298
4100
22567
6962
13052
21774
22314
11031
14655
20660
24322
1033
17597
2573
17860
11899
19057
16613
11111
5585
21588
18081
7385
21687
22437
17173
17583
11650
6331
17993
5087
22017
1147
19928
24026
23202
1294
11503
10235
436
156
8142
1905
4430
22597
21846
10085
18266
18296
9961
15479
17455
6281
22646
12458
6671
3563
12745
21116
9283
20455
6794
11599
2568
19699
1629
18241
3082
6805
23890
14881
9829
11165
3154
10971
10766
24159
10221
13454
21038
15524
8728
20738
23617
15055
13050
24190
22658
15356
9360
2565
1158
15164
15203
5827
361
13528
1384
16893
20681
164
11741
11027
23860
10519
16887
18902
4563
17772
6537
1815
24093
21213
21803
12279
24330
4535
18210
18556
19654
10507
24409
7787
18086
15811
1244
13884
2489
4915
24651
2093
9092
17001
24367
16951
5028
9206
1531
19455
313
9177
20236
13624
22262
10978
6272
6416
3307
1814
2588
12239
21729
6946
1403
23853
5504
12422
2461
18069
21836
15629
22749
22219
1178
21707
3307
662
9992
2965
23888
11750
2031
758
6580
16933
16907
8437
21040
5002
14502
19698
3684
6235
886
20571
18295
10655
14720
10991
3996
49
14926
12884
2242
1394
20666
5432
5607
7891
5259
11504
3113
20640
6480
8935
17958
2308
15084
18910
105
10286
18024
790
23032
24847
9989
12737
7233
20723
20811
8592
9450
23461
14057
23093
3751
17201
12538
23757
13049
10820
24303
12534
11648
22268
17170
7153
19004
16566
23141
2228
12080
1513
4004
19833
5988
3534
17146
20367
3793
5897
5765
14703
21101
21208
17431
5661
2361
7853
738
12859
3267
20606
24379
15488
15513
8448
5595
6394
11134
10197
8697
13610
21955
24217
3905
1298
14154
18346
12172
19157
9342
22556
19175
6278
6717
14732
24184
13641
19013
16547
20324
2873
15349
24942
13678
6192
13011
3597
2866
3649
8177
3405
2823
18688
10497
21795
24941
10915
2945
14881
3178
643
17223
20202
13123
13888
11920
12990
1463
23710
13663
9298
6209
10486
9866
12486
24248
17530
1811
9695
349
17600
20320
16464
13008
4162
16472
20609
4507
18191
4362
16831
9329
12095
1167
21489
16504
4101
11484
8362
12864
8140
14218
20471
10986
1732
5082
20818
394
12803
159
3696
21517
21459
20242
18786
10630
14733
13317
24340
24271
16275
9053
20717
13427
11940
7524
11010
9837
12132
15221
21880
19047
2638
6792
7414
15138
1436
17896
20837
18731
19432
13771
479
8317
15666
16842
7204
8236
15580
4786
12134
24955
20290
3216
11967
15570
16189
18057
8901
23655
14794
24833
17488
23866
5294
23528
24709
16122
17080
12646
6880
264
23881
16828
17826
10844
14212
7297
20801
15738
8956
15973
10769
4316
20041
15873
13517
19492
2560
19674
20288
17
23751
5519
19172
3176
18040
15627
4220
16506
13467
10856
20128
10150
5862
22056
13804
24798
18168
13613
8569
16591
2340
1693
20067
16789
12552
15004
18661
10219
17096
22852
4086
21194
315
9359
22224
19443
8474
7547
16286
13430
19728
5906
6707
615
22257
4685
10787
21843
23950
2394
20997
14387
780
3190
17057
9538
19395
14426
1479
18026
3961
12415
24762
1990
4056
21665
19071
9483
274
281
5750
4772
3280
12080
21792
5138
8617
13174
6269
9039
22585
18672
12927
23704
15575
9451
881
21390
280
24543
5195
6639
3545
9181
10340
14758
20992
18488
19801
24308
3959
13599
10253
18100
9971
17881
17993
3397
18712
2808
13558
6787
16977
12373
21848
23800
21742
23596
1819
12844
11011
15393
12640
24891
4434
3311
6561
17750
4371
12243
13774
9314
8378
21905
24895
5303
11917
16632
19247
5419
15235
2902
23243
13572
572
10480
7731
10643
12636
23506
9779
2421
23871
2952
9912
24501
1616
20629
18250
19059
345
11585
23323
15011
19758
22315
19072
8712
12160
16416
10410
109
23097
18388
18362
1379
10462
5234
19138
4911
5744
11530
14829
1090
24853
1464
858
21203
7393
2165
20685
17559
17288
8639
19202
17864
23438
5100
24368
17798
4854
1175
23023
14211
604
9893
14506
2137
19028
6872
10628
10233
11161
448
15032
10757
1812
1169
15824
12175
3495
5120
19284
15270
9756
4886
11323
16728
17177
17610
17742
10520
5112
19186
19826
10261
19087
7557
3486
18030
11945
16380
13668
15227
1603
10066
8762
7283
18419
23900
21275
9958
1672
6997
14496
24865
9137
20412
16627
2215
1201
24664
18428
10305
12141
8813
6894
19817
8991
3519
24719
18351
19935
13676
21780
20773
17680
21605
18303
4668
1674
15620
7755
10010
22480
3347
13925
17228
14065
10983
18962
6484
10955
15422
3175
22933
1168
14320
2347
23262
8320
10458
1565
7731
6341
23876
9027
10878
3761
20496
24992
7811
15240
13965
21980
13259
22927
11696
15121
5168
7735
22073
761
11025
2460
22444
281
10836
2043
10839
17527
20519
11390
126
13865
15693
893
9932
5987
13937
12074
15649
13754
15910
21511
24943
22876
9100
14895
2125
6236
24713
16247
2366
10373
2862
13803
17329
12683
8685
20080
13223
6593
12251
24153
20950
8884
21962
4675
13652
4622
8926
18042
10578
16877
12277
16629
18986
4129
22443
17644
2529
16333
1006
2438
6015
11980
13961
10479
22450
24445
1169
1298
4146
13353
6921
4541
23932
12549
3347
10958
831
24058
23627
5317
4699
5513
14371
21537
7600
15379
519
6580
8334
24193
20082
21442
16094
7942
97
9028
22081
23523
15341
989
14184
16286
5131
14175
4383
3213
12496
1748
9483
14199
4719
11743
4518
22270
9857
23858
4335
24110
7019
17051
10178
1370
11988
1271
3609
17533
6921
9100
560
4665
15564
19290
9902
22647
12042
884
12062
13752
12449
6207
18282
23558
11924
14161
5931
9371
14541
8209
23974
2829
18863
15022
3715
21438
20214
17910
23900
11913
14439
13409
9411
42
17482
7443
18347
12803
15160
20607
5093
19674
2696
5951
16822
24590
22261
9664
13906
11852
23416
1806
19802
23630
18654
7188
2296
22458
17685
24610
5999
6241
11324
356
14618
1274
24476
22169
17460
19620
18527
1460
10428
15534
19921
18761
12920
15499
24319
16530
23750
14446
24690
95
3836
19787
15652
13221
11357
7114
1986
8956
22014
15977
7928
23309
4725
24744
14168
10444
17892
2600
24700
9998
18834
10746
1893
12743
11399
1002
15563
3546
15164
22022
6824
39
19305
20475
8372
8316
14355
12138
9805
2688
8275
24158
10897
24812
14515
11471
9515
2747
4571
10361
378
24088
14183
13740
588
7462
16107
16531
4393
20543
12782
14246
22522
9806
6796
12572
13243
1127
4584
20551
17882
15518
6582
14148
5670
21422
22923
6963
9742
2486
10808
8275
11045
7590
6109
18298
15202
14271
24654
9197
13163
14502
5353
70
24833
10226
1777
6392
321
11087
22379
22894
9724
6105
853
14098
24348
3626
23104
8356
543
6384
10311
6500
7699
16278
18401
23249
1633
19593
3778
18787
5587
16115
15513
6070
8079
11096
19693
21656
3349
15703
11516
15766
4537
24000
23407
3145
484
11939
13910
18817
143
3109
13899
21879
16271
17584
11775
16033
16314
12653
17034
10310
5304
1249
8835
12575
8822
15846
20399
15006
18576
15677
21071
2119
7790
6549
3458
24044
20990
781
23373
11439
21753
23613
22548
3162
24352
19505
20918
1875
10092
5231
21055
9299
3592
3557
16701
6202
20580
17820
22332
5107
7017
5696
8963
19004
13397
13450
7712
5660
639
9654
22932
12701
16533
5176
14751
24131
20544
6901
27
6037
14276
22557
4609
13108
5866
17231
9350
10024
6680
19666
11930
6898
11163
20127
1159
6942
22745
4880
647
20319
11742
8651
4899
22255
10960
3671
760
1225
17132
893
18607
23823
8503
17461
22871
19169
15979
15206
1510
11561
22378
21156
9138
13440
8816
4608
673
24477
18979
11356
20247
24583
16579
15371
19495
16194
13961
20130
10639
1534
12013
11525
18427
3003
19662
2667
16267
11034
24589
20897
20531
24288
10908
9503
11894
5532
13106
7610
24218
11204
19187
7827
24365
24353
16111
21894
10150
3062
1116
22936
3011
2776
22111
8355
17405
16744
17548
6170
690
2985
12407
7014
6906
243
10237
22099
5232
13051
19951
20299
21890
19176
24691
20593
5612
17836
9245
15381
12780
1059
2458
15313
3688
16060
12540
262
14220
17503
9904
12048
22812
18147
15468
6176
3559
2720
10501
545
14275
21434
19175
11755
470
19736
11870
18678
20532
18233
12745
13926
6508
22457
13853
15606
18347
9449
16439
9047
894
36
22549
6606
14442
13105
20762
23556
15216
13853
22964
3482
16516
10474
11144
16919
21610
10319
20046
21871
3321
15581
15249
5986
14458
7107
5080
881
16414
5371
18844
3507
6495
18089
13163
19394
18227
4746
13548
8342
15991
15470
8344
23054
15423
16294
24493
10578
16938
10694
4460
11573
14099
647
8373
19590
17929
14792
20989
2278
5599
10532
24933
20998
19557
21751
9224
15678
16872
4501
23800
153
20817
6391
10160
13783
22494
19569
5513
4821
19795
21834
13158
21652
14309
19133
18860
1893
14969
3209
3649
18181
12395
15378
16513
1464
24757
18850
24629
10798
9181
16935
5439
14653
16578
13959
4183
4787
12087
19969
21634
12843
19351
501
18581
12629
2921
14389
11501
3023
10653
6510
19063
17226
24647
9564
4939
14092
557
12263
15930
14095
4051
5045
3570
24739
6882
16357
17612
2928
17579
7648
10486
17409
22752
16572
15735
8553
12515
19993
20657
1044
60
645
3269
2667
10145
10050
12484
18815
4605
23491
4705
7493
21721
9571
6484
16774
17615
11296
13165
20853
1114
18933
8875
23189
16089
3240
263
6746
7993
11741
18828
11752
12238
7183
21473
7008
16650
3759
5524
23665
18367
2515
14091
12224
8969
12099
21324
514
7809
4063
6402
16530
6228
17304
4499
24082
16826
24539
7311
9750
20620
18879
16625
5728
6023
22400
22367
24337
14784
10366
19900
9800
16194
11917
23928
4557
4535
5002
2445
20235
1371
22516
24644
3118
17075
20076
24225
16364
4964
11794
9292
14684
4502
21662
21198
970
3966
9018
8055
10719
13996
22274
16784
4979
1025
7250
7320
2562
12913
9590
1520
5940
3012
4942
13323
628
20574
16617
13048
4064
6151
20741
4
19550
621
12155
24070
22977
16111
18066
11518
8762
21054
22068
24496
3249
681
18126
22261
9907
11509
10254
12900
8861
15055
3841
7993
1895
2180
16313
14622
12518
18409
17740
23092
13243
11399
23666
2395
18627
1874
2588
14705
5138
23034
10514
15593
22485
3010
1136
3822
13134
20561
10682
9661
17231
21433
12958
7658
18890
6819
20272
21118
2190
14332
21435
15249
2018
14568
1970
23752
11514
15597
24041
21208
11873
18183
2264
15003
6662
9049
4453
19917
14161
21905
5251
4620
11883
23446
22555
1312
13960
2527
17511
20104
21198
14978
2550
7098
21891
16994
1607
14031
2722
13824
3099
24697
21545
1539
15930
16507
21168
17045
12297
22454
5840
4828
774
21580
881
11757
23802
15871
11568
22863
5093
9767
23401
1131
1102
13699
4256
1350
18443
11512
9031
12298
15122
20281
21813
8155
18260
13278
12982
23851
16807
3504
19559
9132
3003
18174
10868
24459
7842
4619
6192
22631
6047
16099
19065
16839
18548
3394
8614
8871
1539
4404
2347
17160
614
24584
4964
16015
17908
2486
7204
2091
12880
20775
23503
16182
9343
12240
20012
10776
354
24765
23194
5505
10925
2705
6136
4934
16754
3742
10774
6323
3444
5152
21798
5216
18116
11389
4388
1415
24181
14472
9645
24137
15457
9667
19078
14627
6560
23615
6701
8270
23043
5164
6851
257
24605
24332
3263
15238
22150
1183
6598
22723
22029
3538
20463
513
7379
11936
8560
19470
14340
18333
12651
9373
16879
3255
7090
14495
6844
19265
10864
4921
23053
16485
19121
15042
19977
13950
4734
24888
19835
24965
13568
21121
1591
9957
13111
17668
9368
19575
6060
11308
11380
17499
2676
6294
11953
15399
24515
11920
11603
18631
21764
2774
23781
12817
565
6028
23848
23396
7146
1270
9737
22193
4298
11901
12165
7754
19153
12542
2441
20434
10833
19306
1011
19217
16355
1908
5864
16300
24159
18919
11249
20234
6439
24868
2426
24141
9758
14501
24054
6686
15179
24950
837
15543
13402
15506
1045
4473
10130
12576
20016
4256
15449
5129
15976
4639
6378
19885
8054
23167
4003
13389
8622
4919
5813
14645
24341
22423
8062
23606
11731
6688
23977
7133
1279
1626
20324
19820
15432
2724
21158
24174
11364
5974
22317
11882
16975
14851
7758
21570
24633
13308
1247
13883
14926
18775
22226
10762
8557
20619
24912
1727
14887
16675
1897
24430
24503
6459
579
19439
2459
1510
610
10157
23418
20602
23255
13213
9402
9060
23802
18388
6177
15590
15388
17405
1894
11598
24834
5607
7121
12326
22511
9995
5818
22804
8729
21462
2093
3915
5025
22864
12228
8946
668
24343
19489
23120
21212
22228
17122
6912
5372
9357
14034
17658
15609
1994
16094
6506
1248
19730
350
19052
15314
17201
2565
23363
23515
3637
22271
17057
21014
10634
13567
10318
6274
21665
20
2696
10433
6203
21301
20927
11111
13520
5535
21816
2576
16655
22640
8011
3868
3368
20333
23161
2576
10695
21774
21100
12957
10185
4540
8604
9683
15669
15217
19268
9064
12526
5780
5393
12264
2526
2730
84
11267
19907
10577
6381
7093
8920
12859
10305
1231
18498
11249
3255
18200
233
11450
16535
10975
9866
22064
1982
23508
4859
22715
19699
15153
12330
20899
6394
4400
15180
21471
21206
7051
2888
13651
20628
22431
17515
2558
9573
8910
11123
19093
12667
21567
21852
3369
23489
785
20233
2181
9909
21090
16022
318
17152
12943
22862
3741
5805
13480
5510
8049
19565
17314
10368
5393
10398
16979
903
4061
11470
13210
24216
15272
5671
18047
15657
9233
3767
19147
23016
23080
8360
20836
599
20594
10899
2704
24583
18362
12409
13338
16566
3023
1086
91
6297
8012
6245
23760
21153
14956
514
1046
24188
9752
1674
3962
5666
3734
18557
19281
16291
7717
11015
2401
4993
502
4726
21190
8868
6934
2702
17244
20517
12206
5978
15721
8663
24119
8910
4915
17026
2128
23891
5456
9485
15575
9566
13652
12447
15706
13002
16386
9327
20664
19146
15176
20832
13514
21847
16189
20331
3349
6161
22962
9587
21685
23104
19781
11230
7339
20777
7698
16532
5854
6913
6283
3036
12965
12008
18878
12274
11890
10042
7138
4685
4231
9532
9512
14532
14784
22466
19712
13811
22442
5424
17419
13411
22027
19983
14076
1715
8045
8550
21808
3011
17240
11793
1265
1169
5755
213
19478
9588
15105
20614
7948
2153
17527
15202
18197
1632
6209
17477
14998
10346
18977
16650
319
8381
21927
11218
11402
14203
9318
16779
3188
14460
23412
4157
9425
22591
12940
16582
24166
20365
18131
21927
6195
9587
6346
21721
20308
23844
23451
17546
24271
17778
16592
23440
23081
2878
24655
4955
18932
22982
23231
16488
24141
14896
3067
22124
10724
5576
6869
14932
14565
1704
24441
24907
6756
21502
13226
10468
4518
6243
11140
24214
11927
9145
14694
17714
17894
890
2533
15920
19969
9787
23814
4023
12112
5173
11237
16343
4186
1108
21465
13955
6642
4229
55
12813
2558
2145
18012
16271
21245
24368
10492
14456
139
22915
14372
4737
21665
17181
1791
17511
3074
14558
7027
20826
6236
16015
12279
12738
7377
19111
16737
16917
5566
5148
13295
11114
15349
24370
8730
8489
18413
11269
8145
7798
19080
24130
10932
13112
22723
8914
4980
406
12434
19560
12331
4189
721
5616
16260
12054
11225
22036
19168
12237
4973
2917
16167
3475
24914
10214
24271
3169
16365
12528
11618
7672
19331
12636
14729
5246
1350
13094
17608
22871
463
16708
14227
12486
8435
20193
802
8425
13712
8093
24811
14379
21064
18845
10184
20187
3130
15079
9201
10572
9817
2074
13084
23758
19130
8673
15461
24079
7352
5080
3687
11365
8626
497
16457
22204
10408
20947
13463
22012
22093
10883
9112
17547
16433
14863
12572
1461
3291
2130
6777
6292
10115
23221
7508
1349
11995
13273
5699
19146
2835
11123
19987
11087
23907
3690
20277
4829
10697
3562
15639
13021
10806
18086
4506
1098
12868
5838
16571
16641
20191
9190
7721
18396
2103
24204
7188
3071
4696
9867
19721
21682
23788
3981
4328
631
22714
8377
4653
8798
11840
20640
7873
3874
4035
18053
20865
6706
2032
9540
14170
18196
4071
4326
12675
12497
23592
14557
16768
12379
12439
3990
21233
17368
8037
21136
19753
3495
8506
404
24869
19575
12420
9102
12268
2710
5232
17074
18390
14642
23542
20260
16643
23941
23549
10920
11602
17463
3724
4327
22899
4549
23432
11035
18904
11028
17512
23098
21768
639
20921
19249
18191
17413
9546
1176
959
15685
3038
20445
6817
23076
7892
5305
1692
20032
24708
19086
21928
178
6650
14958
6340
6344
13716
4029
24072
5129
6338
10514
20998
12514
21500
20850
17387
350
4805
1911
22892
5925
10045
4029
14877
4708
3823
15762
7696
17612
24207
15023
11880
3545
521
17832
24101
10147
10260
13574
5761
9286
15887
24394
20680
5542
4628
16232
5358
12331
9370
594
12601
9824
2310
5116
14199
22194
2389
17577
6826
14030
3376
16187
12206
2650
10465
15347
3554
23434
7974
6251
24472
2099
19446
21005
22231
273
21661
10332
17636
14384
12874
247
6626
4265
17832
1616
20520
22266
19627
439
18741
19826
8523
20437
19546
19785
7149
1161
8016
17010
8814
4748
7555
11283
22114
22985
8491
20706
10905
2966
12248
21206
24795
9969
15256
16346
4753
3005
24258
16992
12099
21371
14169
8858
2305
4678
10075
24200
7970
14730
2239
13872
24716
6753
3719
12362
8322
5833
6303
970
4282
2010
18929
2711
11335
11957
3119
11175
20780
11869
10846
19690
1137
16995
8546
23073
9791
20025
9031
15316
23322
6640
20178
5254
14100
17335
13537
20158
16090
16759
17038
9980
21735
23794
20205
15449
4222
10729
15520
4335
15652
20550
23999
8936
19774
21562
21984
13786
5655
16812
5021
6419
14020
2985
3659
6800
6968
22646
7547
15869
16430
12334
20885
15990
2740
21136
14400
3687
14691
6936
11381
5690
9795
5574
3900
9567
5655
13879
4360
7051
11711
5681
4670
9312
8787
15112
20770
19903
4535
16857
24252
374
24429
6513
9528
8780
21895
19126
4177
14594
17074
24918
12825
14476
7317
12396
17162
14600
14168
4229
7256
3800
18478
2034
7675
15677
20477
24799
11859
4037
555
4532
16455
19272
7721
16011
18459
20573
18538
2544
18746
7115
5693
9895
12798
17166
16948
6910
9884
9567
20712
15935
17355
2569
13776
8990
14491
19613
11094
12094
22111
21806
22330
13161
11788
10344
18478
16813
1167
23203
15012
3040
11816
22710
14293
2406
4683
3568
19868
15983
7241
8627
23329
16555
332
19377
2980
16599
9760
14457
8789
16282
1198
20931
24470
21373
10596
23754
3243
11165
13401
21698
22131
10320
10296
20092
11241
12745
2701
3404
16907
15822
16426
22478
20944
24862
6699
12481
24607
7002
14013
3572
5852
876
17449
16327
1542
14807
449
6399
9578
12120
4167
14925
17793
5114
1906
1674
17281
4187
8124
10441
2687
4448
20108
6678
1615
3827
5516
18180
23694
1864
17427
14526
4552
18993
13405
1578
12778
4017
14700
6572
10297
7119
10205
1609
2882
12697
16903
16704
14356
9851
17798
22194
7343
16520
3194
18803
13256
19177
4380
7843
22048
14940
16037
18632
12495
8102
10737
1197
8279
9372
21621
16135
4838
17308
8477
24454
6731
10234
16221
11757
11141
16987
21189
12652
9536
5484
22313
18266
16452
17821
8778
7912
16066
5601
21524
848
6106
24105
15473
14803
24126
48
21418
5216
13047
2322
15522
11582
19254
1886
15580
24446
8348
12629
7644
14591
1309
12837
22459
8218
13200
21545
11907
17224
9194
21851
12042
6406
697
21131
6804
23744
8247
16807
24029
9147
24115
8500
12708
24498
4046
11103
17648
22092
3672
24486
9860
18320
23173
2187
21091
18165
14730
24079
20854
12691
11767
4729
14248
9617
24742
9008
9709
5359
12069
15704
16484
18697
14843
1190
24039
16645
22449
6385
17279
4542
9987
13024
725
12465
13303
8624
56
11497
1119
19519
6573
16622
5767
11281
18504
24097
23245
20070
397
10318
20597
15880
6154
6802
10940
9318
18870
7328
15298
14373
8696
14430
7313
15061
22207
16486
5791
363
6842
5443
24004
9961
11695
20521
6744
19868
21194
17876
19583
11175
3499
7642
11021
6064
2143
13048
21405
6156
24794
18952
22527
17632
617
2968
6571
5708
22104
22318
5306
7557
1993
16535
20016
18739
12180
13184
3329
4445
14114
21532
22435
21403
23538
2600
793
1819
12776
12011
14179
7103
21854
19907
1020
11860
12231
9754
14217
14668
5126
18550
5000
17188
11073
11265
16627
3322
8695
24035
16441
19178
19266
7747
18992
8725
11178
5221
7053
8986
18245
22459
10596
18530
4774
21894
24328
22745
24863
24776
22995
15434
23549
19117
1349
18351
12967
21303
2057
979
12687
17603
7545
1597
15000
17157
7292
5588
4357
24273
15926
11120
23470
21988
8010
21973
3496
5553
16824
24895
20179
16362
2168
13050
9233
24158
9711
16515
23668
23778
19461
22981
17935
9695
22016
9175
3531
13337
15064
23154
20547
5018
10669
19885
9738
4416
22558
18818
21324
2580
14723
21562
21518
9154
6170
3843
6398
14762
9524
2974
19004
6700
5863
11613
20119
18335
11301
1562
10902
2181
21500
22984
12561
16163
3056
4955
9714
15272
9966
21551
15707
97
21946
4901
22229
24601
16959
7131
14130
17180
5711
5930
8574
6693
2794
16459
24792
17130
18804
16325
5642
13144
15946
23459
17723
5803
15322
14945
13863
14225
19501
3281
4576
17328
21156
18793
8405
9047
2190
19271
14791
2005
7271
248
9502
19206
8748
7949
4068
15565
6305
20321
16679
11856
5804
7941
21162
10345
3098
5419
12661
20477
8926
4705
3322
1323
11951
19267
3382
14818
5825
14133
7925
23712
9941
5110
19560
5633
17552
18670
14373
20787
6129
15522
17266
21472
8489
11019
22502
2001
16327
11366
15578
23116
16353
11717
23175
18790
13317
18026
1408
22511
15152
941
8052
18407
22430
18281
19453
11109
250
14790
4454
22597
22912
11008
433
21412
14834
11866
22664
8452
12434
3385
8456
22105
8444
10808
5612
3607
6057
2688
2746
5138
7696
23227
2100
9813
16238
7753
18093
2435
17992
22147
15096
22943
7963
20383
20760
932
12576
14832
13404
6574
7340
15027
4783
2217
15438
567
18414
23342
4317
10009
9373
9502
11657
16990
376
5584
21909
3369
12599
20232
19640
8423
4172
1023
7158
18528
2526
1986
15502
15537
3125
21895
20039
4401
3138
20324
19560
2894
756
11498
5532
22476
11166
17678
4003
20074
6594
7838
5584
5960
23158
7818
9743
22939
20590
24750
6306
17
22235
17360
24056
14543
14959
7960
7116
1340
3065
20473
17618
13521
22280
24503
3519
4894
3556
16288
16765
19101
1990
24439
10229
19361
6363
15389
16042
8102
13402
20035
14836
23671
24988
15935
21979
2816
8802
8249
13789
8487
22783
9380
24889
7408
15886
8918
11705
4909
24733
7774
1509
14649
8567
21469
16808
21094
18176
11968
22110
4340
10308
1849
20901
4534
15710
17493
12684
22613
15368
14573
11898
17289
20514
21949
16867
17150
19625
17692
19275
15884
18119
13075
15677
22612
1345
2897
24218
16116
13654
20354
12499
8271
14336
22249
22326
7781
23306
22853
13637
6932
17683
8393
20211
13601
18969
3889
1951
9569
6581
556
21657
22241
21365
14905
15301
11885
3704
2878
10696
8525
17488
19754
4691
18457
17362
22714
16955
4220
18293
5156
22044
19653
4573
3582
15036
4772
16898
1707
2052
23397
24803
5282
1007
15997
24935
15232
15111
7415
20627
19844
9941
7423
12005
22890
14022
18734
19588
22363
22773
11206
23960
1665
5916
15018
24812
24120
16279
23607
11121
47
15278
16189
24508
6997
18177
11823
23087
12435
2566
12599
5542
15715
22861
5746
24444
12520
24668
24844
16053
3096
17414
15717
12341
10355
915
3298
75
6616
9608
13116
17283
17256
8532
23443
22546
20223
3261
2335
11780
10336
7676
8582
1298
11455
12095
4439
18251
1776
9425
18048
23972
16728
18145
24242
14751
18076
6317
8018
3448
20616
17082
10859
11967
18874
16183
8041
10624
5964
20671
3948
11142
11735
24102
4456
17778
7885
24987
23924
4861
12112
5764
2842
17044
5547
19284
9470
10950
10859
11152
15013
16111
12006
7929
8809
18666
13681
14181
8470
20859
12407
15818
9748
23096
2184
6497
19581
1936
23687
7140
18902
14927
7270
15265
9311
19286
22970
3645
8355
18491
21001
7944
11745
18753
8391
650
17630
5233
24355
18368
16234
6874
9356
10010
8120
18477
8630
8128
1423
22816
23038
18234
22048
16200
3665
18294
217
22976
24964
18768
12385
4547
1142
18499
16372
21026
13925
17391
3555
7033
10496
12736
6597
786
19433
1497
13230
22264
11750
14992
15528
12238
22485
17307
14979
10394
14617
13367
13178
11302
9307
12228
516
17167
12469
18831
6106
12945
14571
19128
10232
3001
7931
17210
2657
3398
14474
14604
9921
7633
19348
2436
6347
22259
24358
7866
4149
17820
16264
16949
9422
3742
5815
12642
10623
13114
7221
17678
14164
22366
8836
717
4985
82
3264
8570
23849
8725
18838
23615
17625
8017
13795
11108
2852
10502
24298
5751
12030
22477
18038
9638
6141
6455
14655
181
2621
6354
24590
6940
15427
14430
8216
252
17012
5263
17573
20583
4142
3551
14796
11704
9271
21347
4908
22878
10275
20325
8191
13245
13461
15834
23313
17572
20992
19412
6991
23053
431
11202
23957
16038
19583
24170
24712
273
5551
21049
3149
13559
11770
8714
12492
13831
9632
21981
1466
22097
24150
6734
2111
10747
17241
6203
17070
23217
14297
23427
21667
4506
4186
5661
8210
14436
17128
5940
11118
15352
24515
16882
1139
20094
10383
996
10134
19014
13603
8281
12554
9895
17386
8107
351
4959
6342
6203
9408
2400
4293
11054
17287
9801
2848
12673
5537
9424
16598
5283
4610
7210
16311
14584
24619
9909
23545
17295
311
13420
8561
10154
11734
13436
12473
21241
13231
16636
4004
12033
7768
3332
14127
2477
13163
11646
18094
22260
2864
21539
2888
23432
24373
20815
13943
21623
22255
16866
23261
21389
14353
19978
8055
22112
23228
3238
1965
9333
2908
3387
118
18460
16172
16592
18209
5864
15244
12899
17270
8828
9144
24246
14176
9667
9693
15117
17878
23624
6969
16115
2947
225
6505
16748
24315
7020
6837
192
23287
17517
10893
4512
8095
22189
17828
13701
16372
21074
18602
21309
20429
21679
11581
8538
13110
1794
5742
21059
2385
14932
8230
9141
12838
8427
24447
21386
13700
20552
3418
9263
17488
5516
6754
3583
11130
20196
23121
14295
4794
5817
21848
16368
8992
8179
10700
10143
8064
12454
3252
2077
18622
18704
17537
24281
14930
3118
1988
15337
21016
17839
3477
16737
23608
11405
6906
3951
2546
11014
2314
19424
16630
11681
22316
17188
20436
6258
16886
14416
22545
18703
8479
24641
20926
19258
11893
17647
16520
24309
6635
17315
24746
17683
6422
5251
20053
16842
20055
6354
13047
17914
7500
13628
9607
7424
4446
2315
20560
22004
13497
20681
4032
15616
2654
18857
8272
23549
24294
13480
6644
3498
11584
7783
16924
16398
1523
24724
9702
17349
24885
21020
1388
15530
5884
19308
914
15224
20801
20283
21000
5448
9998
21042
3666
16551
1893
6952
15336
19526
19643
4920
17634
287
15630
16449
11245
22023
8274
310
618
15796
4111
8842
4011
21598
1013
15860
14676
8380
5696
23694
126
3100
2183
17649
13104
8427
11325
10790
802
102
23673
2523
4242
16853
4627
7066
13564
6457
7943
11901
3763
20085
4250
4856
14552
20361
5844
4925
21867
19339
8059
21304
23849
24924
3485
1216
5315
1394
20700
23290
22626
18730
13405
22359
5043
23463
6761
1227
4038
12462
7470
8788
5117
161
5546
21160
8429
16610
15618
445
16780
3193
8142
23304
18327
6667
10042
24729
467
1283
14287
15371
8688
23751
16858
7976
4613
509
7831
2330
4994
7568
13629
24503
3758
10368
12753
11094
4450
16939
7946
20042
13074
4373
22202
15564
8186
16508
5952
20928
4308
22235
21110
24436
11239
12011
17079
9729
6998
3386
22878
19833
6551
18163
15629
1678
4091
5624
12051
17324
5791
24245
7460
11318
8078
20279
10611
20754
14274
5063
21510
20747
10162
16284
21976
10816
20288
10183
7547
22376
21633
18805
19744
511
9165
21408
6456
9242
2697
8245
11917
16349
21553
17916
1900
5645
19462
13042
23854
909
23738
11368
8351
4659
17983
7834
10373
13677
22888
3571
16204
11977
20989
9470
21913
193
4636
1995
14091
19198
23648
584
11934
2597
8062
12393
23388
20113
665
6460
7392
21588
2127
18457
9777
10397
11667
20199
14483
18388
15434
1104
3769
21918
10283
23603
18694
21185
3316
17835
19455
19814
20482
12591
10017
18269
13162
18220
14845
24792
17765
18940
7712
22831
21769
2145
10021
1993
17956
6450
11059
19574
9642
6838
2674
23998
3741
22960
14931
3135
4713
23877
13745
18226
5256
2777
1904
14398
12848
4324
24825
7641
10523
14643
17514
21446
22673
6298
24359
22662
22128
17646
2856
12192
11337
19244
7259
12157
925
12907
7551
4264
12757
22432
1262
20379
2175
15616
15831
19304
17003
19879
12367
6136
23157
15314
413
8512
6582
2807
4867
21817
4883
14676
15720
3290
19455
18213
10678
12275
23927
13338
2469
21633
4196
7480
24603
4501
4884
21679
22991
17889
14394
775
20553
18654
9262
9054
17466
20041
15982
8348
12924
23507
12776
21721
20555
21623
7217
7451
8833
20223
23674
785
4920
21358
3881
12830
9145
7233
3815
6401
15075
7903
8801
18612
3668
23400
7959
15660
4074
10019
13098
9950
20016
15994
4945
15516
11121
21462
16548
10444
9358
19821
23680
8038
5595
24700
8063
14535
23382
17969
24202
19549
7750
14266
13603
16768
16658
11944
23584
19818
13569
17135
24737
19939
20350
3200
23074
12121
23004
21060
930
5263
20006
7055
21274
11052
9063
15899
20502
7193
1635
4641
4296
15780
7672
8371
10901
14987
19512
19747
10561
24686
791
21867
9179
18915
11272
19914
13033
383
23408
21019
498
4384
2240
20204
24867
8803
8650
16461
987
4398
10992
6473
16271
8265
19139
212
10296
14478
5581
8155
2717
10894
3922
2134
9077
16226
12207
8282
13531
2122
9692
14232
20393
13097
21859
21531
6742
17526
17488
20775
7861
24092
17044
10472
5085
18451
23249
1833
16786
17761
19026
8986
19808
19223
10036
23056
13869
15865
15406
8994
24039
5561
15070
22415
10315
15793
23601
10824
13273
21478
4914
16443
21021
5166
3335
1715
15193
13092
12070
18184
7816
16317
18213
10778
6203
3611
23962
21489
6720
15029
9490
24648
24093
24766
16460
16420
17445
14573
9489
5304
24982
17617
19705
20063
13040
16745
16083
7016
7554
2693
19035
21646
397
23083
8667
5463
24505
15645
16755
12397
5201
6984
13852
24403
1385
6094
14701
23358
11363
15954
21331
7503
15232
17581
20916
1044
10079
6532
13555
22636
2085
9461
2524
23635
23611
6367
21076
8546
9735
12367
4458
19292
24616
13913
4486
18176
23580
20619
12362
6009
489
8892
20019
15347
24629
7062
21658
8656
8669
2796
16311
15504
21452
2534
24971
6420
17723
4413
23913
10479
23932
24526
21597
22366
23279
21383
19954
5171
18568
2470
17803
21792
22450
2094
12871
20731
11734
9270
15939
24033
4452
22670
8426
12186
24252
3112
22023
9306
15064
17832
60
18832
23449
20219
11557
9914
14776
4253
21836
12635
16586
7297
3698
22950
10917
18333
23697
8718
7324
7126
18817
5783
21881
9163
20714
1390
8714
17013
8522
1452
22395
16322
5736
17651
5682
7730
11131
4483
3497
6304
472
18238
12337
5688
17042
2367
7087
22441
19958
18548
20466
14225
231
17746
13058
18535
13546
20692
6226
3443
24928
10226
16881
4627
5555
23265
589
21462
1606
17057
3474
6964
12326
16229
255
13869
12110
4997
16705
4561
14584
3165
4152
9599
3249
8039
17153
14145
12854
10316
16625
13782
10297
21977
24878
19345
19551
23130
7974
19648
18943
23883
10839
16111
2461
3526
14088
19144
1577
4252
17612
2826
16887
21167
5251
3572
22937
10623
22158
15575
20827
21442
541
8066
7197
6188
2590
7421
12353
9403
20600
182
2893
15211
22277
16392
9776
20474
13527
6053
20252
19858
17239
3986
15491
1026
10365
9179
1867
10191
12448
10176
17977
6448
23018
14734
20039
3382
15073
21776
24751
7462
21647
4040
18882
910
813
4666
4488
23555
8367
10718
15438
1687
22684
19788
23636
17577
1977
15115
4814
19384
10244
17961
6344
23458
23190
925
10265
9302
16640
14424
22914
5969
21406
23095
20612
23367
21730
23836
13692
20577
11611
14503
23624
10958
5433
5634
24747
14679
5037
18040
4041
16200
4480
24666
10147
15467
5377
2189
1632
4477
4825
8353
22200
4161
11740
23852
729
23551
15331
4363
6344
24228
19498
20544
16024
6543
23691
6259
9300
3875
6521
16058
20250
21819
8145
19663
10684
17557
1631
6950
18120
20645
6258
21136
14454
14752
5888
1559
21269
3237
21775
5762
23277
12040
10153
13845
8272
13846
24601
6349
13927
17669
23958
4884
3243
9532
13627
794
3537
5380
3077
16148
5162
16708
7771
14496
14501
19201
15956
24395
9493
4260
21287
17340
98
18283
12017
13027
12796
9234
1567
23240
13324
5862
4798
17780
17770
22382
22198
23249
14352
22090
7682
3638
19408
18291
13345
20993
11074
13478
20104
15387
13118
20682
21174
18235
8412
18726
3725
728
22104
17110
2375
2967
1462
15571
20636
11774
18403
20857
17718
7732
13320
7394
21196
19988
14545
11096
5039
16137
22652
8456
5171
11935
21204
17777
14514
24942
11101
10063
12676
7694
6492
17991
15918
11379
11982
5299
18417
8533
23545
10777
15724
6609
16353
441
309
1983
1062
6567
17969
24844
11253
9591
15136
21632
15742
14062
21388
5118
22085
6951
1182
5291
17754
9091
8826
10092
20331
8511
1086
19769
17898
21408
23580
22986
20052
14158
14558
16833
12631
12641
18192
17124
175
16257
24149
19528
8063
22381
24932
21419
13691
23661
17437
14603
12274
8844
21105
23636
18302
4388
23454
14153
16097
4366
15035
4098
22587
5255
17424
12484
13925
22354
22987
4152
14983
4787
8708
2283
6243
14072
20124
19681
488
24711
4414
19992
1898
9208
2162
24454
18987
13538
22462
1925
4079
4601
5996
11486
20823
24671
3607
19090
15070
5551
7605
13276
23815
4903
7477
22
23256
6137
2099
563
754
16817
6974
4118
5391
10017
9966
21862
23709
20694
22167
11549
8860
21907
13554
22677
23795
21646
18703
20717
10950
898
20790
7578
17220
3793
3241
21440
1023
19121
19163
1246
2161
13225
24293
21893
10996
4063
12369
21093
10616
4036
15038
24357
12398
9773
5837
2862
10565
1418
10726
8043
7522
22146
21573
779
5792
14822
6788
3143
9337
4171
2867
5855
4797
2153
4181
16066
2129
24717
6491
1322
19472
3368
10119
10078
3680
16442
2528
7946
18195
10190
11795
19197
9803
2151
17749
3276
13188
17219
22500
23488
23498
11023
10234
7001
23109
12031
13545
24504
8091
11655
21696
8916
2600
16189
21332
5665
5890
3222
8148
23877
21157
13393
701
5092
6799
22920
7799
10928
20201
14380
9343
7009
7627
5398
4529
11573
16509
7163
17799
9055
9093
1508
22999
5245
18007
17744
11607
24763
13553
11650
5724
1763
698
7721
6969
17062
4400
10939
20326
6338
18110
17534
12600
12576
21715
8849
187
8587
3245
3953
16187
23915
7687
7491
15122
12058
2752
15594
7727
17797
16593
8944
7861
3016
21117
9262
231
18551
12811
20333
16067
3683
1396
8090
21732
4261
21791
13165
10061
11916
4946
15088
19468
4125
13438
21862
4211
15158
18326
3672
7072
24246
11828
122
4428
4736
12030
8374
11076
2412
8620
2967
18705
13223
9638
6674
23928
21167
835
20327
11770
22776
20003
708
2348
17565
21720
21065
15806
14312
5371
10468
22799
17513
13529
7521
410
2880
17633
1709
19154
3691
7404
7309
11422
10884
22698
9630
15970
8426
7407
21939
22891
12443
18290
6329
14821
19506
16623
19003
7675
2295
17624
11938
7828
2408
19700
17594
9384
19173
6174
16261
19542
22264
3213
5397
5705
24531
12123
15093
11914
16098
14393
3847
5414
6464
8782
2036
19181
21606
18980
17235
5222
24236
454
10810
18294
15281
22008
12763
6984
15534
21234
21134
12136
10069
19057
15427
22159
17238
9957
7463
7725
11340
20097
19398
23300
3619
20378
17619
2619
20359
4643
11276
20911
16825
15395
8429
12376
3716
790
7660
18042
7025
8774
24687
1593
17737
8588
1721
4411
19417
22437
9091
2754
11815
2494
8202
5155
24153
10131
18325
19917
18639
4586
11186
22897
16738
16643
16801
7986
6263
16162
8402
4076
8360
17613
21464
4477
4126
21896
414
786
1815
6223
16659
17961
1568
16359
8629
15857
16359
19135
10176
9989
6714
16399
8537
23807
24799
3108
8111
2640
1001
20105
6298
24469
12370
4354
3152
12033
12375
13626
20069
1261
1140
11855
8932
21432
19556
8199
4841
1524
13166
20129
13455
3132
4813
4456
10241
8000
19577
8986
23008
11151
24169
12596
4495
13286
8779
16520
13637
24115
10903
11954
544
14070
20718
5794
24248
16780
23626
5791
5312
22385
13850
5686
19369
14839
11237
14919
11663
6035
14518
10736
6395
21073
9076
11191
4061
9833
10314
1463
10297
13987
436
20302
1767
4078
2633
18547
23970
10287
19952
16429
12694
21332
17530
17443
8816
4968
8688
21664
24524
6095
24900
15813
14393
23200
22180
13514
24638
20336
7107
13580
17528
17508
13442
16717
8654
3690
3990
23367
2160
17917
19430
23528
1019
10058
1746
17143
13689
23947
543
6866
15045
17260
17776
13441
20612
7383
13614
24096
16863
10691
20844
18531
8269
23375
8316
6387
4228
7647
23067
4453
16334
21225
15146
16727
4826
19331
16013
948
24138
17888
20530
9678
17044
17477
22957
14584
7632
22616
21506
11033
12592
23369
24090
6492
22531
4181
24799
23706
6270
9201
14534
88
11437
22072
19795
14760
18005
6084
15033
14523
7012
23922
9129
14285
11380
19839
18271
1569
19320
3332
5494
12961
18923
20153
6078
1204
9097
12302
8751
23933
10155
1119
1150
2655
6899
8535
907
5745
2545
5712
175
1246
144
18248
15382
22816
8031
2721
5548
14403
13353
14156
1987
13127
4115
13756
11460
101
11903
6780
22833
19028
19674
20569
5742
11527
20348
4068
3600
3492
13239
9211
53
8560
10023
151
3416
13082
21485
3626
3111
16152
22484
2596
17402
16563
15543
2020
13690
17292
20430
12807
5889
11170
12010
22547
10965
18757
7487
17063
13975
5084
762
18340
7430
23989
5682
15029
21266
1413
10710
16504
24072
5544
8563
12581
15662
8664
21275
23815
23176
5254
4996
20979
16288
8992
8075
22810
6193
15530
13178
21587
10061
19688
346
10278
2189
6554
153
22302
5934
8647
21522
13371
22510
21706
8495
11913
22079
6003
2445
4039
23992
17074
22617
17514
3236
17506
15512
8346
1075
22904
24445
5018
11311
17616
9524
16364
11564
16901
13748
21600
4676
4710
23229
13906
8643
424
17556
3979
7249
20693
11111
5376
14143
10757
9351
3812
15868
5316
11759
22226
23889
4000
11967
9480
8496
16396
14886
11534
14412
9086
12066
19870
14680
20967
9729
22164
20818
16756
18348
4619
923
15884
14881
24319
22575
18430
18833
15741
4203
23505
9072
6217
13472
11459
21561
10140
8575
19208
8422
14512
22531
18438
16506
11054
14920
4279
22738
328
15716
18576
16671
8690
9023
18826
19873
9703
12731
8915
5103
11383
23680
23946
21000
15560
17174
17062
24388
24318
3592
3689
4387
3769
18328
5092
8605
8300
7670
16699
20357
15081
21792
16887
21688
10352
9844
13837
19791
17037
18424
9660
208
24273
18541
8675
4033
1111
1706
15888
12811
17107
5122
2451
10326
5681
10366
21322
19967
16800
22764
190
24742
17756
9970
14955
8287
23982
1270
1868
8703
4608
7445
23993
2411
15772
64
1150
12768
8571
20019
172
15299
15744
8515
15060
16948
499
6195
17483
5309
7003
4562
18271
1877
15935
14427
24570
3131
513
17942
17469
4189
17434
16679
6094
15237
8759
2348
4847
23373
8998
10992
20533
13222
9364
2751
23764
15335
18087
4676
3225
15449
24091
23077
11728
22790
1412
8209
11460
19012
12489
22642
19677
24794
21224
6332
3959
24928
9128
22361
12219
21994
8957
21874
4766
14637
10029
19090
3666
4953
1990
19051
9177
5406
4383
2161
17486
5324
5832
23509
10568
5972
11311
7126
4663
6576
17669
1570
19888
1323
20637
12411
21019
15858
17927
23778
19445
1507
813
13731
19224
10171
3347
6601
3568
21458
10977
790
12787
17985
20939
22193
11999
19847
10949
9059
15348
7617
7209
10145
21244
10814
14261
5957
16681
22791
17129
23109
12578
21981
20931
464
18963
14990
21534
3060
8588
22729
5058
9697
12638
1826
6094
15089
24388
1890
14364
11990
10403
21398
3560
2562
6380
577
17137
10782
5105
3345
11477
24206
14268
7648
16489
14701
13387
24790
3844
19152
3092
4315
23659
11165
3480
14621
8386
13488
1431
23310
22599
4016
486
18842
2302
12078
19643
6914
14605
14298
13997
14056
21065
15090
2283
4350
12444
11754
15090
15196
16454
1450
15500
2496
22977
18891
8110
18911
8123
11161
10336
16237
2320
17759
6029
8356
17
1794
19329
24972
12589
18562
17131
838
372
2306
20686
13631
551
305
7220
1890
3713
14749
12796
15920
1799
12938
12178
19136
2765
7261
5216
597
2713
24643
11035
17561
20377
13498
9411
1014
23054
20212
3180
3604
21842
12861
22794
19808
5596
370
8095
10447
8548
24335
7991
18461
11119
11901
18285
20930
15647
2404
5717
2205
890
21368
24112
6083
23101
24554
22235
21202
12698
22672
4070
19620
2707
9263
382
4428
3494
1298
12362
11706
18472
17869
23122
2957
23826
22622
17722
12546
3895
19822
4913
24102
20201
6641
22032
20513
2100
23296
8840
20118
2843
19197
18583
17812
24578
12974
208
13346
4275
16014
18118
17760
9744
21917
21810
22659
22860
20801
21131
6199
72
18786
451
11044
13790
11345
14533
21258
16384
10571
1749
3715
15812
5871
4853
21603
17247
4475
14336
3018
15476
8413
4103
15802
24721
23989
15657
2521
23741
22027
23700
24221
2888
6503
22693
9117
8392
22769
10720
15747
13725
13501
15200
4534
24046
17121
1951
9329
14530
11059
707
24637
1552
23662
10457
14393
20283
14689
2128
15673
18317
16988
22946
20219
5038
16097
2458
3155
1928
20178
23710
21680
22247
6199
13402
18223
7044
21577
11211
21124
17057
20778
9396
4917
23478
3570
21048
5192
13799
3544
13514
20198
5228
22844
21198
3908
1734
2305
20587
23196
11804
12173
618
19903
23094
17002
17347
21281
2865
16990
15294
2554
21383
7702
24051
19597
14952
5097
21559
12105
10514
2312
20062
249
17191
18791
10285
23740
11675
8340
17881
11619
1174
23241
9854
3764
22101
23893
24182
14740
13791
19033
12942
16156
11842
5051
20630
19889
16376
20074
5423
11472
6257
22725
21677
5910
13714
21563
11352
20905
12817
17427
17096
20841
18016
21731
20690
14429
622
2405
14883
16275
15358
15027
9796
14717
24127
9648
4888
23679
16673
14535
4634
6812
3906
14415
12329
16466
23059
22881
4756
8956
2758
23101
4374
14583
14277
4087
5770
8515
16276
1974
7717
6159
23904
17441
18266
4638
6243
8889
13482
6336
12308
1565
4146
2126
18714
11238
22839
3210
6392
2146
10817
5164
3220
14733
4750
11908
14792
12355
13013
2965
19368
15473
3629
17181
9947
19929
13860
22959
13124
406
22780
19566
5985
2016
17482
7520
15687
2269
11498
15069
24605
19615
7258
14313
15748
14133
13021
6550
8814
19479
5799
6298
7669
3683
19065
9938
13279
22221
384
19299
7262
19172
2847
4865
18854
6384
16802
10303
2718
183
6631
22715
3136
22160
4846
14016
22454
709
18973
13868
20513
14651
1547
24585
10653
4531
19045
8851
17752
7375
6251
23117
8121
7862
23926
17683
19844
4246
3778
15032
12085
24895
12210
4692
21898
20812
5258
7131
2400
21224
6365
9901
22263
15485
24788
2275
2139
6277
1105
11391
4121
9017
13932
5201
16898
4282
4207
14281
22260
20375
10054
15233
2616
4265
1154
9122
16042
23575
9394
9002
18747
9734
2910
10249
3950
9096
9427
3285
23107
3036
6734
7230
341
8840
18290
21046
13960
6835
3644
8139
22633
737
11248
19788
18813
3393
7084
17890
18459
21366
16700
2524
24498
17875
24981
1873
18057
21564
5339
24316
18623
2343
14473
24049
1672
6096
1854
9542
14496
10541
8912
14782
2648
671
8901
9481
18986
14229
22175
24417
9482
11795
21506
6041
18667
9919
23134
8573
5861
13098
3405
18339
23195
8127
18487
294
13552
14637
16276
3649
24438
22821
22235
609
23121
23053
23690
17965
20054
3147
2526
19512
21313
13817
8124
2224
23361
24922
13858
13587
16182
8552
24382
10281
23683
5366
781
18569
24257
7340
11256
6138
20081
19534
9974
462
6962
6784
23263
13200
13984
22658
3642
6285
20576
8236
12462
21641
6877
95
23285
13620
497
15993
9352
11087
12333
5428
2019
7634
16444
7084
5083
15107
16362
14298
19736
19786
14988
3925
14518
16926
5732
5592
23132
15096
19856
20969
10478
22544
1395
19270
1522
13910
8584
16772
7398
1065
17429
6319
7506
17678
24603
19406
13348
8211
22432
16891
24597
18986
13070
501
9141
23386
4256
18433
7907
1400
13161
7493
10040
968
6646
803
10374
6131
14799
23867
6958
2221
19151
18438
6590
14135
24820
212
16129
18082
17591
14564
8400
383
16110
10520
7173
1940
23698
18356
13917
7875
2619
5631
15740
20772
18133
12904
8325
14046
2854
11301
4720
2410
9184
14602
21276
3833
3921
15957
5243
16953
11288
7532
17010
5677
9115
16773
11974
14648
8443
581
24079
21196
23254
13153
23936
21148
19541
16787
6631
17450
18608
16654
24783
6410
23628
445
8745
8590
15676
24737
7720
23214
6007
19795
11859
20708
23741
1841
17272
14761
13851
17094
4871
5455
15840
3778
8263
11099
7104
13865
21564
18484
3758
10553
22135
3374
1493
3127
703
16786
16264
19490
23068
18500
9031
4721
20049
13387
12165
19677
6786
9341
19271
15772
16948
3272
12518
2300
3613
11906
6307
6114
17676
20039
10887
24737
15494
15733
24476
2691
9589
7661
15503
7216
9770
4473
23324
16665
18101
8086
19894
4730
9945
5189
11354
9632
11482
13200
14296
19454
11033
21977
11219
21498
21274
9171
3703
1072
11264
17876
14212
19366
1663
3987
15614
23767
24946
2163
12720
24241
14293
17575
16674
11177
15844
18121
2471
9495
14563
1439
21840
4789
2647
19844
12268
852
21084
17169
17147
10117
18881
6528
10044
19154
15007
13539
15310
5561
16239
11558
21644
8982
2994
18417
5024
15285
2097
11917
543
12631
19738
13641
23172
11138
17542
15067
3722
21305
9211
3425
12469
7840
10723
726
872
15401
19783
22818
12582
22349
19116
2432
19674
24855
6868
2064
16816
17884
19118
16951
18347
8638
23764
3012
4654
4796
5994
23199
10637
3250
10610
160
2837
1091
69
2034
14650
15598
12716
9503
20170
5795
5457
13753
11039
6242
21447
13589
4188
12579
8680
10691
3972
5229
10487
22364
14170
12379
13424
273
814
16709
19175
9434
22747
23869
10961
21602
18719
15943
1822
18792
12172
3444
3287
16771
3763
4858
23265
12413
2585
20274
1306
18964
12252
24033
18988
2100
21101
21413
12600
10879
8477
24684
16515
14482
369
14335
2081
16794
23613
3001
15699
15233
9246
6030
23198
2371
16034
19289
10603
15308
76
13500
16899
11110
20295
1090
15762
16214
17686
23685
8940
20113
8738
18317
5877
3395
3482
11727
3549
7911
4686
24595
8463
8384
12062
3574
3275
10043
8056
18132
1143
11868
15873
16248
5841
18395
8786
16722
6220
16372
15698
493
17877
15191
24097
321
14497
18752
2738
15468
24685
9093
3484
2913
12829
4548
4752
7029
19924
5166
19834
10538
19682
12817
18105
6063
6333
19197
14814
6402
19506
1752
110
23690
1954
5171
21391
790
14709
9551
4820
16492
751
19467
16222
7749
210
21438
4478
4588
15385
19494
5186
14114
23745
6132
3664
514
19174
21334
17739
10526
805
16353
1742
7608
1446
21383
15995
11324
168
6608
2307
21818
870
16695
17051
3280
6556
4461
13614
23068
1288
17776
6344
1866
12707
16538
19636
14914
5399
24279
5232
22186
20300
686
7797
14747
22122
20870
20672
23538
12079
2991
3121
19973
3724
1989
11497
19274
4248
20878
5773
9216
24053
21539
6683
10437
800
6963
737
16842
19951
24675
10845
18022
8815
18000
4308
409
7089
16370
19932
12874
10509
20685
22440
6774
10160
12077
1933
5689
6245
3979
8537
21413
16563
11276
21525
18705
21081
9365
729
15710
23981
826
17341
5004
11590
6511
19995
24750
22392
13530
23212
23190
24091
21135
12619
7422
9730
954
3803
19986
21489
21269
2622
2914
9590
12577
14575
734
21782
20318
17779
5360
20885
9773
1234
18733
1864
24975
325
5014
24223
5307
22589
9793
20887
22154
13730
22759
268
19601
24443
847
18778
2684
761
15371
6945
16628
22828
1378
15453
13956
11576
1250
17672
10793
5351
24144
24507
750
4379
24266
2706
8733
8379
8193
9249
3495
1329
15808
16562
8494
4214
21919
16840
24250
6222
17168
14061
8980
10391
11579
9154
15521
1306
18832
14007
9679
5984
21408
4855
381
24511
20470
6128
19234
24280
3312
1164
17850
23316
18758
12285
16522
16001
880
5882
9708
10922
18329
2242
2487
17310
20202
4863
14824
22090
15269
20317
4046
1882
17386
24617
16541
11764
20893
9283
20984
2920
8097
6092
12070
9727
12693
15089
9204
8146
17772
5718
1896
13331
24817
6161
22884
14435
17269
19459
23032
21036
8465
23924
4775
23520
1017
17381
17205
12856
15192
7678
19254
2520
21402
12704
14517
8256
9835
2805
15153
1657
16162
18950
10003
2077
4917
14269
16112
19367
11151
21887
13115
6339
17798
20320
1169
13944
7882
15210
18569
23307
16235
24628
22950
8601
14023
18573
177
15669
11470
538
20973
3479
4344
9723
15831
5863
10703
9136
22242
21875
3500
3352
18251
8398
8625
23008
19163
8499
3466
17696
15965
2945
21199
23039
24987
2021
21338
5518
17719
3831
20337
14795
5438
23105
24784
404
15726
16717
2781
18461
23475
15684
19667
18429
11954
2906
3199
21151
24810
1047
15151
11153
11632
18897
22570
15100
19792
4514
21513
15206
22770
12283
19349
11152
12110
4540
12516
625
15718
14412
19110
17114
18018
24842
2601
12985
24543
21471
4972
19905
5756
3656
4604
15832
16024
13718
12694
11192
10848
1344
21185
13565
18807
15976
12970
17185
14388
14775
9153
24478
24955
21637
9446
16073
13662
1374
2755
5975
3394
8858
12619
21387
24290
12014
22064
1596
12760
6476
15818
12345
2736
10434
23589
6764
1115
16731
18046
17807
21528
23850
4618
20642
3849
23830
4878
18345
1779
2084
23624
14684
22292
12834
1271
17497
17016
22151
3752
14473
17724
16264
16212
14013
13128
17895
15067
9883
12377
12133
4223
24244
16258
4287
13758
21914
10566
6411
10308
9872
17032
15499
12706
13850
17000
19743
11232
16563
1155
9503
20255
13378
6910
21730
16258
936
2732
4313
24993
15318
11487
23795
672
18935
9621
15220
3916
6370
3281
13417
11563
15139
7647
20687
18126
18217
7053
20700
23691
1987
22626
19145
14904
16171
12957
4008
10281
24087
966
24057
17865
21565
24023
16222
14537
10729
1919
1615
1625
7011
20203
20291
11006
1451
3288
9866
14485
21277
19693
7836
22562
14282
10430
16595
23096
17027
6532
11251
2723
4088
12298
14188
9175
15161
16979
8971
6633
5700
24119
19145
654
507
17288
10108
20053
1203
15311
16278
11767
20912
691
11540
23942
1773
4192
23411
3244
3553
18543
22994
780
9751
24041
22618
6945
21459
3242
14557
24612
23809
4958
24362
24127
13308
13798
4531
13408
8752
9379
5224
16373
20147
24306
12146
23052
5418
24442
12526
7411
22543
20977
8774
8063
14623
19032
1589
11759
20576
138
10379
16188
12111
2854
12770
17187
11260
23583
20132
8347
1988
17941
24963
12833
9003
18155
2790
4417
9272
11719
24077
6087
7844
2518
8834
2556
4391
22336
5552
2203
16172
1543
13204
2522
15310
21799
18857
13097
20506
20425
14231
21989
14253
16070
15436
15799
3863
2398
12862
10797
11793
19615
11277
440
8157
16308
14808
20546
21055
11860
8588
22499
9342
18495
11502
1010
8800
5106
17705
8158
5452
4468
2202
5418
23923
17012
19605
11392
21241
2368
9836
9039
7516
4639
3166
19411
11196
18271
10318
20782
19661
1896
7996
1428
18859
16272
16084
7047
8836
7714
2433
326
17710
20641
20110
15292
15423
18034
24674
24231
21930
9980
17413
18775
12176
7047
14527
22390
17054
16048
16177
11261
20135
16483
8716
19660
13036
15797
10500
4591
12521
2373
7109
21311
19288
16186
16924
24923
9239
10312
1245
8447
2468
19273
16406
15553
20676
16165
9930
8668
18189
24291
7958
13233
4646
19658
10357
22273
767
12380
3586
12048
7027
19722
9106
7346
3310
1632
8594
20141
20748
14023
5089
15838
14907
16416
11030
16986
12097
12909
24199
5753
20034
18526
21685
21634
12157
22593
20815
14592
2565
4537
8302
9471
24532
5517
10838
12408
17149
14299
16414
8603
23499
22036
18037
12284
8726
4422
16018
19845
16895
5847
24561
5944
14962
1004
14377
20253
17168
6563
2330
13183
14868
4501
17677
16696
6465
15411
3117
1711
5462
11834
8644
22074
6367
10411
19314
18346
4796
758
2917
7330
8778
17729
17149
8105
8417
22620
10414
24983
24142
15375
5247
3911
20494
650
19662
9996
6000
320
10799
6831
15709
434
14290
9087
22417
20922
7904
20545
4201
23321
21720
4302
6734
5799
8711
374
2155
19232
3000
12865
20955
5810
23509
16661
17952
3172
21551
23791
7216
11554
2483
3428
20058
20417
665
806
21718
11182
18343
7838
23633
24882
21523
5997
9486
8218
2772
10393
6228
7039
3730
15166
22572
22405
12027
21540
24026
8365
23454
5115
5033
15495
14131
2360
19711
6343
21682
4508
12522
4870
19473
15988
7264
2737
11726
3156
1436
5286
17862
383
19150
19283
9719
9825
23981
3190
8733
14383
4036
19150
3193
3435
6081
9117
21543
20258
14514
4162
24737
11972
9125
2076
23919
6215
612
8629
2479
60
7774
11960
16890
22177
13080
13294
19937
6205
617
9697
16735
20942
16648
12830
12687
9320
22140
24042
22236
9783
24400
23248
1005
4513
1244
10503
18765
12433
5543
1501
6778
20619
24629
13814
17594
3031
17481
10711
19899
18047
15614
23616
4033
18580
19915
14072
234
417
19444
6085
18126
2416
16682
10571
8522
12611
2572
16972
21367
21659
20404
4601
20238
14830
4713
1874
10896
17710
21267
12301
20658
5011
8080
1752
2522
4211
15291
18618
22212
17163
24678
10907
1454
21623
21921
11964
15898
10372
20155
2172
2558
1051
21337
5962
11591
24239
14669
1382
3151
10803
4374
8312
17540
22747
4962
22483
15986
9286
24221
16746
1733
17737
23742
2302
9994
19318
11626
22999
17048
7718
11417
1060
14238
20775
1282
21152
5972
14714
17671
17833
12747
12777
4952
2687
7410
10490
18965
7690
12702
13747
14505
7309
18437
13902
21729
24561
20377
16530
19860
19261
17451
20078
15054
17202
2975
12804
976
14933
1329
3784
3967
18914
11086
10090
20004
23477
23069
20923
7393
19355
3551
19595
1677
5804
14717
282
18659
13748
4153
3745
8714
15159
18178
6957
22189
527
5234
9326
6630
17973
24730
22646
13675
21731
6845
11492
21585
19297
3898
12494
17282
8365
16952
6688
804
6337
15064
8660
17101
1789
3551
16280
11016
8697
13268
14336
8066
20931
17994
16972
14337
20862
22815
10359
23732
9385
14524
6946
17181
7300
18968
19854
6287
255
6085
3609
19834
3856
15751
15459
6585
17382
19529
15069
3641
23896
10419
22160
10600
19215
705
5734
19122
5573
9025
17568
17950
2222
2602
19176
4822
22179
1799
10168
21315
24560
4853
16645
24565
23077
3248
16735
3029
10970
12383
7231
19653
4088
6996
1004
7481
20759
19098
23218
7747
4320
24475
18323
15056
21602
13549
4105
18453
7137
6157
14140
7338
18787
11817
16923
10708
11059
7041
20687
19464
2231
16074
3580
10140
1428
22504
6417
14873
13935
23990
13625
11497
18893
4567
1410
4853
15961
21827
21015
5579
18558
11531
767
10237
6856
15763
17821
19552
6050
7320
12304
2269
9127
2337
15297
15814
833
17948
22782
10386
9662
23768
10989
5726
4803
5933
13591
19708
18422
10419
623
13492
9091
4258
8555
8928
9902
1795
1514
10546
21160
17506
21800
16548
8908
8237
24745
2307
14291
9938
28
5556
20507
2874
18526
22434
17833
21342
16935
22260
8578
20838
380
16100
9437
18327
8264
23328
21359
5972
20493
19801
15798
24002
22922
20248
10028
1797
8132
10631
10588
13401
22712
24398
21375
13471
12718
13031
4880
19302
9625
23865
10002
9841
19949
19211
6395
13342
11377
19069
21704
11396
17496
10543
11684
4381
20115
23119
12899
10427
16500
15846
7366
12837
10544
8199
23742
8223
11962
18859
6547
5942
2866
5248
13106
19382
21199
2463
19971
5520
24102
7770
20328
7594
20635
21470
14624
23632
19986
4523
22928
9110
7739
15794
4050
8852
5478
8113
13520
11313
19443
3083
21691
24254
17239
18017
6983
12555
18762
3390
19638
7787
15668
18764
22976
5541
19758
23967
14512
5015
17104
24155
21115
8993
11845
23829
24117
6680
12366
11147
2996
15528
12188
7761
164
21004
16254
5770
13662
7856
14452
15344
18168
17386
22608
21592
23330
11131
16439
8640
8941
12817
17616
2646
12971
6986
9977
12089
7093
1209
24618
17431
7091
11298
14600
18027
20642
15603
10663
23562
23826
1833
104
4147
24331
6039
16993
16892
11662
17460
16750
3953
309
2974
5754
18159
11721
18826
11411
3642
3038
1814
20549
13241
11888
2318
2573
19784
15504
782
19616
8679
6643
6330
24322
3937
2152
10704
23720
15909
20871
6755
16079
2952
6441
808
16693
5180
11063
11172
15978
17632
91
12013
8634
13358
19756
22543
1399
16603
21694
5962
13698
18013
16616
8418
837
5635
14703
9587
2313
1840
10661
12660
22473
13118
7653
23669
21665
2464
6393
19072
17411
3625
21901
19890
3470
5626
10602
15656
9144
2910
13962
8081
19137
19722
20350
21636
24212
11208
7602
21301
1933
19234
5708
22302
10960
1246
4203
4981
76
5599
16616
19466
7460
1209
22259
633
3269
8358
23606
12606
6976
17292
7976
11693
5191
13396
12578
17485
5975
23561
17478
14218
13530
791
1220
1392
1368
442
17413
14364
19209
7815
12131
24325
11477
5061
12762
14106
16199
6883
16214
12922
1143
12491
11970
2879
1139
9264
20883
19774
16316
6472
22779
23384
7978
6198
7476
9636
23058
18486
16874
9128
6465
1171
4587
20742
14913
12883
22459
8012
1881
560
727
14459
11916
14323
13451
14670
15820
20295
13383
15983
4838
24889
11489
1939
23880
20542
1452
18765
24096
16286
19253
8284
13582
16073
17677
1816
4352
14480
1008
1367
6941
24672
5237
16067
14273
19472
16107
15519
3300
12447
264
22935
15916
2285
8082
5761
19103
23288
953
24355
8366
20116
20882
18043
119
4246
16798
2754
6560
13766
21242
20726
22155
399
6011
24777
5866
11804
22623
590
19581
23008
9397
15822
5206
20950
4968
19861
6571
18950
10782
4337
5923
22847
18897
10618
8902
6436
10176
5977
23919
24260
10591
15146
24656
9200
5660
15519
17773
20431
13502
22224
15883
10111
11632
470
17472
1184
18488
11592
161
5373
24152
13772
1782
5984
23955
7622
1261
8604
23192
1889
15872
8325
6326
9526
23825
19187
24710
17689
24616
21624
14721
19148
24115
2008
2898
18977
6746
20939
18006
7306
4475
3360
11651
21973
19160
11521
1578
14340
6199
14849
3233
14539
7364
15454
23176
21150
7508
24949
24728
22901
26
6688
3488
2678
13104
3809
4054
23160
10886
22283
7891
24560
16021
8572
15135
3891
6957
11701
863
7365
20236
24142
2191
2574
10033
4066
16785
20640
4014
11558
13296
250
18513
24930
19655
16312
11999
6702
5729
1377
20368
4934
8352
9891
1978
12134
14012
5607
4255
7932
9275
5798
7827
2775
3388
1165
17077
990
13351
18236
16766
898
321
14798
5509
15104
22416
2977
9379
16134
14426
15374
10231
3666
1787
8826
19977
16422
19285
2125
3751
11749
7773
12946
12164
7193
16431
19854
10856
14057
3999
22428
15763
6466
17931
2064
1858
2653
20473
20803
21763
4098
17001
24724
20210
788
4973
6028
19252
22956
12264
3248
13387
10795
4238
1649
24984
13708
7386
7068
17602
5273
14165
6199
14928
18538
5768
19624
18285
12289
4232
2482
5487
1400
21228
23486
2021
8459
13509
22842
14447
20095
19411
18081
3306
13932
4035
11549
5755
13401
17593
12948
9922
6563
16401
3752
16950
1300
6400
4149
4580
24348
8038
7973
3994
24278
16848
12262
22259
11806
17722
3698
16707
14490
898
3062
20478
802
19260
2584
8425
9995
8550
20753
2486
3238
15872
24306
13211
12657
20507
18670
9050
20595
22159
13907
6150
22034
12684
7729
9564
5052
21682
14488
5531
12741
3495
455
22903
22517
10079
24894
4662
9776
5248
22281
9780
9228
17180
7565
8713
19468
226
7019
6439
19016
18377
20847
1451
12117
18827
16367
7134
16842
24529
6099
13246
9863
9622
13618
9193
19335
1838
6457
5980
10470
21149
3008
1511
4596
6758
9022
24803
23047
7565
17593
10208
7609
1203
16786
12938
24620
467
15901
18382
419
832
20424
78
15914
7225
14548
15442
8512
9564
3213
15524
8327
10541
24213
14484
21531
3330
20424
14474
20910
5119
15865
23552
467
19560
12009
12358
16053
16238
17080
24029
16241
19571
4835
15535
12801
20563
17414
11342
22382
17710
23362
11220
21640
8479
14469
21939
605
21717
2736
7050
19111
6258
1074
18213
2222
23437
19838
19511
4462
1602
12288
18359
5438
17132
20698
2152
1617
498
15178
14126
22211
2128
11785
190
23182
1674
10201
20817
22110
20298
10098
4866
11193
183
21288
23405
12113
7967
3418
18540
6282
9350
17655
12821
18188
15871
3632
7321
2546
20697
6957
6287
11634
23311
23913
10072
17313
3151
3476
6962
6091
13304
22297
4878
10803
20541
21928
24325
21519
1329
10895
24364
8702
24552
21739
15074
12595
8803
24197
8570
16519
11458
21776
6182
22083
14892
8522
17308
19651
19346
16527
8929
17442
4608
6744
10056
19408
19587
9233
16556
22113
17358
5893
8624
19408
7622
6444
15716
20995
3220
8254
9364
18784
4614
11512
1631
2780
2751
19562
2698
1542
6562
6475
8720
14878
19617
14545
19515
9144
9232
9311
6295
11509
1900
11355
21967
19705
8828
8894
8052
15145
559
14134
5339
15502
21324
379
8816
15157
13931
2581
15586
15884
20821
15907
18093
17569
15208
1664
12930
17911
21055
17905
11938
9178
22887
19624
1567
4062
1699
13963
2009
7284
535
6279
21958
4754
24382
20472
20681
7534
23824
4047
12298
10706
9622
17153
15741
13568
12749
23306
7279
8668
1375
17975
21902
37
1894
20229
23525
10106
5576
13860
22192
23431
20585
12318
4482
1787
4807
6314
19586
24873
15018
16671
8619
16909
5679
13022
23142
1766
7073
17374
15278
19710
19744
2871
13685
12569
22335
2371
5875
3336
15670
17744
11600
8855
20099
3019
4320
19770
2189
16070
18443
4873
5131
13823
19735
6591
12417
14371
15078
6018
984
6390
1288
9448
10434
14731
5315
5902
10868
907
14877
721
3140
19779
17386
10661
12208
17596
3913
4223
21831
2171
17356
22513
17890
6844
22006
9651
2516
12484
13249
9342
18417
19259
20464
7535
1436
10417
13936
5953
2824
19917
13793
2191
5474
5272
7694
10570
555
18014
16107
21322
20098
10188
19084
3261
14597
9243
24345
14935
3551
20175
1217
2462
19965
11665
927
3216
2495
6890
17524
22084
18424
1261
16664
2361
10863
1004
19486
4910
24495
13071
759
2236
20651
626
5262
2038
12617
8421
4981
21718
21384
13791
12432
13016
11777
22618
22314
18326
9966
17403
7844
23484
24062
19787
8105
2995
22182
153
18996
7809
9213
932
4272
1797
18367
13537
7677
15809
12468
10585
14284
5994
8866
21083
3729
18826
2507
13431
21807
5231
5669
16865
10632
13214
21325
9106
13372
12608
13158
9244
14852
940
2607
21824
7122
5812
4000
11810
24493
14826
1000
24498
17494
3633
14392
9926
24014
22915
63
11723
4571
8580
4550
12257
4788
15368
6939
7577
12543
227
3071
14020
10888
9958
17971
15139
77
14081
514
9105
15124
17181
16689
16826
11190
20457
12240
16678
2379
4110
20740
11449
7280
3420
20562
24453
22171
7596
14454
18432
15522
1200
18445
7305
8379
20996
7440
18158
3265
1185
1732
9981
21335
3713
18197
12116
16269
11526
22383
7137
15231
12986
20883
13959
277
13211
16208
6951
11579
22641
16716
10726
17369
6103
12864
10418
2394
2391
22867
22141
149
16046
16262
2734
24569
14885
1581
22547
21391
9268
11633
15240
23292
24320
20749
7418
9028
24238
24921
3473
13842
19116
12834
5012
20947
24521
21812
13624
10750
19161
9183
11515
21058
97
6499
5446
20581
17601
13785
20100
23644
15476
10086
19906
10009
4690
15074
6955
23754
14225
8628
13504
20703
23093
17658
18960
18768
22555
1262
21918
23019
16038
10485
5174
492
2065
18707
14765
13306
16504
15318
5825
7629
16275
22945
3845
11847
23110
20975
11469
3671
14549
5003
17197
24156
4115
11899
3928
15391
14836
21972
4875
1678
4652
23049
3861
8663
19729
492
7071
13180
16800
17208
13722
17281
6320
17376
11690
15721
9280
20186
8960
5846
12575
7897
663
9906
10264
8402
13571
7463
4682
12391
13687
1447
2801
3757
7918
23492
6159
24605
11814
9385
4231
5513
5100
20355
9109
2411
1736
12334
7292
3540
24635
9915
8796
10444
771
13899
10895
20812
6439
5604
22432
23952
20822
20185
6425
8038
16231
24969
3352
16990
14705
13742
21589
21131
16104
1705
5169
24252
5683
5639
2364
4625
8084
20415
14507
637
15493
21841
9975
15208
5979
6241
6836
5745
18088
18157
21039
12925
11740
24719
637
5419
5074
357
13706
10424
23641
20240
6110
15110
5600
9432
12308
7436
425
17215
23638
18609
17167
18171
9640
3361
10808
7864
22851
16419
10567
15896
10612
11948
22218
19452
1928
23613
4755
5104
16487
1652
4354
7543
13064
19624
23677
6314
18536
24510
2398
22137
20733
16552
24124
23717
21095
6800
4241
17027
9924
4249
22863
8538
14995
8439
13868
84
5685
12388
7230
22544
9658
1428
21651
14346
372
13404
20512
23373
17817
880
15140
10514
19399
18158
22279
1108
1515
21028
15825
7635
9246
22876
6832
7507
9196
3180
10143
16429
4303
13280
5432
22345
7669
8679
8321
3050
4536
5863
4007
2532
17152
10254
17252
3078
14907
18905
15376
15190
19075
7042
1131
16180
4028
24171
3135
23302
1541
6872
467
1134
12926
13329
5577
8897
6054
563
7147
24011
10714
7334
4478
5076
18374
16040
24743
16348
21243
330
8394
13055
24307
24811
13057
15110
1502
9180
6511
13699
2424
23755
14342
15551
7577
16811
512
5473
20453
4298
8421
9469
24446
18393
15885
2361
2336
24072
15746
24509
554
19429
14622
17088
624
8389
23977
11616
20466
18375
2413
3390
15274
14988
9300
23666
23272
17888
2918
22145
18918
6499
3036
169
22199
12199
23102
7792
5193
16466
5667
20096
18258
12536
6605
13232
21018
21716
9191
10249
4677
18525
6698
15582
9711
17071
20550
3454
10448
996
19600
23507
13280
17455
14313
3652
5015
10827
15675
12441
6551
11819
18299
4872
19406
17888
18683
13245
18678
4251
12017
20275
22326
23837
21614
3230
18641
19746
17838
19380
21940
4493
14779
7276
13968
11244
23296
518
15883
23738
6390
8792
4255
22352
6975
18140
3758
2090
9707
11944
18389
23596
20339
3551
15971
8243
246
11061
9416
3172
242
7878
11888
24869
21053
21454
23172
10665
3819
5958
21903
7491
16971
13837
6043
18103
9820
23348
4502
4663
20708
22118
7281
19119
2837
9045
20033
11612
14746
3595
19058
18148
17350
22421
18356
7392
19511
14397
16011
14777
1012
4638
16913
3557
665
16692
11198
561
17397
18703
22400
10821
7029
22924
1328
18422
13997
13657
3260
8187
10516
798
3430
8181
23369
8546
18104
14603
1391
7602
12881
20454
12874
10313
15808
6715
6569
24193
2509
1124
12059
2531
22263
8340
3240
23715
16979
15656
22677
11351
3970
5504
20795
7540
252
13739
19087
5653
6631
4926
14561
17828
11985
19818
21870
9447
370
8997
7236
22807
19835
14245
3936
17491
17244
3729
6962
20233
23244
23260
6762
19043
8191
18832
19838
6113
6417
5651
18659
15675
7575
23067
17114
2828
15346
1555
22109
8452
12101
13112
19631
23035
9949
16678
19746
18051
16339
10773
8861
14461
18173
10856
16790
15823
19866
16880
339
21398
9129
8221
6554
6746
8314
10311
6594
21954
15090
13244
3574
1797
8013
16754
14786
18728
23701
13788
16879
1355
10028
22101
5899
21013
21972
1588
16003
21230
23830
22330
960
3722
3203
15562
7028
15993
16877
2252
15492
8241
814
9266
23262
19218
754
12553
12066
15476
13001
11642
10893
24199
24163
17304
1816
3664
18766
12773
450
7151
21242
21652
16873
2202
8008
18850
5390
3117
7747
7420
14074
3805
13892
7074
20655
6394
478
1606
9226
5803
14740
13537
222
4409
21185
22094
6359
15198
6886
6175
4829
5613
15868
13332
7288
1068
2025
23738
6257
15193
10692
12777
19587
18556
3814
8044
16437
18170
23124
6310
12091
11900
2724
5312
6299
22830
5207
5252
5604
131
3060
6981
18127
10293
15335
11281
8823
10295
12933
11803
16609
14784
3081
12860
6950
10747
13231
10840
2976
15551
9838
1748
5247
24998
3359
8465
3523
10482
2262
22491
11639
7280
4733
8005
20604
4941
17171
529
11171
22946
454
7952
20381
6599
22985
4893
1247
7772
8183
1263
194
17727
14014
17772
4801
252
24629
15788
15273
22798
706
6214
13149
2169
7348
7581
11173
5340
23310
24934
320
2322
13591
1780
13805
24338
9856
14001
13880
10203
1290
1038
16256
24815
9222
17716
6438
6919
19350
9589
15838
5158
20869
24328
11450
24930
24266
12743
8069
848
15849
6900
10268
18390
13951
3918
12258
11314
14626
12558
23917
8815
5940
24980
18542
17114
12638
12309
5996
10805
11831
2806
14340
14396
8159
16814
11195
9012
5623
8599
3093
20670
18374
8034
7193
8382
21414
6749
11304
14947
11024
16077
1042
8147
7276
6454
17820
4736
5589
2237
11256
13103
22375
14877
19681
2060
8358
3761
10644
21208
10774
18598
15181
11037
21813
15166
22593
10829
11898
18418
15472
17022
14033
21115
18734
13733
19835
21293
5824
1796
6952
10952
23702
16808
4601
7232
4586
1083
9326
13780
22531
1845
6327
22372
232
10844
14289
21836
14600
22515
14904
9986
14860
16566
10794
19352
19088
2118
16956
3391
5281
4645
12047
13481
11482
3414
11241
23761
17784
22198
16115
18543
11541
24815
15502
20287
6729
17036
2829
16279
6364
23986
23821
2994
1966
14539
13074
20297
17506
23393
22901
13317
24867
991
1750
14125
2740
57
10330
2904
14036
6941
19023
19122
956
9525
14076
19052
858
7670
17136
3299
6308
5660
743
19349
23091
1750
14301
2374
9598
2842
5719
16242
18690
23519
687
24852
20777
12601
7433
6193
12992
6580
9015
5764
831
19607
18728
10756
2808
423
13406
2663
19990
5172
14359
12044
16568
10223
5793
7726
14479
76
22016
12632
23418
1471
3087
13899
5148
19393
14559
2116
16867
4909
1273
3104
23072
23731
2510
11145
14348
3136
8784
17379
13182
13235
11335
1824
21463
21553
22655
2631
1752
22923
7378
9092
17425
21046
9286
22116
5097
20484
11934
3132
12570
9104
23522
376
21605
21251
17481
8049
23967
6397
16958
1329
4449
20513
3707
3202
15812
11325
19353
14281
7108
16773
17324
14467
19140
11577
15906
23472
6237
15979
19398
555
8451
1161
1257
5885
4898
12005
21155
5794
10977
1310
16444
17988
11874
9290
13979
263
5478
22007
18624
2460
6946
8945
22324
4037
20434
22738
4646
6055
19112
21064
17918
4651
1108
24287
10841
14517
21011
11674
735
980
2256
6709
8247
9817
2740
23802
946
16525
23532
5811
409
6650
12734
2930
624
8698
1702
8353
611
4314
13278
16494
3419
9644
12702
8544
11951
2834
11421
14929
10758
1608
2812
18977
16946
15265
12253
13751
716
8994
19938
697
20382
19739
1768
14841
20231
16329
16991
24441
23981
4506
11435
16818
18561
19242
16461
23568
8396
21218
8433
14280
7441
7081
17602
12351
14832
2051
23163
24887
18187
23112
3852
18893
1025
23462
2963
11196
13997
9037
14643
10642
11153
1635
14083
13243
13229
10124
4784
16155
21376
23896
404
8572
10482
6717
5760
19254
16975
17948
3431
14020
23816
14735
4494
2976
20724
14201
9818
24233
15144
13581
1893
13601
24326
6469
7106
10752
18742
7228
18202
78
614
4830
2397
18931
21837
18892
2878
15282
21320
17618
5122
19278
3585
12493
748
7107
16675
17892
12948
712
4563
16689
22407
6959
22431
19172
6794
4914
21572
7955
21987
22797
8167
13667
5540
24293
13546
5736
19
11562
545
20217
6918
345
14699
19666
23591
14276
24297
427
15704
5279
23730
10679
4801
726
20424
10755
16264
4831
13502
8833
3027
38
10693
3831
10521
23253
7668
12910
16414
19259
18878
13552
16720
21889
15082
6710
4591
20916
13274
24669
1496
19420
1081
24965
22663
8026
22585
20556
23639
12824
9347
15201
21760
14501
23730
17934
7253
2303
6815
4312
4469
21920
21500
4221
22538
12380
19033
14821
9518
16529
18332
21117
4174
10973
709
23678
4308
22858
17523
24700
16159
6570
12951
21187
20485
1879
14870
2331
16030
18005
14865
14403
5336
2055
3758
2948
17483
23697
19732
520
5649
21237
16836
11669
16238
16792
24220
23136
15855
10361
22142
23374
8641
17252
15856
8193
2385
17955
28
4986
21747
16211
17176
13430
16654
12706
1025
3748
20627
24825
900
11336
2297
2654
9166
14487
8625
18078
9109
1922
2509
18436
17033
20079
222
105
8006
8512
20620
18107
10560
8683
855
2726
11833
11433
17255
15404
19364
3222
15469
10218
20825
21637
11492
12784
6053
2334
3428
3015
14040
7896
18029
22764
24098
11340
1605
6381
9318
5640
18112
18511
4611
231
16001
1195
14660
11700
20884
8887
7102
21847
16065
6499
19395
11972
7644
10757
24459
21767
24712
16175
16848
15968
5336
6791
10116
10060
9854
5322
11218
12879
22798
22975
20627
3557
1710
23948
4080
10415
11027
24026
1693
7835
11611
13923
12085
6962
3105
21357
3434
8525
19727
2472
14739
27
17757
21355
13306
5871
20033
23040
1315
20142
17941
3218
2562
9072
16971
3722
24592
11969
4935
13941
18804
19815
18510
20581
7774
3479
22265
24724
4099
11744
305
14255
23441
22430
15784
13595
23794
24547
16496
3342
15294
1369
11837
5504
19210
7727
24744
6245
18858
18694
1817
17117
13611
21125
1562
10706
7168
21879
10384
24216
23799
8094
9702
14772
21270
10855
19385
21212
24146
20283
4395
13337
8520
4598
24925
4486
5509
22644
9380
7583
1338
10432
1655
17375
15937
1895
14223
12892
14136
21570
13717
16357
9563
10557
11377
12645
12572
4590
10596
13998
20778
20235
22965
20325
3747
1601
23217
9021
12387
23846
20519
2046
13137
21864
13039
20803
13518
2538
10171
24464
17218
1628
16142
18611
20690
23793
14834
12450
6630
11082
8263
23238
406
20067
2418
24051
20032
6884
4937
18819
5120
20815
17012
14911
7305
9472
7202
22154
21737
12898
13628
15582
4343
10437
15187
739
7000
12311
16662
9110
10753
16247
8452
20412
11689
2001
2135
17048
14098
7089
2897
4456
15345
5986
12583
3721
14111
21914
16200
18816
20871
14185
2375
4742
18494
10998
781
20853
18658
18416
24175
7668
1550
2930
6113
10559
14922
24550
20254
376
5337
8493
3823
2292
15582
12264
18446
17705
8510
18467
17429
22010
22168
24895
19418
22562
2944
22439
5990
13419
5334
13174
21617
3964
22769
17232
23586
18570
5501
12878
12295
3398
17902
7798
3804
4594
18449
7063
24473
11572
2393
24653
16679
22246
9127
7853
23994
5346
9102
5046
7469
12530
13595
5405
2958
19814
11376
15754
7324
14059
1606
1845
18817
17647
16401
3218
20968
23600
19625
222
4105
14000
8786
24505
1803
15936
15066
11767
2998
23536
15812
6496
22471
8248
5444
7338
20042
18841
575
16174
8419
22026
13103
21494
525
21812
10458
6547
20168
13343
13983
2273
8233
705
21426
5738
6009
21888
20904
24584
18064
6466
7136
18090
17576
2200
9333
7204
17454
9027
7971
24050
159
23904
2755
9050
17616
24722
9179
12844
22648
22150
20602
12461
2041
11739
2005
17444
22522
10296
24364
11562
6184
21256
16295
20953
12849
1937
7050
17753
5845
3693
21600
8065
19315
17820
7955
20827
2909
11227
12769
14532
22414
23474
23142
12009
8597
14973
10511
6515
4868
9294
24355
18325
6615
6191
17794
10024
21823
16787
18570
7385
59
12260
20632
16858
11001
17422
3283
4579
24011
351
2745
16810
2965
20538
8292
1682
20344
1197
10353
11284
4322
353
18329
14151
21551
3903
22297
23337
14464
7177
23772
1880
13004
17824
11935
14689
796
7488
19168
15138
17281
20565
15464
4784
18513
5963
23246
2347
9594
10175
11445
5107
14621
13604
21472
14079
3145
20222
8596
6163
2589
14378
20526
2614
19264
3673
7934
8655
22237
15402
18047
24166
21996
11175
7125
1107
13863
18244
14638
18084
13746
3909
21931
12012
6858
859
18479
18842
12714
15310
4297
5395
6797
13378
23293
3306
7245
6272
13748
7746
20768
14774
14466
7885
17930
11758
2871
7781
16301
16258
15407
9835
9485
13785
6190
2014
5165
14229
19561
18270
7671
20871
12249
8448
23219
19987
20247
17547
5014
13556
14123
9131
706
5405
19234
17701
5533
18601
9323
23872
18581
11364
14151
9936
17064
10617
8119
1349
1000
15635
22845
19305
24173
621
9609
12825
8503
3460
12456
5031
1513
14341
12176
13608
20261
19136
14065
15503
3397
24236
15416
21384
104
6217
19375
24609
14737
16005
20851
23336
5496
6805
23391
20110
13936
5897
330
17825
20769
23886
5222
24417
4694
7625
10719
22806
14431
21617
21632
22109
7413
18732
24563
605
6813
16920
11839
18407
1648
14899
271
19010
18062
18371
19197
8294
16757
21311
21978
18829
9648
11447
8302
7146
6233
22692
21116
12431
890
11890
20812
20399
9496
8494
21367
6268
7340
17092
18037
10449
15079
10746
15324
19913
22215
5729
10487
13450
15615
1887
6123
19346
1833
5438
10669
4368
12943
19653
14553
4044
19726
1473
24799
15071
20979
24132
5739
15240
6016
24387
6995
6670
12220
4401
9028
16928
17929
15542
17969
15852
7145
773
15288
18708
8226
10761
11233
23138
3224
8292
18757
7769
18300
1252
11346
2987
457
3961
22575
24845
10274
5415
15382
3784
22748
24719
821
18645
12563
10427
10716
16335
24322
22607
1593
7552
23871
5965
22315
8656
23430
18608
12718
23557
13139
22220
19545
13884
12753
3059
6124
12542
24857
6529
775
1459
18696
11874
10042
14211
1942
126
12445
3341
9102
11647
10852
11201
8075
23239
14347
650
681
10642
3410
8125
17590
23371
24073
22282
20672
7959
3967
8104
3224
19023
5953
13320
22600
13194
10296
14731
20786
21090
15883
24745
9670
12527
24712
2612
13442
2163
16723
11912
7149
3544
9263
17279
13950
17388
1057
23482
12725
7119
12248
6276
9813
7942
12009
3364
7894
12098
11543
12607
8499
1907
1862
8522
13604
22209
18502
5944
20401
12166
11343
9349
19737
23505
19997
14036
6520
19013
2871
3433
11533
17332
19059
7574
19004
21095
15664
3977
6872
10476
23887
20505
10356
8621
15246
24470
22827
6319
19943
11542
7520
5244
9295
10503
4431
2033
23463
1833
8070
10536
2956
9185
12006
17512
14059
22767
18405
292
16729
5390
13549
24530
13594
4464
20261
911
18035
2782
10984
24298
19218
22900
20397
10874
14241
12234
9074
12256
15888
23601
12919
5602
18481
4494
10378
20760
23389
11071
7856
24201
14102
16160
1307
983
15246
18317
19665
1129
5721
15441
8357
19946
1948
13141
661
13659
21220
19579
12062
22093
18890
2586
14558
22503
19128
5651
20997
17963
14178
3842
12210
6084
780
1956
5551
9926
6858
24001
2178
17280
14613
9683
5724
4870
20299
22485
8873
8684
17457
20014
489
14390
14266
13231
23080
24020
3347
23100
10602
1998
9997
20252
21297
22679
13369
11413
23298
10524
12294
16258
24328
7639
13154
6093
16572
19987
14887
22785
9473
9041
67
22392
23618
9671
5837
6157
23900
8037
9558
15127
8936
1291
2869
2421
17673
2812
11384
18199
22727
5813
861
8729
2006
3790
3633
15998
19619
16870
21701
11771
6997
22248
6251
19826
13145
17765
8749
5360
913
1130
3571
453
12404
4998
10626
9695
21106
12891
7511
20596
20561
24976
24066
17461
13486
22970
18530
1649
23022
700
10543
6682
19957
10095
19137
9894
8254
11140
4907
15349
10093
22367
13203
12016
14206
4844
20161
22718
9453
18107
3026
14797
3106
6066
10306
10918
22897
1062
14252
19445
24792
17113
6930
6098
14108
2304
5372
23833
9224
2724
4756
10672
7669
10341
13849
11011
19783
15720
8145
24520
21812
21277
20157
22673
7293
893
10110
7662
20417
9627
12341
10908
18326
2444
19849
15157
87
12921
16526
13732
23855
23276
11437
9948
21331
17939
4181
12475
14965
11377
1389
5007
257
19661
4292
8364
16816
5938
19804
23805
2663
23081
9919
19158
7457
17824
5179
4461
13902
13497
1440
1249
21345
10257
9756
18403
24931
320
13512
10306
14395
15386
21538
22093
17569
17772
1845
7421
4054
16182
17904
6574
12985
9587
6107
3069
11426
12720
19376
15163
553
11038
18772
6439
8497
12662
18371
7083
22806
5135
23608
24369
18955
17502
24262
24180
10035
9969
23232
601
11450
14923
10086
8077
11027
8919
24292
10092
17784
15401
21451
24605
14496
12901
24317
11370
17923
12111
3816
17721
24134
6311
24379
15403
1613
5445
13803
4354
24814
13056
14075
21317
18150
16132
6177
10816
11293
23823
17647
16182
4644
24377
10157
15207
19633
2137
4300
2145
12565
7847
10543
18004
2172
1707
1064
4409
15520
4887
23038
6811
8181
9894
21989
576
14406
6371
22428
3312
3803
18096
197
11381
13647
18043
23410
2449
9473
20683
20481
15158
14686
9599
18783
5968
3786
20629
976
1137
6283
2926
19756
19812
17952
23082
17584
9301
19226
17398
12278
14537
5732
10913
20819
14947
14670
2224
14153
9550
22213
2809
139
7648
17928
17650
9701
9447
21383
23178
11678
9191
16144
19110
14648
6704
3670
12666
21504
22292
591
7161
23810
3062
5430
17655
5588
14833
283
6651
4882
14619
5881
9563
9358
16957
17425
21583
11931
14543
15654
4643
22003
20150
14780
5714
15141
8137
22845
23956
6853
16811
14759
3260
24795
4727
16023
17010
14005
23872
17545
16470
20636
20247
3905
10195
21348
4247
756
1502
17929
16364
11732
19451
9043
5164
12997
3799
12097
1966
2974
17500
5010
11427
15797
13432
13784
1819
16651
14640
12903
19345
6547
2473
6035
5010
20311
4120
9477
23436
6497
5602
24555
543
23142
13413
601
7396
16050
23014
2257
15446
7870
18229
544
11930
18325
4160
16963
1742
15543
2505
13547
14883
21542
16868
3874
22799
8090
13863
11097
2088
17387
14104
3549
20876
1768
2625
3743
35
9912
10970
1007
19630
970
10188
4886
4605
10975
17185
16491
16591
16923
19325
421
10967
24729
14149
10250
12047
24026
2870
5095
12171
4752
19538
9824
12072
16560
9562
12620
16694
14659
12811
18202
15725
12092
21707
5092
17502
9316
9136
20715
7779
1144
2168
1154
13199
12009
22118
23668
5288
13771
22038
17705
5703
24895
21194
10948
1488
6160
10912
410
4689
11613
14757
19540
23053
20103
6023
19022
4126
22462
8284
4915
3871
12206
10300
8389
219
21081
17410
19350
23266
7210
8378
10073
20695
15961
15505
19282
3576
17825
11802
10087
17876
24926
20477
18314
3060
15578
11538
1792
11881
9596
14521
8895
18542
1803
11958
23123
12092
11315
1024
1445
24734
24221
10444
10005
23803
20513
21745
2828
10306
3346
19402
5054
18711
1045
10601
7379
19054
3365
4334
5883
18707
15268
21392
9093
7486
8838
2569
15339
2577
12285
4481
4872
23194
23668
9831
5456
14917
9549
4297
9168
12049
4851
21845
4212
14674
17776
6915
17239
22471
15727
737
12664
18306
23901
4039
22142
13794
20346
2666
12931
1940
17751
1965
11165
5201
36
22122
4729
11459
5843
15251
6964
13616
7292
976
6964
11758
18611
1542
19662
24372
24437
20560
608
5444
10974
21525
16230
11952
13974
2955
1239
9260
16969
17254
5059
5416
21658
7756
593
8152
12359
13507
3797
11403
9552
1925
216
5124
10317
20140
855
11677
10330
23152
22076
3180
21
20567
13048
6091
10469
15118
16771
15546
8570
10183
13560
5474
20215
23961
1173
572
23981
16992
7154
23902
4361
21440
2751
15902
2228
17599
24886
11800
21774
15398
14936
3022
7627
14948
201
11865
24488
6352
5804
18799
4199
21982
7263
7123
10229
15981
6630
3411
2417
19415
7050
7445
5169
16840
3043
449
24204
13415
2321
18075
2081
19832
23864
9591
8352
22191
19558
6647
1410
13647
12536
5538
3354
18985
10652
3120
5101
7876
21195
20399
24948
2817
3094
14415
17301
2579
13495
19437
16284
11226
14169
18581
1251
7232
9641
24243
6571
7800
10383
22058
8957
3960
11887
14446
7582
15798
11613
12365
15982
2280
5246
16112
15940
3523
1899
19781
3727
14260
17637
17642
19477
2256
5582
6461
2755
5042
17225
20791
24295
13699
5779
10066
11707
23948
24973
17670
11477
11017
983
4259
14149
1252
18233
3610
24744
20777
22640
9184
16670
18976
8537
7341
16065
17496
6421
9589
21940
11210
4413
7537
21050
20458
24221
19067
14292
5227
19133
5385
14416
15985
5510
6848
7371
15630
14656
16623
3265
3329
1798
13105
22040
5963
16828
9367
17269
15304
13928
24392
11463
15045
18352
6045
13861
7121
24888
3375
9324
2345
22305
24291
21462
21029
1143
18623
12845
1804
2494
4078
9167
8841
6760
9134
1310
16003
7499
10630
9408
11627
5974
2651
4330
6450
8607
24536
2640
24157
19361
20394
18401
18704
18952
24075
16039
3820
12444
7895
9051
5347
1639
16253
2415
3092
19563
6000
15592
20929
21225
20771
5811
8674
11376
1138
10686
3385
14117
24726
18944
2457
9800
3907
7142
3313
522
21572
12201
5638
5118
22037
11595
7306
17844
11761
19446
18710
16225
15011
14994
13227
362
7552
15037
3332
13172
19998
14160
20907
2318
17159
21541
10559
24653
3216
12468
5235
16112
12304
22867
7722
18668
16652
4082
4520
13025
18475
9683
20968
24739
18217
16866
10655
14628
7705
6438
7304
21390
6288
18698
1966
21732
11324
16289
14616
6058
14528
16846
10965
7629
15775
19028
14636
20143
2822
4470
22859
956
21005
15588
19019
5459
23658
20005
13291
12993
6371
9303
19467
16762
7914
6648
9719
9047
6282
1289
12605
11387
2829
695
14690
24712
23666
631
13783
19539
22034
20714
653
2885
5528
4588
17905
13673
8005
5268
6604
6414
19616
18388
24296
21970
1125
22379
23390
15474
13406
11315
11702
989
15997
7066
19907
8105
4907
13683
24941
13184
16965
15235
16981
13573
16044
15162
10192
3394
3435
4725
22968
1286
830
20498
1176
22614
17175
24586
8870
2490
86
18916
23722
1249
641
11991
4052
5769
20761
19742
21235
491
21678
56
22129
20684
9547
10197
23950
6297
20852
8127
7945
864
16954
21194
2775
10181
9785
3569
4049
6638
134
11375
24958
24916
22997
22212
12203
18915
24643
5369
2435
11172
20806
8546
5079
18006
21530
16762
15562
11088
16759
22181
14012
1198
7238
9784
20351
15436
19797
9318
9927
11923
10549
18576
14710
20998
13202
7523
18006
18900
2637
5492
19747
23975
2692
13725
7844
17070
16274
141
9434
12061
7658
18090
3998
9698
18631
21955
1312
14758
24775
15853
17720
7924
18879
2732
8262
11271
8888
15090
8291
1607
1464
20135
19153
22250
19228
20114
7348
3706
20226
5537
13792
16371
11745
24388
20507
14039
13867
10337
22698
7395
2636
11066
11759
20138
14712
11440
16144
11319
10745
11834
9668
8397
12846
13005
8034
13036
6930
6545
21538
8931
16306
11917
3933
22165
5579
13199
1441
13746
12261
914
6169
7438
20066
10591
16085
20272
5446
21968
9760
18735
6646
23652
22432
14792
829
23753
16141
6701
13868
1667
13288
491
3647
18510
7849
23905
23684
8865
9546
8560
8017
4124
20720
17496
16276
22012
2775
18824
9493
24925
11671
11792
18928
23154
2530
6444
9508
8822
8889
24786
14053
20178
17664
23319
11734
202
14181
11080
20823
7030
692
16211
24934
18247
10664
9497
18286
4011
20185
14575
12246
7620
3927
1242
17732
5726
20322
20987
186
16426
18523
10630
14438
21597
17931
18327
21465
3504
13605
19575
10433
17477
1533
8194
7422
4127
20949
5283
14539
16159
3394
5790
14154
19166
13687
17691
18592
23587
12298
6793
5417
22678
17456
21794
14316
6469
13487
355
3110
14676
21578
2592
18650
23086
6574
4728
14034
9766
4947
4631
9371
16497
7322
23395
20220
6283
13302
15288
24259
18228
24859
8239
4406
7408
862
22844
6940
18634
17708
20098
7562
2111
12395
8789
21781
11749
1061
19849
16120
24531
14510
21849
9070
843
18457
22469
7285
3433
11794
23183
18062
23439
6287
16580
15026
19638
21496
13824
7311
23767
2706
2348
13975
2174
7155
5895
17112
16945
15586
6513
6123
7423
552
2222
3577
1964
11057
1444
1125
21238
14652
16173
16785
17136
17040
10431
11369
957
10331
5193
12992
10660
11387
19159
225
2878
9931
9755
23009
15664
20690
6447
9029
14651
21601
22707
2130
4515
13880
3139
14604
4823
19371
17373
11605
9673
173
6241
457
15292
6471
22018
11901
466
14792
9470
18742
15867
20498
7439
1906
12079
11735
19750
23291
20375
15878
9715
24185
16470
528
8783
16471
3420
677
3136
8702
11162
725
4140
24609
5223
16626
7279
4402
2232
11993
2312
13212
2826
11992
2215
14330
2767
19403
19160
506
20012
5375
14995
21510
11407
7408
19714
21176
10435
14361
18476
11653
10592
21801
24481
18996
12491
23887
16439
17435
19931
1456
3656
5396
20306
15530
15338
3483
11230
5091
23397
10341
20304
19774
14295
24081
17718
21696
20097
17094
7080
20229
10221
18084
7055
12960
23936
16070
11219
7214
19966
9688
18159
4152
17066
24794
9910
13596
21368
13721
2
16684
13897
17561
976
4938
24567
5394
3462
10674
12409
4722
8204
2022
21431
1056
19318
10913
22324
21203
4149
17724
1563
3872
20053
23755
14411
3951
20677
23765
14248
10183
22869
7084
19873
13902
13689
10807
5036
11517
4335
8801
17050
15237
20541
3099
21179
17168
17690
24
12807
20471
11219
19884
14995
2148
2214
349
23281
13916
9177
14349
20220
213
12356
6028
6271
23546
372
21015
8364
13412
16173
11009
9737
9378
4181
13582
16526
14870
4267
7605
15343
7822
11859
23298
2361
16101
22995
19909
14831
19477
3421
16909
5060
5286
24553
7790
8979
18152
24157
14303
22598
5439
12957
1033
24907
17411
14926
21783
12818
20594
22026
23642
20051
1946
17699
1117
12648
14257
5940
14331
15957
4480
21350
22227
16895
12836
11306
4113
7227
7880
20267
6320
6137
18094
15796
8945
1991
538
6226
4247
8573
2883
16602
1705
17223
7460
2197
22366
14618
3037
22551
15087
6869
23200
24314
7277
1349
13635
18809
4076
11133
18421
11250
11490
18945
12772
17643
14779
5245
15341
13903
15615
15805
18127
13122
461
5013
3018
8464
3034
14806
17010
5741
14471
7757
7367
19316
20006
1760
6196
23784
19473
18002
21282
14070
18116
18183
9825
4403
16592
15586
21203
2099
6314
6069
8727
22328
23126
19233
13453
22489
3751
4095
24802
5580
3431
20328
7658
23580
17204
8630
21690
16619
1596
9177
7957
7894
9894
16427
24899
6321
10455
7568
6251
8698
15799
16411
19412
14588
10659
8837
11704
17703
4196
9584
24327
22144
8538
3646
21923
24284
16113
8379
13119
16930
18957
14776
11892
14870
2917
5240
6667
9173
6660
17563
21383
7791
18973
16367
13302
22657
23066
19598
21255
14712
21502
19378
18117
12677
4252
15604
319
9687
10431
16199
2937
10464
6831
22866
18536
12177
24562
5540
6617
9274
21947
3764
22353
17411
22404
19333
17035
6553
7692
6795
19428
3072
9071
3963
7723
13844
10943
24946
13564
14560
2409
9238
15767
22120
22302
24295
1342
21037
24282
24990
7187
24370
5657
2522
10314
16872
23482
23911
7594
8669
18873
13853
19097
7260
3617
3644
141
704
6510
12238
22769
24713
7244
23037
15674
6044
4210
328
496
18396
21254
4348
4413
6100
6694
21239
1127
7276
2180
13063
17849
15837
16507
2799
3806
16028
5178
13626
7180
12479
11858
18290
16711
3956
9178
20587
3121
9942
18075
5476
171
11516
23735
6415
7432
1689
22287
8213
4230
15531
5443
22547
23601
23867
10140
14242
19507
3748
11665
7618
17190
16665
16906
24572
17781
17580
12506
16530
9229
3522
7820
18101
19439
16948
10256
23557
11125
909
9167
16423
18452
21017
5623
6716
9463
9138
11956
10215
3213
11501
15835
6008
23873
24426
13385
12445
6240
263
3973
921
17169
18216
2337
17067
8776
13973
21424
4803
19504
3022
22618
3340
7938
15490
6839
17607
9916
7318
17176
3854
15502
15609
1893
12203
21113
9045
48
1612
4034
4361
17792
4081
13868
17608
4998
2198
18766
5675
23376
9478
8477
8188
19592
9874
6831
13910
11672
9847
5617
21858
9363
13012
5465
9569
981
1702
3680
2263
6498
2312
14071
1371
21258
15223
12636
11427
17459
6293
14544
3376
5789
4716
15957
2731
940
4173
10211
23522
11365
12343
15718
22208
11060
7425
1676
7392
23856
16881
6450
18480
2645
11670
22634
20564
10586
24521
2231
21501
2628
14841
13291
22518
6145
22429
2095
9515
13687
2763
23724
18653
14061
19136
12644
4978
1948
14862
15919
17701
24297
19993
3896
9018
16739
11719
2883
10750
18001
23045
14847
20623
9082
7598
19457
950
9364
7508
18904
18278
20977
10390
13627
3281
18407
21502
12187
19931
21848
10222
3589
15698
2030
22811
6440
8628
21700
10514
16099
24492
4675
9188
2250
7680
24234
15110
24317
17954
19461
9211
23951
20627
8774
1112
3029
13221
16762
12683
20550
11195
6675
1516
7400
13017
957
12446
16466
11046
16599
13254
9427
17743
10164
5033
24855
16616
11609
22549
51
22739
16033
390
8136
3691
16539
20720
10706
21904
11716
23076
3298
13538
9961
3327
406
1719
2576
11968
13128
18844
14498
19474
23426
17947
366
7805
20832
14601
2234
5443
19153
23510
24719
7781
12528
1485
2270
16150
19992
18022
2929
154
12988
1842
3194
13344
18637
2062
16482
22093
16121
13415
23479
11903
69
22477
11959
24637
4366
23933
17768
2949
1651
1324
12074
12521
827
20913
11359
1885
19915
13427
21562
17220
12682
11250
13416
2871
17155
19803
7168
13208
17067
24067
16610
23240
16427
2160
10676
4534
5446
17967
13511
23332
222
20742
11641
14960
19064
9497
1997
16176
16300
8675
14985
7596
15523
8866
21179
17298
18791
5811
3731
22857
12648
8015
13040
9688
13363
4062
20612
23171
4536
19509
6719
20443
20541
6022
14905
20058
14557
6553
8563
20372
12411
12869
16015
15810
4933
9552
2873
746
21351
3871
21021
13747
4325
7440
3002
17614
19181
13231
20202
665
1666
22067
4071
11836
22962
23701
5124
21996
19272
11823
21690
7341
20323
19189
15831
3545
7745
10813
8349
9722
20591
14461
3700
7116
14411
18661
10942
9992
23762
4791
19622
24730
20462
10386
6357
23977
11651
11513
14052
11621
17955
4394
18195
12652
16794
17116
22027
574
4772
13321
2326
1236
16643
23644
22596
11502
19458
1591
282
9429
16125
23661
2217
13101
928
22960
21498
8179
1288
18604
13746
22217
20829
17872
8547
20489
7653
21261
16389
20041
17404
19373
14201
23184
9477
11986
15070
12763
21241
12650
6166
22484
13158
23964
8013
5501
16811
9541
6633
3228
987
11737
22906
21565
10809
7351
859
6834
11540
13782
13579
14290
9784
8949
13474
22178
16899
18888
13605
7423
3789
1054
14659
218
5579
8791
9220
20354
23637
23113
10995
12601
19182
18419
17349
13245
24787
1714
20060
48
18958
500
17977
22887
417
12780
13757
2110
2392
801
22020
6741
16259
20092
23298
13917
4931
24419
18101
13938
10951
5417
23879
19747
8208
21211
22229
8494
23218
13868
6806
11747
12043
21801
20385
10540
16916
13438
7441
11463
6728
14605
14144
7091
10072
11175
12275
21052
17946
2041
4951
1324
3631
5126
24254
15437
22771
8683
933
563
9228
18600
1001
1065
3327
5074
13547
23041
9723
24297
6257
7354
16259
13168
981
1941
10671
17282
12108
22393
6345
17312
870
15470
5888
4475
20515
19550
13166
3993
11723
12110
11950
1535
19691
10483
8868
18398
13101
15813
7731
11449
15576
12874
10314
2439
9385
9002
10174
6652
21304
20480
23461
20161
6006
705
8689
22447
8035
18900
7947
23793
6715
17854
2427
15817
9925
12566
667
13672
24222
20300
5760
5774
22519
13766
12200
3513
5349
10573
14805
4018
17674
16490
1129
171
20688
19641
16215
19867
9876
1049
2865
19954
18357
1697
23153
2153
4102
13485
18030
7827
2075
12767
5079
11375
1259
1096
10180
6731
9265
23457
18478
7035
16200
7205
6758
997
22457
24363
6931
15813
2978
10496
9826
1026
14175
19466
4142
16658
9237
6865
24754
23350
17152
12778
12038
210
4937
2446
975
11788
14506
21315
12310
1982
1807
10643
8199
21030
23017
23603
5865
14684
12725
13818
19805
21362
2085
24828
12743
11334
12629
15463
20206
4588
12458
15031
3733
10118
16882
12286
7914
21608
8982
14582
23168
15471
7514
18524
19354
6604
7441
19175
7345
8344
3039
22916
4831
3137
3350
10679
22777
12468
8574
22882
2361
12356
6573
2625
15617
5098
24005
12670
18547
15010
1215
19533
21211
20556
4227
10821
9086
8262
3244
22849
20858
12673
12405
21691
23524
6306
22769
1816
16598
11629
14576
9790
1722
1813
19186
19151
19341
5503
4695
23947
24207
22815
24834
20061
2189
22628
23940
15362
6132
7157
12259
16184
4155
19136
3657
1381
12535
16039
12015
21141
3810
22759
4206
1746
10658
6021
11165
6607
4968
16513
6284
19476
6113
1377
3736
15872
17408
6986
21715
20419
8693
11789
9731
14869
17396
9014
12703
10262
14854
12678
24105
5901
4731
7571
11900
1906
4254
6809
17050
1142
10562
17511
23359
8303
7855
18139
14403
20192
5161
8498
4190
4420
3974
5359
16483
16328
18870
9549
7650
18517
15723
5626
5083
18165
18041
20646
20622
16300
3697
6245
23424
10083
23264
14092
23671
22126
20214
1254
898
15522
17444
8154
1354
9107
1410
19087
5439
19324
12100
17330
7890
1879
20020
19115
4909
16170
20685
4521
7806
12825
3069
16585
19791
2031
23940
19938
21419
75
3453
10906
8485
3225
24485
5628
9854
9370
6192
8549
9805
16335
12830
19643
6188
9209
23741
8914
314
14986
6142
140
8772
1672
4300
13279
20990
23039
11314
21667
17929
22471
10185
8207
10688
10421
8761
22018
12115
5283
23171
12772
7230
4404
20727
21204
21189
24102
12115
20053
11578
16516
13473
8079
8860
8268
337
16550
15252
537
2752
9891
1533
16915
2205
11978
23717
20764
3962
12426
3900
13435
11548
12701
5670
1190
16323
161
4187
17066
15073
7079
8951
4741
2258
7113
22472
10528
4666
9145
22185
263
10537
11277
9283
2450
2813
9596
15647
1021
20391
20253
14842
9636
7480
560
9148
384
20227
12575
11868
24314
14736
6828
1713
11234
24186
18183
399
1767
20439
8628
18293
23749
2321
19216
9803
12081
19915
835
10388
10727
2904
18066
16244
14731
12070
13183
12050
15363
2994
15347
9804
8945
17622
7904
17989
3586
9152
15602
23435
17557
14892
18150
4812
20989
23752
890
19781
1825
16885
21582
11968
22665
21396
16919
16101
8474
4821
3627
21148
20512
9785
3793
9620
13138
11754
17622
7539
7062
8510
23270
17626
2814
15855
9160
313
24888
19316
14760
6852
15651
15696
10298
15844
18194
21141
21068
18626
15000
4948
12418
5210
18578
5689
5133
12210
15206
23034
13983
8125
24072
476
24438
12824
18795
15780
10200
22009
16589
12305
7808
16251
4207
23513
18503
11608
18443
22345
9672
18695
10317
23651
13248
8740
4582
12219
4084
19670
21062
22053
13608
9585
19266
18061
19919
24142
23647
11215
12613
22586
15027
24077
16046
20987
6640
13252
21318
4678
7129
11654
6800
17281
14198
7346
16394
1256
21716
14999
16977
8774
18110
11563
11702
22149
19194
5317
14513
5610
9185
1620
11821
7757
7295
1611
15346
17722
15775
15784
7949
4455
16334
20825
4222
23130
696
18670
20500
12626
1943
9947
3143
16292
3000
18934
20289
1759
20237
13690
12629
8807
15830
6163
12421
2001
10006
18463
12389
8472
7341
12835
24825
10034
23957
13722
15291
12448
4686
22587
5531
14476
9102
6802
18529
16113
23002
7907
7283
14106
1709
7385
24606
6868
11845
16972
1478
16150
7658
24273
5084
7118
1951
870
22433
5729
4751
4279
15875
4939
276
22555
15827
10410
4607
9533
8223
10622
8577
17995
8982
10753
21283
22056
17810
233
7644
4414
23043
14457
21867
8945
21530
12316
14384
12374
22290
19587
1045
9683
12143
22039
18256
22732
2936
22252
17973
12253
13433
16370
23050
13940
10432
4600
11623
21613
17954
6597
3116
2339
21116
4092
4407
1284
21494
7535
772
8418
23372
16841
694
3012
2721
22335
20741
3735
18932
13755
14292
10025
24785
7644
17486
19598
17398
4425
7129
23940
17319
318
9057
5254
11021
13904
11258
23050
1235
10436
11421
15233
9721
1457
5404
24866
13529
2970
443
24396
9271
23230
11257
6739
24277
6945
22235
2366
6374
5312
22449
8095
18663
898
20199
11750
23440
19328
15073
5228
24679
298
8231
64
20595
16047
15910
11189
19086
5676
5864
2303
15039
3825
13564
20435
14934
18453
23407
16259
23167
6923
4529
12919
11138
7823
11664
24603
20705
3025
331
8241
3400
24109
18927
14134
21566
11648
7070
5173
18652
16438
6594
14602
18212
13449
20001
1731
24722
15976
426
1679
7196
18961
4335
2738
20440
17971
10186
4428
15423
342
16204
21891
16609
2460
20666
22254
11982
8668
10462
17919
7393
9053
546
20860
8664
15368
23691
2271
8324
9841
9204
1121
5943
7137
9190
4975
21267
10289
12755
4428
14236
11576
4902
19810
23472
7425
16067
6145
14706
11707
15415
24345
17986
8360
15522
5583
7253
8670
6296
21361
8758
5351
9097
5426
22124
19915
17700
19899
9967
9222
6064
10036
19204
22961
24275
8098
3967
17783
4391
20790
12698
8438
9254
23757
21984
20538
1228
23251
20478
8430
7883
3683
22262
10731
7796
23870
21350
2317
13484
1377
17854
4498
14563
14887
13725
7662
19308
23874
11750
15284
8918
4897
1104
6211
12410
14714
6143
5886
8358
18693
6752
2616
2936
18746
19957
18185
24960
13589
19034
17577
21553
22844
11445
12442
6319
4853
24511
10859
6180
12059
21450
22558
18287
6626
21177
24966
4850
12834
21245
11078
160
9970
10571
7880
21092
14142
2979
17542
8125
1177
24066
20498
14319
18704
22611
19177
24470
1295
20086
1035
1826
3135
12851
1002
14951
10760
23583
6533
18165
14732
2138
14604
11171
5779
12238
21439
11044
13192
16957
8311
22565
12994
23738
2050
18795
21143
1763
17072
2466
12915
9660
19191
11633
10616
5076
13728
10863
838
6869
16098
4965
17736
2801
8266
7572
5600
3084
20432
5583
21810
8590
4447
608
2597
6661
23547
9506
24503
11685
19056
6202
24701
23043
23451
15141
11798
20732
7549
20558
17127
13736
10944
5846
11985
19884
275
17332
16543
24199
10264
2254
14062
2615
10762
6574
22321
3591
17564
11887
3796
11202
17127
4199
14847
1248
3440
10486
9630
2778
6975
5000
13957
9712
24312
6213
18819
24517
3749
5800
17354
18382
21740
19620
592
21698
16627
416
24612
19063
12697
14303
21056
9064
23567
20792
10972
1132
21980
13266
3786
3781
18283
3728
19778
1275
14779
12867
13959
9831
24130
20089
22852
22489
13142
21320
3269
5846
17292
18268
11888
14969
13578
18690
16504
2793
20192
12167
19894
21842
557
19275
10754
16142
20773
5327
4963
20106
20840
21147
21990
14252
18700
19967
19074
6408
17143
3029
21062
4574
5304
12802
24683
2350
21431
12879
19469
17811
24209
16908
2495
24128
22510
21847
8743
3346
16998
8928
6754
13684
22137
12662
22881
3630
15222
17442
6737
13493
12918
14877
6760
429
12656
24852
10527
3563
13505
7416
22435
2593
18903
742
19034
5671
25000
16872
17345
14555
4411
4503
2455
15800
19756
15292
14901
19072
860
11860
22550
7799
10958
6171
24889
18409
24318
5703
23361
23818
24360
5491
18326
10514
12818
3717
20747
11924
11158
22724
13462
14520
16017
21695
13505
9542
23635
18671
5843
6699
2418
4713
20441
5654
23502
1546
13021
22184
20924
24289
10330
7108
16225
19358
7429
2662
11021
8398
8501
10475
14903
1720
2711
23318
19826
10427
16488
24992
6142
10421
15811
20540
4223
24265
7725
2510
21610
3820
9760
20928
4741
9229
18886
18782
1278
22259
13899
10350
21145
12742
22930
14163
12110
12524
7111
19855
1871
24980
9599
9860
2283
22706
11584
14897
21052
18326
13163
14427
4789
17356
2482
18987
5213
20956
1201
22726
2056
15085
23830
19294
16846
994
22172
1611
10213
14754
12820
13966
7090
22454
4220
12129
6501
13986
7968
11806
14690
7068
22242
8078
6089
19975
21801
6082
21426
1399
22123
24668
22283
8412
1018
666
13327
23305
9602
124
6
7614
21740
2997
24847
23926
8034
16582
14281
1059
21225
5073
4548
14922
13191
21888
24137
10561
16719
3232
12882
9880
5649
7350
15153
705
10937
11717
20268
10423
9111
17628
24518
10117
24449
17267
20233
12457
21684
3248
17731
18041
23945
15163
14903
12614
13258
11545
776
23173
19404
21862
1356
14522
23629
1556
7464
9871
3063
22117
6460
18036
9296
21318
17326
7233
5717
12219
18673
24775
15705
4560
1451
522
5985
14322
10781
24039
13711
13110
8426
21748
20902
3757
23292
1117
20841
15344
15499
19888
19906
6197
9933
13432
13052
2349
17435
7110
10953
440
4804
19683
4393
17505
1492
8408
11096
740
23485
12860
8098
18801
16073
10943
7271
3129
1398
15019
6668
24087
15893
18906
3932
19540
15953
24029
18963
13114
17038
23503
19410
518
257
7397
11740
3515
13400
10286
21780
23359
6652
6966
13015
9610
8459
16798
20745
20458
1879
22788
5849
1677
19094
2925
9625
18825
24174
15141
12210
20487
21113
21119
9250
19971
13275
24814
13269
6306
4634
24784
24650
16258
3409
20798
12189
7740
20628
4265
4640
6555
24186
14385
309
4287
6380
11702
4448
8776
177
5256
7042
15821
4706
22325
1086
5667
7579
8833
8649
18736
6997
13839
3889
2714
14126
22143
7007
15444
18143
22416
11939
13788
1172
19460
22802
4357
23401
6510
17841
17624
10511
16132
18582
12560
10498
9364
15795
884
15327
4790
1474
21267
426
11745
20274
12056
19592
12766
19429
3757
8237
15860
3235
24330
18351
4712
18634
24146
11419
12906
19002
14480
13264
16498
23099
17766
6237
10488
20310
9919
4773
21497
17325
2485
16632
13582
8116
19205
2080
14103
24500
1339
12561
9351
8443
6655
18929
3853
13238
13772
24389
5077
12732
3397
1153
4337
23847
13135
23416
21757
17212
15133
14284
17747
17106
21998
8975
9183
14702
13685
12118
3876
16242
22076
19612
9033
2138
3617
5824
6510
19215
8772
23774
6059
9743
4488
4659
3511
23037
16950
21360
14294
14860
19230
2649
23528
5436
8318
16661
3844
1608
2764
19795
24197
22548
6391
14708
319
10459
1714
6085
24693
21150
20286
180
9677
10625
17926
14150
21624
4900
4598
5396
7257
22711
11599
20799
24605
1862
17936
21564
10058
10098
2625
7070
22123
7141
11494
3331
2558
14845
1293
15646
555
14983
10266
5980
24587
5080
15040
7696
10940
16133
19935
3018
21926
15000
2380
22910
3232
8287
8967
21619
17048
5740
163
24454
6371
6445
6630
6365
14045
6095
4591
12659
15360
23209
2529
7961
22270
16388
17862
21049
2453
6600
2309
11808
10349
22208
3107
6474
6746
24796
8902
4794
17430
22830
11726
4886
3378
9517
22763
14984
19268
16673
14717
14120
12578
10878
119
18121
2553
14298
13412
21506
24908
24207
11064
8578
10781
9149
2028
17077
21774
14257
13761
15622
9046
8071
8794
19827
8078
22767
20224
24008
3074
17067
351
24579
8804
13617
24623
10481
18341
20079
17566
4596
20166
16036
842
16111
11040
24830
1591
11008
9433
19980
1147
11172
23454
12965
5590
18506
16499
10531
17322
20949
6486
8961
9541
4984
12683
3551
19333
13491
19113
7256
24839
16489
24697
17510
15869
2875
5843
4586
14970
14843
9927
2615
11234
3395
9061
9385
20368
4674
1332
7583
24715
3098
2807
2551
11970
1191
18449
5285
23067
19740
24460
12
9100
3706
9774
5423
12877
10348
12244
2757
8916
10197
21050
10026
22311
293
23052
392
17482
13000
1295
19157
13016
21011
18770
2415
12161
12994
22938
10015
17022
2524
16047
13392
6834
17742
3035
2027
14024
21620
11066
23828
1523
904
14907
12732
6825
13205
4390
6947
9187
5420
18263
9634
22242
22712
6179
13589
5623
22549
15880
6209
561
18106
4981
2728
11961
5858
9799
5844
5753
11891
21728
10878
2819
8656
19996
6561
10886
9556
5361
10273
690
24790
10454
3367
6378
7524
3481
18866
3436
14195
6020
16733
10876
21099
10798
8536
8047
21329
5688
20918
8337
11404
17177
11159
7910
24314
13113
19961
650
10865
23823
13166
18059
11160
4562
659
6537
21672
2971
3315
13692
5859
1416
4926
4966
8705
12980
17064
12913
18595
21418
424
11959
11822
14605
17094
20856
6784
19593
15830
12925
12567
23465
18607
11537
23807
19204
9330
1635
12819
6180
4975
24769
20712
23791
1258
6207
10057
5730
19604
24135
16176
5745
4353
15832
18248
15877
6565
24120
1630
7014
11537
20791
23546
13822
23415
22475
18839
10486
11532
8202
10982
15626
10841
1907
17739
14873
3491
11875
10823
13717
7336
13995
6335
12778
19776
843
2907
14160
9339
21153
13639
18992
15515
7351
24804
7004
18379
22079
23420
5116
12837
17058
15364
16298
24942
10664
156
23194
5639
15078
4973
17439
23863
8308
15064
10303
17466
17726
22340
2481
15411
24110
6179
5552
24386
2423
18257
20711
12647
9241
24634
7874
5083
13917
19774
1451
17686
9648
17234
6110
14831
1168
12958
3103
3846
24197
8887
9392
9183
15794
17146
15225
20052
19635
15179
21287
9332
5145
10796
9801
13239
21761
531
15909
20882
9663
24441
11532
8463
23170
1232
13056
22243
9177
21628
6836
21988
19451
5506
24551
2994
794
18033
22885
21284
6836
23285
7994
24256
13012
11553
24263
13257
8661
13913
6492
19094
19245
5244
12410
24849
20992
21657
9293
8120
15425
19628
15244
17223
23374
22227
4484
1958
24484
17963
8628
12171
8626
2392
18458
18349
7943
14362
12715
11317
4908
11380
18647
19453
18701
3831
796
11913
17790
14316
14656
7681
1486
15883
7869
21711
22886
23835
3541
16328
15598
8852
14637
63
22803
16795
24290
23375
23541
4737
9425
2769
15366
12364
12900
20342
15177
3714
19222
12968
10882
3815
4450
21861
1296
16395
9858
3378
21962
15079
6510
8140
21269
10
1657
3832
2563
3762
19021
8849
18255
8428
23598
6624
3023
2655
23523
620
20351
20987
7889
12671
6164
20971
2931
16367
14401
24348
16770
21451
19520
19124
10995
3100
6549
24126
14617
20102
12747
16009
21174
4934
10056
865
4600
17607
19384
10339
4940
7831
2519
5146
6993
5607
12707
11500
602
11224
20179
16057
16428
4618
12140
19022
17890
20697
19452
23919
8329
1637
935
5650
2667
2744
16744
13671
6091
14905
12463
21907
91
20228
22301
23743
13651
23313
12462
18278
15265
11259
5055
6872
24095
12891
20075
20341
8189
9487
8261
23725
9881
21532
2156
24217
9453
9887
4293
15705
19750
1136
14193
8555
12153
17992
15404
6962
1251
19108
12052
16703
1640
14787
9232
8568
8127
11759
15145
15405
8485
17743
22693
14899
8152
10367
8904
17898
21609
24063
878
22650
13702
20393
16138
21362
13448
9108
21137
1932
9722
5940
7701
21211
15966
12999
14748
20032
24275
15917
23403
24508
22719
11213
18584
12201
7764
14288
7256
22748
7665
891
1949
12399
7932
2176
16085
21542
19387
1206
405
14602
3481
18523
13368
15416
8695
12292
12677
8774
14465
19544
20050
8937
13937
3372
4867
5401
12632
24301
20089
11279
7318
16030
11117
17913
22773
8251
13511
5185
2585
24257
11598
1862
17542
16942
3792
7763
1284
13281
20038
3414
13385
2563
23630
6845
4210
17586
19163
16093
24056
750
5802
10745
150
7192
7063
7903
703
8167
14494
13840
3826
6180
11392
998
1604
7037
12540
893
23206
22058
5863
20824
21944
11087
11229
14179
23476
14354
3872
14077
21959
10516
9686
19483
24908
2871
17078
6389
8700
6552
12604
17789
10291
3650
9635
9809
12173
21911
8183
24057
14299
16710
22773
23488
23117
16820
2618
14448
4128
2667
23221
6493
1137
7019
18957
15449
3208
10836
20204
19547
7898
18932
2392
16936
15312
4906
17130
9840
22055
17481
16620
11194
2260
9679
4442
191
6788
17985
13416
1785
16118
14555
1803
2989
24254
24636
12196
6600
2671
22924
10272
16273
7663
6952
16427
10590
19635
7864
19488
14521
20034
12204
22509
7383
12532
7846
9569
14424
3361
18346
16940
13462
18081
18846
6632
19814
20303
697
1761
21466
2643
1511
4870
23691
23836
12397
24154
5020
664
8861
16052
10319
3589
13633
11326
13356
17632
8126
19928
18465
11900
12915
9126
20694
17908
13676
11378
18382
5086
4454
14854
17894
1854
24781
23433
19482
9943
18967
24140
4311
16222
11685
7304
19081
16669
1331
11369
4007
18713
20320
23494
21175
18919
8983
15079
8407
24424
11435
23972
24189
22827
22815
8629
21824
23545
10016
20898
24677
24253
19505
2478
12537
10925
22104
19632
9524
24166
4684
11410
17204
359
15519
4169
798
19174
2523
11170
7699
1136
17720
9485
20071
493
3672
10262
22864
4682
8963
7852
8162
4882
10791
8991
915
4040
16638
8015
8346
5338
7206
7162
23453
391
2093
16067
8776
17790
9392
22273
16456
16559
4548
19426
9640
11790
21754
18076
10590
1366
10858
389
5115
23973
16100
10642
14289
17466
6397
10356
21967
20777
19336
18679
14313
20225
8093
6702
21325
7706
18213
23244
2990
14355
1804
12816
3021
17052
21516
1934
4703
22053
15761
394
808
7515
356
24335
4741
13840
15669
8780
24648
4382
4785
6608
24702
16869
20609
24577
3022
13796
2389
23090
21107
12144
17860
7367
9174
13781
12868
7443
16056
6880
19375
24748
4514
6039
6542
8550
11128
24343
11331
10843
20794
12639
3252
14933
5559
8591
3284
6367
18788
24194
1766
1264
21351
24434
20499
19158
349
13233
22696
19119
2933
7197
13585
12985
13382
24258
10932
16740
14946
9731
3556
13180
5062
12402
2778
13012
19297
16854
3208
18993
15907
11351
9768
5905
530
18090
9452
13890
24495
919
7747
12648
18632
8810
16984
7212
6754
5482
9693
19570
1430
3472
22280
17906
15461
16586
22457
10288
17148
14700
10962
20613
21605
9189
17526
12378
11670
19803
14541
13086
13818
24493
22816
23679
3020
2430
21512
18663
262
4135
18277
19315
20849
18302
10102
13901
21998
3226
24374
12306
981
575
20183
12628
8646
2248
8182
13013
22282
15478
20412
17067
18511
3217
7386
6178
17697
16143
2417
15095
13428
11714
10918
7131
15334
14514
19015
24141
5368
9612
12812
3606
18977
10019
7123
9039
13258
17885
4892
1978
9940
9827
19939
7225
16325
8768
4335
19791
16810
20112
13532
18674
4146
4122
7119
10491
22903
23501
22489
13426
7422
15300
3872
15411
3809
23662
5121
23179
24729
18584
13600
13079
10051
11237
8999
20600
2469
21356
5862
5185
13350
1717
6065
22146
17545
24372
4470
24230
20640
18037
15165
15467
7190
4039
12140
6009
12786
23556
1093
17236
22424
18307
8517
24625
24127
4604
10928
14233
98
1306
8418
8638
18854
1482
21298
9537
190
22473
4833
16262
17272
20801
10537
9756
12281
1813
9770
1201
16577
2907
24534
16201
4934
24704
9801
133
2902
10503
15762
20748
17393
9844
6977
7862
20050
22453
1258
14394
19738
15370
6645
5242
2406
24299
18629
4155
6714
24410
19574
23597
17057
17366
19776
19854
1845
9402
10482
12950
1110
9238
24927
873
21716
23326
23674
5787
696
83
10477
24247
9687
16314
14904
19299
7157
18031
6540
14641
8840
24118
1753
4354
8555
9252
11902
21668
5357
9613
1809
13539
15319
14307
23294
12071
23350
14342
8714
14937
2818
15825
15721
4856
2031
18253
20486
19201
22687
1432
15078
18912
7765
10234
14274
20046
13340
3285
19993
6126
15797
20183
15179
10921
9123
5486
12150
20717
13168
5558
1685
7232
22866
20023
17081
21723
23835
384
13072
22175
10751
16691
12390
6975
16118
15105
23656
14233
9847
10857
18331
12247
2373
17346
22274
13517
485
1407
11020
13595
6929
2341
5377
2160
17557
19805
15072
12110
2999
21435
9197
17575
16698
13700
5063
16797
17807
3770
12598
8527
6551
24985
8444
5966
20143
9947
14276
707
10962
11405
6332
1860
2131
19235
12915
6095
2446
19581
22016
205
24606
5440
4217
492
7370
17979
11942
6706
15213
7395
14391
409
16858
6313
9198
11488
13148
10935
16196
2940
20746
6246
5203
18068
10894
8976
9639
5990
7968
17995
24190
6204
14354
12851
13417
17414
3322
14612
13166
18770
5388
7440
11104
21798
6922
12170
4203
6820
10385
23834
22798
4402
23977
20608
20119
19046
17320
17348
4748
3128
12792
14446
1837
2096
21567
12886
8757
3971
7047
22436
11791
5977
16231
2119
8727
15477
7631
8640
17798
19110
18235
12111
4349
7357
8904
14339
5265
11882
15061
20017
21458
9524
18721
1652
17467
12646
8092
8528
21011
11133
19197
23706
23634
854
17334
23361
4521
7682
13142
12138
19693
23199
13767
23585
13730
8039
13005
4660
6870
23339
5244
19187
18577
24925
1287
19018
8117
2961
14729
9135
8560
8928
8084
4704
4911
25000
13815
12259
21554
1873
17016
15895
8000
18756
4603
24352
11349
12694
668
18484
3578
17738
10778
1732
3701
5228
197
1132
6877
8385
16632
23597
16236
19707
20534
22431
20670
14237
25
21952
7440
8435
17874
3221
1079
4923
15097
13556
20054
14235
3540
24293
5097
19088
11023
18768
9533
11965
11271
12119
5910
20953
23547
22118
17721
18417
18648
13707
21852
19996
12710
2279
3537
3071
11358
10314
11099
8188
4387
4563
6298
22806
12143
12127
19150
21896
603
10716
15363
11156
10717
13489
218
10235
21558
19575
16235
2151
24927
14667
18525
23421
19509
1006
3340
10911
24892
21339
4251
19471
3405
22601
20336
16388
5011
1311
3901
15512
20011
7629
19527
5326
852
19158
15525
19620
11338
4838
24555
7472
9669
12190
4609
585
206
2577
12812
7407
14859
2213
13288
16522
3136
2190
16290
10500
9673
20212
19266
19367
455
21548
20119
19309
4283
7283
8373
1336
20507
22717
1503
18158
7661
14033
5398
3695
9337
23654
20406
6693
11088
20739
11986
7240
49
18248
22054
18837
4358
9074
6183
22171
12760
21733
14363
23018
22687
15474
22293
8865
5319
2533
23748
17323
11963
13568
20608
3373
17662
8006
2853
18833
13718
3530
555
2477
15034
2908
462
8607
12516
9454
13584
21679
15477
610
5814
8863
19939
24907
22677
19990
3223
15900
4229
19541
800
7543
17983
16595
15719
3569
23168
586
21061
3269
9985
9575
14202
16543
5721
19844
16052
14748
18422
4296
8917
577
9250
21520
3240
13930
13548
8140
17085
24
23959
923
9942
4783
11855
17364
19865
14470
7276
1480
12217
3496
1893
24517
9251
13056
24835
22359
7978
16016
20822
7460
3592
14942
21764
9908
21422
4814
10715
12075
1897
20718
24086
1222
4243
23851
24768
191
4528
3770
18271
17559
4944
17422
1608
2155
360
2772
997
11238
12870
681
12275
17810
15944
3894
5744
320
1198
296
18777
11567
11878
22693
2823
18142
5043
9753
1537
15623
15450
408
12450
9349
18850
23784
22321
7307
23496
2310
4406
12563
23479
14802
2375
4610
3126
18477
8056
7023
16811
4346
2523
13260
19065
15365
18172
20434
8169
10432
23416
22162
6016
10494
6533
10970
23882
15929
364
3018
16437
15830
23190
20457
11197
7982
1572
14183
10149
15460
11032
16372
16482
22908
5102
1108
22385
14677
7621
9664
7209
20329
960
12284
24488
968
7147
16188
12014
23692
2209
7581
7497
13135
6452
16037
11353
9652
22344
3663
12958
4022
10882
21251
7787
8956
20655
1624
1122
1379
17369
12949
4390
24041
6314
21493
12693
3723
5906
16725
24770
24011
4828
5811
17656
8769
16875
3835
13479
15012
1011
16286
24769
18422
14091
9023
4823
22873
1112
2821
14422
2790
22380
10127
2436
1289
9917
9402
8275
6112
24834
53
16461
24170
8896
14933
12766
9336
4442
19307
6727
24001
4213
669
2632
10348
22507
19666
16632
8079
14499
278
7689
16409
10609
16132
17277
15864
14795
13233
13063
4000
23288
4509
1762
8018
7030
16737
17351
1147
19844
24926
9717
9694
12328
10595
19059
22824
7581
2158
19656
2378
4479
7832
14799
3360
8632
1462
18808
13762
23975
16965
8235
24858
22124
3195
18519
15589
12996
23202
8978
16930
19771
11487
8085
15046
15748
22829
8605
1963
22057
2604
8613
11676
11001
2218
9438
10693
16148
17989
14988
24006
1603
17674
20192
4168
7832
13668
2996
24305
8342
10381
2773
21554
20434
6792
16916
14522
14046
8620
14625
14726
10176
13940
747
21917
5434
10659
20026
7924
16841
6356
16315
3968
20237
16945
12301
4345
5088
20284
24545
16277
10683
3827
20917
4214
13108
14063
9125
3508
12751
13817
13825
5214
2266
12344
4259
2125
6162
1993
21418
19028
23453
21684
23574
4238
12767
22142
2357
21392
9073
11420
2334
16187
4837
11029
20239
4376
20972
16918
22857
19924
662
3772
7014
22020
5671
1287
4099
7727
7181
11133
14901
2302
1212
7423
197
1860
11537
23027
5675
2292
11141
24179
1698
2500
12718
3906
14535
15217
22536
20780
15465
19991
5954
13484
1227
22107
1299
18903
2345
1946
18579
8471
23804
15776
16572
14157
7351
22133
19949
8279
14776
24974
10287
20083
6230
9708
10455
23770
17545
22920
19627
9374
3223
13940
15623
20735
1208
20534
2298
10075
4166
23778
12872
857
11663
13301
17647
9488
19141
16964
5351
13288
4248
15107
4324
22473
22636
21250
16268
20456
23570
5209
13031
4167
19995
19778
11886
472
23493
23644
10094
16559
15830
16183
13642
2743
12494
22713
12821
8174
21
10056
24537
17222
17482
22938
15628
24634
24489
24659
20356
19415
3056
22482
15263
1744
2536
19010
7835
7376
14544
15130
871
21898
22388
11758
22232
8812
15167
12830
3169
15211
7621
14165
9431
6893
18175
3643
9306
11374
18500
11490
2987
19316
1137
8448
894
6964
21195
5697
9995
525
21537
16958
21409
15607
16187
22066
19252
21757
17633
3311
7834
23393
7682
18074
18431
706
13906
21333
18576
18841
9690
6769
24839
14373
19873
24407
11350
15782
17092
13007
7432
455
12104
9032
15470
3618
15494
24538
13879
10861
21104
2161
10186
16104
14547
23641
12215
3794
22807
8449
744
16146
18403
11190
19654
15086
17583
13765
1363
12821
1065
2670
22524
9330
19846
10552
10660
14870
7355
12198
23011
24101
6059
23874
12998
20111
10271
111
24837
21750
19822
1478
5888
10563
23368
24236
10147
8761
9939
15275
22908
12502
14963
12678
20839
8069
23432
5682
18409
4060
3246
9726
13982
444
6990
12203
5733
19801
16495
24625
2297
7302
12610
24497
14613
12705
22973
17068
1881
15168
14512
24419
489
4028
11103
16406
23544
21274
13889
4915
10542
9152
14205
24372
11542
1965
4973
20317
23226
5418
2101
1860
6194
18219
3788
24436
21856
21957
1933
20892
13554
24732
24357
19854
7224
21260
10691
14119
13382
9320
13149
939
9073
82
3144
9609
22526
15973
7742
1340
20862
22314
4181
17485
5169
12974
21210
24223
21704
21251
13105
4480
21157
10713
13098
11819
7549
2459
5362
24995
18189
15566
17648
7223
19485
12470
23926
4933
16871
22667
15577
6108
14166
15509
12507
18785
18406
18036
13856
19100
12529
17344
7534
13144
818
18249
10926
14092
5815
9753
667
8254
2412
10100
15845
1328
20843
22048
3742
2078
6451
23127
5191
18371
4955
15525
16310
18104
18621
3662
13040
19161
21514
23832
12542
4037
21756
16684
4833
18462
9782
22297
14250
13393
21507
3433
11770
24790
13196
13101
294
5347
20683
13852
2168
9054
14317
4508
2775
8676
8552
22240
13421
19030
12477
1217
24434
14593
19006
2623
2998
22790
454
24228
7143
15439
23880
8684
22551
16475
12551
15446
21347
5181
447
18742
16151
8957
11044
7263
23481
2911
18617
13398
8494
3430
3850
19984
18566
21071
20287
1773
9851
18092
8149
15042
21475
12494
6416
20941
9179
18548
9867
1428
18694
8097
986
7383
4598
13800
374
22248
16481
19333
3794
7384
11368
15284
397
9941
14846
15519
20742
18008
2099
1370
9369
19178
9572
24145
11939
11256
6835
4817
23252
2601
24712
18381
7997
20226
3862
2735
20534
8719
16659
12580
9874
6026
17803
9251
3388
10163
24408
157
22784
7691
15680
10089
3009
16635
23499
3357
8474
24617
9863
12362
20949
18967
22108
24354
18711
13883
5419
21886
11745
23488
7148
22216
3885
17286
20879
24586
5532
2555
5932
10451
23197
11075
5030
13828
7619
24130
5537
24842
18942
21442
21266
21569
8843
19434
7739
12924
11296
23
20797
3916
4032
14047
12938
16711
16539
21657
17641
12720
18690
4375
21587
14494
2040
15227
4530
19813
22348
7221
24581
19778
1920
6832
13754
14269
1999
189
5474
20800
534
24867
21927
23873
6346
13716
20419
11366
2402
389
4066
23897
3925
21112
20261
9765
2856
17166
13845
19278
17415
17537
16378
5902
22781
24392
23869
21495
8770
5526
14916
13926
5924
7362
20089
20128
5597
24471
20962
23352
11367
16124
1914
8439
5349
14037
22279
15427
10553
5313
6044
18893
7005
18482
20571
8983
20995
4690
1720
2293
18075
20968
18008
11337
5298
11293
7940
8514
11154
18202
6036
24337
5666
808
10964
15974
11074
9601
19224
1895
21759
7013
15247
23707
17014
5489
10936
8444
20719
16710
17206
16210
5136
17810
17112
1982
14901
11981
14515
21615
1858
9826
23501
4286
23584
3590
11303
16755
17924
15004
21931
731
15703
11915
15475
12048
23294
8637
6860
21674
18512
17622
21381
17969
20133
7195
13722
9586
16172
22364
536
19313
5710
4917
6230
5616
18816
22431
12486
23292
19350
7616
6589
1233
12149
23056
12542
6053
9566
13448
2711
23232
667
14460
22185
21736
18744
20606
979
4432
3059
16076
21574
13066
14455
11925
24274
23520
6721
9922
14366
20022
13339
11408
2131
11903
23392
8588
7959
1292
14886
2153
12738
8004
11510
8790
16510
260
16138
16733
10619
5066
19293
9625
21780
10416
22196
15022
2653
22793
18477
18705
24437
22821
2223
16512
4174
20073
8864
7874
19387
14849
24526
19437
8205
16648
22236
3445
2141
13505
12162
21425
23075
18270
7925
5998
2145
12750
12015
11887
19731
7964
14318
18385
1923
16005
10413
3766
7024
6366
6536
14382
23817
6755
18195
12782
5214
10682
8505
122
14034
21710
22458
2194
7903
7066
4937
23576
11783
1094
6782
4510
17132
10126
7706
2427
5283
24916
1294
10404
15094
1898
562
13454
17326
15117
2855
16422
2192
12365
683
16418
23783
13514
22339
17998
8926
2312
11525
9843
19816
17795
6260
23619
21398
10883
12594
16494
17162
7362
2860
17923
17501
22305
20258
2171
23106
14288
22356
698
4399
20045
4316
7662
11172
16283
19234
5268
5604
9639
21867
23156
17981
17663
13633
5014
11440
5325
7465
7014
13938
19187
11579
16821
4125
19835
10868
3709
2676
24389
5611
9447
17254
9987
22272
19205
5732
8742
3103
17471
8286
15907
5225
17305
13810
5582
24192
5127
20604
17196
6204
7916
14212
2116
17489
13225
2821
18948
21197
10341
16020
16376
24172
12866
14160
24335
780
18089
3238
6428
18050
4390
10092
20234
16539
14361
3448
19624
14151
20048
16431
19496
19703
16317
16459
6563
24377
17701
11740
8192
11403
12779
15369
19452
4385
8993
17840
17309
23101
20614
16649
16378
10724
158
20667
11870
3709
18002
24077
3521
337
233
15218
17106
1040
8867
18274
2434
5155
11449
11991
7551
5233
12025
494
23288
2431
12906
14761
1351
15642
23564
843
14583
871
13177
3299
22386
19678
15285
8343
9482
1148
22806
20569
1798
3986
3359
22352
9723
18122
23145
13464
24721
6006
9737
1090
21894
899
19315
6009
7635
7019
20627
15400
18761
15291
4606
8929
6204
16336
400
1520
2531
18327
182
10723
16876
3766
3278
5154
8839
12192
23005
20781
19194
12737
14942
3991
4993
10281
12127
18161
22706
14121
6778
12318
23262
5216
20963
5461
24230
18328
3109
23505
1692
19667
4759
18051
15602
19365
9617
21901
19748
24616
15656
14135
8605
1032
24520
2438
23869
8607
10216
14358
17562
15347
21675
7019
12933
20149
22133
24795
3778
11532
2065
9951
4480
20272
12295
17743
12365
6449
20442
14748
2861
21965
3643
13689
18809
20033
20126
5413
8397
19061
23330
5304
23849
17386
12799
16954
20120
7026
20805
18358
9477
2226
21460
21752
3622
8983
18679
16681
14996
3964
16714
11555
3369
18588
10933
5408
3220
16808
7569
17190
17483
24236
24601
22142
5194
15462
18158
17769
5223
6719
13252
875
5294
18627
19649
14554
12000
12094
15737
20805
1074
20282
13463
11109
5960
9935
13064
7827
12035
18128
22799
5093
15558
1930
16493
24647
16357
11981
10404
16963
748
11644
22556
2144
23981
13775
8343
9343
20286
3814
10162
16185
424
5806
13453
16750
23484
21476
11337
7686
1873
20854
12934
23628
17458
14641
20551
9463
22309
9202
6026
18144
1736
5614
4578
16212
8377
23947
8100
13758
23395
15927
6629
24349
23172
2230
17953
2008
6864
19697
8447
9573
3034
17856
12620
817
14381
12249
17728
23090
9300
3810
1795
2137
23958
14646
24402
3056
24647
13739
24332
9681
13464
21530
897
19111
10580
5989
20655
9673
19000
4614
24491
11740
24763
9986
20139
7418
7661
7364
1085
9894
4794
18559
9510
7561
13497
18590
145
4808
5167
12731
14469
3586
9835
9557
2895
1187
14449
2154
1715
23795
23291
13503
10952
7834
11732
17162
2366
1754
7100
24379
13439
5780
21417
19579
2127
911
3757
19625
9078
20469
12799
15549
7340
11480
19621
9088
22505
9779
5451
18835
11768
3448
23360
17724
14610
15765
4189
9336
5089
22857
17421
16683
15200
14913
3710
15302
6736
1231
23560
2519
1819
1156
18456
4524
2758
1310
18608
24370
7145
23871
22877
22346
16824
11419
5468
16478
4214
21939
17678
8655
859
14777
2603
13925
8626
20873
19102
8924
21948
20913
14480
16072
13657
20241
21007
18537
16174
1263
19947
17392
12428
9542
13588
19913
13124
7676
22614
2613
23972
12500
11020
18013
20383
20900
24115
14712
19763
20677
15187
17246
12976
23846
21265
8380
23481
20502
21874
5958
23708
11685
22568
2301
9810
4970
12143
9549
14496
23805
7215
5296
9695
18062
15808
14706
24576
3268
8545
22078
20710
8162
6396
10118
22031
24814
2083
17684
17659
13139
13575
10870
4073
21277
9373
13616
10101
24910
12331
15086
6029
6321
22238
4882
17994
25000
23893
14062
23531
4886
8217
2409
13078
297
17468
3637
14058
13970
14407
4758
2717
22256
20581
16423
6071
22384
7796
906
23304
16593
24162
23755
22801
17414
5118
18929
24917
7903
8525
11737
6702
15341
6962
20334
2535
4897
20473
3400
7672
18329
10781
1030
18866
4491
20847
24603
18210
4827
10211
9885
20124
11014
8110
12806
23723
11034
1172
12868
150
23574
14420
8424
12864
10301
16274
16588
11266
19570
24573
18023
15575
11449
21780
17119
18123
20275
2326
18131
5961
11004
24289
3211
11579
4578
6392
15500
15560
15291
3727
13817
11743
12507
299
3536
12619
6795
20345
11470
17010
5383
20035
15917
8092
1884
1557
5225
1272
600
22919
11375
20550
19341
8523
15436
22323
9206
4728
4292
17354
2227
17677
16595
18073
5118
21725
17163
18700
5885
10452
21441
7203
4492
24468
6455
8175
2256
4771
20008
18484
3034
24832
1479
5378
1711
17511
17788
14344
11271
9038
23671
8372
12358
11076
17859
15948
13109
17349
19423
19182
10197
24203
23881
13999
20339
16573
15954
22209
18888
16267
6810
2621
22066
17911
10772
16419
4588
1297
23710
1230
4321
4933
24638
21124
4644
19187
24775
10670
7736
24179
2792
19786
17749
15448
21640
18703
9069
14147
20995
10674
2216
19631
22229
2872
14198
13459
6103
21639
3060
10153
5197
15427
2731
14527
849
24746
1005
21702
12243
14281
13678
24434
10875
13374
4040
23692
7608
12667
7271
3120
22037
14461
23480
21772
2862
1987
8500
4982
5903
23677
12571
16007
8123
1635
8563
2747
6020
1567
13380
9394
2310
4381
9508
10147
23726
7268
13305
22839
8531
2799
11085
18049
4483
10269
13134
18285
11047
20670
18440
23092
7770
9369
5987
17848
22903
11855
11764
4092
21479
15642
15206
17587
16598
5757
24724
18978
9161
6608
8519
3673
23397
20659
21447
20227
16306
4233
5668
20201
21721
732
5001
15206
10263
8919
22914
2162
10030
20172
20359
14646
12583
14314
24680
21736
11959
24388
12148
17896
1514
4125
6342
12136
1916
21882
15690
16437
1459
8911
19660
6194
20772
11619
6342
6376
18819
24608
2653
8754
4431
13347
20476
4260
12845
15859
10310
24736
22514
4525
10115
9150
4086
10427
8988
24413
6674
981
7134
7246
17334
17308
5288
23085
10782
16934
6682
17404
22561
13485
16743
11679
14559
17327
11579
1637
24493
12691
6861
9085
18506
23270
3800
18326
16788
4306
16654
9437
5022
8419
18490
24716
18987
24836
20564
443
12737
14494
4329
7997
21774
7639
17564
17780
23543
5850
21287
4124
6700
21235
8362
19192
3125
9314
23432
5797
12916
17579
16022
10805
16195
1044
5910
11775
20153
4694
8698
2084
11272
15658
21344
18575
12738
4678
3760
1641
20430
24305
1959
18671
6942
12028
5955
8438
21253
7905
19973
11250
9632
842
1908
10022
13987
23374
17871
8050
851
4608
7264
18651
343
24039
9927
19720
21028
3885
18237
11155
24408
699
2777
10790
12217
20662
5245
3620
15709
1590
16926
4878
5200
16884
12540
13312
5549
14594
8444
2699
3949
4779
22777
554
5218
4083
13337
4316
4657
23342
20293
6392
24640
9819
23678
15831
5191
24059
14427
7197
12365
13861
808
17251
2663
10833
21557
2486
1436
9925
19347
20551
20320
222
4930
23316
15034
14121
69
9494
16986
3834
421
1363
7421
11738
9868
19252
20518
16896
19431
7003
7048
5403
6509
5480
10839
9721
22631
10471
2829
16630
22233
5373
18653
977
939
17219
16130
4038
16196
24138
17399
18805
3715
8306
7579
2735
24747
14959
2636
14815
15753
18029
15925
3874
18661
17021
20679
9759
5712
2127
7979
18622
12181
23661
17269
19358
5881
11152
21084
20601
10952
24262
9215
22090
12964
11689
15326
11984
11617
23259
12370
3430
19202
10874
7863
14720
5624
17513
9966
16673
14173
17821
14790
21759
76
979
8230
2945
195
18521
19130
7311
7441
4617
11850
5363
4829
8155
24033
21841
22395
10331
1975
22531
9325
23196
20703
17697
3804
10269
12061
18390
5271
15497
20653
22557
4780
4998
5663
22996
20803
1058
17369
17279
21392
10705
24727
1192
13058
4098
18255
9219
13728
17351
11696
12477
22624
195
1138
18196
22614
10765
16012
5620
20637
10840
7666
11066
16688
3593
8949
10404
13381
16536
17387
13796
20265
734
16952
4944
6803
10109
8883
4676
14514
6239
2653
19508
22939
953
1678
14349
6421
9367
9499
13059
12308
7576
1226
23936
2320
14114
8579
23891
16662
21753
4917
23617
6916
4188
7761
1616
19380
20227
23232
20731
17052
4573
20041
11912
18259
5858
14624
2361
1511
10024
4148
9270
8322
7200
8255
12611
12638
16622
5855
16963
16872
7456
17950
2637
12110
1124
100
21997
11770
11277
10821
24256
11576
24424
21313
18089
9549
5397
4995
15607
12737
19555
9200
1767
11456
7039
573
14068
11062
3687
18371
17164
21476
18679
16390
19615
4350
18988
10051
19629
11289
23387
23534
15895
21084
9479
2950
24375
12800
21711
13089
21805
13049
7121
20550
18442
2125
8304
8488
20040
13874
19384
14388
23834
13458
13027
20971
12948
12215
11287
23071
15420
17728
18596
24346
13989
14756
21144
10281
5866
9299
19275
4376
24316
3148
3634
568
20533
509
16032
23322
20351
6456
10457
16224
5135
4668
10427
4180
17033
24708
8546
10753
21088
3236
16957
21183
15654
6923
6324
343
24109
12292
3089
6049
10761
13885
12827
15472
17322
3419
9483
20465
14363
17548
2401
12305
22938
19026
15810
8774
7256
3406
258
16590
21940
9454
8626
22713
472
5250
18487
7440
19485
18308
4897
7166
23825
21647
14829
17744
2462
2838
948
11066
23636
16400
14443
10095
2146
11269
5292
9262
8211
3376
17454
22176
1527
4924
10321
19519
4679
3666
16308
24022
2950
23008
12002
15502
18941
5911
57
7360
3617
1763
1682
10157
15172
19515
14963
20603
356
14013
7606
7447
20597
12698
6806
17001
2528
7919
20264
18183
19786
4981
24879
6172
20538
1737
19868
15504
19909
671
816
12165
14458
18996
5447
9953
20637
879
17474
20073
13376
19406
21945
8434
15717
7329
5844
6379
23240
5530
20174
11599
17525
3285
19543
7355
16328
3917
13579
3679
21382
11265
5114
18490
16463
15235
2811
8251
9631
24524
21733
6264
18343
20800
18297
3235
19085
17437
17697
17185
1629
22029
4329
6459
7670
18404
24845
14455
23191
20877
19926
6276
288
23558
20735
23225
17607
23442
4398
19703
2097
17025
15268
9940
16195
3498
2705
11024
8064
14440
5490
24322
18473
15490
22742
3128
23731
7896
21403
7483
19034
7467
6995
9901
17374
8293
23876
12215
4085
12133
10475
6146
8972
9824
23816
13674
7883
14998
15103
23958
5928
22280
12492
20878
6997
19088
7020
4624
22302
5205
382
16034
9359
12940
15981
4066
3979
2149
12679
2937
4772
14761
3708
16081
6993
6570
18990
24069
6622
21686
12419
7351
8931
19846
17445
13147
3471
8247
12026
8500
8942
5736
14832
135
10673
5228
11810
9956
6216
2782
6914
15361
7628
15548
7854
15908
6799
10211
20539
24165
17783
19379
8188
6745
12344
6879
2594
19644
15382
14428
1271
20239
765
23726
14738
17634
5508
24845
16168
24471
7356
7560
17669
22498
14842
14337
21821
21981
15125
7308
16706
12935
20706
15442
9678
14839
14977
1564
1226
15083
64
18245
17641
14191
13319
2453
15753
3746
17195
22699
15017
7352
733
14245
21071
11925
5655
4472
13836
5154
19844
20969
232
6996
1401
9381
19546
3545
4417
10612
12900
21493
9961
4671
18962
8301
23907
17589
20144
6337
21971
16154
22195
4842
24677
17399
2625
16900
13472
13593
16729
19061
5058
24979
12635
3865
6159
5035
23100
18541
19029
3069
2930
11106
11656
