2608
23529
7896
22813
48668
32140
15266
31704
40454
29626
9064
13406
22711
42239
43353
25867
10360
29644
15210
44709
33337
39408
2691
21494
46109
2539
2753
40414
22820
43210
26705
1686
21440
26049
32320
3140
48080
27169
21967
3746
2192
20180
9187
5707
28549
21255
35158
1077
21969
19157
23002
37921
32104
24849
26683
31413
10997
43351
18804
21916
19747
21973
26666
7730
15427
25291
986
18341
3346
47962
40757
6931
128
12716
44389
18738
34535
25433
46087
28850
47931
20556
33771
1997
153
38222
26304
2725
23174
28755
9493
29014
5921
37083
22465
44436
7725
3058
40176
45480
27042
24915
45696
3239
46163
17234
24528
38207
15099
2686
18034
37799
21884
47135
46801
44992
17203
47747
19138
36835
7151
29530
19007
44181
38277
38641
40844
18294
6443
9495
19668
10354
6834
18376
17097
16482
29008
36014
34842
24514
25036
28932
23230
42958
39933
14983
47154
12369
12504
16571
48214
40101
7167
16236
18989
30207
12028
19156
35006
26888
16583
6791
12413
34894
26225
26600
45488
17794
37001
24258
49792
7111
48127
947
48943
39021
20057
5377
38131
4269
35638
742
38057
37917
926
32158
30047
45993
7719
41833
35412
32398
822
9421
41116
46405
33816
1751
24107
29207
38624
47200
5176
14357
24313
47960
49705
8821
46695
14370
7663
23912
35807
19377
35743
40558
41366
41801
8361
49331
42893
41449
147
35018
44268
25359
19759
28528
12026
36778
34902
22819
39730
2839
29778
31658
34639
9070
4698
9373
34306
21668
36503
44613
43087
18159
18125
22352
7354
48769
3164
15637
17332
32771
14854
11991
26097
28579
26194
48844
33285
3546
5378
37289
30540
17414
5272
15571
46009
17135
37903
48930
36428
8593
1900
44313
33794
4076
31218
31012
3979
35119
7198
7163
14196
7889
24450
28465
48927
35185
29638
15147
13442
43487
6830
5689
1914
19694
39798
8283
37898
21178
10553
31173
5238
34780
13133
10092
2927
27125
42794
27141
9099
40822
15705
22397
12903
24789
25366
3840
30999
22486
9270
13054
36372
49561
43286
27935
48456
1538
18038
28666
34711
32045
22732
20709
37923
44524
2508
9772
3087
7039
34418
21447
17823
23898
4324
13186
14062
39650
24670
29751
34433
25772
2556
8331
35280
21439
21369
46470
47008
27290
35708
21651
14320
46256
37989
25809
19143
4697
34515
25436
41114
38820
27127
21146
35628
12712
9588
26823
33637
44333
2449
40347
29649
9422
42773
41621
37250
16497
26649
19147
39230
27624
22425
37336
212
16887
9523
36759
629
43262
27713
41938
5389
48609
3103
27496
26285
41608
39794
22340
44607
39896
49349
48671
17759
26611
31560
12183
38231
16588
42652
37177
41751
45048
206
24337
30971
12036
39474
26625
42542
36002
27563
44264
13132
28142
3695
8473
49571
19850
35438
5616
47051
42073
46322
2274
28566
13587
25788
21259
18040
11454
8865
17412
25021
1976
12222
18227
45007
4662
36456
33516
32584
31201
25436
16392
23620
25544
359
32231
47039
41645
38422
47062
37545
30140
43609
38382
45954
12495
34431
48431
932
1886
4978
18552
29204
7404
37102
33751
14222
22407
40243
42332
38447
21620
22548
34989
7302
13119
15662
47471
32680
12543
35825
10909
22539
28261
39493
34440
37002
25786
20236
5422
22251
22872
26631
30430
12961
16940
49621
6482
40806
36296
29442
1263
39488
745
43301
7852
12574
27799
22711
23446
18431
42155
14447
28453
10393
4720
29266
18087
39618
48970
33632
36092
3226
32170
5180
4119
15825
1321
1494
32309
2001
9281
20927
10783
872
13789
34432
37658
19971
40046
23509
86
36815
35549
15929
8639
1382
29816
25249
43726
5584
43847
20709
47168
10735
4089
28469
24852
23732
17422
12332
25386
3064
21526
37821
11568
33746
40902
38690
24806
4904
27034
30930
20433
34118
39300
36374
45997
30371
39052
10085
14702
34014
42779
48217
3268
42037
29072
1301
23915
43911
34924
18207
42732
1312
15571
48823
24687
16911
23041
16116
24726
8146
26828
45537
32096
25278
9148
36746
23753
10791
31986
36044
45819
49560
1145
19927
37775
20395
13543
25422
18508
33317
16217
13611
39986
20777
8483
6250
25751
19988
44132
20220
32587
30970
6316
14805
30895
22752
43219
8438
2711
29622
18342
25618
27690
26412
42032
43890
633
31563
19140
38353
21152
43873
44595
22408
32906
3916
46466
4919
43777
34537
29580
23285
2896
14186
609
28633
291
9041
36144
31987
48563
36775
47525
17645
31930
40734
35486
14647
33574
3028
49867
35069
8909
40732
23427
23231
32306
48456
48871
45744
28667
47795
27355
15734
4297
18074
47934
29989
9511
11293
11923
43579
5096
17564
2145
42294
44134
40384
28305
24428
32370
45338
37639
938
2626
30529
41098
14584
47402
42020
15735
33579
44705
28222
7544
10115
28392
8428
35954
5689
45241
15692
2833
22320
37072
14654
29017
28247
10880
14879
29299
34995
11615
4764
23536
9460
40232
16757
23670
24112
40620
22947
36894
12729
24197
34906
45591
14087
37689
46197
45433
13978
24922
41261
25108
14450
45345
34094
21312
48639
7436
39785
1987
45823
5635
36312
32763
86
37269
17020
40353
20876
32502
6759
22163
49613
40879
22787
46522
32468
46614
415
18184
21934
37581
7113
45861
1205
30188
43396
12815
39299
41765
4361
24894
23812
38991
37810
17251
3439
25923
33879
31522
5388
39318
20444
23208
1036
37272
28083
23281
41292
8304
32506
42080
45879
1602
12820
41222
10205
5266
8015
45171
33737
32612
49287
16871
14705
11962
26635
38694
8425
10115
43992
144
20883
30720
36789
42205
22774
13734
46085
20846
48275
31112
42230
185
33952
6941
26362
45386
11164
26112
31474
23873
39328
47108
2958
8203
19697
20399
32062
26939
33672
31875
4355
1217
23500
15649
40824
32416
7429
40738
42026
381
18008
17562
10034
5880
28114
10278
26667
32838
43245
10031
30770
8411
2125
46540
16721
24813
6083
5637
42480
35461
33155
19067
40381
49409
37297
32721
48447
49217
4760
46488
37330
5926
21918
36511
27232
47711
26297
34149
6397
39860
17826
38743
38058
35155
41442
46707
23795
30146
34901
45740
36094
23321
16776
38204
12702
24953
12906
6474
40693
37949
46698
24196
20612
47222
34715
15380
1462
30752
49057
8223
36334
10694
41917
34795
8318
36588
28651
23824
5930
44504
34535
38930
21931
31673
16114
2391
49562
23577
7391
32546
21427
706
45
426
26093
44004
18864
42489
18201
35042
13269
16618
42774
33486
42298
42505
18694
14618
34422
24169
22499
41765
39089
22070
13393
18406
19484
29009
27533
17807
33185
9108
16149
27966
9155
29887
6236
776
14746
34466
49680
29014
4072
47023
20924
5216
24511
1626
28965
42858
6167
15629
9245
22847
9105
8220
35921
31390
43435
45916
40017
26661
2708
39380
40865
36748
1611
45832
24969
11653
49221
31597
29230
6813
37238
22758
24251
21172
34863
26498
10612
36695
38471
39203
29365
12158
18200
19057
27639
8936
556
20168
26453
27856
13977
37328
26088
34354
609
1749
6342
37091
733
7692
1089
19510
13678
7262
4508
38360
14336
20362
34149
5501
47002
40688
13276
34700
41305
40889
7615
35139
41055
48724
14144
20994
10483
37757
21477
662
8307
13457
6212
39254
11486
38735
48930
11764
26943
2694
7193
26055
41764
894
10433
269
14351
36350
47125
28669
7039
19706
49789
40081
38652
42259
33701
32559
38882
44262
32330
15107
48833
5046
37181
3820
39604
44993
9277
29089
1723
20484
26674
30483
3961
32642
2703
7250
5647
43336
14717
2772
40811
11610
32047
27489
24953
43474
41713
31898
40379
23858
47946
46305
47341
6312
19709
9879
10917
32338
11488
32634
13055
45779
31377
22008
36242
24151
1790
5966
14690
28127
36407
10305
6268
6489
22007
42661
7915
36764
34633
29343
30538
44036
17415
9479
2263
31169
6238
18733
43613
31525
27128
15124
29602
20124
35330
44262
24000
12857
14411
40357
12468
11872
14284
19538
12778
18610
42805
31867
21330
4963
25682
23122
35750
8647
45851
18722
46497
43455
30129
37256
24265
10397
28873
3166
30595
23100
3873
38667
17123
15677
24901
35768
21399
6010
16355
27648
41897
5056
26739
37438
13100
24377
152
26184
10518
29965
17301
22598
9010
45956
18483
9544
25368
5314
31377
30769
47132
48335
7244
30827
10248
1611
5402
43075
36348
45459
27663
2849
1670
33797
4086
22730
49780
47880
47953
20353
899
1714
7083
17432
23941
17300
4882
34236
7722
33003
42214
39013
13765
35718
27297
24198
7058
35186
25673
35396
28402
13390
4191
49652
5972
21682
3438
8619
16002
6282
22490
19515
27732
49768
10756
31065
43663
22327
9394
14811
19808
34294
9463
32481
48184
38883
14558
33638
33089
13651
40330
31690
32426
373
39131
15995
22300
12987
44457
8944
49271
19616
12393
34416
7881
28
3093
2156
15180
47364
47461
35147
32972
38065
13715
7080
3234
14719
13016
42485
6885
35758
11673
329
36390
38319
2506
3598
8817
38401
49467
39655
48765
17806
23577
38645
2726
15676
41648
3265
8775
3727
3109
6568
7878
46131
44194
26568
34133
26000
29983
28285
46155
19051
10435
41227
32689
48611
27230
32839
39880
2389
48051
14906
20529
30634
31956
16575
3678
18790
9591
49104
7550
44147
5539
13392
41768
14273
32093
44046
31348
47171
35411
7723
33479
22837
48869
44079
35385
11909
41513
14498
45631
41595
29041
20658
19458
37433
45389
22764
22975
15140
28786
45638
35174
38233
7353
25977
38846
28994
15126
6945
48749
5783
20402
37710
40685
46002
33211
3848
2625
38143
46653
27834
44334
28011
23748
42632
7209
40362
13259
32403
22107
1982
15858
27990
45051
47321
16681
49758
14621
8525
25735
39926
10357
29206
31201
39004
1130
47700
4545
13168
46867
5194
2282
22467
43030
11321
37925
12894
32918
10318
49588
860
2766
34924
35046
28252
45862
13696
19076
9644
23935
16186
36389
19054
46257
17364
429
29738
19774
29267
39467
6669
26884
42435
15275
2890
44425
28178
13360
12238
26677
49431
20464
1669
44491
37586
6191
2935
20764
25678
30045
13038
32380
3164
32016
29272
37364
33627
5133
169
16598
49726
47119
18415
6500
44200
14092
27337
6037
34618
49205
16741
22869
15999
43657
4909
21617
23498
14888
20819
18720
20730
24917
26364
38088
34121
1487
26048
21321
24462
2148
42082
42931
2103
28020
6635
23478
16498
41541
38779
46148
43267
19921
43255
39469
41706
38338
16420
19749
12099
41092
19283
2006
48060
32765
27347
4076
15000
27042
20541
26224
14169
37578
232
44013
12355
45990
47595
22420
31702
14767
47519
36314
23562
35260
30353
9110
47260
24200
34506
46431
23455
19211
42960
46656
40759
49604
15919
37428
45575
35093
47475
15903
23150
17741
6503
22811
2592
16675
49085
33316
4293
18793
41896
48759
28841
40643
23384
7486
2171
13378
21690
23818
23243
12432
22936
27333
8073
34573
10712
1780
35680
48439
46197
21303
31734
34900
36441
44652
7705
5328
39199
12609
41433
8526
28608
38332
19879
2100
19381
11383
9054
9352
47709
41821
22761
6115
45087
3420
17826
25326
21697
24318
22192
7153
20029
6507
2256
40099
12978
49202
46615
11670
31501
41214
32601
43006
27971
11512
16311
46435
21091
15561
23099
43745
46879
713
5988
33224
12558
28278
18980
6607
17150
29898
32884
44032
3659
29029
14655
25279
9816
2173
29266
18102
20105
21586
17306
36528
39900
35689
27123
45129
43495
11819
23942
647
31599
47701
21749
32806
43075
10240
36102
39332
36599
3768
26388
24091
21501
28184
44082
18187
48932
41037
42066
462
26740
49914
12789
12059
34358
23378
13587
48558
21715
3630
41559
29317
46151
21002
7479
5038
23286
4220
18077
42480
20019
28984
36699
8788
22722
35213
30765
22854
37431
10974
48982
6607
563
3802
14723
5713
5945
43536
350
11100
27333
13371
41714
22776
30601
7815
11550
20243
26231
27020
26004
11838
16646
18208
2011
19709
35213
18146
24831
22948
29691
43869
18836
19786
40753
8447
45665
6706
1577
6541
43895
12164
38930
2366
47084
41323
45048
32101
7811
18881
937
34082
28666
8317
30
537
913
4521
13992
12317
31179
34550
30416
27017
5539
2526
7018
6072
20149
22494
39566
31611
48757
16707
27859
42181
27104
22396
21824
5440
8491
8162
40545
2848
47055
45545
42727
27679
11657
40736
22521
31370
47681
19693
9153
17343
9061
15232
4885
49976
4015
34378
42819
26555
46381
44614
7731
28863
11686
15951
13192
11015
1101
44917
16
9166
7950
2454
47305
17160
30024
1451
33551
2669
13137
33341
42707
35480
19595
49411
38639
1173
13350
4095
40876
28897
40130
41780
1153
30675
40710
1164
28905
43380
7008
20530
5223
3040
29714
40613
2903
5721
20900
33159
16437
9
34779
12601
7651
10813
31376
16246
3641
22869
2354
276
9272
47178
29911
5190
27156
6896
39983
10330
15256
17466
12846
33806
34355
39046
32353
32475
876
31204
20521
22900
19637
1700
43189
12848
33251
26049
28255
22955
28377
47940
34612
38165
42166
25147
39156
8196
6585
40693
33759
44484
40992
49826
36514
41141
29756
39696
35631
4112
40053
41050
45701
7636
27546
25381
17888
12873
43013
111
19621
45310
41926
32215
15420
16388
1588
10215
24350
2069
48514
35609
27451
11208
14440
18643
34902
42860
24635
10086
13488
38521
42557
14410
44551
32627
18167
20459
20239
14207
7172
9789
6699
47333
28568
13713
24578
26465
7574
45504
34576
36334
47060
10635
27417
23340
944
36290
11652
41557
30813
23628
7609
458
1253
48755
49924
40007
2207
29138
42507
15201
33130
8477
23827
27555
27495
34034
12758
1565
31568
597
10136
28750
49828
46759
35919
23875
28519
6460
19704
38269
47128
23429
34488
3003
21673
31892
45251
12085
14308
25929
21977
20991
27842
34303
5655
20410
15828
2679
5840
6654
21586
48085
3456
9313
17611
44991
298
8866
33841
34150
42892
28676
4682
30492
20457
7930
14430
11041
1797
14100
14695
5602
28072
6494
21856
15814
30064
9077
45449
22564
30864
21473
33803
5985
45661
37349
38656
1827
20738
42101
14895
6823
39050
32572
8752
10325
48912
166
42953
47224
46231
43994
9157
37896
32341
42165
44647
12650
22637
2708
29832
5563
5790
27546
2496
35598
19498
37241
31383
6222
26636
15444
29442
5376
32409
47091
9700
20483
26367
2406
30804
31238
45022
21183
23670
42604
17940
43571
16356
25666
39400
8793
44372
19329
7202
26120
10560
31091
30870
4783
49341
31946
23515
9607
42026
15823
36801
37496
19948
29721
19575
34192
43707
25758
37912
22819
1222
12073
32412
4839
2159
36855
24786
24047
14973
38965
14669
31501
33862
25516
28080
19181
4545
48069
7319
47502
33658
46067
32663
13518
8244
21233
6074
31839
31791
24803
21686
4943
33504
28144
16511
10664
24078
17416
754
32657
22868
14457
7505
34758
6057
14597
22548
1051
10339
24881
45007
8769
4574
49766
13526
475
44870
13355
10619
15284
17738
28860
38470
20748
30747
7105
43877
3507
28194
37913
46718
11963
5893
49725
10544
21188
36248
46159
16714
25175
15123
20124
31036
34106
23542
27543
44525
31253
35932
36542
39150
45465
9971
37278
29662
16759
20646
32773
2272
4923
43566
21869
18398
25751
12749
2926
29810
10
8395
42751
7637
13926
37504
47548
37292
9710
30505
17978
21667
41274
33028
47137
12917
47158
36169
34579
24515
28467
17062
27082
13767
40435
26889
25201
41951
29560
35412
56
23241
1298
1675
44961
48402
37137
23616
39801
17385
29150
41010
3999
18385
29780
44911
8321
12533
34419
28105
22359
31557
46222
46887
47629
19691
7747
16832
47995
9800
16727
3341
7289
6783
31075
33262
9643
855
17715
10599
22996
20449
27797
3332
23227
197
22025
47691
19514
25565
19822
30351
23049
23519
18481
47407
15287
12073
36303
642
34926
32213
10372
16880
26922
21243
48012
48877
6814
18934
10530
41941
31
11598
38712
4581
6134
34636
18306
4974
29642
9882
40938
25189
6985
31476
8100
40409
35306
47270
23651
36762
13195
29478
43700
17642
12845
43760
17223
20466
28702
34181
41043
29816
30956
38496
27497
25090
28430
15923
8267
29929
2304
6432
47224
43072
35199
13301
16379
13075
35978
44185
29131
25163
21841
4096
19673
33119
29326
10545
22165
47286
26935
26868
43133
28602
23699
4894
46719
24144
46976
8995
17449
22106
24655
20892
48178
2601
29704
7709
32622
29178
26885
10667
43188
8892
16407
28306
46576
19988
45699
23712
11022
19897
29405
48768
35597
29252
47641
19211
18111
1245
6226
10062
39625
42637
6420
6773
46435
42388
195
3189
20985
3564
1180
14651
1856
3618
2218
14644
48362
22713
26729
18484
6692
17699
18246
19790
44866
40374
7281
35580
30361
30865
42139
41035
44749
38226
18853
39988
32045
22706
8695
12352
40454
39326
27879
25631
19712
6011
12517
48253
20192
7457
2739
36559
26706
44699
41700
5930
11015
26172
25505
47983
39753
35973
41902
49527
15149
10277
48653
39550
45592
3532
3853
13149
31424
2469
33570
46155
34304
8352
10067
45486
45233
16978
49138
11224
12297
43114
5967
40592
23838
17265
43830
2962
43042
16243
32213
31997
10249
37313
5733
30888
12979
49111
13241
9736
32822
4882
25510
12486
39963
18466
35099
41796
13771
33965
10850
28774
41892
28864
13887
35812
48371
40653
35728
42454
18981
38807
25983
38359
18731
47769
48095
8690
47350
12187
9923
22066
21411
36989
20703
13956
38829
39766
23801
33372
26384
49960
31934
21789
32941
3852
6703
33286
13094
10981
43478
7564
14949
40317
41181
30905
6242
28114
45540
45091
38190
45424
44652
19656
45487
29325
40035
3134
45074
38315
48134
44677
1030
36009
19425
6891
35856
47912
41866
15023
26683
41911
5460
20190
19174
43619
20835
4400
44586
48007
8469
9520
37281
22638
15609
15575
8596
12461
38250
30664
16884
20733
13708
2286
20005
42861
15883
28441
14420
18884
10794
46523
3763
29519
46461
31763
45012
34424
20521
48564
509
38858
31123
43814
2341
39626
5551
18320
36188
24932
13109
16589
42498
3066
439
40374
10666
41783
3406
6435
20728
15918
38431
25958
45537
41905
30067
26404
25367
5634
7549
25626
2371
48875
42666
5139
2912
26751
20934
3984
5345
14308
13931
23183
47780
28394
31467
39231
31243
20287
49518
30256
48759
45218
43857
6599
14181
28532
33568
26606
29977
43755
25993
18603
10104
42789
49336
11385
9521
29094
31800
37723
7227
47686
30255
36476
26520
43015
889
1490
8666
38142
35262
39238
50
7781
12309
21993
11444
27904
37513
48107
31719
12090
3243
46037
31003
24094
26786
12105
49200
46291
3413
2228
40543
21511
44285
45674
45131
31948
36099
37132
28471
2384
9330
38748
2221
46752
5992
779
1088
10030
18656
25830
36902
14501
11626
14710
38800
14917
43357
31094
36949
41679
32177
12856
33057
39542
28521
15450
3088
47724
8129
14578
5971
24432
45186
28452
30998
27840
15498
45228
5543
42737
8167
13307
16670
33369
4855
43502
17472
11995
39636
48584
22035
26096
8206
34041
23128
13825
33273
38374
37902
31277
18032
49556
37969
34203
36153
36014
33237
11994
1699
39457
24975
31044
27478
48223
42702
36769
33969
29773
27439
44561
36975
2454
6446
20003
7275
1924
23074
42518
12722
17683
36840
233
26495
27569
26230
7838
44774
2396
8233
22321
24611
41209
42492
16824
1283
31430
46857
22675
18534
24679
10002
15871
26470
46698
15228
29398
10721
18211
22798
47869
32236
42328
9838
46947
3747
195
36137
4919
33146
38280
44717
29470
25933
8549
14768
28735
22568
43539
34742
11077
47991
41643
20249
7404
12871
11178
42011
14251
14370
42861
22354
9033
1750
35278
42235
3341
8404
24162
37503
10620
24868
5550
48287
29976
23759
8607
36431
46105
9708
33822
44800
16967
25588
46105
10474
11644
7835
45681
39860
30434
44123
2122
24820
30354
25060
4843
48180
8002
27085
42971
28841
34849
10281
2031
49514
31527
16534
20671
32476
37333
36415
41576
30344
24789
42966
17760
22841
23472
17587
47051
39125
21711
30622
48409
15747
48409
44802
11690
27579
34393
29094
5525
1537
21063
31997
5299
5193
41951
19315
26268
29211
4093
25834
21267
25633
37682
12952
24804
17072
15612
31975
39780
31890
30356
21859
99
13293
36646
3969
3050
22393
33314
34671
23980
9686
38911
49371
41873
15775
8044
38754
41655
40126
24601
43142
29335
46406
38447
21466
12846
10684
31000
20809
20202
37595
1247
32769
7487
42113
41159
46194
14173
37082
41304
31938
10897
20452
3990
24016
46260
46172
33356
6302
5265
5303
12035
48664
48270
15335
38020
43636
38550
3551
15147
9743
13684
35031
22606
11235
24971
31939
42568
11695
10663
1732
39705
1664
7269
43234
39155
36679
3209
33254
27114
34656
14105
20505
41249
27934
31847
15710
914
38694
5475
361
12593
8221
4628
13848
42647
45770
38634
7596
24279
21160
36273
30896
47303
47147
18027
25621
45786
30215
39352
35052
2944
8706
32071
21528
46505
37963
16108
3972
26745
23355
42401
47538
5739
15799
3226
19142
15133
26632
3202
16139
10571
24496
45177
42757
37210
45927
10129
46794
8042
14203
20116
21727
29339
7654
42619
11326
24832
28093
10727
28787
3977
7034
9963
6018
29854
17497
15798
42007
48412
48395
28820
41941
38560
3605
251
46104
23760
31811
48534
15689
35118
6257
12359
6542
41001
29487
31066
22523
35294
49586
23862
12248
28937
24991
11002
15754
35272
29324
34853
32979
21151
5757
3552
41723
18699
47064
17846
7205
19417
31355
29290
46750
41412
7437
1899
28884
19693
44024
9536
3200
43562
40513
34940
44198
11049
20319
33636
33193
9816
12024
18444
862
25088
19945
39018
19029
4337
18449
8098
24722
10539
18652
15229
45226
33561
21353
24943
33427
23638
49050
30631
9219
38092
33165
19861
16723
24645
46764
26672
44470
36630
7451
8081
16332
29672
12557
33035
9685
37675
31497
26998
11308
14334
16768
260
31161
44771
38987
40505
10602
1914
29724
2195
37134
8217
29246
39116
37863
40844
4939
7808
39422
45779
1339
10668
26110
18182
46496
39261
49272
9982
23460
45735
30060
19597
45606
44879
27612
16689
26299
36262
18921
16881
44798
14497
27520
32491
17662
26999
31323
22490
22421
22656
17025
4374
48214
45640
41229
27789
30126
31958
8411
12246
8496
48626
13145
41484
47351
28121
7346
7845
731
26873
31400
34880
34465
14271
17176
28306
5438
38610
43692
40543
23467
27315
5491
23943
49979
10720
8526
20346
21686
18520
1552
28079
27330
21875
26090
20779
11586
28154
46037
4981
49318
12270
44378
43956
39822
35523
19888
47838
38487
44503
7724
33941
4443
12418
2241
11574
16236
37269
41788
19927
49662
9327
44364
6557
48314
46081
5636
19411
39702
36620
13067
23224
8818
17746
46831
35651
39784
33035
40309
709
49826
10311
39293
48153
22400
43310
21509
16240
24747
3876
26011
11476
29380
25872
45404
16376
3175
12620
8941
47051
34558
18387
703
29363
18705
16564
15593
18487
26647
17446
39617
1288
28384
44357
35842
25001
7491
6987
4963
10396
2871
15363
17578
43744
14307
4667
39324
29047
18231
6832
25522
28297
10558
37544
49151
26756
34474
29242
7384
35632
21535
46890
42303
46827
25487
19865
10770
11628
20773
5398
32649
31979
25261
43805
28980
49465
22060
26300
39874
23422
38248
8128
1085
36438
33601
24749
7412
39463
4593
22403
48133
44944
458
36701
16631
33467
24073
42215
3521
41610
45365
5767
20006
2487
48868
33265
14817
28698
2257
46651
43608
44716
30531
22307
14232
41107
38942
11812
13715
20546
49313
49755
46503
40957
9202
47847
26869
29489
37380
44974
11969
5394
46808
31798
25105
18834
28802
47642
13460
44608
1317
43422
34146
41799
12815
4455
36461
15216
28334
3264
19588
22387
226
40034
46757
13778
10078
9642
49942
30764
17237
14961
42602
44267
17553
30409
2152
13089
34691
27525
15849
3751
7615
43535
48336
12987
26365
41251
5827
41370
15699
24081
6803
43315
2745
2997
7395
8686
33339
23067
39525
24109
40467
13472
17026
25232
21024
19886
4953
19183
17805
48066
9445
27538
20952
16101
42557
10028
4003
7516
17557
45401
21549
45981
21318
48888
18520
46279
35252
47473
42320
49090
16401
36844
28350
49587
19910
48250
9312
41798
48199
29229
14235
38416
27505
12984
46051
27940
28884
35164
21260
16588
23076
34522
44390
10665
15773
14441
678
48436
19784
17169
41786
29426
23297
37684
9605
31294
3330
5703
7621
26090
16220
7963
33817
9557
24268
27774
3970
34325
19989
12840
49092
36356
31787
47083
20440
36536
16412
41321
29362
5701
30783
17085
34489
49112
42561
28532
7986
32296
29936
5509
33964
19103
4065
47782
8149
24144
44469
33593
41312
46374
9104
8660
8447
34671
15204
32183
40925
16985
41979
46948
19133
31667
18362
6566
11273
1930
33753
37321
33666
7434
31013
39342
43902
49269
49625
17997
32651
42507
37066
1958
28972
15537
33905
33300
23928
21764
34050
43259
7909
35132
15934
15614
32330
35155
34050
11766
46070
26963
33234
24549
31155
498
30948
41914
1968
3493
30961
44516
4889
41279
31821
46434
38662
16971
28169
17355
12281
16770
49935
5714
16872
1392
28486
31254
38826
30045
39248
10643
17838
650
37501
17625
18370
38375
18583
24918
5528
40217
37961
37885
8483
32127
27847
48758
37453
10440
28375
3571
3685
24839
18425
4741
38808
20271
30905
49297
4900
35230
38270
30085
3796
26490
46005
8547
1138
31601
40843
14009
9256
33661
37267
35898
23970
38746
8997
44406
37910
30138
3195
47517
26183
42422
16928
44362
18878
17402
22099
41999
8971
24690
46126
45382
14372
23201
48984
23283
20380
24969
15610
4017
43976
17319
47120
37907
22247
36140
8389
22981
21244
20091
45298
17134
42400
8388
49159
6212
24471
5545
17002
37856
36021
34307
24197
32831
10811
18799
40797
27722
32006
15006
44218
1511
2994
42904
11476
28305
25710
25029
14488
41198
44077
49403
12500
9806
30364
7697
7693
40729
1119
49928
34144
8976
27984
49561
24335
14287
12246
23482
982
25071
12976
4478
37369
37257
32774
7353
15985
39456
2245
30159
36509
13768
48151
5914
23290
20308
47655
31065
39325
36766
6877
41568
9645
13235
20881
28199
39770
31269
31755
23585
5423
7002
16103
3230
22989
10024
24931
1576
45056
29642
43610
43376
19660
31703
17190
15488
6848
17686
5412
38415
14774
3154
18875
20811
5813
26742
31170
16148
11482
7615
8217
40947
35695
12430
34730
10237
12126
37001
37599
22448
9961
40580
23600
38840
41870
21451
10432
9959
2759
2816
40386
20788
18432
31137
13845
32860
1605
47346
1954
44068
49490
44424
227
42027
47121
44655
10115
9131
7908
44864
40301
5407
22723
39376
21145
17175
25778
26649
4059
43752
38989
3481
3771
36129
47565
48041
9542
46190
37375
41625
23753
30785
47781
1033
48185
35933
31194
12775
28060
35837
41261
16182
49680
3042
39817
13528
10174
1151
18160
856
2305
17393
46959
48232
3362
21563
15069
24425
18127
33881
9747
43741
27195
3555
29640
2932
908
38693
35729
10151
28434
47255
33835
25172
32345
5731
22530
15966
11970
34762
4480
8318
20093
10358
5647
8565
48384
23136
31972
35511
8663
23694
38980
3048
10348
16714
36629
11845
15951
29680
1193
16487
8451
46054
12818
34019
35389
41572
43309
11226
30952
18397
9951
26168
8116
12776
37301
11098
4875
24690
41984
18430
5709
49372
26886
34790
34147
2289
37568
24154
3646
21110
45791
18464
1118
48059
26125
26698
39178
29038
7811
29542
3173
47538
38807
8221
32685
47916
21498
31898
47616
22194
30421
17601
48225
20232
16354
22618
40762
39767
38232
40949
16793
22517
8643
30089
4856
5622
19883
6331
7981
33433
13197
2549
29835
15318
44696
13743
31153
18120
6450
4791
22930
46090
41300
37908
14864
39098
3618
43893
40789
35948
47913
38070
30955
29486
27616
9641
10407
41374
46987
24271
4085
2169
47969
20087
47691
12513
1403
12886
22059
24931
29103
15618
45292
3340
11902
49041
27381
1453
4308
40981
24055
8582
39876
26740
34088
25101
5923
15097
36441
33211
8349
8618
33153
21091
5951
19577
48603
47396
34387
47411
1290
42021
20057
41258
24393
28202
5287
3590
17588
36956
34597
9983
15779
22691
4310
10984
26154
48340
5363
42981
9724
19601
4443
45301
11321
3410
30908
40515
49050
40611
11004
41130
217
25492
25536
42139
24588
18027
155
38995
43946
8440
28410
26022
46175
38175
20469
27089
30677
47017
31398
11392
35418
35876
16393
48244
45510
10348
34092
6261
25124
39886
48694
29380
3273
43561
43605
48108
36048
6986
5987
45624
24849
7320
19233
12345
23904
11850
24389
27200
1112
38645
8240
4030
31635
36955
37118
25928
12325
46898
26229
40054
35136
24108
26332
2032
3455
44947
47208
48856
44287
49253
19678
39353
1448
28835
29732
34244
46986
42308
3277
13627
38916
48431
47383
48371
32720
36705
28462
31822
16378
37861
47056
34370
34062
23038
10020
46208
15069
10673
6110
16579
46633
18700
18390
37747
10919
36810
39658
45175
18317
29776
41344
4933
44161
13347
49644
32840
6862
46566
26585
17962
28507
5774
6459
16733
28752
30542
8640
31191
22911
14405
34496
39130
3174
43718
28478
18302
10191
179
12835
45763
15944
24847
19344
1792
48099
20649
23805
31082
32189
34515
16161
40119
2872
10919
10787
17187
2592
16086
33953
47595
38051
2448
18418
44496
26230
7893
31267
45212
18888
46443
38017
31162
30661
19393
45436
952
19370
32746
26488
41326
26581
15629
19911
6130
21126
35493
36580
40973
10499
18844
12643
11209
27117
299
8963
8948
15495
15556
14834
11125
24916
40660
2372
38400
488
16587
30658
11561
49953
21519
45661
44381
35306
22137
16385
29963
1864
18915
5370
19879
32015
21026
17149
11402
14112
2871
37321
41366
21667
11548
41181
7392
38562
19952
49636
23542
25685
16571
45612
5174
9238
27519
20605
45759
9102
12335
27115
10477
34301
43136
36626
16092
9703
41879
28818
2904
4453
15994
16731
3475
5703
8816
5339
13589
33989
34028
13522
33202
42096
9090
33506
12018
48117
47163
16621
30868
19044
10311
36036
9294
30746
6255
7377
29576
20461
38591
1121
41562
37406
31875
24278
5945
35589
25217
35872
27315
49663
47142
3091
19082
12345
23860
12018
1989
15990
21416
22417
33001
21729
38599
41762
28648
23053
34384
21695
49590
15964
35761
40794
49384
28999
6474
41646
27080
11535
1639
29154
9419
24548
1239
25531
6233
14639
39096
26128
7653
40573
41396
8376
41698
41557
48635
27327
32588
33778
26853
35918
18884
16116
30552
11165
24189
8349
48153
7859
20619
27597
21524
43944
8692
9195
24754
44112
48999
24868
49750
44020
41492
14373
45212
47742
28425
6504
34586
45831
44105
45581
70
391
17628
19355
40619
35042
444
19825
28466
1895
48008
31322
44077
20195
23952
739
20120
19630
38270
13571
11759
30770
5177
47559
24420
8840
27847
31355
20559
37199
27576
14256
13019
20430
19433
23201
44293
19387
29186
10208
18098
19660
1640
44494
1389
352
4132
43578
7127
25423
23174
12620
3683
4951
41106
27459
20454
16051
46661
36347
7272
4985
49947
45061
42768
7381
35985
37433
37931
9335
11943
4853
31971
47502
10703
17772
46704
21794
139
28297
4621
10657
32447
36671
44138
19144
24866
11551
33145
29950
32534
14698
30778
18532
46921
10568
28201
40676
15261
21799
18719
6631
5415
39509
37233
23654
6809
24665
26996
33371
29926
28926
30405
38617
22949
3714
37080
7338
18453
6898
43063
5799
44532
11754
21967
7718
36692
17419
186
12790
19620
49274
20454
13850
23642
22427
39737
39961
9309
6888
42248
20917
6233
28200
15478
46659
26365
31916
988
14067
7783
7558
9672
24202
17120
30115
48717
8717
2397
24597
47590
47827
42467
30645
42444
7599
11796
25635
44313
15962
37064
1002
16635
45283
24571
39136
8027
5451
39181
21887
7755
41820
40335
43944
14488
41326
34153
13038
42921
9899
13651
21246
18953
25006
17495
28392
28073
27583
1432
12713
19911
16794
34766
21951
37661
11624
26307
12274
4771
36794
46858
31760
9286
37277
13148
47996
19804
7336
40341
32658
322
10541
11952
8251
19944
31333
382
18468
1890
3630
47350
41718
21117
31597
1694
10425
17193
30296
32285
44130
21057
28304
40705
18778
43679
6065
23928
5505
37665
30891
18614
12317
49205
3662
40061
20440
47101
40695
10669
29180
1639
41715
27723
5951
15422
5448
30385
27653
30293
30744
12309
41177
24032
29898
2736
6309
13073
30958
7047
21028
12889
12560
8581
46602
1419
11665
3789
17875
34247
8358
41245
11896
40182
10082
30907
32149
43798
14559
49232
5689
35137
23718
28000
49601
23020
790
31296
43733
1205
25429
3352
40614
48275
31111
10795
22305
30127
39296
47219
20589
26915
5821
4940
40490
14352
30192
30268
4602
49835
17364
7561
15608
11060
35611
4215
48029
37327
20236
10923
10450
24680
27537
31123
37372
17849
29104
29141
45665
7867
48912
47355
21734
13757
49988
22492
36200
24133
22851
20266
12997
21229
41711
43245
33609
17938
27982
4069
23360
25078
30838
46052
38803
5103
40687
3878
22218
31323
47203
44184
9448
41663
41624
23517
27802
9227
3504
44927
18872
21197
31509
12283
28640
4075
1562
8167
8330
28251
2060
43053
15818
40943
48091
46849
20376
33088
47308
15360
19195
3986
20525
5247
27462
15572
8815
31578
18304
38487
14361
10736
23297
41318
24285
49088
4711
28145
17647
1763
17660
22557
15663
35091
23364
30908
29110
46568
30751
41647
15199
11946
9773
5860
22068
9616
48975
14087
36770
26431
34473
28647
39454
32113
31595
42232
29771
19072
1732
26355
46078
26484
42466
7381
3410
37637
27410
17003
43572
31974
30665
14743
36994
12359
32652
1760
19218
10454
32330
35464
11122
29865
37897
27920
31327
18766
43695
10102
7918
43960
3896
31278
25126
49057
42039
16680
33959
38260
45831
3134
7215
25468
14634
41094
12340
2244
15724
28670
35858
28511
4817
4956
7985
40294
1426
3758
38464
33522
12492
6580
43311
27977
43763
44281
49360
26073
20704
8877
41640
17166
27799
12574
11723
44242
2218
3256
14268
34618
28243
39440
32020
5600
34336
5144
2310
12080
35888
37689
2863
43954
21599
35461
46416
28205
4936
34284
28497
36130
30992
11345
37965
43552
1250
924
14456
46090
41184
22383
275
14038
21571
24478
3113
27174
36104
13543
20680
37317
23492
1608
14713
46422
24943
32366
15833
29551
39602
25015
33214
17437
6843
44381
40982
16428
16125
16930
26844
33417
855
4130
4396
26917
9942
6242
6130
41932
11813
22080
17905
11298
26175
18677
26090
36183
4535
37073
33456
23813
10303
32713
9257
40916
42630
42095
31151
46224
42204
21272
47041
46530
3468
20859
22083
19626
39099
8706
49170
26698
9928
11091
41509
35594
26766
10917
48242
28533
31617
13257
37378
31044
8606
24171
22143
2906
39785
1036
34312
33707
43138
45827
41117
13742
10887
25844
37503
18435
3570
16806
26318
45643
42687
7244
44834
24013
19520
7513
39941
38053
10179
40554
11085
7009
13971
30778
25716
1258
15996
16595
9997
6611
35480
22017
8664
43095
33996
36311
1144
8580
36099
1926
6751
18668
2768
31503
23346
18686
2963
25525
27476
31948
14961
2285
36840
10802
21380
11737
41389
37442
1983
23252
18453
14057
29584
14952
24903
17429
41574
36375
10943
1299
7250
23665
14329
35491
13370
43768
20591
44064
22873
10859
22229
7680
7088
42659
27290
8312
41947
21194
38266
6801
20584
31217
29785
36133
13223
23857
10304
11279
11940
9894
5068
26419
27720
5723
4197
6839
38359
39062
34659
5112
49686
37196
34956
22106
15887
12151
46388
21615
37148
48539
20023
45665
8734
3049
33708
7584
3582
40109
28627
38445
14939
14902
27507
24119
13595
34394
17068
22559
44671
13909
42396
45886
14993
44372
43057
34661
40843
20858
12755
27764
22829
14865
41400
23468
44148
3733
38655
28935
33204
42269
1866
27445
11461
7587
27362
41726
7176
2623
2815
40063
26922
3772
32145
45048
814
20292
14420
33163
45498
23846
35233
4825
35449
13119
23172
33794
4119
31812
19923
34918
43622
49539
2205
48428
20536
18826
44359
3061
47944
32276
20278
7644
15941
35236
44866
19421
31145
46502
33014
18671
28476
28127
33642
19581
36585
39820
2279
45939
49308
30784
37317
14296
3177
5547
9816
13957
41638
47953
29815
9643
25970
11052
33986
935
21678
21696
44652
6357
40955
9293
2675
41627
23511
29766
19307
41750
1359
28563
752
14586
2344
36340
9515
27629
45571
39566
24387
49466
32336
44699
8583
1257
24888
19404
21549
25110
42026
13743
3614
30517
30439
40617
4119
18503
24822
19555
48819
11728
10269
25987
49958
35852
20751
13738
6540
7752
41412
2172
30054
3020
13611
37826
2474
39408
9932
4791
30273
41761
2988
30131
49166
14299
25255
21851
958
13891
842
33201
43428
12725
45990
44182
12290
14202
36150
30930
31249
15803
45717
368
20557
22791
30452
46329
14262
32774
43090
5823
7655
46218
46779
1616
15295
18026
5564
23163
15211
734
9139
13871
37879
8773
34652
21378
8980
18454
27324
33439
1208
35668
4035
40858
48445
6734
32703
47717
39852
28793
48877
22297
26103
19908
34296
25164
26701
14752
40955
13714
2579
23659
1848
23323
43563
5682
18981
30882
22927
42022
46219
32488
10085
200
41599
46228
3770
15544
36913
46732
9662
31512
1050
12471
35250
34300
576
44491
22775
18411
21431
30182
3729
27301
28685
48381
37625
31967
48576
4475
47876
3629
38272
18723
20022
196
10942
22626
47427
35748
35751
25862
11646
33757
19811
39215
37669
25567
13377
24638
39878
35911
21649
44624
36006
10455
48967
15249
17757
27586
34483
36091
49419
19962
29628
36940
18170
2142
587
40594
28275
24630
43310
4081
17114
39388
2204
40324
2783
17913
3671
20384
12432
20153
2755
20173
14174
6015
5343
8168
3509
45308
10550
16620
27592
24990
46172
8984
35514
27395
48574
7373
32403
11879
34984
8026
33795
49989
23229
9983
33591
20898
8810
25470
19461
17361
30482
2
2626
31695
28793
13036
32011
46661
15872
33161
14309
34924
40099
10919
44227
31164
8031
8282
32743
9493
30896
5379
48596
1708
14046
28927
47320
4472
3487
28988
8879
2757
46668
19512
9540
11562
32197
5759
25364
1399
8344
34789
14139
28925
33070
5680
25799
30724
8662
17848
8405
35582
19616
9786
18637
28462
44767
34105
30307
8625
40853
32659
38439
4360
34528
15534
23002
6206
7767
12755
30335
1817
33270
24815
29654
47803
30290
9169
210
11712
44032
45752
6657
9493
40015
29608
31738
45958
596
15271
26316
33591
33329
24274
34253
19407
49680
13064
36084
43868
23713
24422
39571
31965
3502
47763
4595
28501
16859
42624
3097
42946
1008
43143
30909
36593
30927
8950
16859
9383
369
9610
19609
22686
30884
6625
36316
44380
28450
12170
22429
18634
12600
45693
36968
43548
11243
47677
1766
10530
8517
13925
12639
36485
32426
15210
40722
29483
42043
41951
22151
31912
535
17023
46702
40889
3611
14546
20193
34596
33248
22338
34002
38752
14858
44355
18651
7021
689
799
28044
48094
45325
22706
14211
43246
49165
336
3104
33718
11032
46220
29364
47637
49609
39962
2579
43527
19374
49266
34631
22229
18149
2212
47450
40013
39473
31994
40399
15022
1405
29042
7609
47381
49531
6005
36896
28629
38347
25127
49568
34701
8788
3075
26148
32623
43481
30073
49473
30952
4463
45313
25384
5406
6430
42147
47800
40136
32044
47526
28732
35771
13980
17457
38911
37889
21855
11776
27378
152
2824
20556
5841
14138
43591
17878
11485
11508
36891
22487
17796
48095
6819
31606
20499
49095
25453
3529
24276
1022
45387
31080
34193
37789
13827
10425
33924
8609
49611
17481
45606
43234
1510
33372
9118
28975
3842
5319
27599
38482
9951
39556
38298
36157
47268
8930
21220
27699
27931
23039
32397
21917
2369
1769
44053
24995
36828
48981
17648
31523
28267
24564
20643
16415
24807
25240
13780
26984
21993
1817
48333
21957
11494
32734
48894
34023
32162
40837
42636
21642
1809
4280
15008
41815
11366
5414
7696
33544
7811
20306
45875
20727
29982
17633
34730
27961
10230
49632
32747
12169
20722
44841
36112
44916
10403
11571
26336
43786
9167
26333
4562
21618
36583
47583
44430
21554
17223
38080
44293
9542
22037
46756
919
15961
17744
26838
21872
10514
16545
36920
26627
2124
2246
32043
2904
9976
10177
22337
49104
15014
31959
36397
41001
48098
43372
279
3836
37840
1374
7993
415
14228
20579
48470
33735
44991
40726
2796
4793
24625
21690
43802
268
7373
45564
3117
37529
10935
25548
23217
31582
35750
38009
48252
14257
248
20218
22883
28796
17963
16298
48700
36808
28384
41970
38478
37921
37233
46554
6208
22352
7795
41831
34011
33440
14951
39827
40715
26646
40712
11685
22708
2733
13353
24266
27762
46736
37310
21316
26553
29389
17361
33477
42166
44543
37767
46522
47813
971
40883
23778
1643
10293
30494
11867
35000
44377
26953
14636
26662
27814
20767
40836
1053
45581
43290
40100
24761
1183
11619
34893
47701
4950
20282
25558
16890
21049
34030
16649
8186
12054
49260
20184
23077
25691
31805
9968
30826
11627
3174
45474
24865
8254
10120
4923
27100
36616
12457
46230
15847
18590
25450
49252
26849
19232
8815
2960
13192
22985
32054
28745
31640
806
9739
46312
24556
11139
42978
1309
32831
9318
46605
30032
31179
39181
22985
23480
45776
22438
48211
21138
6064
24691
18678
28926
48239
3649
6511
23849
10890
33805
40630
24126
42130
9216
23084
281
34475
10258
37725
9242
40385
40122
43971
879
11713
1213
45132
22944
47916
2204
15410
23206
30439
10304
11705
26573
2771
19043
18070
25231
15975
36914
9402
9951
1674
39548
34576
44567
47129
31863
4074
33759
20266
4105
24799
10975
7490
20647
16704
41385
12977
46357
29905
16422
36561
2819
36987
3119
13513
34746
4457
18519
1323
22181
23270
27980
17796
8772
3918
15300
16936
7207
24497
27543
23804
1641
12127
25747
26897
9940
18611
48078
19694
12381
3533
33059
23516
45924
49777
1800
8965
26446
9880
26160
15925
33362
28539
26243
12242
6192
6015
48724
32419
19066
49692
3824
11951
17400
37112
28084
14121
44317
35663
38030
48721
3874
38244
31092
2175
45732
18808
16566
26813
8638
4550
7611
29028
48531
26152
19388
18545
46288
6103
37689
24721
4746
3171
36950
27439
5184
41664
42217
40658
18248
12052
49640
25728
39126
9892
4141
41097
25259
107
39916
38310
7496
17045
29745
3343
5679
24308
26729
12068
23137
37883
33171
31495
23074
15740
35815
3268
6138
21333
33480
17782
47534
27135
33882
39561
16886
21123
44964
8771
1645
17249
32083
26080
15981
30970
10554
34298
34895
3594
46336
15195
289
8450
18287
30648
41542
13282
42073
33391
19879
44766
27743
6122
44473
5276
47812
16488
2453
123
19167
31107
46709
32527
11665
20894
31580
36063
27750
48821
29458
44126
34223
41501
1010
1298
35005
19818
49698
44732
15325
10144
39253
3475
43347
40324
7410
44583
30860
28460
43062
23698
38289
18385
37769
32933
45543
37758
27795
2665
23945
29547
15754
24772
18270
23912
26074
48029
44143
828
35058
32994
42212
39757
9278
7874
25901
32339
38066
47316
42714
36774
21042
5892
42775
41220
2319
1577
44616
26561
37788
37755
20097
21994
13171
20875
21729
6766
16158
31312
9520
10446
2853
27194
46071
28017
38302
46219
30355
41903
35297
24846
43368
46501
41279
23416
32129
10539
14358
36635
12775
46269
31565
37589
6633
10218
11646
10031
32343
15638
45300
25372
8286
17945
24819
46723
27701
37586
15594
18820
2521
14148
29424
38169
42865
30899
42715
25926
11553
5758
14596
23711
31051
41557
17844
14404
25338
47015
36832
33066
24056
38113
16998
46083
11856
29116
21465
27486
19056
2327
43584
47951
31982
20981
20451
729
43537
27508
38378
12268
7934
28080
45091
40410
47544
11440
10721
12060
32752
23527
18001
97
1842
35648
19190
24730
24356
3802
48958
24091
19098
45212
9381
10219
28657
33160
25488
23688
14810
17574
5458
31862
28793
17647
28306
5064
2859
17687
36736
41263
9671
27818
7012
38649
48139
41194
35410
33249
1989
39680
7496
22258
15
18068
31202
10660
35392
30756
3751
29846
8453
12474
45179
18922
17272
6786
32973
42614
13974
36824
10763
27297
31245
27687
34590
33572
25787
45343
27953
21564
13865
44537
36127
12409
41484
13592
7120
8041
20133
44202
25627
41533
4276
35895
7779
47267
48539
49642
45760
45927
41450
5669
30886
26941
22162
44221
40623
37936
35504
38625
32338
44662
40563
14058
306
42383
47397
34874
20697
10575
33393
3677
39699
11078
7744
4420
31815
46511
20415
1330
16117
10656
32408
29355
39684
45592
17921
6406
13344
4415
24372
34836
26197
9201
19165
13781
42616
27464
33076
27866
49218
20721
38706
45936
18444
30631
21211
13988
6333
34552
43042
34108
13556
27749
2518
34546
11543
24812
16668
47499
648
37035
12964
45189
9545
46924
44576
2389
16909
32315
31442
4136
23733
46850
29561
14611
14248
42151
36496
28451
25376
773
12464
37937
13441
2825
17394
12191
48947
29479
6783
21751
24972
28392
36183
40551
27783
23129
22582
21381
37966
13450
5073
47252
35628
49182
37322
8399
46005
41517
14867
12058
25119
36651
30780
49354
34914
43920
9107
35802
40989
45137
2426
13451
43174
22446
25136
6885
4632
8407
44476
42571
41958
3721
28965
8998
16936
35411
8527
36616
11882
3537
2008
18232
13272
41488
31641
3941
20186
35525
28199
46953
18480
13273
8435
29472
37790
45279
35412
31809
30515
34536
22349
8591
11152
22572
14238
34204
28826
24055
16062
11855
29877
18477
37299
26482
42681
45997
27929
175
45406
12146
45735
49235
33075
30653
21391
35562
18119
4182
48382
24459
46180
16722
12053
3690
24005
43324
7918
45373
48227
15035
24719
27573
33623
902
39381
25161
36612
45202
35309
1132
16864
34884
18012
49888
48657
48432
39679
36896
26481
29726
20085
40759
17699
5818
20607
471
2463
11911
31334
23359
33024
23331
18351
44500
39442
23284
18268
24973
48308
8668
11869
13504
167
35877
30666
35777
38747
23648
15153
49138
49007
17212
1694
15857
39774
47967
5028
47767
9399
9897
46288
38269
2826
10085
39983
28672
42988
42194
40242
34770
5770
11214
1020
39398
13040
45873
36180
11782
31593
3487
16114
13362
23355
31503
36240
1247
32468
41611
49659
16947
14181
27265
25683
33887
22139
28571
32442
33505
8585
9567
24656
27529
36784
36856
37840
18559
19013
34872
43167
21034
8610
5350
3957
33247
43139
45543
21060
33081
8473
37069
7622
25557
12809
23579
39044
40557
33321
9345
21046
49197
22583
2138
10501
27256
18174
17448
12096
18262
1960
48239
23461
31783
29424
38073
24995
25823
23517
19308
17841
15858
30320
33053
44964
30751
49306
26730
12361
28738
23555
28946
10022
16522
22147
10520
4069
9044
15589
47533
39669
42990
22406
26882
10199
23053
42764
46325
31006
11178
49929
26509
4177
24937
30376
10846
3543
28517
23680
23630
38062
26048
40037
1126
9375
5459
2073
27134
23871
44083
14860
45662
18982
34253
43640
21981
35633
7751
39027
34946
47686
12113
48845
1024
47546
17283
19130
29968
4475
17467
42987
31188
15866
44250
17626
36807
37723
27344
48204
34537
9522
28486
31140
20415
13566
20046
2720
7141
33363
33175
48528
2702
8332
20720
15767
45412
46394
9437
39205
24644
20818
35127
38728
18046
31135
15735
39707
16378
13481
24321
6209
12239
25744
45371
34666
23678
28251
1460
296
46376
35883
49836
20001
9556
42923
6798
32499
42191
13122
42122
14621
18720
2800
38955
38540
17476
46143
29751
43411
6618
49532
16511
41965
32390
46628
700
43606
35008
29426
19861
43781
8349
12759
22967
6700
42011
5137
21372
34575
15804
29086
38918
13398
24877
28069
45195
49648
17540
32508
43896
16628
17984
4831
41731
48051
10815
28121
32921
26730
40788
14770
31309
20821
10957
43306
45710
40344
10245
45298
44962
13382
40625
29146
20755
42339
1273
18440
37788
3987
4438
1555
40221
47813
8476
263
8198
23466
9936
11668
18578
28651
3912
47505
23974
36877
26282
18977
42743
21910
46110
3434
45272
14382
33376
19056
49226
2184
27347
18981
20213
42704
44620
5236
38769
31666
8790
38375
1220
38934
9329
48915
25721
20031
31413
49017
24479
41307
38779
19984
841
12114
44821
45140
32305
22972
9351
35542
42913
11602
15597
42980
8438
26743
13847
9770
24097
27228
21669
11374
47716
29657
42412
4883
45079
33891
4721
48223
44052
2866
24330
42417
11160
31790
26817
34833
40690
7267
17376
42714
5034
34251
28631
41217
5573
45836
36996
642
26366
42987
23820
34236
32496
3845
40453
4256
32350
13488
37308
42545
41386
19567
17514
6751
17990
24178
8252
41067
30252
27254
42119
4826
13197
7327
35516
31797
30127
31677
35076
1762
6419
33939
34940
613
39803
10720
26383
25701
19912
19581
45896
16980
25222
39786
38837
40742
15299
15514
41627
33662
43660
44945
46812
44724
7397
40268
41180
28876
42785
43231
35772
29200
23662
27478
19444
24364
31584
47129
38217
30280
10152
17062
17498
22837
24835
39671
14862
23802
6053
42882
34576
44227
11110
29595
19154
42747
33008
23769
27793
1277
47659
37166
34017
48654
5402
257
47861
9376
7565
30562
14277
33121
33158
42166
49251
27283
11869
33048
28971
15104
22433
46652
491
27607
49918
35387
7831
10497
22810
35822
40552
39089
7295
26591
32929
7711
46719
22440
4903
22312
44010
37815
6409
45199
9625
23829
1554
39597
40508
44516
27429
18301
21906
37660
20275
8436
8713
25265
28538
11514
40342
23110
20526
11033
41205
3733
664
13603
23854
7452
45828
16869
47633
19381
3542
40816
7942
37532
44632
6200
35044
14630
48635
45276
9424
8127
6911
29206
1441
6486
21231
19897
38709
31076
28136
3914
9892
26011
23370
38793
1242
10608
35957
46151
19959
32610
19103
5725
28227
5505
8476
49279
7064
41996
35754
1546
25718
8911
22423
518
2748
5430
17221
9142
46524
33137
31378
29214
33075
2292
10246
5717
21821
39768
37340
44580
39000
19960
1637
47932
43762
10141
31306
13497
20825
7090
43937
12631
35692
45400
43622
46283
21164
36414
9154
25870
15882
3139
8816
22621
31313
6576
1431
33241
21073
45078
3141
22344
32670
8075
44909
28360
3673
37468
10997
35615
16963
6225
3581
16971
49384
28941
34360
29806
40000
35661
31166
21369
9222
30433
29986
91
16253
40913
31742
31262
7418
8989
13759
8611
37679
6108
12295
46124
17413
9810
39007
24295
15284
43097
39074
32591
40216
32101
25486
47139
44616
9174
20780
11689
40301
20214
2305
44437
25172
19738
1593
41344
47353
6117
18625
89
20316
44169
30716
13555
26678
6348
48750
29394
13578
19401
24243
25144
15925
30044
21808
29922
5574
10888
49814
31808
27790
21492
8973
29943
11703
7640
48729
20713
25639
12407
48952
48192
48575
5432
4419
39302
5952
7275
44269
43706
29397
16356
1011
27697
11028
24067
24217
17036
48059
18352
13077
25886
10970
31504
42072
13672
24750
41254
6704
20817
48420
17300
20741
10031
38186
30992
36562
43497
13129
27819
18663
48542
10125
28660
15036
42545
16427
25366
46003
38521
1164
10461
24102
22847
16295
5708
26987
18340
9020
24925
13358
23191
20256
3505
13063
36707
33181
47617
45210
45160
5359
7103
311
40647
49847
39325
25268
22906
34206
37379
46072
10166
30962
5511
10059
29001
18271
23461
43507
11980
1092
42455
24716
33730
44760
5076
5896
40687
23641
10363
38964
8250
538
10410
16537
4945
45388
31765
33587
250
6435
47979
49641
13440
15274
31084
24021
27988
29842
7050
41867
33152
28772
47777
38642
28769
29799
42659
11088
6340
13197
9831
33570
6112
48907
37064
5408
4291
11754
36537
48342
45875
20858
3147
3412
18284
7319
44965
11262
11376
39781
27276
46587
1493
4627
35874
44271
20823
40304
846
20149
24365
38135
30173
15311
41235
34279
35356
44110
3152
9075
47063
22191
25399
29307
9883
32805
28882
9767
14869
40778
34203
15406
40290
49107
14880
26624
41757
2529
11521
32924
49952
32451
32641
2107
15530
48507
29803
7123
18348
49268
39116
32672
43523
8708
21945
17087
26814
30015
19771
19758
14325
26520
32233
26099
47200
30913
19110
11388
877
16726
30641
10140
34150
20023
17482
28326
22552
19286
48841
47070
2383
10016
38560
31834
1729
28431
18931
10882
12841
19117
40897
4787
23572
27512
7311
3466
6046
27608
12908
35222
27057
41782
7336
23982
429
3700
48908
39031
21590
20261
9393
24872
37181
11938
47332
5108
30116
35816
46385
26389
29780
41256
24612
35943
10275
18428
9072
10738
24276
38457
39703
546
29107
47997
1146
4290
1135
27375
12506
10876
14712
21944
45560
14115
44866
22410
45706
45863
10998
32593
42745
24064
36240
42414
33269
49058
8732
33888
43462
17064
26020
27239
21861
8931
9823
10951
37304
29564
11407
41485
43524
21754
34194
22470
19536
22825
33167
25175
4818
3608
17356
29841
26560
8592
100
11236
3343
34445
36433
29093
6328
31264
11945
30502
30328
36375
48616
47012
49184
20895
39788
47422
38574
13208
42553
10729
32675
36497
37577
28993
35054
19449
48843
24889
81
9725
10684
32756
19070
1466
21264
7566
41075
10499
6786
19190
26457
30125
19480
16942
21580
17141
9559
25057
30287
4033
9840
45140
28540
27279
5773
12605
42276
4841
31802
46817
49368
10320
21206
13200
41937
45026
21524
2487
32863
7433
21406
36453
30163
27944
6653
41327
48413
20797
49501
20464
10825
14828
12567
35032
8220
27199
47193
8088
15437
36861
20062
651
3374
47248
26232
22704
38525
48602
14046
5915
41943
676
45784
33619
5022
38061
42595
31575
7929
40898
42919
18297
45672
16438
35905
17518
49413
42616
8999
46720
49639
23972
14176
8011
9973
36429
5891
7589
19328
46579
8073
16655
33754
30394
20289
24502
30563
19733
21762
4055
43266
28880
9600
32243
39316
7018
29853
47505
13794
20461
34754
49061
25755
4435
14447
27214
33619
5635
42753
7674
2655
27433
20003
8944
15957
17817
14635
14179
16054
39403
20894
42792
25783
28689
4738
2279
15945
45124
1843
18952
16035
10940
24849
27178
12424
20627
6869
26782
24549
14922
6462
37004
971
46399
28758
22817
31044
10859
42532
38671
38186
21859
28110
29823
1411
9618
18840
8960
27380
36443
36509
1609
17658
35548
47449
10963
33581
34245
37951
11897
28079
38781
30901
39272
36564
8205
19691
6569
45904
5557
9383
15573
26558
28439
47988
15096
352
20964
47207
25138
43692
9641
47724
36493
13056
19473
6252
2500
11207
45995
272
13803
21569
49373
20960
18492
2473
10812
22115
42785
38396
42918
34036
38636
30512
46028
27007
46991
18974
15020
11843
517
40432
8579
40870
44721
46195
4724
38042
27036
48879
29941
36980
41782
36540
16091
48530
45443
35870
502
21038
43151
42364
19958
8997
33343
1970
49004
35262
12571
46738
7388
31890
35139
44004
37343
29692
19163
23980
12091
35555
21819
15739
45440
6362
30148
28325
45087
14517
16444
18347
47953
36059
38417
29083
25608
844
29874
46335
46163
12393
49509
10525
44290
42732
43536
7627
12687
26991
27432
43901
26736
5281
42902
29388
45428
34249
6629
38052
42476
10033
43501
37632
49493
29739
32309
2419
6131
33874
48597
7873
3766
31961
20184
46580
4108
19863
20271
44966
37360
3936
15590
23869
43061
5400
5554
12355
21644
44029
6436
11601
5131
20835
20550
28577
48711
17300
49468
10873
10518
49520
11895
42506
21308
38205
43127
47778
10595
9322
33536
26128
28593
42353
19399
15871
14026
43783
24295
26454
32598
44131
11614
34792
1673
41919
1859
23293
47654
27315
25686
38640
23948
23558
26751
30739
3760
5776
12532
49569
36203
5358
24015
35248
23711
33396
377
36998
3100
34844
25646
15889
36454
38533
16365
17404
17949
4251
17305
25667
23338
22401
45489
11661
49563
16616
1340
4893
30334
3228
18886
42862
26035
26883
19911
33738
31253
34283
39498
15701
840
31309
44582
20705
36491
13856
20448
13295
14155
26382
39571
27829
23370
23013
44866
32241
40391
32518
35102
16847
47711
45989
42986
35982
45330
47234
5542
46151
12795
42806
31427
6366
38299
3168
33867
1257
25506
36766
29909
14301
8455
29197
39247
40705
46005
33615
31854
24638
23210
240
39678
27611
38293
30633
39928
12798
46752
43551
21517
24190
2960
2833
24669
22305
37482
17975
17042
39877
16244
44709
14693
29184
38866
21597
10259
11025
1934
25225
1725
14826
31904
14943
329
12519
40974
3949
45638
37478
8252
38640
272
34324
17788
34026
44746
28284
25353
419
12973
11637
31568
17540
7214
21412
16843
22502
14177
48916
7839
44827
37935
17623
41529
28864
49315
30691
33549
24951
3902
46968
35657
45121
19055
28497
24774
924
38415
34470
36592
3195
48850
40993
36574
29362
33547
12720
23269
34179
32246
5522
11895
9500
13101
5135
32980
15677
37004
32065
15777
7583
21709
10789
5079
8245
45469
40003
20457
6944
15641
11141
2036
27542
6639
29069
29823
12729
47650
6622
21928
39458
46640
23769
48438
32110
44829
48398
49775
43934
28753
31940
39379
35497
6116
24961
36229
27813
33585
32736
32237
30586
10164
47994
19213
37478
42530
9892
12153
32921
17954
38478
18712
11037
28309
26263
39841
20701
29338
26892
27705
13781
11002
24547
19748
17000
7943
2083
34597
11981
44825
5331
47910
19278
13125
26902
42688
24142
40836
16880
43883
28488
26271
11100
23123
34450
43485
25859
7727
25856
22156
26219
25281
22324
35714
21588
26123
38231
7686
23177
8490
7720
13802
31739
37356
19047
3155
26832
30987
6518
30270
21254
12965
11226
39713
25647
46841
32870
12354
22254
1092
34595
30708
16680
23213
44006
34103
23699
49869
35497
10212
31748
19285
36216
25810
37667
39888
43892
19765
40624
8969
41
18909
44458
3992
18685
870
41063
33718
43837
3749
6420
26026
42905
6546
42555
24943
30714
36821
25330
36220
10923
31332
45284
23981
25411
37205
48411
21867
12863
7985
4666
20408
10012
27266
34283
18607
24584
30653
49756
47871
17421
40162
39412
45019
37911
28860
37358
44354
2720
39497
35551
47520
29547
20922
10751
46649
11153
22083
40432
1232
43182
20201
20274
44545
49801
36120
37683
38855
2869
43774
2882
26129
20344
11128
38711
6956
11499
25693
45858
18330
20998
10758
61
30460
31705
48080
42170
32173
2804
34410
45756
21524
25520
22991
33380
34475
39054
11661
15975
35291
4071
13038
12733
20313
44435
6655
17793
40169
49709
32215
33105
41746
15093
12167
16324
20702
31707
21051
5386
31143
35301
43645
45590
3131
38915
7112
18503
35106
16694
39800
41695
1091
43892
6378
10900
33450
10438
36023
19580
19064
37595
35926
45789
15529
28596
29875
17943
40636
45032
22752
8245
26177
8976
7254
39746
458
4083
4904
12999
24411
41564
2553
30690
29452
2072
37516
22063
15513
46714
27940
6157
40750
7220
42751
45400
24212
16266
1906
22066
5075
25981
35037
47310
26350
45313
42067
49485
27495
22419
41099
14096
17910
14471
45758
38735
48556
2111
14268
18077
26327
45100
44064
44007
29708
30990
15461
15
44779
29455
34097
10394
3856
34554
12027
11463
38790
27349
48639
10611
47364
19528
43038
10396
49621
20724
11100
19873
33010
44615
33813
24411
40433
17150
3475
36001
19335
3860
11436
15319
6742
28855
10714
20249
25269
24165
47595
22551
1295
49058
31812
25392
16699
41094
43568
8055
44361
3300
28358
46860
33558
21844
25385
48193
37742
38411
5071
37744
33481
11553
30448
14131
21599
36184
33522
39479
42482
24022
5269
13537
26567
41827
28921
48039
10580
31396
23799
14978
34249
373
25122
19366
46271
40275
18021
16273
46816
20824
232
11860
9822
30913
39615
23842
10851
43126
44603
38155
1652
17230
4162
47131
19520
14853
14955
29629
2400
49009
29552
10464
5193
1509
2739
38810
45503
21637
45496
36425
9179
43532
21146
43526
20592
27258
25277
40504
18259
15453
39832
39045
40700
26670
39062
8563
25783
11751
2606
24100
14395
27769
48447
38686
29662
13419
10789
41530
48497
24356
34040
48983
32221
29019
28039
21201
37482
9018
49226
41076
35593
19492
47014
42027
28438
20107
27883
43961
25281
21227
29694
6206
15111
9222
47191
19567
25096
31934
15737
5421
14163
38713
4998
49479
49676
18398
24385
38387
11864
11012
14346
36151
726
33981
39317
32089
16786
43207
31973
33857
18069
6548
27273
23500
12254
25170
21518
25584
42267
17262
14992
1775
33947
12820
9466
36285
36245
39505
27029
42853
9316
26129
2516
27723
40125
30914
13623
6035
22017
8901
14187
16413
45020
7983
8182
29743
26863
24030
3008
8657
33063
28447
14576
7356
37201
13087
8730
45995
14683
19487
28729
10794
47516
44182
22681
35516
22182
18302
42193
46358
49929
25641
37773
49311
22010
9217
18911
37480
44702
46925
7800
44931
49877
1552
26428
39319
48239
18140
26598
24899
24864
32612
34102
13257
34081
5622
42646
4867
10836
5202
9702
48749
27324
36767
21574
44675
22086
8348
25641
32874
15939
9835
25145
14420
41060
21931
1362
20510
46347
2246
37050
4689
9792
39783
10358
38394
16732
974
49835
16334
47433
45086
43507
6731
39763
48628
35894
21018
16448
16191
48531
17303
14924
44054
8942
20449
23774
18769
22659
559
23891
16587
11797
44388
18425
25153
30340
44117
36792
33004
25028
13667
30898
31646
25186
48725
14507
41767
912
20799
18856
28719
45242
23430
22759
12640
41334
37583
49928
3012
37194
29397
49874
28227
19460
26463
36223
39829
12946
39408
47882
15424
17946
3890
40853
33872
49837
15987
7256
16827
41471
16849
43554
5402
23219
21678
36964
34984
40159
13815
29746
20956
11717
44489
17110
49611
16626
27749
49979
7386
16645
30135
7779
48365
13421
24331
38387
22192
30130
11610
24079
47246
25645
30182
25417
10535
39896
4401
2712
3577
26842
33978
24761
32798
47772
46985
1650
4952
29897
15523
36104
43363
38000
36469
32532
1616
41388
22465
29415
13744
11225
3713
17636
24669
11765
45915
37895
8794
8715
3396
34304
29150
41312
30677
36022
28275
20083
27292
6447
32719
10277
26209
26811
651
17763
18593
5597
10892
12448
47144
2928
44778
35801
30092
17370
40098
20288
41750
45476
21823
38145
16037
47121
6469
831
31936
21574
20561
3818
39984
29458
12206
41680
48370
3173
14420
11413
21762
27457
23914
21561
30499
21306
14657
31606
29444
30305
14867
18123
12631
10221
878
30346
25141
16601
2798
43407
30896
29049
7701
33377
45179
299
2414
14138
36506
23463
44021
31097
10131
17533
1619
7749
21894
25490
10576
11804
10493
12217
31011
14376
42764
34510
24127
12068
47419
14034
13103
20565
18077
15352
22220
39484
8470
22636
31919
44075
10896
42700
43996
41238
30611
33843
6823
39828
19143
6842
43210
29015
18353
34156
3353
31015
29439
39664
25485
37549
23241
38922
33206
5916
245
3804
8720
48439
37655
45363
10855
5293
15606
3291
26306
30340
49130
13647
40381
33939
16819
38494
13949
31799
1581
17075
40388
20118
18403
25409
10078
30299
3540
15121
43970
34539
23762
32443
6189
43054
9329
37510
2563
22160
20154
8450
17540
32497
41234
23116
24379
15062
23292
21890
13989
32328
7261
4986
17946
36999
27916
30510
39312
42074
24897
6362
17823
49325
26273
4764
43270
18937
31281
40977
9533
30330
5220
30804
46975
47881
32878
29904
45269
17390
38747
22390
9255
49713
43848
30036
19209
32333
15732
6870
3822
1794
33637
27259
39768
9679
46538
40357
7984
28019
9150
10336
25733
45066
28123
33334
35173
26066
10261
26425
46526
26707
27570
34543
34388
12773
40582
47206
14135
42867
21925
26732
2232
17891
47363
26399
45016
27542
36234
41985
32664
14200
1804
37349
13554
8412
26617
3274
18704
36883
44965
1724
47159
44979
43434
49553
25821
35702
31184
8482
38905
7539
32914
20829
7681
9172
23980
31281
49687
38890
28582
41280
11061
39493
3531
44462
914
25650
48508
23165
42242
12304
31490
10273
48422
31531
25273
24523
32191
25750
31175
12313
36413
39306
32716
28407
43811
25515
21793
30520
23162
24008
34849
29345
19264
9738
39726
8702
18081
23290
29462
32929
22557
20567
44668
2166
32587
38940
48303
20889
28670
3131
8266
14785
32896
37814
25378
45251
36282
39994
16039
2204
14408
39968
49872
44314
25091
9890
20380
5078
18520
5403
47979
9054
9467
43948
22219
39622
33093
47847
27273
16076
48137
3720
26010
37447
33912
20611
6901
47070
39134
49390
6853
6546
13560
45674
15018
20403
36286
49581
22630
5796
20357
45257
12472
15729
49689
3356
21931
33995
41539
7568
38065
36026
25707
16536
48987
41890
9879
34864
38777
21384
1324
6698
29572
45720
43161
1814
3294
45358
19562
44684
49659
37805
25573
9921
9234
11595
39130
45877
27547
21183
13258
41474
41893
36583
1213
12873
10652
15214
39487
41475
33374
40692
49652
42453
3644
46065
4019
7406
8167
12905
3304
19890
30812
18436
10709
29524
35893
11544
16405
39217
18270
29504
9896
36809
25909
43804
24245
23330
33822
19490
46666
24981
11988
30504
3997
30195
36089
961
39381
356
28006
28689
21582
11281
32476
16129
22639
1202
9196
7672
22417
17239
22621
30857
549
25410
1105
48375
44904
17858
45025
4903
33164
21070
496
2782
48425
4381
23378
36037
11202
9417
29736
24014
4360
49462
11684
43576
44200
42595
21639
14897
8162
48235
46186
34100
18511
23309
11532
33132
635
46217
36769
33530
32902
26957
15016
4262
46042
29229
25367
40617
15871
32024
18782
3386
22059
15603
31024
32637
5723
43559
7030
31674
24180
21303
20563
37535
27683
20189
39682
41815
48239
5483
10390
29994
10995
14143
38645
31119
14019
593
19671
29980
35488
6395
35318
17047
36512
40401
26050
19019
40476
23671
42427
23218
37160
30772
6463
49569
28676
31602
24940
41572
15817
22952
30513
7155
12496
29527
21112
20785
25016
8694
25115
39993
19850
41140
37599
12482
34774
33156
27057
8132
2390
6531
27004
34926
23356
22040
29621
26364
4407
27311
27697
933
34865
45266
1969
18609
4426
39545
23724
39167
13120
14952
49228
31548
48481
19329
1107
36234
3695
43053
15868
25765
24778
21323
34242
18781
21953
16082
26814
43657
46392
19292
49471
23976
31148
33515
47159
25767
44387
9310
30446
29383
27961
34315
33797
28165
17035
21397
48432
47000
20547
10988
6788
9946
10368
41303
3153
13644
46795
10207
27870
49232
7632
9661
15215
31986
3125
42271
28826
35641
42557
28436
7372
25524
28720
36867
34146
11166
29651
15194
33889
43643
18222
20896
32381
49632
46504
27660
44559
26812
29025
4579
32793
31110
39545
8341
41623
40658
5896
37441
8877
20307
31403
25568
44395
8385
25820
24669
31039
27671
29611
13537
48546
6592
6733
41635
20635
22899
34697
42214
20578
3664
7413
16849
4052
3004
18638
4575
27550
10846
10986
36527
5512
7992
18888
31018
29184
13179
2960
8158
42167
30974
42963
32195
16806
27885
6596
11080
2672
30284
31775
38886
4437
21650
49483
23333
21866
22231
14631
29586
10571
4593
6818
47050
9174
47400
26193
19777
20650
9133
27989
37121
11054
49468
39530
44652
11101
45045
10135
28934
47515
1252
33377
27218
43101
35381
4272
36037
17992
5685
17028
43436
5714
4003
4292
39304
19053
8934
4309
40154
20840
11509
45482
29326
11332
7871
2140
12725
34674
3076
14303
37767
8011
5420
1345
3451
7739
39397
39601
2043
4189
22261
4617
43917
16072
44088
31918
40511
21416
39946
26678
20915
38546
40055
2873
29651
36522
44144
8073
29002
25565
43927
29100
5529
31217
40310
41933
5626
27199
46017
29104
22378
10357
28328
49970
44406
11813
7159
15641
17600
25525
3439
46575
38044
43560
16778
14791
36451
2186
25876
25699
25115
22198
21554
9484
6212
43905
43540
25177
25151
35037
26355
6315
19050
29296
49405
31522
20693
3782
25458
13745
4576
28712
37488
28630
38432
21570
12315
6048
16779
26592
6603
14937
26670
43071
34590
47036
22332
41268
39819
17835
19579
41972
39505
19258
29040
4440
14747
32901
29364
20563
18826
39873
16214
10273
44329
31925
49282
22606
23388
22321
40430
2950
26178
4223
4600
11528
12975
5890
38545
2514
21274
28141
20166
47694
16009
811
32585
1430
24438
15518
28247
45672
48192
5644
16099
35879
27270
27702
9362
27615
29814
17933
6248
25198
21906
3872
34936
29735
38195
47081
119
17871
34076
44598
33516
1382
21892
41384
16073
47041
28413
49439
20449
22526
38189
35660
18936
1415
22777
44987
2041
3766
25755
12955
18800
2919
31441
36841
9809
5343
25299
33975
45511
18410
37201
8471
17887
8726
43017
14019
21792
37834
34667
18896
22860
40983
21399
2970
18454
42190
31943
14850
9504
11279
24805
37718
41794
40815
46225
1265
24553
5739
26534
21937
22291
20053
14965
14926
20772
19064
41168
40910
40922
32905
3308
18891
36694
45705
22392
42883
11557
46283
17114
24897
44017
49764
46114
39798
15286
36239
25078
36518
16034
49344
19036
32570
3456
45893
41705
12105
24291
20572
49995
4067
47097
8422
22002
43554
48382
29988
18939
38552
9184
13146
46056
41414
30104
16634
47968
28976
41779
4362
39741
42140
32246
2903
32825
2600
34456
20930
30946
26778
6000
22297
29199
17516
22482
31403
7593
2021
39995
11817
41223
12954
6815
18820
33693
30728
30765
32036
12819
13551
8569
43682
39269
19771
658
29618
49852
1972
26658
34350
44412
40412
8923
48280
9898
31716
6136
7625
9598
3159
1955
22394
25647
665
21552
758
786
45858
30518
29698
7169
17005
4545
34739
48820
18527
47336
33346
37255
40182
17880
32138
22839
15490
34707
24871
36101
3491
29472
34738
44602
20437
26898
39301
15307
15975
41555
3843
880
19990
37918
36801
15648
47781
27761
37240
48315
1884
45148
17355
40760
43052
47242
15997
30623
48416
4449
34895
32376
42790
1799
40590
48585
11174
12656
2311
10801
21311
3506
9701
30165
4478
16604
33430
41184
40442
43360
24345
14598
43180
22546
1098
37967
14792
23553
48301
17696
28894
45174
2607
19045
6072
15993
10925
43320
37672
21165
25050
49330
17309
1903
13260
17424
37562
39742
16297
17865
44954
22061
4317
21575
9260
81
35616
10682
40516
29721
21537
4618
32166
16750
1326
41091
41876
28819
32756
17411
45786
31320
34691
28705
47964
36338
14982
6386
17029
28024
12321
697
33502
11797
2897
44881
48878
23035
48716
44112
15535
14981
18600
14059
9568
31999
23843
10325
7640
24854
20011
28786
23350
19467
10643
38702
20235
26818
14941
49221
11762
27866
19347
14822
13058
41258
42202
34785
43123
37369
9133
25281
13598
6626
17260
25786
12586
18158
33474
1479
32380
49803
12688
33612
12548
8971
39926
11614
37411
40117
4180
5001
9759
40266
32818
39832
17012
6286
44640
6647
39550
45373
20960
46414
7937
16399
48737
4911
29044
24391
26066
30723
33674
29065
15896
23776
12844
39145
39683
27249
23066
5748
15545
42261
20209
49853
25074
35188
42127
10669
31253
36727
6044
41311
3160
31352
21860
8125
20730
4288
7378
20856
28390
5362
6199
13289
27708
42532
39590
24990
3129
16968
41778
23753
15330
18401
49262
26014
13888
37706
26150
32691
9194
5462
34441
46270
3960
30917
6566
19708
8076
45111
16798
46630
12519
14793
48409
24795
39295
43880
26235
35474
28335
35838
1523
2102
13528
33237
6683
15531
31274
47754
3002
25064
9039
34163
30885
31930
43805
26207
3432
2125
30562
40996
3865
34331
23740
40333
32972
17576
21938
48099
31860
26810
3805
35433
34265
23253
11675
32350
278
11822
19020
13163
17046
13527
47854
10234
9185
4194
15052
21422
47772
35436
15462
38201
20159
32345
8722
34217
43049
26925
33761
15690
36533
18409
25733
7710
41782
23689
48164
33994
10921
30790
30634
42896
8156
25806
6858
118
19325
18570
23973
13327
32363
8796
294
21965
36719
35923
43909
4647
36946
24106
36019
43663
9477
7913
3306
9703
48852
7985
3240
31787
22465
24716
46485
6364
24078
37062
30771
26491
14582
22117
7238
29490
38299
19083
48180
25321
45744
49483
1545
49049
34098
15826
13468
26201
2200
28277
1045
4053
29662
26023
1617
45860
633
39905
39199
9120
18100
38026
47053
16029
17541
73
10875
31007
26954
29610
44674
19311
42014
20282
28260
24474
30626
48534
26826
24185
25781
49874
6978
39952
2167
43679
49810
35087
2258
35498
24799
43585
38444
19306
17263
41569
20161
28045
24282
18731
17914
20749
12866
28041
39261
1700
4457
34162
28369
24613
34563
46796
17866
28853
26117
41360
3353
22454
2732
47557
37277
4767
40497
34059
10871
15016
20491
49626
44327
5092
35351
2392
24046
33894
35495
17413
1188
47165
4434
46301
45938
31697
30610
30492
40402
11606
20838
4784
1618
20782
23369
32312
48741
43060
11702
6980
5760
38007
24749
20855
43572
432
31892
21911
31510
49316
38965
2213
14250
43360
3887
41021
31890
6602
4417
16713
49697
11307
7053
15121
17220
28072
46938
28579
16765
43756
33123
32800
25652
14889
39437
49803
41532
34267
15455
44297
14492
12580
23989
34890
42691
37789
27018
43486
17520
764
3829
47344
33880
36682
215
7972
14045
1337
25104
31221
44921
29683
42424
39587
4171
48178
4693
39702
13755
7668
19577
25078
2326
21580
3956
1300
16614
12015
4157
39944
27502
32476
13887
40523
7393
1625
1365
8855
1850
17946
30748
12391
28288
46214
4498
19774
24967
26768
33634
31070
9565
24402
29979
40814
19291
41900
43126
2513
30489
21522
5634
27893
9731
27319
33435
26818
11455
37880
14772
36856
48572
49431
547
35462
2551
42450
27857
45834
31112
37798
19640
31722
38750
14124
18060
33033
1925
42511
12392
27259
13082
40277
39040
14162
22471
28912
13931
46460
10331
12636
31763
43985
7902
459
30571
5574
39642
24925
17823
40846
14860
17773
41831
48559
4832
14236
17427
45216
37503
12803
14232
33893
692
37308
38675
35887
9683
16278
10533
26162
43912
40599
39611
1503
22735
972
1272
44540
45344
25885
44856
11781
5277
10176
22967
5322
32291
24638
9299
40790
22669
45501
4395
40038
13883
21907
13189
36442
25691
22507
10791
21274
43402
23353
23242
37622
26457
7036
17400
24174
15167
37214
34729
13455
2060
49253
38223
29641
18474
13072
21176
19095
8881
38992
18009
30406
5321
9047
132
30033
46672
44087
45782
21822
1480
46209
7877
46086
44676
49882
11948
32823
4032
7678
19032
3634
46522
24003
9624
14707
27182
21531
13217
43189
25439
1341
44470
16039
15293
46395
2369
42739
23674
36876
7728
3402
13981
39626
45754
15436
5405
10628
17275
38595
31454
21646
20887
29331
31873
34088
20619
30261
15910
6323
28670
8025
3986
41950
13064
48655
41281
17854
25421
1958
43184
43941
8788
7700
31643
49793
40700
27512
17999
29424
15965
12863
31243
35013
11203
42918
5592
7872
8927
4229
12456
44942
8051
38585
7763
30878
9696
11257
24966
25667
5584
7723
3808
11215
2992
26323
28705
1573
15456
47478
44853
17679
7292
23469
14546
20501
35275
48146
25010
11668
8677
46816
1215
45287
16144
40536
9416
1832
39255
27673
15733
39788
26754
31457
17435
8426
37211
24569
26332
23812
17903
44317
49199
32557
27672
32832
42861
13608
13197
47949
34193
3923
32178
37517
49303
40942
673
22869
49556
20826
20660
43641
19526
31396
21801
33981
48163
44594
23071
11140
13788
38730
15258
19042
13142
11424
25084
19536
4609
8958
21064
27030
42041
32792
26912
9640
15777
5751
12026
46613
48159
11349
41597
18804
3143
35996
27757
27098
20216
28417
27707
25611
31276
7701
19590
9865
40661
3615
3369
44457
37173
7282
34143
16507
26003
11327
26142
39958
27803
40203
42061
22548
37587
13228
46361
2956
48362
40152
15499
44352
14187
23494
6064
19899
49576
10922
35045
47322
15580
22315
6601
7247
27554
14615
7055
42407
3921
37654
2232
43786
42697
35438
20547
14758
9215
10804
20531
4555
17036
8685
28954
27875
41660
13749
9465
38978
43144
44883
15748
34533
42795
11680
22532
48852
11983
4913
12135
7148
4548
42960
25185
5497
48308
27866
48738
36884
14060
17495
5754
35469
25761
25937
49146
23734
18504
11361
22026
23233
17131
2089
24666
35841
31601
30974
46446
31707
24805
14135
18751
49279
3849
17610
4719
41737
43400
39189
238
11134
7156
44110
41342
17403
5582
28715
4778
14787
35580
10044
32897
28727
26431
36434
13967
4052
47852
32622
39345
3088
47647
14303
5854
6831
11035
26035
37850
26342
18839
35885
2846
28726
6596
37565
23408
44030
44063
17117
29852
49383
31963
15610
44198
26040
15974
450
32204
4755
2444
28634
33900
22639
23301
16727
16048
24108
32026
15520
44487
1613
12660
17024
41747
6974
18710
9818
6497
27017
28034
47584
36103
45128
42678
19645
49392
32409
18412
46460
28062
47982
21046
28366
27294
43771
32111
45550
33903
6875
19426
713
367
8440
29140
24182
12877
4715
43805
32427
34081
18115
20568
21041
26820
11116
39829
30572
9759
39360
22762
20305
39985
23222
46412
48195
3748
36096
3638
25060
16619
523
33980
19799
24027
10012
12254
19986
29913
4454
7877
42423
48154
23919
18595
13803
712
34984
47141
7301
18952
6823
25607
26563
11325
42935
17405
32127
41226
15750
15933
48372
21922
11983
48515
11647
28998
6702
7071
6172
25277
17103
30090
12803
17390
10082
20731
16021
31262
18559
9814
29929
40792
29508
17519
46912
1176
10776
14055
47544
43807
40416
7511
45913
23517
9655
37562
2417
32741
20156
42293
14014
32316
122
15764
36352
37986
34121
25874
41933
31647
29809
47328
12291
48793
49736
3521
45588
30194
3709
44023
30999
49888
528
10026
30493
44680
40902
11392
32164
46727
24146
13387
4998
7023
28818
39789
21362
16584
17995
25970
8157
22796
44713
32302
1254
21692
6000
22836
11048
9971
31752
14337
15654
18847
6086
4179
39603
19516
37404
41783
45714
8274
8653
11086
22058
38560
21147
3329
6648
9687
27463
33339
42689
1122
49319
43565
8628
36663
10444
19341
1735
30893
1041
845
45813
28973
26367
1595
49699
22122
49261
18613
39749
2181
7743
28812
21450
27853
29417
33365
10540
30807
9877
18488
19529
46770
14146
1585
37158
35847
24305
39093
21577
20400
42724
14771
48032
39878
14546
9567
36652
33165
12539
18500
43839
42603
38301
30958
11910
7495
31380
44750
21754
1965
40384
23888
47293
22220
15814
37498
21527
19390
42501
23585
45405
14365
23685
36805
4457
43985
42494
4536
23997
27972
28151
17947
28404
26299
36647
26034
10408
42526
27424
20464
47934
43973
33029
21132
11111
40650
32767
10459
28795
6135
23473
39349
31353
16048
4791
46611
14356
23166
26705
38178
48557
43707
18219
43935
17696
4401
39580
18447
23518
14843
14404
3518
24676
38235
15135
18722
16644
17051
8740
36986
42212
5422
27245
15608
31125
22898
28593
40868
18045
23477
44304
27636
35974
36756
961
49577
36998
18358
49098
31881
23278
33136
18176
10768
3310
41511
41125
19235
13437
38812
42201
34816
22330
15154
18560
6067
4634
41805
33246
45964
36875
4398
41291
17875
22761
44513
42467
11470
24566
26967
35222
46063
28363
31821
49706
16021
42862
40250
21240
17013
42318
3565
19369
6642
38985
24512
6275
39015
12115
20824
25224
29287
27968
21352
43142
43820
20381
46246
23871
36428
28000
6777
7844
6829
13154
2650
3860
42474
34999
22553
22388
40266
47681
40538
49543
8740
12955
42846
47389
2479
5008
23261
14203
36632
6823
30929
18657
42245
25546
21518
23756
5616
3369
41208
18750
982
33274
11196
1267
7528
64
1471
14165
29641
21695
8380
41362
26465
38023
34631
40378
43751
4652
8186
2433
31303
41081
34826
26874
27322
1428
11
29845
39675
25600
259
44802
1021
25187
42768
23021
12631
45777
48325
24360
13377
20754
38476
42634
8427
6239
9509
44309
48368
14661
35112
5830
32816
6865
20204
7910
4564
37962
5311
5330
620
39919
22844
21716
16483
14206
26704
23583
4753
42306
11482
24263
18421
42662
43732
18211
10188
2755
39525
13362
28797
4440
5300
44297
10043
6898
11650
15041
35481
38541
20078
49489
342
28569
40366
8804
29501
36661
43992
9164
36295
5844
47017
2545
15925
22202
31830
45715
27913
49359
24542
12614
36159
13549
46218
39936
18973
22441
30808
23790
41057
29574
2258
8578
6698
7617
9026
48603
14320
31916
40415
13954
10085
48659
31727
18815
16404
18851
33814
36989
12424
19869
24830
25242
11011
41482
45398
16488
32155
23373
484
12910
37326
22855
32665
5288
49286
9551
5416
29299
14117
21039
27352
22068
49959
26672
6697
41134
49465
44788
45421
21346
45127
11823
15364
42117
35454
7286
25940
258
43137
29290
46787
46807
2208
13528
13839
36490
17118
13919
14247
13150
22310
26501
40641
35067
23794
20066
12618
15925
26820
10570
14729
8964
20093
36962
22188
3439
49678
39806
14783
22620
13767
40410
18671
33151
28204
48177
30718
40114
8503
10240
36503
43411
49427
9716
30162
10715
15758
535
42424
40478
25935
44792
33462
40643
11056
760
2310
25862
25833
20408
20848
19196
23558
33
49436
31522
22619
26752
15431
44886
49618
15008
37091
46624
40303
13446
21628
18543
38234
8522
20516
31188
14336
22007
33840
48372
7244
29026
6239
24801
8609
32108
3696
10842
32477
22577
39625
30841
30235
13684
30254
38620
18472
16731
1581
43145
42256
1514
36004
40031
16637
13819
26102
49153
14418
24399
22077
33048
46079
10962
48163
3038
10013
1482
45638
9254
37308
26003
48697
1945
34427
44585
44180
22543
24824
7197
18092
42790
29293
8513
10077
39789
25404
39799
7332
27698
35719
33618
48411
36401
6894
12013
10563
12459
45282
40908
33940
49527
8234
41416
29564
21302
20155
45669
34211
37170
22930
6151
12723
20688
20551
20166
20969
28780
28769
5931
28749
5543
31031
29083
11609
32391
28829
45242
11342
42449
18413
26421
19385
29436
35265
38186
38677
26192
46632
42468
48702
16288
1023
6774
1103
41526
30837
42223
34021
39572
41926
29773
49086
30513
6890
68
7040
39578
23883
39294
4749
3590
23798
35622
21910
48453
31889
13409
885
33805
20558
17423
27722
5918
24732
36826
30372
3477
48598
14801
43425
39044
22363
48160
38622
46886
2850
18924
28903
30098
20848
4516
1266
45773
46332
37025
10302
15994
33743
28243
42378
8835
8397
39964
38362
18586
6856
49083
1743
8917
28614
40980
37833
34447
1035
49581
23745
38473
39201
45855
49564
18998
6294
22084
28128
1250
32359
1297
19770
15912
3961
20624
21737
41995
32702
44396
33874
49280
27812
4157
1979
3458
44977
6838
20567
7217
38029
29339
31439
13715
27050
16524
11296
28766
3656
12357
44246
44587
2296
7540
43264
44615
28548
34613
32883
25087
47988
38772
21996
18541
37925
15305
46672
18717
19740
45133
1668
28414
40541
34969
21050
15871
30193
31878
17816
122
4116
10358
19675
18887
10766
28260
21537
31917
2569
28627
12196
33094
47348
29443
30611
7554
15281
11083
33496
21774
32576
44331
20514
39330
49250
34451
34992
22911
9261
17120
38503
43875
35550
18573
42550
48468
10905
38729
45271
2933
25896
38724
41252
38299
4192
724
31901
43573
16038
15884
40997
11518
7275
27068
29220
38482
29631
5754
3877
10000
5750
1681
3562
49707
39616
33464
28057
6670
29634
49916
818
34156
22552
24755
7982
31315
14154
13284
48577
36554
5205
22055
35186
7799
39696
10615
42850
32867
46578
14585
23047
46413
37459
25439
41435
22720
3745
6179
34943
48172
18721
22371
34725
21252
29986
37119
6982
44572
6336
8965
30025
23748
3877
29714
3173
5783
21996
9934
29184
34326
10913
25455
8153
18548
15688
8696
7116
34051
21363
20830
13523
37674
28668
7448
45391
42948
7796
49510
32581
30132
32158
36973
32495
38788
40685
23909
6262
38329
32164
28456
15847
41331
11368
18347
2385
48678
3034
41380
12202
6854
15697
2316
14129
48152
12604
31617
31307
36159
8311
8507
27200
47077
8233
8547
26494
28259
11147
18334
25772
47836
32880
38551
5529
18331
34807
23909
49436
38564
17780
46894
5365
24384
6242
39184
32917
22682
42774
44677
20093
25062
21223
46392
9909
9178
48962
5254
47539
19886
18609
13713
6860
46800
1864
44243
48496
23434
3990
42906
3120
15725
37922
19168
9400
20352
34710
33703
35013
46676
38165
14151
1801
7938
38173
11407
7173
31588
36162
32011
38454
37853
2561
14404
7294
337
39141
46796
43793
25969
18138
49958
9997
40299
48286
22918
23650
39877
17949
653
30366
2241
37776
42397
40705
27210
48626
49168
48461
12591
21203
2446
44925
47244
22424
35468
24495
34941
13644
11816
1951
36355
22601
9715
25965
43138
35939
13583
39345
48357
42841
12402
5698
40766
14481
45427
20719
11028
32108
38377
5506
33408
5977
44581
28511
21066
27072
45745
1335
33318
38724
39078
49551
25306
8402
531
33151
28841
40247
48760
44421
35537
17607
26523
19747
22418
38513
31993
17116
17748
9541
11267
17127
10134
22104
14149
27126
37666
40938
29392
16189
38567
6948
24472
19919
7787
35900
21828
30946
27569
47373
40041
13144
30880
35211
19403
22741
17382
37074
23576
5803
35654
33262
18972
49259
30966
8396
15098
17550
11328
792
21985
12981
24385
15494
38589
30547
17083
18560
4854
31742
40530
26393
39005
36918
43178
9144
18465
12999
43284
18968
31885
49296
48772
18362
6528
22210
28680
48367
47833
15873
31498
40374
3782
26873
31596
2845
43602
26391
43363
48022
14668
43359
49775
47878
49515
30244
42960
39906
17469
2725
21108
7745
22131
9293
21495
8255
35575
18722
11724
2319
11318
9235
41340
24327
21182
16333
12926
23649
9260
27363
36769
38508
8275
14657
27537
6383
14576
25138
47320
38196
46900
28318
24160
13857
45401
17057
16757
47146
10731
19214
14529
28671
36796
23041
42173
47913
8035
16771
29016
34987
36183
5757
36455
15859
29404
29486
7609
32969
1591
33034
13495
45131
40646
10409
32980
12658
43008
46951
45277
5703
17411
20885
27686
29961
8228
21269
35116
20835
30245
26045
42911
30665
2411
47952
20751
21409
2696
17566
11433
49946
9053
47891
25416
16540
3590
13022
37622
43331
43408
40226
28039
20631
13698
34673
49157
21691
15354
2103
20064
22421
43299
15257
3702
38327
13968
40726
794
27148
36759
31227
38728
1377
39240
6110
22619
8447
36383
35679
29970
43546
31256
48719
36139
10424
34370
34944
4608
18128
45089
41545
26316
42345
8905
49106
38795
36738
39450
46885
21500
35231
10887
38747
1901
9252
48384
41441
38526
4922
6510
17582
14206
45483
28957
522
31584
45749
13000
1350
22352
18313
31836
34781
23058
49091
37187
35267
7979
40956
27957
16756
16042
1604
24204
28818
20235
28766
25374
47778
37832
7284
17427
22577
36624
5525
28540
8795
43383
33182
27787
46017
9835
28956
32437
573
37377
855
36332
49805
9729
44889
21532
27784
28426
34289
4670
24449
46777
34091
43479
12723
25150
5730
40965
10545
10571
13605
15649
44257
17536
41475
44959
46070
41777
35561
7819
10427
9295
9017
4713
10035
11607
10424
47953
45756
7321
4240
26691
41333
4333
9163
43924
38622
39997
31565
18560
15326
2688
40323
42230
12088
37709
28408
37108
49708
33216
31435
9701
22007
20852
19194
40779
29402
13292
39770
37349
8193
29247
18227
6604
17294
20714
26487
12844
4554
1439
8710
20059
48952
32413
26559
20568
43181
13972
3067
46483
35950
22566
40967
4760
3913
9478
48001
23567
39462
49775
20235
38585
2445
8993
25092
5387
12284
22311
32664
46418
18465
20088
30548
4525
5832
24240
45513
23305
31372
14282
4549
41914
7587
35779
27709
46451
44705
18409
22219
13971
49143
4731
27892
22022
2217
40294
38292
22254
17915
41623
26967
33672
10657
41395
9490
49542
21162
28080
9715
14536
16970
47140
19410
10123
27675
10112
4306
4107
8917
23138
37427
29684
5997
35729
3881
24240
49012
28993
22798
24260
32513
43464
37959
46275
31228
44943
21748
29937
9485
6948
33152
42238
1309
27119
40611
27871
38350
7623
34984
45301
42391
1969
12181
28769
46693
36863
3512
39807
1216
35594
27926
2046
14743
3938
8441
17504
30766
17290
22093
42036
7841
33790
882
27338
43077
401
3497
20062
20233
7073
3701
41689
21182
6903
49779
22830
2314
35767
10977
10915
3976
42841
34189
44914
21621
13034
27701
42451
17233
36654
18218
8119
13588
46224
44057
35850
26637
31759
1087
34201
39141
38303
24256
28168
30803
1588
23821
15910
12351
28188
22185
405
3282
30630
34375
29061
46274
4176
41402
41000
34536
26858
34905
31306
11530
42221
10965
45966
37149
38992
7625
530
25215
16049
4217
10882
34698
49398
38472
26383
29069
40124
8185
13692
41850
28932
23060
23965
15248
38316
38094
38853
45403
15338
9630
49589
44267
30788
23859
45769
47718
37284
1902
14855
40732
1744
38969
25748
25796
17018
46697
169
16295
27492
19678
18272
24615
34746
31708
36270
46610
37982
193
7767
16089
12283
23765
36243
16687
45558
14447
6428
39752
36617
48187
46696
33722
402
47562
6176
10035
33860
30232
25810
23232
32594
19659
14582
45506
31769
30203
12388
2354
2736
45568
26157
5015
21111
34232
10003
19066
24576
33557
28655
2087
36614
43013
45021
7012
20201
23660
6059
5820
23916
46571
19943
16609
17286
10551
41479
24617
25251
42264
12670
41857
40795
29837
27841
14390
22931
12243
43301
3606
33964
44628
8027
38809
33479
9277
20216
8229
46315
8215
27417
28949
27595
40629
24639
48540
29350
24487
30957
28504
25292
46895
33324
33901
12377
26381
41279
46120
39205
11525
13803
32470
1149
39185
49971
1391
44983
1117
25325
48251
24313
110
40092
5656
45519
25393
10895
35705
15103
11558
44149
48
34139
3496
27458
27374
36829
46955
33963
32447
46028
8118
5754
32387
22268
46078
31224
7368
25870
13303
16546
13792
1614
15852
9931
19527
14071
37829
19348
42978
704
35511
23531
27013
30425
35811
40514
46109
14892
41804
18713
33243
16887
31418
38283
10183
23789
29495
38635
10161
7153
7404
46873
13516
24209
44213
415
1992
40285
31825
33307
2122
34022
45377
23839
36067
18077
23772
47187
42204
8426
37672
15666
25871
46750
34762
40297
32036
43192
11516
31489
30041
36924
19897
40517
47956
244
8050
15701
41446
12936
42149
34737
37760
8608
6966
36307
3428
13781
13411
31573
7124
23188
13412
344
46239
36042
3078
17513
25718
14146
18553
32615
1385
18318
2525
2363
39614
2974
28304
819
37077
8693
48383
13746
38183
38274
19716
3835
22706
5391
19403
2459
8654
23136
2442
6589
24381
2481
2328
8490
17169
5263
38432
27708
49059
14867
49785
39897
10751
20059
13788
22725
24024
27029
39584
43279
48354
1319
16104
38127
27907
4132
5134
34750
45973
25284
48807
49103
43120
32269
33808
8755
8006
49540
6384
48511
16407
5693
13059
32111
21997
24691
17856
19916
44384
32024
19193
32711
25864
41587
47710
37354
3438
1260
16666
16108
1300
34949
39552
26923
37738
20220
5048
7965
32462
38854
6726
219
19038
11525
17878
7631
22740
7447
3249
1011
14785
39333
16380
49210
325
17804
41709
1266
49868
40156
1490
15618
43881
41418
39074
25581
47558
42069
3521
3745
38678
42898
26494
29405
8219
2959
15110
17499
46128
37771
17022
49512
3022
14437
33812
10412
39097
4753
17665
34719
37165
40362
3685
42115
34744
19919
49427
28512
49014
48852
9474
7202
48791
5082
35257
47418
27477
20236
35746
11150
8486
42239
45329
41233
8249
15578
5944
8560
17451
29280
38168
2489
33128
36019
47413
43709
5652
48500
17457
15016
23988
14918
23825
21603
27777
48733
30551
45711
31388
45433
15436
14438
538
22287
27317
16371
10769
49704
44430
7805
33961
12061
49523
25183
7788
30740
10504
20771
17801
8597
36277
11682
2519
7478
3898
48890
5989
29983
31984
49964
32603
570
45193
20294
6464
5039
22559
5947
28772
23801
26639
36016
47403
28989
856
3070
40575
35198
47957
18522
23318
26726
25515
29835
33384
18051
1473
30541
16156
2349
21600
11856
2017
49658
29084
42564
48748
15163
40853
11628
661
33250
24105
14508
33643
38605
33659
39830
27973
678
15223
47673
41656
33804
3816
33182
36026
26157
46447
5779
27379
41718
2844
34116
22388
32844
295
19143
12448
21969
25064
40092
22888
49041
2682
39992
8069
14118
20630
238
12529
25906
12849
16441
5750
2275
4146
45614
21150
41901
33050
39575
14587
9464
26290
24843
7851
25504
24745
18479
21004
34577
22179
15940
2513
40288
38766
32489
37601
21998
5389
43211
1746
31853
38605
4979
33835
39643
38518
17139
22641
34809
18590
49648
23551
21532
6431
43725
13892
35061
25412
30596
9513
2207
33161
16293
13496
31218
5592
32931
38728
36114
31197
46366
3638
14355
11953
6267
25073
16109
25646
43426
30919
16274
45972
41472
4875
2660
19974
1614
34450
30818
37201
48771
24416
4669
33178
2062
34620
19684
15788
13871
44735
7723
21609
37100
39713
32975
1497
38626
26315
44523
22816
27256
6272
47102
7640
20785
11238
2821
43370
21343
7522
43590
5547
31639
45086
21971
23018
17864
46890
30788
46453
32108
1844
45938
49397
36657
25026
21963
17504
13017
8545
13812
339
13456
5351
30975
34059
2296
37885
29887
5280
46826
45612
47051
45278
36630
12645
43902
47305
15676
27014
31167
31003
49399
38676
27784
45850
44920
19973
15331
15942
43547
20456
16770
30926
42567
14660
16366
29789
31841
1105
17525
17314
41956
38728
16010
45817
8260
5516
26510
26232
5681
36666
41873
10094
16769
2319
45672
24900
22836
14056
39189
49490
13516
15405
17316
32610
15513
42197
3881
40223
4577
31458
29325
14004
46372
39060
1187
144
13013
21743
7534
48381
22680
13391
41034
46806
28944
10679
2952
2036
37868
37256
18224
14935
24345
32559
6627
31254
46782
20994
34182
18140
34200
34565
4204
43016
22093
39981
10224
36197
5362
3595
47835
23893
4008
30067
12518
29778
46601
35476
13307
28016
27191
54
19849
12749
14599
31165
38440
26761
1351
14251
9106
35402
9865
9084
24928
21199
36807
26357
12853
41355
35483
19058
13387
43184
35845
2792
35955
17064
11666
5879
27799
40709
36259
26104
25049
9732
3002
43825
36423
36950
49412
30518
10718
28009
8824
42528
34400
2347
8185
6289
18251
12253
12668
36787
35690
38645
40045
13484
40666
5697
11453
12135
26267
31783
12402
6748
35620
37010
20841
20413
21077
45380
30577
47657
13315
33231
31917
31526
33776
49919
36840
5766
25367
36813
33936
14899
33741
47632
25537
10730
13632
10633
12780
26205
18870
36571
18599
11267
35577
31289
25573
29936
16415
39150
13621
29196
1229
19240
40679
5170
32912
20410
12922
33951
25442
5708
23151
14987
24079
45100
42337
38414
8356
29398
21976
8367
49128
10679
6174
38460
18844
45676
36696
10864
31148
44315
1940
36028
41389
2810
37548
31326
6584
15226
15406
31027
39359
5490
42560
42057
21854
34059
12337
33793
21563
64
35509
22333
245
23384
6339
32271
32079
46944
1062
33428
30004
47298
15437
22651
38669
46232
27735
23008
34833
41571
31449
3980
12097
45176
30220
45771
26376
37950
24819
25819
43057
29034
32273
27963
31197
47038
25151
45221
49087
16618
15994
13415
36168
12377
25539
33966
33677
25786
39321
6091
16339
19916
10573
38244
47184
42917
42308
47166
35067
42648
16317
10586
22331
5062
5696
48832
23364
14570
10695
36628
806
13571
4488
2866
23430
18049
39742
39402
16678
2172
2374
25230
1503
33723
35243
6007
23704
48981
16204
4552
27836
35778
46523
3273
29393
20053
18772
14053
7966
8084
25915
46226
24049
47103
38107
21258
11685
3693
49682
37597
41343
8078
35390
24907
4302
30528
40848
21869
1077
27684
48932
43522
28778
34544
41368
24539
36910
9664
26066
34913
27384
49855
11928
8123
5233
21224
29475
25927
44262
20003
44433
42730
37228
28049
10306
18623
10494
27179
42676
10245
16643
42
15123
7376
47472
34849
16502
2461
42215
24626
48343
30788
14234
36184
33885
43952
15327
22033
23296
229
36945
8049
7219
40261
30250
10006
38239
24198
1674
48066
3956
25238
28720
28092
15253
42952
8387
23997
10906
10549
8438
12464
17732
1683
511
31616
6774
31459
33008
18687
9515
24458
9213
8119
2740
47873
44815
31715
49430
36134
10273
22769
41060
24542
37545
26251
2773
23772
6298
26276
22947
16225
2127
30642
18589
38105
37970
20692
8778
44916
12515
48465
15250
4400
14477
422
48427
17374
10116
44334
40532
1059
17400
35233
28555
39248
31498
22135
23342
22746
24284
18213
12875
47987
41062
19396
40392
2264
10056
8563
14506
23727
3453
19514
27463
44378
36468
8229
47819
46787
26630
2852
23875
42085
20357
35341
19173
5569
7743
16525
38775
49794
7445
16882
9162
16053
22056
22365
35752
11285
6943
43585
16779
47358
27110
26592
30120
8770
24690
6672
37268
31756
38721
7563
24739
46899
40943
34051
21663
8117
35633
39105
39072
49510
11512
41979
6706
39235
758
23915
48363
33627
16904
3089
2791
29320
48937
43853
27187
17810
48911
32301
1525
1525
23144
20558
10052
32136
14737
18780
48083
21660
37943
48011
8794
13022
21412
42800
19328
16357
23678
37059
34730
45795
4612
43438
47722
10974
40488
18610
7172
23660
28549
22657
48153
37121
45553
15167
25074
45214
27652
10924
43566
17399
13427
8066
43742
17083
37244
9545
48773
27515
18729
28495
5218
39270
4433
16091
4996
17738
8922
3904
1354
21677
47684
3275
48700
13851
1953
1469
38214
41019
14159
10394
12112
6862
3569
32863
32832
8470
15055
9433
33378
46229
18046
9640
15934
46154
48172
41443
8976
18177
33439
34753
40655
33867
44841
19110
48843
18443
26360
16293
26141
25533
8966
5063
29669
46221
17417
45455
26538
30340
42074
42432
36725
27969
27775
4984
46346
8204
30970
35586
16421
5190
6862
44760
4543
17040
34780
20796
41230
42567
36229
12054
13518
39280
11216
42502
13018
46155
22573
41169
23132
813
1548
32613
8456
46323
9536
27735
28290
47915
39997
7597
46482
28140
37303
13688
21688
1672
25713
41994
47040
31969
14050
20311
42185
48545
39626
22548
25002
8505
40470
43203
44910
35432
34554
31773
13915
42450
25606
48404
18637
27253
27937
49562
20162
8966
35063
24286
8590
6945
1274
9866
42237
13421
34091
4653
26767
41965
8215
44490
16482
12231
32420
25856
47767
17516
14066
42379
37452
10986
5968
375
43074
3923
43570
42711
33674
33800
32936
13825
14686
32171
24790
37829
23210
28980
19195
37229
34606
19806
45152
3478
42720
1073
39013
26253
24221
10243
15713
22845
25882
9547
10683
28824
22871
25111
28298
37484
59
28313
11617
40507
28371
10919
14527
47495
33585
42599
47891
25881
5907
33898
5458
45395
33935
38658
635
33331
30314
16744
1693
14399
30078
40829
9324
48725
47641
15068
20406
14858
18266
40157
13855
20180
39824
948
2583
4331
7849
5123
13344
26559
24028
12808
39382
30629
6491
45641
44181
13485
6183
45641
46552
13029
40230
19856
36257
38370
45026
42598
11919
48611
18128
8014
42638
25310
38687
35588
11712
16871
23028
15341
36558
48940
41547
30419
16255
31241
3706
33680
34801
45839
6368
15220
44273
40481
13547
21347
11092
45191
11950
11639
2756
9347
41006
19065
41674
7877
45960
25162
9199
33372
33539
49259
9307
11267
24407
42854
47610
2357
4959
15179
48509
17335
19879
45712
24397
21988
25929
42062
21594
40917
41955
39128
48777
23601
47174
3141
11479
9426
47535
22634
29093
37807
21263
33575
35840
11330
23267
11305
39272
41489
11920
38356
20496
12964
25357
2984
25393
18428
35229
37853
14164
36362
14346
38031
34238
6773
17768
23938
29908
5472
18728
275
45161
25916
37126
4590
47507
3341
19751
33182
29104
23104
15115
20941
1724
23792
2429
11627
3014
27282
43139
31622
9200
16353
30533
38876
17678
43637
1092
11360
45495
36691
29057
32206
33600
15157
22946
18115
24990
47288
44867
38110
29216
42738
44956
29028
32812
49766
13896
24183
43689
41598
1142
22129
1214
16647
2715
23558
21568
3266
20850
5687
44563
34131
48476
23669
15453
4924
27962
48351
14905
16860
48326
35894
7788
18207
8774
264
4261
35677
2087
20020
30503
9974
9450
26883
6844
4255
41776
30071
48172
6285
974
6100
33179
4682
4461
37490
28035
22037
35971
25347
712
27239
45631
25279
9329
10972
16050
2909
47106
45233
5665
39835
28951
25050
887
25047
25510
46504
38979
3469
49053
25549
44094
21862
31714
643
8876
42478
48776
23164
39165
5931
45319
40807
3668
31495
10705
1788
23478
48578
29532
42890
27234
6044
10654
25462
43792
9049
7954
2954
34666
2784
15878
37750
30558
34107
23397
42228
8657
35638
1162
9476
45601
41938
1296
10926
5912
16185
18915
2396
12606
680
30096
14706
45116
9538
6522
35066
2438
48651
19371
30307
2747
17820
48098
31735
27264
43596
4485
45016
14127
15991
15357
29133
4433
13510
32998
34099
3421
46086
12745
39137
31424
33968
1201
3202
22372
12246
49379
647
37421
30969
30381
39379
37714
44715
38966
36938
3820
1331
44232
21557
1193
43727
42872
38563
45849
39978
47538
11962
44049
27431
24708
14275
37182
22223
24187
10830
34125
18557
46183
23059
49663
25567
13284
38524
15644
27695
43107
17970
31115
13756
40341
21188
38583
2739
37590
12048
44741
41949
49912
11460
46488
24263
8871
18137
43432
32267
12931
22980
22205
49624
15427
13993
47842
36650
16501
15261
38215
16754
42467
32553
3653
28762
48564
36236
23098
21328
43574
4868
2364
15071
23891
26966
14610
14400
5260
39820
9611
596
36691
29997
23134
11569
37857
34220
30545
4730
9990
8001
32048
17095
17791
16817
45896
19196
15693
19996
23093
7691
1173
3636
13306
10913
23680
40106
17503
36421
18138
23803
28429
19435
16791
18487
14208
49301
33286
25456
14285
8757
25859
19437
20840
26612
3940
4304
7032
25460
45177
9601
44990
9118
30535
551
7350
27563
7326
39127
2110
16407
39092
1268
48959
29495
22780
47532
44385
22738
35871
48599
19208
11589
46864
9424
13781
30914
29469
27913
3362
17849
40532
22364
49342
30350
34375
35316
29529
13455
36903
32411
48962
26851
23707
17507
16065
36201
45356
30833
9185
39868
8425
49558
11194
25162
12286
36865
38572
35307
37515
21409
20103
10359
19549
13173
33920
28675
24338
4780
44842
30505
18288
19629
5291
47805
22793
45387
2475
44322
36252
24546
29213
46517
42033
45063
2167
538
3438
28011
42534
15810
21920
6824
2097
7093
24849
9314
44701
23972
49671
7913
2667
19641
5237
5900
24216
21260
48369
47667
2327
41944
19903
27087
5970
23734
5523
27218
3638
9776
41824
30711
44809
41873
7112
32386
20212
19683
38426
33044
34312
42573
39340
26747
38930
22340
48372
30403
29302
28350
13272
15371
4275
39724
28852
11554
14271
13472
11901
7523
26654
5543
11329
17433
20062
28076
47689
3415
6643
2802
26503
18605
8922
3621
48317
5352
49114
43320
16758
18743
48954
37475
8754
13772
47293
30221
17455
17701
6616
18752
42699
3138
33475
29232
24014
48178
21249
10453
39298
40400
17612
44470
21212
10677
37519
42834
27981
31438
8012
38837
18731
1685
34356
19852
6603
16271
45140
30704
10590
49174
25591
7415
35951
22907
40538
44922
7536
21608
48804
48455
3242
30244
34084
15540
45489
1130
6358
43851
49561
2865
12517
3764
13997
19126
43277
19048
28095
32554
38068
11997
39521
34572
13332
46064
31636
54
24839
1693
48821
10388
45082
38531
26663
12544
13083
45827
27982
33929
6264
10804
49133
3309
22983
29174
5284
40406
25313
48532
30513
25346
14905
42436
27772
35196
8546
25156
21481
3962
16056
6402
24277
38781
15273
24229
7373
27941
40730
38486
14460
39354
34259
45996
11290
39295
35241
42687
32764
13711
12837
30395
36215
26666
43954
34892
11977
28236
29684
36056
38307
40333
23550
28246
17395
36834
33560
27834
14870
9383
10073
44182
26494
37857
31396
39926
24636
36675
44985
16333
19794
36353
13745
38404
6840
20687
3790
48964
13023
9028
31577
25849
6714
20640
30502
35555
15108
15170
38384
12513
26035
47137
2297
40959
36590
27732
30693
20435
46838
8695
31602
40019
36869
41971
33241
18282
33479
771
44702
45837
5159
13666
18667
23196
43917
30038
44844
4040
22252
4501
2187
3079
43973
30199
38223
37751
4671
32769
26794
48416
15330
8659
7726
2170
38136
10045
36300
4420
15877
21447
37262
48422
12851
15669
12036
40276
12642
928
42328
34537
30913
46551
6479
34137
28947
16251
41700
8919
10901
12636
1712
48392
21251
32845
27444
31696
1035
32489
3358
42941
33590
29846
35293
14738
33120
4115
21246
49140
10759
16175
31305
13269
38207
31244
11569
27174
44698
48814
30053
15675
20355
27943
23067
16135
17112
27115
46887
45413
5565
45889
31124
1301
41934
24684
20924
13043
46966
15330
29730
6995
26208
9346
12031
44071
36181
1933
13089
8074
31155
12441
26261
23771
19908
15195
32776
9001
13078
3458
19951
30296
1976
28183
48156
25692
9564
33452
42323
25129
27148
46086
32505
9288
7140
28425
87
10542
10089
44
6532
9895
6389
19174
35833
35193
32040
10148
7265
36656
22720
25652
31892
23039
3758
2164
22441
46765
15988
10148
23905
33811
26847
12473
44025
3257
15300
37007
43825
20728
5864
7687
34854
11634
29784
10600
15565
46341
28465
7603
10289
43814
28753
6818
7086
11604
26958
18177
8881
43062
25346
49179
49197
48710
19653
36118
24730
35939
35405
39521
42151
25060
47876
14815
16456
7037
43592
14042
47972
28412
45361
33475
18244
37437
6308
9533
41742
7317
10424
10920
9673
21720
41520
45611
14743
9482
5684
24288
8797
25058
16810
257
49036
30277
14870
17916
26643
5035
35723
18465
25009
47150
17687
44069
7729
38136
40806
4808
46387
15451
49638
32483
30649
20340
17500
30458
48094
20866
31327
32594
10232
47554
46397
15441
42584
4344
20813
5300
17567
30044
47562
19460
38939
21278
1995
36878
24048
24705
5021
32096
29446
33801
34016
11179
9036
12770
1262
4327
3268
5755
31145
48189
24620
46193
28516
21724
30816
15352
40833
10055
43884
2466
7498
44224
18955
32825
43247
550
26094
47285
18317
13188
22340
33072
38311
11351
23881
3768
41666
25990
2981
10535
45133
43571
5561
12724
7732
9407
37501
3910
45945
14044
3268
42285
14016
29970
33695
10405
22895
26690
6141
9417
39329
18122
44052
32993
5219
460
14173
14102
2389
29663
38349
37102
56
43369
18519
48021
15598
31721
9423
6090
35850
666
14666
37138
13154
24335
18139
44832
13727
9751
407
38892
17360
6473
40873
32771
13204
15813
22189
19499
8092
2917
36016
21873
16227
37752
48854
42419
20076
14935
36730
5434
149
5835
26386
42219
47315
13426
9592
37434
48347
2160
41640
16554
30686
25429
33143
39030
27068
17369
9142
5596
6603
23422
38463
35263
3383
26664
30018
38694
48148
47161
7873
21676
17656
4792
3981
884
26695
33873
16611
37740
10281
29013
9668
26982
27440
1762
48210
25993
18939
32497
13392
36021
10311
43009
24917
28264
27425
10428
10678
5936
38720
19613
37605
35657
44400
37988
16672
36295
25218
18864
40357
8573
8645
11090
39266
16571
27314
45538
19449
44668
32909
18401
28192
5411
32305
18059
20740
16017
24860
2061
7220
21527
43338
43255
47942
35932
36635
38950
37510
23628
37184
34039
16530
45631
23637
12533
40884
41909
22650
17021
47470
25982
22852
16182
45541
27542
4826
49335
47604
42152
42535
18900
37376
32566
30366
11201
15905
24161
26565
39422
3025
9262
22148
5916
21222
12651
6938
3266
33830
8180
17830
36522
12144
26780
6524
23396
47039
8237
25769
20704
36913
11534
10743
10081
32612
7564
22117
48019
40109
27092
7158
10245
15518
34873
11497
36867
26769
32090
38336
25704
6045
37973
40254
6873
28530
27268
38380
38536
43190
43611
41014
44072
3907
25243
28742
3827
34471
37116
19193
5230
6401
49874
32654
40347
44919
19631
22861
22010
44580
26321
21750
17014
43507
30121
29662
19213
38898
23935
21253
48480
49805
46228
43768
13765
1937
44404
4251
24677
40465
3445
13923
6718
33575
35381
9532
4381
6105
41499
33119
23487
27439
46464
10219
49022
7155
15988
38028
48736
31630
35386
45929
46436
29476
41669
4184
41672
11399
27423
29127
18180
8127
14977
38932
47631
42810
13214
2560
503
4443
22326
35400
25561
12655
1198
31130
32924
8695
17801
10495
38720
21121
46717
34020
18949
6517
45699
22155
36491
34837
22733
18161
32301
47443
36159
10637
13324
22379
40636
29309
11343
30232
19275
5592
2604
154
30661
29701
9987
43671
42202
10418
718
12549
9064
8452
11932
34707
7309
22319
40030
12618
29357
36816
27439
14060
34863
1840
9313
3310
40395
10530
19450
40704
37924
36071
37242
29090
22198
18691
831
3423
33324
49667
8787
12519
37486
27879
16965
3043
48267
28313
20334
45491
45742
28226
12612
9554
44122
13733
48302
23926
12096
12516
1904
36624
19845
15190
32768
7396
37031
613
47508
17051
22316
11015
15374
22536
26059
30165
16836
44153
6554
30083
7763
49611
8744
18997
48875
22951
43014
49752
32521
30869
47658
6866
13503
7046
2336
28454
5369
37652
11942
9567
45692
41433
28605
31847
22298
15497
24282
17345
40082
13622
28286
1208
37722
37159
22316
44329
18608
47903
36949
46163
20802
29878
39357
47592
35392
3232
10612
46830
27647
20158
47823
40093
42357
31396
29012
49990
25345
6342
19151
48380
4471
48492
49330
13250
37370
41825
43507
34227
177
38978
39159
44741
5970
3422
11036
31741
34398
10116
13506
12895
25362
45377
46100
7552
26870
7771
21971
21780
34874
16694
4025
4317
16419
27944
8266
26708
43348
36909
30301
1819
12350
5253
34679
23526
36333
49928
7447
5024
42297
31742
6783
36611
49388
43998
30827
34583
35569
33502
9934
1316
39685
41887
42627
21830
18242
25321
49831
34625
19549
23917
11094
44901
18177
24493
27688
34333
49729
28074
7922
38430
8428
44212
33315
20266
46646
26436
49504
39078
49876
32719
43153
21044
17974
27826
26100
22927
5450
36511
49807
42009
7285
11752
36219
18849
12100
46643
5349
10070
29596
9197
20289
46992
23987
48620
42538
2659
3077
26760
42626
312
2953
7459
13153
30918
38105
33680
43635
12611
28501
27430
16811
30287
20343
8972
27559
26389
29305
36153
46587
37380
9109
363
5781
24388
45285
4564
9765
25101
16624
45360
49685
35763
37631
11745
16734
6042
34928
32855
7146
41526
13286
22323
37955
42972
46644
8403
27997
5917
45797
22322
735
26452
42372
45478
14113
25248
48865
10118
20694
17434
43347
15199
9993
44448
11107
280
35346
12573
18791
18582
21559
15701
12510
42091
32447
36012
37203
445
44254
32969
48016
20426
38891
19597
30887
24888
17273
33076
34256
3143
44987
22383
33322
45601
6504
20377
45602
46224
18293
34146
8100
33370
36208
37798
41227
29477
46964
29741
8214
1803
37033
14950
39966
31850
1669
47169
25775
9568
36507
30337
10535
34670
26772
16325
41988
21148
17928
30455
32633
18033
46753
43910
42342
20862
45968
4265
28256
21232
10861
2406
23101
46555
1477
42430
21011
1143
4977
19127
9894
45264
4492
49368
1831
40843
39139
18284
39044
33555
4812
25224
2125
40979
29310
23796
22544
2443
4361
35057
16288
38305
29089
11997
25221
13442
24294
35080
47774
25334
7766
37974
18433
48167
20734
33790
16374
45316
36866
32023
16132
16578
7314
42376
15805
538
47829
10903
2308
12973
10822
11101
26239
8333
19174
46270
39855
24980
38004
33802
3746
26637
12255
19065
16010
15664
5981
21536
2170
30684
19405
17566
23775
5067
19554
31780
27451
3257
46171
31378
1100
37806
7063
9349
46903
39394
3177
33439
48024
27913
23290
7981
39429
24253
11494
40821
14595
397
31550
8578
30517
24041
22476
35522
41858
7150
24991
13166
19353
43759
18540
7401
21207
38178
29551
33221
38072
19759
39262
25105
7368
44100
35867
24839
43428
29622
23059
13686
3332
15476
27074
29806
16220
10750
32491
17682
28887
5891
2807
35987
38329
41818
33620
7947
41594
29401
24794
43441
5862
24341
15472
35050
22575
44970
15997
16301
30442
48731
33812
5010
29403
10331
16526
34322
37310
40836
44577
48296
5746
36693
46229
15157
47051
23119
33344
27315
42558
6531
463
12672
7885
9916
16942
15660
24953
15141
10976
49260
1699
16180
1101
24769
25715
23479
7315
42470
16010
31060
12328
5852
14637
15607
33232
4106
45832
39944
8587
39521
45547
12150
14342
4187
3319
36009
38780
29847
42110
35771
13475
29140
34974
26118
9106
24521
8261
24713
26775
23968
45198
219
3821
39319
4453
26440
26063
24789
10742
33981
45168
44254
47797
6493
42422
40883
11629
35106
6767
11491
46530
30658
9065
47516
46181
16754
40701
44846
9406
16498
17174
37310
4060
20281
29740
33179
2047
14708
1385
34247
313
9701
35753
40250
49430
29400
38529
25215
44826
31971
43521
39519
27627
22074
13269
23774
18285
18031
44485
38758
26454
34141
13195
36959
35575
15431
16348
28540
27084
9845
10826
45574
17887
29414
12196
13845
20215
7366
30633
27057
48921
32288
39323
21036
28814
17057
44479
9688
42193
14859
17028
685
8382
9399
1648
35714
19640
38351
15080
4689
8085
15031
12700
15102
46670
33240
26919
1564
46850
14998
2872
23626
43646
1646
11886
15561
6477
3943
24301
24009
33859
5022
6739
37838
42349
35286
34963
13070
33532
27506
16315
37281
10469
38125
20915
23399
1022
12391
18160
14232
47989
46379
39830
19797
38757
1555
18477
27028
32236
15880
7124
34613
11343
4075
5712
12216
22722
37762
30842
13917
16107
10703
12357
40785
6356
4872
9799
47808
18518
15692
32058
21756
10547
35997
23043
21570
5436
11963
43251
42725
5756
32325
27700
40742
10959
1394
9284
10532
7110
450
19317
4312
10938
17296
14127
12589
28401
47516
31069
23432
42591
13182
31617
13621
16557
10143
34988
44286
15467
24370
11194
39003
18017
12711
17151
43316
15152
49533
29937
29429
11073
33906
13612
36495
31354
11628
2668
41735
12626
41234
19445
15865
38120
29995
16313
47487
30873
7954
16018
12987
29688
960
20895
11292
24722
10192
7256
6469
14106
13582
41862
45925
17859
15405
44991
35999
45918
20504
48582
38288
48004
6994
1186
20635
46263
36704
34068
9358
2998
6642
45694
15446
40299
16671
40676
31919
1465
20765
42540
30528
33701
15835
43259
46425
43189
12790
14687
28755
27300
39063
1824
19114
37593
18963
27599
15158
45154
4193
37741
33588
44757
43171
33384
39145
8584
14120
21752
41531
29960
29755
28129
33481
6775
21049
29207
17173
2765
12750
40900
15771
49487
34142
9248
1720
851
9725
22813
4059
35465
6158
37508
4253
36841
30173
49634
15739
9489
39433
46374
24836
16477
14451
40706
3357
19816
18918
23925
21835
43199
42389
26610
16163
39594
1090
2428
17072
19045
12959
21999
5742
36728
4609
20006
9527
32578
46189
11980
44278
30320
3672
30717
40094
25129
46741
31426
27096
1796
38344
42892
37735
26019
29154
23535
13572
18077
47702
15792
19511
25471
12639
42208
7961
6155
26674
13038
46192
4223
46711
31820
8939
17553
24786
12695
7137
15837
20563
17140
8596
28763
17121
41061
40004
25338
23740
7850
8894
15022
47484
41577
11488
31914
34063
28031
13957
11907
28900
4013
43090
31365
15312
34088
2309
30775
21927
32121
6134
27520
32792
42471
37513
11991
203
36300
6917
47660
46617
5694
32710
28709
36587
38688
28551
48926
43368
47123
33074
2302
47869
4939
14104
28262
40755
48794
45469
5201
19355
16389
49650
34881
47055
19199
49193
20339
22669
4822
38926
2620
19256
31703
27114
19108
9913
40439
40144
7806
46688
48963
30225
22280
26893
29987
41016
9356
6652
9330
6843
49702
29731
34162
17547
33569
24858
44387
13780
42579
46097
30662
1891
23334
9229
22222
24
26770
19118
14934
22810
49145
6757
23803
2174
18368
25288
35771
18378
43613
35608
10783
43574
1318
9114
46081
35344
18705
42362
17859
27008
18746
25346
46396
48778
8124
11718
13127
26807
23703
21223
12579
48354
4709
43399
45715
9345
42479
15416
45523
8117
33085
1022
44599
1281
26803
25042
19199
40685
28870
43311
36373
39517
39691
7055
6294
19925
34904
32316
14275
32984
30617
12442
39370
33098
9400
24334
17526
24589
44293
15351
3533
34842
41598
4965
12198
14387
19721
14067
6423
5619
14300
40436
17702
3328
31391
1898
42421
37760
8815
27814
49516
6906
17316
34327
16713
2182
17190
11101
40519
46158
15645
14345
37399
9624
23853
42682
41051
11691
34829
16491
8444
8990
23047
15975
34507
39689
29461
18142
10570
27501
20268
21352
14656
11929
46784
1665
14586
3132
6270
19259
18390
48193
4714
27388
17155
14130
31387
47974
28919
19843
33328
49177
42107
34461
38057
27593
8416
2219
2676
11971
10970
31869
24019
5672
33778
1786
29208
13775
48261
5396
17597
16834
16502
3439
45453
20959
7062
3096
8491
19304
47000
35392
15100
1921
19848
43200
11754
26610
41873
30081
7261
43080
1884
43452
49738
3333
20399
20780
29699
5938
49886
48754
3698
6119
3032
12228
11149
27453
17442
35408
11743
3389
26849
10613
41496
32172
13847
16454
27771
677
37504
32854
26241
12913
2535
46114
33426
14619
4701
39929
45059
15042
43862
43553
44014
28293
6131
42350
11097
17125
2429
15516
635
22852
36649
3888
7092
31048
16913
42638
32324
16435
47224
33937
23799
9618
34497
3282
28054
20679
49344
40634
2585
39686
49053
31954
19326
14794
14745
3091
46616
34998
47447
46571
32212
15088
17995
12644
42534
37803
30612
24590
44670
12935
48420
21364
2953
48373
15522
26388
42856
26085
7191
34249
26392
5365
19297
4624
33860
33159
47773
44241
613
30923
33731
33033
36078
29972
9186
31297
37288
23408
46668
24490
6344
37608
5315
36629
37592
2800
39216
34417
39826
15009
23134
37584
2672
38830
15446
43260
46969
16012
31965
4083
5935
14437
6433
25292
19295
8537
43215
237
2010
22753
47295
33537
45880
46427
19164
38831
42317
48830
4656
25793
36384
20352
38990
44498
15838
36398
27423
14852
10364
23190
42954
48525
37910
888
40401
3130
36117
7804
612
20564
43114
34180
9106
28988
38101
45719
23129
40140
6986
4453
1397
49778
43040
20724
40452
11715
38076
44906
6553
26225
25811
4926
38084
32510
18317
2040
3439
14864
17367
33984
22673
11102
10002
14935
8048
44155
40975
32073
13897
21473
40479
15622
43141
20686
38998
4454
12997
24022
45675
42792
48690
37267
37391
3486
27337
3859
38749
41942
35013
36335
32420
9261
18022
22416
25525
42124
18280
16800
4736
24957
28896
12957
42685
42371
48034
959
35289
705
30726
14431
3192
13413
21509
45244
17539
31052
29551
32739
28543
29659
20319
1497
37566
15261
3312
46790
37330
23030
43645
36019
32157
43227
8816
48461
10713
26346
37240
17119
34601
15638
9396
41280
219
22005
48032
36630
31538
40201
18026
34512
41037
30654
22125
15046
16394
47223
19949
4929
3439
49346
14598
10803
4869
31103
40963
3261
46067
21252
11533
10513
155
16746
30731
2933
48638
31671
34956
21906
20863
42209
8841
3090
29822
7367
41305
38966
22852
3201
39351
12828
27060
42465
4067
37593
28339
16883
26514
14851
38691
38005
46085
14039
41484
21218
6540
15795
33410
35021
47726
43960
36371
238
46169
38400
32215
32795
8258
18746
5329
11480
47113
34287
47377
37043
19666
10286
24264
47747
10009
24994
14660
26053
16155
15999
686
15795
34879
44184
44171
34859
44525
28279
12469
35663
9035
11355
29301
34063
28310
18862
27369
27800
33949
29450
9307
1912
23755
849
21702
23577
41932
907
3304
12338
34337
8744
45390
44677
45919
272
3257
46269
43828
29330
37192
5651
46005
2564
8895
16466
22915
35849
13746
42303
26702
15272
46620
43334
1688
11230
16134
47610
8942
25032
27801
1812
32047
9620
1083
15858
30053
45366
8638
12821
35863
37602
40405
9267
32176
33114
18131
2842
49090
11590
41338
32501
4251
13023
20301
7349
7713
2898
42916
35945
14530
11244
24294
21348
9545
27094
48901
6064
32019
2034
26169
19646
46784
22962
6534
27981
32524
38991
10876
2848
20785
42554
29488
41364
13642
30961
1168
15028
17559
4938
32747
35562
41683
7795
12718
21871
7838
9707
35930
24617
3091
34236
20080
39718
37041
36471
39542
44714
11182
46999
35775
36533
44174
37562
30314
37607
37670
7224
20243
31989
31983
3944
32657
23431
6141
26352
29720
43209
20004
49461
23848
21877
18364
18448
301
7338
32779
17796
6664
4370
31503
30790
39259
34808
7487
45572
34445
5242
31755
3926
6609
28526
19971
37448
40404
26134
20531
46031
12208
38091
23177
38701
27874
39349
16819
39482
7023
28259
11354
42768
15043
14827
13889
27768
49884
8274
16801
44671
25541
16003
15079
4784
12489
43175
43858
26259
6703
27879
47600
38074
9143
6026
42856
36337
14633
4196
45723
27426
4468
41710
39901
513
46533
23074
2085
38266
6546
26536
41005
45817
13446
32303
1303
19038
49582
31263
37233
8089
4688
43576
44830
12970
33177
31580
43089
6337
33559
3351
36602
24721
32304
17142
33533
24021
5661
31331
16269
23491
19979
10088
47672
49681
46122
3067
16428
34301
49257
12417
5000
18618
8030
29151
46884
21906
16306
22728
38635
47686
9977
11054
4652
30778
16107
19443
27614
36270
42701
24596
5981
49448
17927
9335
40837
6887
4494
26192
39962
29462
36078
45367
43674
25042
32132
48284
20705
37824
2261
35683
29693
41303
21519
26289
28651
28024
46687
37755
12191
15959
19694
35846
6557
48055
9609
24344
24582
14878
11062
1827
3763
49870
15219
1992
3062
25303
2428
49962
32039
37798
10811
12490
926
20147
33493
24871
30460
45944
30470
35600
14129
1101
45445
14100
1555
34120
48499
33502
24255
21805
33167
40996
28973
48409
14169
18969
40137
21010
22641
21744
44910
39743
4971
17671
34703
1096
49098
13334
14977
41193
47966
41541
46742
46168
46898
42580
48109
18858
10420
28173
5829
2644
35641
33268
19852
4796
10304
18737
17997
95
33454
34911
26461
11557
20827
24193
49859
20872
8424
25129
32675
24143
38617
12036
34207
15856
5985
28523
9228
32781
12444
32135
8169
13318
4759
27351
18999
11148
29866
40489
28163
22446
45467
10658
3469
19112
43290
11282
23973
43467
13257
26799
2354
2609
43246
7710
41387
32701
49783
4077
2452
34586
3660
41428
12477
17776
49558
16796
14926
43792
19118
14953
43783
27995
30807
25608
46335
10452
35845
40294
9772
19147
45959
27513
9437
25076
45048
34683
29628
49110
16742
45547
47583
11116
25376
39043
14499
43291
45452
28387
26827
43977
32799
32518
28881
9095
8055
28819
19302
10248
27315
18100
36462
8472
9353
24070
30997
8455
42802
34701
49350
534
32987
36087
20038
42451
37499
43866
19035
5276
38072
7425
3722
49961
28670
14961
39638
23982
42320
44856
35913
22943
30039
15921
33858
35145
42870
21424
28681
41563
40721
13817
5366
1168
23801
19491
7324
49953
39876
12027
22694
23292
6291
8112
21670
45160
29046
35056
38791
2817
37933
12844
19227
34342
38200
44698
28913
20604
30725
19398
7417
42489
47750
30883
15570
3518
43879
41547
41713
15475
38939
23424
34785
28397
15703
19734
12877
16310
43050
23497
33494
37565
27420
9618
2013
20176
25827
29977
41089
3099
10233
22308
3682
37911
47252
18358
48434
45145
6282
11458
37150
23654
1912
7749
438
37314
42484
36639
46414
17960
28559
35910
21729
42615
33000
39379
18850
41577
24377
8932
30995
13788
26696
45440
14637
30066
47811
14402
35569
12072
42749
27398
33838
36274
38153
38802
22443
42503
5175
18448
42306
25029
17339
25635
26791
25969
5445
47619
18904
12
15034
9999
23479
5551
1232
9115
11947
16358
31807
31022
10482
15112
28435
22140
43444
17226
11595
21486
20678
46073
38482
46532
9404
16852
23917
44751
14142
38260
28331
44430
28332
5500
29357
18691
33757
34139
43378
12820
8674
27177
35605
1495
10339
23577
6249
29069
36694
23535
33314
26857
39287
20481
39847
45517
31648
16726
47840
19664
24712
38164
30956
8903
8950
21169
36071
32005
14872
48584
176
33872
40309
17798
1675
28609
31814
23814
19502
18126
32795
39613
38199
34083
40788
10859
30059
47111
47424
41991
16215
7771
23993
12685
21750
15465
13426
22433
8564
15260
1164
15188
1250
72
43618
47569
8945
29909
42679
12451
46814
48402
10027
24013
11002
23423
27440
80
30430
46566
4479
24866
39756
47169
27145
3673
17883
18012
19109
9607
10209
2534
2626
39694
41945
20229
17025
43807
19946
6695
19181
23259
22644
37911
46584
711
42674
38868
16020
460
45084
9396
39476
44124
35968
33665
2269
48996
15700
18508
2786
17868
38270
34235
17713
47932
9946
25303
6745
2537
9657
12840
1095
47813
42458
956
19760
45266
38104
29607
48621
32955
35036
47550
17161
29388
26598
47232
26649
46668
26058
5748
15482
1591
26509
11431
19246
20259
27978
10094
7440
4283
47522
40125
25288
41614
49432
40343
18333
34267
35399
38396
13021
5298
23721
12378
11618
1529
12629
3748
32230
37435
25880
41230
14264
17440
4288
13300
47930
18370
7647
10838
28600
4531
37784
41592
3594
21550
11232
32500
14296
16014
9252
34195
20364
16417
8887
19775
15445
40719
10494
19381
23660
27768
35873
42099
39012
28394
7197
25694
49340
46824
22116
39050
11717
21266
31859
6762
42771
3154
21413
34376
29361
48600
16240
16324
38361
37061
17410
14481
35314
8268
13316
14182
14488
45712
455
46493
18189
31360
10589
33736
16556
22341
36641
40577
12945
20613
2710
16607
11028
13761
43121
2045
42363
36766
42026
47856
25882
29742
34576
25902
9901
5249
10622
25694
11041
44686
4426
26443
34479
28019
28209
8518
20535
7885
26822
15219
14630
47950
30536
11192
28339
29035
19190
9300
27686
35326
41987
21788
6490
6543
17460
16376
2354
47019
38267
12209
786
45297
20186
46122
9234
8607
32078
28629
49511
19986
33603
8912
10997
47416
43331
46256
49428
36366
38355
11593
38083
201
34301
46955
35664
32066
41716
8868
35371
1738
5640
523
45844
10488
43580
17841
7569
34661
17097
4183
5162
13782
43556
36117
38644
6035
47718
39373
36129
18022
6654
36196
45480
7722
35788
10256
45526
38265
16839
25440
26874
48221
12513
2050
24390
37333
31854
47014
24353
32435
44103
30832
11126
565
11001
1282
8488
20240
30134
31408
32877
30741
10042
38954
26399
566
17302
9894
49663
25938
33706
9261
41111
2872
37603
22365
1977
33385
10061
24429
46690
37438
8246
45928
28918
26224
5562
6868
31748
37
7344
19762
36976
4286
8337
9623
13963
30049
49182
391
13297
47486
45016
341
42930
39349
30214
46400
23382
3253
2154
11755
44234
30481
9498
42835
3806
45110
38619
1283
48221
25527
40722
37205
16845
29780
46640
10017
17674
1181
49660
46798
45502
10353
4512
15421
20988
45600
38539
45087
8826
40316
3000
31073
37930
25502
12746
3169
10925
29848
48270
28945
39641
13013
33151
49518
15508
6582
46956
34654
35264
31174
33907
8574
42024
31089
12077
32580
33988
30867
35991
27184
44895
37241
28255
35972
31964
48485
13819
43316
16534
14618
49234
1367
40287
43081
48027
25525
5205
19013
34395
41143
12506
25154
32548
13184
12733
9819
10428
14314
11897
10440
39336
2161
30949
46036
37482
30858
39436
1327
13191
25984
34212
28422
49510
31835
29096
23517
24522
39475
25948
4550
5184
47166
19943
2299
8354
12779
6968
18606
6593
21906
41080
7061
31909
35614
48754
44636
25954
26675
5081
44841
25435
25800
43937
36522
8220
6407
23489
42405
29308
42450
40990
13024
27769
34411
23080
13882
38438
23353
37934
7306
13723
10450
39985
456
49780
48019
22910
42348
36272
38587
30796
49906
6703
42298
24849
16956
9308
45126
23574
34974
28409
4959
13268
17200
25450
27747
49705
31953
24046
10975
12205
8417
36149
9550
31024
1448
15486
21432
37549
33793
29055
34552
38907
22628
44745
18127
30665
33672
33781
8062
1663
45576
37838
40724
46858
44550
30429
487
37948
30351
26645
27758
18075
8811
44562
6538
18058
22984
44229
33250
37719
15709
21157
20888
19522
36963
39101
17841
42037
13567
3634
45880
2410
41605
34906
31804
36144
33059
47849
39695
46951
48776
20877
34120
38079
3207
34881
21546
48162
42166
22045
11542
14550
43718
10479
42891
33903
20815
48528
24525
2458
40906
11495
39127
18635
21393
49424
4995
33700
47049
41054
4794
28500
14602
4216
5296
43931
37206
37900
8022
4818
29180
13257
26807
32526
2028
9072
35464
25725
49731
48177
29306
49014
35556
33004
6846
31972
18973
29176
49287
22416
22160
38643
14175
1816
8200
11434
23411
5091
25907
35855
14583
720
28610
48009
34927
13215
29315
13171
45057
16235
18987
35871
6679
43484
37760
21138
49976
18100
555
37081
35082
10185
36766
5669
35138
26170
12109
23625
35374
47016
3013
34619
7314
33041
37243
37949
38327
41455
25853
9072
40715
42287
17876
9380
39787
41730
36299
7657
36322
27473
17101
179
9444
19570
18163
28218
36102
9072
18394
38245
16584
26327
8906
11349
13320
16285
27618
14110
28918
13463
47548
17566
39170
4494
7324
48402
38855
3027
48851
39033
21585
929
34304
22024
30350
49948
8182
8366
32846
27914
31583
3673
43031
46183
13126
25639
32955
6488
7243
46608
37425
36503
14741
26453
25148
46281
11657
49144
38446
40791
10379
37385
49562
48758
37022
34262
40576
24400
17218
12415
11073
42570
21997
29679
43490
17151
10352
41771
35589
48236
9971
42034
9393
35692
46631
46753
25330
20591
29437
23615
3359
22075
8633
47061
49891
17836
27150
8918
6950
17431
11037
20077
31502
22666
49318
29618
13206
16285
41703
40038
42556
8993
12938
37418
18606
27459
19892
41625
33463
34738
13932
41163
42731
25922
43380
20658
9852
40489
44943
34610
23758
44058
24344
25853
24983
9088
38472
22974
49904
28341
23011
47238
27726
31113
47485
23671
20114
27688
42539
24807
36468
27753
32305
47303
19440
18818
18775
8533
32250
44502
7164
11138
8341
31822
38738
14427
46445
27202
16350
14867
14555
843
18949
21023
26285
25148
2898
14143
12598
17433
24919
14968
44445
43768
21117
18191
28599
15486
16706
45419
38798
3347
6090
11316
39897
7561
33132
13986
31531
14171
10582
19630
9349
36571
2471
42565
38703
44055
2513
46098
11234
3101
28176
12598
2762
22323
34838
49865
26762
5798
21069
35284
6924
37902
11809
11648
3630
9557
42873
11326
5792
32880
19777
31688
44542
23975
24312
46909
31650
18291
43922
12432
13323
42113
30044
36875
3250
31225
3056
16449
45494
503
34410
20516
34402
6270
37130
46470
39147
12676
26718
39953
28731
39960
28449
37169
19577
6989
12531
32204
33709
47342
13737
47693
17037
46354
36144
2525
21919
38302
49170
17628
15036
20425
3364
12954
17033
2179
30055
10519
22040
26568
11150
46905
35302
4986
11256
35819
10476
32042
34122
4463
817
37454
10658
49373
5656
17072
25090
15787
23388
19081
530
35051
32221
41541
30618
17671
43280
43346
23803
12361
44993
31226
22208
26467
32423
17925
20203
48775
46346
15714
43240
27781
21725
30206
9909
44786
10088
34043
13436
2175
15583
38299
9921
35305
46622
27208
10949
7451
28299
17658
18877
8603
32388
18074
18415
9796
20898
48568
4748
32439
46485
49366
21431
4793
10318
38197
33652
24661
32181
28979
10043
7703
19519
12318
12636
25009
16573
3692
19050
21223
8690
19721
48323
20681
3638
18783
29151
28643
25925
38749
37972
40612
38012
49126
41418
30208
29058
21759
4937
29473
36711
30528
29525
33037
6752
41292
29232
27567
27449
41097
39128
25124
2255
32610
37834
7950
12336
37492
34544
9812
7122
47699
44347
22923
38373
10913
38641
41872
44000
48903
32087
29514
41133
37314
28910
43238
48161
20006
17761
19610
39474
13335
4746
25713
28083
42223
427
1195
967
47550
43527
6847
23313
19209
9738
22283
7921
44520
19018
29635
38176
3322
15639
9037
5756
2971
45003
35927
29832
24106
19013
26875
26204
5896
45127
27387
13352
90
15675
15557
32242
31574
33230
35880
7920
42251
27164
10555
8754
24970
13754
31355
28035
31333
14702
35520
25917
4394
15702
23311
42742
42003
159
30620
30759
31429
32830
47715
23651
20591
9931
37929
24806
16456
5054
40039
47268
17170
43263
20788
28333
10145
46271
7678
7134
34214
4305
36179
43116
11142
39952
6593
9827
39909
16201
1148
15655
7311
7314
15163
930
21878
6910
37211
29238
22786
4921
2061
46562
33112
44472
28548
35946
18126
1537
45240
29055
13736
44534
19835
22851
11371
40119
41078
16599
23752
45961
28819
10532
9449
44588
13800
37856
35943
30942
1239
24302
11994
45908
6377
29372
4964
9836
42473
6890
31943
43257
47920
7558
26293
41197
26592
41120
14057
38166
21892
26667
787
49236
22515
22270
2321
42080
42238
984
4387
13465
18565
20782
9176
47678
39822
3409
41189
19665
13853
11139
10415
5363
37157
49835
48729
35609
15468
9567
18003
5599
16145
2458
48766
46763
47902
29649
15628
33451
27942
23152
46267
5536
4530
12906
43253
26597
49240
2080
23729
28330
1224
17394
21191
3288
40988
18954
39991
38060
46417
39236
31552
12877
26230
49821
22587
45879
39899
5333
16528
30599
35174
4873
11035
35460
34062
35605
35856
9028
32009
969
45315
27033
38846
9751
35670
9908
19252
43815
27354
7527
27068
12240
40879
3881
18992
43312
21020
33295
43764
8547
2068
32827
32521
13504
34417
25873
1206
44812
24882
20247
2493
560
16541
3989
30834
23169
10671
8727
30862
11269
26924
11511
16333
31187
24820
21113
40286
39903
29806
19225
15764
10549
3507
14824
25213
45366
32690
17614
39275
7418
15804
47955
46716
12974
21321
29880
47437
33894
32407
16301
28951
37896
1250
22624
16001
45591
26608
19205
31651
33193
36002
28722
36988
3118
684
5416
906
25344
5984
41683
19456
33558
26996
12317
41232
35158
44564
21903
23710
22517
37756
42635
49409
12489
6814
25436
1082
20330
41562
32255
11538
17299
9875
27753
19864
21549
1979
41676
49718
12928
28194
17984
10723
34739
8596
6012
3964
13769
32430
48100
31358
45484
1231
7723
25562
37678
24744
16716
36395
8701
29755
31452
20991
20964
38513
49749
39882
4643
28823
8025
828
18674
27195
8681
4418
40752
2169
11694
42084
27363
21270
38847
4861
39427
8939
38331
38024
39158
3702
5412
7777
5038
19997
5210
34480
30664
39241
23405
12883
37294
27988
18810
8235
21603
42475
9220
48092
20523
1964
28159
15097
22874
10489
14056
42551
16536
16269
44334
23498
42353
43242
13020
28820
14161
23950
5184
13631
41368
40207
27185
31015
30446
41598
23019
47923
12564
1826
41279
29924
20237
45465
14985
8628
7133
48648
4375
25982
35298
18800
2933
49215
34502
30666
41072
6748
26911
13721
7074
25640
1291
9592
40826
26309
1304
47272
20197
35376
5281
32248
12961
23792
13594
7023
20096
30189
32721
44855
20545
43281
43798
12010
36366
1436
32927
21759
38239
39848
43586
44024
46333
7000
42503
39976
4241
16087
31774
253
49582
11104
16267
5634
8129
27582
47968
33012
30856
38350
11549
44534
39758
26607
9707
36452
47664
39465
23923
35099
7566
27989
47390
29770
23398
43292
8612
48869
29617
15370
45713
35683
39419
7033
930
42786
44560
30900
2639
2005
10638
39408
4786
22806
33891
34131
19166
7745
43306
22236
35500
16570
18826
40757
10265
30291
5091
19847
44628
31848
2984
47746
2755
1298
7478
29468
47491
35953
49671
34893
47079
37156
47838
5095
15344
10566
45223
30696
203
16583
46538
27737
41744
39919
41867
32077
4673
9578
18562
16940
16990
6960
37490
12823
35725
27995
40130
37112
49153
36644
49872
34290
6204
46021
30732
45752
20471
10916
11806
2401
30810
11106
21719
13705
19541
29063
26306
39189
25971
28325
1780
13895
11643
4581
44262
32128
21844
43197
15117
30375
10163
12969
7140
1624
39394
33944
39229
47091
30143
12593
8773
31668
35656
44821
27826
35797
35401
21584
45918
16168
3633
5311
14286
17028
4728
32607
803
21259
33612
38431
27981
43596
1434
29180
44491
26928
10603
6812
22497
43371
13761
8227
17732
7289
11079
21948
39666
16461
28851
12783
49762
32210
35757
48485
36143
47023
44183
19746
1424
8127
14900
20079
137
15184
37014
11742
9040
43655
38298
40943
32013
32074
28268
8050
2117
296
24962
13833
4923
4487
20241
30880
45279
22865
12407
34970
36748
23728
43258
4261
47655
1739
6759
37226
1899
20804
28677
6876
17905
15999
25736
48833
25386
26462
3070
12260
14591
5390
5511
6668
24023
41693
39816
14390
1346
27651
2426
20609
39072
45240
4998
20161
26394
3938
22674
29628
2542
8398
33217
15635
20257
27445
25429
40624
25531
28833
39508
15993
23259
2478
22524
29088
36169
35346
33865
5766
13949
549
21616
15294
20840
2846
18812
26790
40176
29709
34441
24738
34088
1205
1204
33777
30154
37601
2318
32463
13545
19783
49483
22102
11754
28358
35306
39191
7105
7032
44200
10678
38811
43253
40195
3676
48622
29272
348
14391
46894
18779
7591
15500
18580
30738
25160
7314
15478
46743
23980
1368
48167
40031
39578
25195
32954
25804
28766
17238
47381
5067
12190
26394
40392
23154
42402
1052
3913
41220
26261
28001
34536
34818
11203
10122
22339
45625
48274
14813
33666
44910
45677
10256
45019
19542
18657
17238
36421
5261
46487
26892
13678
31869
39893
12532
37886
43990
21426
44117
47345
7450
44466
31707
292
20517
15575
28993
40787
46117
19473
37775
4406
2015
47023
47757
49553
47558
25301
33175
47356
42106
17763
5213
12698
18361
20991
4861
15986
47542
22663
10582
35129
8462
3523
4598
45038
30138
40770
40843
19611
41600
46023
13291
24743
33379
20043
32513
19850
39521
10028
11444
18923
24009
42810
47754
42121
34451
26343
33968
32672
19705
20381
36807
26188
7098
9927
17909
49187
48236
43223
15257
19433
5908
15300
7553
25118
9734
38851
38943
35593
31028
44586
35280
27649
18765
34281
12372
41646
18358
9859
35307
7780
38447
49911
34615
13295
26540
34071
8623
13822
2471
30171
11304
45248
6989
48923
20712
46937
45169
8924
4599
49473
11055
33888
38617
24047
17870
4101
32844
46363
26023
44887
6962
14336
25279
15276
24154
34023
19738
34636
19011
23078
17747
15714
9194
12273
38018
20942
16433
17498
2785
26178
4058
47810
18557
42390
26287
48336
35660
43418
19994
49333
16618
44281
39418
4479
27456
42704
19340
34619
38037
47431
30181
31778
21884
15129
46485
6797
38523
36313
45285
43932
1448
31765
38182
25941
47465
43754
41150
42672
38287
39370
41225
47510
38322
13530
12780
44224
12045
43486
46864
18541
42379
28832
34710
30134
26434
7477
1874
33878
15643
45388
43883
40512
37864
37627
4182
12429
12498
21924
26897
32438
38609
49589
40242
7773
40378
40948
29811
48156
2546
3021
10118
23842
31328
15750
18143
782
23968
18315
18211
27120
30838
23397
7567
14823
46360
13502
31246
35242
14641
44279
21397
32562
22959
28840
15435
24794
41097
13872
30415
7964
4644
34997
46060
25756
15665
7203
30842
36323
38969
14106
36553
19082
16934
17493
9705
14673
21016
47163
2132
2093
48541
39804
36596
13583
20826
434
1042
26677
10381
14490
32633
11568
4773
1333
30194
29655
11267
11016
45161
25236
8053
29928
37616
23670
35593
37256
23579
15667
29394
20601
14849
6806
6855
16056
32056
33932
31240
8794
21122
36158
25959
45477
10437
28635
22269
42789
47913
29605
11292
46772
37245
25680
8994
48857
18744
48584
43358
22999
8573
18188
39712
35827
47289
27476
3394
11464
23870
44359
29318
1097
40535
31912
13102
26347
33384
9333
45093
48133
10170
27115
28297
16637
8650
42823
2298
26351
38383
5308
2052
20994
36130
4721
792
34395
36409
16308
6838
10774
33161
11435
22861
24430
42524
46674
2288
45388
44027
40297
33213
46110
18629
10085
12835
6693
4378
13712
15513
43587
33941
20866
27057
6858
34554
25546
26622
4225
27078
46502
31083
46775
45976
15903
42436
43274
38539
6982
42982
9680
26009
33177
11746
30080
4564
23137
14844
48609
19202
45741
42266
33771
26160
5385
46857
7750
12802
49986
18419
23860
7746
1669
46164
36909
36704
27188
1905
3843
15721
48841
1877
42380
22714
6834
41344
28986
30056
40484
40703
33234
1646
33787
16323
2542
44094
25328
9342
24916
8169
20532
9840
17239
44882
19077
3681
28387
11599
26040
30051
36342
43456
8934
45424
21745
32279
1983
35573
38606
17056
6873
10915
40033
10647
24057
32689
20751
28042
40062
34713
7781
29439
35183
36252
6185
21954
34396
30975
736
29199
12324
48706
4181
20830
31201
22269
30872
48740
29286
10123
42669
7045
22017
31637
26143
29094
3972
3251
48739
14677
21731
22956
28154
9420
34772
43418
21571
1125
25690
15055
18554
43838
14730
10560
16913
33722
36552
23567
352
33304
27491
4761
17296
45177
6158
16892
52
322
35939
9260
34097
44708
44618
8516
8001
32518
6970
22733
1651
45614
31473
28496
17287
3202
25502
7460
12284
48552
8129
24105
17814
42508
46490
29626
30825
14801
41785
24955
35599
35649
17524
35346
11741
43245
29845
37901
16867
35692
7628
35785
45160
15909
38068
29749
49773
26244
49494
3218
47331
39398
47396
2130
48421
22045
42887
38494
11782
10258
14195
17921
31705
21987
35183
29130
12178
17205
46948
35088
43988
41701
37141
7143
28707
39465
5573
46665
28304
44803
35545
47474
16024
3838
3285
33930
18797
20601
20696
17126
24913
39752
20506
26327
9066
48043
38894
22421
47607
34771
10826
26659
33770
48883
34715
43230
16812
1600
15095
36966
28440
49283
22014
19209
3260
1326
42434
44343
10647
27799
42145
22211
7124
20136
2795
15899
22199
23753
23655
13189
34267
45655
15949
509
14248
44964
35427
18672
37335
4587
852
27507
1208
15670
29983
26728
6596
34829
13358
49676
42688
2259
4419
47500
35152
4797
40327
3540
14754
33427
213
22593
13613
17091
36268
15817
12991
161
24523
18283
30969
34513
31483
8490
38474
33899
29970
49372
38563
49204
29071
41819
40305
27954
11744
11624
39970
16032
5637
49620
34467
49133
34591
17024
40298
21414
29344
1405
32139
4667
36415
14776
43808
36485
38776
45188
30255
23960
22080
14714
39748
26023
22485
3500
5877
21779
14235
38265
48415
4365
30371
733
34103
31379
14943
40629
49262
20175
31362
41220
14394
44836
41627
15327
40593
45966
18142
25689
48392
45600
5321
17875
21191
14175
38138
31645
49297
22866
2984
2433
26176
655
9291
15169
41917
48384
16650
31955
11804
7686
1919
6680
17248
43871
25927
44450
39606
25475
45761
10416
8335
26004
42299
25471
5994
3681
10990
20116
38598
6704
42624
36669
41991
49238
12935
30055
34051
33872
28152
39080
6015
8534
25734
13010
22352
22959
3653
17275
796
16496
39353
6640
37404
22822
16224
47657
23518
4188
21899
15635
16213
34399
23938
37176
47349
6710
34654
6030
43752
10912
48797
1591
15374
1912
49954
11304
22087
43485
16219
30093
7333
4700
44457
28776
45857
17412
34972
19525
10999
35256
49785
11984
28707
37711
40961
42804
2546
48174
11141
42061
16841
46680
47801
46457
33748
288
46391
14144
45467
7863
48855
46798
32172
35284
39836
19427
18218
15559
9851
26575
41294
8521
25906
44970
41483
41409
39845
23079
13064
42273
42486
29120
16742
10972
6310
31880
1429
39158
19719
32217
4932
38992
8550
44578
6934
8157
1186
37970
21121
11248
25928
34291
27995
24575
2431
11917
27284
38108
18478
31668
16801
12775
6286
46773
24677
2428
29810
19382
40648
28470
28159
17349
29801
5720
8913
14502
5153
2989
34809
35232
15113
6136
45292
13131
29913
19363
32470
20160
36012
17155
24465
5205
31857
18364
22108
45881
12840
8992
2263
7375
9953
19209
9493
26994
35136
11534
42302
49255
41453
27769
33057
1285
32610
160
24078
43906
1150
1815
47491
11901
45475
6906
29863
35673
3182
46996
5872
42520
41769
17222
9937
36067
49795
16038
17969
30876
12574
22166
47894
48145
27553
38269
28103
40950
42302
33740
30923
48155
37132
11037
39722
30722
45007
21904
31398
8434
35561
14319
44620
47030
35867
37351
47962
46566
3947
10345
27482
42720
22260
47862
36667
47472
20643
33018
17312
30278
13226
32054
47415
17007
38297
26985
49567
47733
2894
37429
36683
33475
5092
7223
6958
25564
26935
1625
33320
31431
37657
18219
35268
10871
3132
41437
1239
23488
10134
5656
34808
5661
11744
6053
38353
16793
38458
16567
799
37323
43613
6635
41648
16862
25505
18863
42094
24101
42326
7519
12600
43485
27517
9620
32025
29977
47549
45525
4921
4283
38608
23187
44689
25650
46
28791
43753
7024
10482
22925
44136
40091
12244
42426
3751
35971
23334
14959
41898
961
23956
25537
47806
18138
29822
17907
34951
27946
513
38996
12907
34809
35776
45531
34540
9099
17330
42766
15829
22254
24797
40715
9408
33443
43524
26534
41429
14264
28020
17975
15550
17518
44378
48940
43016
45397
29972
1484
10884
23774
3826
22841
36725
6758
26273
27864
591
8667
35247
27592
36641
43560
7988
32513
9368
2012
26032
47411
30160
39587
26714
47399
22783
20110
10649
8448
27501
12061
48783
35644
43840
32113
10085
31298
47061
17267
11683
14685
16490
38974
39607
41557
2638
38697
30448
40961
37157
7836
2341
26747
722
29436
28236
8775
3379
39667
6852
13150
48318
31493
11613
41978
1752
1954
18871
12364
17745
5688
9956
5144
44374
25150
38601
4269
16892
12344
32004
24635
34268
9799
32600
44231
27556
35622
38023
27265
14976
628
41688
11934
11291
20119
13610
6908
700
39995
15939
17511
32926
20066
39651
45165
44688
40845
5925
37739
17114
5703
16343
27339
40147
25567
38339
4811
25987
22105
8582
41820
14487
7659
27759
28563
34343
17907
45393
47025
29851
13967
47879
40874
20961
28604
12103
1380
33070
2246
6071
27224
38794
29542
17899
8774
10956
48874
35885
36407
23333
25141
40963
37948
5925
1920
3113
42540
24053
20440
42225
45548
3625
7177
5489
5764
39639
15382
46978
23946
32333
39557
48554
18524
25845
48909
45323
34831
8347
21701
19365
29990
48574
903
34617
43762
36191
49570
36248
41999
39500
19053
5689
1571
31498
25291
16660
33327
23685
8880
38211
36265
10064
45153
37945
29138
38398
24503
12401
10503
37302
21108
19406
32086
9436
28386
36289
24489
15
288
2648
4248
31650
21706
6908
48672
11675
35258
25074
16542
914
25201
20801
45281
36018
25847
10096
1844
36451
11528
37919
33154
20635
34238
18102
43327
41006
2103
39191
8042
34517
46258
8016
28706
46454
36209
29383
37514
34656
38656
48323
20581
12024
16470
21552
2591
25892
41327
26882
13303
9023
30181
47876
36998
1746
47528
30192
11962
4179
14256
38468
39230
18234
31465
14701
10229
11643
38444
34849
47271
22668
24065
15869
49801
25647
17468
4836
49023
46232
42355
4379
11239
23752
48794
22344
48947
12804
45923
30602
10624
17608
2584
41899
6162
25903
23924
7075
40166
27445
32784
33594
16433
21571
4989
21206
4475
30370
18945
29012
21610
29796
1267
30710
47608
6427
38573
29561
43063
42635
21107
20184
14536
17876
32709
10467
24622
2743
8559
15390
2854
39372
31208
325
44576
1399
3317
44436
23819
47412
4861
6030
38154
36294
27232
22179
25364
34488
33668
47121
12440
32431
21447
6997
26683
35362
3124
8654
41180
5078
16073
14343
10310
15012
41328
14506
39437
8792
27266
3115
33601
38751
5659
40609
14020
41896
49029
40583
22438
37729
2429
1715
29346
37739
5675
9142
14393
29335
10137
4741
25624
9886
31037
23838
9045
12664
11297
4497
27874
41416
30632
25641
10266
27212
36742
22767
30748
24362
9281
3619
36562
27014
9628
41825
28837
25898
9043
4996
39795
11386
28441
380
27901
37430
3391
17898
23336
4497
42303
11431
18158
31308
43070
17095
43340
45868
39406
47028
20289
5973
5901
18867
16279
14670
19432
35734
20898
23270
4722
43590
31868
22555
17163
24252
26286
35618
2584
9270
1891
4298
33789
12951
11614
13152
8059
15454
45023
25810
10139
34978
29677
23144
42568
44962
25234
45599
17610
11946
27801
31138
41523
34342
27311
32344
14655
2097
42209
22046
6962
26324
48334
3774
49550
31354
27673
8391
49462
48667
22616
9250
24540
44693
17584
38940
43455
42691
34971
7717
23893
46697
46733
2693
34453
16182
9467
12935
2767
11193
27526
43596
28940
5646
21244
22871
28593
12806
7433
34242
23417
48608
19820
12969
20498
29921
9546
14216
22938
17409
6472
10968
35960
32481
30243
29528
26603
44184
40190
13316
33036
30417
6756
34851
2158
47488
24656
24774
47435
22514
49380
49992
30800
31184
29001
27796
46668
9895
29619
22587
10028
4883
4851
41418
1741
24449
44550
43651
13658
47257
15600
11305
8276
19093
28597
24425
43518
13386
8446
14247
25625
13884
5087
32829
12224
42305
10280
8983
30741
23381
8118
18188
28806
31471
41947
38916
43149
16207
16586
49088
41612
29803
29580
39067
1886
22348
14903
13280
37970
42551
49312
14201
27726
36389
18170
745
27913
25950
19402
31805
5937
23626
1266
22992
21225
2972
16705
13516
37542
35198
23891
8553
42609
30675
17096
18920
30300
15999
25789
43775
33110
43729
31273
1701
30085
27997
22292
28594
5011
14831
36689
46563
48073
26142
40586
5098
46132
9116
28950
41042
4247
46100
46040
3698
16884
48058
25507
8210
45449
40029
46349
21623
40719
6730
46499
1276
5897
10725
1748
41341
44170
25184
4292
30166
13372
15277
26638
44777
23494
39794
24798
17274
49399
47703
745
11831
12642
13092
1753
37252
46911
10880
49499
42316
12644
42733
20898
41798
25160
35983
17877
47136
9344
47602
36548
33236
5387
39200
38293
48980
30124
24925
4190
15777
31657
8802
31213
8708
25454
30901
4687
7341
42647
14039
32189
11894
10299
17803
47947
19510
17883
42453
45472
24913
28358
29760
6583
3718
21446
45252
16004
2584
2249
24893
13315
28422
33315
29583
5407
38043
28265
38172
35429
34959
10279
16593
11915
40576
19025
4828
15843
33947
43090
10465
45128
8270
31625
7486
26556
44203
34766
7312
49380
32131
16089
22351
48665
31223
40141
35223
803
22028
47447
23913
33259
45761
7008
9339
4482
39567
18614
15401
31763
15178
5483
66
46766
31434
29534
27531
19553
23782
48299
40051
12628
35853
9769
48651
42022
28958
2361
5755
4132
26657
8824
14887
12112
23635
14991
7605
13128
14974
1884
13223
10929
20450
17004
27936
21881
39631
25279
30623
40698
43256
19665
18940
29393
12281
9153
14963
4545
34336
16258
40540
19371
17451
11500
3487
49524
26998
3244
9213
3491
16664
45112
12457
20606
31364
19282
21940
49152
4980
25348
34347
15248
8874
5361
23345
33764
10963
10747
40550
32527
31289
4542
27866
8030
14903
30561
8996
19093
4275
8304
40511
39870
14326
10323
40575
6515
24415
21614
37206
18557
37240
18267
42646
46475
1187
29833
14859
41939
39631
15154
45686
33890
10042
19393
26251
13670
21545
23242
35207
3437
47388
36114
42577
5988
38214
28931
9345
1469
42999
38163
37602
19250
18588
41580
16238
23280
38155
13116
10954
28611
34640
19557
8815
24636
18444
16947
24133
28773
19885
36512
255
45983
22154
3173
48433
12103
42442
19495
35575
29834
27619
14758
31542
8184
6438
16382
24463
35420
48657
20859
18753
6277
36585
1730
24487
26482
17821
39836
27008
7726
6852
11493
1389
578
48726
3128
38763
14580
20554
6513
30145
15880
5957
9393
12673
19526
15082
26252
20212
7030
19488
36375
17563
3683
22163
35686
23986
2117
9054
42685
31981
44810
49226
13437
10488
47558
25524
41762
1215
35495
10537
24074
36502
11996
14991
7295
15548
8158
11532
45257
33882
204
38444
35888
30128
29428
49933
49385
31230
49530
11821
43370
19062
3770
23887
8264
26766
18670
12339
18417
9607
22928
11449
22188
19460
10355
21535
15418
21396
41944
22424
291
39607
4822
4963
259
44861
4629
45016
10456
44677
5393
22655
31914
20445
15460
28193
19938
11371
49652
26880
22005
39355
4307
8371
25798
30564
33534
48918
17038
21280
36043
2996
1158
12339
35705
9734
15239
26497
1939
3339
3537
611
42844
21002
17637
44106
8064
36915
6
5154
21650
29165
34691
40602
48545
13488
31465
47862
32708
13774
17783
25826
15803
18992
49729
18828
23354
23333
2710
23736
26108
32998
45910
20427
30696
37899
41526
32901
49214
21327
35761
40628
49367
22014
31982
27728
37823
26029
32898
21406
11419
22524
7982
1344
30694
32301
13546
27212
36580
9370
20025
22584
15856
15491
19769
21378
8253
35074
9953
36053
10951
4508
20011
28455
31891
46251
38013
16393
41769
7960
40959
5683
18373
25742
40110
36935
26621
1765
3653
13314
49144
25968
29719
29031
25153
769
32079
48197
1376
18237
35333
95
15975
5094
48995
40595
16345
3486
22168
34474
45978
24973
26026
34569
17930
16650
34289
8063
33309
39887
2481
45451
604
17239
22880
46482
47254
33124
15149
7924
16192
22162
213
1784
12736
40014
48481
20032
37611
1220
36984
19767
37881
16637
15015
24883
34786
17489
42148
41327
22536
2033
36604
24036
12848
33388
47986
3635
47404
6005
48664
36135
39737
34262
33349
838
42058
13439
5755
23556
36103
44924
4910
37498
43635
26527
30477
39351
24237
13930
37953
39820
2551
10018
21377
30189
16879
2341
2902
42793
29899
48767
28272
1320
40361
26725
35329
1953
5994
2109
8651
37720
11761
41571
44197
33300
5940
42465
31765
43219
27677
23445
39747
38101
7249
14853
13909
40127
30491
4681
3503
18892
44930
45646
41316
28511
10556
323
35699
46740
27000
6151
11108
6851
20540
43334
21381
10245
6033
21542
11007
28734
42436
26401
17895
12945
17511
47084
46715
34777
38815
46416
23689
3715
30769
15630
30464
1961
20571
2441
19390
19665
12218
10377
29922
29639
32767
28068
12910
6955
13833
6789
2719
14911
45224
47491
19832
18400
30194
28794
28497
22843
21656
12461
12019
11761
28837
26552
33281
8645
28081
42712
43253
8373
37686
16825
10123
31739
60
10721
25443
45754
26719
9837
24980
17884
34172
32733
32924
7531
8837
47423
41203
17208
33539
34883
9994
60
24095
10184
21782
47417
47616
27793
26163
22147
21739
5500
30315
43225
38682
29528
41014
37040
44631
32897
42656
20107
8039
35210
13606
1112
40994
45195
7861
10535
44083
17708
3348
2369
12610
46136
39088
21690
30747
29657
21601
9364
42935
30596
548
7948
24488
4416
7804
14325
9560
20502
19596
40164
3176
34448
14775
4672
18371
40925
41049
3047
3462
20339
13548
32195
19451
38235
41042
3893
22870
48483
29069
33551
30374
13686
47966
6801
22971
35545
15905
25970
42141
45282
7411
1747
9691
33596
19843
44747
37730
42668
17688
3263
32387
39946
36038
46759
15392
44302
22977
44732
31968
33205
26921
41177
5545
1073
22284
15074
38331
12521
40883
13009
31258
14874
13163
27778
2809
36582
32335
20462
20786
32361
36449
13065
37034
28967
20409
2050
48025
28458
3658
29572
26715
1733
1504
44009
49903
14904
43982
19676
14571
5197
12224
38033
41160
18438
32283
34037
15818
42632
18745
44298
47333
29563
8461
45924
6658
4839
33780
7647
39865
33289
3999
29230
35998
24971
33990
16231
40614
38275
4191
41226
36671
39654
11079
43807
46665
22542
7925
16674
36996
22050
10890
18051
42711
4727
46563
27103
1087
30653
21292
37
17724
42332
47807
45353
44264
18604
38431
39728
33262
10780
23887
39530
21035
21701
42001
34799
32438
8655
12165
6581
28095
46826
17801
1483
26561
36743
49011
36304
22621
9764
38984
25377
6501
14127
24539
12286
49365
21430
5884
17597
2384
34460
9798
10595
21867
14947
22882
31635
17234
30609
35546
21832
30917
14602
19821
49180
3166
49419
21851
29798
27084
8488
34006
40872
34821
13867
34977
28509
26015
22967
35385
38811
34063
26970
26979
31993
40814
36546
13
15533
20552
1600
12041
36457
24200
18688
24194
9571
15195
42680
24063
6114
37452
7312
18526
19396
13892
28810
4672
45858
19519
12852
48379
10486
37517
41586
44639
27998
38392
518
12518
34187
15913
49776
44325
7556
44640
37288
2932
16660
25490
30792
44332
16042
16045
47292
5847
34891
46531
23873
1956
19355
20612
10447
31690
14406
40870
8930
17349
44880
7600
9355
9192
45690
20565
48438
17345
17597
27166
33950
5997
47445
781
4184
29434
6084
44086
21243
25940
5716
39599
13974
32192
22904
3489
39843
35920
23415
29728
36762
22348
42451
3245
20233
33602
14405
29131
1110
47953
40271
3611
44054
41825
18378
46410
3553
508
8829
39807
10106
39873
9024
15279
30175
13052
38818
5354
40516
10038
28133
9053
24208
1202
16917
32943
627
11703
21241
11442
16497
42756
16172
9232
46961
21587
34685
26600
24677
2426
1512
44469
29532
31395
28476
15759
21161
48698
29538
27473
12706
427
10728
44498
16914
26837
3857
37780
22938
11584
48848
36624
28908
5941
45224
1898
15543
21994
30935
4795
23975
40319
14662
46651
27893
43950
45737
4903
737
40828
3463
37108
19474
916
1514
23614
33374
33297
18496
38868
6845
43733
39889
25725
41425
19747
23606
46965
1435
34706
1242
43772
29692
7257
25488
14386
49394
40446
15379
8817
44654
21831
42580
10898
38922
11158
11031
36334
12797
6632
10485
3486
33300
33725
22781
6401
21228
2897
2027
34237
39462
13302
7012
19509
44985
18373
31932
43337
2235
37288
2209
49180
43305
25960
28078
1178
46137
31435
18940
8904
26631
45392
4366
33829
31305
45099
33089
22068
33459
18332
31365
36472
23047
48124
16730
29205
27254
27996
42791
13152
21251
35161
41592
32071
15751
167
45368
3333
10157
18796
39837
49061
15157
31668
17283
44538
37670
28796
41678
28158
19545
42315
30168
510
15149
25722
12376
13391
10069
21768
46585
12289
19099
366
26989
48796
46967
17091
41779
31368
48424
45749
8697
44621
30249
34195
48185
44363
39918
46365
29687
45367
45537
17281
41836
474
21606
5762
36004
17219
10119
46052
34007
23571
28976
18700
31668
32452
449
12371
38156
3737
31164
36938
27682
9986
36160
8933
29125
17260
7831
44630
4989
22289
9565
8753
35766
40298
6788
46524
12098
9849
13620
3259
28924
6339
32847
39214
37744
45826
46359
32856
22592
48904
27464
34122
32206
21493
37708
27421
15863
15208
13388
22573
18792
37541
43462
19842
41815
45992
20529
8975
9016
2984
48207
20247
49967
20265
17098
21535
18821
7670
3887
12219
41457
20445
40528
2857
27777
26426
13025
29417
35040
18232
18096
41750
23130
20518
35873
21008
5977
35319
15257
19701
26929
46991
3523
13835
33144
48333
23030
31078
2284
36227
24549
36420
17243
21745
48725
1624
8500
29538
6332
9372
47849
1665
28172
39976
8345
16439
23250
2650
19236
1777
31426
45272
43085
28778
20390
3203
38367
22414
19052
47727
7939
11719
24097
29858
23932
17190
3204
19256
19746
49
49243
11685
27544
28498
20921
831
39372
27583
21340
4872
28495
9660
43238
12922
36397
24907
28937
49174
30136
37637
41941
42519
31527
36539
4817
39215
11589
13197
16108
4852
414
48484
48290
596
47643
7639
5610
33406
4180
23137
18214
29031
39799
43817
36610
11201
12673
24077
10637
28588
48855
36336
49125
47204
33967
27960
29163
49513
18315
41997
39172
24693
43629
420
26800
49788
40814
36743
37799
7458
19474
35272
42046
28035
37066
5925
14384
11045
11222
30760
6254
46818
26240
3656
46305
10773
47926
35916
28033
14952
8587
17104
37257
8229
28260
3509
29200
45374
42466
24405
22497
25139
22970
48592
3867
25810
49352
47879
6393
21786
14935
36005
22556
11067
32560
26654
15562
44345
7758
9875
30520
36139
10358
44086
39551
19959
38490
34999
9912
21705
41082
40631
4796
26295
42957
40572
2015
166
3714
21096
33141
37708
47970
40691
27854
13092
32522
27811
22052
30625
32919
3915
41009
34372
10407
16234
3640
46620
48674
36431
2729
24687
18822
46626
44179
28874
43887
13361
17938
16995
3267
24688
9835
17332
23882
7970
42980
33789
46192
10712
23662
1812
33278
13504
5715
20520
43056
37603
11333
2557
19077
49659
7911
14563
44560
25636
347
10311
41753
44612
47461
17378
25050
7176
44977
47443
13160
46321
19958
31820
44196
34186
24177
13440
44924
4846
31766
1340
4403
4786
36642
21523
34929
29513
5421
4419
1562
13453
25260
42234
43621
44200
14401
41699
33057
30153
30302
35664
14616
25108
47383
32564
27908
49514
924
45801
14949
24323
31615
44323
2751
45311
32750
33760
11595
27655
45880
17834
30261
49319
32702
6005
15792
5681
26754
18836
17360
48898
48937
4030
12459
36703
304
4876
8064
37695
40776
2294
5511
9535
16997
32397
47888
2434
38909
46061
35855
11902
49384
9306
39742
29021
27577
32137
32706
1999
35509
16775
47237
15897
24232
1253
13811
32651
48124
16463
23368
16724
13591
41534
30383
6207
48911
47991
8681
48747
39936
15930
36424
34784
41775
11515
42197
20514
24372
11985
15261
35306
13950
43020
35337
16636
13451
13308
13403
3874
37727
9597
531
36381
19013
35096
19922
28162
28990
20834
43013
23198
40743
36250
37416
39914
23592
14014
13984
8079
12464
44379
24403
34765
23041
11795
36393
49198
44504
32865
9742
19810
32874
41363
2993
11
16885
35301
17887
3331
23223
38022
23179
17619
6589
43572
38973
27601
11174
17204
1450
15209
13058
23891
38492
2047
45275
27339
12298
4665
44684
39987
20621
9810
21474
47239
17789
6211
30087
42029
45882
14709
33777
49018
46110
46544
28822
31798
3600
730
27210
11216
18180
4010
23725
31582
145
21915
32460
28830
30769
27250
41952
18406
16476
37636
18979
38336
20366
26172
42969
14751
8547
15652
42036
31108
16435
35158
6862
42956
3063
6625
31811
48579
45946
30836
17770
25776
13254
6051
10348
33362
40064
1132
29726
42451
18046
15974
21275
12779
21929
5109
32763
28872
31523
6027
20273
14845
49953
49653
7224
24045
39197
4255
36041
27525
33390
21166
15180
76
1605
29695
25959
27925
37666
46651
14723
34407
45625
25085
8063
34654
42054
32873
49623
48920
26373
38996
20458
27604
12937
43476
18055
3957
40006
42707
32267
32057
36576
21221
37176
779
49908
32682
24943
8676
46688
13829
37570
16721
18320
12656
38941
35854
30276
6537
43948
47351
4314
22464
21305
16405
31028
40040
22458
6026
46099
25994
17114
38823
45906
2820
20068
20052
13591
47869
47969
30882
26962
14703
13499
1620
19566
1806
22329
44586
17959
18124
5738
17755
35987
32610
7964
28998
16313
17403
31497
21580
8211
24722
17188
11684
36027
34386
2762
49986
17673
16603
20114
49817
8804
47455
45758
19852
11294
36680
28067
23848
44995
21818
3986
28993
33400
7170
46300
30198
41545
31434
18488
44630
18921
49490
11635
40242
8421
44142
29473
33738
49874
24839
8747
23031
13552
40302
38116
16032
6364
34286
46225
35718
11727
12330
30528
19564
33921
47907
9742
32612
45738
48489
40085
20339
38326
3252
24227
21876
4286
21897
43980
48495
46963
43188
13714
36985
8705
21476
47576
11407
33132
48833
37284
47642
34403
314
8801
31612
10396
16387
38970
10071
9078
37586
15798
45520
45375
46921
36889
12748
1755
33305
23579
49998
14445
9900
34068
42731
5100
33382
16092
42450
13632
37721
10997
22387
21510
6720
29570
3935
27028
43804
27656
10069
5233
24677
13323
11007
34121
42040
38779
9599
21717
43040
1985
29126
24800
20748
38241
12761
3710
37031
37793
10799
38740
15719
22951
42874
26474
44705
13835
41539
30190
21325
25665
28593
49885
15467
23777
17636
45234
21430
9511
28032
15166
12569
9301
20908
11222
18759
10711
33208
39836
37284
24534
46622
5066
31491
40406
19902
29838
17632
45536
38129
12997
48235
14595
45591
24512
16983
26886
13730
10447
10737
6290
7450
6877
39135
5246
1880
34381
43917
37198
40782
25928
32003
13385
27773
6866
47296
22762
2371
5589
5067
19732
30844
35845
32530
29007
46157
34255
4981
46528
45011
22375
23152
21999
46189
27493
1403
46100
17694
28984
46
19170
26487
17669
47059
30995
43293
8068
23156
17601
28676
5731
20252
31517
35829
12503
28821
40071
20836
10774
4422
20217
26675
10516
6553
19409
1905
11757
38398
40071
5082
3172
35721
35748
28688
38337
45404
27655
18922
33250
49527
2530
6213
18151
20532
31324
49223
6223
27197
14063
19642
20638
14606
25470
32810
34135
33504
17470
37266
43207
35809
17097
36093
16680
14710
37946
11475
21736
15241
25872
18690
146
19646
33779
23443
36729
49432
31118
8375
23316
40297
43004
10376
40924
36885
46436
46006
21358
14681
26104
3537
3500
23199
22077
36383
14625
38485
21086
7110
30128
31170
49799
13147
13457
23441
34812
27224
7277
19624
27890
23865
10207
42927
4902
41358
1025
19230
34569
42312
35528
35366
48061
29774
44025
8604
12535
18583
10636
38028
43590
34177
17212
17160
17844
18020
43459
14517
43559
39679
28417
19089
45830
18719
23117
34849
7896
22120
22182
22220
10721
26342
36093
25921
9393
16806
44837
8664
25765
44311
35661
23337
32765
4553
2734
16481
38322
39075
47909
31332
33627
29850
43579
24418
10369
34857
33816
8371
23413
22022
4431
7051
41018
14701
31449
41871
1765
39800
36179
11646
1676
29760
21482
29401
40066
11501
20188
15729
19660
38284
35673
41975
2220
5470
6732
29980
37201
33701
49645
6325
17327
21687
27293
38481
1029
21327
26504
13196
19807
15744
39342
11525
7676
22576
15848
1270
28414
46898
39885
41730
18880
43530
26666
707
5753
18944
36272
24879
22881
18206
10505
6473
26704
48915
38205
48348
41039
46333
9421
34958
23884
14102
13548
47838
42755
5032
18389
22141
4873
45172
13770
44054
28930
40406
9744
30674
11238
628
42610
47679
41377
21231
43759
34480
25433
8929
41172
17753
9918
18558
2189
20074
15521
21501
42964
5608
19550
14361
39178
30604
39563
2834
20761
11013
44778
29308
37148
4173
8334
13637
5673
11340
11865
41564
32485
143
43692
35220
13493
25913
49099
24198
1559
48213
46043
3487
34568
42408
29182
40108
7940
15335
32538
46447
27185
47583
16039
49979
4612
30572
8809
19220
16303
22541
2193
37193
10577
41118
33762
25097
1855
26460
13557
18987
22203
9028
17899
24170
26364
19691
45282
49418
39569
5650
29461
47068
42284
22173
6731
20196
3656
21093
3421
10765
42103
44212
5341
9914
21043
18381
1925
18736
16863
17252
18859
15989
46474
49288
33463
40013
7117
42903
29130
33059
28019
25205
37735
44610
7597
5053
18996
19820
32781
36578
25381
25050
38330
24773
49614
46018
11396
20369
21003
31692
44273
48634
34207
950
15018
1330
41332
29389
9114
33225
570
41788
37852
37867
24655
45498
24864
16086
25663
21195
14
26927
10811
38312
34116
49366
13150
39211
14967
19504
36779
10012
16334
17377
36967
33706
42162
44260
26114
4352
11256
14244
42145
7601
27817
6574
16301
31466
13221
13461
33362
10629
31301
787
39246
15809
44731
39429
22049
29170
23056
35418
23161
17338
24710
32484
41856
25756
48478
37480
33477
38275
31935
17859
11283
26098
10252
23161
25253
35648
4281
20081
13372
35293
19570
11980
7172
29933
7641
49835
21893
6196
38651
47278
32807
11292
6143
11000
31530
45919
1668
21701
45154
18423
13041
31196
49014
30386
7139
7538
18126
32898
13089
18038
3082
35527
10345
34887
16696
43347
15969
18654
45408
7506
1254
32893
10703
18970
29960
33202
12103
37271
37062
30412
20477
28708
18211
15121
30546
21093
37876
25186
40118
1502
26044
3762
20557
23260
16789
29566
24063
40332
31992
27689
29860
23477
43053
30417
30937
4758
7639
13131
613
9221
21617
43856
15460
14242
20441
40293
31427
895
45659
40637
30339
39966
7439
22571
20200
3707
10417
1036
18240
7539
6470
6852
16147
37002
43072
38416
33973
19963
16821
16569
42210
30494
33334
43484
47985
15195
37185
31013
35582
29740
10031
5607
48069
44619
21545
49346
20693
22515
18354
34954
24784
42610
33983
13537
35375
43187
21715
24073
24093
34399
38562
971
9475
5406
25612
25548
14798
39978
18778
9151
8537
45657
4732
36362
18378
3644
5209
45878
45325
674
33832
28204
1078
11657
48734
8299
24595
15321
22362
3609
9809
4474
7093
5908
5981
19591
21306
16526
39396
15159
15629
38294
366
17880
30272
1715
18835
867
39649
2686
39449
36423
32181
37534
10962
44326
19396
42563
43793
32932
23264
40756
29204
11857
35343
43489
39926
11496
13056
41926
7685
42637
16588
34767
26259
17089
45757
42239
20854
31853
28550
47875
8563
28227
48027
18208
23411
30634
49299
27232
34729
48557
2061
32800
15752
13452
7053
2281
5280
16273
33396
1136
34228
6089
27922
24680
39580
30945
42662
39082
6858
18530
43878
34327
34992
32662
42591
4409
47999
42904
42593
13505
24829
18078
39763
20425
40897
45921
35530
45023
3572
16017
6143
31940
36233
36429
43623
13292
14411
24137
45545
6812
2528
35681
18905
29994
36623
5939
48590
32954
21782
22422
29135
43860
3771
43736
47201
32391
14170
25284
5824
9299
13866
25104
7052
2330
18648
294
41421
27334
7054
3174
16047
26980
18139
40011
41070
8249
31659
2733
18450
18994
3184
44713
18911
10151
33308
47684
26094
28804
6283
15288
45541
36618
7826
936
44336
20489
49842
28670
45825
23081
25636
4034
47358
14232
11042
41888
3080
7638
29914
17565
18971
22501
20248
40004
3297
28212
20198
18101
12009
1883
22859
6226
35995
21469
28762
44619
27394
47527
31970
41478
10089
9350
15211
49689
29620
6925
47718
27336
9003
14010
3351
36150
19522
37468
44710
36508
41022
49495
30125
44312
32340
9924
14262
35893
33933
31709
9157
15199
44485
19263
42736
16638
33968
5003
32420
49106
14760
30837
27517
48614
20405
22296
36950
29809
45226
10299
46790
27777
32748
29054
11773
19709
19302
5180
41742
21724
10886
302
18139
1817
16465
23928
7773
2975
36911
46080
2436
17921
47752
265
36077
11787
37120
20219
48828
43706
33819
32006
37676
17344
15226
34198
32025
33074
36816
49079
9611
20113
5307
35654
25401
6991
17889
11673
7341
6809
13158
8251
30119
18347
48424
25259
11209
35597
13953
23973
26652
49572
12195
6201
4952
43116
29236
12039
18020
30613
12271
16934
30054
771
15067
23535
16225
42220
15974
21532
18183
24355
12309
39723
27594
15287
48283
33800
49071
46787
8744
3497
6826
47266
22608
19535
41038
47907
14681
30990
10482
32235
25339
8250
18284
20057
44490
43635
32529
13594
7120
13032
1107
24608
23032
39035
5475
28698
31252
30658
42146
20941
10005
48775
29929
28833
19053
9589
45078
6021
37625
13375
29496
6561
24723
45862
47183
4906
12752
17444
43554
25699
18270
4493
28049
39566
7179
31054
15901
41700
16819
13437
3582
1892
33929
49049
20871
21939
24483
30027
9966
31652
35261
3008
26985
20266
29113
6165
42535
1815
36265
12718
2475
5499
34537
45948
22927
29282
13222
29902
22673
14108
27035
33341
27036
19843
26138
15371
21079
8539
40538
5885
16221
27234
44059
39784
603
8397
45408
27926
28595
13310
20446
17945
30537
29078
21142
14593
42035
8723
44645
34519
26398
15849
26365
1844
24927
36291
6753
48410
9599
8961
7586
4597
29100
20255
3124
25006
16530
878
20401
47904
12529
34963
9465
39945
22958
19784
34006
10026
13188
15935
8137
7930
31119
22404
49469
26117
6222
9736
9138
15351
47138
37883
21181
29916
25814
3470
36981
13262
15498
27036
1509
47472
4226
22140
46489
36343
37971
31391
18920
10853
5793
122
49483
26108
21714
8317
14605
46802
15874
15173
40589
16479
6907
37516
43003
6185
4976
32534
15337
18634
10696
9794
36740
20455
46241
9408
31047
9907
41885
49684
38886
35051
47353
26854
2387
20547
40146
12574
27704
37360
29543
6446
34264
12625
48133
22245
20978
6118
42145
10875
17050
11797
44150
24739
17318
45349
15487
2357
12257
9995
24007
16949
38136
18088
9994
47467
1272
15969
22655
1190
28997
8490
12839
34037
34681
6732
16235
49676
41437
13187
7950
23308
27075
10203
18109
26714
45002
13493
22270
41427
13723
48056
32335
692
22523
5080
40134
30926
22130
12247
18970
12126
11132
41581
34124
7511
41065
14316
40348
31031
6160
701
40144
16530
8249
11833
7650
26661
43429
7462
34258
30251
5444
37627
25147
34456
2679
29057
25648
34893
45962
35167
30798
46995
11986
33666
27398
10533
29139
29697
23054
26109
42763
1981
35965
30909
44509
14953
9747
6373
12421
43011
27432
39473
31008
48193
43931
37052
15440
4576
39941
30653
44880
23070
13779
23517
20472
27959
7756
42843
48054
44942
8243
37394
25473
1000
4364
42185
10195
47655
2273
42290
47783
13510
33811
10738
10192
29858
26491
1394
27265
182
38650
26690
30977
14167
32094
12841
15503
42507
21981
8795
45794
29459
2347
34471
43901
49315
11187
15442
31630
36803
13166
30170
26414
1873
4846
46683
29233
21696
36969
48763
45526
37120
10312
7021
13046
30213
17345
43333
45945
16005
15413
19512
8396
30083
49957
18901
9451
15970
38340
12389
15763
20503
3321
37478
36379
12510
45047
34605
15091
4519
28994
31271
21497
28565
19635
22559
37456
34608
15992
16847
14840
1615
42454
44800
48075
15310
38918
49543
38071
32418
41047
45645
15451
26658
31395
19887
29318
21076
39820
13177
45668
34440
36120
3517
8216
24786
49775
16020
29608
5780
30888
22014
22565
7241
3095
16451
48823
7718
17122
32933
38265
43940
26604
38720
31491
42876
10879
18474
19997
5519
24629
15569
38800
16368
8994
44167
17073
21846
10983
35358
15202
9976
42759
38405
30712
26693
2604
19450
10036
28202
1627
5314
16339
48409
9072
14539
32624
17396
17924
21389
41069
40867
28123
33215
12921
47492
20526
20737
40813
30221
2232
26833
7925
34613
40791
10951
24237
12999
34743
29684
26182
29330
48366
30809
28837
30107
42342
17908
44247
8319
18722
9880
27489
29064
41274
12604
7328
43541
19001
44719
37095
47152
8979
35637
29882
28786
26861
12854
37901
2629
36846
35700
23226
26334
4310
25004
29986
418
22092
33710
9403
31575
31226
25222
28419
36822
28865
38879
36537
41946
47232
17970
47292
3631
12671
38771
19677
49743
28403
39608
27314
29356
25775
24251
21022
47391
18735
3048
3185
15658
45974
3291
16842
43801
17902
45611
22389
34339
10182
31842
37313
34904
39400
1888
42213
21689
12399
595
21257
5726
15956
21105
31493
23029
4772
3380
27878
24790
12797
36967
18547
43513
11866
18382
33004
21911
27825
7206
1788
31455
35982
16629
7194
17885
40134
16269
42241
30750
336
2042
19550
24054
17463
10964
47589
11750
30796
35621
536
13184
37610
10195
31705
15311
12561
39978
15285
2241
35909
37358
5764
36608
33544
15586
13647
4731
17419
40137
45513
45531
18360
11571
25355
10228
9963
34643
35060
28679
43116
43752
22952
23625
47569
46117
1569
37960
8783
27551
39564
48992
28013
1552
42587
3435
49573
34671
16148
36166
21146
11709
1043
26712
2228
21012
44111
41582
9248
11203
378
46920
46644
20041
5821
26713
14775
15818
6489
4556
21637
18569
26715
12284
38521
40593
32042
44887
36757
3578
9132
28496
26126
33785
7646
6561
42396
16248
4283
33911
26985
23336
2763
4147
19367
24018
24248
7232
40020
21029
29384
39765
3466
10539
33946
10547
4542
6839
39050
48488
41923
47218
20535
15814
18844
49048
43988
27751
29966
19157
45250
3062
35738
17354
45694
48175
16247
28829
39684
21337
15614
39704
4013
29477
44814
30812
11298
11706
40650
43095
18239
44940
7473
25803
46539
43063
19839
29419
18352
24718
19741
23179
37142
5879
9212
3090
4974
39675
26386
23744
248
48910
23488
34667
14939
25592
30180
20178
49001
33829
14352
18284
48801
10982
31227
30354
7643
29924
38241
14591
23944
22943
11950
34152
2709
10913
44603
4683
8142
2823
18728
26699
5091
30040
30151
16314
31599
40376
47504
23982
36250
40399
4678
33773
49545
6375
28729
20868
39073
43370
43580
7032
40004
34409
29620
33797
12526
34247
49754
5264
23873
1165
39062
29087
8879
20844
2503
45929
19462
19805
37716
4570
20392
7030
11120
22459
22353
31375
31784
21206
43588
5298
19175
40491
18412
7637
49062
13228
25266
15803
22209
46708
28920
21258
3896
40402
9236
21156
47235
7514
13183
42844
10543
49844
38760
22795
5212
45415
15136
21985
24895
29462
45875
17734
45916
21489
30700
26468
47417
44475
23665
38310
11870
49799
27007
46149
45031
35481
25547
7957
21155
43320
16176
25437
44277
5170
34286
1640
5807
17992
48506
33634
13132
19563
19357
407
43966
5212
24954
9661
39937
41255
41607
16
26169
34228
14861
2135
9559
35355
25574
24689
9348
34872
24903
32970
11615
48526
4959
13386
18924
15206
33329
33959
15340
45686
37896
9464
48082
32963
36960
43938
7997
11379
40624
21727
24159
47062
47854
32379
32296
4873
15029
35087
22501
20614
28932
30275
23719
4898
1815
10982
11610
928
31632
26823
22879
33133
48745
5392
43394
30963
43930
26306
19982
1490
612
15580
9053
7373
31534
48002
31616
35876
26670
12548
9972
19476
19504
24112
38879
18960
4707
11357
36075
25207
11034
7029
29952
32171
6240
13397
35348
29748
26740
45505
17788
38292
13899
26592
19532
42541
30038
25181
19319
16517
15089
8386
19445
43220
25621
34101
25588
49464
48095
2644
22505
26165
18614
8144
20740
14014
42624
41545
14796
49399
45977
27632
12177
14507
15159
22969
35008
34541
2946
4569
24873
21809
11265
35824
4607
27269
36352
47192
40515
27078
592
46529
39989
18163
26110
23057
43083
38255
14937
38571
9944
1827
15904
1857
4500
178
49552
42031
3458
23125
47540
24353
44878
44630
36380
18272
4657
11129
22012
23597
25504
17208
21078
25903
43152
20441
41609
29850
18193
11987
18151
27156
29288
19590
43430
37951
30666
1209
4660
24800
44957
18703
38560
48337
37845
9183
19739
11615
35073
47520
45272
3538
39898
23024
35235
14400
40247
11007
17020
11535
46326
19461
48610
13348
32254
42278
6091
13559
17579
18484
39964
33836
40889
7609
27424
18689
24574
34116
32866
37391
23274
45736
36253
9895
9011
45493
21560
26721
31944
33468
40431
20285
39823
23891
3381
15619
8442
48799
13998
41013
24552
41741
36428
14863
29625
26021
28766
48000
43796
25892
30271
45616
17903
18892
47858
18602
46339
18281
29685
41293
16118
37479
18659
43424
28319
39389
9493
24
11488
2719
37029
36368
46063
39157
28240
9712
17558
13784
47721
41596
32775
4272
49371
22643
39140
47421
5287
21087
36787
10789
8117
7115
2818
18637
15150
22097
29554
9367
2852
36589
1351
30930
9838
26955
36773
47494
41019
11618
49948
9444
35762
10559
31106
45971
20191
22542
49285
9629
29185
39533
21217
33497
4578
10910
8948
30121
17388
42129
37482
8415
28731
29343
16146
10227
19656
9767
39825
41992
30151
40076
5803
38200
21063
17355
3496
39379
38663
10174
9197
41082
20611
17225
28384
10652
36235
22156
18323
46628
20415
29040
14521
22404
22257
12485
36302
47097
43942
19603
33560
46784
21645
31539
37735
19280
22749
11837
4078
43605
27968
38943
49234
47197
28798
38817
29990
17911
9880
31713
31521
12194
33962
3583
46110
40489
20289
31503
12290
34467
13949
47362
4570
20696
47128
33419
30998
22390
44586
27783
43448
6838
1777
45694
1783
22964
31001
38967
27664
31457
21323
11266
264
9746
2662
35907
14810
26708
46553
36191
17221
45032
16550
36030
32572
44767
31379
15500
17514
35377
18373
12360
18803
36357
5565
32039
28769
46740
18367
31835
31649
27345
22549
45436
17209
8812
29725
8728
36777
37041
48106
46221
24686
26766
36541
45138
10328
13459
29753
19009
46872
28303
25905
47008
8578
3020
44772
22203
35829
8323
8456
22650
44289
46734
29567
20022
31775
47249
29542
2976
2629
33603
19992
24879
38400
13220
29264
26746
6098
17864
29897
41034
33097
19066
18405
49370
31932
24144
4080
25544
48707
8509
24512
9707
45067
41976
18715
45609
47053
27261
32562
4419
7139
5465
38691
49820
37929
192
45692
35521
4894
11707
14419
13995
39111
34244
11851
971
29575
32485
7646
38988
4678
24433
39047
18938
11537
36397
33302
31639
31715
8722
23743
7814
15514
6806
49816
36300
46228
31652
11528
14472
16549
10551
49426
43624
18555
8475
5705
42475
3399
1441
32852
11600
47520
20404
4744
2105
29113
36174
3890
22697
1670
1210
13587
38789
36326
47964
38419
38393
46262
36181
30363
37067
35423
2992
5900
22476
37888
42413
34205
11317
31739
10429
15322
17083
12007
33474
42476
41514
46622
48155
23960
891
16338
19167
11227
31686
8316
46658
48682
36016
41686
45458
29463
15274
459
41258
40443
45717
48249
5070
34754
35421
31648
27847
34072
8594
13836
38875
31417
2111
4701
8012
5397
23478
39835
20609
18467
4747
34523
7369
38596
42345
45753
31741
12727
41918
48413
30041
2066
15655
43058
29858
11257
22884
40834
2138
22396
34751
34449
10885
5981
39545
18563
39319
48698
22367
25482
46036
6406
48987
10908
9665
25840
209
28128
4004
41510
33916
7870
21223
8639
5411
27588
24766
9777
33244
31720
48797
40134
40498
44910
24936
24841
36471
44171
5701
41876
12324
5028
14099
7711
41264
36033
21854
10225
38304
36032
8868
17772
31320
33841
4364
10819
23301
43824
18731
9900
49553
16582
470
20187
33393
37619
43778
45295
1556
11439
11418
41927
45895
43442
25376
29610
46995
49250
42001
30436
25472
16223
19792
49729
1598
6820
16380
22611
32010
48933
28013
1456
18168
35052
14026
25345
40647
22899
8773
14982
28202
25921
13974
3688
22040
33667
43790
9040
35315
637
43975
26663
9488
20935
40735
10054
34670
47687
40376
44583
496
37692
14080
45986
47069
12151
24974
23380
40020
9123
16190
30635
35801
32850
32530
3282
13431
12762
36883
32150
8423
23945
17598
40927
37460
49679
39848
35711
22708
26739
27107
49191
15468
35913
45395
335
28051
38842
36243
3315
44278
7031
29804
220
3043
42927
5136
38554
17578
26137
11348
36721
30588
30830
45932
34281
27980
4760
27374
25664
482
20109
16085
33428
47353
43406
1359
40517
27868
12380
20185
11300
47515
42989
1545
3291
275
12721
38441
47175
19275
28015
1669
29301
43103
39784
13383
4581
8347
19135
25882
14824
43721
29678
22768
39068
26903
43780
14438
17788
27003
1973
19308
24718
19675
17047
43532
36604
41159
14822
16693
34997
15478
30473
42788
47550
17391
44463
45763
29401
35215
34828
34803
34492
18434
381
43695
16693
35627
35541
30654
19682
21168
29903
14009
17814
8677
48879
46380
23112
25719
47651
2019
19435
918
17346
25692
47290
23498
24722
44657
35117
28572
24011
14946
16929
26083
26839
25028
10330
189
14891
40085
23724
13588
39088
38364
8503
26347
12648
6411
14082
32835
79
5717
8500
10696
34032
28319
27727
4603
38733
14126
31265
20393
41769
33428
42816
15239
5631
34944
33758
49771
14548
22984
24386
16521
44118
46385
9677
41925
40541
12359
25991
11626
2171
35206
12462
34889
10228
40970
41967
31171
48224
48829
20094
31000
1135
22220
8404
44132
26980
25164
39137
16577
9689
46427
37675
7071
49599
26482
18531
3742
3322
4087
34672
15272
4611
45504
46167
16574
14976
19485
26998
28727
31729
27918
47566
19737
30831
6753
5493
29061
20265
5378
3145
7068
29144
34499
28416
16540
34776
48866
39361
18224
13669
12199
37672
36767
19891
40657
11936
37961
31219
27477
26196
42374
22788
19666
24733
46531
38771
32203
10988
26206
23489
26617
31958
5513
37733
46164
34660
31966
27489
7103
37069
33108
36860
25258
44509
41053
21640
11871
49200
41016
30044
43692
10428
31316
34480
45765
15542
36919
28134
31286
48282
17818
15665
11156
21925
36272
9936
10492
43822
9715
2924
26081
15303
28694
46826
35924
40006
18915
3460
47667
19803
22886
15243
18418
5330
3943
40496
7834
31297
4270
27044
15864
20206
19586
13435
5272
31754
26437
40769
26669
25024
7687
18605
8817
43229
14351
41431
12110
4783
47201
27038
32120
11072
3398
29520
4917
25708
18645
34008
41832
48380
605
41471
22965
41128
18336
26622
31183
39317
3912
12777
48170
11915
28798
47873
41303
28497
40232
6821
37371
3882
4690
15967
15743
38441
47060
43457
42096
31778
766
21987
1393
29576
2491
9166
26714
13070
13184
19303
28789
1787
42895
41310
24283
24473
5780
38560
30674
2512
33796
9755
4662
13952
17624
47139
21227
47943
46587
16081
49833
8140
37042
5553
5545
14920
31060
348
30617
41120
2731
38010
18844
8696
26197
41014
28763
45807
32103
26371
974
33733
35004
39010
17910
9859
23693
8671
42877
18638
46409
20157
48140
8592
9362
30296
20516
26750
7298
11059
6981
3582
1360
4472
33467
28634
31578
22032
20973
7646
36136
2392
10638
16883
13286
39092
48696
6529
11901
41865
516
2662
14842
25861
34597
41554
38072
19862
21353
49078
18776
40398
44024
47457
36604
29765
44235
13660
24212
757
13707
25742
31100
42831
35783
2183
4498
2815
30924
46073
24828
37827
15509
49000
28113
32337
11165
22926
48048
48794
30904
40151
12316
19249
249
1466
17793
13715
33350
18530
43650
12361
20352
18007
29072
39343
43606
27722
2576
758
8858
26994
1675
39541
38326
41647
20929
40341
11805
20289
14012
37819
47936
35351
44310
11712
1941
16088
33986
46164
20804
14201
44051
41664
21320
34498
5060
16342
48907
6511
36831
2350
48925
18430
4287
25129
35501
6205
41262
8020
1167
23191
18800
30752
48164
41800
18356
41816
46973
26011
38416
6298
48172
38134
43804
5865
9066
48803
16595
34884
17316
41268
17589
16893
1028
13623
26272
26550
3002
32717
31552
48078
37226
30395
9125
24839
6351
10084
33731
49829
39064
9326
5312
40842
29309
7826
31368
34458
32622
20772
32388
5839
35202
11289
24715
27282
44277
37797
18069
27540
39084
4601
38214
22461
612
33799
2913
7601
8518
29259
3398
8941
15522
19616
15456
7084
13718
49560
336
15697
23135
47347
49701
43447
22759
15177
35909
32810
22975
12983
30047
22941
32233
32494
42408
1446
47817
13762
47948
35874
41698
30052
30156
23602
27568
30927
16303
42859
41416
41486
34448
9915
25556
11188
9730
22572
37612
36525
26666
26879
16196
47474
49771
8473
45368
20533
20164
45744
48578
17873
33316
48953
7989
46339
12339
21304
23022
21948
18574
32056
35463
33974
37006
39643
4332
35384
20203
37998
22626
33456
15043
19576
10009
48168
34317
15756
32019
16807
5087
49723
18308
16551
22414
29742
31273
1246
24238
13101
9285
12340
38418
23719
37551
21073
22917
3527
17613
1123
30670
7264
36877
7066
47635
21372
41181
37768
38831
5415
16081
4242
42621
41144
38057
42097
14054
14691
47025
46739
14712
36007
2647
13698
37060
26282
36720
46816
4558
5101
47706
10632
7948
13666
14418
35458
27372
21187
11898
13494
47221
48885
8261
48088
44834
9283
31500
30885
44347
42212
41471
17735
33220
2650
15094
16577
30546
280
32165
20302
28916
22295
38897
7592
4720
4766
19704
7372
46127
44702
4653
23158
27280
799
38687
30031
18678
14743
46248
30634
27542
5122
19754
48487
5009
9562
9781
6737
10151
43516
11589
10488
23868
1564
29219
16429
9041
32293
29392
17822
47532
31092
22879
45434
16754
22263
8391
36486
2430
3674
13323
388
38588
13828
30415
10373
7718
14874
14253
45917
42885
45027
30496
49820
26625
38560
36036
24112
8437
15862
46179
7321
42163
38987
3885
33306
49004
41134
26423
3532
2614
27110
40014
28498
23057
46927
42006
41416
27910
24566
5875
8284
18730
4973
27071
34166
41956
25240
46504
47186
16946
4575
30375
17662
40851
48758
16048
23432
19762
3744
33182
8664
28457
18109
38004
46461
12665
26112
41543
43104
33422
38897
3451
5797
5
34444
33900
24816
11628
31808
3421
27269
20424
16715
17028
30170
22060
20661
12387
38412
40170
41298
6904
8422
15036
14001
38756
17584
19644
19846
35948
3814
43606
26193
10005
20897
1360
45869
30129
33924
17362
46005
44177
2771
44284
31062
7474
39920
11557
22470
36418
36517
4833
3811
14786
42614
32486
16230
21315
16215
4012
20400
42939
23123
34807
10176
36950
10523
32367
14549
41643
30170
29156
10122
20975
18675
20658
31883
27858
670
936
11001
13908
33687
13238
14486
25386
37333
24061
40157
3680
39561
27836
11573
13797
35897
7650
27990
47532
13644
6421
30658
10540
15962
24050
42436
8009
7332
47435
15433
4549
46019
36150
28695
35107
1653
39429
37018
33386
15646
19447
43374
42041
32537
34977
22725
48565
48706
44156
18546
39860
21000
34346
39494
25727
41428
44524
25676
25088
41140
20869
28906
26231
43422
40182
49762
3140
46945
33052
28708
19539
21639
735
41736
5666
7853
38519
14374
49677
39542
4839
12043
40388
28384
30051
2607
8146
26620
32980
47091
45003
43851
10005
37460
49402
22562
8734
24877
44078
4079
22742
26047
13726
15697
26000
40226
7688
6172
6776
36046
28630
9674
39062
38228
14249
26835
35552
18391
1964
18132
2628
3144
37001
42519
35180
37947
20141
42856
4284
43824
758
29648
34389
18964
22638
9198
4858
12100
33861
3327
9243
45796
28489
43915
17417
4795
38468
3937
10964
13268
7623
22800
13660
24680
18344
22402
49004
25968
40041
10460
35882
44740
19405
36306
18723
38565
4351
26332
20310
42156
24392
7101
22200
14179
38816
31937
37356
21695
30517
39184
16772
34756
6641
20621
4411
30675
27668
27111
29421
28676
26910
30014
6500
30406
21095
17733
42041
16174
45364
17451
35647
48128
41529
46958
39883
43536
2395
22823
29121
48284
28688
88
3576
30926
13064
960
9281
39265
13570
41854
43234
2574
5594
10395
29550
22637
4510
15296
36288
12076
33676
14857
6970
45651
6908
35914
26562
2453
29292
49673
44584
30103
17810
7477
10298
23200
23604
43145
11078
21684
22059
40015
3407
38739
8769
20690
16898
7711
21301
30986
46327
48331
14138
28243
13147
29774
7343
43489
49824
35573
36461
5102
10684
2294
45485
12220
21335
1902
6986
1555
12790
11828
32313
15497
45034
22058
39148
37160
31681
33041
15461
5181
6614
16494
47275
45976
36376
22078
8200
46889
17430
1716
8448
14478
15198
8156
34928
26352
29312
27063
42141
29282
6433
35117
40751
21455
38218
944
15100
41636
28361
20886
25671
22746
265
38453
11158
40531
20987
1007
12635
12818
42703
20607
14833
6239
6947
904
28739
32425
24635
4036
4354
18233
46451
7576
2344
22559
48275
27552
47316
13114
46811
21621
44443
26743
18507
36055
24043
18459
26894
20357
39118
2279
49383
9783
45158
20635
34760
48386
30620
46516
27771
38595
37976
5873
860
27216
10681
38661
21284
7550
25804
15762
45491
46185
3555
17560
41629
19091
50000
46257
14358
39962
14803
34281
45688
46444
18468
11690
21468
24964
36433
8258
16077
4263
14697
14870
37634
26237
6056
26261
637
12955
43413
2280
624
37619
20293
26137
36631
19145
14616
31665
49183
18928
8610
1294
46989
34376
29148
38881
696
39366
42415
20992
808
2948
32967
41188
6960
1542
1649
42855
4893
35485
9605
18919
16280
10324
26559
23089
23172
24497
37898
26903
32105
32622
5631
5000
38619
14643
2009
10017
29651
1140
10537
17625
48901
47366
10242
43895
6399
2405
45180
22045
13047
34136
3064
43287
2148
42334
45793
19052
35955
5252
37998
4528
17104
22521
32459
13311
2240
48108
14497
46926
4783
28116
9541
8543
27842
27053
2476
6145
10742
16781
24249
147
6895
29923
4969
39498
32118
5404
32626
18311
22939
35122
28691
33065
23087
38721
22875
30750
21665
12087
290
8584
1256
12807
36067
35038
15261
38932
45790
14222
12531
45458
18224
22953
32506
37261
30730
16143
21641
32303
47417
30649
24931
5446
24449
12530
44441
26393
42170
42687
19768
33781
924
23507
40488
31369
25834
22407
46267
10660
11873
28267
49965
46105
5700
9493
48852
41289
10404
49131
12312
21884
15630
28963
30653
23298
9224
47122
20052
33217
37479
34940
23583
5041
6692
18087
44775
46474
20329
40423
13644
28711
40584
13174
11741
41473
43393
43937
18530
30667
14977
20667
43015
35420
43814
47632
45323
30295
16834
48932
6836
36469
32035
26545
21622
14654
15564
30658
89
26738
25931
42113
10344
29090
14948
31127
39723
1234
4417
15463
9514
22592
24921
28153
48427
38227
5539
31374
12318
1700
22597
41175
42074
14353
32927
9556
14455
41244
41505
452
36175
12000
47150
1789
17324
4798
21245
29192
16166
4546
13253
18523
18480
11047
10556
36186
40138
46638
48618
41684
2884
41
2084
9118
26491
31929
26371
41076
38853
12552
39293
39674
17472
10235
17784
45348
20845
16041
24010
1357
22905
43910
21386
48558
49005
7787
5777
16666
11345
47510
37398
18488
22746
4963
36171
11159
43693
12737
30735
40102
36154
9179
20568
45946
36952
3619
33093
23993
24560
12001
25888
3349
29436
11011
14787
39833
9933
25700
41498
39658
34141
20786
47814
36663
14006
49458
9337
22585
29901
33298
5659
23390
15029
29846
17636
14057
21903
5597
14331
12453
476
28561
15559
27050
29577
36814
19180
32593
31260
7701
35529
5532
11139
22640
18698
18216
39119
18715
10208
44205
6228
28130
29508
47124
5338
16101
26859
6614
2498
15996
14768
29969
29536
28619
43016
29435
48642
17559
17731
32858
33965
20259
37565
44367
19815
3448
3475
17089
23644
30538
46963
16811
11857
36790
44727
1032
40314
46739
1853
49170
1198
4986
14858
36739
19588
4172
48972
47034
44654
19664
12409
42987
31201
23053
47080
40176
25229
34733
26273
44853
11116
13991
32286
2473
34080
39462
34789
22514
8819
4297
18573
45260
30603
38093
13174
28309
49567
34239
19761
22497
28468
39819
7322
49930
46787
22715
19864
45441
3913
40485
16700
31835
13856
32783
9999
31446
41289
28495
5892
46734
48159
44085
30809
40935
18376
47053
23334
4115
44203
43900
9524
22412
23682
40069
20166
2457
17251
31152
10493
25778
33864
13496
44257
27522
38741
19093
19258
22803
20970
40263
5233
22757
1855
44490
40278
33137
20331
29778
42538
1901
49400
441
22501
48083
25457
26341
28638
9132
7509
10509
30416
7221
36287
37223
18419
30631
13191
2270
7805
44381
47574
18154
3144
25297
42848
15670
30611
35856
24567
27813
9646
31469
1739
36599
20363
44593
45010
32069
34946
36286
44688
38086
4145
15247
3347
44963
35882
37599
37914
13119
38714
9379
29880
7253
6815
20065
8358
49302
5124
28640
1322
40168
16789
14737
2718
6153
4893
19232
45782
21649
894
45626
24691
17505
16694
21853
30328
4907
17648
23738
21794
38904
32191
2556
33607
32370
6439
29713
13698
26789
22764
3213
20474
26645
46327
32693
45798
39146
39312
37309
48864
9431
43947
49763
33285
33490
38749
44713
5043
49915
10124
30845
21077
10646
26968
24764
21170
26827
30209
19394
27947
8638
48134
4644
19007
1051
4854
30895
33137
4796
33189
41860
47249
4198
26462
7809
3199
9994
35345
35169
1288
27218
4575
39053
1307
21447
31285
31583
35363
46365
12909
44103
6415
16224
19130
10128
47353
35683
13759
48618
34749
34351
32327
29417
29550
25771
35749
10902
2550
48197
43604
13717
7829
20051
43606
35609
16890
36509
15613
17883
41170
32041
2831
11786
25650
34924
11412
30957
21041
15719
17244
38298
27491
49860
9171
37057
14191
10338
47670
6522
13728
46431
6382
5604
38325
42460
48017
10638
1296
45288
34742
23308
13452
4477
31816
3646
39512
26431
13365
41288
31248
18681
5070
16197
916
48780
44073
40997
42938
25843
42722
14223
12660
650
40330
273
43016
5372
39521
7890
10662
21453
19662
1743
20006
46673
38734
38135
30662
33865
49620
39872
34599
30466
40708
21705
8930
1435
44447
31958
9633
20840
29022
26586
8469
11152
35206
28045
44917
41072
3920
45443
17652
16173
41206
44693
23000
25402
40257
46487
46183
46933
1206
2677
12387
44964
41369
41678
39485
2731
22053
39783
27811
2200
19971
14336
20223
8193
3007
24495
32336
45895
48822
34752
14329
34604
232
6142
8277
6113
45416
37215
47175
26246
13674
38300
46280
16966
6836
24169
15096
15698
11794
731
34664
28816
47541
20583
24360
42751
43390
16337
5750
8332
30251
36892
49784
13296
49092
19465
43521
7755
5738
3264
11608
37602
44276
27632
9591
46042
25348
7987
24542
42374
47233
15393
28173
16551
34412
29869
40566
24754
37239
8217
9383
21679
15398
19551
32585
11245
15816
41060
14022
10996
12750
32027
8353
43597
25534
15388
8624
16600
33834
6138
35140
32125
9299
2515
27649
25112
13504
8594
9340
47195
35843
29313
21153
29208
32139
47440
45918
39644
45692
14186
41465
43782
30495
16453
24549
30516
14891
47478
34143
29663
14341
21057
20106
17736
49392
21121
31481
49189
26950
18581
32641
3151
37115
34871
3070
16465
7946
28698
28952
38639
20437
24984
4204
31412
33025
1211
32202
9319
3575
38671
27979
33583
13523
11490
26401
43491
29642
10038
24188
41604
44268
11688
19074
12728
43419
37772
13962
10099
31481
48382
5790
47008
29884
26930
23970
42964
20116
6370
22773
29085
37864
36692
23488
47251
24770
35395
7606
41219
38203
31789
36206
25590
12416
47598
1719
4612
43995
11373
505
38488
12295
3506
39529
31347
9881
16280
21479
45899
39351
27050
46779
22847
32266
31851
13439
28086
32755
18997
29764
23086
4496
33039
12956
47321
683
45681
15723
27638
25082
16101
27774
18754
47650
30985
37156
45445
14546
28238
47397
27874
22810
29833
40714
40122
28818
43525
26721
11633
40060
49644
15726
40017
20324
17417
11832
12467
15282
39607
18871
32433
168
16568
38194
39479
32379
22141
17467
40132
8767
34374
35956
41117
42903
22106
35217
18723
19096
39081
12517
31387
40697
19356
4234
19242
46796
22167
26785
43772
19280
23952
25810
34203
32281
29328
39354
3725
22068
22310
30334
28987
41987
12893
18511
19496
6546
9204
7178
33875
3466
30670
16119
23643
26328
47755
46429
38470
33335
48524
1700
37120
20739
21701
14786
27925
9563
29735
12440
21374
26707
1805
23714
1379
12116
3320
25954
14712
3163
8406
20595
19547
37157
27988
23357
45223
46944
843
5529
19592
6558
32670
8333
26852
30028
8863
25322
10748
4531
46709
41641
39319
4330
9551
20257
39548
28248
48491
14726
27639
44588
2481
21465
31439
40110
3074
24336
36748
10183
15915
6128
11149
29344
32306
8440
23903
18691
6449
14485
20940
13619
35758
25208
18498
31752
7694
19284
21814
16172
23344
28964
12520
41927
19768
31159
49966
24155
40362
32802
3002
7693
16981
44962
4169
42861
22805
43938
20589
13672
31625
16842
15093
7332
18052
18868
12052
43381
33506
42135
37021
34396
39961
25434
7526
27331
46023
13832
17225
6873
1334
21203
39476
30923
35166
15469
17869
23283
23759
42991
11732
16992
42961
30319
7674
17884
9304
2462
8849
45976
36509
33253
38210
36655
20236
21896
13482
46394
45039
29953
42989
46051
19547
10351
47862
27774
42228
41449
12142
15885
30913
41761
17120
5603
42140
29595
20293
40430
13421
29399
31023
18246
15371
17874
21599
24046
46263
49371
27909
30567
20285
48651
26531
19024
32172
36391
25581
4301
30772
45815
19280
34383
20595
45910
14991
40138
39163
41918
12864
510
33988
46841
27069
3414
8593
25235
8276
17024
15344
38907
15021
29867
20704
24766
4181
11838
33652
5984
10605
46691
19442
9413
19596
9597
23043
48232
3029
37071
18341
40503
16412
37969
2890
18934
3874
8897
11389
43032
32085
6578
11565
14699
6893
46120
16082
6892
6617
44834
28989
9225
49285
3426
10901
6709
45117
40432
20357
49938
6670
48723
49334
1637
43387
19597
25993
46740
16968
39735
10191
38391
23030
19935
39448
14926
26403
27852
15325
45371
12450
277
32058
36352
24654
8050
45035
4481
36451
17070
31933
24418
2670
36340
9712
45813
33475
13573
48365
14278
8734
14075
47527
32792
34359
38875
36342
31977
4111
12181
30140
44118
46177
1962
39675
28153
11092
29387
15930
5816
34873
29956
22149
15619
14746
39852
37925
43537
8133
1748
31947
33136
8982
40298
15242
20887
46889
33246
11014
13767
12112
29798
44937
46488
45262
860
47115
22129
48350
10315
7168
5356
2033
35653
11500
36939
21088
36198
2043
41910
24953
26208
1525
49074
41246
15600
8385
701
41508
41287
33594
43621
19833
21799
42364
18925
25630
38452
13229
2673
36913
22186
19624
19985
29234
20707
17923
33270
5454
36714
42723
18432
20022
15731
11167
47451
29418
27275
49024
23259
46038
35457
15781
862
13247
49905
5028
13123
32232
13331
18919
41231
32020
9562
38659
11749
20275
22888
41409
25203
19755
19260
47918
36792
8118
35695
47955
9900
11532
32510
11127
30479
5350
16607
3294
27813
675
29781
24720
39376
26861
32303
8769
19302
45363
33492
21981
32437
25580
43627
42427
37322
16090
18173
7245
13277
25961
46447
8443
23704
14093
4452
18466
39042
27575
6692
30540
8446
9830
48216
17168
5129
43631
46541
7522
10058
24720
5515
5136
4356
34587
21130
45730
32506
38420
45574
8139
23601
23482
13897
19276
16092
7686
12656
7132
11839
18235
23315
17590
18528
41691
14680
5532
31330
17253
15170
36021
786
43720
48304
14145
23128
8584
33992
42111
18007
44924
332
10714
2306
48809
27259
10835
40014
14715
46359
11855
2042
7684
37776
26841
37008
22073
6237
24254
47690
2281
18852
3142
20622
30096
22057
46670
38072
22853
3067
32299
12070
41298
10450
36397
22021
8690
27278
7578
30334
34353
44955
34254
1661
28709
13191
8000
33775
32374
9819
49008
43868
7863
25455
44656
21106
13281
15948
30700
33032
22863
14217
2457
12292
29981
8694
10227
9623
40945
43695
40542
40959
25701
41096
43916
28748
30415
23632
4770
21469
15109
49798
28015
45441
33939
5970
29811
6456
48287
37360
26745
44273
24069
7035
30442
6418
33510
49539
23953
31068
11895
22374
11146
12446
13215
22366
31539
33934
2629
45257
43281
3432
20586
38498
22482
29523
38862
44928
36894
2842
32895
24952
47475
26910
37826
37003
32966
31571
32906
15334
10672
47836
3143
28543
36653
38302
30505
26815
26219
19881
33667
28806
18902
37793
9107
47752
12277
15735
12445
1631
36207
6002
10040
48119
41767
16838
16311
49698
31494
44566
20282
1496
29439
44414
1646
26616
28328
17765
14920
21232
38722
47001
48220
35318
2553
20941
40493
11894
31397
17371
48921
44919
29159
34681
13720
46335
1526
38210
48358
8530
11361
14964
39114
26945
4630
3654
240
36507
9368
6
34661
33828
45616
6700
5334
34918
32743
10072
47196
6647
26856
25716
2656
25516
1444
47192
37386
38799
37349
16656
40888
38910
11482
946
25591
22149
1994
35256
45501
16690
49675
8544
18293
44517
47146
1978
49022
15211
41949
26426
36470
43161
37011
3505
46930
25520
36467
38039
14129
39437
11116
48100
14489
41496
3012
37764
5400
35424
36036
14856
2664
41074
46977
34886
9203
21536
10775
44062
4062
21188
23194
3571
37081
15844
13965
40290
2559
14184
49509
1320
43626
19705
27018
12479
45068
36301
26732
42413
7884
46222
25083
25737
35594
8760
16813
989
24762
42295
40324
17763
4054
3728
15162
40353
34251
5701
998
44945
37368
43093
12871
32909
42243
45029
28048
28526
22535
15310
44184
11732
12530
32291
38011
24334
19108
21503
17733
36772
35760
22716
3858
21224
19219
21465
7710
29372
4082
38892
37951
4204
7278
16513
40814
648
42307
22572
44446
4440
47850
13812
22819
30154
32040
4166
42120
1946
2601
34269
40323
24224
8583
17180
3595
1561
11181
38495
9100
4767
26700
24148
48179
46490
19673
3549
28319
35572
8392
6884
23255
40508
1653
40880
12343
36685
14181
34225
19533
17162
24331
24370
2702
37806
11789
4139
41827
35617
32392
26360
15288
31991
16020
6997
27186
5615
8691
14604
34144
33746
26904
2004
32514
12320
32
3610
25155
2716
24368
39074
18284
17243
28865
653
23866
25191
3642
21645
6859
38870
10171
24303
14316
45956
32077
4242
43252
37882
32663
32248
4510
20603
27736
31676
3425
46236
42215
9614
21978
9081
39988
26569
1733
21423
46277
29329
12161
39879
9485
7677
19499
6964
8835
15210
7758
21599
1655
2616
2542
19702
3361
27185
45876
16306
15158
2014
5375
42614
14725
16687
29252
2375
32333
14152
42392
13148
27482
10282
43827
33992
4773
392
39796
27979
25031
31343
28396
48921
29253
6618
47987
43598
36470
42545
33640
39804
25805
196
8736
17523
25450
43047
21275
47567
47488
30212
48885
47296
14354
44925
5159
24995
44468
4943
31967
26860
20557
9714
38893
2438
6016
23913
1805
22883
13850
2706
19412
22107
44347
25465
3606
10314
33026
29167
32473
1600
49247
32784
9630
39090
9878
36233
32180
36098
5943
35800
13571
9168
22045
4354
26885
35946
36877
30988
3171
45288
26942
5451
26771
49036
15474
17888
45419
32017
25617
28066
25313
4403
22952
49527
4804
9724
38907
16684
16332
39548
10197
1899
30291
17398
43988
14395
34978
45841
3200
49767
37126
2960
2574
23267
46082
40009
25483
19234
19979
11686
29134
17440
30370
19534
23647
33137
5924
16380
40472
44151
14654
40245
2517
27925
21313
14400
1448
24244
26755
28158
15328
9183
13228
13581
29747
28590
17205
4624
31599
25786
12590
35008
18765
45537
30292
43381
11724
44518
48285
9045
7964
47661
43158
22377
4565
44052
5342
36823
23574
15043
39268
48546
35343
48351
34983
28275
12681
40168
20236
34103
24052
20722
46428
42979
23848
42075
28478
49509
32643
5889
10477
24280
28633
37216
43234
49401
25562
36319
40346
9006
31370
35762
31640
27773
15238
24676
30655
46132
1495
14686
40173
42567
18582
996
45708
31930
15982
38264
37915
24968
31353
42499
936
13220
9486
7274
5918
22122
38611
40907
3109
25202
47737
22016
24225
30733
5304
32829
48902
12130
40987
36270
3142
30667
24067
48657
40379
7758
16744
25230
34517
25071
46892
2322
15263
24206
4275
3023
11966
37455
9478
15763
33525
31017
39115
33463
2964
5446
20204
7078
14633
46522
22793
12194
41992
34600
32820
5626
39830
46083
46564
728
49074
26395
42314
26417
43681
27787
8002
4519
20407
2082
6307
8693
6904
27905
19314
49422
25904
11452
43491
5970
31606
26673
8138
48118
25946
33926
34869
6261
26457
29469
43091
38453
17261
32990
12701
37837
1326
48287
45005
4346
24120
14110
5090
9901
19285
32212
3081
40163
15706
3138
46892
10713
26359
41296
22076
38213
49951
44952
34319
26580
30910
28351
5124
11868
29120
20606
909
17345
6400
29888
31028
21493
35049
18998
29957
13036
34731
27461
31030
37263
36237
40559
36682
12588
3486
28815
11556
42187
29201
26089
4394
8735
27073
8705
27011
46716
46732
8211
47696
23799
22359
39780
6807
26341
38629
39100
5449
44435
12795
44220
19409
34123
49161
17922
17425
43104
10146
49113
46157
33489
19610
39685
17916
1840
6847
16254
34472
22909
12409
26753
30584
49850
29276
10933
31743
25011
41242
28705
21747
28008
45224
31465
15185
13918
38917
46749
31360
23017
10768
26343
29600
15745
11078
16820
41591
13040
5640
15759
33910
35753
12059
22621
45033
2348
20184
3443
22475
23842
44933
45381
7130
12962
39171
1700
9276
505
29866
18806
42209
43928
31740
38170
20018
4163
33525
49175
34226
30619
25336
7968
37742
38166
10990
37339
10554
21553
13922
13036
40789
43864
3500
3648
20724
7385
5500
18483
31126
49574
48064
11737
40232
13942
11901
22106
7139
6011
14271
32633
7102
48042
12684
43980
12931
8766
14408
15512
46181
21908
21500
39663
30417
46957
16765
49660
13298
1288
27487
41126
21800
17819
20470
17795
15091
27460
33002
8491
22468
26824
29972
6910
13950
32072
41399
25074
1138
36464
47518
13519
12002
43734
16815
11931
31596
44030
38200
14960
10637
16912
42766
37451
5613
15095
30477
2253
43874
9260
14811
2309
45683
39812
17513
39852
26320
29436
20700
1176
49823
47151
20421
2303
22075
35653
5473
27788
10659
990
32096
12361
21867
23578
3753
40511
23422
37598
8900
26625
46220
557
48783
45213
32535
608
6810
9866
4399
15805
29884
47775
9237
47729
34709
39164
1341
28969
44611
8378
49822
34065
42104
11223
47787
48961
3481
31257
29791
22483
14566
34839
23949
48456
48201
18583
17055
26713
45800
32495
37994
32200
40234
31097
45932
415
24374
41812
19837
11973
11951
6076
33499
33742
25619
21170
5798
13603
22762
26398
46956
12549
18222
25531
38873
37373
37469
33215
37794
37626
33936
48263
9506
17610
29908
33913
12281
13042
13826
37251
10954
151
37749
9312
20572
38099
29870
2320
17385
2973
6932
10518
13688
3117
10729
48021
42887
45191
7375
41319
39525
20471
8761
9737
31248
49001
34689
46303
18390
24114
41831
2974
24937
37264
35058
35224
6523
3199
6115
4540
38294
17979
23303
37263
31633
39204
2986
33984
15536
41228
25315
24497
39665
38366
47002
32510
2136
30484
7181
26202
48698
46033
34935
30313
9866
12308
16485
24546
3300
42115
17229
19857
15522
49624
1545
34779
41389
16912
10164
9779
27764
31787
45250
26214
34096
48406
44109
38299
12063
38509
48826
36440
37830
11840
10204
42429
44368
34626
9692
22764
49799
30570
36983
494
15786
14332
20957
2180
37376
29652
31555
9192
29552
19208
44140
27188
22832
30000
22769
45553
16687
6764
1721
32154
18029
12379
14890
4052
8081
7240
11705
37761
15921
40665
37024
46336
9232
19919
8738
43445
29080
6012
13556
7875
10286
49692
24270
34828
32403
43373
28602
10007
8457
45283
40849
30257
32670
40950
17850
41811
14683
8865
14243
41985
41426
27737
8456
38606
25330
46521
4167
38429
17333
23831
33209
13759
36816
44918
18255
37030
27439
37053
12685
48166
4912
3946
8889
4385
35984
48053
32364
24825
21937
139
11030
39120
44366
40588
34271
32178
16988
20353
20073
44349
20820
4983
21339
15845
36263
31776
27137
13548
19547
11054
29662
35891
36017
34690
37554
37394
13491
22811
36028
7457
23522
41060
1632
46233
30571
31416
9192
2324
35248
7809
16556
36079
26041
12651
22458
9031
26675
32381
28532
9755
13137
27074
47359
43001
22595
22269
35244
2449
13292
33858
32640
44727
17996
25003
35609
8151
22821
11925
27680
14779
35085
25881
28769
10890
7547
31063
40253
4942
32015
46559
22306
36773
27011
10007
22443
38379
45908
25099
34633
15826
27307
19839
23041
19627
33699
13360
44629
48351
23555
4981
43394
6419
2640
27371
24306
33606
3931
46575
18929
13943
22610
19005
19637
1949
25066
35811
15594
9451
8209
3072
12797
19737
16764
1423
32375
15832
44451
5778
23146
16196
25703
35958
15330
16216
40105
17092
43796
18327
27426
38266
47932
34619
41715
44929
10416
14776
45402
18314
7259
21939
40961
41154
48908
32642
10643
21942
49672
4236
28291
5322
38409
47881
12532
31006
37438
4590
30510
27412
48663
2625
8539
42016
6230
23706
24368
40760
35844
8899
17978
1149
9585
13728
10196
346
14374
26905
30676
48699
14162
27890
3245
49742
33398
41973
31908
44816
2677
2540
41101
16331
29924
282
16501
16830
31832
49788
28750
46664
24673
46177
34005
20670
45695
15466
11765
42532
40394
27396
22335
45504
32108
32032
24726
15794
49609
39664
17702
6379
43581
21091
4811
1912
22347
5831
22291
20468
27694
49386
32628
49649
4559
4218
35494
25603
41270
28085
31418
49027
48596
31920
25291
17414
44259
14826
8795
26191
16157
49444
23552
6531
21488
34797
18524
20468
42061
35942
3
31485
4045
14316
20994
21284
26002
13406
12601
20337
15958
1819
35132
540
28869
17679
39804
30752
15780
42354
25105
37604
16236
36407
28154
22102
46359
4145
20861
12028
1244
49677
37384
29875
49621
10284
33926
33914
16610
13258
49046
35537
40738
34713
19807
441
18752
17383
28916
31313
25099
37375
3210
41514
38558
18050
39907
32800
14690
24867
5842
28032
7740
28389
1942
11502
27597
5249
11421
13101
18662
33519
41002
12701
8092
48154
15202
48481
32040
24844
16073
40032
36749
40946
8837
44134
10803
47805
44171
48243
2134
6494
3043
30524
16614
8771
29661
39971
19893
1710
5989
46358
17646
1561
43248
2076
49749
2501
14264
10959
38634
9081
14114
48842
29556
7886
47778
20100
26937
6263
19135
36035
30458
15144
43704
11819
5391
15175
23330
20318
16796
49414
20924
47256
18000
33629
10414
250
38112
4491
34484
5665
5658
3549
42871
52
45266
38663
36364
27954
12133
45286
5280
18060
19003
8501
9099
38548
45994
38145
48618
32067
19706
15153
25966
12455
49210
17082
23416
4039
27302
15089
6005
38026
11330
8364
9321
14900
21930
18018
3133
46663
24862
750
39379
33767
40115
7857
44443
17838
27451
19065
36863
41017
30345
30312
48574
11585
16700
30864
2395
6024
44795
26046
17654
43779
4389
49164
4047
9224
26898
538
4375
33725
6443
5002
2947
38656
21674
29491
3918
5262
40055
8131
7036
24528
33507
35412
37882
43090
19526
23982
7549
35038
16950
41426
31920
1376
47345
7459
16031
43374
21546
49000
18586
11829
22268
33190
1816
17953
10587
4495
6148
24871
46395
10086
35647
45885
19734
41764
35283
19030
43899
4488
28447
38808
24296
39119
40864
37989
48780
17098
11927
16133
13853
19307
3071
32842
7228
46429
8453
9842
26121
19796
5665
10809
31414
18364
36284
22834
11103
38123
9414
37768
47571
42989
15408
47552
39535
45832
34810
21260
39353
8698
7981
1767
15518
6448
24619
16640
30696
46270
32089
22456
5330
3514
24406
47627
40825
34237
1063
26327
23080
3977
3609
11925
28778
15543
13485
14090
5820
35086
35182
44191
29730
2767
48145
48574
38680
282
20057
46132
22423
46726
47176
10322
43079
29236
22080
38831
22164
21994
25768
37930
46503
40942
10730
19862
29180
43717
35002
26371
11645
17888
45333
7155
47083
16319
4823
36081
11541
9102
4778
47997
16884
48423
11518
24828
16120
22384
27159
24994
15714
45128
29208
19160
36011
3741
30164
12973
6917
25062
37067
28593
9225
603
10313
14695
32661
12203
25362
34805
27024
17484
6255
16308
41806
39272
33333
18035
18004
44836
9956
46475
6124
46831
10536
44692
5495
27254
49524
37203
13386
5365
25141
42135
16912
21368
8869
29590
16352
49449
19542
33513
7962
14947
21913
48834
29036
3971
15136
390
21491
37081
15396
4160
43280
10424
22581
26782
29439
37745
14456
4386
33965
13523
15228
28071
2032
15379
17126
9767
21253
49440
49278
350
11038
17983
26242
43444
26294
41764
7025
42265
45720
6250
11777
25192
37324
22822
48563
14822
15371
16238
14801
19169
16261
14130
34136
35919
23001
13684
48944
27453
48367
24134
29181
40704
16203
46518
25164
9874
2695
12242
23390
29205
21428
1768
1676
1347
10226
33010
29583
27318
11973
34062
1585
16369
46519
15732
78
29182
5151
32080
37705
31768
20567
22457
24339
21872
1472
24905
38040
29864
1146
36589
45368
22638
40531
21221
41153
13935
24242
29645
1455
8926
36703
32908
10385
37358
6189
3168
28888
35468
45562
20028
13211
48381
5906
48865
31228
44581
31869
11643
10154
34507
39082
8748
4187
10464
8691
39770
26710
46258
48054
3177
26205
2609
42923
21767
28143
25369
47567
35930
40125
20495
15733
10129
27419
16416
40317
7203
32944
34381
5235
15274
35532
46038
37941
24666
40548
8231
45297
15562
564
45539
8477
37194
14877
26779
44909
25219
30153
43298
19592
32430
1680
13035
3075
38801
18008
34962
38534
5302
2494
36356
6948
33952
26849
13135
8391
11710
45272
32986
27801
5333
3087
39003
18819
35857
12302
40183
20701
25033
31378
12029
23140
33838
12472
25379
44614
23890
49062
21171
17288
29628
10917
39656
32973
19981
8255
25364
8294
27596
5802
29704
15168
1588
48361
12610
16417
11786
34149
49618
1552
8801
41579
117
5621
37648
8649
26923
32608
30391
43927
19818
24586
1238
23715
18839
36502
7539
48721
18178
19174
32283
43502
45124
10771
48000
12776
11926
44167
7937
46791
11618
21659
44877
28663
31898
37524
33891
4463
12080
15660
6649
38187
19806
46053
18356
47662
48740
18983
37061
24514
4069
49248
19512
45178
29064
15889
43721
31196
17385
23263
3236
21442
18471
40757
49039
29850
47696
29248
19422
12365
11364
9856
3992
9023
24652
7852
13426
27531
41932
28672
27669
9119
33944
40486
17275
32877
3362
9585
27247
9986
34090
778
11941
40000
8313
19441
26029
24207
21012
8111
12232
22825
10356
8960
30520
25945
7079
2527
16518
11700
8773
5087
11520
27901
44069
24570
2506
1679
39879
10940
49
4696
5983
47979
15840
33713
23976
2831
10859
38243
41277
21978
29180
13275
41115
35192
14770
32192
30445
44062
27054
30384
42209
12428
14583
19320
5132
29461
38733
35747
26806
17077
30108
18801
9236
973
12446
12797
1996
19719
13091
11232
38521
44221
1885
20839
17656
24971
27040
43607
4100
48898
31659
27589
8083
23358
44863
25559
28320
41161
46216
30858
41663
29879
19980
28355
772
2223
26919
6077
22669
10498
24665
37692
48438
8950
38699
13775
30794
15871
29755
33210
45114
40909
13286
43824
46321
49634
19980
48550
2441
31061
49116
8005
16400
7240
46537
44381
7197
30008
34018
21039
15460
22144
6972
40074
40965
5169
22424
40132
31925
31387
17919
35669
47571
886
23442
22210
39939
20617
13229
25049
24475
28241
18597
40621
4632
35627
37498
20293
47257
2986
43150
23653
12487
26748
2213
15915
29132
22954
20687
47486
20313
34027
9259
18067
20572
14354
19639
26028
10698
36371
16021
3118
8900
6145
21304
3332
49981
7888
8775
5062
15961
47930
20204
32916
30773
43413
36895
29609
4849
44403
39163
6880
11519
1775
21235
16437
47956
45186
27622
42928
32156
36771
26750
4525
217
48780
46623
11313
47180
44128
7309
6330
27058
37490
42426
42841
35275
9825
15276
49110
20406
8246
25672
7757
12636
48233
40680
34983
32287
2384
6275
32720
2157
43892
13158
47664
46617
39486
5941
29271
27146
37780
8597
38294
35045
27977
21838
22136
48547
34400
41014
41582
2937
43083
23993
19811
41780
11932
11210
26695
44840
46282
20103
7736
47809
13448
44459
49633
49837
36419
25555
31056
15473
17196
9532
31307
1806
29139
38813
12085
40820
25136
36814
5298
9324
35660
33870
37881
3806
21598
12479
9592
8739
10020
49754
1067
36729
34328
42504
3053
36615
43333
33259
40933
30348
28575
2806
24914
38915
38238
37635
44300
32689
4666
49013
492
32345
14742
24523
25981
30592
42949
46871
3586
42834
22784
21964
32417
28881
16761
22241
14939
39289
42211
34382
37007
49288
18165
7251
22499
526
37702
32909
15833
39476
23836
8593
48741
12606
39412
12168
9529
22929
1993
1137
40177
38158
16947
15557
31945
42814
22878
45997
22553
7326
9230
15384
2287
36241
43699
48824
15912
9724
3212
37528
23227
2053
27722
36142
38374
16216
36841
38874
25203
6970
9117
46049
28654
1643
41643
24474
47101
37221
48646
22872
27314
6969
6318
14860
33604
14274
8332
30276
45688
29034
49940
4328
47883
15434
38849
32954
44730
22786
20946
7756
11315
37723
287
27741
21251
6478
43212
28301
32678
20614
30107
42739
18513
33939
43042
3099
9299
21601
17437
17532
31382
44469
35125
42227
5894
17519
37413
22955
31656
3292
2270
3064
718
27925
17890
7099
46206
26264
18678
21771
4163
10199
49754
49371
42702
1078
4924
9025
14571
14978
39637
33406
37310
48762
28672
49771
20656
43617
39598
16996
44029
3365
40943
7904
13333
28758
29638
23789
39251
4854
25700
34199
26709
9175
14360
27499
49756
48603
12449
31954
44118
43580
47409
8566
11774
10196
49886
24116
33062
34436
19527
11687
15960
10135
18389
37686
30428
17709
11855
7047
31444
47260
15543
21775
15003
10154
41
44870
2538
21786
32942
3769
3036
19903
41692
12566
37224
41888
18625
39701
12649
2211
14775
41721
38280
38423
2514
49206
36645
4803
33679
14247
33062
46967
22644
10638
5969
9522
47175
28541
29593
42345
46194
19508
40053
19383
6692
46112
46856
26761
28499
16082
38653
31785
9338
39738
22819
15504
5728
2296
25626
13058
11573
37707
740
680
11414
35655
19378
1734
32703
4295
19264
14015
1279
21860
41790
34975
33576
31676
41793
23797
34424
36952
8958
2866
580
16530
20181
34546
38711
21640
17325
20459
12721
4131
37351
4295
27360
8359
44032
29737
37021
40651
486
14897
13063
2704
25235
44650
15171
28719
44277
13186
31712
8420
2510
27248
44990
46115
1785
17062
15872
41031
41982
43320
31778
1992
26732
44685
31173
19833
43215
40846
23350
13713
30265
18119
18415
22700
20655
1816
34281
33696
6682
48612
5590
19244
25126
25377
6751
47071
45887
25295
24553
15464
14010
35851
14232
23017
2832
28019
5300
4553
27038
40276
24598
29652
26644
40683
4542
2525
46331
5041
37993
895
5422
30639
19054
16621
1616
27491
31150
43618
13246
34547
34607
37801
3955
19349
36190
39462
38563
17178
39930
43756
12064
47635
12909
46159
41378
28411
6903
14376
45168
18646
11664
17276
49520
24561
27260
242
16973
12252
25064
16919
2042
20777
25375
25527
2729
8073
7718
49780
41757
33044
30269
17415
32858
41703
24002
7274
8434
44897
10210
7501
18025
32662
7823
25137
11363
15436
14396
10430
46392
2245
12400
15893
13665
24941
9559
28049
31242
39343
18369
42378
6197
36976
17086
11780
16236
35073
26755
873
49599
14375
19394
43906
2198
21895
11720
34699
14501
36209
18752
49210
38698
28922
31348
14813
31843
37343
11320
34407
38012
37267
1704
36919
38128
8058
33136
30865
7304
25850
5700
8318
49199
16172
34755
37791
6719
19471
16996
27553
7404
31432
38239
5135
26537
24237
1492
20834
20165
42402
40723
41621
35404
12162
10021
24981
48496
5566
38732
34881
44687
26274
33066
38098
20835
14252
40216
48910
9219
8911
17767
9609
21218
37072
15192
43445
13267
11307
18657
1028
37312
21115
3955
28994
3245
25544
32557
47619
11804
33289
11575
28710
9568
46831
30347
19463
32213
4157
39438
25852
39820
37214
13556
32379
49683
44302
28015
39309
16721
22217
13374
32608
3871
49989
14879
4331
19898
4964
12447
14756
8221
20484
32343
15436
22363
29627
14822
34080
2712
31376
33579
2592
5936
44288
32244
450
44412
44398
28878
341
7304
45496
49640
13786
1941
10895
36501
1652
16780
33296
47494
49988
42908
3679
13762
48562
11865
6679
21931
15103
47040
33388
14387
7746
34964
14733
37805
36719
18127
15948
37262
28411
2127
11906
48287
33338
9069
29704
44541
38086
15571
34576
31796
16408
42173
18677
44355
3107
29162
40346
49225
17227
15523
9667
1480
38128
7307
25989
31407
31784
37750
46788
46915
36126
39891
38754
47416
40336
15237
39089
17864
42092
22744
44857
36751
12659
14705
4924
49734
31032
24372
40558
29631
33133
8004
28068
2902
4961
159
41958
8300
4892
16628
23271
8295
28644
33702
9034
16705
7257
47127
27057
39348
22732
46767
44867
1390
19734
42376
6668
44066
15248
22050
40099
7803
44660
22004
32537
11819
16410
17363
43071
39451
38249
40528
38084
33141
49708
46827
6189
31903
48346
18786
26640
19021
24819
40986
11186
6316
42304
21924
28157
17828
29557
13355
33713
13345
30857
29284
25003
22288
17167
11495
41558
19887
47471
29213
27838
268
21124
24942
48656
44693
45603
4872
1883
45458
26563
33893
21229
19766
25911
22320
45106
30155
32505
42520
7419
6651
20457
5206
5572
5414
24857
19191
34951
17404
5574
21143
45912
47739
34356
44828
30375
12553
26087
13418
28853
14359
21018
19734
27225
4067
17160
7008
46760
18424
30242
21756
10353
9790
9104
4204
17763
5984
8202
37907
24050
5242
25664
11791
47693
14439
13284
44390
1601
15838
11639
18447
23929
2338
23302
28267
23778
25809
39170
4442
711
43229
36054
25001
3211
6530
26569
42112
48764
12879
39612
37296
26406
31561
8222
44830
31390
34980
87
31511
35297
33505
18488
36201
10402
19224
18768
7709
20152
23772
43449
34486
38591
35024
39685
28218
26235
40311
44180
35375
7828
10367
2776
3508
32488
28564
34142
24301
17323
22980
34157
13025
45726
2372
4283
15526
28187
21405
17805
39797
993
30628
38645
33390
21984
17861
23758
38228
3074
31462
29991
32842
41821
5385
192
28657
46195
39580
2712
37148
35834
47922
33875
49658
11694
38081
17254
9632
6852
12090
39177
40549
44050
3331
7963
6222
47051
26544
43697
38529
2944
37242
12901
27459
49573
37679
20389
20774
16606
10464
25440
490
14054
41006
24853
33398
19352
24681
7255
15838
21536
19089
33300
4317
16648
961
12628
44807
38074
31911
37093
18440
27053
7947
39883
10289
35639
22940
33496
30424
13477
1993
17850
34191
15274
27416
13653
41080
46370
15629
4742
22613
43665
24664
39218
8934
40523
41937
34299
19930
43624
4488
10079
40822
25531
45179
43208
23435
34578
48782
39113
27016
34511
22176
12653
49713
23976
31639
590
23933
13006
9244
20379
35555
7659
38863
781
1962
48784
32504
26039
3411
7723
48244
42644
1838
48350
38695
7354
39194
29640
5271
15553
40728
12381
8104
40740
14582
31068
5418
2213
44171
42928
17676
34468
48381
3124
28426
6281
446
23472
33496
37595
19551
13786
13597
40676
6491
16369
697
48723
14293
44083
29302
39992
19157
47820
37606
24858
46668
13163
13326
40948
40653
7695
43966
26275
29946
39225
30126
17490
23584
19506
21833
15639
38586
30703
10314
11721
49810
17741
20105
3800
8085
32522
10407
4071
22951
28212
37625
22113
49287
34097
18391
20830
24211
12394
36954
43940
41027
34629
2893
15288
28206
23975
49758
11610
31440
29616
30351
49644
25321
28151
414
21793
48023
34079
9749
42044
47515
16417
3145
12028
46180
28902
40473
31276
40141
26215
27015
22182
3530
48029
23601
27281
26479
37108
42312
29089
34582
46032
30382
33428
49407
41041
23615
13076
8775
17912
35583
24179
39607
17970
13528
21575
18797
16958
16900
6748
335
19352
32710
46298
12888
48203
22319
3583
4674
24687
28966
20327
20536
28483
8686
5072
31287
17950
5859
43638
16651
26668
28379
29494
8263
49763
35121
10535
35544
42865
35591
17306
31105
27770
6756
35044
17621
41733
37625
10869
31241
37620
1887
19687
23110
32010
757
8353
31722
46255
37422
27487
10000
49084
35290
30797
12676
13071
48804
34977
2852
47942
12244
24995
24264
19460
30223
24695
43104
13828
3382
28034
471
20834
3196
14876
16555
39219
11386
46466
35586
25225
13438
21009
29749
16253
12123
7367
16938
12239
15466
45246
31345
44138
21196
6388
42384
25630
24887
47491
5675
11698
22749
8992
34092
5493
26008
35693
47786
1108
11148
48751
20033
48695
20766
25332
16182
1801
42021
35831
20245
32926
25312
43259
3678
41883
26712
43296
37540
29659
39103
44186
13531
22871
27568
35328
46376
23401
40570
46960
18873
3671
5858
43290
49983
26242
11384
25715
19440
34395
34551
40412
27162
18557
4569
34319
36856
8861
28795
15259
49098
49380
40773
46997
20877
13747
26469
6647
10950
47660
39012
31194
16345
2766
2922
39320
21191
21520
35266
43969
49357
10929
44299
12930
13154
42585
46382
49487
13397
11871
19911
33822
24974
26869
25266
30479
3104
16269
15724
35509
2576
20715
28769
25599
14918
38761
39330
21026
20617
3208
25616
4396
37949
25607
39400
36397
41714
33155
1313
33177
34248
16338
4076
38773
13471
36594
7807
40016
11700
35365
38064
29822
1229
6804
8432
5180
43362
22843
47623
3202
11353
13188
13663
39174
37741
14965
13315
44135
37071
14292
48951
40576
48828
36308
49479
48736
10324
19777
46471
17951
44365
24652
36896
43917
28560
9366
28928
5438
35125
45847
48950
37311
8596
21470
46116
6829
34826
30544
8853
24771
12338
44614
43307
48748
20209
27941
22730
41234
20963
36562
4263
29919
37017
30091
3885
23854
36915
40705
43616
2561
31911
31167
40218
1774
44276
14923
39061
4134
47825
23758
35204
34566
46877
34786
30952
36373
33373
4151
28273
24139
11232
40121
2410
20969
32773
45937
35529
32221
45283
45907
15509
16555
5935
32703
26096
17186
45953
35967
21232
43818
49152
27820
37144
8967
85
12640
8264
964
4390
39646
13041
4944
17121
32781
27117
42855
48312
44378
36758
2251
12716
15053
47673
17226
48775
41124
8741
5817
33516
39650
31719
25031
514
17540
12135
3060
37399
3440
20478
40853
7819
862
17227
46095
22874
12557
47050
25574
33913
7562
48177
38871
27008
40189
37182
21940
30994
18694
31774
30932
3211
41614
22476
12973
8480
25449
9709
32185
940
38374
39411
22866
11073
1714
35579
33858
42912
2111
39248
21993
24003
13381
1554
9196
15382
36121
3678
14889
41433
45281
6469
17550
26398
45968
46824
40027
23816
15045
28417
41539
44351
43241
49127
6119
42906
8108
12736
20488
39402
18759
39074
9433
30891
47742
28603
2481
42893
41574
28675
33756
21411
33518
23114
41467
2774
23735
7490
23885
36022
33903
3574
12288
28633
16395
37380
28546
7798
13454
19276
30535
32495
24484
33988
18249
18078
27878
21920
19756
30077
16298
4782
43567
46930
33004
34960
35785
28276
10885
35977
25507
24333
31702
2580
21004
29390
11401
33217
37454
15573
1271
43896
19490
36169
37765
24796
38829
10655
24967
37607
37344
29156
46495
12874
49741
29945
21887
43947
23801
45338
19888
12357
36532
42331
8366
11622
12067
33870
18810
29444
2723
49472
11548
17806
13251
16785
33202
13406
5028
47758
44248
37689
9276
34066
10050
4943
4881
11545
33673
32496
40083
8831
27796
21662
43853
28879
1328
15395
44061
47104
48958
49942
4746
4109
35661
32383
34215
9852
43606
19883
39213
46633
15711
49778
21524
47845
31869
24935
13814
41498
16910
3009
9802
28540
14128
47
26209
7261
7506
42446
11147
25171
11500
4629
44469
16244
28627
44385
4233
49434
18228
44181
18867
1947
49567
13623
18378
45984
47857
7580
45367
45305
36838
29358
42948
42031
4069
28561
22330
26582
28354
3988
759
24509
24015
2393
45698
40975
5011
26666
5737
2120
25244
19112
23748
38500
41912
27786
33196
2613
13789
14663
3142
1714
31006
39738
36159
10069
3819
45263
39109
19134
42774
20037
42952
4071
19811
11237
25351
18324
26278
5614
6699
254
11368
30485
40988
377
36664
3364
11214
46284
44640
38571
18634
29734
46460
17490
39154
733
32684
34273
30029
17089
38644
2209
40822
13055
2990
40162
27976
37292
35126
5767
16969
22537
17434
9495
48465
43991
44824
6487
5476
48278
40211
20498
45962
4152
6924
11727
42250
17309
28230
17779
31761
27903
19450
46432
18126
45059
32156
49382
24584
5575
2005
47578
1033
33722
37199
9134
13372
39126
7143
20086
36208
23802
32732
45784
4944
38348
45320
21484
23602
44300
5329
38763
11125
39796
38603
1764
31755
17762
7081
24098
42067
13852
40917
25794
24608
16485
33064
17956
37544
37698
43469
16514
28308
14451
16982
5608
34360
9307
39797
49993
14783
36856
47206
29236
18951
11472
10829
41769
34735
22912
38716
48280
40164
38479
35801
6731
22874
2435
31211
32750
45697
162
23223
5018
44396
41135
37786
47004
34879
31200
15437
13668
45107
44869
23152
38184
27186
49647
42687
44504
19154
31615
13497
10842
43296
20778
47006
42994
48600
38372
43045
30034
45171
19995
30530
16707
40767
6272
46116
6
9294
2189
17508
4652
12321
28953
38723
5768
24287
5263
36603
31290
44106
11085
41724
19804
17899
40519
46616
12734
36895
23931
13159
22178
30526
40632
27570
4339
28897
30440
39117
13747
10102
39057
36693
4010
14137
36981
15113
31984
17876
23562
43962
16683
34619
20622
48431
26703
37391
13230
23871
27486
24475
30383
1616
26143
10232
30330
18039
18155
21638
41205
24729
22306
13580
23814
42132
1724
34213
21256
17651
36418
32715
21540
26631
43268
9883
34350
35340
40900
26818
44262
27738
42571
9082
5462
44124
9158
4687
2146
30937
294
560
25954
12744
49967
10953
35260
43470
37296
42183
49341
3737
25551
24297
37875
30626
13798
9924
44392
30853
29683
44420
49011
31644
2986
17371
149
40317
4671
13209
11806
10501
30700
4263
30439
26675
37668
38518
47148
25365
36956
12806
3952
8184
8523
18908
39346
35984
28029
25790
46940
43665
10855
41444
43277
24483
3615
33816
24267
23824
13562
24862
3419
35243
37396
15268
33320
37684
28932
35028
14392
46233
15611
30139
32906
12951
49577
11883
10
31346
3418
35188
22471
44190
5773
22930
6774
5444
12134
984
35889
39403
25396
41580
4146
44292
24131
9640
15657
47168
31360
28239
39802
33042
8109
12445
960
42034
39352
24995
41123
36656
29690
14297
47746
48059
38010
40636
45552
32652
45368
25228
48960
8982
1761
4937
27087
16996
46783
31967
32911
9248
17684
32986
15049
14313
36798
3354
44986
3417
48423
24563
24957
33872
37238
47152
26392
2057
49230
8968
13174
27945
17857
2336
14819
7990
18535
9847
37217
19216
5365
34485
9994
49453
11284
20096
37720
49633
41435
32910
22320
45003
943
38777
23328
17346
41269
38377
1013
25547
41184
22143
28062
20569
46185
27806
44799
42830
35716
27016
30706
38398
31333
47139
33749
41863
14342
4405
5035
30425
48572
3741
37862
33098
23366
37261
48667
9
46516
13463
36592
43821
17351
36647
24839
41784
16084
12602
42664
6678
48955
2395
25506
13136
48567
2855
14955
18771
24571
32612
42254
15527
28559
41786
24541
36419
3602
1399
26926
27900
31811
29015
10935
37529
1140
46698
32653
20326
45377
19623
819
28706
3085
26353
20859
28516
7687
23521
19271
29801
41132
895
24787
27684
9866
44913
23977
15323
255
29235
5699
16532
9004
9287
49081
47280
15591
17171
452
8861
47780
22713
15868
30716
19886
27432
7498
2387
40952
7722
15966
42653
18200
26131
29920
5576
40090
29075
1195
5697
23451
8303
45544
48196
30970
32197
29206
13346
673
21888
7631
24235
19901
15111
33909
27928
19563
49344
22762
19135
7973
35206
24533
26885
30732
16468
44138
2898
39692
14947
47243
40647
33297
34490
38906
38255
75
30010
11778
12517
2571
29917
1002
36383
48854
42062
6518
34695
9443
32232
40555
43175
42297
19525
22818
45664
34318
6175
46722
12204
49575
19180
19766
17470
28319
13263
39373
44518
14194
46677
42043
14066
46503
5075
20178
32500
3131
13207
15009
12951
21818
11111
48514
42243
32173
31276
28472
38344
40103
47192
26899
47398
41353
893
933
33390
22746
34694
14142
49485
15137
46116
18279
5924
32043
13674
26358
4776
28274
42802
25707
48336
43344
18863
6182
20695
28768
13273
16835
7007
20337
16340
29724
18602
3403
43583
3206
4667
24352
37143
10646
7137
23161
42364
49916
15140
28971
43957
28112
26713
44956
3723
18453
17912
34884
5590
26296
6733
12812
43145
10788
15182
18816
7912
37949
31203
1915
10912
41110
23461
41859
18414
24176
72
28958
16052
31342
33862
45059
3939
11353
7375
26905
1161
9711
32415
30141
9503
37384
39793
40646
30
14745
2707
47075
12724
26644
13158
8310
37660
36425
12683
6532
30175
30471
6414
29315
33698
24969
44331
48798
10296
2783
1662
5313
26387
45140
26167
16334
32768
11367
47813
45767
7542
45799
673
25080
45138
5490
12010
12145
2833
15633
47137
46394
30631
4887
19103
11349
18293
11103
23337
43119
23061
15721
29422
13236
38838
29428
2141
18412
48262
4019
20579
38638
25755
5421
43335
25140
6233
38749
45535
32937
22504
17049
33376
37640
41959
46468
21860
48256
44456
27477
22732
32178
11719
37900
36967
30346
287
28444
47226
29886
13669
12473
17488
4510
33945
33483
2717
9200
22261
11372
30647
19633
32442
46132
44851
20531
28238
10627
14219
21475
7377
35850
21190
8487
19432
11782
19755
40262
11296
24788
18369
4522
24995
27255
41429
26170
36116
28972
25443
27483
35377
43715
23400
1555
8511
25016
23915
5868
19526
14531
28511
34759
16446
46168
37781
26718
49178
7312
23680
9735
7794
236
15004
7277
40903
6981
4916
24699
36713
30110
8390
19834
11439
17094
35272
34629
17697
6889
29962
9916
26988
10559
19844
7127
30368
37867
20635
14431
12450
16329
24993
617
3066
6429
14312
40804
20366
48578
20248
12494
26524
19413
40885
19807
21209
15590
11985
32762
26619
22246
5767
28812
39644
4736
12518
11199
18899
25129
8807
13933
39687
25580
40239
32260
33411
29229
28205
26559
34462
39900
14339
24816
30600
45546
12240
1235
44314
12705
41919
9345
23801
7087
20204
16027
1426
40415
46088
26213
23034
40350
28530
43115
16994
26738
44387
46710
12865
538
44161
44221
21552
32908
26014
8205
17048
13699
26005
37471
38623
48709
38941
40943
37532
47859
6121
39901
15694
16105
29436
16236
14293
18508
42159
3586
7391
45360
11031
48346
29285
20948
2289
39904
5007
38293
9914
47447
11913
12098
2023
11090
20357
33235
27682
17642
29924
16888
16788
14813
19015
44005
23827
37343
42268
3199
49936
3786
2307
24075
47137
38878
35956
23822
7001
13683
22604
22736
3071
27159
45193
38351
39593
37350
43852
8687
40446
24567
6628
41306
6721
42857
20607
45402
10314
10515
19257
12802
15124
40615
19860
34600
12387
1235
20040
24643
18229
7145
8302
48105
28357
13289
44667
49876
4496
49539
29618
15950
30958
3439
39347
16058
14086
3045
29660
35824
8637
8238
45861
36160
5243
14548
13767
15969
23460
21505
6324
9696
29599
27381
6931
7998
32667
3664
28430
28998
38636
44365
4481
21613
36454
23270
187
32802
39240
24003
47713
24780
15502
7124
27866
38610
37982
11586
1453
48126
10086
30187
19013
21473
49236
44438
35321
26910
25258
38223
5892
5873
18451
18522
20314
40483
30313
35974
14182
21104
38955
44350
13121
33085
16197
5717
49524
16130
49292
9066
43818
20784
33416
41927
12531
3446
42981
2800
43818
36461
37711
14048
12632
38399
26264
15151
44428
30570
21959
49015
34024
44907
28899
34567
49905
22890
23215
41176
19133
37567
31950
41843
31486
18542
39781
44808
40536
4168
11662
38089
9394
42051
32669
32843
41255
46504
48674
101
16776
25078
12416
29960
27917
49372
18867
13688
19364
11200
48668
25232
49283
8465
40348
21759
47441
33
17277
41832
39256
2771
34927
19697
21971
47832
30687
48788
48929
45489
18710
11141
33108
29868
19963
527
49303
48148
6016
13168
4096
8334
29150
35726
23783
33380
33400
37558
19762
41059
18460
12220
22447
13697
5452
3975
24381
43024
31736
27641
35257
34198
41335
5859
888
22907
23237
12636
13862
45840
29626
39345
26855
8361
39147
17109
4098
48239
19905
9411
20831
13329
47789
45038
45062
34239
27524
42986
28871
9218
19135
15299
22592
22384
25782
17949
29180
6530
6501
41923
2679
25443
44258
49234
45939
4584
36530
11426
15837
28957
10323
36119
586
32782
24852
7414
42450
26120
13348
26819
18720
27423
46629
36234
24998
29084
28582
43643
287
23212
17126
26583
20041
39223
23315
33457
20351
14645
31238
12911
14506
15194
27150
31380
22301
17990
45757
10594
3109
5879
34764
11749
24694
5726
44154
4617
23265
1884
37998
28374
9452
8983
9108
31922
4128
27954
2875
32870
5070
1227
914
3776
11311
10864
6745
25599
1418
28616
28897
48003
20774
10246
6465
48275
8084
908
16091
23287
46559
699
23025
13228
28435
39924
42744
41658
29811
38197
16376
29754
30197
11749
8158
27252
49617
11384
25935
11313
31636
40240
37361
27644
162
15482
14812
4588
5663
33240
36480
10628
18538
48008
14703
29041
28497
8288
49873
40479
30369
46057
12119
29799
27521
26815
659
43225
43437
34415
45863
27258
3747
28918
14842
45009
15915
35944
48243
41653
24972
45093
17192
6116
39319
37472
12595
7822
9743
38315
43125
45041
46603
34899
11893
29873
43334
34508
9975
32034
32203
2606
37387
14006
44197
19175
908
44507
10212
48854
27569
14407
16625
25563
21648
10827
9591
23470
13435
29320
44876
6426
19665
38631
31986
49527
7537
19637
39597
38736
46784
32041
28162
39559
46824
22478
17981
33043
41867
18880
29533
11495
35112
30675
3819
39283
47750
4539
3690
31210
24766
14037
45453
39062
49279
33247
34491
1035
30399
22052
46069
22695
37299
3001
32455
24221
35371
11685
43148
7610
47419
17792
48952
20379
14819
26012
28900
38858
49639
33849
42547
25152
26521
21773
13033
48705
9553
18470
6487
15166
31141
5061
36024
37943
32906
328
12878
10618
40408
48114
28097
29260
20758
21829
28553
45627
9616
18782
2989
38582
14234
12055
13126
41666
43797
2273
30052
10134
21851
15677
43227
30443
25134
22167
8917
37643
36708
31846
33338
47645
40110
27432
19720
48227
44375
44440
21048
44600
21637
35787
5100
35659
30671
24131
35388
43673
16028
33406
13697
20367
34815
15595
40089
33499
8130
12802
25897
44671
26637
45619
27796
18906
3002
17858
18764
17265
18337
45975
29733
29146
39916
33300
48524
26806
46631
17625
8942
41766
40348
22145
44749
14682
520
49035
24563
14039
16119
4792
18230
18681
46788
44822
1455
12390
8380
36272
9874
22215
1951
33379
16735
46185
28455
38944
6148
2718
36427
37505
23564
14877
17537
27457
47934
21901
13226
43317
6571
13221
1253
38120
18817
22345
8255
8522
24481
12251
11006
40686
27735
7455
12759
45513
25538
8645
13631
16357
21178
37613
18281
48817
38015
6746
17263
44940
5917
24368
205
47801
45304
41117
35768
4277
17758
45570
25554
45063
28254
38188
48071
41121
17303
38337
1754
13978
36198
40134
45207
20385
17251
34553
17617
47244
42515
3126
25805
47847
35124
27517
23239
48457
29014
26291
5955
44997
25791
42293
44551
28197
11858
39888
27458
44186
35983
41751
36980
25296
13102
44414
24084
30972
25029
23291
34861
18363
41127
47488
37369
9237
5858
8214
764
8681
143
7887
14127
3186
24320
32162
17449
43236
41104
12219
9446
15646
16703
39103
43171
19682
5496
16907
33942
14138
5434
14423
4518
29411
41444
13447
28833
27500
31441
25548
45831
4006
26674
18103
8889
39886
36750
37330
32880
46494
2897
21318
36517
12133
4843
36931
16746
13996
16887
36229
18291
35875
2642
21797
14011
10977
42328
39032
48810
21173
21993
25716
48532
2537
23148
15913
42662
9211
42874
9846
27533
29892
48120
11754
33346
30933
37629
11604
48286
9732
30418
25763
47804
10954
4076
22857
35696
21924
23103
18442
14388
48928
42380
16609
31372
39450
31676
38035
2857
47265
31156
34265
46969
38984
18812
18317
44228
13686
30691
23360
46836
27940
6641
6876
48860
4006
30870
25330
13638
13815
4944
17434
25523
39595
33989
28779
21171
1660
44724
30387
9932
2524
37344
21777
15421
18320
4863
38508
42956
1579
36802
21518
36982
46558
15603
28274
17847
43623
27063
26554
33470
46725
5209
1173
12796
29009
23671
24968
40301
12239
13720
4740
11634
6737
22058
27660
14160
29560
43926
194
6239
32745
44445
25794
8024
16046
30285
37744
25151
29007
4634
49211
8134
5346
16562
17569
3498
10687
5865
30367
10388
17813
10853
6073
29800
3783
38527
39178
5653
26210
43641
28111
33874
14006
21261
14789
6651
39352
36341
36175
15499
9056
36209
21615
16506
21154
48804
23997
45101
6491
7408
7671
24825
36080
6056
39368
15340
33684
24130
33698
35881
11250
7215
15166
3516
5516
33879
11610
1673
49025
19373
49930
28311
34772
27171
9975
36015
44119
29215
36913
22018
15979
537
13206
1329
36755
33706
32175
24850
42540
19081
45446
19721
48534
21938
20266
26103
7489
5936
7208
12673
9712
29557
48455
44060
42565
413
37673
9791
45941
14388
2503
29370
49215
722
48573
4362
33752
8767
1807
1531
6355
47513
9592
1331
10847
36750
17293
16510
5656
28619
48823
36010
21179
5023
3634
40112
32610
25381
29541
16575
40716
18482
9596
26262
28765
536
31717
22243
14343
29365
14500
34989
45043
23673
5127
45902
44481
6578
37907
35860
24021
49604
29620
19224
25038
46002
25382
48324
27165
47496
23121
2694
37829
46639
37145
41060
24515
18373
30498
12266
23220
16428
21515
42667
9163
25807
16975
38583
47342
38501
4350
19779
41193
39180
11554
31120
35513
22420
49306
22295
9657
31844
48480
30534
19049
24868
7378
11839
18340
22387
602
49386
29965
48740
2861
25772
39462
9500
15231
29109
48058
5226
33755
25634
10750
45567
22684
39675
11010
37588
39551
2355
39183
47567
13316
18159
28555
18421
7723
7177
36197
46702
15067
5292
47776
46278
37169
36705
7713
31793
9748
1438
40461
32569
19879
20430
42980
14477
13137
46215
10533
6834
7952
25723
3266
15202
10397
45040
44761
44813
45616
15726
41271
33986
45614
33356
49156
35286
36696
33881
3774
43548
29320
1856
3935
36401
20923
25796
2955
16567
36112
39643
1643
32251
21089
36981
28763
46913
11522
30434
12569
47716
17879
44279
452
41059
40284
23979
26243
2306
37920
13715
49478
17065
252
2150
25740
16343
21006
12779
15986
32737
42977
34825
3535
10015
36421
17314
29911
25739
30191
49454
18312
2723
33103
43897
12013
28036
44113
43462
9522
18887
38851
40563
49399
13256
49078
29943
15504
3898
22903
41576
21052
11119
45674
16286
33511
2982
16546
25611
45185
49499
17415
1138
2284
13491
31011
26801
30711
31347
38949
5086
11194
43494
49657
23444
23524
5620
7942
40429
20973
40148
9438
33571
2728
43502
27827
9368
2402
41257
34646
28444
25644
41992
36267
14487
41233
1569
14511
2992
46498
16928
30131
43421
4980
24444
11862
24922
12064
3435
43263
39101
36335
48917
32472
1536
33964
37316
44929
18046
27213
40098
41971
31734
37828
45127
12309
17201
29672
4430
12178
19595
28864
36921
17065
36875
35698
13124
14980
19035
41752
30668
19825
44334
31414
46018
7469
7824
42833
44747
21107
3895
18300
28070
40235
6532
6122
3406
12810
25845
24828
22155
25570
33446
16871
45445
36038
43022
40014
44685
37879
21485
7940
20193
20552
42018
16786
18395
29836
35959
17151
13220
20355
41576
13873
23694
34828
40427
27790
45260
2574
17459
36381
9349
49841
3704
41468
4514
2969
26065
25870
12243
1359
27520
19506
18601
31721
421
22827
34355
42792
45687
45805
3474
27278
41959
26451
49615
12982
22069
5046
28790
38380
17077
39263
723
46364
46809
20767
25155
22081
994
37020
40728
11438
40978
29374
40968
16008
28815
44304
32686
22375
39679
23068
5235
38385
10108
38559
48360
7187
5220
20136
32194
45914
48832
1810
8923
4443
13450
29919
14961
23784
819
38693
36811
8041
27666
6389
39115
6712
11896
40829
17802
46968
13350
22701
15740
36472
3593
22836
2752
30556
24055
8940
9422
42952
38263
3940
33019
32465
46677
31452
21912
30901
12053
45985
49326
14962
13025
32666
17913
11187
34986
1916
271
4675
17556
23502
31694
35110
25722
25355
38162
32132
6305
15220
46577
13969
35323
10769
38845
44267
3798
15171
2270
49632
41283
3429
30783
38151
10055
12904
9750
34755
47309
23608
32327
6209
24875
23879
21003
37264
39522
26000
40096
12185
25798
48305
12952
7586
13823
13357
4656
7754
6014
21154
21198
22682
44266
20630
20850
11331
8823
3052
26883
47278
39478
46872
39245
38139
38065
37555
36311
496
34518
23299
38520
11737
42912
1065
14971
35241
423
48416
8054
11524
5924
24794
34132
46043
48272
37637
3255
9718
31938
1309
40511
44985
27951
4052
44392
41573
20679
6866
26818
29112
25641
17202
38298
36147
2546
36968
36549
27671
33770
47384
30968
13389
42793
43804
5363
14098
43471
28705
32792
38547
25952
21891
10737
1549
24599
13207
49493
40710
7401
15769
44166
9411
12439
11972
17011
26801
34604
42436
31629
39002
19665
24038
18214
27325
43102
46281
23735
28713
44693
177
8553
1249
36392
4904
32304
18351
20463
41960
17155
44530
36977
22638
43505
23287
17924
5226
27164
45978
20908
11395
24076
17911
21541
42164
22308
29950
12140
27597
36420
48803
33566
22582
39817
32120
19669
80
34915
5317
47597
6204
42918
27624
25174
6086
44732
38960
23024
5811
49686
14189
8921
49440
16731
27115
32324
28666
4012
21818
40611
14712
3129
11158
18338
23541
22136
30132
44859
46634
28409
40450
18898
47698
31479
12052
37623
17143
33298
31094
39108
6612
15113
21925
27089
10004
42637
24622
14092
44320
34448
10523
47638
13757
26287
1157
483
13184
43547
26710
19511
47980
35427
32555
33691
45889
9856
27545
14587
14717
4937
19667
19091
31534
27239
10945
30431
18335
34671
7084
13231
44185
42267
14710
42562
42993
22438
1077
21285
26002
1110
31542
8630
38629
17328
21757
31248
7330
8284
31785
31381
29942
37556
11742
7541
15492
29104
8718
21551
15107
19640
26479
40970
24079
47638
11320
25805
36346
45560
2167
38990
20117
18423
18111
27513
412
1707
21334
45593
49096
34732
49331
3023
23177
27916
847
19652
25163
29887
10661
32797
39005
36897
41209
42059
26886
47601
2560
21642
29714
18329
43157
20168
35639
47086
18322
20606
2229
6279
1193
38822
8178
12581
8587
19937
34150
15369
28033
38361
18690
42013
32421
32425
21404
18706
3173
48115
2302
3031
24444
21730
46984
42528
35266
4840
5601
14066
30282
31532
3442
35550
4859
43177
36417
4850
34121
48905
13523
35342
10442
7826
29667
21275
9119
27184
8203
2497
43184
38558
37391
1312
7867
17174
45428
19736
44440
36793
1301
9260
6234
9306
22355
4447
42639
48803
31813
11159
49324
5424
22597
25504
46788
49489
22490
13215
42559
3501
40010
20883
41675
29927
45105
34096
23297
31534
39324
13888
19488
15262
30154
13932
40566
12187
23473
27602
44552
30741
38892
4027
173
25227
44874
24461
6031
13933
22041
47773
31575
24346
12414
26718
46515
7918
14947
47066
2110
38817
6572
14428
20267
47410
4503
46863
836
47211
47392
23387
31861
27696
45649
40691
25966
14769
32635
7284
13900
9249
17865
34302
11337
19087
461
31285
47992
48014
38466
21852
24331
6137
3474
1525
19664
1591
32067
22306
48121
36907
5207
32004
46351
13712
10892
35529
48419
22096
26007
20790
23146
18204
15955
36622
24776
37901
38782
41899
9579
3560
27351
46339
37491
6977
10563
34001
38351
31448
1492
1907
48321
18641
47960
23367
27000
7272
9986
24487
5381
9677
31376
20904
22261
44519
12147
39027
15970
7066
5741
40417
8062
20436
18930
38413
49108
43365
39280
12811
27269
6827
21408
34187
19076
2670
7923
33636
44068
1076
47395
21248
21640
47273
28709
30416
3645
22634
19837
19104
42082
12378
45096
9739
19868
37692
25149
26541
37247
21751
33540
4574
44695
31680
46483
6685
19450
34869
43057
30551
4774
21250
23098
41314
27887
39602
39563
4103
43580
3710
39260
19394
6049
19803
33666
40378
4968
40805
17555
29740
49255
33367
15567
12157
30933
42369
1786
41874
33567
27485
8707
16069
7405
22564
10643
26274
34907
30364
34166
46494
40511
28886
41992
49315
16499
41423
17001
9485
7372
18148
25782
31381
29385
31333
8992
41869
46147
13926
44877
35047
47984
29923
14503
49052
36212
2497
46575
9946
44218
49375
34860
21375
2240
38719
26801
11390
48854
684
30900
1187
23124
43627
16371
3854
43520
24086
16612
37973
48897
12000
23818
40071
19155
5580
33086
47763
22617
41076
46513
15371
6777
43095
40759
23470
1074
30657
15941
3738
26705
10387
13122
23751
41400
46151
26109
41471
43604
38732
49610
9055
12794
38483
1063
782
28385
14056
29813
12645
9906
3999
38343
21981
17845
6585
7299
44674
37648
21362
8884
12770
5016
34557
43420
45818
49116
31674
19797
2715
17254
28011
38905
39092
44267
29082
32066
13709
42659
20472
14298
44661
6873
12536
48341
41289
11383
21537
47159
36199
13629
19846
15522
47285
28284
37072
29317
11802
28242
24340
33940
17791
49448
22591
19225
26528
10658
35882
20436
5385
30562
29975
38565
4486
13679
9092
35386
18883
493
25028
9675
39613
36799
46336
7914
26312
26242
29349
32756
12302
33629
39595
39168
44361
46602
14361
38626
46304
7805
40150
8010
18719
41809
15325
27002
37892
44232
38547
35574
47500
41737
40092
34373
10892
2771
31826
26986
2797
28868
41633
7917
22945
47947
6946
1066
37115
41698
25650
4098
40273
17512
20043
46608
33759
34471
30197
14954
27431
43257
14079
42580
29186
24017
12572
8672
9086
30123
47754
4719
38566
4358
6163
11846
30110
23365
16306
5482
5698
21545
33552
35961
38373
7078
45113
27667
45969
47192
1054
12346
18961
34074
38729
12591
38106
45189
27992
15402
9991
24124
33325
21091
25300
30490
46074
27969
6302
11327
31256
44314
3358
23988
47927
16564
45476
10774
38850
10923
8742
12432
30170
4525
26382
15038
38090
48780
30040
4480
29173
12459
36827
3326
40568
12678
20186
43517
27183
13497
4403
42019
45018
27620
37842
25091
689
38155
39808
38813
46250
41042
3145
28686
49335
9963
38563
39380
16126
43793
36767
48906
35573
30067
22004
8129
25820
11673
26233
44172
31119
39282
36647
47492
26294
47280
45777
8328
1447
42312
11014
32507
19435
29808
16787
42379
10168
3939
1757
26500
15786
14606
38628
453
20924
38515
12045
41661
6794
11478
7016
16910
39175
36576
33930
38605
46443
42918
37925
12713
20695
2380
42336
40697
32722
33711
1727
5887
18196
38182
47357
47385
31828
46195
7500
7155
38780
22025
24788
4828
15318
18721
27392
31202
47047
7533
3179
38832
12349
16111
30242
34522
49343
160
6439
29575
30231
24008
9937
40188
13040
9058
13884
6488
1878
48583
37627
17657
7406
13671
47237
24847
28668
15388
5852
1931
721
49878
47622
45316
9581
13640
23520
5534
47695
2405
17264
41878
16911
24441
10318
49111
43374
41650
36907
48079
28418
19645
39678
40274
9935
8875
32503
26538
36293
36356
15026
16350
49812
14533
35823
40257
8919
45158
4833
47958
37307
11814
3262
1810
41981
14950
29463
40328
22831
49239
22693
29082
24490
14521
32024
35567
48314
15005
15887
24139
2475
23545
45093
22135
28409
23848
40558
17859
33806
32428
20140
24625
29658
25133
27486
27330
36353
21602
18930
15887
30438
40639
3531
19383
19806
25428
46291
22668
9451
3984
26606
11160
35948
6590
14355
29251
12784
25018
32137
10466
2635
13839
47092
28612
5050
32351
49471
8629
48643
44911
20727
3524
12917
36245
39859
14400
19442
31551
4986
18104
32690
31299
45406
6032
19814
7223
15693
14249
27606
2793
33971
29501
40764
42783
14942
41885
3071
25823
15926
6110
36835
48791
3801
35601
13329
25999
30452
30540
46036
43112
23349
18415
30876
48286
34721
13054
8753
14063
36984
44565
7216
26705
37718
4277
6936
39336
40257
41507
16268
44350
42194
7646
21314
21169
48776
29434
3335
41931
20942
21518
29550
9381
11352
46927
30830
48239
32218
10088
25183
5105
32337
44025
5964
11357
6712
5682
47138
22370
2946
14920
18030
21303
29055
28531
6420
1353
14986
25372
40002
28370
284
20774
33166
23178
22284
8769
19503
46156
8017
21905
36819
12377
41477
7887
47742
48874
34587
41278
36052
29142
17422
45122
24778
20079
20738
14741
5580
18473
14228
26865
21844
27821
44014
14523
2263
18631
16849
12397
22778
15478
41519
36805
5273
46713
1139
24230
2273
18567
6012
16706
29799
43196
25289
32856
11938
10943
8391
41074
1454
11401
1869
16360
165
24462
39381
49450
3653
7030
20489
27078
37462
10865
31821
17196
43273
37099
21596
8893
3391
15267
12337
40067
4956
13024
9788
12168
8661
42813
27677
37658
7669
3695
23849
41529
10860
33002
14976
48297
17547
36699
16989
49726
47486
32815
31233
11831
43239
7236
45839
14358
32041
19048
20466
38469
38467
39583
29364
24773
1941
45578
30974
49571
22214
19377
26439
49515
42633
9733
256
34579
27958
39374
26646
26770
46275
39461
33508
23931
30704
34748
24073
33264
16113
45820
32999
32782
7616
19903
38964
45595
44879
4489
14833
7325
49640
9385
46489
35389
25933
41661
31136
11296
43970
32408
29330
32308
27151
47755
19077
15490
45362
42736
13801
19926
33668
22002
14996
44235
10925
15898
46450
16820
23004
22871
24179
46242
20437
8089
15173
33460
16199
19472
44211
30396
16061
14019
25089
6317
27954
5986
39928
37299
11439
14483
33691
36112
11625
39414
10267
33181
8240
33803
48545
4414
4625
44500
5019
38613
22684
39036
10631
14695
37779
22216
20913
12795
1806
35464
26722
29739
34114
20177
9929
41519
4056
33635
13390
36557
15776
29680
48895
19491
5444
38083
34038
41921
34476
36163
555
14652
7196
24297
36157
25064
36308
48787
22820
7499
9350
40961
16159
21565
22002
9358
40477
45886
47967
3336
12397
13032
16502
28996
26183
6523
15011
33006
21782
45332
9210
17910
30428
21819
26922
17739
43704
23010
48385
10044
9432
23250
7062
3702
4545
39630
318
45476
544
41415
4359
45192
30100
33661
12919
31019
36678
19644
24234
12764
41514
2928
18491
14797
42291
41738
49824
34697
40781
15625
8064
21922
10135
47872
34405
33145
20411
16852
45688
32989
41580
33113
10858
36241
35344
14364
34767
24052
3074
37462
12179
7872
29158
9300
32208
43013
38220
33773
34439
20809
28188
23203
49111
40141
43586
42915
10823
18885
41550
32744
28033
9336
30863
46800
26872
27084
14411
31067
48699
30769
32780
36831
9306
34615
30655
21903
41589
4369
16145
25850
8680
29984
28808
43286
26473
40508
23618
47364
25687
44966
21342
46846
6362
12744
9208
11845
29037
12215
43261
31537
47112
48288
8537
38797
15076
35855
25637
46679
42634
40515
44249
42493
10062
29250
46566
41095
42686
41549
19008
4362
32040
40092
42678
2498
5017
36580
26581
19282
46274
4965
13180
37554
35790
36752
1863
850
38266
22855
1015
45678
25731
34307
43400
20250
1988
21997
19164
35023
31086
34988
8694
20878
4278
12347
11437
40765
49823
639
17143
5853
33129
1278
39980
28739
42991
2256
44392
23317
48147
16683
5609
32625
22604
32791
44051
29593
29722
22605
48663
48623
16757
29604
19053
5944
47770
1752
2959
3790
13453
40187
47153
2858
24935
47527
2811
27628
29991
49250
23034
18274
22442
34558
36247
5221
21479
45432
3827
26087
18680
14799
31095
19613
30965
25489
38976
88
45204
4057
3742
1141
44128
8977
6598
49533
16323
10546
34558
11418
48875
11303
48486
49667
31030
5516
22046
46342
3896
22161
10107
43099
46255
31053
4107
19674
40168
23692
36982
21393
47284
15724
222
33859
14974
24702
8406
9670
29151
7645
8701
12721
27558
33602
3946
5046
25182
42148
21297
43321
11649
24410
40224
9792
10069
49133
30142
8269
13310
46203
42765
28094
37715
3899
34117
39293
21045
12084
48440
27442
9717
44869
11536
30933
7812
28754
35457
37202
30750
13439
49193
32972
3393
27523
40913
44274
33302
29957
17836
36616
36254
2082
7647
33427
30404
42912
19293
44699
22691
34501
16624
4373
27108
27212
18970
4568
28730
43719
2279
2495
48884
37080
23796
4656
19867
39199
26976
11548
44207
31960
12995
23977
49633
48011
4102
46134
5711
25943
9845
8688
523
29917
19202
44345
37372
20749
8832
17757
40885
37759
1580
46996
32107
18368
2755
12784
25602
5610
49925
13100
20440
45352
34693
5436
47138
39227
4877
16557
28504
23210
43505
19628
15809
22367
27019
32050
13576
6108
837
32407
6327
47723
38425
23925
21825
16622
7574
20554
40097
25108
42749
41064
21220
29501
43383
29845
852
33388
13593
1982
3583
39805
12369
46358
30321
36790
7586
11397
43863
21615
36258
43298
26813
41315
9029
42618
225
3849
3007
9612
41194
29481
30053
6588
13573
7630
15013
27653
48244
3163
22202
8376
33826
16665
27438
16865
13011
11107
6156
7582
22950
41616
14514
38975
27038
36
48869
30798
22054
25773
5868
49320
33458
43475
23335
39136
34407
38854
21689
34187
12432
6081
5407
6007
38201
48171
11429
49313
7830
33176
21170
5355
47847
21502
15958
10793
25945
36003
20418
26261
16165
20102
9095
33605
17996
18923
42501
20816
35265
9127
11393
21327
23451
38386
49220
36130
8295
3205
15230
47909
46842
24452
48813
29988
8549
5169
34360
2454
44927
24766
39601
39997
20195
45297
7881
34736
18861
36081
40852
11001
8844
29588
5655
45777
37256
45562
10224
19061
5178
40991
13902
8659
19903
31619
6854
47332
13227
12197
23238
45026
5015
12511
10954
39213
40993
29881
45294
21627
42765
6388
45574
24835
24816
42490
4637
47047
4560
44442
38749
8273
3659
26289
21611
49735
29758
9149
40163
33004
39055
45231
31845
5959
36389
32140
4082
43523
32463
12590
13484
29150
17739
28378
7796
40538
3984
36341
33260
12514
18571
17870
219
34199
18342
32291
41668
14166
7038
38305
23121
40635
49601
38764
18576
47806
42206
25034
23962
14424
28552
19508
1029
38102
15905
9218
27712
49876
27363
44073
31763
47328
43477
39046
27942
23349
4926
47059
24350
16276
7371
47120
8386
28285
27960
25601
391
43437
34908
11293
16722
32499
42170
33724
46119
23889
3930
1197
5184
14106
46864
21208
8968
32182
35462
20828
29688
15192
19074
13532
25667
6276
40649
14115
40571
7484
45213
1527
35285
48193
15382
45173
4854
4582
25957
33545
23095
22023
40492
8042
24394
40509
35416
34828
15580
13153
26869
45603
32777
35731
16357
28161
23164
43279
16399
10881
39293
28745
13361
6449
49771
12614
15532
3179
28555
8128
35991
13762
35419
16306
11669
44558
19612
5551
23394
48441
16179
24915
16442
11062
46232
43474
9646
36051
30083
3729
5642
30625
29142
22848
23641
4891
15622
6296
19446
37913
22501
23450
2034
33954
39984
35081
27807
15105
18565
37142
10470
14189
37717
5547
7768
33311
16431
8790
47641
34872
13744
15999
48282
35947
1027
16790
11180
9984
1049
39127
3645
1134
36470
17344
49815
11870
16852
34412
35963
11649
19575
29646
5902
14783
29727
36386
46197
576
37154
10706
5374
20243
49099
12560
14774
27062
46547
36106
13132
3167
10800
31246
16031
37012
48494
47724
16713
44364
31128
8020
47373
22084
45837
48574
23735
49324
32221
2239
10382
4619
9768
9923
32101
29909
18235
47536
6967
44016
34735
23793
25451
46397
5743
24655
21541
44366
4178
17728
3164
44567
32571
18130
23105
34852
26572
22469
5867
10894
2910
24543
27608
13932
8664
25215
6498
8703
34750
4609
12156
6971
49363
27310
21530
6351
30873
492
2971
21215
23212
13569
42011
2524
12140
42250
29206
8636
13906
6153
31877
10479
38242
31855
24988
36045
42623
4903
292
15057
28016
35500
14659
31878
30687
49714
23466
34770
17699
20765
34735
31979
43902
47280
19674
29497
45368
22965
31191
13140
10028
2878
16920
46656
17444
40154
21979
31659
26418
1388
30271
27822
2746
10670
17652
24800
32887
30436
31963
14185
37102
8009
16848
39240
20523
15966
35026
19879
3083
35939
29886
21371
14651
16264
12025
17214
8338
21674
37722
4746
20208
45373
21349
22182
26042
37659
23416
14585
13958
44555
47693
12793
15389
20130
36396
29027
695
6325
34308
21812
46994
36372
49672
13984
17836
23028
32116
26712
9651
34241
49695
21362
27941
41936
3712
7904
1041
42392
49133
39623
49250
48698
4231
6064
47223
10486
43795
39214
7964
34621
28653
44385
29183
38955
36046
31898
24658
2101
48370
17969
22448
43255
24696
28795
1410
15037
29162
10383
19248
42997
28872
839
15073
27894
16393
21117
41114
45100
42691
30655
18174
41862
13819
47489
15784
23126
47881
9275
1104
9660
47278
18639
47144
11870
8661
45400
36859
19812
463
8933
39391
14464
24231
28797
43711
5340
8074
25340
11584
28331
41056
35478
18378
37549
5706
34709
29186
4635
12669
37515
45041
48336
19219
1133
11489
7271
41571
46988
26102
21380
45167
36140
45632
25013
11447
25440
7624
44679
40032
43087
37514
12286
18569
7451
7065
13460
49065
17669
36785
36839
37456
25259
13398
45947
26732
17479
49956
31172
4864
28589
22110
13374
25355
14010
43583
20996
19958
45728
12866
18205
36269
11038
17347
19509
12550
6308
1282
40092
7763
8108
6845
35998
15020
15572
9978
46591
23665
27272
4578
4799
5630
44938
31138
9362
31469
41312
24606
16224
40050
36860
25421
1845
47125
42754
31894
27934
767
24075
1478
2036
15961
20114
11803
17754
9334
21453
17568
27960
36488
30934
38214
8353
40644
26507
18280
7954
49441
16622
29444
47591
24931
19048
15628
48438
46690
38510
17016
29245
37990
44240
15839
23639
40041
36671
18764
30319
22921
9443
41098
29409
34445
36280
6160
9156
47562
34452
13729
11940
45734
14833
47328
34528
25112
12094
26489
18352
45435
1751
19578
1244
9121
1135
30175
23804
7725
41349
33825
36835
14760
31258
41890
1363
9007
38943
14572
6821
33489
3874
995
40441
30146
31809
38836
40874
23108
11297
21368
38499
49280
462
9142
33818
20396
5373
35960
19695
7163
47296
24029
34202
534
16988
9149
4296
1512
47087
32054
6262
7207
49662
25520
39281
41053
41708
7532
49077
23230
29408
28474
37533
35178
31424
25362
34430
14561
7397
25261
38439
24251
33237
18448
12224
41784
15707
16726
49910
33373
21201
17241
44011
481
33513
48583
18317
8722
4309
46907
48451
16874
961
37328
29369
1924
23164
23787
28245
17579
48241
1333
12615
39762
32893
4203
14837
46609
4343
2504
23516
14877
12221
7949
26946
3760
6563
24024
13255
14365
14696
3539
32802
6486
2616
49416
31416
29182
7817
19024
34007
28588
33718
11191
30452
28322
10927
45463
10587
10102
49370
43478
46911
36347
38086
3419
21429
30508
1424
20881
47042
45787
36910
29931
41565
23371
23597
23071
5268
18888
43905
160
46993
47430
19247
23530
18883
23601
1748
17446
13306
29639
39935
12909
37089
46677
20898
41712
19046
12756
12611
6331
42818
22469
11620
39897
8525
11719
8924
25660
1716
22360
39057
14472
29719
6626
3477
25850
46759
28505
15079
17318
49827
25583
8145
30106
1005
3796
27136
39320
49055
19351
8587
30203
43294
19030
3963
44920
49145
2041
44532
1532
4663
19624
36535
24740
34116
10796
1377
12453
39372
22308
12828
12830
41268
7947
36786
17105
11554
5855
44861
25703
47192
10749
23239
6275
22668
20599
18898
12191
17115
29758
33165
48580
30431
39877
30923
41093
33207
32577
27711
31145
5751
12458
28487
47877
19447
30614
26266
34823
21405
42307
14144
36207
36210
15915
45580
29080
27962
21972
34971
15682
6812
6386
36405
43968
10152
33396
18068
46150
27504
40534
39518
31001
3163
7279
22374
473
11945
28128
44784
34237
32830
21238
36131
9089
25224
3633
45466
48317
40616
26883
192
3183
38088
48734
34096
15216
21926
10284
42231
5769
2351
14381
2671
30146
28131
11202
41750
33103
35705
44397
32100
8869
2439
19051
5547
22345
49076
22047
3948
40081
16386
37678
17341
46449
44900
9540
19209
8995
18640
37131
1868
44070
30699
1551
7531
32987
16360
23759
8300
9712
2559
26544
32376
11782
30925
42914
47684
22421
12787
4695
2509
3193
32146
49273
23023
36303
38354
31749
37448
12174
13834
41546
30901
23644
37970
23031
44597
40271
47898
23034
7510
33437
35734
13894
25464
5142
22414
41311
39058
35846
400
41724
12430
31475
2926
21191
17078
43681
43744
1494
40786
43513
12586
40886
36750
34991
32269
48802
18858
28122
38049
7304
35802
350
28991
9781
17752
32207
10003
10881
37700
19845
34625
4227
34284
28628
6683
13117
38166
23342
7731
12263
42773
49482
43664
22829
31889
24348
44261
37057
48769
45771
33665
22675
19925
9499
47149
27782
1622
12923
5823
24595
21671
2836
33374
15088
10485
7687
14886
36589
25496
22810
31676
2768
42276
49906
20068
12905
11540
220
6278
24698
699
27824
10572
26527
2485
25670
7003
11629
22255
16812
42935
10335
49960
9000
42809
11057
46944
1663
36352
36911
7264
44457
13358
13344
14258
1405
18840
27624
41115
37923
28544
13130
46875
40242
48413
27782
18267
41768
25744
19183
12389
35185
16702
16372
10416
1615
46304
28500
34488
30300
39407
26943
5097
4407
28214
4539
7134
13121
36682
19172
4993
30865
36936
6416
30309
32932
19934
19557
24286
5491
409
23674
29583
49514
40903
17712
20863
1133
43313
31407
18959
15283
30538
31659
30498
36764
11393
10898
25262
16893
33367
29063
30916
5942
13944
2038
32228
25379
18970
33768
18656
17019
38945
31043
32661
16454
16374
18131
49767
16434
47560
38766
5195
17481
37017
39999
17212
34305
10881
34629
15219
27595
16453
12675
17384
36578
14392
18303
21604
45425
40887
20305
45593
41417
11728
46067
11279
13662
41674
34129
12005
4402
4788
37703
10401
10446
39166
27358
28994
22501
34617
23609
43629
23603
20204
18080
23312
20014
3999
36291
32172
18453
27924
12912
17746
13812
10737
5359
24396
36456
39857
13058
47749
49819
17613
37211
48872
12944
43614
19525
17397
21913
25813
35101
37632
35601
17153
34949
33776
8564
6899
9630
2352
48996
2363
7958
15826
42359
36967
36227
18375
11138
15931
5694
44292
24781
15143
22388
22403
28122
47776
23877
9150
36509
17926
49197
20044
36129
12176
24700
23768
3866
29086
13666
4510
3239
43346
35461
2975
21695
21172
16172
15110
49260
573
13983
2784
39768
40342
41675
11883
2159
48691
21439
10444
12359
11813
44092
41908
17386
22865
25747
3832
13965
29075
48501
1963
21250
33315
35581
46595
32125
41157
8503
24861
24298
43471
15576
40882
35618
14490
21695
42701
22840
17013
44802
11801
18416
46473
19703
12672
40984
16416
26563
20552
36303
28545
46755
49501
9609
20132
48824
39028
5818
11808
22380
18517
5804
37803
19446
6494
48800
15118
24854
22679
37626
2362
4192
9206
15999
28183
39564
39188
22342
49022
45844
44872
40197
7508
27375
46510
23789
28791
44687
29703
20042
22343
46377
26716
23555
31640
26197
14753
43849
39512
8258
38795
24855
34165
27983
17929
13562
17505
48921
42710
11016
5644
48957
11345
7395
46275
24284
29094
9304
27052
4696
11431
16559
42206
16265
431
39912
47992
23285
19129
35536
29457
41888
22826
780
8587
21242
40439
20750
21326
35785
46979
9663
38135
27643
7666
43470
11916
20977
28082
39988
49074
24026
38418
2866
16481
13836
17871
31997
33444
21661
19576
25020
9595
39629
38729
6639
18724
29041
16015
13486
14401
10049
13372
30452
31173
21374
37427
3435
40712
18417
44365
22175
27537
338
47543
7202
34408
9131
2706
23830
48651
2102
24327
48156
15700
36348
772
25840
37330
14879
35978
24327
25288
32704
7708
2642
31327
7815
11349
33524
14911
2170
49139
32009
41176
32869
13067
22116
45036
44380
21469
42973
5147
36291
4350
2242
41697
39960
12560
9730
18032
2441
24895
42402
32383
42737
40237
32299
3772
44596
45322
38340
9531
40578
41514
46757
42382
3105
6492
4508
17485
6370
47581
34439
35983
18838
13640
24545
40563
22745
29425
2901
34467
8446
31772
40971
26595
19801
13021
40331
43033
21529
49237
25144
48376
5593
27978
45211
5682
7850
4051
9741
16078
16643
11653
43209
7787
47307
31471
11919
3681
258
29897
40973
15903
47957
2000
44518
33244
5527
14109
39417
22439
20754
16382
16076
44709
30713
46351
1982
35938
34137
42064
7975
29366
27448
13356
4685
36368
23524
22162
35240
29914
28951
9668
38597
5142
11126
6649
2160
27485
48095
17433
12753
25154
37130
33796
2661
37983
6367
17393
6485
46756
7480
36789
13250
40822
7394
42228
31361
5248
39969
49316
47795
14211
3860
48492
46129
34915
33297
5096
31452
42518
1405
17811
40476
11904
35344
21660
28505
14359
13778
49031
33875
48929
49858
17485
44359
17769
7518
244
42488
46858
29236
36750
2575
10640
8513
25796
47521
16369
29567
14714
5276
8377
44083
38671
31061
22903
15655
46238
2440
25313
8169
18081
12466
46748
12596
32980
42773
24423
26290
46107
9272
26096
24706
1438
28161
33556
16249
6209
42511
38413
4521
10600
43544
2742
26150
17236
27370
44247
12625
37289
17626
17754
25563
49645
46619
9414
14310
8024
35669
38064
38538
22709
34918
15758
25081
5379
49059
26800
33111
29563
13737
34568
13170
8580
25617
46500
14267
19562
33721
48915
45014
16823
8294
16646
12021
33873
6428
8443
26389
30604
36454
22458
17199
24622
11885
7570
37721
41254
26309
16370
11029
28014
2342
2068
4734
23880
38954
36382
5516
19811
20772
11902
26599
48778
18162
27851
18552
38214
45528
11966
1225
6372
8789
1011
40582
24529
3169
40485
32852
4841
30610
28217
40605
28081
41317
10451
3032
19381
28821
38598
35527
3896
8406
41872
31377
31183
26584
11435
32706
15022
29355
15782
46261
18723
47539
41183
5084
18765
47173
42965
42172
18165
31912
15115
47926
35125
10772
19275
34727
22052
8097
46073
1697
40526
22768
32205
37356
15514
45741
2699
19704
41777
38455
14360
43160
32712
26894
14959
7168
6518
29675
39745
17089
15985
7802
15413
6378
45886
47924
38972
988
18525
7074
49983
9158
30430
8054
16673
26613
30697
22103
16533
43048
45052
4106
31178
47018
26859
38665
25822
5915
13408
4454
43441
3790
19586
17963
41619
39953
2199
20952
19787
10773
47816
8448
21151
6631
11563
49521
41222
17124
35333
25522
33671
11160
36463
48895
21269
13469
45023
21962
31746
49710
25865
15919
36924
31707
24747
25552
15531
21081
42600
33595
46416
11340
24176
37280
21554
17750
22964
16628
4481
30363
46733
17988
23870
38035
48268
36292
17346
29872
1931
40271
43211
33626
13096
11657
39026
20220
10912
19621
19906
33787
824
24891
41195
11319
41686
14121
10520
27526
45681
40841
223
46733
11852
17509
9602
30932
26713
184
4915
41514
3793
10078
12699
62
13983
3837
46099
8563
46638
42319
1181
29530
7914
34899
3971
35383
15755
23674
39713
20433
30517
44290
38355
27197
3254
46460
34874
39924
22755
49793
27363
837
6284
7312
22023
49708
9376
5947
46229
327
48056
25709
3702
45129
17890
9609
2956
18716
21496
9005
3965
35134
15581
17664
21664
19009
5550
20589
24494
23984
17482
7118
22843
30311
38884
20263
14182
31625
10946
23582
28007
16176
25029
42306
22772
43548
316
10005
45942
20873
39262
46087
6482
3238
31309
36692
6478
33714
18412
29344
27696
38064
45708
15428
46704
755
29099
36208
25465
4573
29742
27064
16081
7158
16272
37780
8003
26793
2155
12464
6919
36568
29283
45802
21337
31422
15763
14866
36232
31645
18259
18863
4805
765
23782
27464
23587
41416
26311
36673
40453
23721
574
29504
26635
35815
34276
7670
40725
11574
15935
1467
11802
11577
48799
3630
23693
46424
29864
34022
48198
213
37890
23237
37983
44355
24515
34774
6861
1291
5243
49636
24522
31645
43608
17826
17056
48338
40547
31231
13385
22252
36504
48988
22709
16444
806
10403
2826
30550
39922
9670
25439
37634
35855
4685
31188
8209
32870
8970
9432
20337
31679
29222
24609
14699
32362
33095
12689
33232
7382
4755
14453
47238
2452
24986
23630
39974
25774
12467
7716
25705
31860
10628
23992
1629
6319
20848
9575
34122
42614
7111
5670
48641
38843
11820
38881
20258
41929
18321
39313
44968
19887
8974
38337
39016
34837
19533
46415
16355
870
38333
40418
48872
10
3215
32139
17119
17573
34935
10529
27480
22587
1499
42423
9502
18864
200
13131
10219
13583
31422
35826
21413
18780
33095
28650
10551
20838
7752
27145
20612
41759
40670
15038
6964
15835
6197
8783
29628
49843
28707
42373
36373
32201
46245
33320
13324
24057
923
17902
5539
20786
43970
32107
15509
37012
45964
36157
6792
40246
43594
36592
32537
23547
2264
13553
1693
22672
15023
29030
31688
1078
20631
45581
39990
24510
6534
21585
4175
21733
29124
34772
27368
4349
40643
19930
1154
30181
48895
8501
40931
2649
834
47322
10988
46810
2686
15604
46110
49093
32800
12993
27989
20342
12492
27084
48561
26357
39245
21632
7857
4049
33128
45886
2829
45591
30391
34859
15107
23284
37907
48887
32951
17976
5458
2552
40977
49249
39946
41899
47965
25847
37434
17416
21692
14405
34128
37994
5340
18412
48910
8986
9629
7708
31599
45025
38959
28389
48353
12685
8428
42116
24403
22529
11911
24076
40683
21555
19069
35480
815
37304
30648
21671
45998
13468
41362
10778
7391
12648
21580
322
45187
43165
11684
42372
24182
22044
40998
24684
33272
37271
9760
15736
39873
6897
48807
47475
1824
21593
34867
19693
20393
12163
20621
158
36545
2217
44713
36164
25824
42331
31623
5
44543
6377
22825
15888
19673
10841
11379
26570
25161
11452
22915
8123
6555
26991
30187
12339
8390
21739
29323
41769
45644
12733
17897
29347
28000
9472
46197
45645
36191
6947
42210
3272
49773
17099
34892
47973
30059
4962
25528
42045
14475
30182
44015
11670
27684
43345
41978
10082
39238
13484
16476
4467
43003
30222
8368
32656
38665
3615
8701
8449
45714
26914
47079
16790
17640
41819
29724
31143
38214
8455
38904
3336
15827
21378
23673
34752
36013
41561
17250
29297
4953
17198
14074
44800
23470
7747
34124
673
14489
42894
49458
29158
24101
47491
36416
7925
5251
26478
16808
23302
35502
12735
23688
49603
13298
25559
21995
30096
31598
32081
25075
6764
3976
11356
35539
25868
18309
10998
9576
19985
47444
12028
48836
13727
46315
25309
20342
16951
19447
43662
19317
14696
46812
35654
16641
25631
565
32265
23222
28321
30454
37697
37037
22957
16384
4310
46229
21519
6381
8621
48743
41307
3825
35738
10914
8038
39077
11742
49833
47725
47522
20631
18868
3155
47639
13252
5435
15508
47341
7617
17398
24882
24595
38412
6537
16939
47015
4481
7073
28473
42696
707
6786
17973
14887
17188
11292
40122
26984
44567
44375
21894
8378
9833
29444
19830
41532
9396
33905
5644
37103
20563
6594
47807
38528
8482
4221
18056
6875
10847
32972
45627
49574
36043
43056
9768
48243
29373
48355
67
21953
42162
48739
5511
14471
27584
41091
22906
2483
10683
17717
448
27999
38747
16223
562
17760
18712
40391
26943
15445
22535
36599
47063
22557
39016
4017
8106
27476
28650
43749
13184
47553
22301
35462
22357
11020
7549
22411
39442
29278
22614
3391
38375
24669
19711
19442
40945
34305
29404
42266
26319
2469
49876
19146
1978
34133
41354
12756
36298
34774
25437
5087
29450
41825
27661
36583
43757
41526
30792
16461
21785
16035
26065
17480
8159
2744
49602
19487
30960
25771
3952
12013
41787
42188
17398
2963
29403
41521
14786
34432
13639
37173
14692
27155
22905
10711
41368
27283
29109
43302
2777
34669
41591
36950
10572
16785
30405
11570
17054
11085
18694
45294
18400
19827
18780
44167
43302
9225
9941
13275
40391
49952
28180
3821
14593
30366
32837
15920
8762
25208
33098
22676
17672
15732
22502
26543
19684
30904
38949
29936
48093
36657
16575
679
28165
29200
43807
19061
22494
24372
45999
12662
23788
18039
22642
10664
6098
1639
49325
26958
7636
38601
36550
35978
10480
39898
20149
28256
45871
27325
22638
2696
16922
32127
36808
16615
34440
33526
29119
38241
21329
32584
41758
30042
36534
19533
34804
9954
20843
28546
29414
36257
5846
37357
21208
37856
1279
47740
19412
9152
36864
48790
28785
33841
38815
9580
21962
34318
26896
36058
2197
36741
38000
37694
48149
9972
22190
18982
46828
1906
24283
3735
24963
3776
22348
28952
4511
41697
39254
17856
16533
8722
42623
27080
32574
26981
13383
39888
31471
38349
5242
43203
35646
16808
19198
24324
12318
801
41031
3908
28395
13173
13122
11076
8482
20036
37039
21611
4619
7545
12722
48818
6782
6858
21954
20153
1236
40035
13355
48613
4950
23481
19170
46834
25135
33359
39018
12078
18575
37911
19500
2719
12389
26259
34003
39438
2310
13352
33843
38306
39062
16517
28766
31163
44878
47854
47731
16082
30256
13553
9458
15681
2259
37153
47259
42938
16588
15708
14
31728
28403
30982
35792
4921
25782
26639
1679
24513
49159
17714
21309
9748
15992
16998
16256
37507
25303
12223
4869
26347
9216
20774
32501
9313
32919
3353
35873
2543
2463
43655
36672
36935
31738
15804
9787
39841
15183
16047
43317
25965
17657
12905
49263
36948
46464
36069
34939
19688
48301
18796
17589
18036
24089
11836
4225
45934
17236
43859
13814
49406
38061
15700
25683
4886
10663
21347
24862
2648
32718
24484
3736
25786
32967
14689
47458
15874
643
21067
46574
16322
17603
5006
17249
25837
26211
20825
24113
23706
47303
30042
15309
14322
39345
32335
124
14408
4625
43922
334
39423
48261
48352
1775
11637
42167
4301
11626
4161
19546
3271
2840
9531
42720
6933
13437
34795
12212
25298
4056
5334
37958
21464
6126
26141
30389
48954
1309
32607
18284
47310
41267
39890
28927
17347
14766
14188
19063
10640
9578
45581
47272
9538
30048
49405
5819
47734
38158
9435
23914
27576
31374
4165
804
6532
29988
25092
807
2193
17109
47833
33001
37973
32796
2786
36096
870
3907
33289
41099
13740
46362
3140
49409
21922
47560
22109
7675
22647
45683
21764
15589
14009
32802
47438
5757
17039
6876
38074
24177
32274
20484
12624
19546
23251
23410
40248
28133
20630
29765
46348
4236
25440
26265
15882
18829
7297
3751
20539
7273
39689
12472
19403
29644
36484
23528
31729
18193
40772
41940
43403
32051
12690
17122
25298
8152
39973
19224
9084
13041
41130
6996
12977
26734
25735
28478
27590
6166
20439
33951
17902
2553
40820
43251
18421
19319
35100
47517
38238
20076
2583
32781
48986
21921
29114
38652
44396
35327
24731
15938
3210
34552
16870
49230
38688
49744
27033
4800
2950
19152
31221
49524
33965
23802
27201
32140
43583
6436
39485
25914
45274
36470
24528
49616
45527
42008
34149
4001
39545
26141
36403
15852
40454
5098
2176
23465
23031
28959
27166
33915
40302
46233
31531
8097
13879
43504
7804
37723
34966
19994
46707
34879
37776
16391
13119
3248
14836
5095
33896
35544
27658
43050
32043
11380
18016
32811
34498
33680
17488
45152
33355
29837
29803
48763
45031
31320
31619
16870
44703
8849
45889
78
31844
30659
5288
20885
5993
24404
24162
34411
12953
43968
41962
17061
33418
19890
47378
28905
22054
14612
28476
40788
44881
29925
29483
9636
32468
45157
348
21192
17585
9238
29365
13653
6148
4106
47363
7199
17034
30318
36053
18865
13328
30296
17993
28605
43077
10823
39858
42855
29444
1299
30951
49393
20916
17193
9209
32363
21522
29488
35162
31492
26035
22248
27197
34946
27199
31775
44176
32526
41448
48160
48052
46963
33887
22455
33683
43144
45222
15962
7131
46414
2283
25980
42765
34108
27
34248
42471
34668
5306
17886
44557
5513
39968
37545
20109
35600
10360
25711
16311
23627
20790
12343
19960
36120
5150
47763
15244
22626
40176
47686
45191
8873
46518
1858
18139
34578
38836
8403
29525
21272
20327
24987
26183
1167
41345
5074
40021
48045
38563
11919
12700
38426
48984
18512
24275
1042
19528
46682
45957
22453
20093
45909
26176
20332
11537
19899
33354
49824
20417
8227
32817
39953
46744
42901
14258
37750
9431
7491
3996
25661
14487
11337
27582
39903
18037
28731
36413
4265
1691
11108
24504
14846
16038
26146
32285
18740
1415
30847
48754
49097
16625
46854
17261
1781
10685
586
32138
2516
30714
47786
22163
43
20887
21366
16456
47399
10464
493
27669
38244
13646
47089
2776
14807
17064
5360
7356
47330
7588
30110
21452
4147
32544
37535
41379
12930
35430
23889
14257
37958
30317
48993
3617
22194
10647
42190
13966
15588
45975
34640
18595
23884
36107
37897
8087
18380
28652
34589
39313
48015
18282
43574
47367
15382
23254
4303
49778
46997
27890
41678
4860
561
41606
38797
24904
13938
30926
7347
46569
23655
30803
16928
18786
7991
15101
11954
7193
49908
4039
41447
46741
49444
48004
30815
31786
29596
5659
27444
36828
45594
2547
22390
48824
14343
48095
7000
31734
46126
391
21023
10522
23250
19343
15875
41235
12192
36273
556
33597
872
28680
13175
22466
22523
21295
24416
48589
18173
1233
42404
15192
40308
45474
2184
15380
9743
44304
19952
8903
4432
20328
6058
34398
11969
45276
25095
9804
19310
422
7600
25220
48230
17822
30420
41901
2563
40107
18096
17913
16953
48243
17257
36543
8333
40083
27062
30328
32054
32054
1440
35085
41107
4808
17102
48388
27519
33340
17491
4385
17808
31016
43605
11796
1467
38118
46761
27127
14423
30672
2560
45072
37980
23239
36252
12580
26013
27972
40703
7333
49517
3012
18353
39742
46733
45944
15390
25076
14565
34956
2978
45717
48439
44588
14322
35128
29985
11561
16766
4278
27674
46102
41434
32253
47361
18446
31847
18808
36629
15359
9658
24040
12114
29253
34144
5817
1375
12062
17442
40866
8046
3153
41389
27300
38880
45628
37303
4948
13408
40024
5448
9740
39007
31760
17476
38155
33253
42013
19407
7131
24066
15712
46062
47337
24482
33734
42185
14522
29131
45436
17939
8166
18773
29479
7577
26902
16927
15158
31079
33983
40784
16232
48303
22727
42881
5370
16357
38959
34461
44007
18355
40302
8974
44436
5657
40296
38825
47326
33681
31137
4765
27256
45769
20668
44731
45461
10157
35698
3948
37754
5647
12285
34067
49131
49481
475
8326
40124
32240
44193
34121
35202
14807
33752
13023
5699
34589
18345
1300
23379
4822
18808
47732
49153
23712
29476
20966
15861
28263
27697
24287
47797
36061
25158
4730
16958
10541
12973
37608
45735
24750
5216
25399
20634
24364
34131
42610
18312
26434
436
39812
4552
15247
2389
6385
33446
11336
7093
5740
39843
26895
7889
18778
31033
26709
48390
1051
5463
25923
8733
17960
6331
21419
29736
18174
42228
44909
20168
26151
10706
2349
22724
7307
17999
48464
11188
20002
47625
7951
17967
16717
1215
37482
41219
12206
45279
38779
15449
34007
49866
47498
16289
26245
1795
13401
39693
42586
46967
25916
38849
9724
16175
47801
32048
49734
36969
17103
34381
5355
13528
30955
41656
37264
48280
20174
37520
17094
29367
43520
42555
143
43871
28770
16493
17228
46114
29634
33023
302
44408
2351
14569
29155
14197
5438
22432
39621
34077
11127
24163
45228
1486
41400
11733
18089
45811
14341
23975
18163
8069
30807
35308
30461
45392
6342
42626
33921
45654
17606
12115
2802
27741
32772
38569
1736
21211
35211
20106
32087
11160
42942
40997
1873
37479
16357
39016
38705
20086
10700
48597
40840
49927
40812
40016
49765
35108
30989
25896
41244
15718
21127
11175
10033
6086
36413
47204
27976
45906
29762
24890
7466
5688
38915
15057
31044
4759
28968
42384
31696
13237
46979
12290
22450
3932
23595
14355
21678
19110
46148
176
35825
459
43573
28785
16360
6956
18423
48308
14829
33186
24984
32723
49994
14070
47245
18763
29943
24614
49489
26261
38399
48954
17889
37009
36667
5558
23463
4008
9765
23
27485
29631
32325
13428
7010
11866
36441
31792
49998
14087
21357
37234
48149
28479
39612
19057
33351
38581
4337
24881
45387
44989
22730
17538
16107
18759
9989
16824
39033
3545
21314
30218
32532
22656
37360
46709
37699
49792
36423
43120
44081
18279
39316
38035
37814
4791
41766
3976
25895
24768
35519
6700
10867
21957
7492
46153
28879
14119
33274
31907
44973
9706
20557
10598
16728
26267
49359
35855
8231
12927
21429
37763
26087
48888
4523
29184
45233
2823
20555
22392
28534
4479
34698
38388
33470
8575
24780
12774
7742
6403
36052
19715
13036
22159
4946
38318
44186
39588
7352
24459
24528
45130
14882
11011
3478
4852
5728
1964
46751
37335
41940
2738
4632
8058
49052
49446
7542
12119
23362
49994
49478
34342
7681
11841
12682
22936
2402
33601
16466
40950
26342
45531
26656
37664
23900
2153
47795
32989
28327
18076
16168
21554
35190
18932
27919
31956
35053
17298
13678
31933
2532
18577
11028
10941
30270
15030
19528
37754
32509
41604
14598
10954
32130
14036
46213
18296
4068
28641
46689
42115
13198
42311
13234
20415
15492
34030
27180
7565
29485
41168
25894
48678
4223
15124
5373
34233
22427
844
48517
48788
26540
38453
47214
25178
28565
20310
25582
49710
14585
41667
21503
40922
24090
4029
20112
30390
5696
45034
9542
23480
22158
49704
14690
33607
9806
41991
27241
42637
318
23348
10995
24315
13772
12382
1839
15352
19813
33558
36647
20934
8054
19658
38023
34773
33454
16188
34366
3106
49306
6109
38737
42526
15349
33783
14243
46157
28110
8104
32661
3878
17974
12676
39602
32272
38068
29582
35129
49069
28526
13766
12301
43783
47784
43083
15939
21773
2934
15243
220
19434
22301
994
5845
1442
14192
46269
13024
43133
25705
11334
39812
19688
36301
40513
25366
33545
30455
24917
21352
26263
4568
22373
39005
6844
37283
532
12627
28113
29168
45289
11848
20991
6699
261
10912
30331
29850
19090
34519
47544
32167
3249
20709
29031
5709
8937
40156
28850
18297
27149
30479
36412
20024
21956
16909
22481
24371
9041
39210
6560
38507
1242
40260
8371
6353
48137
38649
25339
41449
39937
47764
27996
17857
37877
43187
30561
10704
28516
6466
26059
14942
48803
13039
25954
28737
24981
46653
8133
26043
48847
128
28393
48539
25103
46783
32196
44716
36474
44408
47750
7049
49922
13331
34330
46556
33150
47525
171
3149
26443
9863
1791
43290
406
18387
39204
22489
3434
16910
39800
30616
48855
15059
8684
31261
24696
9231
25893
32961
7450
1908
47244
21795
16959
34575
6359
32377
26220
31616
39695
20140
38357
30424
32178
6250
8528
31745
47881
562
45217
18366
1018
27004
21696
13247
49904
7734
13544
7681
22137
10494
21837
254
42395
46150
33644
9068
13366
35179
3381
23516
49338
4344
44358
27786
7158
2876
24289
11790
4255
12202
22871
20017
7045
38788
6340
46040
46085
23118
5113
19000
49839
21985
35948
13744
44706
7532
4349
24548
44647
32615
32257
30231
14352
26231
16498
8725
49755
9168
2490
21834
33362
22634
27489
36289
34883
47839
46739
5653
25786
16401
32528
48601
14352
2902
27809
14237
27479
47069
45236
44201
33992
36837
3665
26448
39717
18414
21140
8262
11688
45098
43128
33119
39418
42327
7435
22882
15043
4592
37911
3083
20674
46502
37774
21203
17631
20907
25025
8632
7906
19943
30764
22579
33057
14190
44643
9108
26250
1771
10613
29206
4453
42588
21842
6382
1787
18655
31136
40221
20736
14003
44764
15098
14755
28276
12871
28798
17292
49521
34523
26168
39098
31590
42472
11080
45976
8562
11344
14418
35478
35479
43808
4189
34313
38024
19940
4012
28329
49805
33827
4726
48491
1645
34820
41675
39256
32720
8538
12246
37485
17273
15177
24521
12445
10363
41052
23854
4556
29690
25468
15088
19452
47093
23612
8825
8440
15714
6433
16668
38154
17417
47076
35827
8251
42315
9297
8506
37133
11528
896
9288
12586
49884
18189
24086
42297
33304
7127
9175
45137
26098
17982
26237
47282
28552
11286
23180
30927
31994
42265
7506
29373
21532
21719
31415
62
9050
39559
12693
42624
32073
46291
24080
45694
43054
22154
33617
3848
13801
41026
3701
49370
37620
12978
30497
3593
15770
22599
39751
36627
41144
6863
31632
32826
17849
10229
28728
25480
14176
22315
37767
2719
47502
23031
4577
20820
48859
39560
3220
10346
9976
7608
1024
30322
31209
25814
21647
17326
10525
31094
33084
3664
3456
10480
17077
17688
41302
27441
45218
49388
47281
769
42943
47688
24589
1300
44706
47510
29726
19857
11639
33099
40811
2594
26449
35044
9529
26078
30654
32573
35958
9164
23036
34636
42079
6190
39610
17709
923
25389
36656
44966
10163
25965
22794
19341
33309
18745
32634
30941
3019
5271
32220
25042
11523
16187
41689
49743
45134
42771
9516
46661
35384
43127
22562
20095
47917
32873
24612
15523
22669
20354
31413
8108
43199
42426
19554
47172
18159
12899
11751
8100
32952
37750
9440
13343
49069
656
27591
47903
31301
41644
45246
46986
14737
28726
412
40621
16345
29215
37235
11280
1654
16175
39201
19071
14569
38575
48534
12581
42699
36071
30441
18364
19600
19193
18466
12562
7199
14492
35797
13395
25168
15152
17720
27459
16639
16407
35059
46533
21122
11214
13544
46821
25827
42289
14628
8690
48139
29219
17800
6559
6373
19017
31217
8906
20838
49596
9746
33618
24415
34375
216
33531
21853
37773
41191
45828
23425
25142
12083
19772
34291
12474
9286
35849
21988
34410
18545
23501
38448
21675
32692
14419
39609
6477
48582
23988
26812
11695
8975
16831
2136
30915
11797
7457
34202
20745
156
7972
5568
13959
45690
23409
4716
5858
8599
23301
17999
27198
38003
44321
11356
23645
30600
23932
44386
27604
35523
47095
18466
6382
22429
8027
20992
4634
4291
14456
917
22050
32632
6490
1902
40435
7803
17968
1292
14118
20500
19829
29587
38533
20906
10329
18626
3002
38299
8975
12496
28273
20346
15575
13651
8610
9191
14557
1524
13735
36362
14360
28323
14838
3457
4693
22935
8540
4034
48425
36676
4795
48790
10750
32892
15052
49931
1265
34299
35240
19843
21279
11035
39853
14370
47956
34075
26179
16485
4308
25497
1775
21038
39909
14319
30843
39054
13667
11164
11796
10287
1944
26498
43810
39294
46614
47799
33184
16678
39316
32575
28572
843
22137
28985
45252
39971
7088
42751
32799
45901
3925
22197
28410
25518
18305
11316
24084
11811
45903
34424
18532
36938
6627
38956
46650
21652
46590
40566
45044
39273
49798
4297
21463
31529
14889
30736
10467
9617
30067
23417
5166
4741
41425
38301
43235
49810
23351
434
39285
2621
3428
4367
14001
20520
33561
33366
16563
1741
36957
21070
521
48335
44810
7327
30371
18812
27690
36201
23138
11097
5903
45175
18005
27196
18573
33512
27971
17654
34074
34739
45340
11734
11567
1276
7968
5877
3850
9006
10297
35402
16839
16365
35258
16976
10848
38430
28890
16208
20171
47595
39784
1813
10262
15723
20085
15219
34737
23620
41509
29226
22235
45309
41182
10451
15180
27184
30015
16569
9631
38032
10599
48044
2950
47454
9899
35877
10836
16430
10918
6804
43312
35542
33296
20605
26361
9875
21655
22863
44977
45147
8458
36133
17527
49516
6094
21421
18060
44043
21612
19893
21472
36924
27952
17010
15164
31296
39723
25651
14590
44988
2984
10316
3221
30112
35277
47149
16229
16092
10434
258
1532
12300
30165
23296
27450
30644
5181
16595
3621
28234
45601
12733
42369
12225
45226
8130
17905
25025
40576
4398
24339
636
35232
3245
27515
46542
8561
29439
36961
23255
24870
41572
41511
2372
48443
17776
12447
17738
862
5918
26362
10163
45471
3045
7222
41240
7705
44548
7394
27828
14594
9069
45173
38714
31702
15518
42339
12607
31896
8080
18546
5484
27371
41466
70
783
5851
34747
15190
1588
18529
19496
46053
8298
30906
20230
35463
43829
27937
27425
28365
41483
1713
16600
32599
6068
16503
44696
1451
16938
15350
13094
1245
29773
34502
28960
43115
22480
1423
936
38041
23960
3447
16896
15079
34297
45783
592
11375
44863
27935
8782
34293
49465
1461
5978
46472
44536
17375
38887
9334
27453
49454
40532
29045
13736
16123
28175
45453
193
44109
13176
47293
28574
1306
31068
3954
40724
932
2583
25973
22128
17981
35756
48479
31034
34859
30457
2166
24245
38837
47849
20250
43588
21327
8758
5719
27583
47611
40202
26903
41063
12715
1627
44792
39440
8799
42862
37475
23211
12061
9720
23156
40813
10035
24281
21385
42968
12630
35055
35104
24954
19020
36820
9877
25012
25599
35219
9660
4913
41096
47816
37856
40415
43932
33589
25063
44367
45467
17832
19439
37979
27678
9363
44185
26212
21537
46679
18403
42878
19031
16953
42481
26622
37571
6640
38270
22727
23618
16274
13007
4556
31836
11672
5950
16992
29022
39544
32700
45845
43259
49437
3898
43809
3578
8994
18524
3014
42115
34902
15227
42582
23572
20260
35465
22397
6079
5309
31700
33156
47888
27191
37387
1720
39058
30660
7841
46980
31610
38044
8511
30881
18580
41103
29015
6582
36872
33668
2931
40797
3166
4938
35450
49165
10964
1542
15548
24242
21662
23010
16894
31131
19450
30662
10268
39592
33171
10613
25010
45495
14954
8778
35629
15553
24228
29752
32853
41007
14361
33913
43277
638
19844
44492
25621
32894
6155
37225
23987
13707
10303
37242
36944
21292
8586
14809
22746
46931
43902
2582
40135
23565
39948
23459
46365
22863
32787
40003
9596
17291
7074
1440
23313
3594
25462
4029
41702
1969
46290
37292
48375
7539
39217
35454
8682
3979
39113
46857
10388
26596
3996
1515
30094
3840
26475
47325
41727
10405
1588
28537
42571
1795
6515
43095
28742
12431
4668
42047
21888
23682
11911
1939
33918
6075
30376
22761
7607
16892
30725
8995
12150
36884
44470
12203
36728
36709
24683
34949
21964
10599
41957
44082
41503
39160
35760
23383
48590
41585
18709
9301
41270
944
48353
36074
24154
29296
22821
35317
33245
7499
37556
43596
34309
25170
11427
17736
28964
1210
32077
35827
15774
2723
39986
18146
10537
13267
7978
46992
7396
13787
44289
10056
39673
40179
40595
28213
27908
20279
13834
38512
39627
10357
31396
17495
39300
15999
19490
32204
7409
33464
37534
22140
38125
26996
12694
35432
6373
1865
40113
35422
29484
27526
41165
48430
26491
30494
11527
28859
18150
20717
30296
2885
10272
27275
26327
46592
33873
33798
47064
27927
24798
19733
1737
44635
17699
36785
4225
48271
24250
20156
31366
49993
29511
49993
41316
15444
26500
37919
6298
23054
18449
26891
28284
35742
39912
18066
27717
39835
46650
33226
36842
16718
10859
11436
25787
45179
11794
32964
7696
10114
10974
4569
21839
47260
6898
15108
20082
16764
33620
18595
24429
28179
45992
31471
28673
16475
23432
19001
17537
23498
3886
32076
46125
42674
47668
6321
14375
5196
32970
19515
10039
9111
9579
20346
38746
3884
49414
47799
6663
45443
23815
7656
29588
27557
37476
16513
4231
27174
30441
29139
6081
13504
46141
17708
9059
43105
33502
41143
24701
18333
14273
5728
47690
6537
40709
37157
28651
12122
21355
37988
9833
46476
6227
14242
39995
3883
7514
17850
11748
41043
36114
16120
8050
44174
48682
25056
8600
32852
6282
35585
41070
45249
38201
12341
39588
20387
38848
13651
2401
9290
16880
10194
24779
2305
19307
32156
34975
33603
29265
37371
3571
11228
28476
35522
40163
25689
9912
27452
24814
46242
48136
39746
35218
36005
19183
44864
8174
6373
4490
11450
566
17666
6239
38348
46330
44519
24109
20287
40129
35935
17452
49750
41240
23678
8043
32250
3569
16321
39728
35794
15608
44608
8624
16164
41891
43224
24369
26554
39898
7188
1702
42416
7785
8495
7050
22981
9192
40625
8167
34653
34413
2247
17369
14767
15148
4281
48105
38506
33842
12188
4774
9123
43473
29572
15093
23955
13437
42105
13282
20448
34025
35840
11785
14904
34179
19082
48337
40773
18015
49043
21474
45245
25068
39948
18664
31296
39736
41572
24164
8991
48521
40832
12256
1405
39560
20711
49490
39964
5385
15235
41027
9566
25281
17511
7999
3693
8625
16230
20553
4000
22747
46494
32648
9710
45701
16801
23720
44392
14175
43755
35458
24867
15127
2615
39376
20954
4031
48054
45348
10380
31925
11976
7261
13281
45940
6796
19893
3246
48340
1111
36659
9439
19368
10733
30962
49267
45696
48932
4919
24763
47337
29457
24049
16613
8132
8700
19272
43468
42925
15090
6389
17386
14944
39887
453
47536
44842
40984
1090
5083
40065
27705
533
14064
7627
16573
38149
20670
31803
23728
44411
1189
17754
25873
23966
11489
1087
15448
7804
46271
13058
29779
45975
6973
6973
12757
19858
6057
19292
16350
47721
17130
22780
1936
33734
39223
2179
29629
33367
12629
24704
33321
22723
49594
18151
4418
25458
10520
20849
30004
19822
14128
29785
45959
329
3377
1586
33885
46127
13770
49398
1809
6713
20818
22689
27121
2707
21772
38462
24673
20966
8481
47462
14802
22736
4760
18761
14396
29845
13788
8896
38510
13603
37102
32704
27793
39920
18993
29127
25785
23748
5583
35890
19270
22494
8806
20964
41397
25735
13702
13541
42655
38695
15583
19192
35978
10500
47382
24622
11345
7930
43332
6021
49783
36605
18901
27875
37179
5139
48816
33192
13800
6732
32229
9396
45012
11043
5594
42086
41987
31757
22378
48123
42141
8878
9556
7746
1798
7441
36557
28739
34767
40847
37244
35056
44285
16235
47593
45499
12101
8864
11580
35496
46006
41149
21196
19120
45040
19444
9071
25986
18068
33583
9935
47520
25324
45675
42608
40705
9012
5441
16812
42626
1436
36075
40986
10736
5710
23012
7654
18431
30327
30285
49351
13138
24099
47418
5725
39947
11920
22148
21590
24963
44999
10305
883
34214
23137
6736
44751
12882
8230
5864
27687
42937
8073
49854
41285
19929
39665
4739
38165
37489
8897
36602
21590
5051
35544
47702
10011
40148
45900
35740
26302
11751
46276
28957
35961
30993
4810
11134
17001
32527
21573
26807
48611
45698
48843
1140
44934
25444
2173
46962
2462
26535
30604
27340
32389
12687
42076
11263
22683
5756
41538
39780
39675
5497
46438
4021
8480
11212
71
33245
6345
1673
42790
13556
43911
47732
28454
6548
9564
4550
20218
314
40416
21085
34941
27719
25720
42898
23397
3200
49772
42300
32298
36668
10009
28419
4913
3007
39611
48755
43569
23691
36615
40268
24155
512
47334
15698
46470
12964
982
31095
795
34151
1849
579
19593
11905
49240
29924
17018
9070
48122
38831
2554
267
21331
24359
10378
21225
37508
12412
31096
24638
42834
48001
30032
26217
9045
40451
28903
41877
29650
41401
47746
29444
22807
9747
1686
34636
31786
38941
42949
9161
35944
20940
25992
37523
44914
21028
13229
15719
44936
49828
48088
12087
38808
34823
15522
15703
29421
45909
32026
5691
3389
8570
2690
13938
21667
4584
49064
30918
49019
15216
6451
38665
39251
36720
12444
42649
4158
9329
6562
5968
32882
49218
42414
27710
32206
37764
30477
47009
31101
44515
645
4511
18197
21596
39610
26561
10594
34713
13642
27983
43262
17815
25000
8561
18103
7437
20567
4029
47850
33134
6885
38708
43739
27202
4177
27423
45850
49281
30508
13218
13307
48836
35598
43152
153
10075
4120
47204
9709
7543
15605
42038
26278
20994
3881
39139
11022
5253
46714
41362
7154
38663
16137
27457
47372
31392
39538
8330
48845
48341
45656
2354
26217
36950
45739
39449
10141
11140
36466
19222
27569
19660
28845
5268
30393
6604
43653
20259
26541
37020
46631
21090
20108
46021
28803
10171
28157
31349
44259
28380
6570
43491
47444
2923
37428
35743
23001
43493
21414
44966
9359
47891
15292
15042
44475
24604
2054
48139
32667
48175
18055
47623
10641
43855
8309
43351
2988
45909
23441
29982
13380
24631
15848
1066
4302
37001
35226
27463
19819
2237
3682
9524
14319
13892
14694
47945
6005
43487
24919
6050
32080
18146
20183
46921
38140
43239
10632
16006
23716
36349
25852
49636
47998
499
8605
11797
33792
43865
29563
40177
36072
34013
23557
32019
47699
22967
15945
36898
20482
40187
15586
5881
47791
39957
43032
15066
41353
49169
13360
44037
47867
32510
41433
46357
16868
13869
26713
11676
18749
37946
41520
903
11740
3954
28921
29414
49862
1261
8487
47933
30524
4023
15577
20268
22863
306
1876
37297
31334
32678
27198
41517
25844
18461
28256
6273
37918
26633
5394
29697
41434
4319
36047
5129
31759
7234
13389
12218
28442
24094
5486
19121
5644
4848
26245
9237
27600
47649
47117
2089
7941
1522
5758
46290
47626
33984
29972
27392
2230
9728
36764
22056
3355
17056
37427
24514
1452
38314
39093
25774
42268
32053
21418
12219
40337
37154
28277
34504
44872
28761
7454
18224
48316
44690
4178
14113
28716
41720
16708
22239
8273
34340
28326
19482
25439
23736
48468
9728
12940
40192
31027
45860
1189
34842
11156
19754
45537
11576
49436
13634
11028
17362
43922
44558
1076
44630
11457
38517
28226
48424
23965
33461
13357
12371
43175
28437
6670
18009
31190
15725
36508
4098
49210
28089
41886
42014
11557
30264
33271
34008
40990
373
4266
3944
24940
2163
20923
47457
19574
12770
18648
36411
25303
22348
21238
1159
46476
43523
37515
30227
44349
34798
13423
13721
26937
43498
38873
35844
32590
36117
34191
37349
10282
5211
11434
1728
11852
36242
29479
5447
45245
32875
16993
15867
32361
45368
19485
24977
38304
25737
33359
33922
362
30559
11044
36494
44760
28992
45974
15902
45232
16213
12560
38227
13583
38200
15289
5970
10908
45207
24513
41139
33723
28333
24072
25354
45569
9531
37706
7924
7992
29333
37613
14614
4228
32184
46149
15876
29861
13718
12390
38751
19048
22661
19704
1834
26659
49779
8924
13548
22728
21194
30005
2112
8482
8680
24431
25652
40884
48628
15726
2292
11319
5898
14637
4310
4824
1025
25043
18166
2739
18845
39737
36070
39280
38222
20884
18709
34899
24033
45017
34389
2761
23630
16165
39484
33647
39576
38668
24354
13869
11297
16958
19208
25297
46548
32614
49685
11152
26342
32242
12566
43874
2900
34025
12745
14144
9703
26814
21668
14545
15174
26713
11134
29138
13214
43133
39637
44289
43539
19504
40021
24707
17643
43551
1379
43214
37446
46968
9190
2379
40302
48774
6675
17493
22422
19171
31357
9611
8717
28061
9182
22602
44708
13624
44024
42957
37615
13691
24440
44610
3782
11258
16766
32091
25401
43710
4879
9528
26791
3790
21093
32578
47689
12442
25995
27677
14879
20523
723
31788
14770
48625
47071
20195
31152
6818
44785
43619
31757
16105
30433
19139
41790
27166
13189
49377
47474
33432
38519
44259
14957
37900
34739
12532
25950
45805
37811
44961
25306
1183
13834
16689
41381
15063
8461
10602
8006
24688
20327
17777
34893
33277
49309
46375
9578
4352
46901
28651
6026
45160
18026
1665
39315
3732
45442
28587
32235
31926
1509
15390
21651
8060
8770
44696
1879
22300
4866
41008
3105
10554
32161
22701
49418
4927
47930
39928
28164
38455
24437
43754
10260
25199
22850
11549
12995
49307
25729
8358
38222
35001
4526
5641
8531
36042
7132
24669
35778
44463
14899
5141
23339
22550
2635
43787
31035
42388
39280
48784
629
27918
40510
26156
1486
49597
2901
179
1785
1963
45338
16571
5533
19208
34907
35378
23777
19788
19949
49314
7658
32229
16898
10362
15841
13715
38833
12449
129
36250
26049
43192
40067
15604
700
25908
3759
40558
31810
31360
39887
20233
23349
40847
24913
23519
47784
43278
44106
45439
19556
7968
29459
11945
17296
15266
38850
47802
36167
36173
41290
2515
19971
36567
11211
43712
47154
42817
27298
27174
18311
31620
7938
39104
49935
11124
5422
28114
10701
47862
27869
45914
16858
7533
13597
45876
43710
49664
20698
19938
18005
44224
2734
3426
49011
35010
3892
10257
48327
43396
5201
21721
38060
46673
29008
28603
34972
11343
49179
1009
20648
7624
20903
1542
12083
22202
48553
5876
14579
29092
48045
6649
18693
2439
384
28700
39555
8015
35625
19835
41547
18460
9914
33587
28536
37554
42622
48742
4131
6463
14217
8988
40906
12959
18790
2336
28492
7407
19203
25028
15311
36388
37264
45544
38241
1135
40318
23181
19347
46803
43389
33464
19885
16864
43070
23907
5836
21891
12671
12095
8007
39490
37846
29024
24663
49438
19394
44672
45052
21073
32787
22733
9373
47941
33393
29669
27320
49358
34978
6838
8824
29004
27390
46421
13677
29555
20379
32746
11496
22729
8088
96
49404
36548
45781
42092
33148
23542
47900
36435
18978
19017
24228
5075
31474
9956
44699
33440
20567
27829
45376
13094
29840
13973
37026
38547
48612
10110
34118
23036
6806
31567
12377
36252
49850
523
15378
4223
36652
25467
31771
44684
7367
42870
40990
19088
35248
40838
4847
16173
21281
46863
22371
3777
21651
30745
30816
48987
23272
19057
25615
12703
20988
10300
38006
43324
48789
30502
46364
42205
25805
38053
31511
34692
31872
35814
17009
5473
44712
8877
32373
32590
477
26685
21159
13910
14514
23435
49103
48299
13453
10556
31373
34220
8803
10648
10729
8698
8792
19238
1294
47921
49821
33436
5244
33594
29379
23634
35232
2940
36335
36100
47237
48876
46607
36202
882
42730
14077
45795
13717
6325
11589
18339
19561
35030
23743
1788
17285
6757
39762
27978
25153
3464
14759
44011
48924
6436
42443
5478
23222
42555
17838
31041
39654
42443
4695
42466
43115
46511
20146
22247
22847
23433
41297
17485
35220
20951
34013
36728
6991
8253
41543
45253
12465
25699
6233
30902
4375
33254
20462
33377
18730
48105
27
898
38039
1568
39584
4692
24765
8116
24179
40527
47085
26389
37717
36420
7868
20963
10260
2271
22586
23907
23900
35164
23530
27598
20699
31659
36332
19282
4764
44024
22536
29478
13778
16778
35140
29594
15574
28466
29308
20039
26249
42237
46360
33564
7438
45075
40811
31089
4329
34336
28912
379
36695
33237
39119
3026
9301
3598
38555
21153
32681
43196
19802
28400
12338
16132
5864
37398
44567
38194
34236
49385
12242
3838
37346
20712
7379
45520
36211
35598
20205
40985
31163
20111
31223
42998
26511
34884
26740
21400
31811
27058
40166
11743
34084
20529
46933
38194
40653
39412
5054
16473
10810
17198
37192
20421
30694
8712
38978
40444
25785
2491
3368
32089
18614
6877
9496
26918
3295
47081
38067
22262
31512
1610
26836
26279
37161
17013
4811
24913
37947
35826
14685
607
33654
17738
18821
25498
42918
5803
31812
5019
49895
48005
49460
10272
77
38599
2690
9038
31667
33488
11829
15989
46252
1935
16900
23695
16010
26313
29345
28373
36121
3888
6405
17729
47891
9800
48492
42192
41566
48560
34141
16572
5467
19578
14783
37631
22779
20830
49927
11512
27176
3096
35761
45090
29161
31537
14944
33117
45026
34978
31181
15559
473
36401
32342
38491
36919
10566
21426
31364
11321
32168
26685
17921
15124
33465
6281
44368
4129
5184
46543
3177
31362
20152
33427
24743
9621
35720
32428
4314
15379
1236
6751
37759
36630
28448
28283
2983
4140
8906
2634
39299
48295
43129
12380
16341
2847
30517
49651
10485
20549
10808
8123
32832
49418
18149
34295
17127
17266
45589
2306
41596
14192
14347
16911
17271
30825
34772
10645
7867
42407
24698
23508
1684
15810
8303
41261
31554
15804
48601
34886
3207
36099
25141
42289
18796
8095
421
28479
47782
7612
13461
10817
20627
21768
33386
34022
37120
1041
1164
37231
6413
36843
49674
9381
16141
60
39124
30625
35668
41721
32612
32131
25907
20304
35856
8657
4324
38128
27801
20436
27253
39059
47911
38903
14819
48486
48895
33010
27716
38823
35290
2625
34669
49233
49116
9453
45025
1335
42323
34675
41109
34059
33254
28775
48295
41303
37230
21867
20339
7108
9711
31690
2874
12461
42560
47225
8323
2571
22586
42853
34179
45772
43907
10578
16330
23105
23568
19529
14907
31428
14892
44774
41851
36036
36126
46482
36403
34307
29407
28765
3880
46024
23495
36507
18259
38171
31365
15106
11958
7135
45482
6552
2624
12100
5276
10557
44966
37770
28305
28182
33524
37458
41904
20534
2984
38673
37033
446
40826
41390
27960
5882
25689
25857
46613
46693
11539
36008
12356
9761
17556
6285
13001
39506
38795
40384
15146
268
45222
46738
46316
44501
22018
37643
6267
7192
47262
41142
37183
10051
14186
27927
10110
32104
1540
15404
9238
1416
236
3691
33749
26069
12308
1285
38625
22746
8850
6027
38876
40145
37067
37997
28480
26068
42307
19176
1686
20317
44155
49673
44764
32008
5822
30473
8401
42673
5589
11595
2988
13366
7463
30543
6444
6882
41040
21683
6509
46255
23050
48927
33965
14936
26710
42880
7625
17570
11953
45825
41987
6488
31819
19523
30641
34412
7212
20986
25845
25953
24227
16071
13392
49130
2963
43807
37498
40450
8213
12664
46129
24452
18129
25916
5095
19455
15952
4978
44272
48985
3985
28318
37037
45105
36146
44347
40419
42122
45598
34675
14113
14245
1555
40723
318
14479
8087
42325
14348
41501
48963
14542
10985
1615
49392
28386
27494
49469
12517
47262
31906
20820
13519
25232
16419
7643
32203
29367
17572
7222
48200
45813
23709
44795
30043
21099
45055
40223
18079
46524
2201
36227
44156
40479
37826
1381
3456
40026
47134
25720
21762
5695
25032
13198
3019
8430
20402
3573
39333
2044
34023
19877
2131
27754
36074
23925
33016
23669
15370
5563
2587
33839
38433
7529
49603
1745
28220
13394
14336
2611
40690
8733
27099
44897
25944
33135
42317
40258
28838
22497
31555
15657
14959
25899
37566
37666
32052
22140
44617
40967
10434
6000
32721
43112
4827
25517
45186
49271
33825
5404
13876
43165
25598
4412
21343
30698
2074
47479
13223
23187
19056
22812
29516
46843
12447
45775
26408
35382
267
49030
31199
49159
11031
4983
25728
33122
28501
40096
34781
17483
46434
17657
17830
18844
7534
29884
23316
9756
23480
37241
2463
22525
10619
31422
26972
5231
13731
21617
28035
13244
25334
7670
6317
5042
16495
34949
12102
38724
14861
25714
21346
24879
26024
49083
7513
17554
25043
36063
22708
49319
19190
19443
26098
27175
1518
30124
31568
6472
36781
1223
4971
23936
23576
49188
4789
22591
49797
30084
47301
22126
12901
6904
28886
42360
39897
47392
48841
30324
14882
39930
34234
36874
47003
18508
28743
44758
46771
39038
45150
21880
2158
5048
10136
18255
20552
38682
26630
48677
19461
43822
45654
5947
11144
4169
42850
23536
19640
22358
7483
42756
914
9958
34
5134
36733
33955
42870
11328
41082
31318
42851
26033
34517
17491
18359
47925
22451
45534
40519
12355
17153
3411
5804
8363
18144
24429
33204
22413
41771
26497
49632
48960
8268
25223
46106
21959
7486
6210
14015
20564
25463
11053
49311
17111
42839
23076
7382
16855
22562
39715
15318
26033
13133
33974
8435
2225
7089
42615
10259
48287
35036
27088
2537
38818
20930
25650
26944
18628
16571
26355
30470
36852
33097
12589
14711
10638
12491
37638
48785
41650
21457
35383
822
6400
3694
8964
44585
19912
25951
30137
10899
40494
29112
38890
32954
10787
49484
47496
37117
14269
38880
4419
18173
24058
22953
14579
24063
10658
45205
47185
33991
40976
14459
36834
37840
16340
12443
41299
21486
27047
35474
6606
49997
20760
31618
598
26486
41396
7140
8380
45778
35809
23360
34596
22960
41151
18921
33388
29680
32252
25234
17334
37326
29201
21340
2053
24413
24683
6434
34364
34890
40838
44433
39592
21773
47787
2248
35146
6504
39425
15575
27768
12389
11432
35592
34407
38889
18986
3928
24156
37151
17868
35710
13573
49495
34056
22157
8404
36605
45841
7535
17518
12272
20674
38782
8448
17324
21315
27874
17563
17776
46455
11127
21000
35737
13393
42056
41763
13646
39642
10039
24097
147
10662
13468
36096
2323
2352
37934
41479
11906
26956
38451
43043
25775
6005
13190
23535
30458
14975
12597
22259
37549
38691
30146
11415
27148
5007
23481
34973
45817
25578
10885
28257
24926
6846
20635
40955
36618
34371
22646
35291
5797
13593
49727
21045
7172
37518
4463
15928
1306
16615
26012
14487
42959
17766
35371
40411
33673
13893
6991
9633
15849
24715
22387
7338
43434
870
18249
39728
37332
33380
41517
5586
11269
22086
734
39531
5306
4291
36831
38771
14147
2373
18583
8665
37805
26547
42015
22346
40827
18133
48163
8275
28671
41101
44167
25742
16065
32431
5612
1489
44684
43079
36336
42223
10159
12320
4593
39590
9168
6068
17880
16875
48579
44987
46219
47142
49298
2495
28173
1677
7567
31434
42211
45457
30222
9848
33467
18332
16697
13803
25324
7976
29329
24616
18262
39840
46621
2377
32363
21346
8102
1803
26182
41044
32944
45004
24227
23303
31074
47984
29824
27368
33733
42698
45631
45260
42519
45429
10071
11680
13357
24878
22068
1489
36460
32177
33026
13336
11914
29293
28507
42583
2143
40985
39916
43357
12667
49152
4588
47996
14704
19827
41620
19689
29017
44302
32136
37476
18739
2889
4418
47766
43249
3141
14201
22805
34980
46198
23161
45643
24954
19458
24099
21534
7824
23204
31965
9330
29477
4347
16157
14163
22702
16221
14756
18294
5865
17591
4311
25551
37838
17755
46416
40749
26810
22830
10289
1355
34392
45611
22858
46332
10783
33444
16305
10321
16786
48031
521
20039
24868
39675
4978
42236
39415
47704
35519
11203
27200
27045
23775
4783
16186
47386
1878
11645
2372
48256
1794
46972
13752
30646
10241
24056
1483
42903
32671
9489
7670
42648
26866
24814
40210
39856
43524
27270
31807
4396
20285
24189
41465
608
28618
45250
4334
9968
23703
31639
20623
19104
31530
39913
26725
26114
6609
1418
21019
35521
39243
43025
7739
3518
39494
13686
7245
8911
5450
31020
27971
32492
43007
48362
30278
44227
43135
2265
807
24633
15990
8768
29053
24217
21847
18289
42427
16761
31112
16038
20242
44435
26560
30065
6924
12640
9961
33742
6744
35872
20766
43051
22522
48246
46180
38954
45953
32236
4396
28525
25095
38812
34651
8129
3378
1967
365
3608
38272
5402
26304
33355
36303
35100
39399
42775
6139
10383
17116
2205
4415
19908
12483
6986
41672
14140
49484
34147
3648
30554
3331
21302
45811
8696
28103
45254
49695
25245
46146
44791
42786
38208
48430
47540
24967
15619
2112
25797
23962
49391
47712
20078
18959
9149
42882
21197
34532
3767
33289
33704
43264
40614
22790
14641
12623
5929
29988
21751
43359
3822
24283
23445
13888
42288
4118
49418
25695
39887
43702
37314
31735
29892
36172
28836
46120
43599
44047
32635
18779
11725
27511
16827
45684
36986
29865
3154
16639
17070
6515
20514
21576
28483
27500
4842
6344
21151
616
853
45688
42591
48273
24007
39254
11338
20537
26547
40592
26367
33743
4831
48686
7562
31885
43805
44684
23623
30589
15012
22285
30835
3984
15284
13495
33918
23472
