269032
2465857
2232303
1306094
1043743
1125138
1372398
2334695
1016030
1744469
1370287
2482189
2311903
1144200
358192
1015797
2017559
385841
586493
1424045
1100154
1693875
696784
2496347
1482359
1116145
1987765
845729
1213048
492656
1235974
40495
1952219
902138
1694179
1816649
1447327
1494626
1240370
2292013
2154033
584619
1149489
700788
1972814
1249229
1156225
2014918
1521536
2232928
531330
381967
842504
916956
511863
778195
1449859
427442
224486
2263217
222926
1207595
561353
960861
2140684
1932979
477711
399931
538148
1074146
1181158
490162
1381799
2437191
584752
938414
519291
775967
1348023
59680
541890
2025762
1444761
630327
129687
1952665
2135293
170732
381634
1382489
1769931
1324034
123413
1272235
1314204
877438
1349404
730462
1928099
474429
2420234
539352
115516
1455555
127044
1977754
830642
1342191
1435328
164043
209743
611112
1266611
564093
2400151
931258
851134
195833
1654745
1134471
1825541
1023499
1656956
649850
2282358
1316732
884733
445035
1097894
1222669
902768
244696
2343058
2111625
916672
1311782
301815
1099784
640384
1747681
1227598
1662525
95316
1384705
1624256
2434278
103524
497118
1551934
38133
1078230
774241
2325078
1946035
1030386
271287
354259
868584
1052887
1538686
161477
1491517
2020875
164329
208784
1656633
125402
383832
160174
1232676
103745
73039
855492
846900
89865
966213
1669309
2376436
939563
1186663
900080
1062011
448355
13137
2038594
260135
396911
1913749
2246234
1115325
1462922
2126480
1803571
1089269
2304211
2122198
1804057
2075870
1216792
913979
1166902
217136
2451097
1651230
2365790
2065050
326035
2251706
2358742
1280616
1639133
2471959
750279
2441276
982717
1831208
1510569
2209369
111629
1604818
1671969
1464696
2448486
1790913
2332175
49604
1517136
261255
1575831
999111
315982
137952
1010037
2287712
1064119
1564950
2230633
1726919
1314410
1226438
2327060
558169
918269
1896662
109071
1473184
2054974
2318584
2007127
786405
679122
1576493
1816469
2028661
1224012
2479594
2108199
1998310
1621647
2498487
703480
1477335
1147849
918685
2084648
2038683
2065364
908315
2220260
282300
740606
995167
998393
1054502
2301165
990453
1287741
525755
1982522
1653446
189282
2266751
1715162
1037231
1786009
2409173
1751441
1179035
1486180
1723743
1507816
832751
150022
2183772
1087909
1985331
779236
2216956
2189770
644951
1785249
2306375
721620
2252253
1463616
1962589
931321
784874
14177
1824253
16268
942395
2260319
1944471
1893117
556079
1108122
564305
1338875
1630706
2293652
556707
2177499
2349134
103263
2222627
1425093
1543747
1043463
995281
1604613
580957
1134662
1255289
435833
2101478
2171705
2202386
1064908
1502077
995412
1088437
1670528
1205175
1131442
1743814
2486711
1652944
323428
584047
2092172
393565
647371
2430376
1485360
1920014
387585
778647
2018665
511165
2273031
22361
987666
973738
1393617
2178352
662453
1955006
1312081
2306560
836921
1724665
1049639
1312610
1127723
2088161
248863
2490687
1476005
2259789
1583677
1221905
593517
2293554
178714
1002614
1355902
1894020
2186693
1348785
1492265
1596921
229739
1188462
1891564
2082488
269934
1547198
756976
1322388
2306560
2133440
1256373
1308530
791318
1525597
1347507
2375460
693967
2321481
1585569
1924736
823424
206793
458112
1010692
2012310
2010066
175395
1278890
1251797
351545
2490676
1002862
630282
741444
775174
1593723
1619644
1869082
1761798
544845
1536014
1692445
1621242
2333779
2418095
2077834
1295964
12850
1732829
1886301
11665
587691
345362
2168952
734313
1940209
2332167
2248660
832376
1400756
101377
1764928
1886168
1670750
2396695
2484301
513623
2127662
2464315
1437512
496297
739568
1762956
40359
2233693
2092314
2066651
2268692
2116118
902156
216595
327442
1323266
885104
2047981
370475
1455736
2068965
691102
322271
1792612
1940167
2018730
1865578
1421260
2368791
1226940
315206
1773171
1534134
1791582
2475661
1821570
1966939
965648
1327550
1246317
110763
1730305
1335653
1993711
1392746
911710
7595
943819
273473
763774
166097
461390
1489342
471939
740782
15716
134422
724174
1618610
741964
2122488
495049
1886010
605685
16810
378153
2024220
1157233
1627928
1182042
1650405
1221899
1483280
862217
614029
1566353
1897703
1406671
2182851
89252
2038630
781805
1628149
1179459
860728
2494028
2189615
1819660
2183700
1434074
296323
2023143
2037617
1403822
488592
1964554
2303228
407097
1005815
2454062
522899
2065716
1932800
1818959
1038574
640231
1520041
1475811
558114
128850
1957361
787257
2317837
121530
1300757
1794778
1157062
470470
1345073
403647
2359276
1045664
389704
843421
1116543
1636473
1118271
555494
847404
521984
339003
1920623
1198573
348753
2496884
2137876
1423248
312282
434897
1578064
315023
1684090
133765
1145961
1814883
1445489
470860
1380308
1382991
2457154
1843174
2066087
1131651
660071
1382311
2315551
1575377
1182962
1961752
420244
2399339
1779502
675165
786756
993055
1900204
1726605
1742977
2343618
1701652
609164
981226
688337
1077364
2059972
1770736
2103833
156336
2281579
1802594
2019518
1559128
1060725
714987
494666
1895647
822816
795267
800057
1790540
2432570
218498
1782755
1420423
1781206
1540848
1416671
471809
2419103
2137108
447220
785509
2261897
785098
907925
1752725
434427
417382
726355
343590
1117423
1397235
255953
2322320
2220724
640138
491282
2134223
709802
674930
431324
359268
2013055
2164883
2108569
1226394
2293975
1611196
2006008
2447271
1022084
2237634
1526850
2064386
1569606
1599195
2143438
987424
1908881
976467
1759598
1012626
1762137
2123748
722020
18343
1172579
575338
698336
480741
1126002
984524
961042
118146
684249
1938459
2115360
302129
81066
2211072
1833020
177292
186310
217421
2106775
1342392
523102
2139228
2192836
451112
801783
2307537
1975894
1991661
2275390
1496516
1086129
53064
687775
486374
1575372
2263163
638050
408996
761210
1588221
1234768
385245
641775
1763624
1255773
1529528
88441
427498
212290
1166792
1544708
951784
102058
457818
13869
1950604
2386568
221110
2270906
35339
31209
1189796
2376241
1387820
2442292
372882
2181089
173892
1323204
1655828
1104962
638042
1732632
2494731
613477
2499816
2380970
767308
1425648
1598645
2045196
720527
635304
1804592
1632217
931359
2254902
1300775
1090698
1942331
1603623
217392
88616
199346
952403
1457955
1067553
1603501
732149
1906735
2152315
2003527
1970165
172838
253994
413336
2356613
2448789
2202099
427445
995022
1621459
67027
1648367
793994
295840
2185324
1785614
867969
1746880
2230379
1507335
290522
911006
1478262
261688
620621
1108559
908138
2338377
650897
1949894
2055300
744549
475993
2354558
728689
2264848
2395093
1546600
591180
1133019
796335
2352917
493755
2438090
1215965
1942247
411651
33967
1613807
1043771
1407129
2249384
1746875
1866331
357720
1193183
1386906
1418283
64684
883363
1848711
2403121
2277072
1351029
1020940
1633363
696540
1265933
2086712
1782651
2204977
2265669
1099859
1313294
961538
1116964
2220111
123579
1252329
1044353
1791356
1548489
299841
1751154
1999795
2103740
235387
2079922
1011545
1179120
2416322
519571
1744464
145154
549053
41061
1220448
1170158
409709
643341
2070072
1716859
708767
171317
1224584
7041
1506230
1434812
1541369
614746
503832
960502
2351254
1736744
2219548
1932066
863075
1979979
30906
2088623
741499
480809
502275
1816127
2254579
2341844
1798808
930427
519937
2219284
1456088
759749
618583
722062
236312
2205959
1292425
1171020
7840
902807
1928116
2493371
1903469
1843631
1078346
148934
1275611
39835
2139228
1990634
2366183
1510424
1733036
1812842
1431899
139994
1548157
1740696
2496532
2397934
1621979
1243057
734724
1961624
235962
2386538
617724
237487
1530831
968250
1775861
2148989
617055
887439
1178165
1659706
372381
1752462
730972
1000055
413410
1501057
1724333
2255431
485238
2295594
2493157
2169069
1092894
1794743
622074
1415742
2179916
2140437
1918397
451658
1174231
2331075
2221936
2489424
1712986
1610571
1029217
2397398
1452898
1201445
1395452
213416
2145697
1197015
286231
892365
1788903
394385
1349680
1513854
1949911
54243
1010129
1218552
1223435
1039178
2379035
2158375
2225247
2062658
2289017
2453494
512340
1920322
154767
964988
1894994
2158010
2458587
1948077
2422009
2344285
954984
2015526
408915
373840
2469456
2112119
1714100
928142
1945339
1578403
1748062
92183
2388492
358990
1192826
1865823
1100044
575008
873062
1760977
114444
307669
1699534
598160
1397338
702393
1510617
2496265
1472527
486983
1824824
1895961
2424630
205934
1959205
355655
2463656
1217788
396874
837566
1963609
1814144
2422198
772449
2433858
2290537
865865
2454573
627403
2172146
707813
592243
2075273
2079197
159871
1764696
510959
1424649
2406674
31489
509290
1686414
600520
1412580
1282955
84549
442261
1047078
2393989
2361851
220360
662578
1299331
777436
433752
2183414
2099580
2371056
1124841
2141598
2009806
1233419
1512586
691491
2160903
21705
2359333
1792117
2287163
1923753
1820400
494815
2217437
1582889
1964955
2422217
813229
47403
1202283
1121645
1781964
1949929
2411279
1254421
873379
663273
1521135
771258
881224
1161159
332518
1260245
1788534
670907
1907341
480039
104172
491334
1573286
2416470
1484621
985041
2152490
27664
1045339
1979731
741974
1614536
257052
2011501
182928
2064014
1152079
2078589
1766551
225616
864837
1681955
1959937
211948
273577
275329
1050504
185878
396412
1857427
735372
2403676
498035
707816
1139967
1109382
1705158
2212382
1909331
941686
171740
447641
514537
1886143
1484450
229781
1042988
1445239
1201608
1959441
1833824
2430553
1369694
171992
1349823
470988
438073
63936
776761
1312278
1711518
1666994
1486966
641649
1167078
328845
186542
1844155
710488
1388547
1245386
2167020
1633432
422509
2463962
639996
2188492
1988434
2238237
394665
928557
1277942
423270
1871890
921087
757632
1276027
992975
451570
2050518
760330
947155
1186994
2355382
163933
1403601
1924588
2163961
2385846
332164
694822
889652
86630
111783
2395402
1323346
2186510
659513
2203622
1398975
1797198
162116
931838
1437007
2100010
1920040
1392056
1659929
967513
464363
1031167
431313
375171
2140634
914871
639324
356293
957087
507004
2082519
1370730
476546
43489
2467697
1498118
1019331
606639
2052259
1193424
1350050
204362
515651
160238
134147
1110741
2103075
1948621
1626504
2043806
2189525
2105026
1822426
2211851
900138
1692029
1406860
1040432
1784855
1771496
1156940
280439
1442738
581171
670684
2465541
1689333
2274305
87794
717220
1845300
1737277
2209048
2268671
2251631
1662359
601538
1383374
2126555
1977552
419345
1388787
2447015
1457671
788933
408829
1050170
1066640
2186661
982662
110943
1622585
470878
160132
1198534
1652354
211421
1223127
238932
644177
1930233
1575643
1029612
34044
1179360
1448302
1508453
203498
2381773
673557
242442
1427727
2197420
1021775
502039
241402
1503280
2190466
614821
1159710
876512
320989
1020167
516482
1023065
726202
1994175
1780043
441973
1182604
180370
1105582
1968827
781678
1528978
2175795
170127
2087556
1828180
2212621
591676
1250072
621332
106757
988739
2375096
1198042
179350
1221958
1563668
1594972
2340957
1425990
1955807
779479
888350
236660
2404544
2319847
1704548
1277525
853318
2356154
1809310
299131
101636
1925862
1931680
2316379
700516
222400
1001116
1065835
636523
1942078
1916475
615152
1834068
2237915
2337994
1558560
1554106
1876363
2147193
1609837
1075348
2278495
942611
1529805
1108776
1758013
1070610
1139066
318000
972820
202973
2330071
216716
1495037
2226430
1197360
943865
1288121
596430
1739236
698229
402227
774213
977989
501686
820275
1142083
1066930
1224190
590308
1106958
2238068
2496125
1153547
151438
2090444
853587
493455
1353549
1479163
1349594
708742
1404657
2231788
1805588
2394309
950944
1088028
1044980
436715
2049555
334165
118371
771946
1673324
941183
2409490
2219746
2484793
1029809
15885
1011444
121016
949153
436973
2251198
1281251
1691552
1071075
366399
749148
2141419
529965
1588303
1211445
5073
1938506
1650871
273780
419568
46655
2088010
2194415
1134082
1213660
1650846
1525614
2238958
734238
1775386
601375
781528
1843413
492487
291585
2381899
1260420
525057
488907
1517272
442276
770658
2493756
955578
562946
2225153
2488874
309983
1446417
130642
2151590
2036176
1932796
2139597
1542791
1849364
1114324
1800700
126362
254214
1583638
373067
1254430
451880
111020
40941
1178070
1080055
1731987
828315
117871
1490773
1676281
401119
363618
257068
117679
62298
1858856
1302985
494053
2063877
272326
1519362
1784777
2460047
843543
1096799
433379
1481302
1435336
1074265
2277121
1689620
830119
167806
1995700
539556
2158473
1342351
860227
329315
986413
2470957
1619550
1856554
1188822
1947839
106112
1823416
681601
116362
956023
2342062
2109002
1000357
2326912
2157039
1911704
103290
352245
46746
1002138
1895330
1816154
1548401
187202
1335593
918743
1257286
347883
611322
18259
2430733
921481
1977234
2314317
2134776
539679
1248460
1302466
1498106
147032
36894
1934681
1313252
606181
2177401
2396113
161429
1228869
736576
1360057
674346
1751340
445891
223979
879151
1913916
2281942
1034495
857690
2083771
1946058
2468426
513676
1049310
704981
1003948
702882
153237
1041426
188139
621407
142113
1366556
2156841
2273421
737447
159728
1549427
120486
459913
1766978
1169515
1877343
1847097
2331408
1904043
545662
1907672
2086036
1255212
122117
984941
285545
2219038
685619
2172981
1466403
360530
1447793
1065758
1393887
809792
640604
1035328
1660418
1440543
2266238
2286463
2003031
2379419
2386962
1580768
1727754
1206407
2155731
840972
730483
1484799
268574
1731061
1148096
68706
2410386
1718832
2087959
1081480
71303
1318137
1509478
1112126
261796
1005874
296532
2439277
2100798
693568
745641
206627
1045140
1722399
311275
1467180
969116
858478
879506
1262408
2379747
389878
2222587
185790
390710
336835
1178508
1856368
601264
1972864
507650
452458
1499206
831056
286432
2071466
2434415
1657061
545143
1661470
98835
750937
1012439
2176559
2178801
272592
1437414
1846107
655604
2240145
1827283
391632
794244
217699
942400
1962376
1590266
1664994
94640
2095702
542091
702095
1702789
696275
2204905
1487277
1942114
834751
2303031
291545
491921
1285354
2007043
1153954
1859389
715635
1648565
2303115
2136052
259700
727010
30257
747639
2133709
971358
1625210
876937
1925073
1332147
1680247
214641
581693
1277638
1919088
841250
571765
2089873
2231239
934031
1997057
829208
765256
2064423
50735
1595802
1680101
1487477
1701180
1853062
1171944
2183642
1480784
1662961
1646411
1174579
1682745
13950
647897
518913
1218774
1604889
238233
1559931
1648629
518207
900090
1792418
1722683
1490081
1908733
1750774
1965822
107651
1834874
113508
1182083
1738661
1164682
1765574
1234130
1855019
199750
1461802
221789
426812
970115
1793507
2419727
576917
2021196
2157206
1698734
2020701
1464718
2291272
2223395
2216042
219611
894239
333216
2464696
2311888
820892
2419118
838572
1066963
919853
1263621
274558
342683
1306521
38161
225148
1066835
1270632
2367022
484313
1855440
315697
600627
2484172
1432918
1906852
1014653
107002
2040058
2253678
1856158
1264910
1788944
270200
1158558
2305774
600088
551712
179142
1239287
582382
1313558
341225
1346582
1690787
247969
440211
1403100
243166
347610
327299
1085259
1569431
2034669
786033
2315248
1073748
1620032
722771
307848
2258929
1454084
147449
1660308
424391
2124280
1974137
1684532
32082
439502
1265634
553215
44232
1920832
713701
772697
2249635
281844
2447205
1570540
1564598
1219311
2337461
852731
341927
1435924
2292591
1697793
1034219
893079
1984723
2067041
353964
1146351
1634333
47018
593477
1378644
507862
342783
897158
1476851
742886
1514903
823832
1838249
638132
2064863
1265565
1671784
691447
227095
1355455
1762945
151007
1739619
1081173
1929792
54772
1086270
1733533
1456960
2105299
3000
623622
2471921
233194
775160
2187805
527480
327465
1416738
1865427
1949622
298761
1464246
1867116
939834
1791181
1833004
1456018
1005968
396828
2244783
1586087
2304341
1246418
2205122
1189632
341195
87891
2385602
1437023
1597343
1774423
2184728
186006
913588
2157273
565341
1514072
21589
1244696
1335134
1012038
2320869
504264
2198215
1024389
1065087
2149954
285489
2163461
1415656
274606
1935671
2239168
2117967
1162568
1822241
326760
1918120
2285464
364240
1219877
165558
1747987
133282
1043991
220860
314583
1627099
1250245
1619316
864759
1944997
616381
1628993
2209657
2416993
253312
2335097
1906965
836945
518794
821275
925481
897100
990291
1213666
1107508
1941937
1448808
2381956
817477
123430
1301609
2038347
2264414
541979
863546
1077496
819516
802070
950355
326887
2220525
1963626
321690
2071014
2208538
1678874
736855
1268715
689231
2324014
1096939
1542631
2102938
1845744
2064566
805876
680243
1838525
1695196
1738477
1392947
1477853
2449110
1763054
535528
2241735
1183159
250209
533578
1526651
1653730
2052245
445522
1114536
189190
1199285
2473358
1744033
2219935
371932
124460
2258634
243662
321402
455747
1367546
1202655
736720
2146985
1007676
1711691
1431919
524451
563714
2082544
102246
299184
2004703
1679619
371072
653412
818182
1544100
1775759
320805
1114568
2493808
977208
2228538
1793256
1881660
151493
1328343
208316
1562554
1333105
1591093
466563
283502
1516776
54406
869955
1099057
2482198
235842
1771575
394185
460366
1787892
1106017
1303745
651088
1607733
1947437
283493
1541407
1005150
1380589
1241424
1771776
1190296
1794462
910853
2364177
31317
574303
992976
1331004
1166377
2372877
2351514
196218
1089866
480380
384377
338049
513024
1856696
272913
2464864
447051
929291
586401
2403060
1952995
329160
2090483
1953437
2374682
532462
179273
1611043
957875
644150
1530769
1258086
2090241
1678287
241191
852994
689759
306183
1913974
689572
531364
215396
1908993
2493739
1997153
610462
1910667
1606871
1277476
263772
1339265
295295
2371427
1857325
700429
892894
932300
197496
2448866
2279815
690718
1989621
1933464
1902570
1338245
2009586
892501
307294
1259344
1687169
1676897
1826805
1566536
988218
331472
554663
315029
2235517
2238064
1397388
139708
1125119
490484
671131
663249
1673605
105614
383760
1452199
2315962
1642831
2360576
795994
1831530
1092357
2448222
210946
2372738
1852275
1365822
2211206
1613997
1363208
2337463
2397551
955585
234346
774384
536326
542720
610920
12109
705316
2495896
1220859
2235765
1467464
2121072
2079238
1630277
1184565
223482
1268576
2428831
736507
547024
2412604
1692250
622644
463647
2138331
1854116
1008667
1253947
503095
1212905
2282400
321013
636853
681958
676662
2365181
1706357
164400
344038
694061
1411998
419742
619707
803258
1804836
1484836
135277
1406010
2045115
1036016
2465603
538429
2270590
331346
703298
1281242
1704934
1763976
923390
480510
137000
955479
2023684
1857757
555860
466586
511904
576544
840155
2235971
1238164
2284033
1065025
64398
1319338
1381591
941168
1914720
1953653
1445269
2437527
1446761
619166
249693
2055351
1287728
1738391
1486204
2269039
1925737
1585990
2100020
858438
1641769
545139
1524117
151428
845350
647193
1697475
201824
1387681
853876
2058162
1536238
345767
953565
611294
1934705
1543434
2435809
1873111
365195
806378
1207093
1658516
1476769
1731449
2259547
2436366
673839
1423900
2487513
522976
2104432
168066
2200971
1655141
1776052
274118
1462584
103031
1312725
1974876
2423854
898238
293739
1075201
2282556
2190886
622382
478009
1529008
291380
2033374
2391796
611166
466657
1810237
1138894
197058
2115046
234588
2406155
2478057
1848187
581586
2463130
100774
696943
1265682
1243164
1955613
214734
1292624
2429079
1273645
518989
39037
2393070
1655133
47901
1503749
1780879
1929309
2471114
2455378
298411
203148
1103611
1485371
1995642
501714
335335
514820
941144
796524
2028409
928903
1367105
1525698
1027959
1627673
1673601
847678
762128
1915708
536795
2034066
1726969
692726
758529
1427423
828596
1022166
1336875
212538
759247
1790896
1906436
163944
532245
2457359
1259688
531560
1800589
1925888
1636972
1799704
2086548
577102
1990631
2439044
1187078
1720079
2001465
260850
1528048
1214112
883717
119790
489277
1797773
748717
612888
2335498
1213386
2427662
233668
1114272
911787
1012533
2393001
1119119
2193405
1044059
2149303
1572210
833774
1798962
2147319
1665364
418500
14475
1371711
650054
2411852
1857999
2019723
1757594
259590
1237602
308362
813064
1741004
630392
350507
2317526
396470
833038
479832
1290010
1187649
2019484
1812042
1093540
2073948
2465650
1373414
839299
382636
934697
1913835
1757874
569830
77231
712541
853049
1319425
1910400
1914045
2315036
559449
1335450
1518752
192919
2443350
2348311
1464762
412284
1410273
63874
276281
1097791
321622
1759429
261436
1772795
1620065
1888698
2018299
2106504
280856
1923889
1949943
894155
502778
2334950
2300343
1261016
589108
629191
949411
1901572
1783749
1325266
1380276
1330028
2442413
2250684
1667600
162306
545108
938757
1850208
799015
1838917
309561
1736284
981941
970
374665
828918
558079
1675462
1637646
970997
358544
2063629
1319575
183444
10046
1624694
510340
2232809
2021843
1610664
1707395
975974
1602804
210796
2106212
138756
975375
531256
1020501
569061
862909
2273641
856051
1549906
2142824
2178315
1013011
2104742
166751
1126292
1598484
1306179
898961
1508743
479552
817097
2133412
1229837
1709456
1493934
2108816
1536529
1590635
586237
1664686
2138530
2106351
37688
1875255
2055897
1147113
204222
1965707
945892
2298887
1087874
1079713
1687084
2073509
599696
1616547
541795
1058317
2149460
684011
313825
911098
1554559
1618557
2241183
403223
2440213
2139944
1227801
509179
821917
1764316
2145182
246068
403209
1691400
1675954
1538595
1790875
1213727
2223396
1908139
406433
1872462
1116207
54598
48821
2133362
504540
2419735
359799
2062882
200157
1226463
310174
1723117
746458
1739959
1286292
2145537
1306757
879718
2007438
1933066
357811
1353814
555085
1486248
951873
444034
471089
1121823
2328759
1441544
740967
2053796
983788
1050258
393807
645453
359736
630080
2460246
139309
1406510
1461776
1965846
1620775
1710506
1721655
2092838
768055
108512
721968
613984
1404435
700242
450973
1504592
1404626
1841181
2088052
726995
2031914
2010531
516158
1891612
510398
2454756
1844534
1250213
2164661
269312
2415632
334980
1524412
2315374
1377618
858060
296562
31713
903446
1539046
1572970
1918522
713191
64666
195494
717628
1793454
1767482
361191
1508718
2283880
682385
2369571
601853
279702
1565961
1469256
4209
245204
1823165
1727653
2484403
1469185
1681769
1659478
309049
1331625
127489
916016
2369993
776564
583331
986899
241477
1024566
1029539
12249
1175301
2377538
2499387
890739
105468
261507
200430
2494407
1589372
1149228
2078003
685862
2205260
1037383
2043137
334682
287488
1767587
2475470
110432
54211
2016696
224914
88895
552541
706323
492501
656954
1710817
2089699
280920
747378
827460
980571
873629
1684619
2095713
923385
2212103
1182046
1393339
1127995
2457202
2085064
1916231
1442823
2164256
1518474
2041616
1937712
966454
201968
1049294
1530695
486510
597953
62199
1746081
1515080
2133564
1296802
1636385
583784
519447
59416
121531
657129
1395483
2221890
1280336
578094
2217802
251203
1021743
2475921
1255405
1137278
107416
2086284
67455
364682
291919
1089686
892670
1988349
1874453
904470
778606
659513
1281882
722338
2427935
1320628
2258912
1190984
1692788
618470
635916
2156087
1894094
1183332
1073739
2297863
1460768
1578041
2271254
481690
83750
1897041
575393
173734
491821
1307404
1853152
875941
2012528
1429268
2006526
2211386
1355188
761977
1334697
51990
343204
616905
364913
2040829
742326
1554671
1763777
2390602
1234578
2315636
1865279
559289
1697904
927310
1498046
541826
1441295
2464490
1785731
1706401
1704427
2194467
1986325
708043
1419568
105165
1253154
793803
892780
1537485
255066
582224
125282
348090
2153892
2061803
160260
2418562
696492
194344
1240272
1355956
392982
2178761
69125
40382
2041998
1167189
391193
2441997
1456585
198597
2332116
1193488
2233995
71696
471162
729469
542124
381758
1190501
2346026
777446
2251257
2308465
59934
903720
733358
1979156
2272276
235781
2329932
1918029
310323
546627
913249
2321757
1962512
2150732
1924481
2025328
277400
528715
1434835
278930
1995964
174734
27816
290258
656999
457919
360857
2053152
1098224
32933
1517958
139596
580868
185604
599245
1496320
125289
1197192
2044118
628672
106834
1361032
1996152
680689
1955208
378622
2314528
1762648
1838286
189282
879317
893596
2107330
490443
1715161
2065307
1496151
2137530
1294014
97751
316880
2232178
2156424
110792
1033707
1559691
510219
562994
52022
476316
2340481
1441872
38863
1314435
766841
1697444
179392
595
1887721
2095581
2077122
1368157
2332266
1459982
1578602
724096
627718
870858
312750
2247433
1327575
873275
291061
652363
2236549
1807298
1820725
2412430
477724
408378
383308
1734655
1575323
1518083
2361671
1789197
1057599
1731217
812584
2476524
723354
311248
460159
822618
2344182
2096607
302126
1835797
766129
2280067
792852
327920
2279039
1357449
566678
3574
1477811
1638024
1316429
469581
1569759
1615220
939274
1020154
2463315
1395808
2307865
1043130
1573593
2307947
1753256
2426438
326937
2437376
1623614
1071397
2443173
1958541
957781
2060465
2089006
2314810
177955
670368
362110
342116
816690
276227
841442
2040538
1137971
1651419
628152
2153796
2414439
1728977
319276
2020109
1991022
2239088
552084
1149175
1636022
883577
536065
2126766
2460236
1305999
1584371
173595
1749349
2375889
2461075
1524759
1087597
1735828
758669
1327038
1392363
2474151
341020
1030414
1464092
2172653
585416
155985
478618
2198300
132673
2242524
327054
1010685
295451
952570
673411
790332
1182646
1165216
157182
1121858
2104579
2128892
967594
1228129
1962482
2308913
2062086
2020565
1934547
1659116
1008534
1019505
1649436
1688841
1560853
1480693
53194
33696
623828
339066
1882850
1856886
2255610
738810
571464
1509908
796281
674962
2230650
2105924
1029807
1476838
69305
2057655
491080
2017326
2325476
85732
1362320
976310
1170786
604387
1698989
1506874
2438970
261284
1365962
1636166
778372
2219872
1609320
789515
185103
732893
724100
2140299
1352341
652049
88556
312158
1441287
1493752
1905707
158895
1776402
397590
1297710
1332417
73145
2083393
1122008
1815484
2136893
2297108
2121684
134262
1473395
2334250
2272528
445858
694620
763606
1121313
637052
250097
1260644
692481
402140
408186
920420
560854
776866
1531235
2447515
1892581
260370
1685185
2002167
2323951
854326
254253
17069
2386117
508560
332518
1833977
730317
1685141
1395411
1389878
2188678
603580
1414564
2437867
333943
2335083
2426189
123213
846564
595518
1941758
1334570
2201010
768357
404062
2271015
860938
480477
1048110
1790595
1904214
2051530
1402350
885496
336778
404543
1471523
1947938
1524020
335805
2439711
2294622
273808
1710543
477311
105924
642321
2458046
70862
2076051
1786513
1340629
1684473
2326444
737901
970387
2207631
2362852
91318
1636480
1550366
464683
2126869
1801314
1181494
2331979
203564
1502189
1477531
973316
714191
1405487
2496253
91594
307978
90436
1011198
31246
1469465
211328
480055
2085679
870224
1497268
1164076
2301769
1343828
322732
2007737
2212173
977984
2304298
497758
1480977
502970
536804
2019619
1370712
299586
157996
2367242
1884796
1827692
904363
1341301
2073617
2449205
1186280
2224572
2477110
2060974
1269897
2265880
665688
568285
758493
1560334
222856
1628923
873264
354163
2454119
228319
1981454
588265
1859519
1052032
2282083
911537
272829
2118053
1892401
939009
1849610
1104605
311175
576119
2353554
661232
451775
429438
2313386
607537
1122736
1531449
2412722
732632
47912
535385
2048303
1159020
723663
983609
2131358
2169293
1967320
583215
506461
98506
923688
569667
131135
1418052
514198
100825
1411124
978078
1044666
2204693
1546455
462402
801831
821361
1492915
2448414
258470
1558355
1027920
852947
560797
1054544
2051463
1168544
523636
1045616
51941
675176
75399
1679947
2441800
1493285
2153069
1211516
1798128
214648
668572
2442991
34676
1283019
108877
2111511
401143
1599802
1692766
2366602
1282866
836250
241823
210919
2411303
1379398
425502
1643480
2186853
1557016
1729521
946621
183313
1770874
1820069
1306637
343334
484047
1958802
2187111
269062
2121460
996301
429677
922614
2098078
952909
2076067
665855
2468785
2303227
1921579
270764
847800
763972
2037532
1664928
739237
241821
2085697
2027611
2021351
208658
1353769
1370033
883482
2478256
1139582
923392
1875045
1161669
1639472
1257436
934033
944166
933184
1625841
64778
2241028
2107385
873777
254088
248161
1705602
2343022
2314193
737845
403802
2119249
2126333
73635
1232992
389740
2137181
759880
1435156
760212
1251865
1530492
1178096
752777
1255508
2058018
829494
981642
447011
1874243
1086934
212504
193170
144329
306505
285429
965539
2286529
1999737
2481198
1683326
247899
595798
571303
2221840
1189470
592896
744758
575408
1539651
651032
2304782
193482
154877
881761
476700
2466726
2244867
1320889
1177425
1943631
1039469
59112
1014480
378131
2199231
1263065
1513892
1582066
601968
1234425
1040259
2088571
1113884
259952
1129760
526598
2099504
13255
759096
2017129
1450129
847788
1869019
1982882
1437477
544689
1906477
2298901
1771760
1595211
447508
2366241
2439335
1958302
1533786
1648744
382681
2070771
1938844
1677519
1478533
2313699
1368914
2001279
2447473
1978493
173844
1440862
2468730
1615971
1032276
778647
291955
4011
829223
793854
61965
1190982
505243
1749870
255055
2210901
1427544
1773001
2106150
817912
937576
115142
1853664
599610
1355916
1948457
2319798
520316
1355146
2093970
1473066
1323652
429170
2223669
1101893
2219569
2209638
267194
106675
312401
1234914
557425
2107846
179394
750215
1551033
1639589
872950
2411761
1421613
1185122
2360084
2139321
2035314
1798572
801042
540797
26314
669030
1967745
2450402
1683632
1899443
2380391
1169637
22475
2297725
2411393
360222
1443634
1044759
1327168
1021133
1723577
1925368
2189588
1818684
362616
1424079
1668186
784667
2049068
854634
969408
2435283
918127
1376685
241853
2465974
1157972
1910210
2277686
1088839
885788
836194
1525384
465340
8599
2065374
49397
2112401
2095056
1109605
126075
18580
2150525
1843295
1556317
1065291
153431
276274
555472
1979059
943632
2171726
776914
1164986
2295111
1550315
185402
1384400
1745165
440124
2247950
352537
1932814
2129735
2008532
371115
1919891
2354643
664263
635660
1200499
1449821
1328378
1035447
1630028
359260
1837713
811184
641977
1408033
2410666
1373718
2263783
243959
2407410
135025
1723344
860723
446990
636423
284841
847017
830681
2306217
2421283
2455932
2268928
1368285
1249594
2194938
1764928
954226
2120413
128343
1296301
146043
1830764
405618
2483400
196485
2013269
1573495
2330246
1910978
158192
637933
730268
1930006
2272971
854070
443093
538043
1988656
447399
151604
2354752
1701893
905433
336950
1492046
686447
1262370
280510
1760358
2292847
1985920
1483861
165446
208535
735817
2063637
2189689
312123
557104
1684685
460466
2483885
294105
280019
427675
1134056
403570
1119861
200966
1709332
685436
1196868
608875
320062
2056214
1931631
1657799
636064
996623
1221069
1441966
1116489
1021234
1124068
1361242
933560
1989630
1528640
361769
597211
2152964
1577018
2292230
611863
268080
1535891
1827455
222746
1296930
1540506
452698
311675
454133
1247440
678281
354922
2279187
561145
2458431
1774238
1717823
2425005
2342610
2345623
192040
115221
386659
1591974
154447
1316747
156383
1884796
715844
366971
574012
2288792
813678
260767
797493
2429245
2440748
2264185
1173546
2398541
1065865
2345429
1126889
705322
2465067
312710
849253
1133301
270888
809626
1737021
2420240
182837
756811
2058077
2314639
723742
1700162
1841640
779810
2126205
2042887
1271889
9183
1700721
1726518
185705
1088340
2405674
1673431
2008430
1956397
393681
109553
2480819
427455
241992
480819
1875221
197857
1147618
1296990
1377858
1630691
2171975
607002
2035873
2144909
2205551
349113
1822395
2287849
913770
1278345
1376963
2408174
833403
503325
1648458
651489
874787
2457403
1971201
1530862
2289084
837032
598937
1185341
529092
1845401
153851
1031248
735579
829272
1621702
162546
1035280
1983527
2016960
2010179
2430912
425900
44
1307580
1576508
1085484
1122049
1425470
583676
821350
1364302
2005366
516853
790207
539723
2408378
712930
441042
489763
1000710
1700376
814890
1757401
1618869
1532336
16609
1325132
300318
1376572
616696
1320628
757151
2212713
1303714
2302150
1899967
159886
527957
1579899
230355
2004009
929964
104744
157808
1842570
207603
767493
990536
162903
189740
361005
1675757
1848580
420958
1820686
1272427
771721
1181035
2444181
817921
1306208
494654
1396562
1746463
1865222
1216397
2031214
651394
482645
1616059
2384078
1188100
1949070
330161
1923958
1927062
786315
988763
820473
1311217
2073612
1428238
1829827
2233252
470881
390744
772999
1013444
821061
2078117
546593
574818
522449
888350
431226
1839791
1191846
1602864
323769
132942
870165
1158430
782024
1236207
928239
1098654
249765
277358
1188461
1314351
69189
2378558
1000950
1865338
737076
1997404
1476785
1285289
1436114
1501442
568772
582883
2124970
592886
637356
1584248
601275
2387787
1294813
423351
317887
2008736
2286316
1093295
70229
984332
324772
521256
2145453
1781885
1994301
1204260
463168
1677884
1635817
724844
2170086
720353
1971579
2451832
653704
2392355
900346
1928103
956228
2133897
2240508
2259154
2196631
1625944
2436933
221393
1902001
413605
576925
422928
264401
2204531
1238486
101938
211092
2158376
2193239
1864709
514365
964493
1847788
2377247
1835337
1852152
1621159
161007
2292000
774829
2316632
1691817
11460
1573392
83721
639139
2082445
421054
1420245
2368801
521600
1640029
1627997
1472343
2152753
1366292
951631
2377521
1095661
521403
2459664
794773
1223223
2116065
1420214
2224722
1335893
884729
1540881
1496749
1108249
1023048
2462823
1096343
368787
2206716
1024881
1788167
1663654
1903628
565686
1670308
370594
1391737
157049
1378843
747522
1638581
438746
2393063
1233544
2195556
2232462
1964625
668990
795722
395024
325855
543250
2492724
1482444
910840
1132783
1833412
1099323
1843819
442256
518393
1484317
1973936
961969
1241551
8011
72784
1382673
355575
59876
681461
1740274
1803205
1037918
627978
2080981
589276
663427
1349753
1973903
2156817
517445
2305200
480221
2481999
1754034
1960997
206569
1202533
311417
282108
1957923
715064
1735573
1999291
554925
1368835
1177787
813492
58972
497624
2250974
1723874
2365719
1599055
1756364
173827
1352561
1014663
1082603
663642
2411601
1663349
652234
1149829
1678775
1454585
141955
1998088
1066580
518958
948445
2038813
286208
1701270
1749228
2237466
741760
872232
1007260
175538
402026
14608
331208
2288669
1409566
410129
820494
1735095
1437010
2249620
217180
1309461
2195989
1695412
1236268
1623289
2135594
925867
2386822
1584976
1654959
961338
1680415
1345848
1221425
915766
1916431
276115
1686602
900202
1415833
2013673
1888542
2053980
2102459
2184872
1703858
498481
152861
2116167
793248
1686124
1904106
562906
164052
1335013
965732
40888
339454
1027676
2479364
829960
457450
1385630
1173363
554345
481952
1197839
2428127
519905
1608034
1015255
2068581
2347765
798931
901142
1030356
1925513
81140
452558
1333769
2349175
1474532
347159
545656
53335
1264387
1396920
1508714
1651722
242414
97455
1460157
1015019
2441644
1428373
1632538
718228
809295
898305
416383
203024
744772
2192558
402354
1224064
819616
863396
406312
1256896
1265843
855681
1825412
792558
651736
1664043
860360
943361
698078
841532
837018
2158131
929527
104221
1325084
1858922
1777311
403840
292504
1358654
1198225
495052
1983796
622641
1168416
2241443
1546208
1714207
732547
64211
501225
512009
653536
1005770
1156782
1373829
1595852
2201098
983212
2296263
449943
1850813
2082099
2467108
1449069
178704
1470101
503568
14378
2021606
1557560
601029
971908
2482268
1480240
68445
1677506
2345573
60153
2372742
1291974
2089471
1191643
1979828
1168747
765199
506452
1979878
1328367
2491576
1085216
906400
695400
1886191
560972
398397
2188479
1978322
1181031
965995
2199459
1652128
2024533
1181756
807507
1942334
1170602
585412
671290
905762
2404378
1247624
1661158
58969
160986
1150261
1887180
1703531
1509205
1784258
672523
1057152
2124906
2145732
1678015
2471531
1749073
1974693
1871742
1381231
1156171
1293175
2447288
1596811
1206994
2133800
1584244
706540
102298
527419
1942597
63089
1837031
2070385
2472149
222178
1198062
1787205
1903622
2474093
1463768
676370
1431439
1323828
2094057
856117
62
1388374
295213
478484
2421512
469513
158300
1846485
1722357
1415364
1068477
1467070
2018676
2425056
1550693
1690249
1212737
1709080
1583999
2440985
961319
447587
502883
2177578
414331
2352321
870661
1644073
578544
742595
1647007
41570
2116259
541585
541131
1000862
2289499
757046
1119158
1813707
1150070
1136109
1300676
407845
680069
538391
770924
552503
124520
1917862
618844
1077462
1544465
260597
2467673
1180956
1831174
1983982
1933812
71540
1690640
2393585
727288
657027
2166004
870662
1315286
2077565
1251006
2461199
1263746
945521
49434
323645
2131986
36983
1171240
2304652
973552
2003977
2484082
586051
1987696
1074053
2369208
2352118
2179042
1645213
1683972
1932824
971363
1149038
1687593
80848
117774
1729380
268299
373982
2150456
348973
1841026
1777693
1651077
1272634
1306399
1590426
1043790
8341
1882051
1537767
425134
1114137
2210910
2283000
1458150
355092
1306597
2171380
1689236
2222011
2011623
1816945
1642179
328494
1903291
644248
331969
559521
1841370
536271
2230617
538604
98921
638135
2360498
189154
711838
1535241
1398819
2242732
1053744
74609
953336
349415
581665
1165872
72561
1870464
122234
2057422
782438
1500791
657492
934518
2243980
177531
1393996
887258
29677
2435915
589000
313276
149408
803413
541222
1630027
1052122
1756952
1857511
409600
2358810
2058756
1533937
1023644
2307852
1254029
2195041
40977
2337945
2067274
811485
201636
1013204
1043803
763223
1116774
1194536
473272
257110
57654
2383844
2166478
5132
946262
283767
689731
2368745
1773174
846142
2285798
1893788
398354
96925
814052
2222300
427125
1087611
881113
937491
1422858
1405442
2156852
265935
2394226
1509442
1977116
973839
1937042
749068
1287818
1839690
644889
2275413
951346
899506
857690
1239610
1202272
2390901
890582
1723171
1255364
1890123
116996
2392826
1255650
375237
752600
1197015
436338
2393817
1354029
1110155
903600
2420499
1976365
711891
1726631
137457
738614
201785
1163017
923867
929836
604896
1321798
2073173
377620
2176209
1407811
1976607
1369186
1863289
869385
578929
399562
710111
2423523
1321891
1039247
1489582
1271418
2048958
1992639
667105
1717342
761537
968806
1686173
597172
1269851
899341
6078
2215951
221474
2010027
2159939
1132583
1704147
1928112
2076723
1451649
1460766
1884463
840110
2040060
166426
2131844
1722651
1134210
862510
137064
2198751
2047575
2149128
747733
49787
1343144
2177371
962722
1342240
2193056
903831
460201
1814885
1755978
2347116
2104299
870364
1188617
2153434
999642
44959
1442785
2308434
482117
891276
832657
1592210
259146
1961521
390749
1624217
1662412
2369351
1056677
373718
711627
2006148
2166736
323055
1573834
315030
1134031
684884
2161043
1888556
2113509
792465
585257
1503825
1402766
2135951
1387681
2075798
2131099
370006
2205536
1094652
1957975
1572427
2176257
2360522
1835461
1849061
1684982
850205
2431634
800120
2144997
1407664
1367750
1208349
1026604
597614
770258
797827
1547670
2404835
336903
490109
1002728
1715093
1585729
150569
478907
1887405
582068
1253408
938298
1269551
2330307
1711892
2383084
250193
497057
387810
1005033
1468523
552917
1681181
781476
99693
1254279
2414100
620641
864555
1326329
2301636
649563
223281
1331307
510132
2256160
1711008
1851033
1236640
778800
1253821
765458
224778
258444
2398237
226136
133454
2110140
280072
757748
2322114
477756
1261574
999146
849491
423977
1033879
1910867
1297984
1159382
493772
1755938
421850
111000
1382452
1120282
465451
315077
885874
2183047
2229746
853152
1144373
696223
1717188
1026548
1682437
1989913
2211803
196073
2073708
111857
1842206
402790
1041083
1396634
708689
1714922
1040842
2087990
1332162
209461
7009
489946
2105364
2319806
1377217
179184
2485799
1584371
2271988
1871024
2485694
2230567
802763
2299407
2271691
353824
1887611
1327121
263883
1333007
2040559
1258492
293323
1724083
1002549
374885
959829
2287052
2467014
1321397
1276340
622698
1282849
2373103
1503427
720113
1782001
451149
1810090
2064674
639940
1907812
550541
1302260
2199197
755581
2406047
602341
635963
906276
664293
1052417
745768
876202
2054679
1026713
1892461
1734855
1077768
1165861
1297587
1882557
1245778
252053
268648
2386606
1803432
772670
569914
2011165
1387401
879258
778223
838383
1232212
354844
506739
1848952
42376
1076039
742268
1793425
919510
1038776
694249
789548
1380965
532708
691329
2462568
875498
596195
549215
470864
1290222
1953838
2288013
2129613
741028
1482549
2173454
881024
447863
724843
1413341
2476875
1029888
1665546
185931
1338796
1775137
1008882
52684
1435352
1589258
294350
955942
2413928
1389765
2015598
163898
800682
695847
1943586
1257037
2060637
137057
1035312
1424762
176545
2081531
1754847
1840968
2381366
1622420
1193799
465961
2019506
380488
950923
850378
1200820
2129071
627441
798950
1545392
1119307
68755
2021994
1400621
413689
1651562
2305473
2498818
480039
1052944
1785524
820588
566268
1591903
2378170
1390447
422055
2023399
2409331
341347
1937151
947696
149519
1524840
795844
795638
97921
1816607
1437507
96886
1643994
2293442
902857
1769083
343472
1043556
2082695
1678639
456143
2314458
1850384
1248268
1666050
2406636
2346650
1385420
1235233
1391363
2342667
1759712
1891638
2062050
405192
1779641
137224
677311
2384742
586057
628771
1230754
2289951
1650585
972908
1854081
163507
208129
1093544
1676682
2017487
298790
1989562
1369225
2318660
11391
2060860
1958632
794177
1477106
2199451
2438315
1418011
1490774
2307155
816270
71313
1406180
213503
185845
2487606
151080
1022242
1454883
248067
485245
1264496
1949180
2328864
1802444
2403036
1129619
1694569
1553823
1089118
2138841
293446
1979312
1091973
2476172
2114599
1916771
2050044
2362830
412069
2067158
1182844
2403286
1208456
1097327
1568788
1928426
2381521
1047003
38757
2376130
2089962
2407821
595485
935388
2089941
1479378
442660
827338
1747278
1057725
254639
497257
53495
1238100
307138
561799
795740
106567
278603
897801
1328026
679184
359282
2444182
104384
2278597
1286496
820887
24667
1863975
321426
2316577
469359
207193
52431
1194614
1317799
1848595
1198443
1105308
961945
790242
1720792
1516842
1492192
293643
590809
2123793
2457503
95600
336049
1437479
1561669
1052378
2260172
1651534
1581441
1990983
347278
211621
1785550
1860152
382293
2240693
1730158
709231
1888698
81733
965254
1169021
2410145
1448356
2203235
1082918
2164608
438575
1680998
32679
1010692
2494058
919517
2204012
548977
10
447057
664257
2165189
746108
1872060
740030
1952395
1123864
405526
1460792
1357232
1164669
747604
1661528
1967989
387732
2263373
2141883
188108
122301
881409
794407
837584
324583
1944520
616063
453409
2403171
1626590
2229981
106769
827445
1024710
1298729
1438658
1448746
1136545
63744
166226
2489403
2034155
695528
107197
596214
1095639
1336890
1421404
818442
74067
1406587
1413875
1554355
2375363
1365958
121308
1288595
947248
583688
1256659
1715363
1967023
1970014
1040398
1147069
167996
1468161
2119746
1301408
387765
286435
730033
1601990
1760683
536496
8067
71151
199507
1699461
833067
1177376
486473
1618238
1900500
1822610
2005596
1134075
1604527
989738
988831
1952832
2107218
2345521
2029815
570676
739438
867086
347732
1779588
1833381
1624864
1020500
1113691
2378803
914507
1968574
415752
2031426
510575
694073
2052405
677636
1504024
311201
2453964
2355831
2374598
867566
1187645
117076
2014212
513662
1880579
1374684
2392248
558494
1699868
194989
706794
132444
1227521
1587643
153697
961367
2016281
551183
1034609
77390
27643
158126
2412926
1977975
1267909
2428226
889614
2254406
690147
2237939
2052945
955040
507427
491681
663595
142896
1966294
387067
1731253
1208635
2339160
437603
1911201
1313839
2024820
921192
307132
1839196
1529527
2047323
517053
1457651
1299998
1617093
1465488
1306192
1050370
1364193
2207411
1030798
1354414
2432951
45438
1641666
2031944
1013989
862914
181264
810251
2287565
958697
523313
455030
2325582
974405
1911861
1568625
2324728
560792
1546685
857195
1909314
1488703
761719
752523
1807342
35994
261117
877512
543027
527823
1570870
1646511
226808
1946109
806267
1202617
928844
870370
2400040
1261230
1710385
708436
40756
65562
669912
710871
1090111
2484775
993200
533789
569926
429261
793876
1983759
1072929
1054852
393279
1361684
361246
1041532
2486190
1741620
371654
428561
1040886
2360906
723241
827068
2485092
1782101
1669224
290189
2238023
1748412
469738
2076082
846317
2183136
2060510
1119258
2357315
1009276
1995985
1843310
1559774
1318747
1281220
1903122
1025941
1595749
733856
307426
1443134
40200
587150
734976
2076241
393467
1542086
489830
337124
965277
2146447
1610759
1106083
2452607
54378
2360496
1506147
312256
556643
883447
757332
1882442
603597
749553
1802171
1432974
1289393
964562
1014292
1062517
1821272
1902457
514246
1933683
1478266
1629404
2426379
1123560
1885848
269442
614576
638666
542725
1439361
819189
1095881
1819319
1493469
1860383
1797453
1688885
1296785
284561
1374477
1231510
1187527
1551088
2428067
558681
1228818
22437
2371715
1202963
1661306
55446
1305575
2155613
1543903
884520
456787
929085
2094726
125779
500046
47264
438718
1220427
594076
995985
328641
2261788
1035757
133381
786001
1128980
627407
1583180
484883
1894944
817566
12557
262596
745000
2025399
170977
876008
849132
561624
1949924
366306
2207252
1236819
223393
48894
724001
1605983
7661
2097067
2300320
1593118
1577786
2268464
255922
866312
1852554
1650564
2410175
1023300
238471
340607
2482080
1436732
1676073
486923
2243797
848592
1253845
1320449
1254767
1618613
1723765
992089
339979
1110530
582414
177874
1002973
1479252
2334841
1291314
2040400
187099
2167256
1760975
2077436
2301766
261084
1046577
37694
712492
1327920
1897660
1329789
2220439
332901
274054
11059
945066
930685
260786
936240
944533
449748
1083953
2497392
556057
2051901
2367217
942869
642944
1308307
2408618
533986
987929
1058675
2113814
2154310
2181425
79274
1351126
171711
900969
308647
1345613
1390666
802963
108507
157060
1266904
898453
263080
2014978
1722598
1823608
1397969
1451089
1034868
1050085
327743
2112491
44117
1664269
365435
81847
1721137
1487069
237576
1214496
1844249
1934788
1428880
682589
617092
366031
1325137
1448645
260218
1613723
1157917
2257546
2493136
893389
2474143
91362
1552647
432926
787201
1643940
2401707
248330
227325
1269678
1275586
861339
96319
2194022
109871
111637
368734
906633
1789288
78308
1095086
1670935
1439647
1549669
440115
1514191
230074
213066
217285
1344658
972896
770023
1605774
1704941
1714231
2409911
253844
225194
2119198
1717858
1031828
1498942
1478438
1827510
1396141
406118
2032526
460343
1908512
813506
2296042
1057644
2403154
1860131
121426
887620
1769246
1154891
826692
190138
1142040
569938
1675524
1200835
899784
685150
1478722
1205567
1381070
1867356
2247665
1619711
327427
283768
2200929
1643484
643143
468597
1804868
1633327
2064146
673589
1278021
1957632
1743942
1407835
274498
874119
2433931
79193
1806909
2148464
81764
2435025
1191491
667577
582588
369683
215436
1554813
1639335
237183
1401280
1140622
2070901
889336
860197
742394
2460183
463835
560390
1264898
2167957
34795
1253618
582351
458170
955784
1649490
1753227
1521486
96300
665225
786289
1782524
806812
1779193
1354707
871148
79199
1585886
2430799
830805
2021955
1865180
2405897
548826
2365293
1239951
207063
1522914
412035
551159
729289
1485224
1341856
803040
2083934
1806329
1258858
115530
1338504
416426
383838
2148205
2249880
1345990
819228
2379570
200083
1065321
1499931
658965
845657
596726
752207
882420
2261027
164541
2385326
1575940
2434027
463855
1367656
1475766
1126762
124476
968313
1826067
2280783
477670
1181402
2437926
2469140
1284167
1233385
529679
1012937
336948
322863
383665
1029250
166740
2483055
1823290
164513
873790
1484500
261026
1711100
2318360
505578
2409380
1389017
1284834
1528832
737206
2498114
798395
392180
331183
1634969
916015
1378212
2166943
1373919
833885
1780161
1870530
930134
1571785
2027650
403046
2396428
2273981
2020646
1014814
1678440
1369636
1452194
1327175
1813013
1809304
1456753
810200
1692381
1970499
1603748
1294936
563707
417151
1861642
1791057
2193012
2322699
141334
632285
346938
481671
1010358
1428517
214059
1624704
757156
2277805
1349236
2221430
638859
2122456
336207
2014013
1250055
590075
1107054
835904
535416
548701
1974153
1702811
2139212
210024
2085870
1869525
1799039
1410725
696310
864173
2289021
488663
2221505
1069683
55816
2460433
868616
1844756
1778034
1168070
221643
150030
427226
2495786
212136
1585608
303474
2064627
251245
38648
1838788
719731
1838101
1759500
1738712
303364
1742188
2303617
961819
1487193
333812
1018376
1317770
2459447
1220002
462102
2381290
228335
935425
1423799
458090
480990
2021332
903333
53013
2160655
1639113
2159120
211448
1358792
740867
634108
959980
946392
2205069
497122
1850019
1263421
2305467
2417649
1726628
1509995
1027944
394313
2019185
531520
136141
1903928
1159657
239985
872095
771436
175578
697774
752404
2158410
1281180
2026803
2128931
947476
502872
2106534
79952
2064680
2083573
152609
785105
249046
799188
2158881
1997723
496111
1846785
524044
1935468
1136374
2135457
381093
1706815
460742
1072255
2262239
792466
35215
2136295
2358791
985393
1853232
1905525
1255602
259642
2085319
900014
1885215
1657028
653412
2392113
1167544
1359866
2273722
270515
390762
2157977
2497593
2067308
29842
1837989
769925
180409
1614004
595744
2286743
1610548
1286464
1258681
970981
349374
1035166
2188392
81106
439866
1132949
1441384
728812
1015583
1861980
1739345
1326489
356357
2121367
400377
664533
1529599
1350663
1490074
95231
1267762
153550
1466261
1054443
532740
1104927
1881679
2312918
1923135
1692499
64232
974607
2231747
762482
2104016
1061189
939367
726149
1348320
1295873
917787
1350310
131506
254195
1647191
2182313
1470118
2412455
2192599
681445
1331244
2192401
1122648
2256254
1140984
1981642
1696920
2417144
1669533
1002962
716129
190110
561668
698081
917207
629441
2287628
2210396
2399529
2094876
2360210
1070997
2007631
2452473
2161619
872348
302166
1358997
588431
2373637
2135258
1631870
591377
407107
403407
590679
1011318
683670
750363
2319964
1278090
99272
1608056
1172718
618469
1104208
318791
1553112
2028645
1452837
2457218
1145725
2043085
1484334
18659
2465879
886920
2386716
2436079
450456
1910936
2024899
1874146
1029486
1730938
1727430
1703021
2316862
1194167
78628
1636393
383801
2361354
879134
1602331
1474612
1378083
1867851
1027183
689902
1575230
976118
2149621
1551438
458951
1716711
837918
49404
1631395
29039
739907
1249956
1992832
1647873
118742
2197047
79850
1230343
2331319
341436
1091572
10112
772656
2462757
1410605
279803
1666599
2083133
1953556
2441139
1002464
951695
2458988
2133689
608576
1137625
1374410
1869923
1876332
507306
2272083
2457384
2034264
1085946
2160256
633489
371623
1092055
1776422
2385602
2207596
2369050
1875478
1524437
2269176
330736
776646
1389717
273677
1283705
398805
2140338
2366386
2407769
805201
1856713
428184
16071
2355587
1796759
1080487
238929
1995452
1791810
545909
245304
355068
2006529
2190210
734120
201380
1828880
365160
1159748
2230468
1710513
1246013
1362972
2000223
1645255
216356
2020212
1125275
1734398
2365824
1122431
1771916
884032
2456724
1447575
412873
2425985
1396097
1732816
2227923
1216719
189087
830327
531374
1310989
862541
1758672
842738
2426165
89440
2189616
2197824
2291695
2449806
2048014
1570249
325952
2448959
1448024
1769862
1343460
1806476
1809573
2140123
650124
1567707
1785420
1192520
2473657
1486840
324149
2365361
2309677
1436111
1974602
1226149
2217476
726329
335638
1516733
1739202
1178019
437196
1088493
406055
1694282
426629
2169367
1119492
2243121
323247
1162055
369254
58246
1749214
816430
1660709
435235
823231
2117877
1708029
928581
432269
390415
1187357
151058
2252703
1780750
10456
1448352
1188305
777400
866745
786814
2419269
1937633
1786820
411111
366635
551812
1787795
2443214
363331
908169
2405589
1668194
313248
2494490
34448
721993
2238932
396641
2381044
1997816
872116
2133244
1756134
1048271
2391215
1882209
675729
2489659
2239133
745650
842451
970146
1408832
139147
1843139
1377013
1054747
1222245
1929293
620523
497932
1430542
872108
997940
581622
1259689
489052
145194
460929
1380002
848984
752811
1728078
1796026
1290739
1291352
278878
1015945
2272751
1476600
513521
706337
1191283
697935
1403611
1608006
800529
1759695
898926
698783
1020962
336350
1859184
423694
1016978
1147171
2270736
693975
2457018
1480312
1388948
122303
1324427
212686
158147
8235
1559261
1350894
441089
48669
1408914
872818
2249107
422182
1199738
1852780
2134125
874591
1499911
399664
1405894
911348
1233030
2415002
1471341
2306248
1696291
1848439
1795975
2355754
1818052
1700587
731986
2003498
2336843
2155271
435368
1627170
1060627
1636919
904130
2192199
1500696
2027652
374355
1580677
2218200
223504
10612
1394428
2107110
1709526
564822
109793
2498309
2384268
1347880
935190
1257159
926949
921977
1493968
2435887
711255
548130
146524
48907
879395
62797
119805
1315190
210502
1196690
685982
2385540
365304
424432
825810
749311
2006257
1865657
1291786
2072338
528393
536523
625384
2499177
889807
2170319
1648961
238246
1109762
61228
1479486
2386454
796344
1437013
2489070
2438953
849823
2420785
2063422
475422
143608
424843
930332
2010421
959453
2061065
527887
707734
1455231
1936572
1272343
1960329
1143320
1648657
1686192
1195088
2061760
409434
768760
882149
620804
704343
1377740
1581347
2232012
115197
312112
1376010
2234194
1901568
1220574
740872
1136664
1965587
578917
1322353
117701
1317888
1184202
475317
92966
16507
1447767
644919
887646
103155
2470086
258733
900353
547610
851817
1952040
2280106
911096
252975
1421856
762083
793875
23681
2130441
1851504
2111115
811903
2216256
2455923
248064
2018283
2115912
34592
458606
678984
253172
1217418
1757703
574522
1440813
1695306
1168100
889128
1586949
1771448
391413
649590
308558
258932
965957
900667
1921276
2154570
1376459
1221769
2424728
729944
999280
2043080
24141
1821530
314690
530859
1376268
86854
695206
633032
1520780
1957807
2085916
1191132
341179
761085
265330
1365751
2297609
1970333
1893564
2394681
177419
1483913
1260657
971375
2058105
2361029
1593191
119551
1243439
1732872
1341693
2093318
475060
1884039
2025195
1857032
1035092
1969348
807439
1032508
1339731
453260
1337388
665564
1709826
2006554
97660
300188
1916877
2234067
413797
2349352
310921
660957
1396090
1195533
1570030
1236399
1843361
606504
1593951
1083883
1612256
707647
1342985
2423348
1393681
561605
2025838
347801
1179811
1568615
1029180
1841843
1453503
1201086
612171
475466
1411387
1298822
2300817
2042213
1153717
2094351
2001704
1475464
2012182
1440211
128947
1099801
720314
1801241
520597
1192027
821030
99845
1515098
277973
225581
1015323
543661
2308709
1971556
480081
1202709
1752443
1424211
1502387
702315
298940
197462
1685678
1683383
747790
1554516
1145178
1403908
1272498
1611630
1437679
2269269
2140933
156483
1284053
1358639
2395319
863404
1485129
586104
1728122
1871539
1631550
2063535
2130795
423309
1126394
1159045
2119170
783925
1839058
1804816
1530808
984678
326383
1229059
392959
2436640
180073
1610118
1151039
1708804
1527471
375827
2293121
797055
2111408
2100147
2438800
1631027
1873198
315809
1619175
1471241
1174028
254350
656560
1572291
96511
188449
1595797
1033231
849195
1729300
2117429
1592417
1640110
677316
1463324
1381572
758052
445390
249840
1517773
1892862
318370
683578
1555070
557091
2389234
2056215
470203
280166
1675350
276774
1063426
764490
1680494
1530975
1282007
983079
2131380
2271762
1647070
380869
1574930
1126018
1012249
363725
1268479
1841499
2282490
2231402
2409258
2320848
1785015
2186639
1026337
902724
1586499
2290569
525211
131742
410066
1103521
470294
1599268
357224
2136914
1083436
520581
2286114
2190536
336970
2325868
125199
175236
121838
1259232
720102
668475
1413882
293557
2050810
449045
1471270
91116
195828
1335723
641496
2429859
513594
738346
1075346
891295
987978
1675075
2103504
2260376
2448109
78412
415391
1017278
872535
1327018
909419
389249
1589264
297816
728183
599168
1538461
1231614
1640302
2296238
1567483
1629213
2227727
2105845
2221940
123551
2323271
2412116
702281
1925049
2425413
188550
1615185
2227464
2167955
1267383
834938
1027918
166499
2325342
2185975
308991
270125
1800344
111977
321259
475641
488047
844644
148199
887575
2215361
2344521
1638243
1183409
1584131
1804065
2122298
774215
2270203
1014404
1541460
1268603
1376239
165358
1609307
1993229
1397458
146120
1862272
748525
691328
1226667
1651369
1467916
1945417
2044485
2430388
2407456
1580504
459553
1354788
923480
495890
1664280
2359752
1618803
2182187
485206
395857
1064408
1512053
2215600
2380873
1595683
2367093
942203
920206
1649897
1526229
973982
339246
802904
1610384
1670750
1099973
701668
360707
208136
1269696
1648144
977336
2469322
1336088
898005
1640014
1636673
346361
1131009
121344
1116582
2459989
711446
2033305
900341
1901229
302825
1634410
1876927
69343
1231287
1292932
2326863
1484408
1333872
719831
2061878
1490333
181668
2121794
581455
363251
2285523
2376224
1624511
2248763
2011824
721442
2349054
168190
1113120
1574539
1596275
774909
1861141
785528
1959818
1181395
406851
568744
1751350
3916
1153343
2123177
482289
1399757
61902
198720
730511
375532
1743621
438898
365021
1011759
472104
1281235
1464413
281662
102462
594716
1540964
551049
68891
1183975
519349
36421
280141
1452915
816852
705575
498176
858027
1150427
1146502
1325362
2038929
1911348
1404502
1388169
610134
438711
581878
1744481
858260
1934442
406548
1521515
2377605
1134579
2021822
1866179
733546
1747979
1953118
44016
1710490
1978709
386914
790452
2468057
1660893
492751
305319
367727
365244
1153609
2034079
2184340
1519381
1452825
1388448
463561
1604643
163411
353376
985465
2328424
1052327
302531
1671163
2212698
1483182
233464
119430
936747
1829539
888217
334557
1796918
914225
1045763
2003118
1933953
2469368
1127858
937930
2059539
943464
253415
890806
2165442
1867406
2362803
2131037
1380334
104687
2108316
2009739
1406304
2234114
530659
1644395
2267834
687777
1732221
1327231
762526
57454
1988542
2164836
1626482
847761
221790
1769414
1090122
249254
2154774
2183086
282853
1065262
523359
83109
2323348
722746
1028124
320476
382464
2141408
959352
236795
1077916
301905
1279510
625713
2488712
126910
795749
508079
1152832
1224499
1800320
1899480
2295156
1157835
1661947
859258
116290
897997
202654
1035235
1973417
778916
955604
1525539
914314
1342956
67034
2404262
931246
1398335
801823
1368290
972495
2291061
2000938
371928
63533
1378153
1955324
827976
694600
2441678
1705348
1143051
132850
2357247
2284531
1574695
630955
2201195
2047632
995767
2171885
159914
878101
484629
2418794
1868427
402234
152398
195856
2157343
389237
665626
832906
909442
539114
2063469
814145
26363
275750
591147
309263
2249887
2097492
179980
1061543
1096091
40679
551571
2367516
1305108
33795
184935
950403
2197288
1427726
969908
167864
2052602
2310976
1931524
75717
642174
2069797
1492510
2129778
2456552
924462
2466379
334866
2481137
495460
683720
981180
2490800
756213
1859940
1924216
456832
1210112
598288
2377783
2091188
29252
1971412
1936406
562912
329207
2391384
1578445
952513
604979
1879263
2476199
1695203
708616
33056
2002196
855242
254079
1497751
1412304
2047114
1217244
1783274
1908721
23785
2070628
663648
2072499
748143
1082581
697513
1184832
2095239
1279618
748418
1184246
1996138
5496
1882911
894892
1509449
1992827
1005536
51251
2383027
1203130
154766
473510
462233
2018069
1534877
1101704
1542234
1312148
73221
1562245
1845274
2440714
916964
1868604
2386866
23339
1563963
1414888
1297638
840947
1652111
212369
2073297
1470957
2433518
176902
2207518
1632929
912628
835642
2414548
1044919
1503545
1136943
1231576
2036062
1090169
674951
1543033
437418
703534
1228693
227439
2079593
1781756
486676
2080299
2170292
1421338
1397928
655317
725479
1174219
1968994
625781
777241
887414
928584
1068040
1065728
1203905
1458309
2025486
2259352
1831429
780442
1129959
915843
845590
2394492
1227517
33603
1877693
1628221
1423906
1658956
1763710
2193129
957182
138206
704663
818729
956024
1187622
1761820
2063293
303810
998404
1053283
1861848
2192587
2078158
68405
795842
222659
215101
521755
2123124
2352595
1309473
1334217
126101
1311834
783261
1393911
1151490
252447
1293851
662401
1666146
300783
1627765
825957
1720562
1321953
2267861
1021220
1911025
901201
517183
1284309
1850599
2124013
1221660
499695
633092
621507
2173512
1350313
880752
1002169
1638997
2093600
2114451
2301372
209476
583369
816293
1387830
2217192
190696
794685
682940
1506053
1885206
877264
614945
1578142
1500875
1424284
2464090
614380
2331947
1969024
2079640
567790
608701
1284453
1860181
1639370
145596
483768
565972
1784128
1975482
1152100
1102489
1157836
1580004
1534169
2235556
2079146
1006612
872342
2354098
840516
341901
1614810
1316385
13146
675282
401365
634121
394971
1265028
2153125
2025479
2181806
2118668
562263
1146289
1135757
369307
309539
1120320
929370
49758
1871367
892760
222961
1304070
282387
1257813
49496
2478326
1973652
1045424
742149
2353956
481915
959053
405364
952589
2119951
1988326
2007854
1492727
604061
1835406
2127894
862797
1280362
1931521
2490325
789577
2180838
286248
476676
1392897
1931145
422584
857514
1953805
325922
1097091
1827345
1970050
1044189
232919
164739
1876456
825830
1818429
1673533
1179593
585269
170194
1756201
1759796
1834914
61129
207131
846914
1559943
1908254
2202124
2469197
584187
1173446
1748038
1555649
559223
150002
2126996
498193
269230
1586233
1035614
463163
711326
1095450
1974203
464151
1456371
1249296
1913294
1882792
569945
1739541
1009625
1766286
1668948
916381
2297766
2466516
527167
206519
629860
1935731
498335
1768553
1350405
1820975
1377169
2126988
148529
103762
2441288
2454391
70708
1794501
1354788
2367538
490234
624070
1853731
524045
2428949
1108222
1525951
265302
2440353
689094
713420
1891671
695734
2220067
197016
2065887
1422005
643893
1344160
1334992
462379
1607774
2232023
1280097
1189721
1180708
1333857
1588733
1788327
797401
2418099
1178711
567177
1026630
1936817
380865
2378421
374129
2456228
1865397
1060417
1738591
858551
1427767
2353622
967856
1241178
833210
88672
2339631
134936
139292
2397689
1494159
1209683
986046
2092845
30558
1897160
1650504
1588712
2311766
102607
997807
1575514
614663
846711
985216
2194508
891859
2429612
1115204
642163
271234
1889436
547595
718517
191284
1463777
2143685
2173074
778238
195933
168267
812906
1699099
674389
361063
2491425
965039
1281231
1394090
452673
1722697
1521972
1163598
937748
2102932
2068856
1852780
320009
1598801
305651
2451374
377470
822037
241683
2077040
879051
2241140
1009136
477686
2397097
1756849
2408785
442289
1470535
295345
1487504
1034954
1515234
195353
1189389
1509290
778096
2141148
2140519
93241
1583891
982144
2054176
777785
21295
22426
362484
1570032
43816
90285
636259
1103577
1219965
1361823
1770728
2439748
982624
835146
1365380
2407655
1307628
1437666
2218815
528821
1739731
735746
535496
969556
1877415
260170
1912992
1252552
334906
1131705
907307
1972343
125282
172993
2186937
658650
762844
1866489
2053086
8524
37566
877002
1763332
1048176
1934559
2499434
2467292
1723932
1637817
2175114
1699915
455207
390418
1199910
1200221
521800
2039374
1529745
2073579
616707
145150
1320811
909900
1393471
641548
1485498
2214132
811495
1201422
2006971
269152
1406771
460256
1523508
528699
957879
2426834
464141
839252
2120173
981637
1293653
1361919
2334797
364274
1958578
919377
390354
518932
844803
239499
848955
36266
2075831
2410276
2321792
2116526
76083
967755
932153
709915
66944
1849242
1683262
443052
990507
1936861
840287
876899
844222
560721
1412529
2364119
898325
2486949
2269977
477942
2135501
844570
60279
2430707
51286
1914719
2214171
147873
388655
2251485
1327098
409751
379221
954109
334180
1881570
999907
503880
460021
855498
355448
357538
981435
125804
2063378
1560628
2320305
1702094
780563
1516762
1032664
1097032
1560829
498660
1006413
1258265
196921
986541
301724
639790
80992
2481701
1159284
832510
1389066
946324
719418
2179969
184143
342683
2062649
1500912
155610
1425072
1816194
1079237
356863
1925204
1994737
2065788
2272623
1733663
452222
1630427
2347764
843369
1389327
1366108
2084319
2240498
1379403
753940
347769
1386769
1916804
1323374
2292272
991167
1795824
681851
2312269
2076903
2039772
1867654
2475832
2370102
1650542
1887739
1282664
1504346
1726530
60215
2338925
1303406
822355
2176381
1090863
700416
847874
1892095
2279421
1003989
922351
428517
417167
1138479
474006
389824
1323860
1456008
771745
1317748
320196
1040583
56201
619163
572538
48350
2211039
1492658
2410603
691333
816659
2400333
829973
2147868
1811466
443408
2027756
914464
1037511
1393475
1450064
41147
2148703
1136079
1064533
1403395
459470
254652
1269896
1266474
1630463
1681127
2155030
283046
585967
2326208
1027496
2254151
1114718
1734891
1303733
1007327
2018371
323109
1233311
1056096
538633
1772573
2414444
405259
1182235
555991
795914
572258
1252961
1338912
2041791
2140611
1392942
9192
878604
1128312
2463877
915555
1786961
1741404
2094868
2218041
2409187
667869
418095
1690198
1552847
1906757
234668
1222995
862243
2165940
251184
400869
1246281
1823323
12975
625449
355027
955370
151802
1787843
1120045
158845
2312923
760629
2068572
1454214
218980
828347
1760295
1086702
2042809
274362
164018
87672
909203
1646863
850419
2145052
1320342
1354392
834996
2219886
595496
635953
866974
2021201
324032
2260813
1811590
1702620
2044754
717913
2125929
1017814
1488899
1863810
1420425
1978675
904320
643701
1851283
1795229
1292180
43376
2163324
712282
443536
633137
713345
612224
387474
2401495
520453
1660374
179249
1068515
1331193
2098136
1370143
2082085
1267865
1813266
1840083
8761
165768
1078404
1362273
1468915
1633940
4537
2111391
460355
2478053
1421600
541949
733801
963114
409764
254968
1013100
73166
2406728
1029818
2240369
325590
495423
849127
1265256
539664
1917836
1521054
1603722
1465706
1699948
436659
240230
15670
2453483
1789939
2221814
2378661
1840433
1896449
703198
2464679
1752088
1600091
854699
633919
1880272
225937
42855
1715998
1406520
778542
2277471
1937514
1022285
38512
859602
662207
1048374
2250214
1626762
2234700
1556220
1965040
2379152
158046
46603
2042575
2207871
1818198
1530198
1268216
2272595
313736
1716105
1618109
1176357
1913977
1264375
188853
1957770
688900
332342
2307714
915043
1546104
1507607
2036744
1403829
809125
128762
843155
319022
2393583
240445
1126852
1179774
1635917
2474586
1823163
807255
2466588
201392
1133259
1481974
1781450
447440
2490537
1053083
325579
551604
2315907
1546545
1579593
484897
2420768
1717381
234317
1230615
1332883
1194494
361778
1513352
255637
185008
1720465
349682
2062026
1436319
686876
1539045
1180382
1934993
329150
475716
876024
242772
1072633
2351985
1155381
548376
2108411
1729893
1706468
1187500
1624599
1392816
1695889
2498526
2238756
748737
16184
146872
2038369
1060676
1286671
2070026
1226302
479931
2074868
458059
2209084
2102694
848769
2489694
2437062
582652
2310971
1392303
208435
14005
1612025
901831
45823
1749243
1113052
1353310
1848326
119272
1836057
1090904
1391454
9887
1673680
1130705
595288
1223295
668864
475780
821515
207367
770038
599073
2015697
1759652
734906
24576
2217007
1255972
731050
711121
2042780
2133417
343328
1675886
10469
1603892
620660
1647515
1390631
2475960
1070880
582231
2061554
1635542
1573946
314391
764413
944687
2123567
1258001
1374263
2207439
1623939
2195987
193894
1669777
1895583
241280
716491
776033
2148759
1354141
354437
420808
1109621
162907
620265
1422524
1438954
1631626
1498848
882708
728687
412977
814426
1481148
1460284
399932
887785
2394124
1987166
265238
1728075
2438295
1980437
476141
67794
2110909
1564175
1985845
2367332
1647273
2426780
1840564
238664
1393026
661058
1301402
664643
2478773
427781
585979
1505238
620985
148106
1847803
1724721
1421029
1183755
622311
1555567
459307
2302658
717605
568513
580036
1347316
772855
1117579
707474
608618
1373938
72505
628727
749446
1309710
235440
1182624
252107
1337014
2056
1837863
2386777
1986835
1254426
2424375
2071913
1488077
2166482
2119925
668636
2410067
605763
2041797
2337469
672885
2288143
2392937
274532
700154
2398364
554921
2119086
531734
1613185
1708081
507041
74115
1173803
875419
1374494
175944
413911
1506273
1288831
767522
541949
2028012
1401060
732875
1471302
445529
1494655
953481
1348820
1658238
1703222
636428
2445327
81342
1105075
487892
703553
1855620
2130802
411844
2083521
522846
1482254
2397514
785732
1665659
1303983
2200947
954371
1465665
1959231
2484510
1083312
1072625
487279
1910006
15528
1456959
2152443
1719923
1268711
2408782
168777
1624204
547110
1572404
2235063
467784
2200522
569551
302042
516257
1930073
1695046
1211767
140782
2184415
572354
903856
1979210
1433819
56924
1706034
2115558
642238
259974
748968
1843944
1788891
60300
168598
420204
1496949
406425
2130827
820974
928483
793679
1887845
347504
750680
1539214
1745557
2220096
1475030
349817
2422780
968386
1558372
1440470
985681
2282451
1510540
2257065
187011
2297054
2173668
186453
1058603
1367571
1525960
1976516
1020573
940344
517046
572927
1192597
143828
2137282
1425682
841754
1011686
127438
1369961
366474
1500462
793268
1033397
2345315
1879677
1082781
1261662
2073425
1910121
1548441
1462744
2220404
242499
1418730
1566118
1416162
797325
341070
2221691
833197
139819
2103510
947478
530210
1202051
2417603
751618
1842021
303457
1773373
1583210
2333760
1720094
1056678
1987027
786774
985162
888912
1491868
2210000
642648
2358375
801318
2439657
1404529
1454465
473786
2060816
231614
1649449
842651
77443
1015417
1372681
202289
174284
511767
2371201
1200232
683749
2282496
1550518
1700293
1769126
2168785
265665
174351
2022944
2213061
466375
448443
2220105
626267
827509
424766
1885826
2422734
607431
2464480
868128
634318
1764994
1210399
331247
2070128
2206713
1493774
727313
300948
1344184
1945120
1321840
1117408
11935
885061
1815059
235142
1246030
554167
2352573
1878844
1893871
39890
1856806
1266581
1649325
1980939
2403789
195418
1476028
589762
690568
948553
573578
439153
1353951
1307787
511554
192765
1045085
210784
1971104
1102377
2419742
2247912
1246119
796313
1272402
508378
894911
1062955
438213
2235320
1362145
597138
2380733
842974
1923485
1534605
2101010
1846873
118502
2242910
954725
726520
1504033
2327034
2195116
1643059
625598
1872098
964916
2239761
2193547
1903896
2092333
1533425
1937762
1689543
2343873
738840
1819445
1446866
664702
1577130
643770
1357037
1320495
339771
504437
465284
2356525
1540072
2247407
1891458
260506
2001654
843331
1244866
1120189
618290
1537460
1972140
1721905
295142
512747
688613
1324417
1374140
964611
1963554
1964851
1905118
2304107
385777
522291
912831
1098692
347268
1234053
1933526
1229112
843394
484944
2464085
2451161
383115
1404038
1141998
623238
1289483
938521
838748
263396
2169545
1347717
270576
1256466
1351628
2066326
2079943
2196961
2402498
318205
2385234
648464
276545
1770166
2208888
2040782
2147932
2420659
2386978
1699614
2128790
469462
2242205
1815204
2121979
2028938
994799
890166
994685
1705420
1602228
612147
2215936
117287
1380466
649345
1054336
1306621
2020197
1404157
1693519
249467
866631
397865
1736576
269249
2483891
9961
1194332
164714
1306556
2264069
1150055
80468
848784
343333
330147
1995008
2038751
764397
1209065
20144
487905
940512
2454469
597574
1301569
478355
1865584
978181
2365020
2027118
1455888
886790
2489225
310817
661781
19531
1352038
1857455
1535595
630669
549251
772677
345067
2254764
39477
1840703
2276274
601571
1671522
1111097
821426
623630
31651
1735718
1088290
1288340
2209405
363015
1731911
1996672
449575
390387
1796764
820699
1877301
2131495
1050420
1839197
1236553
2219335
1816073
1990720
1951208
87473
261369
704929
2486677
2298442
1711708
1901275
1854422
1742528
2317816
1846017
102778
1952968
650783
1839609
1706393
2353835
187501
2098071
1833642
707444
796982
761818
1396851
655016
1477024
516204
255528
966500
530906
628523
754043
140306
1394805
935562
2088879
2363845
1251556
649615
702843
1974910
386005
140266
1457602
2499756
1320070
588238
720599
1469889
1834667
664514
1277169
249264
1572405
1578956
305064
1111174
129202
232925
2418658
2190883
175426
2495278
965376
945518
2463354
521263
2221314
691348
314480
908347
1344406
1732993
2181711
220291
1934221
349404
1727900
1254114
2116465
811070
784106
2207416
2281262
779561
351079
425832
165782
1491220
2298642
2095233
817210
1157738
1500078
1402393
2340954
421587
1282606
2218292
1320960
716870
1957632
1758857
2489984
2027835
2205602
1800002
1210934
46508
1284841
1328632
1306023
1860549
2319428
58669
1349186
2244021
642103
607416
1083118
2156122
1600317
1046834
1213392
458765
1950343
1582021
1852175
2404762
1294625
1979690
1765628
2488954
1298207
839655
821242
1324785
1687620
1842482
1371777
317099
24720
459782
1283540
1648783
1291875
1168416
1684434
1661217
951315
1388363
694046
596817
1586778
316130
1663976
594237
1715266
2195108
534105
1614112
2363128
1161405
1735296
935954
566543
1100700
2492469
608331
557230
1613851
1628475
1783084
232345
1352628
1432100
1851284
1452470
1588305
51860
2240289
701157
2209743
200505
396211
370095
149479
1891492
409168
984985
2165867
2345870
775553
791804
2291285
930991
1158123
311493
1483894
655512
997626
1325151
551399
494514
989739
1431151
2464837
167476
673408
623134
843613
1765875
2473020
1206217
854935
1501976
494540
1729024
87861
191020
307746
457356
1312199
513440
1062036
2053746
2320467
1586407
1734823
734733
1977594
608934
107815
1437566
1927755
1752931
693934
1983327
186882
1137464
1797284
1925115
386192
2477772
517747
689438
353262
810087
2122750
858306
946191
683137
1494955
1215803
985015
655838
909814
2494037
644420
2046898
968415
411684
424542
1300623
1424229
3124
744100
66240
2437397
2124482
2496817
1487756
1819465
424595
1138718
412296
206437
1920014
1490352
2079157
1253135
2021487
1829031
459195
1218104
1413825
1837032
989752
646102
726553
413810
102278
688816
2053744
2300136
772782
829206
1414137
902209
1197423
795877
2013625
208772
1771125
1950659
382752
2149207
2067625
2175239
2105294
868601
739398
447105
2134731
1141055
1071903
2417072
706703
255236
2466452
1955125
1209282
349000
544655
1205759
1990708
1423439
2163646
840935
1928448
506955
1648197
1366914
532161
1844477
2023869
2274582
898559
886530
1213757
1656348
588086
1159788
1366420
1844389
1324687
873204
2351578
1752130
1562395
545369
998065
2310150
2321661
2215421
1257115
381133
456995
1717346
2083513
2181107
1049255
737992
2192396
2006789
63742
716925
1104986
1569755
1834059
470679
2176461
1497181
2093903
1070928
1223181
800629
773417
600139
2106263
1415562
2392252
1178174
1258286
1292271
1368945
1370758
1741794
1637692
313259
1100869
1882400
1925084
319229
1018435
2406736
812946
2018539
751395
1833393
2165878
2254856
686872
303482
1439936
987947
971528
1871423
1613907
1708601
2425603
1909283
1324369
917175
2266687
1375680
112515
761856
191704
477833
227914
74880
1905546
757966
1510611
1260185
1071263
2382060
250790
2444682
2287947
1241149
212526
1904163
203269
2082290
569499
410848
11077
1006498
1425050
111317
1779017
718624
2298072
1968175
306851
1021178
483174
1489986
121730
1907828
1333013
1142269
190090
1124638
2001163
773727
2352404
296002
1021953
188679
2103276
1025989
1972432
1088130
2260566
2476149
1156660
2477712
1255510
1017116
764692
641119
1159135
2262863
924060
280090
297807
1179050
368272
2432492
2302523
791076
1488715
2482951
1098511
1490523
1986602
2049867
1771097
716109
1120938
67147
1645508
1107084
90916
664313
1850515
2136724
308078
1323777
2295388
109939
735905
2274946
2446213
1676541
340427
1407867
813297
334891
1479270
1360674
1780352
2345811
1585168
1386672
2021882
1527678
2077775
789459
1536492
1463913
2029940
1759202
577125
1854522
2443510
477669
562675
954801
548740
482962
731348
602533
2201310
86791
1563248
1394874
2020431
377231
110825
379058
152105
1976067
909029
2124244
2268424
2070656
339975
2218930
2480198
1389889
265452
1906995
1504446
2060090
2327601
1100483
1284833
708091
2346954
1816388
426015
906043
1673581
824778
2250649
2365514
2183906
2162247
1521401
1413617
1873545
714001
1549231
1832746
982426
1844391
1825595
848965
551003
590240
2447021
375531
832019
1775115
1369772
1979029
522060
669164
2173224
664556
2073675
378737
212187
2358828
963961
1000707
2343652
1581237
1169405
2090671
2191219
60395
356782
1231588
1980662
1529309
2061655
1116455
1304876
1634716
117500
95461
430339
1221070
1512323
1224240
161103
1515954
1692812
975522
258490
1876051
10116
2161572
822594
2086116
339270
1188770
1059733
807131
605262
1745742
1374725
801315
1973535
1224846
931249
210958
753562
442890
665340
1089191
1249100
131256
955475
1931700
295353
663980
457681
1756686
1579121
2409751
270100
2226080
2139970
168096
1263808
841426
1709378
2208763
98880
996268
406943
899917
2074345
323822
2468610
1997483
1636437
934179
165783
338498
1287082
1710700
1099392
1433068
962132
1279583
1744048
599968
748195
1935851
741670
1047674
982481
1940006
796520
1361722
303327
384026
359023
2071752
2242811
1073149
1972153
1430527
2340293
1148302
1541430
2433783
1309134
2431035
1160994
865671
1164008
1684597
1031622
1417863
166450
1187259
205285
124506
2290681
690191
1621428
971051
860759
1134225
135809
323567
2043933
2216202
1574498
1322494
359508
1309985
2222508
976936
1738371
1711804
32170
1604212
605283
1489088
388976
308738
2063278
270998
305243
1802337
14308
2472575
883010
268303
1906313
1801003
1150876
764571
1295372
222513
2467821
596284
258856
290628
2472278
2101124
1589996
2269277
1719341
25911
873608
501126
1133819
1675721
877914
50207
2158757
2299874
975551
1902388
672712
1268207
1129990
1158382
1593427
2189697
2003288
942795
2116447
81224
1840103
1206631
2284947
864138
2145308
2360017
404860
1134194
395862
848204
340746
300907
491849
1764594
2433829
1840863
2052583
1778412
1509844
2119228
1425730
280907
2285535
720417
1334032
1512367
948514
1266845
2383431
2438147
1102765
1259636
1946952
2451005
2087286
1823977
1630609
665894
1722902
1740187
433424
1470801
1577060
1473277
1457906
411337
1735227
2419453
1699327
1910806
2193804
923813
1821799
2047801
1245307
1631399
1827370
384492
727228
1400583
1962914
741542
380949
1418971
636384
123142
1088941
689914
911252
1358702
497712
549940
2008705
2424804
1892725
136961
2158284
1516952
307113
1007450
1062853
1065818
1831297
1256634
2076194
2298031
376654
718930
118506
1554546
2000095
1973797
1595772
2219882
2018569
1198597
1678549
1080815
2386548
2286009
1450845
2419906
1619033
2244065
1552127
740650
1726523
1225854
1849101
1152468
606677
1034790
546798
852087
2133949
1995621
2183407
1392857
2039808
1911194
1245923
1746848
876190
523962
1414130
2300153
1598310
1093483
76141
2349349
944356
2030407
2019182
1468605
636112
2198491
1310881
2362528
800797
1179522
2201981
2465986
2006475
526590
1018287
2123605
1798999
2259905
2451006
135191
600614
763347
2308291
368026
1316137
339892
1302661
990036
537430
1650370
1973594
494084
2112129
540744
2470243
1542368
2494624
486027
1009812
13362
401450
1028766
102791
1501685
2203819
1286084
157262
153978
929285
174575
268091
993999
1588586
874878
839981
1843858
1365394
2295279
447480
212022
1805260
2247858
919625
1578717
1181987
2433202
1852417
1770580
1941340
1233917
261683
1028068
271691
995340
389905
726968
2447356
1716414
1187016
1852700
439928
860201
1245415
736279
295435
5805
1025915
2151699
1719313
2397265
907013
2004178
1524119
1988825
2439088
2078567
920435
1525004
1767027
1287896
1816274
292464
850036
2072763
2236941
241988
1935857
156654
1326803
1033842
2269889
1721975
2401067
2048720
2296337
667886
2210765
1428143
2209996
446910
2412680
2204754
1985755
2404879
923864
1965268
1976719
2023515
2479807
2020562
188974
881670
298168
2486540
508516
1223722
2005984
967233
2376104
116728
117178
297023
1618658
587970
1229395
1898007
727197
214231
1329624
673146
1233839
2325869
1327703
452815
1157699
836981
1688605
2382964
264534
1985076
1574330
2160808
1404669
2268352
442012
62553
2077354
1388425
2123172
1350535
632321
2431468
358883
284830
1754599
1864781
1130634
705428
2295108
361920
2430307
1578153
572176
1517174
1947320
687642
1445055
1841371
1432892
273345
1786215
641430
509036
1192180
965422
1215034
2179989
463449
2066252
1243771
1486939
1432540
2013256
1251992
1274010
617971
1384034
2369389
2419124
459639
1023936
1717423
1813238
256282
949429
341127
263401
1437428
694298
1874294
1485237
1577679
2244679
1128134
2153707
438154
1320306
1939537
416628
274746
1979943
1262570
811214
949043
2222402
1387139
544706
210327
250482
295281
742747
920576
1181920
415749
2086017
1150574
2345975
656914
913822
2041866
2264278
372203
667433
2355076
1727889
397903
1128983
2449549
1277327
1013163
1817127
723460
580731
115886
1085318
1836158
960392
216978
178270
1962411
609601
1622159
1643676
466543
789020
894313
1244238
1842976
1285534
2319939
707006
1254129
2472208
1778728
1834602
1679930
1796028
1641454
2088033
8078
2010205
2326751
1571092
882346
2208387
482776
355950
2480747
1815969
2086324
937342
709548
2237740
2140015
533013
1574887
1402227
221693
1508918
759819
480748
619864
1996286
444090
1591258
487591
1755630
534535
552211
659525
990269
2305859
821875
55085
138648
199065
982147
480410
2466572
477340
2224712
317430
1528611
2160772
648137
443204
683986
785592
878050
267086
447229
2411328
241463
912050
111666
1722420
76992
1219325
2061934
2183263
1064677
1278755
2224072
2426968
855005
1656624
2335738
581237
1923356
772144
1728733
725702
2089898
446801
1257265
2148999
1457162
831349
1799945
1176186
174920
1938692
1275994
2185007
1917972
2202927
1687620
1651072
584810
375057
2450078
2258223
35450
1640492
1306569
1136565
173639
1454650
1026414
1879027
1116135
177624
1311845
29332
179778
2477156
2182777
1107684
1277447
587750
137455
1637424
311087
930652
1289670
408954
1066023
1266571
171400
1188906
38721
301309
1510327
1661354
997528
1215447
1716545
1833370
271640
259904
832889
1537078
674359
2442906
2465857
1037345
2109713
1173594
330115
409008
88844
2062683
2288458
474552
2178213
445469
1376360
707286
1647458
2275391
1567429
2190558
1651372
1906768
1325394
1813503
1902292
1371053
1255288
1311136
2389980
499446
942364
485127
313850
896637
1882285
2125269
1788057
1451257
1660312
440208
459481
1197298
1551637
1924984
573280
427862
1081245
2417708
1554813
875837
198338
1735411
1494191
73304
687520
486700
2440728
182571
1154626
1557165
1805321
589814
164382
1881265
1041016
559757
1437667
1389652
1242741
2059173
701740
1330558
1153009
1819545
1456446
2230587
161910
1206792
2378520
854957
2237676
826266
636234
788673
450079
1055286
1002484
1789903
2447270
2276162
2487206
2351215
1638427
750013
697146
725982
803218
678932
569580
1344724
1480618
1072725
1043841
89952
1788419
1904977
1212013
2029818
1698668
1800022
497815
1427873
2408553
1335683
166711
1535412
1450034
610591
880973
2455581
1376295
1955259
1432455
2455557
1659904
2257572
2098596
255487
736623
393367
1457552
1253861
239701
2256589
971986
1215942
1925085
277942
80711
910493
1455476
153345
2163407
62200
1920577
1862507
214330
1406409
1770933
82489
2369673
1660004
885511
964114
2292111
231778
1526493
1822032
320824
2320628
1892996
871811
722322
149941
2410784
1816110
523005
1256784
1269147
221632
208798
470864
958594
1242831
1968926
1911789
1646935
1519323
979329
1805635
1750437
1138518
1430280
1444255
2012755
392979
2053760
146611
2398226
1376940
615211
1877947
1094104
121465
53065
527807
1411535
528607
1581747
440197
570071
918376
327982
34027
1208914
1384660
1660154
1068965
934373
2467861
667646
1941161
700494
130985
1633013
2389178
2481276
1891102
504821
1762566
967443
145746
1401993
2013457
516265
1914919
319320
323376
1499443
2247772
1036201
2027989
659328
2369791
812521
2166037
1954778
636827
1926425
2267282
255786
1714779
2468729
2126790
853971
738716
1922475
1999273
973685
75072
937425
2274015
1464889
2248270
2405417
1843027
1294101
164621
979946
744173
1278189
1545074
510961
2119177
651395
2110833
771166
1112569
812034
2229071
1323707
2018821
1946165
1830275
1164475
1189791
66163
2263514
1492
2019246
651940
2493943
2050530
2427580
468518
1829
1410339
1770934
943100
747751
1625818
1862434
1808506
2081428
1588621
2101212
1121862
1904606
428265
2306583
2344224
1872553
616036
390011
104687
2159517
28317
1955086
269774
1616728
83073
1319197
374484
1906918
1784999
1878091
1810624
361770
1485738
1207389
1163189
1820611
468929
1618687
1975804
457388
1758296
108573
1476269
2396896
1443204
174710
317744
239407
175058
1527055
401556
586561
2275524
274310
1415288
2011827
1666440
325210
216986
538249
1079921
43084
943520
2366875
1529843
109936
434097
725145
934653
1089925
672597
1240249
1390728
1526005
332153
1506112
1185474
2215855
1375655
1116720
1680951
1071539
2405333
143753
78049
378980
965964
832799
2371809
2187697
1992852
338996
1075484
2218072
1498358
1188498
1152067
1533186
2235319
2469962
109556
1392958
1218969
2121550
228806
1166832
1933932
346564
1251151
2282393
216753
2384676
71646
2241876
1913355
1811734
1567786
301834
2305216
1665007
1336484
2494810
605599
1149089
1564891
346176
1293447
1987475
597024
1648885
563179
1668022
136549
2419103
599838
731142
842557
707824
484648
1520235
1047274
1476935
1982676
1532719
645842
1784503
1053057
1949805
383280
401377
325703
1349959
356764
571168
2494381
15645
173377
1316423
665683
1670407
1119389
1652079
1224593
732214
1414237
1007681
1062169
2280789
1729758
282118
1576540
1061184
1208831
2008819
1293548
1801269
1709835
850630
635121
1294735
1518603
2051779
462003
1863203
1600821
278469
896476
80392
2300452
502551
2113339
1001693
327978
2355767
1907306
1093473
1796529
1522331
1177148
403453
2175408
429706
466087
201568
2335730
2264682
1267643
1112800
501980
494692
1621183
375970
2438396
2409578
115695
2410309
1122131
763494
1609819
588537
472427
970068
1950559
744317
764888
1183784
1086836
1090610
307496
2357655
919081
2335111
1066521
965775
250917
313644
1342337
1062499
2057576
1307031
2326060
171027
664874
153422
578800
1901653
1967785
1641342
1837879
1195088
1271258
1559881
448784
1278158
684381
336333
1767814
651568
369590
584449
1338739
1232007
100151
1084436
1186879
1352311
930249
306888
307755
1268667
1511937
1954636
206135
1311536
2232668
1270291
518506
1623828
1058121
2431555
350531
1005266
936125
1304587
1892039
2420418
1981796
671264
1072092
1944489
1783709
480227
704607
2365271
2265034
2405168
540438
1519286
953091
940736
486083
1709399
122396
340308
247718
6248
1184604
694944
2428807
2377776
809547
1041638
752673
2471981
1700289
458228
2233422
967477
2150460
442615
1745766
621168
1888059
365989
62250
1409479
1291724
2118139
250187
1853262
952227
1093835
1165331
689148
30183
1750355
2420993
734291
1777000
167174
67918
2228738
212161
765823
1304359
2208508
511486
1237121
1227696
1788344
1087366
1275632
978154
1567372
1996814
933636
1443608
1318759
1598567
294775
863819
1511298
2126017
184565
2474307
700259
1821418
1945534
1674608
87127
562029
2288924
1955530
1104486
173365
1200543
1282061
1802455
1817661
2087225
998176
1175437
1546600
756214
816529
870031
833471
687013
189725
1676586
1404526
1974433
503552
1900141
187035
2022691
1326079
1723846
867199
1086559
109025
2247370
1526641
1149564
1714692
957620
1339165
853969
2107741
1342194
1137114
506267
810822
1129626
2453791
697041
1696581
2289015
686305
448605
1776352
1066370
1282359
2461628
1364174
2278279
403624
1553574
1405690
1001221
976089
1706551
1160287
812821
354582
241049
426140
862389
591856
1264793
2037809
150148
2487968
113887
1238787
567919
2237804
859052
1222490
755212
635076
579355
518676
1487303
131764
1065641
172479
846155
1295549
887733
189369
1456913
816307
1302208
1284171
1876830
1218884
1479830
47862
2215290
296075
726138
370505
1165562
991560
1658741
505433
1546063
1692615
23095
2409128
2483744
558449
2438973
1045570
1231877
787678
141517
1138249
737351
799787
580490
769107
886784
1611673
1298905
1388184
2376040
1445635
1870271
1868428
1147566
680596
1738249
72924
604239
233796
537235
221220
18737
1784095
1141136
915881
710527
2091725
1211826
1341284
1524262
1759072
1104516
1880976
1525859
2304246
2198220
1276656
2106499
134851
306449
135605
1001731
1822522
1761801
55132
2294912
149053
336250
1786976
1257603
2443473
301344
366817
1218519
373130
1358197
1791331
1002851
1360404
2479247
1800871
796796
1870427
371934
129410
1387090
1262485
187520
248658
587607
1293707
1913721
1748074
1785702
1244077
1478011
1817125
1013333
664522
339447
205455
107009
1720286
746881
2031430
1286345
1720622
1335163
17517
119217
2093589
1935550
143135
953874
1754226
1881024
357556
1804907
2252990
832494
207402
1090276
709209
275534
620827
883660
148921
1182386
2159255
2167030
377419
1972545
1175857
569597
1536001
952185
442119
742991
2307671
2361789
1363055
1049602
720677
1607344
1535871
67863
725088
1833296
1483963
1575938
589164
2475180
1464513
928865
2290210
1022444
1723394
1834176
2130218
860626
1668479
1032176
1716517
595790
477975
145418
345206
1878016
952886
402110
1488446
1224805
1679663
967553
897437
2229737
1732173
109041
317964
2345964
1628035
2166301
1062504
2254690
365527
1743497
2490240
1690702
1045196
1081050
266295
1156248
68666
6386
1339
2182162
1575393
1733205
1977969
569953
114752
1872514
1092151
1994181
542272
648531
1483283
829462
1025200
596883
1707175
366647
797634
2137789
1268884
310858
1093389
1476072
1279624
1539528
2205030
1084891
1926689
1184967
1603647
2148908
523157
2371627
273255
2259821
2309780
888750
1097173
1812820
2149986
882466
81512
2326312
755549
1548323
740427
295601
1484603
1544163
1974002
230273
171722
1435963
69076
443864
1021577
363473
168052
2394411
787099
2047179
2334551
328270
615267
892882
1301514
440265
360281
1829085
962949
81302
961818
628618
1028424
1540555
337862
1255648
390681
1985454
1500121
576251
55664
187740
170081
833986
608629
1051351
1192993
1640196
698631
988366
1915806
1527509
761262
708192
2430738
939928
643433
2383298
2340474
993256
1442921
1075215
1512162
2390926
703891
2420093
1709850
397624
1463946
340156
641123
2402829
1017142
351487
1004422
1881196
1556948
794132
1303175
2357737
1441003
1444199
2306187
399081
2099706
652629
1521203
394421
5044
1662009
556599
74385
1037035
627563
1264579
352477
570813
2224687
2462640
2014555
1136623
1593960
910290
1994398
1272716
639115
418096
1393980
1892925
1557599
2224919
2060519
2423263
2294831
73628
307390
287914
2058481
1344071
468857
1956558
2473454
1111271
921667
1688729
447666
1278658
656492
1988456
1176278
1692777
889271
1301538
906068
122521
340522
2378789
693877
359983
1808274
1773887
2120773
1293391
2202339
1055946
236760
1267718
2299830
591860
2247587
1264921
570427
2061824
2131249
1452465
1788917
2332065
1709395
1001608
30335
2482750
2346295
1443885
2351793
935739
780010
447
1329407
1827876
148982
73481
614712
1993514
2468670
2308540
2484524
2309183
455263
159374
1820842
1388713
116191
1828688
2330079
345727
2036733
283924
2189644
2113096
1013817
1751396
2333089
318237
6642
2348805
353981
230376
2326821
2186446
549148
2470174
475509
579480
742796
1770326
1568995
749198
1897264
1914723
332384
414424
670259
1678168
1817489
737251
632545
218345
1162416
431115
56810
1651257
2056706
1457074
590585
2083906
566076
622201
2457110
383960
989786
553884
2319187
64854
2462755
1892045
2489269
1572483
228612
1154709
565802
205392
190475
2275337
41359
2353611
295268
703871
1029659
676978
1440707
380266
964672
76722
2225956
1491973
172455
1912095
2150054
2234498
1879939
1251714
1634718
2181154
1293632
1642328
1414436
548699
2304598
1728103
1026894
1663987
360062
1159363
1655023
241457
472575
2227450
133560
190476
1436576
236921
2041454
33085
989597
460176
2192373
2228040
1555237
2470469
85314
738197
2096211
1355224
1063495
2138772
1161448
780680
1902123
2181707
2061929
430733
735915
1646678
398523
666744
152851
1161826
2445095
1020767
1758620
1240795
78745
574084
2485000
847432
805078
2489577
1559691
441544
142051
1414775
2225706
33129
1516819
170493
2190381
302453
1533691
1585405
1409632
1123553
2127496
104307
843747
2357911
1082914
2006048
522197
653975
2430067
1231054
241000
422615
253039
1650915
351018
1523653
1357394
1439466
1183756
1886670
1878842
610614
152595
490266
1370278
2228357
2396784
1645020
2079528
773170
980424
1590033
850969
1200113
1227369
2302851
164684
1064121
893355
1716820
162695
1966434
860324
1376653
1942726
2134216
2233615
1699337
733981
1116129
827269
844301
965209
1634668
1402463
936673
1723558
1721645
2454756
645236
1116673
829552
2365666
2223553
1316988
2400215
2084495
834433
1647746
1813470
931247
696211
1048983
1782892
352048
1930253
2255040
1779840
442307
740505
975924
2265327
401751
2470341
725563
2147431
1952058
2055242
2077057
1979147
120088
41761
2130099
1972205
2347850
2022030
876591
2257809
1034564
706642
1765703
2000496
1822869
1217278
2457370
1062367
866799
2422591
1749829
1729140
521821
1939370
1871142
1100582
886088
2373385
1311971
77605
1127625
1242548
1240316
1378083
2179560
2025401
116146
2396453
1948516
355776
630219
1293925
836077
1412518
1679988
1123632
64742
593285
1281984
2369949
2436009
2034247
655889
2244538
936797
887026
1990362
1479363
1800661
1027345
1405481
126660
1170915
1358044
639715
421811
2224136
65796
1650574
1464987
138074
1373485
1507872
931199
582690
1418774
991068
813818
1427680
148716
714571
330724
1401594
157645
527796
924946
530542
2114737
786030
27367
579772
1639248
1309097
2146506
750148
2135988
1407529
2283553
240237
843550
1262081
661880
2208595
240565
522406
1439120
621263
1403052
454491
433005
1818154
331402
1415998
1481251
711359
1248414
914068
623407
1787215
1039319
1826834
567661
1012642
1711632
2496462
927434
388243
1552752
374149
1679848
1969792
2303300
1858406
903568
2005470
428939
2465311
373069
553334
2203896
762187
747030
1262372
88367
631642
632550
2020483
2153361
1164380
1605321
2386308
791071
1193987
2308289
1050554
2328466
2420750
1414260
1678352
2187773
1480868
599511
1312802
2401348
855966
1761302
1488618
321219
1853847
1289677
1923548
2272231
2332058
1273435
180003
65964
286945
1239440
2108815
1504969
1903120
1682114
2486225
1776572
1053673
1110489
1588799
1377815
2005782
1121659
1160016
219765
310624
1897293
1982646
2384436
1392086
1170610
522897
1204015
1323652
2321026
523843
1044759
1657192
2169889
750535
937187
732322
1091561
436815
737598
1235073
1679639
1034141
2068569
1879745
133
308213
815849
1698270
501109
1367400
1373394
1370393
755643
1754148
2341229
968474
1512667
1166828
147391
2429550
1387453
438932
466413
1938470
812510
1852441
900620
1155914
239518
1540282
307603
314766
1822160
1245541
1514077
809722
806935
891129
2469369
266403
153215
117497
341552
422074
1064995
912727
627956
651816
1657146
2400974
228241
2233399
1412690
381298
204770
2289485
1879454
2189101
788050
131968
968980
855133
2225071
801354
1692206
869801
71373
1097277
776339
1412819
351172
2028149
1708905
2430322
2149459
967188
1234405
1973354
2099945
2006334
980107
2151865
2162554
933089
1689353
1525138
1868920
1975672
1372716
2100515
2371837
1122016
199488
2440774
1889983
194118
154008
2095969
1682215
1611316
1749717
1581265
595109
1455862
948614
2318093
1412464
326990
1352750
342951
1696903
2337133
1028162
971965
2227385
1233690
702988
1054002
1401614
1758077
2329292
1891594
1423589
1724512
1164576
723532
1369231
151225
370333
797385
2178302
1735363
1999487
2205028
1361453
2266223
552074
291701
1872190
1171891
2189283
2018754
308824
1844651
677508
2157844
920390
443960
2400066
802893
1155465
804562
858950
380334
723796
917597
1887484
1625335
1581590
1689964
1289807
1873923
2485606
334633
268381
1299753
1961105
2215809
2053636
425401
1552269
2436220
1581795
791133
2232430
2489037
1675743
1949536
2175947
40844
1564444
409064
1961254
1191381
114343
2150317
1204815
1783951
1735176
2093402
2479471
428648
2291165
942970
66718
958475
944023
963568
349011
115380
1140450
2168644
1423548
1641298
2251536
2445474
942416
2111513
2457037
1856781
2146599
1186604
2470693
796638
1736974
14832
1942853
1734268
1737089
536979
96537
226024
2213045
820067
1382584
2131972
1490812
2220542
1409543
1213554
736958
276497
1271468
542608
1207717
1933774
693188
692108
247943
481372
2101368
453857
66996
1949788
1300727
330733
1482327
1005899
929185
207069
1820159
481418
1420963
2325399
380210
211392
1840654
352070
1862543
2066333
2149106
1093801
757304
371783
685199
2302264
1957459
1970389
534351
608410
1688399
133017
2290537
1999770
1861942
139154
1111842
2033449
666731
2116035
848359
2011001
1886376
2073182
2058455
1386708
190341
2209571
2090253
331689
719315
2192384
1916646
2000823
575258
2187038
1921429
1034387
1276134
1740871
136817
2461269
1818758
640957
412542
959839
218408
988458
1080951
1322033
1686486
356362
38206
1435293
1140242
1982034
298403
545413
1683598
2081041
510772
479694
2375640
2201615
1236236
2226551
2224558
1414533
1647373
146755
783339
593263
957722
1789253
1256922
1724310
880038
113488
807883
2417866
1877583
685569
382452
266849
270172
1862540
185730
2396248
2181603
395499
1415464
2401083
751215
222845
1583072
548498
2081564
2080897
1535293
305628
1476843
276599
1349157
620551
1111356
1938611
2459402
1179240
2313392
1484555
1943483
671466
1864543
695325
1680369
969511
1526529
2444392
2436037
2187227
1515166
1873978
966366
337313
1303101
548473
1105446
2036615
1764716
1542024
1474874
652855
2311549
1444943
1288756
1426532
165254
38150
2134991
241432
897261
2249663
2251063
839619
2128841
1138768
848580
743079
1377475
2404822
2233143
2342653
1347088
2060953
1563317
1843947
722298
1631644
704372
607149
183004
56274
2450749
291487
1875240
161787
1143330
1653102
99993
2136425
878708
822371
64934
874976
2095906
2427703
1811885
1748668
1728333
1448274
2093173
153912
1471812
1347390
891115
1171699
581841
1894052
2309184
2110343
1714393
184478
1289416
1613732
797624
2047820
83738
1992604
1778480
707130
609785
2250753
256818
1360292
1819611
1007698
1655164
12369
229938
807263
2414754
161990
495162
1424191
604666
2050184
342147
38960
1348389
36161
1330576
2073531
500775
2232111
654112
1827164
1622292
330343
81561
1196261
1359410
1885620
1824193
2286512
28582
642497
863971
1040405
2204021
962340
2194728
282111
608094
2212883
434399
750412
83950
1977253
627835
96181
279799
1551974
1696182
108634
1743159
2486322
1856504
2388296
135294
337203
2249724
604300
457405
1252843
48957
1592976
68134
2312586
587291
359352
1794335
1068678
942064
1245398
830604
2379533
757956
447544
676979
2441341
2033817
2037849
1238948
174926
779511
938373
1654247
1673893
1727960
529658
875029
1052076
1818685
1936621
2439989
1019547
1740175
2144277
1241088
415446
1983000
744431
2098625
75747
1706283
1861778
2068381
6287
17519
177439
562037
2298860
1436185
2407877
2017777
1378379
1462383
313242
139734
1358762
2057278
1884316
277994
742997
1311031
2498208
273801
696559
1093459
1661987
1454554
1729761
228543
888274
628846
1205795
2380412
670756
129608
1386163
1287509
1499607
2249995
1348693
926446
1941135
2093596
1809038
1161118
243018
1811963
1221465
1597536
645714
1893710
967933
389322
1147646
1921583
1338111
2398023
437002
1481068
1818145
1577459
579597
1552200
542626
1285640
2004513
1837665
28669
265626
508760
2133520
237521
1858974
237799
454482
1611061
943547
887732
1593104
727451
1525181
752927
1767953
1451327
660359
2419334
1231277
1706537
2402579
1875153
181206
1338684
2320068
1300721
101438
1900673
1120205
329645
2185523
2056546
289512
863508
2495024
2443588
246010
1657199
2285017
1908066
1545490
75399
1177498
1106273
120821
649406
6827
2079523
1814897
867743
1610553
843430
1667963
1384571
1922792
1686671
1481806
573268
1550438
2298704
1304051
615000
2448502
262884
2230567
555320
1764921
668639
2179343
837634
2221989
221168
1150572
771993
1219038
2162576
307943
1715194
515830
587489
731899
2455600
1882170
846373
209503
2498070
229990
461105
2193835
1563167
715650
13567
785966
2136396
1241084
1505179
769408
2255944
162353
2088566
2262761
40993
2366219
2098902
184580
763379
1171896
2064340
1993970
1286701
1509323
157635
516110
2239002
2034206
524789
796499
135655
452666
696257
1315546
2204531
753536
1831577
1566783
1313239
294873
776286
38158
548003
971260
2348652
1715640
2292814
2273655
1587767
141955
410558
2386682
1897551
2445132
1591973
828540
201362
1961814
515847
531369
513379
1318943
1151707
814543
824682
1651228
2387691
212707
1021594
1761901
316401
53174
1375269
1444238
2129506
2217285
1184988
2136734
1422793
1539535
2018814
2128009
481296
1786361
776510
369924
1354768
1842195
282947
738104
2066364
614026
1983823
520642
1125942
237967
133168
1186907
1672057
41095
956362
1995596
1304874
245995
982034
2395483
2247121
2225487
1147050
2060794
1341331
721624
1965277
753119
2200764
66541
780307
532536
362641
1519309
714805
2473901
1990231
682505
1061734
1264122
504950
1917458
70477
803763
696321
1132144
4481
1097330
50065
160843
1770303
403862
1262804
2165357
960559
834462
2379678
494111
2319573
1812774
1087773
564553
2154302
1625628
1341292
347255
2340856
340461
2107754
745452
1416214
1768011
433840
55107
279107
1347197
2226574
2302497
2325139
344168
1395126
2303697
912907
932439
1126308
1101755
183878
1586438
867745
732505
1768313
2167952
947922
1720577
714735
471343
1490350
1349663
42820
2320803
1462655
2027977
2314575
1155483
232878
1180064
1351662
1769592
857018
1793232
1072614
2000252
346490
353308
2309110
628265
132104
2238343
675712
2123971
550127
2367434
487824
2008426
104896
607899
886868
2388116
1632018
230824
2336774
1654740
1650549
1706416
2162874
2168047
1257717
2137119
55867
1927597
159458
1802001
654630
1054759
762623
763139
165423
1624040
2076264
404440
839176
284874
1858960
1148178
2261061
1842909
259751
601085
241460
597414
611282
224906
728952
1685028
807689
1733125
1640587
473779
232167
1863943
1908536
156459
383240
1780758
1395917
2301150
1606514
1843583
341406
80611
26794
869461
266640
1375208
2204772
1428929
247187
2132570
773292
775013
1557049
833712
2415486
1634817
13141
441721
1200792
2350363
1307996
278815
1529376
961875
559110
1295274
541185
646575
343191
1018657
692586
1325606
1901049
100225
704619
2450556
234926
2495684
922195
2440316
1175481
2050137
2374381
70845
1180241
1584571
556992
1030334
816318
2174426
1371108
1298833
2162146
899352
158812
126377
581032
1021940
446431
1577116
714660
264476
2419911
508720
684607
699268
929385
1177705
2319726
19546
2497594
603988
1573011
1159071
2218882
1397116
311552
1343575
1626284
2199531
2104992
289076
2436215
967616
2429455
56740
2034151
185170
1183352
87681
996818
1869608
242813
150491
391719
1792484
561770
1696482
92684
408014
592300
954193
694352
603994
700654
1082230
1560846
2001224
1628348
811520
2477079
59000
2211799
359298
2410832
1307779
1546021
2365433
1741786
1603953
1050373
865263
985417
2377382
1845474
1139603
37871
854880
1982490
2358126
1062036
1200553
378709
2298290
564016
2128871
761824
1730006
534994
736329
1694568
1186417
999822
225815
631949
2345369
1373496
996295
1257324
719055
2142422
56074
2358606
919723
2333183
1428307
2365415
2315707
1280478
641440
2071218
932880
1488120
194547
151961
1720031
1054606
1706844
2203350
2388062
2432860
750404
914672
554637
317426
254726
2236974
1565781
1109109
1154459
2405116
2494856
1809573
1341448
609406
850201
397228
74470
2006503
1220685
422122
1288053
2215279
1478995
2472778
1042542
203674
2039761
2287157
2469322
782473
1633386
508406
2274095
1005929
693303
391766
2444122
157891
715927
2179178
2161004
8329
2365192
602370
1601066
1580449
772727
1687551
159169
1504698
640830
553932
38755
1803072
1220980
1149010
2361490
971357
1545125
504960
1363662
930186
479810
363419
1254033
438526
1583385
985214
914250
2233697
953893
1417397
99046
1811569
2420148
1941140
569800
1537534
1403522
1606849
1055115
1280453
391862
745002
2376085
2204235
887383
2011938
819844
1778611
2143494
524704
1502727
2348514
673853
1965040
1781668
449370
58643
420028
59583
654350
1289448
192482
77893
2129081
43967
1566567
856841
1047869
2006663
242303
1994390
804317
1236186
2467341
1922727
2352333
1683974
1235089
653317
2422137
1368682
1706789
1224951
2308837
529105
945823
633788
2363898
380481
33128
1818379
1148782
609962
1183711
750199
2247420
2354775
2032008
581539
2239501
1444869
558991
1921425
1169131
2490175
2264054
2141243
1309149
2284486
559281
2486076
271649
1279849
1381458
338097
197090
79093
970598
289497
1081044
2395423
1701035
2394052
1739539
584775
1780987
29780
355611
1746105
2035218
286822
2308746
494732
1076083
581663
1327535
1925834
1047977
1290679
233586
933466
1329486
369434
665256
1878096
735749
316691
1670446
2426545
770182
2063576
152732
480976
776542
2388328
2454781
440210
2045360
1168445
1144486
2064823
433870
757719
609426
97656
1339090
413823
1916592
2156472
359046
2082929
1587284
1552164
1229571
2087062
537077
1833473
181133
1119664
716685
1669032
438180
1565537
548256
646336
1846363
1627308
929991
1483976
1873860
613264
2144130
2238930
605402
2475479
1184451
1989743
1670214
1837096
928382
2203179
2116936
911697
2226799
777799
593925
1727103
182533
1479774
1247259
1851378
2404050
182022
1992372
2149677
2254929
928280
230682
1691462
1742808
1763432
858822
110651
2166555
742710
542412
50183
758484
951604
1396909
581394
1709210
1027377
2455363
473785
729194
1194867
1885462
2017312
393781
361928
1418702
2244046
399099
1028381
2189287
70780
150623
2183724
1404375
2441362
1506685
2484850
2147796
2011491
352912
300318
2120471
1818948
2296645
2477884
742862
652383
2092359
444260
10625
1954048
986233
2186081
1466945
522275
1193429
903298
649438
1152245
981214
1336011
1603227
1864044
711504
740337
213721
440647
391858
1587782
614956
1871300
2217649
1645604
908193
211162
2326306
1086405
1435210
1797628
2167063
980420
1348155
148173
2241384
569625
1825941
1338502
2015905
1786226
1383578
875146
2027486
1261937
1633924
1111417
685362
1492778
1671784
348675
1868380
2064712
1353145
710561
1535865
1163445
2260854
881813
718526
65918
581242
1328260
1632192
1504232
49635
2432367
1855643
2276312
1060560
1391677
1198525
1255307
701069
397768
1208664
283444
2143504
1076965
651726
477128
1145968
190452
1109150
2131701
663181
2407133
1811299
1708163
549844
43562
1098945
1569210
1125365
1209445
60718
1909187
538339
992880
69686
189775
1243458
1270661
1645646
1883299
1409867
796168
439178
47747
199776
799101
665884
1268076
25109
994821
173572
2186544
652005
826157
261493
1877161
753092
1876806
1843302
1251391
955062
1567014
1831224
2400385
2157602
2217438
2207418
1465077
980455
2413992
1483585
990138
918966
2280723
1402954
638085
21067
83745
1855332
2452619
1192920
947375
235249
1734823
104687
2079312
613456
1312996
1871173
1032392
909891
1196858
1752013
1933224
1484230
1671720
1665922
2346689
1296699
1025435
2376032
926488
213165
1965481
1686571
1399411
1576704
1993165
2422407
1559590
1679447
1470202
2043617
1958211
1577287
971912
142231
162348
1123615
1814028
1822419
482009
710101
773890
2349536
2178031
910495
1421995
981418
1000756
1535096
1454767
968659
869608
1348763
1300364
1017846
1309451
741309
1502028
703777
2226900
2131769
2258774
662678
579443
1115602
131022
291318
532657
1273794
1938688
548239
1112562
1917090
722919
777159
1257494
1913586
1615669
576144
1341236
1631028
2193371
324179
1362630
2270037
2197139
1844911
321953
1569411
2080372
681400
738202
2097501
2480844
1667718
1404973
1540295
678859
1246837
118476
2476415
1639284
2399252
2303703
679247
1422513
493040
1790127
2025917
1801611
343644
818559
198690
2290575
304115
1317022
2270836
585582
1839124
2179856
1078703
2164684
418173
2179191
1522176
980322
786402
1511989
472877
915262
1776065
2035350
1865
1989437
475059
251266
817546
2109500
750882
399316
1568570
1963721
2277495
2252603
1657701
1007117
214694
1867636
1047941
512285
1904568
2087849
2127711
162989
2298974
892776
423949
1189501
1491930
1006710
1614724
1225218
1631230
1550031
2346302
1853662
1456974
1466547
1932970
2183019
2353300
2014309
182900
1334021
2138260
63574
2436818
2156064
2277617
1541835
1045796
163515
292555
1652758
2498323
914190
955155
1616297
485759
848575
1970159
1025912
1748597
243205
1362300
1799393
694318
62531
1773509
825677
1812112
1815929
2279241
397421
1915815
1278110
311617
408571
2122422
1657315
191246
1005175
1504320
281439
1415059
1131640
882269
2261633
1897975
888285
1739986
1574714
1757501
625657
1388223
1786223
457918
1696994
1457211
2001739
966313
25368
2344413
1307244
1053102
1961058
82406
578019
1580239
106099
894006
1047869
1222847
1845775
68053
1668100
1815196
932275
509493
1406493
2121463
512104
1973448
954701
1539765
587661
767233
1422051
183595
1639408
1853654
84880
1524175
2206283
1298903
2150486
252760
1775926
2052102
326938
102676
1733285
1030000
620254
1782872
2073956
935388
1447544
63688
1537046
2394441
1421681
888648
2375725
1053370
1730400
1656459
1459583
1756395
871506
2157618
1538640
2117281
974406
1360033
2169441
1436292
269314
1267343
1625037
2494969
1768380
1685846
1853827
87581
1496920
612940
2317574
866625
2074678
2208127
502259
1766173
2473029
2332833
2426581
1973358
432228
647657
1649865
1221418
314163
813584
2325255
87356
223673
714917
551929
1447325
1172637
406262
555642
1536099
198121
655799
2122936
2040052
2220322
1702195
293851
1518700
817132
537543
445610
416911
1460585
1438877
2168966
1088666
1254468
78012
2393789
119161
2404044
72319
886977
1519962
461656
1784451
46200
1845375
544319
1298377
2159311
1923901
831374
2345138
1823202
263250
2227447
2244107
1963787
1521183
376727
1589147
2343838
544600
2487309
656017
2128807
464678
2427777
646505
1911717
2297372
301970
419468
310438
1965434
588403
780576
232772
912370
1239308
40962
1319740
1604997
277655
749419
507127
2184898
1453405
1793441
1540574
1866912
1327802
1883133
2006520
2286537
2198563
461529
811016
1286962
871313
2185813
63605
907627
2190390
700666
212363
1430965
1879693
830209
1386705
11950
1525065
1849099
56270
1269207
2458496
801965
1433392
1516934
1119454
649567
1441971
1100081
1178146
2309194
1984331
1454717
2441103
346903
1052686
2477782
2077860
2444010
139565
1322054
2020720
1456815
305044
1119815
839172
1725197
291060
372273
2052427
2039278
811293
582185
1178595
1736241
2129569
1834005
1164944
2464104
1194082
86469
2085455
2064719
1061205
907048
289251
1867023
1032566
341248
185096
884283
117734
2412847
179769
2174311
1176656
1402678
1567276
424613
2263562
331138
502216
1251750
1822398
488630
1115313
2488116
20663
380412
1201329
91670
1268247
1371636
41661
396843
1461267
2101427
1844437
2126251
1683508
1401133
217337
474860
2232811
114314
1071656
1939469
295736
2491147
2118642
2454913
75506
1228358
972564
2403268
2221187
695471
1407085
1904852
2004639
1709579
1771032
131216
585895
937778
1829737
1775598
2485572
2394221
1354433
2052172
897949
1745415
753715
1341782
393499
558904
970651
535462
881020
1148536
1113019
1601870
1493455
551057
2416248
761859
1519929
241790
497034
1935876
312189
2466071
1421640
600419
1775507
1961599
2090020
2302900
1358957
2051409
1194798
1841126
2407106
1510031
737968
1506909
550491
2003604
2155223
1314875
1838255
2418697
1824486
2226588
2091107
2014169
2353130
219427
2415269
1525279
112194
1219707
1397204
751284
408738
2047864
430564
759771
2314585
1101720
43594
1138825
1553295
1489645
1043580
1302264
2363434
311387
336938
2166764
1616805
1670880
408409
1953100
1332748
1655390
2001588
1013912
741137
1502148
592245
1473495
571559
1762095
2338251
198543
2319448
2278007
767649
2287937
760171
261602
1487175
975434
2417662
401104
84665
542721
430244
2475541
1203925
1686038
2322119
2096757
2395202
1147834
246050
1999630
1066270
403054
1953271
1896129
2107719
1594002
252236
2110952
2033050
146991
841675
1892429
2357832
1073482
759324
2109723
1861554
2070558
631252
2037926
1789045
1545722
241805
1210763
359839
507234
1795671
1017461
1595951
774345
1206342
804597
36039
322304
1276913
598339
1756676
300232
1622513
1218268
2166939
200278
1419815
1121510
413580
2187574
2430465
2158036
952672
901253
1732924
911034
1633753
1327279
747494
1457871
1819788
220935
1152847
619428
1327269
1800685
2329450
1950448
1446169
2233586
1975553
1307611
17196
576583
1211475
1823060
2478523
1936937
1460205
1107983
540029
1522604
1769116
914044
1905859
1100959
1647059
871393
2041828
1533364
284935
103288
373719
1391875
1305384
2446027
1397520
2357987
913975
825448
444239
580332
1407734
299043
663664
16669
261561
571357
1414642
690579
1282604
117266
134243
1078837
1418466
2481087
1406471
1880409
1332580
2245587
2209860
2064669
451350
905973
404333
318351
997245
1533906
1444750
1911101
660609
1655274
712849
2277941
1082221
1811980
1957347
296608
1085371
1655580
1008477
1685755
1985112
211963
1138579
1454871
2239143
939715
743340
48031
1551424
1831549
1165649
1529655
161055
449227
398612
28163
2357090
1985423
1875127
527559
2469824
1081894
870197
2372914
207782
1683516
1140584
2432648
2047868
2459086
1480253
2444590
1033174
283110
2043707
948352
1252428
1296582
1198388
1682353
731206
711439
1491909
1763999
2022715
1273621
1890210
1279653
1980742
523885
1911114
1788636
672190
1202386
760731
2457742
1842382
1727241
1358778
87545
1252428
1915411
577059
1891445
1448484
399783
2195760
336896
718736
593010
532399
1089131
2311232
1097570
1781497
1719151
2469220
1688182
1952590
1148547
593893
1068624
2103194
2123994
2075121
1738707
559711
617293
35998
1395125
1398528
608583
702813
184602
2110697
1370417
2084012
1509902
2493312
588071
2491303
1039199
585783
1262742
1408326
1349446
2151295
77813
1255245
2014534
1257557
1199814
2314477
1719299
724622
2338656
883093
2013104
1915225
29624
18345
1198145
978685
993090
812759
207778
2330491
2185741
2489213
2334491
1741165
201185
1402601
1163790
1232912
1615848
339193
1292202
234529
29687
2338479
301165
850302
295124
934751
1211805
2401359
1197636
2137074
288952
1633605
767508
2040150
1722920
2008845
717985
1036048
154553
1683768
1538412
935460
610167
370735
1456946
724908
1100503
703652
1258798
1791830
49558
1161962
1444174
907152
1591198
827180
469971
670021
2096713
1823033
1114945
249838
598237
2402199
544647
152061
249994
1698821
1669373
658784
1658950
1003147
1453345
835129
647750
134313
1165046
1626064
1491327
242344
1240407
1886497
2068291
2256513
352618
1370322
1480233
288200
2289564
726458
696061
844247
280749
803015
1560614
1371472
1191896
2375137
267340
112387
1827690
610461
147658
756668
2276078
1350166
1332575
533152
506335
117705
2183992
310821
1474190
2360705
840824
348166
1377143
1596728
599740
408364
1676721
238253
1203626
291313
1170486
2050819
2030645
778198
1964174
575854
551820
1051809
669176
1413877
1391812
24515
125448
1545187
397629
2081780
1766172
2147140
140313
594886
2346338
1125988
1858385
1062161
1331407
1036034
2010403
1982496
2064479
1979990
84203
1503357
1796026
1319103
1972749
1628592
1754998
1883608
694040
639768
1035363
1184505
707916
513126
1159282
1471947
1350014
1563229
263527
893066
168688
847448
223615
182589
1633762
2125310
218627
1724918
1406190
2331401
2261699
423004
1937080
2076891
1253908
2461668
917703
708348
2368276
860401
645155
20490
1246455
1693970
469641
44465
2263588
946371
671431
339976
144397
1325772
1854268
2249567
80011
522149
1910021
1662709
810169
715830
659866
2337777
1801685
693799
347029
653355
2186711
1233711
1859320
1877957
2371252
1958038
481019
842735
2313407
662357
832218
1762715
2193718
879778
353536
239597
1085553
2264426
1562062
1483594
2344908
704329
2288046
1742895
1436167
812046
673730
44605
797542
1590984
1350030
1206578
1124404
2114369
2278752
1918199
1503830
1358050
1609907
1671440
2381771
76047
1523253
902460
2166294
2420695
1823740
2166060
1665981
2283752
1337766
863150
148274
316971
374329
1376298
1513349
1770492
1389319
2264844
1696687
489884
1032361
1689750
550489
1150249
231824
598317
852909
1460775
2082680
1004259
78395
2082161
1684375
1180801
788365
22327
1561400
1212651
667433
2375713
1776849
145361
1656468
2497426
792425
2093560
262740
1705964
844083
1194201
317827
619998
429410
2168284
2158621
1597035
347763
1010307
2063546
1067782
1304749
1825412
2049407
2399102
2162836
190785
1755577
298734
1927513
62045
2036840
1360519
1303109
2072346
1148229
1588673
2000999
1714985
501510
987928
2129392
545512
443247
855981
1273987
496868
1642385
1154093
94719
415981
787745
1108722
832743
1189792
123366
654108
163433
1400758
77294
638571
1874387
1652584
2017205
84394
1063660
839672
753167
1440897
262929
149772
2075470
1309147
1543892
2345052
2251884
868423
1934870
2260174
2038416
1167375
866332
68283
401896
1004898
1123892
473302
623173
1231039
1819155
1086381
1571687
984327
177901
1710771
1646122
2291069
391003
1763112
1663681
1430215
2482037
45635
1055067
320321
1975315
1576032
1521598
2091262
172483
802847
1639839
1078230
2477860
303142
1677319
993032
926343
746398
1472416
2233650
1018640
609226
2057419
121093
1978713
268983
1402045
1404371
2475459
758870
457277
839960
1610105
685224
2243805
2312772
18929
209030
1834090
98446
618073
263340
57084
523021
823897
1949428
747177
743325
500860
1515735
676237
1234779
644166
250060
977645
2182337
1500042
773085
2157126
1272615
2142766
2056202
372702
293344
2406529
1032396
8086
1987292
47318
1818402
1114485
2394148
1048251
211090
658953
2118886
1065244
2286144
1096009
1186290
1814899
676051
1506760
945518
2118367
766057
191258
1937397
2234532
1035013
1796632
326958
2277189
935610
384005
1486802
713149
116179
2195098
308980
493452
1427273
1842587
400399
1926831
1870295
115977
1747874
132104
2094862
2465929
1583301
220057
1243208
930404
134706
375028
2168315
787783
2270742
1484085
1944534
1642946
2333863
2446908
1466565
1517015
9244
808633
2492343
1667954
2387886
1856441
1898651
848559
2331766
1156418
549977
1459852
1483139
2101235
1597684
1807414
200258
1339352
914871
877762
2478307
416040
1777098
452412
2077559
1987746
1157592
1761032
82626
1140308
757857
1002087
1395929
457317
8587
1590934
1329645
191802
1462636
616485
759744
632458
841231
608615
2286415
1929949
865438
1011588
178493
1301829
806381
869837
380746
1806274
1925012
1330101
2429965
1458393
1390589
508995
1238152
2105747
926219
1716431
167372
1251567
1778765
1432726
992222
1168506
268001
114187
1726240
2061884
1293996
1875887
1808466
1300180
37326
1626773
413440
36358
1972829
2315331
435984
1301398
1890368
239857
622164
1426882
2496844
1338656
126074
1964623
1216118
537029
1915534
1315834
264023
1828583
1245497
527672
849411
676637
1200376
176628
1885221
1651519
2036282
626032
1382956
254592
1694441
1516706
1200250
1171777
2371355
2496014
845941
237530
585320
1987572
841814
1973540
2163626
1778486
1595337
2145199
603584
867480
792298
2334780
1832970
392152
1734155
1589616
2330632
140434
221733
1826042
1065826
1223426
43726
506135
1269555
2382599
1111256
2297430
1233975
796120
447988
1472679
1506085
1714381
239927
2325363
554209
1791380
1855344
1012697
648315
751297
250967
374419
111993
2443577
1254999
1183459
622597
1064282
387940
2115642
2455530
121029
1369454
839105
448581
2471753
1524161
1929650
1360695
2265130
2411844
688010
971188
1113995
1942944
1386983
894268
650539
328891
783568
826903
1172273
380886
1783488
1767808
373273
1895944
1544584
2009581
181410
1522213
2109299
389737
1695943
1484996
35618
1176480
2149544
645911
1909444
754934
1206263
816661
1617651
865371
31353
594974
2026290
265513
1788716
1539616
563298
2369307
1578153
2055967
305737
2148497
3272
1857744
909334
761487
1204074
1467547
107069
1910117
429430
860943
26203
220688
2481189
676754
1620960
829717
1618525
2040032
267784
1731326
1287106
1787943
1522007
1053323
785565
181831
71422
1243316
2180430
147710
813913
500082
2252177
111775
2108146
182771
539126
152744
2096973
231266
911873
2442464
1553124
2281783
1250281
2110932
2118694
746105
2295392
2299021
655216
1303806
852713
1951863
2104955
149708
1333886
252785
587017
223149
1827595
300777
137129
1929993
2422709
1967457
447935
131252
432362
843486
2347290
1407314
1511006
775624
763221
569897
909242
1319576
1839500
2332358
1869701
663283
733776
1154448
89992
2244004
2098039
1376462
554870
241646
1998935
226979
1424927
1027194
1450233
214873
2060006
970061
1021091
345116
1445224
1013036
1238313
942151
326172
1704212
1724310
1491033
503291
1967963
1016616
2032906
417267
2402733
811259
1737335
405638
1333907
1370797
766400
2116407
1294702
108309
956030
2000343
2030585
2046842
2381010
798300
101680
982104
1585580
175459
2461405
1104371
1170195
1288264
927716
362187
1097909
25805
240365
952791
849898
2082011
250250
1432980
2153182
1904110
1823113
368604
1601634
1404699
285721
232905
53380
89674
66958
298904
2134401
197062
1851055
825881
152805
1278391
2141554
567759
1609376
845191
154565
952882
802690
1377209
2273473
2402370
1730231
2242657
1535087
741413
421510
1633902
661636
1302157
1720588
282272
793604
958545
1395143
1990389
1434165
2083768
2276729
228647
993583
179571
949195
1261435
238911
540776
1886735
394821
1967140
1013072
688343
851189
1123468
1036367
401558
610975
881495
2334771
1692530
635738
2092091
2271385
1457808
1221279
1238819
179323
2444497
694067
772882
2121827
1476842
1665543
2480886
197570
1993493
24294
1722792
1271373
936651
2189961
1228039
1949582
782343
921786
2353432
2266555
518490
1187616
341910
1888956
1322500
109062
1684956
854328
1617090
1848761
1647139
1425094
44207
1549516
1791709
2470721
1924573
1222583
977254
1935618
2277474
1076929
138222
2228181
479396
806878
2395368
2013199
2184884
94468
1814633
1725086
1876670
459512
2264092
885047
2416271
1102028
20739
519694
2015417
2317331
1979535
2075560
121399
2451422
2145273
417573
2030792
1070529
539226
259403
1076717
1493894
2475746
268285
867976
2316676
1457810
2321261
1941966
355732
210476
650319
2236267
656288
138237
2404005
1457266
739045
2422095
1752260
1856152
1158899
2244153
1837287
1848347
842558
1437823
1415159
1179223
662461
1121784
1838506
1458933
1662283
325425
806476
1150363
1382
2294206
1398220
2483630
1200880
1597741
1588874
649878
253519
372955
2330696
232195
2038100
681583
126783
2342534
1956472
1702406
316689
824756
981424
1368972
277923
1542771
941390
1007043
1036078
1397607
1477071
2362031
1654649
2048550
393652
694888
1421733
796513
1990083
886992
1052950
2344355
1188065
1225128
1967554
2251375
877376
1247919
1200658
1972562
1300433
2105387
745516
865297
2454323
2434829
666115
15146
312025
2000693
1204873
1317975
252496
392393
1060600
2109786
2276897
316569
2057885
1318556
730556
1333407
112442
1743812
1363561
1414377
2010298
2043331
2233702
475120
749421
2063204
1667871
367403
1400702
2143404
2240739
654906
2137957
286785
514715
1210100
285831
394442
351646
631746
763439
2312396
996344
17290
339200
830641
894978
226268
772139
140066
211408
923068
1456034
106367
1378012
2116577
1675954
2133905
2238468
1156698
146028
2117604
330748
1363611
360338
2497514
2202170
594248
546575
2233979
26347
686337
113310
1931070
1733401
920369
390691
502541
2165022
2299874
1312599
506037
316675
1878321
608513
722794
221084
1557106
462387
581955
1930598
330172
618563
970155
2369755
1067851
1470850
1061755
2012590
2248467
2032389
2206178
93022
428822
1561287
1120643
478422
955852
2283902
660630
2266205
625088
2490047
2390341
217481
178603
1333093
518737
1080227
1960433
80049
2420670
2321408
158036
2471236
350309
1614408
1645473
1262757
1104547
2341170
928776
2191729
2474242
620574
1192266
1971509
794754
913832
1337894
132302
361160
355337
416671
2358043
929037
2450400
1851811
1355378
857551
1091133
647726
2408911
2415794
1834705
2024254
126240
1154901
2084725
1284066
1404829
1540969
2055968
1340664
2472445
1500131
1774146
983409
1998122
35848
1778190
1976590
866099
153778
1666273
1261111
1697071
570259
2024125
1080396
2214764
26042
900114
213885
207864
2101872
2461533
1614377
1450575
1705626
1261178
428007
2096166
2232853
761510
1727501
268161
2046764
178136
101805
2232346
1930541
858696
311562
912242
428436
26106
138545
1416425
812830
88483
905522
743721
823815
344892
2167774
2088119
563001
897981
1346196
2357231
1197696
2488795
523448
1015767
739675
536913
1175879
1562416
1740459
2066330
1394805
624886
1355257
1582012
1872357
2179084
1273393
2394698
1262664
1021590
1731381
419284
1902491
2297148
251741
1191754
2076884
2217121
191512
1454180
260632
2299950
1567349
326623
1659921
220912
739278
2257205
214040
923888
443251
2447523
1006915
2076767
1373983
1466780
568960
1523430
557317
1973045
119358
1383560
998606
1860239
2210532
205178
1514231
1192319
2229345
1694952
4323
2209745
1971376
216072
25402
786701
225822
2494314
976015
926200
1341943
1779419
939458
762254
977076
1455076
1751349
2320228
511044
708317
40735
1642715
1859907
2020307
2478192
1437482
2291079
1666479
1652255
1851524
419101
375692
2336951
1026550
2481784
57258
2176274
479411
2402976
1236324
1553666
2203032
2220470
764809
98016
1258303
1370446
1757722
1646013
1314846
1281080
2386600
328211
1789334
2177092
1320760
751163
494523
1016540
517943
754371
1910230
1273888
713447
809939
2014803
1082470
2329885
2448254
1159276
673773
1957310
2249948
997427
1501423
1895633
292599
2082566
347277
546639
1496938
1120854
2039236
2312591
1358628
1142573
518622
2063594
1798088
1714913
287820
1030476
1058106
538858
2481229
2428281
935085
2154397
437856
1701366
1169191
361421
238621
1844378
1382273
137
538911
417922
2128547
403314
462451
1353069
2075614
727977
1487507
1987105
2333752
859570
744359
1031534
2466949
1005595
243778
222483
1850411
250517
571769
1049157
570562
313949
935494
2122066
503478
200259
1167054
1397205
2409433
1690876
2282692
930838
2280810
1858944
186281
1221177
2172576
1158555
739128
12595
190602
2498032
587429
477061
918751
1802764
195084
1840047
2414896
202991
498198
805261
842885
86712
1356302
1327006
1517212
313520
614464
1076130
452416
1996386
1951211
1041242
386456
1569898
1522266
264653
1085539
1342904
2116172
998770
2233898
1540087
1243150
841994
639989
1752783
2318068
896729
1548631
220926
199817
1337515
1069908
177314
1841287
2250695
162935
1015000
563951
1422011
2216819
2181262
1001106
1237798
2102979
89224
250574
1878635
2350916
830385
1885104
2003683
1692608
1869629
1669559
1473196
955680
724606
1357856
1482546
371795
519676
255444
203420
902733
1083419
2425736
1756569
1932690
1952526
696209
1154675
950102
916249
1433417
1076982
991834
2167241
241705
2003448
702419
714929
1366171
1523838
1224212
1805172
1073793
1358654
208262
686895
2311306
55425
2064033
2497054
1227125
760645
1492142
1632089
1693533
1063391
1324583
123391
167026
827610
1669548
1192773
691843
813879
1023755
1071827
2265722
504314
2112359
267832
1541399
1600688
2382505
2416505
79454
256810
2248735
530682
1891377
1728101
2468981
2344081
104392
1170857
1069201
957472
676
811199
1878193
1022474
896755
2078946
1395442
1428656
2453439
1764103
1570144
1689126
732938
1587906
254182
1074578
2323578
1014709
1678399
475996
1833985
429503
1723249
748458
2226194
1261625
836558
2428667
1941026
1285554
485247
1838349
2024517
385822
779175
58147
2148246
1593782
1626629
1817465
2497841
1266695
1008314
2293583
1660123
1858730
147093
530099
1860953
587021
1777484
1595725
1776460
1655063
946855
1492763
2420245
1897985
1407602
2355123
913994
1770206
1065796
576074
1496182
1516176
1637697
1563499
1669836
1767827
2336409
1571551
261018
1248984
2121595
1676737
1361000
935001
636705
1592478
187547
1510029
1626949
687097
806324
112836
1355950
960977
1274506
2463181
2003137
2386055
48816
1181388
2092380
643736
931744
2427686
2475194
1381324
1818932
299689
1729009
1743862
439725
388469
822672
69749
703136
597395
466808
343720
2234663
1776815
428282
235237
815593
2196636
1077730
1156713
667260
2028168
1350927
386407
91769
1596511
2075992
526788
2066456
1122994
1558858
1318661
608821
2464896
2488601
2233613
906390
1878428
469034
2497832
1930672
2047542
638646
1099674
2201261
1635496
1229260
2001115
502570
1224416
1690816
1659917
2317150
2456267
2226506
1941982
1790136
1806560
1360950
2259266
1842618
1897389
1153941
1073278
1275877
1760189
1649842
854526
1674333
2156973
1975347
271960
1760137
2197617
930330
316818
665328
1918806
948213
1969888
1126865
2281897
44776
1918406
1523582
221493
223418
17987
1906142
147644
1173401
1672417
547049
2474061
2244622
1807331
315313
2104257
1926462
1465336
971490
2087349
645306
1597611
1476558
519372
937155
874210
2452522
2222050
299521
1817215
2069361
1150179
1864492
333687
599910
2257272
614033
2360204
1365639
291879
1502990
1332107
1606830
1751632
1047925
402576
2492964
453055
2049857
1600311
1175737
12320
1531748
1421889
989854
1696269
1057045
2421559
1243116
192410
1691304
2077050
678655
2497984
1869750
2162304
449484
352820
2232170
638955
419437
1302716
1448921
742416
974632
2427025
1042544
2126263
2154390
1039382
2161448
315309
1886721
2376814
969227
298730
2317901
1216071
2327865
2020265
814831
1706658
611509
38793
1018767
1697477
671882
1672415
2005176
843254
2346903
540494
28198
1149085
1038729
2262604
806652
1957545
1815599
502519
54487
1573798
1485309
466528
2381948
958982
1925473
568695
1766041
971879
264869
1593610
1856692
334113
2247998
1469900
2262154
1923619
1328172
268272
1185320
1796754
305805
1409393
177817
1471064
379286
848285
169346
458448
2354089
2181600
1415485
838805
674935
290108
1308777
269595
1534449
1609403
1846482
92926
2013175
2158001
1324949
235371
2104403
1477407
1752728
328450
6909
1660825
1520445
221348
517458
1457032
773688
1800633
283941
2308827
1497594
1817181
2353081
2028456
208648
1831522
2305980
1684136
1396293
75171
2033955
1210813
2351589
2010486
2400494
1552896
351606
2246085
1756397
1441932
2224571
1880901
72300
689573
1920956
1252763
2298696
814187
2180567
1609998
1621832
2297487
1528585
639289
2140814
1521532
429131
97097
1336570
1581315
2209364
1452147
1011780
1016738
1586852
2407134
2423469
1860074
187546
794802
868429
2332166
2190307
1697334
743195
882807
419302
1931069
1459336
990993
939895
2421634
1637843
1341268
161346
971967
1563580
95557
1632452
1833309
650267
372568
311509
9240
102068
40333
517386
1480652
2086885
98288
1927356
785842
187660
780173
1138693
372084
119294
930101
1322886
684636
1075084
1425050
2382215
983539
1371915
1630651
155998
2368665
1823712
2201448
1063204
2284567
1350891
1232956
1334663
300257
797340
774467
1398851
1793321
2310765
2483355
1828565
33405
1377776
966862
846503
1565093
987218
60362
637843
605415
903787
1207236
2190522
1331941
1504494
68369
1506992
1332950
1559818
1302707
1292907
847471
1004689
778241
1065168
441061
1302657
904026
1364771
586191
647928
2479219
1760463
1899555
256862
2337009
2043807
641535
1541872
237275
777785
2429005
1636321
1800961
363551
2494359
1282062
704358
1174613
249904
564899
457471
709650
2265998
2465006
1224616
202602
2226088
1230517
1588473
601199
967420
946747
1201480
1404131
1653487
869151
362546
360231
315451
825703
1838617
2267190
1933377
1999184
381722
2370365
623881
51946
1227994
1302982
2099362
1141800
448155
1757090
249420
2129946
19845
2010700
1520083
6852
1446221
2298695
769464
2104959
792612
1484051
2066816
2010018
73685
1733193
1258716
746739
818614
461805
85708
191915
279602
1257870
1200851
1375881
244522
2064609
610144
305193
2289938
70484
1669352
627513
2421788
83761
1805290
876517
1102916
1782357
905577
2398917
2222256
1449138
1549024
2493006
5259
277538
1608826
2461606
1435984
515902
503971
246334
1192085
1713392
1158358
226032
27004
1455188
1219608
2224482
952350
495357
1316617
386286
1657036
82447
1889869
1051523
200128
298402
571264
2057566
1718299
402825
996969
2458306
634435
1232291
2307623
204545
1478739
651689
796164
194230
780174
1471108
404505
1994399
1309370
1903626
2141798
157139
531447
873292
207672
617651
2148461
217936
1742466
2244369
2084280
842482
2152640
1191678
2165776
413919
244443
1125271
193705
1989077
25003
2376065
1903181
1891416
1621649
1242922
1473377
2045628
2407375
410464
586766
361172
956854
998247
1624696
2055663
2066111
2488537
39198
265421
61257
932203
55083
850010
490030
153314
809365
769728
1495520
859695
1084649
2193149
2481932
1506783
346139
247498
287510
2344257
1996264
2085101
196676
2235587
2469263
683436
1825068
1099926
1177439
1005358
354225
20215
382964
2225345
1209050
2184530
442383
2044662
1398306
193580
267810
2174156
1286646
2165188
2460153
43110
2096945
1665356
115974
1324803
305255
557706
1091735
2244885
1451770
2369069
1172148
1938453
649774
2100089
998307
910714
2454516
933632
784787
597659
2022980
662783
96369
2085268
1503366
2175280
29593
1989907
1913223
862833
491290
1420685
1621814
2279084
931347
1179599
1562098
2245075
321481
1724082
604060
1628810
1498938
1041487
974492
400306
1096302
841541
2147714
1388806
2346792
573087
1390770
1422333
761598
281829
1801811
1328564
982066
1621091
1404173
973161
2435001
1061843
504219
2349065
2492314
22156
2176677
2071450
1622570
1813466
799529
666757
1088234
994904
2398034
220738
2227699
2285413
1050929
1806232
189926
1755931
2387120
1442987
414190
2145230
203105
47764
1959437
21877
1173396
209617
2255644
905708
2030755
2353472
346294
2174540
1427633
350841
1733922
943409
2232997
1053732
1909322
810938
703128
1160395
972667
1604890
60576
2262776
1514382
2270200
1352406
1044080
722407
1952456
1168052
1510073
2323483
581158
1796475
2189504
669537
2317569
645000
636265
2490277
906048
1356045
1514415
2238370
1804957
531154
749335
602107
2147598
696689
1714692
572706
1225216
2043474
2186356
1153848
171931
1359930
1180095
844310
2147564
1306431
1810414
1433792
1608595
2051273
1285226
2241013
2158521
129145
1885854
1535005
584833
63531
433703
1505650
57024
480206
1736586
1808948
133347
1995997
1844137
2438665
2377318
1586205
669655
2285040
21766
2338312
942556
2221551
1466213
2058453
831406
1211799
1612624
1849050
868982
2186328
1715365
1244969
343063
2107736
1604581
2315859
1839399
1144898
2256810
1620119
407787
2228864
1021642
1809524
2319577
2200493
102879
1667835
1982210
1300201
426242
552314
21394
1656056
7930
2345432
244268
1028265
2104472
1938757
1785845
1175938
407121
1315898
673407
691106
2171637
2479961
1717856
1274961
2424650
1824594
1586767
967294
1698781
1724348
611713
1909778
1015364
1970655
1513030
1690747
1078357
444225
182328
1949157
2279000
2232809
500515
840568
1645915
1502825
2436643
237344
532578
693120
2326611
788125
612457
2117528
1063842
409268
219246
167248
1707335
2067765
1549792
1657606
1566660
2454714
1755258
1684662
1676460
2390051
1090977
396747
1173954
211186
2108123
680106
421744
882254
487459
241699
1983973
2430755
2339896
347572
1323771
1124183
285075
2110377
2079708
2280123
688736
241923
1687901
1662172
1335901
2448411
2267958
996434
1410435
932494
475032
630195
2462648
1569082
298887
1895751
2473866
349265
393009
1837570
26472
601480
1223501
1788463
2460987
609223
1697601
11674
1021650
1169310
1755597
1007623
188583
1872539
461018
1230282
256541
151371
2152845
1668409
447619
1155110
89281
1909658
23222
167207
1936166
1802318
1255058
2296225
952370
1840467
441389
1689848
1915138
733061
391877
2407235
403204
2322140
513709
13933
762629
1572848
1742756
484434
1419809
1559064
1076773
564345
1464435
866728
142526
366921
458541
1868304
756934
1050331
341500
1759597
1611554
1091440
1513308
2047843
1627891
1872971
2380792
181595
879786
1726846
533891
1329021
671294
1592239
1994443
1651208
1615286
471653
2184465
2320896
527830
937566
1362601
2053586
2035047
2315739
1441739
1845376
1795017
2004937
1484896
1461881
1533066
1420313
964016
280863
1740915
2119174
1548782
1394000
1376318
1778363
1120543
2200528
996587
1790718
593499
1923211
2365550
178047
944243
631341
151248
1499343
1530412
1030679
179496
202935
2236549
1562828
1963979
2016835
1954151
913755
2061368
822013
1897608
718059
562346
2022308
1412081
1205816
2157089
1263131
2446051
1615946
1659728
1847630
2338191
428957
1217782
451951
1167243
1380028
3232
418407
1582920
109454
276261
993509
785586
1699241
2393707
1420341
1714799
680000
474614
1074180
2061489
174717
2070121
2218761
2005295
371126
1718163
1190074
2294668
555026
1551861
738501
2021595
1671303
234431
2344092
865930
627659
1669330
1654857
1233982
2440438
1116926
1215969
469998
565677
1943173
560704
155906
2137173
167392
2124265
2430160
2356881
529732
2150612
262855
346953
2393111
364849
2200233
1022164
1161719
1044461
1168112
1420606
2412915
434140
1115605
1692114
1585199
303612
1303534
966804
28896
2395878
1170246
944100
867853
1390535
1746383
585535
401319
1729381
4060
2475771
1369331
1888919
1561332
2120448
1429165
2481396
1194420
644393
1165970
1711275
491055
1834307
1903259
12898
340718
1194504
105889
2124335
795798
1434558
112873
417972
681006
544732
939007
955186
1189916
1333150
1252303
1950498
1539833
1088860
231432
43886
1156256
69852
761095
1087273
382762
1761364
1082052
2193865
1548444
769467
2141785
329211
906761
431091
1760783
2290115
476875
982656
513263
2238426
1187594
1250318
1622425
2110103
28080
1526195
588850
703470
143423
1405527
787264
1695998
1261593
17912
656997
765398
2024308
2383707
1743638
585968
443637
517281
1429279
724317
1784135
605274
955371
1589546
1628702
1654033
2210416
1236195
834137
1601898
1187583
1376486
1837280
1757048
2228908
1078588
1567345
816136
1278944
1554912
1103324
124752
1709199
1757165
382600
1730092
371245
230409
1351781
879623
233208
458444
1865917
95852
1488219
1539054
6036
2195353
429177
1083782
191270
246447
1898766
507679
877044
1240939
1260728
2088972
11088
1965970
2353863
1989119
294294
579624
1627487
24755
1025716
291570
1831617
615240
1093329
1441308
655270
2098503
1068941
612607
64103
1396969
2048273
354368
2021343
1270159
2286582
628066
442889
997354
715323
17991
1863564
699192
137664
1644740
1911220
535694
1098038
1183750
972302
2425787
1411912
1023130
1364054
1331263
989789
135734
312211
1362713
2043074
217760
227393
1801755
409697
722576
530958
1297325
1438180
1608021
382020
2344507
2189178
1528439
128324
540639
646185
834058
1750293
876705
2180498
583320
1151977
193823
2090830
1314865
2234473
775141
1900190
2175987
2180404
1066028
651496
1114590
943117
351046
142269
540020
267724
2029821
2114931
2309184
1724148
524572
155304
1235698
346531
567323
413315
730564
1440373
1130529
573943
611848
2429322
1736313
1215825
2006294
1519464
34596
118659
1330185
732887
1142462
2187840
2237094
1359278
2474107
1223294
1665983
1215856
1369741
1936036
2285566
1148776
1712694
892429
1617450
935029
50381
972986
1158278
2320884
2118075
1229127
1961645
343839
900401
2103188
1516815
871448
1557318
2205920
879113
1663605
853103
1011474
2023103
1700694
160026
467069
441139
1100728
1583334
1274559
1259464
1582536
1696498
2487874
646844
1029289
1012575
333394
2181010
1726749
1997116
1913234
1581931
173921
2023360
2058482
2338230
202015
1320526
834095
2214661
156234
1868417
1890968
206219
95936
2397954
1236475
1797636
816829
2380041
91226
1228719
2458419
2247143
98744
2356974
82784
916547
1696627
999704
116083
2235447
860952
118735
1694196
2115589
905193
1370505
40650
520328
1641369
2031887
583064
806582
1117572
1765211
2325810
2483603
2245424
2260024
1500963
537550
1224003
2254263
1519164
1583717
1147487
814042
1572824
2032082
1025487
1232429
1781062
1564345
893977
1309086
513513
693000
1056883
2468709
620170
2059889
1828166
2232866
828517
1736714
1209463
168880
827541
2465772
2266484
225651
621645
2205517
291878
1350448
2302144
2270594
1527056
1939896
377297
1965441
2351857
763507
2095343
221728
1291675
46463
702622
2126804
1052282
1514199
952097
930287
1421964
183030
869041
1720561
1995295
595040
1321425
2235434
1428511
973343
1391517
338247
2362146
1887302
2167850
155864
2382763
213556
2018629
1189178
1740546
1485916
1798083
517102
1310704
380534
1985567
765911
921930
1461850
290591
1460823
2441627
2472212
764308
2098104
229771
1050003
663086
379892
412513
1093380
2092698
413088
909429
508293
255669
1658931
1803738
2137285
2370981
1287521
918908
1712977
2202448
2215786
589892
1051686
74624
78117
1942894
1833346
2111341
901985
402195
1325057
1491056
2248511
1398803
561517
1985568
820440
1760415
853685
1562577
1633977
717804
727693
1483145
1432342
90172
1648283
1242495
190108
1026092
754234
359724
1463039
1980565
1280338
1707778
507041
1427491
1750835
1830346
1505594
722122
685061
783380
1074012
672457
162969
1377794
1206171
358556
1524308
2264137
1098237
1859521
2097194
425866
1593118
469889
2480275
816187
2489629
145372
1904664
2223725
446777
2184696
794135
1462569
2197553
1119087
1709492
1457283
425653
1677544
398212
2197858
1787724
139929
2007555
1964993
1235247
1158295
20363
479508
2288335
660333
2098973
1546385
825983
956909
923912
339713
1272185
282956
367566
265014
1532337
1640480
1695174
1450157
1365409
373029
1893376
2083719
473150
255007
769721
2331147
1870033
2377644
1019404
2495904
356804
2119192
1920493
1165482
1906829
575918
2442535
2097229
2135339
602743
44804
805027
1432449
1377840
58817
1976623
1254886
741673
849104
1675677
597516
344904
2288953
1893806
984892
958905
388487
684328
797215
1904417
80202
1038189
2150471
20589
820286
1729665
1150478
1659468
373919
2189748
1399869
1614639
1604905
2122254
967052
471942
1727017
1476270
1204442
1671192
1607547
1829452
53484
420072
685868
591261
767234
2071833
1563653
1229682
795821
1584147
740948
1448124
1499251
833742
2007814
1585322
787874
1228191
1852011
64705
1944981
2370550
372359
871483
459187
356371
1072432
962200
657558
11861
36740
305147
644974
2250218
2151610
485561
67589
115655
152460
1551225
380601
43655
996927
710077
1760297
1174746
681373
1559244
621992
414250
2382539
937665
644541
1568851
1651165
1942505
1587320
1846033
1250481
1489220
1479587
2309484
437298
288610
411638
960317
244185
995581
1308147
2236968
1586284
1634835
343761
2304935
384775
204992
1229173
741458
1905335
286413
965135
1953755
388461
853662
230678
1744024
425937
1097188
2207199
1704538
563438
1220584
2480262
1858036
1989607
2214137
395698
2353569
697644
1138351
568232
2000943
138616
1468643
674379
371566
887793
1757428
668610
1415476
1619519
1309850
1785514
917852
1323503
2398551
285782
506664
811770
831069
810851
2239201
251326
1654385
860179
1186501
2026316
990704
471955
970719
1784078
460180
275097
1062243
1225275
2334603
44748
1834621
806709
1515728
247664
1547596
670988
530365
718651
1332811
1098645
1990682
1989968
356010
859268
1990037
330876
2223489
1170067
868719
754496
2102671
1770005
160870
1801003
1947625
1377912
1989475
2189126
29026
276396
578957
1194354
308405
2130481
1026429
89290
490793
1701943
2324373
513038
84945
1817649
1224094
842778
169777
18806
2398290
906388
1072747
41361
1937899
264509
423559
2390368
1257772
463446
1842761
1309158
886336
591929
2327759
1064365
990882
373486
1351787
1637669
1145004
2325502
2197694
1988415
2332833
1263084
484504
2258534
2228898
626820
1942949
807165
2262338
1149859
1855013
794900
999307
691159
298201
1067610
1386079
1090374
273521
776415
296938
1344825
818992
2256028
245709
32929
1778971
549137
1827230
1694326
1934886
807888
556835
2181708
226707
727366
515729
113410
2366839
1004811
1979027
434264
782876
29350
1534493
773564
1270661
556984
2201079
1778696
2067983
863553
2484723
1540537
103610
1045982
1802215
55945
1394841
2378134
826466
1759134
1906583
2003442
1118874
1952661
1545446
348765
1206854
252434
1765071
1382884
1203814
346703
355246
349612
1530998
282360
1429635
1234972
1586226
2244383
2291785
93663
2070304
1113193
1785150
590399
1938429
582289
2219071
1839287
818093
303923
918255
1693084
1392854
610673
1614001
178032
1072432
1432556
1955696
2048690
2470035
756116
1902639
679410
1166291
1786273
47492
488573
357783
1084978
1107357
1381953
947309
508054
2310911
1181780
2265204
1264909
1385291
2353589
415095
1081722
2496041
2002891
1750625
674846
36212
1484576
1248934
1621135
127934
1955608
2160714
873908
1692038
2089521
28002
442474
1778373
244142
320921
996728
1532093
2132598
1775864
845326
998242
1581892
1779220
627886
645302
1236520
1477260
583925
1097498
1498393
1178215
318400
534132
2190961
1225626
2134350
1213399
381475
2233765
1638285
2442864
549125
386782
85624
134174
1270506
907617
813747
1153067
1541344
737924
537891
1059883
2456026
2031356
2102579
1010040
1031856
762526
212836
287452
2331855
244796
935259
571974
381894
2169682
1789881
1181995
465256
1482535
260506
419814
2355470
1673309
2490517
2283182
1675451
1369880
537460
389195
1831234
472253
1796680
2284962
372903
4803
1800113
2280837
680267
1835253
350366
1434339
542095
459771
1272588
819186
316318
1027113
2264989
1564448
228633
1955951
1414123
2288773
1790334
760624
1797100
1329436
2312962
621258
1588751
504329
2319399
2465269
672248
720006
73241
244312
1915819
2270941
143947
2154953
743466
2037360
1593376
1012926
750274
1909231
214686
1486153
1735039
957840
1655691
1476694
2397187
1644430
929838
733290
2321676
1054500
164880
1654028
2216823
1639661
2104026
2220065
1897895
167098
1220289
1431323
1076636
302868
1637539
1324994
6312
1973408
251913
1067919
1322890
1630873
1105844
453801
1089476
1388870
1824680
1582794
1855541
754391
137886
2077977
1311153
1704190
1972933
570019
2280502
433920
1409683
2262147
728673
843179
568445
403211
1467075
1848638
232651
1861007
278237
2198539
1671129
765015
417044
1068664
952251
415140
778054
957301
5640
329850
941133
68603
1501688
1032393
1868425
2312524
547333
1455485
499011
1528880
1497146
1544837
621727
205121
1748081
1759134
561561
2362500
2025975
1255703
2178470
2475644
1495046
577502
1815116
2463843
177303
1338234
2137208
1886894
2389880
1208399
1538906
2391790
862063
1492203
1842129
1317532
29979
2014194
378790
1276328
1390089
2350915
537361
2482527
1780788
1821169
2177670
1834885
104522
1453899
1235752
2238210
1906036
701847
1169194
810294
2001593
169852
1771877
2263234
166997
1192691
1706986
2125998
246882
241188
2067155
284182
1723344
270038
1781468
1726720
677525
1991466
804594
581826
937279
500184
582710
1251475
219971
2083849
1269270
1219412
1002269
1900274
780217
1883622
1324639
747427
49309
2072134
2462030
362230
1740477
718606
1192367
749248
1667106
314085
917227
1321062
1321403
1978705
475932
2017878
2262354
844901
2432976
1836083
660471
2257046
2098894
2089015
372420
38316
195103
1927688
619692
148417
1664961
1368247
539871
69520
2466395
1388616
874989
1207441
314935
2408158
1392369
370808
1945983
2246964
1190686
1961094
1721769
1876920
1598136
1446987
1411919
331232
2362142
2407391
552226
2005584
2296271
1214243
2116455
283122
112722
181032
1071359
2383025
46760
277112
1256734
1667721
402636
218369
958330
1136084
693373
2417803
665368
684579
2032150
1520487
1985069
1317359
2254542
2283530
931514
377950
2071665
1554939
1477432
660156
812623
371259
1935872
1207446
1764841
1966241
1899204
1088408
2261163
1645194
2016266
239523
951845
637446
1022189
2468380
1378558
916497
645491
2223872
1873050
223344
1214647
1348876
856181
2108101
1714776
2457559
2004227
864419
1747535
2313706
1684979
1334108
125819
1949286
1830571
1581857
2473127
1140623
96334
2056747
811370
2258623
13558
1277187
1459443
1763277
1268170
1986230
1199407
1629031
2486517
649254
1271368
883815
1212815
1458990
2409501
1263030
402171
821692
1895102
1977045
1867976
256437
101527
187016
913402
190779
231343
1109646
507466
2350232
396758
55285
963019
239237
921799
1095599
2317738
2021332
2189049
189353
586484
145800
873426
2300263
2199427
1140037
323234
1327903
2138710
1239658
2237242
364531
2493419
758638
2250350
2242491
1912441
500037
1862590
2294544
783119
2374762
826187
1880706
1551022
1303281
110369
141176
1907308
251966
521275
1165261
1880679
1416948
2288129
1775121
396731
311703
1724719
497215
1289921
1129016
1535725
951239
1290673
1187554
1291864
1257316
56724
1163147
2191563
491116
319177
1110694
1916956
1380389
1333495
31960
335215
45300
1162138
1796322
998610
2499464
642822
2277725
1394122
2007238
2085167
2050151
2363937
1949778
1015891
870994
2024800
324562
303024
1880643
845214
1529281
1305827
2315598
2459361
521107
1882670
2084050
1105118
1994722
1383233
1017456
1224750
1429104
1571045
1551812
1707452
1909547
1857057
550911
2495834
1960993
1067414
147697
1577681
671567
1761619
591890
138567
953020
1598203
1144037
427898
235630
1982510
495848
662052
1443322
842147
1947347
1313267
1683032
180015
1898013
1692619
875997
41165
2039619
585073
1885164
1961571
393964
2150787
2291326
1221431
555725
2379428
994997
428706
855826
744525
1288386
1499641
1042039
1718956
586831
1747604
2434550
809910
2110989
1779472
2393056
1868488
1796436
929522
1687427
1346484
939146
1296139
1092784
2305122
1528021
2019740
2180736
2368128
2225321
778226
1061840
875984
1016658
626830
967711
1216007
2397720
1580988
1870928
1242429
678973
752324
1911296
1274179
1953859
1975358
215236
1747937
166090
203787
733382
2371248
1558695
1131823
921286
1840571
970210
35466
424449
1747719
2406603
212037
501706
24510
673238
1709444
233811
1070361
1397617
259381
60737
2307486
839927
833503
2412573
1251288
511254
2273446
983550
1015253
2355397
1538831
1844621
2357191
135614
1567029
2326562
1900084
256008
1564061
1175543
1917379
189819
926911
204367
1167569
1889919
1791164
2106148
1207149
769488
549722
2216672
2152342
982355
1478882
686154
411353
403134
895574
906634
982854
1673770
927793
347373
496782
234257
1247957
1849880
1119379
1157500
2044671
860469
1287347
1939288
431298
2227738
1454166
2093597
1599420
1534329
2311322
357378
2368240
2081379
280066
1643383
2212477
537759
883407
453816
149021
2061232
424892
1566980
1367404
934974
272569
2052876
914125
2434672
645422
2113453
2234123
1949531
256453
1380228
2478578
278528
88933
529214
1557969
1088211
179425
1363500
406438
773367
1264888
609303
2198842
281692
803516
1414650
1034975
517922
2317388
1260338
871723
1918039
2296802
1680980
274339
252771
1469825
1596707
2150687
1062454
1469790
460251
223774
1013701
208533
1007361
1953901
1451925
234759
2493507
701133
2472358
957776
1696433
31765
1861870
2298059
299506
1492671
1893272
1071082
531492
447377
1384572
1536844
2475655
179184
357992
1474094
945268
923852
1758414
2205403
1440603
845377
507091
536994
75865
1550698
1992219
2426574
845065
1795970
2418700
154879
1825919
1733803
272404
589223
480307
778794
286106
1422810
1238388
1626650
2432417
1789527
820031
146280
971355
1580878
2116600
1931941
56647
2389800
2162914
1086093
1269553
2473016
1541242
576996
2415636
660794
1225723
470979
157368
584066
559878
247054
1590501
40836
865267
1020912
199977
121745
2474568
187297
887077
1597083
118838
138798
1534809
1078033
1074588
974083
455641
1942645
43251
1318764
1784558
1383889
587573
1672990
1445251
2355259
62529
615910
677690
2406491
1023442
1262831
1369273
483423
1246269
1468311
1990334
393018
2250564
1241931
1859289
979326
1442284
1264993
1448275
1403414
1525475
452522
1918675
930853
1704396
247894
923897
912899
2100225
1910525
101820
1455742
1470530
889445
2226449
939145
466461
308165
1422040
1259281
2271132
698381
1114288
269446
1407559
1255653
85200
1009238
1552428
1425506
1310661
2275401
2400959
767324
2175267
2029462
127505
1498590
1404968
1598608
475044
2296644
991938
2154109
646562
1224658
2430736
14001
1930424
364014
1404897
709547
989772
262363
1078215
400659
1210628
2041112
52973
909340
1637258
1012695
1653992
933591
1459465
20673
68346
2361241
1406291
1983692
2092081
1491655
266642
1253
1061186
1235394
1745625
604592
682520
1833249
724842
1055042
487724
2194223
2490162
2040410
2232503
2499703
725160
59388
267098
1696134
2217506
533863
803608
1205717
2207598
1577869
1423430
2095005
1494295
858212
2243833
1705333
1296768
2399212
657113
1980209
261876
1130275
1474760
96989
1618892
537664
2169153
1625062
2185363
472728
1197792
1400687
2280452
1394718
218044
1377435
2243629
1304696
285987
897652
1018060
229451
2003605
1880874
94835
635069
1806983
2372368
865807
363961
467567
1315944
2098240
1299073
1727071
755975
2172288
1367460
533805
29630
769350
1235018
1470185
110737
1946042
1588044
439770
1871525
268008
668740
1336029
38209
1859234
806377
2478724
2407514
960165
230194
1377242
1795335
2352213
2351962
516520
1993008
1247912
1263320
789577
2235850
528177
232441
2265520
1594594
38278
1086406
2293762
114040
1114870
1313222
2143241
2395923
236096
2484784
1437245
2127379
2280843
455409
861254
197679
255357
1591601
2400499
1643341
652208
608951
69254
2298305
1633314
1386433
1913282
2248169
2342344
2424811
2318389
422674
2222310
1803088
1915149
1660062
672410
525246
1809714
1494620
2418834
1229869
837144
351322
617889
98663
2151375
2041925
1838140
467300
1320988
378782
881048
2100056
595942
1412544
1113824
1368379
403089
940166
921477
1761888
1048300
419119
1384207
1728854
1159626
1591362
793559
2034024
1028004
1808767
1028755
1727912
2091363
823356
171597
2132808
1299327
2038397
1719624
2091104
70363
1109518
1032429
90253
2161073
236326
2280576
752818
1515403
2108412
1370660
1657583
51732
2394063
43419
1526215
1620458
511260
1686577
368131
128834
2059313
1517694
143901
766332
29604
1793989
804281
1394629
455583
2227851
87328
2027984
459101
1717888
285108
2169958
291015
345221
1689711
1816696
1886148
2056262
299099
2303697
1725427
467379
1115825
315341
1860095
606231
2029565
466115
1719504
1908318
606228
94295
408599
898446
894297
259504
993412
2391722
73026
1014299
1226441
1722195
2457402
863713
1398280
1746654
558423
1228370
2314173
1681715
306696
635820
2390125
67092
1412313
1206055
969670
152000
196580
2336557
2239424
1932460
2096614
879118
2298047
1906599
1939759
740458
1057722
917313
2450684
973898
1524429
744606
413383
1376849
1040812
394691
2148880
1042919
1465451
2183788
1934453
2018164
514136
2341916
409227
863471
1699677
1186177
2279284
102709
2123608
994296
874047
1048726
1065720
673296
781956
121034
1396763
750370
1228465
1103914
67091
968638
2491099
2461773
552877
2383348
1790584
993806
1817320
1378989
134473
101747
1060620
1038374
13752
195464
2143576
2070699
1799884
2489079
1377677
972915
667184
2393359
2175356
216735
710548
2402346
2055587
863002
1112220
524894
996611
450268
1394882
834714
319237
524622
140812
420940
2321230
94373
2441993
872030
1539902
1854659
277094
278625
608292
768028
1779712
816704
17545
377057
260128
232236
1227626
1092526
2471008
2091141
1652374
1756691
2282601
628810
824560
1285912
2053563
2410453
1918821
1553662
1578223
1605433
1798732
915581
91743
775424
170693
1104954
1796954
1545820
1707490
2232872
438307
2061852
1084231
1526559
218756
1713127
2207566
683522
1011896
128363
2446599
704596
617474
37338
76616
1051003
1229713
753472
396289
898063
1429298
211157
2355867
1656147
276197
1095149
1206888
689372
328026
1333441
668521
1380108
859801
1843314
277842
416976
1113105
773058
1281328
315947
148494
2386213
1648311
2042434
810485
1364198
1549391
1380138
878776
2438166
947204
2035388
1360035
416263
505036
1939035
661893
2495678
2142522
691960
933738
420453
1059432
720394
2314468
161811
1804139
1075346
587616
1250617
1553382
1473629
669792
1193887
647602
1053109
2127917
1377201
1146441
311856
1206965
638206
1593628
102920
96771
1484958
2063846
1151032
2471261
146010
335651
2301818
514040
1669085
979473
109183
343368
1564531
1332118
720559
2459882
2370218
1018083
2329396
1394528
1138070
606605
734845
11433
197714
771607
1723988
614585
1901864
2093366
1733614
1753389
2119471
1663903
770653
1402131
1124930
194069
879973
2461230
1330809
323895
889355
1766880
2006917
1230366
1370317
187711
837503
1195694
35829
524634
1314702
2373756
2022467
1408053
1056781
1048259
616083
246209
1068657
25423
2121346
108081
1086867
1205045
1837996
1754269
986113
1702208
1742701
303858
263602
2211593
259064
243069
242907
204781
2467031
1945541
1594460
456719
2234390
85022
1334600
1711753
1759219
1043832
728721
1184691
1331861
795349
2167206
980492
1782317
2100494
1862689
2453904
719046
2117082
1819552
1425438
1652280
2067955
205477
748628
112023
195638
2174038
617008
1019154
17206
468890
2220090
1059297
2275325
812679
415521
1837702
1178477
486366
16648
616095
1010779
632584
2101482
819078
19932
1987099
573158
260458
2180691
1457363
18502
1297228
2157839
2409385
681802
1132901
295353
65668
1762813
1992915
139684
1122040
187194
2163651
2094857
481429
1885164
1960950
1779009
1203133
345132
594039
1969135
1632043
40690
142233
1015585
380691
2167151
1325409
2080534
2282309
67871
1632355
1123164
1275740
1191688
1441867
1708231
384720
107651
792368
230288
173073
2252456
945366
126720
2478518
55086
2299801
1924594
962009
366054
1592992
1461671
547313
1433798
1319216
760827
269919
438796
667651
247658
2108457
56939
2477260
1881334
2371557
1015840
1914793
2054760
335468
2013868
1202178
1489809
971439
55947
490868
1459680
928770
289506
2037101
298102
1453272
1699274
642164
2014
84844
372571
2055342
2280992
1448970
1282448
2327367
371945
319052
1258933
600381
1493197
949907
2177241
2401021
1499309
1007598
1962354
2101422
668783
2245448
599486
2260322
1948222
598540
805985
648685
2362041
1001870
156484
1138640
10127
591869
1344172
274732
1149862
633099
2168634
1465733
762194
1812445
338126
422174
1875250
1963913
227823
1278738
954784
1565709
1074417
2487037
1449285
1546688
2421386
2496922
2013395
1558459
596783
689181
231228
634942
538271
1159900
1560511
1653160
242049
1596511
2076095
705783
711527
1377560
390056
1885959
2002998
1844500
408468
1742422
1591418
1744200
2083464
1096455
2284496
754718
1307867
310080
1738149
1020261
282615
636587
1793946
1831303
1516024
2206822
1603233
2293681
483045
1122879
109827
1928158
1659570
20082
2353667
1323717
420643
1033836
2171791
160351
734059
361210
2229807
2422591
50268
1661494
2278377
238480
815777
347513
968155
1924914
1018373
1574572
324761
1295680
69364
61068
354402
2193384
1397372
1650683
1574350
2436978
1712920
1448232
799603
2397636
2329234
233586
1290080
406233
840021
2092855
2229843
1798134
1139065
2315146
232658
673509
1079345
497015
1546975
1438784
1121249
1873012
786050
934784
653923
1443269
1402565
451931
1607267
502858
1118555
1458947
989226
1288893
736939
1899966
1916985
772634
2433761
540797
379992
647805
1037813
740245
382263
1899724
1821892
1153671
2041318
116629
186652
1363763
1569714
869372
742387
2010120
1153292
2255011
416245
973334
1783582
1261706
1721766
1195485
45399
68881
1981816
1069621
1129138
2270399
1108379
605623
789095
1965058
545759
461638
1436027
2495552
1706893
203811
163062
1623737
622896
370473
1274147
2296316
1405319
1337654
2338527
557464
2481674
1351410
122741
2026303
602342
2335365
2330889
1606025
1267465
434331
1043300
1694003
818124
853306
1189871
1134570
907346
1123877
475391
2431441
238505
895691
1718993
2285552
670885
1048309
1283906
636726
1597483
1639254
2486405
1427742
932012
1808670
2449982
2279897
27556
943720
1899233
1564595
1055996
1760559
137738
479306
861515
2455323
479103
145001
1894852
912604
604020
899633
879900
50199
1118882
2015850
2030985
2158296
1154920
1311303
196837
213137
484742
2156764
298942
828970
1601818
1088013
1773568
895762
1358078
1771108
1829956
948750
670798
358756
2445753
1752505
2271183
2120902
1422165
386610
2410775
2121807
114284
1207767
102909
1901689
985451
1909261
1004297
1222668
900378
769777
1181720
2268639
1163563
53863
935492
158994
428147
663136
1971628
1586066
1597070
1925858
626784
835473
516913
2256954
2089214
213438
2355573
7347
2197570
1480521
2388968
997544
1992598
347670
688532
897679
840726
1060147
342304
984987
1976594
2169653
1428703
727907
402837
20074
1394600
265153
1564177
2206845
960841
1687556
739745
1523519
44203
1161409
2125785
2346683
894203
2459865
1851421
1747386
2442426
2481383
1619707
959233
298851
866463
2312119
1119399
1710732
384412
752501
1527203
2320062
2352772
2072303
1851108
1205352
988476
1131044
2100304
1242285
485784
495157
1872973
2191877
1495815
1899381
1821957
1321769
1458446
719652
523870
498054
1940345
2464255
917618
1171322
2070503
2078098
2438654
2482851
1557712
283380
2104680
1665202
646313
1191028
2076248
1211803
2215587
1611597
1463838
1829752
1229906
710930
2489116
116641
1361414
616567
594221
1530247
751850
1766749
1853555
312089
394491
1720371
1685392
1132253
1377895
2218095
345650
992346
473831
2290632
2002384
1606885
2322514
1899461
1991158
867558
1275044
1850435
569299
1916386
1054194
807688
1836742
974698
1288684
2487507
2204251
1168216
703247
356227
524193
574005
1336380
2409038
998200
1733487
1390175
1898339
588941
2086117
86077
1292412
1491947
1077142
555950
631130
1698722
2089500
1794759
1313256
944879
1961541
487285
388165
959921
468106
2257451
1992892
1368432
2126648
1793631
1072539
617349
1718927
229899
2372135
701106
399075
2171014
500096
700428
518886
1819382
490742
114529
2213275
1090485
109432
986020
2269638
430033
1472856
2226824
804993
2415262
488043
2380668
1770759
1306701
1866660
1272394
696678
637161
1807784
436791
2162009
313195
2456633
639543
1655486
82868
906656
1198089
2081573
1559282
2094125
1725439
48099
959043
516848
1999088
657502
17919
192446
1536519
1288094
111000
1090376
2074378
738504
622905
2197932
951490
401137
2274920
2204895
428487
861677
1774570
330009
1276363
886603
1424478
1839640
1131328
2065908
1871073
1561534
1066254
945345
2294974
2197589
505723
2445707
2034283
1542562
1806048
806491
405409
676663
1926998
1469869
1987500
409663
844184
214669
654312
1212383
1812976
726289
1117361
1525905
562627
771479
1903626
530895
826297
209498
1377066
1252998
659028
1211948
1106128
1975366
1667424
1320575
1325385
2363627
280041
363738
1913155
1553763
30891
2256729
1504068
563641
806955
1406974
37839
2301232
1249860
355458
951606
1769762
2427818
1988117
465580
959905
1990992
1112490
1045647
2031725
1190937
1221886
1320810
1306948
1058559
828773
197937
1297470
2462658
1801578
112028
1691068
1199160
1415728
1823053
2472889
159209
290689
912998
1939065
47057
235792
325165
777352
1970057
276419
1607197
2483050
50881
414711
17981
99852
147436
2280051
1681036
1846818
1547894
525103
707579
2168431
2138355
1883377
868491
168670
1723769
982700
1221191
2457473
1596765
848304
672029
1497236
2434238
58378
1198649
985336
2374456
1603106
569529
2173083
1329784
1821458
1729372
1158845
1554733
1191543
1073941
1224370
684201
121612
1056774
1913730
389615
139955
995813
29726
877459
2452142
1949714
1680904
1659979
256142
1834258
838248
342052
1046733
407111
1689082
1262606
680393
1417720
2282114
1371152
1677559
1944310
1764731
2493498
2197392
1789785
946395
450031
1509644
157657
1397641
2320330
1296008
1874321
1059467
1200737
1205759
627685
1291560
1754129
527888
209372
1383833
2056775
1215364
1385636
2379510
624596
1805544
1026794
1782073
122016
895345
2438172
855635
753387
762233
2249042
900421
1480358
1919111
2417071
1040871
104755
1705709
1946958
106797
1443521
2178474
2063857
2238388
924069
2512
1781909
258919
194035
2185205
938220
602543
2490044
813307
242107
1614941
2435903
2058071
2059910
1218632
1117088
1658456
773200
1231551
1967246
1373981
2327381
2024384
1766769
627314
489810
1721487
1556503
1336538
1612861
316117
1691138
1283048
577160
777634
382408
777713
1852717
1719815
107744
1794954
1182726
85771
2091508
559717
1420280
1925621
1962592
1701621
29384
280208
297724
1235743
580502
1492528
845996
703124
2479739
935848
1357084
988964
1534547
480914
316235
1555885
1125064
1340721
713651
840706
2435543
1490033
2297872
36810
1099177
401534
957777
327847
347457
711913
137028
1788289
1703443
1165184
1423574
1869736
1015761
906692
2110171
2464186
1804651
2461165
2095663
645914
493465
71250
183131
1033449
156601
1137890
190528
1470928
1729393
2004042
1007486
1154159
1210876
205366
411420
256723
1552979
711438
2278259
248837
1690636
1639497
1193232
2041811
1790113
1655741
1503301
484315
1680201
1618038
1511987
500585
2423488
499420
1950986
1659886
1018692
1906883
381056
456067
1216231
1554402
2309119
1614203
214216
1157343
484101
415326
171873
1741269
1523251
2442482
693830
662798
2228214
2207549
455182
2341275
758412
1503761
584270
267772
1229652
763627
441746
792890
2351787
35763
1609330
695184
1250355
2187348
267251
1736366
854817
1332342
1215300
471011
952475
1320616
1363434
1342558
2363724
1263908
880135
1371181
1956134
2206346
577279
470933
2102400
2490152
2079304
2490876
2141484
578484
97656
827011
1960622
704498
67957
1052619
633411
2368242
654438
1879401
2213506
2310230
926924
1295493
2192016
2339211
380710
2324324
77337
1337699
15933
2216404
1426461
2159696
1604629
496731
409527
1850252
2221297
2068874
1206185
903846
891319
513905
189730
355638
1190915
489216
2224393
263470
2228111
946567
878745
2144527
825353
1345061
61599
1877780
2276644
2134587
1248872
453533
401891
1232262
1986777
949236
2496693
296600
816699
1750481
1851482
836150
983566
2319703
813603
1727850
1605929
640502
1037016
1896300
1090132
1909024
230856
194517
351423
659001
1067765
417485
1680392
1468460
535138
1974609
1023049
223720
919279
259183
2343345
1711832
2039481
561817
1764003
758467
31292
233984
958870
863248
2060422
858302
718524
239582
462115
1320869
1020798
431935
110841
1893813
646733
1938797
1081267
2380347
197668
67830
1743076
308939
2112784
871463
317482
1816174
1780089
1633899
1411047
426029
146511
437012
1544144
77155
232990
118718
825822
410646
2167379
1877094
1655358
2469585
101966
1014641
615433
2388237
2209189
1728766
991860
1061788
1999966
2165992
928394
1772686
533171
193736
267677
1035678
522789
388302
1254420
1092672
971155
2494876
2054463
11247
1666647
153863
2087503
1826446
2378930
401354
2413484
1778306
1688120
475858
520636
2406606
953615
2481817
1233085
1613983
229399
1018349
704380
667825
2067824
1588171
2273505
2218647
1968358
400018
1278614
2354966
353157
87053
2357483
1712492
86593
1580754
1084073
2307975
1729018
5415
1072983
2271871
2479930
754285
1357544
1867540
1775247
1469139
1711573
1904185
644968
890085
846627
1555382
1165451
126904
1071436
1158026
406845
1083653
560361
624661
355
136552
316832
1129555
1145935
907467
1794823
2052470
1640570
111508
2482059
1102324
2411199
2039084
1764864
666120
2448528
973419
177155
578456
2102354
1995793
1890645
2063391
1073963
1962891
15588
2174197
1033013
449668
1448827
2379604
2151910
723381
1171341
321141
2494201
2389192
884390
2365769
737657
19268
1889937
848526
14729
230516
223019
1666165
2276488
1685982
1167673
187956
460570
768899
1490251
1802089
849211
1912795
920909
2190214
1556015
2208538
2002920
247314
559876
1011643
732975
1595921
2416388
82268
633524
2014308
2265615
2437379
1867638
2208582
290253
595035
2348738
1858493
1466825
508757
1958433
1676417
1410041
1794966
2074301
1820017
2247054
393215
830896
2044928
2171506
895243
2043531
1134502
2273588
1316362
1484427
2311751
1049170
1279480
1505921
526063
1745035
1135157
520907
1200117
2150725
2269564
581911
1122466
1343880
1229551
716244
2160338
1544490
1979488
895171
1467920
526039
2182196
492112
1143451
846039
1802258
162094
2444397
378042
1240999
2489777
716271
493348
1928400
1704451
1098094
407559
1826249
322803
772058
1301330
2187580
2469040
1076834
568040
967054
1981842
2000473
712400
1667098
1810638
444535
1940605
1222038
298573
674440
2456323
1043836
1020720
1523831
883679
2403312
1051649
2227376
1592375
1416859
453233
1658906
1652653
2322761
761862
954422
416796
808592
78087
956476
1170004
1398976
98084
399487
258918
1665646
471697
744753
1858251
2110184
40399
1113472
589262
1724255
74572
935912
787256
768912
2199988
2177502
193903
524239
383222
2015469
1038053
1788664
1422195
2107451
607470
1344747
747738
683658
1444100
289457
1508976
2316618
376270
988156
1065666
646800
1498030
1545335
382807
837519
2429900
399192
2125101
2443433
1330882
2484447
1619699
278789
1335900
2281393
1658442
328077
2320041
417616
59778
950793
983403
1781581
534611
443241
28053
1768929
2142545
1961387
1852868
1083537
1752587
2288980
2194883
1794214
1721105
437682
34426
1579514
2366249
30576
1494325
196911
1354697
1816328
1937604
559140
645350
1434300
602913
953018
143791
680211
1137242
1753833
338754
1531215
2216569
139172
234042
1103969
1512184
306994
2372877
1643191
34228
1761714
297824
1606172
2462065
588882
2073192
1307375
1722661
2493396
1748666
848123
1516627
2362830
415240
780521
1199312
2134841
2279856
1978946
554283
538059
1374062
2073798
577546
2115430
2455094
1204667
691650
1855608
2303616
1255521
1274108
1136645
2175625
462933
589938
657124
191011
1584011
220115
423773
763505
127102
810886
1870938
660667
1245392
956901
1786207
2172931
1372164
1371175
1246602
1296411
1929584
1514893
1779689
400805
635219
2398894
1819435
353828
2005594
2331032
1674764
1152430
805916
2421391
1364060
2162456
180572
1971619
237790
753535
1736797
1949943
1760255
1401734
459785
1224627
517039
987086
2099181
294143
645616
414605
1667292
1284064
1461782
1001880
2435950
1919807
342885
252543
743835
1064845
2303170
17774
740680
2383390
968451
1166004
383844
1753856
2404247
2315451
472107
1638772
1488221
1415618
91720
447428
2344562
245619
1499978
1624491
529552
2322697
404931
2383110
1312044
712229
137750
1184723
1565540
722358
469648
339165
1309352
1288976
1434115
320740
864418
2082589
546541
315520
1296055
2402201
317721
622798
2066940
1432659
1400493
247829
2280619
389254
370430
710169
121438
399418
1624052
2165226
2477994
2279417
2470742
1208196
1301810
482589
1938880
233493
823457
1710440
2474185
446591
1829418
393192
1202595
2330545
2360997
1203532
2009701
806301
585359
2020317
453504
400707
158858
1833467
711193
504312
2034623
2221200
1551111
1081791
642152
736610
1118973
889173
2480974
2468913
822663
119133
457825
2161546
2280459
582912
314767
2019667
1943491
760213
731395
922609
288199
2360418
213571
1863195
1266406
220687
1443682
1242568
2203436
2192670
1004338
653288
972101
754216
1218856
628172
1192130
1725050
152714
2072908
245018
494662
2011731
2337847
1462414
426951
2187555
120580
767967
483470
1673134
1708018
1807076
1311572
134706
779277
2331142
113982
1565824
2380447
275825
909688
674349
51723
1270646
100022
2184748
1183260
2042146
1019263
727628
1417989
1965111
663183
350263
499914
2352498
546551
1492411
1050801
1740184
1613779
1875730
1403916
529936
1383124
1254929
2077908
1937281
1684398
112540
381284
2498986
1318826
2096494
2103055
1762815
390865
1769040
2029597
1066820
439655
1495154
700986
1502331
618187
764044
494504
394695
1026356
2490836
23201
517754
2264223
1305152
357402
452631
1330991
500951
1515132
996147
663288
26747
1258465
295841
1270818
1807346
1242195
627787
2165241
919775
66938
1382810
2090350
1417206
2071548
530371
197490
1614766
225913
87415
513549
981393
1934604
2096975
6290
1756756
921693
2371683
2277514
590502
2353110
1931407
1067409
2197751
2130482
1146076
1413989
691583
700903
425725
1493453
728211
191959
815833
766468
1816536
823878
575718
310974
470366
1356942
257471
2395115
617684
944158
631559
466403
1340171
108080
1467283
1936273
1089290
1646995
2287129
332132
2009337
1442183
76011
514231
2261360
1968439
63782
664208
199880
1400919
535274
247291
1082500
825349
351868
1263931
1050789
1291048
207651
2373485
454988
2298686
1015234
2064905
2187780
607865
2277416
2315251
1472041
1203825
2315788
1281625
338664
2161534
1793997
2334040
1902169
2353272
2167231
2480205
2154153
893821
1761019
509493
2000052
2392721
1468221
518319
1813751
490415
1481996
1561523
1459854
232836
513069
479554
826378
2419037
1685134
2375092
501474
894970
1940242
226145
476561
921196
1805550
2470653
614303
298520
1324310
2209319
74202
2200633
1355753
1493075
1363753
1754853
1177697
1686552
667557
1701657
1722827
874313
1455929
1742232
866557
1687674
1724576
2314901
2481581
1799444
2192054
2146408
2094795
1469272
557233
2034215
1953421
1664603
1117093
2191168
2014667
1554430
853920
780230
2143121
1036516
2145655
281051
614553
2022702
572673
1343135
1611132
1507143
1869265
2271669
1937586
1956752
2419282
638252
1132308
2099911
1777378
2230869
2013377
2094922
485448
702969
2442765
2355834
651070
606052
1207244
214789
312648
98116
560108
285569
1771423
1689819
2097251
1451616
186361
203405
1945713
513574
2230412
1894457
1618920
1587540
284998
1371952
1825830
1812134
1067393
1247052
1826708
2023113
478314
241155
1192875
271455
1590339
732327
1308610
38097
2466666
2052559
1578014
2239742
911459
1464704
2211081
58935
2261233
739844
257609
1281157
2389458
1504200
1764753
1886827
2216183
2036487
791400
39413
2370030
36395
410610
1834930
834511
1748143
2325885
1690331
1856339
1643424
434671
276017
236915
627624
1319544
2031092
967647
2180698
2126341
374341
457941
953821
1892652
2004783
169427
964626
1500615
2487192
804462
2258036
2384880
1755080
1463861
375746
362088
84930
1822402
132701
1457818
1413789
2495066
1323999
124238
1068813
1173736
2280995
297587
186416
193186
1562819
1323223
915659
572888
2350407
2330655
363340
2172478
1528997
650495
1117391
2463234
2059799
1241922
962527
2414659
532479
324966
2348053
1635614
1051449
764150
412477
463268
483859
1996720
1585119
1326885
198931
728657
1203454
1914404
502458
371055
1371976
842880
2138692
355452
1438920
1206181
1644066
858531
1517741
2366312
1651264
985792
575374
1867089
1911002
573478
102157
1259825
1414674
1617426
1130661
1919241
2202651
627819
2451585
1434559
417878
1437459
1562834
2146629
2172182
1983002
1769112
1955771
1736912
163534
28043
1736989
2085006
1321023
73715
1787872
241198
100389
1184126
1361992
472486
1766141
1014999
150209
1047808
1012539
2128729
841576
2375491
1077849
2340041
1683632
1450762
1579559
589396
2298537
1679097
693301
950857
530618
1613300
826938
699627
128196
1788572
620269
31021
1814816
836286
91497
882609
2243545
2259219
1836315
1599377
1891306
2205210
1480005
115816
1079252
888195
1741846
1008268
146286
1762271
2493699
1402759
253848
526619
966845
673058
642174
2290393
1453271
2114717
944428
269067
1098310
132738
863994
973126
1662194
879759
1006370
438404
67149
553432
2135495
311679
606760
1236679
268104
608400
100961
303048
159644
507653
2104227
89242
646502
2343662
1212644
34812
2109661
2362325
1122859
2350998
167904
1265960
531128
1121703
693877
688659
924316
1511676
978164
592819
1020627
194409
1330289
492594
568795
1068091
940961
2162314
1886225
576295
903420
1465292
129531
755859
105731
735666
1161767
279870
940943
1605801
1519673
638510
2125070
1490098
1865792
2073727
693932
2098133
1348829
2391526
1830214
463361
667093
724044
644515
750792
1082075
4652
108501
1315786
2414278
2387594
1327797
275197
2372486
904745
12663
970170
282394
178446
252685
116416
27636
1018915
647919
2041803
179718
1925852
1606585
675937
658238
936297
2241096
2324229
1792566
1924591
2420040
370979
699985
2339014
1723326
1109440
655624
534223
292921
961807
1394832
1852749
1126649
106001
1509628
617544
2426671
1849427
1210648
1464979
1835542
1613367
417613
609676
2468908
1438612
1655318
1796804
1613200
786849
1018112
262079
1749416
1089462
984489
354504
1171300
612801
1408644
2114480
2422980
65008
1189236
1113446
2479211
709142
1976698
1622180
1960769
1336593
931201
1699252
1674114
1100484
1894838
1867318
1061739
1355944
1238221
522843
1809606
2050758
136597
1866328
2217710
1395030
274172
1926427
146594
2382195
2206227
2005620
2176219
2011583
1430092
602474
141824
1592648
890630
521740
683219
1295795
89518
2438179
507163
2137885
1184
504236
179858
473807
1821900
71526
1678568
1403889
2478349
942695
673846
1040199
1190152
2299081
375256
543888
2302560
2447147
145454
265291
1844857
107422
2058526
2234397
308641
948090
341426
343969
436612
1978118
584195
9307
2310188
1536421
2467957
1225024
1039941
2200993
975760
1200267
2483512
129684
809737
1020606
1976878
1183397
2151547
412536
143563
1801528
41157
729119
512060
1786081
2054179
1226211
1231684
2106387
2180103
128679
1683418
1864301
1248680
861322
22086
431907
1651165
1078150
250317
1638486
54900
1654757
1862391
172548
1427355
2267165
340396
1502684
303607
206500
1615637
713474
1561845
1919530
811443
2075280
2492938
180606
2011432
687634
947318
824369
399190
2148109
2311462
1249873
1146508
1312129
2111549
1534515
2126184
388094
596111
172908
265790
109812
88123
1721159
316291
1365788
1360773
258866
1088463
2222588
1712273
791746
1187109
942161
1438998
244350
2141864
1294272
127429
1468674
2112475
1444175
2309132
2172030
2139734
373729
1436887
1721698
68557
1200774
1520305
2251794
549882
2258344
638396
1900589
1333265
2286874
2168476
1705034
754467
1873624
98847
200654
1743571
2373437
1243664
2070002
1271055
2336726
75066
1028362
1800827
2025855
2359605
565368
1840350
796235
1340297
1928445
1789043
214754
1220500
1751146
895379
1195496
596960
390519
1879836
622919
1992540
665934
1107085
1124018
1049561
674818
653858
1326753
2330837
1568380
1146042
1758951
2236031
1872883
2079242
49606
2038601
1628919
717466
2233907
2013833
2159800
1377373
1067301
2300068
944201
2438435
856067
1976065
2344159
427906
327640
1781961
129976
2224103
2226
1650156
1944237
1405339
1831782
2412029
486575
2446913
2257636
1568196
2258022
504516
1452479
1256908
1479255
725051
428299
716145
2333922
1548204
644433
251677
686659
887083
2039035
136702
427434
1692497
1587764
1674288
2195275
2421998
1930964
2224821
1749859
1081872
863356
47500
732225
2187314
1709733
1979910
2493227
1482338
2359275
2380972
1620857
1514369
1502038
1831175
681224
727088
2332735
42417
1717733
1596062
2383576
116123
2471219
1199512
1691108
501338
1087135
454667
2319336
33072
376613
1166144
1150665
510570
1331465
1743264
621093
1647095
1272327
631055
1387326
33966
1896431
1705956
438175
1485927
1246009
1198507
2170224
2084002
2342731
429574
1793130
1719341
929233
2246975
1900027
342678
749248
939381
933045
1712563
2396917
911618
1541067
2239566
1232494
1454120
147188
561416
1388074
1838347
1870209
1579972
1089630
1811814
2359861
114641
262770
1753589
78550
111733
1176627
55123
942793
1170048
2084984
1638663
1114617
2297181
75224
1818270
2332322
369268
1050413
1733863
2206543
169317
228591
421693
1089627
32221
1605276
1277869
1170043
2197637
999274
2265829
858004
1775042
1654961
1601297
2086080
1451623
2166109
2297972
1868389
1347713
2101005
14472
514127
126100
131210
2453231
2495040
330052
322450
78955
2040153
2069684
651334
971794
1059242
1003089
2105620
2192787
1140571
1475940
668998
2035735
2230943
1042264
2386144
1128642
1095106
1786121
1168881
2233017
1970330
2265252
1745199
242699
1077307
1391343
140302
65277
724304
1207113
467522
1997215
1861602
1536527
1863382
865395
1767186
2290277
712156
2473444
1490332
1578521
258762
1126319
636802
307197
1900366
65572
2415000
776644
1535796
1449301
736349
1019528
2145388
642125
1930919
1840859
1015265
629893
1820836
902579
1488937
726213
1538185
1944732
1117001
1948294
1318342
81917
2207812
1612096
2274636
237126
2466356
2106045
2191552
2060762
1962774
1749155
1564337
509293
1643229
1901482
2402191
2423148
1729208
285070
695120
2389483
487686
188430
2176615
1744808
952487
823328
575044
998885
1380725
2230656
1144502
1141644
790441
1370902
1388476
1816791
1333664
2478803
832411
1530546
1659614
285141
756407
1000377
1357185
1348002
2262234
1901439
1009813
1773666
2025538
2191611
148030
1599651
1295299
1387182
396638
936746
1046943
1448256
839363
67025
765058
1229323
673490
1653234
942910
739232
57349
763602
545429
1391077
1361225
1475273
1047252
1658461
1886025
455828
2335025
178243
2173184
610915
914652
1133081
2264251
1098793
2385365
1713339
836234
2134809
297849
1471520
1609545
1513162
2264503
1558753
1208497
1473338
1507939
708474
426092
196264
2030055
2220008
730596
921210
967988
2373439
579415
2107545
1610739
915211
2020519
390827
1646084
243901
308582
1644934
1187904
796579
152442
336030
1850988
729765
345614
1681492
626611
1337463
2104099
855867
165256
1668786
1959003
2267017
1148460
1467661
423246
1958958
879514
2493223
1358489
1799807
1046501
1405681
2027031
2138925
670540
1479585
395965
570339
956246
1626443
250287
1568038
1571113
1296764
2139285
796812
1323084
555650
391073
1671757
1158631
1120597
1756570
869209
229630
905074
2218734
1069478
1427145
1698648
1101098
2315482
809076
435953
2170107
609500
2420633
2433090
1999590
495130
629514
1069534
1907391
1910210
542129
635637
2036384
1192191
432400
445163
627750
364900
387590
393474
1598149
1257186
2438848
2085664
101108
1724434
1151133
1458609
1647184
2357479
2052277
769297
2163535
2259096
1854432
2455700
535163
307271
1113816
281547
195969
311432
1290685
1321640
74826
2442570
2253100
1981005
1721803
550085
516059
1728297
2022492
250690
1206482
1858805
2101137
753130
53075
1838409
1695271
2184710
2462948
1889019
718571
599939
1468479
218973
754055
2110357
2368221
447010
2262499
411133
128606
1929349
267320
734030
668100
69868
1187357
1558474
1246881
895765
1929325
1222371
1031336
1030580
790901
955209
561010
2055000
723804
2009572
778121
1866640
1502569
598842
1744041
470895
102662
1676390
109281
298460
534488
2198593
1922869
740895
1873764
1083265
576758
1352386
1528743
1475068
433562
1933512
56386
1183998
385193
1874999
1365588
2346126
1765780
2470447
1166822
890435
1684648
67807
275157
2252308
1436420
1150941
1460650
581279
103124
1997456
385497
1912222
284586
750415
1499233
1363914
1082324
2153033
101466
1461723
441852
1125434
166743
109149
1458992
606995
25926
2122401
1320817
2050385
294326
1658717
23955
115462
2090029
1964279
1965130
352010
2138326
1502072
1355944
827296
945062
1483310
2243959
2199020
2302474
2387442
521441
736828
2275291
1282204
1449341
1905185
2114489
788899
2282722
1099789
457899
1520191
2151422
123806
1390200
674369
1109296
777277
1628061
1546011
2389236
1395717
2302774
1831652
2042990
2078388
1540931
1449423
2281960
662921
1413888
502018
806128
1176999
511407
1405012
2143031
248088
1230437
56925
2147078
2390879
1934560
1674938
1082803
2109419
1310239
143820
2258800
1046434
2215427
14956
390268
1122158
1566472
2094700
1663806
1280375
1497566
1351936
1211472
1878909
2263504
1038448
2343845
564542
1189613
858740
2442365
912935
1956464
2359608
1441464
929069
284993
183634
42629
175150
715367
1050171
341020
808481
1690893
1955110
441548
979514
1700932
1261769
989997
1849306
2258750
54561
1181837
954314
1585348
891789
567362
1017780
2329305
1717726
1271107
969210
607945
1433165
1426159
1993071
244486
698544
1011041
831844
1100764
315113
36658
2346142
909309
1691428
1891817
1303020
1236152
548806
1361637
1524161
711323
2483314
292184
834351
1069632
1077214
2375033
868298
2320306
2321006
2478228
1042019
1139067
1955073
1999326
301402
70116
592565
1443528
1610298
810525
2085273
238244
2490514
1575056
1112266
2034147
2322465
135645
593168
2203538
1681180
2488191
1787233
1546312
1531975
140686
1191488
1733382
1283841
140554
1679934
1286538
16817
813237
1657303
1877597
1260572
361456
1851756
1523421
319518
1261430
2421136
2399923
2368625
1604960
1204425
2069624
1311258
525622
197413
2369560
2464955
895924
1427924
1004180
1765190
1166728
2341206
304957
875310
1835698
629489
1311496
454227
264342
770757
253575
1906682
895721
2063554
222639
1387188
34244
645690
407696
1331076
1018330
572885
1881475
1914208
1628873
100023
10004
1755511
1846959
961241
1340434
265895
1817409
1258714
1343699
2228771
1776806
1240415
1982969
2147239
856145
684508
1300142
2174584
1824472
1579434
2013790
1197595
1939443
513182
1296576
192225
1272977
399180
656758
2260511
2183856
1694844
2238246
1996755
1858227
1443151
278908
93632
772089
67099
250734
196414
303941
814176
1455897
2317090
2010303
434387
1559526
2164458
151352
2301214
2348006
392866
2484389
2468030
2353638
1137019
231880
1825564
122854
1748867
1450622
326315
747642
2371582
2326568
107080
1383374
1959361
732061
195913
2496312
667836
1301171
890063
2195754
931787
885671
1400000
136765
1349875
1283343
2480673
721979
769948
1058209
671349
1895100
731449
1240676
1756335
1828661
1437066
139612
1016078
2054244
1842543
2151755
1104134
937997
1684785
393442
58154
1573041
320383
1371237
2211619
1672337
1189441
1142701
185347
1240510
103237
1094251
1821248
1930785
369725
1817485
2423521
2024852
1922948
1517788
401833
1991535
1942594
2493485
502669
2286443
139382
1844629
1777430
940189
1860049
272281
1801743
1364954
1999526
276125
193045
1659283
667608
2179633
1501251
379928
1533839
1154334
1895993
1213619
317067
556326
1510219
9911
1707147
2467405
2081416
1186105
912250
1738446
622328
965023
2400424
616562
143065
43233
165935
1948763
1259924
532383
311465
1425281
972366
679307
1197176
2284861
945269
1858236
2012482
1205324
1959552
2197683
1587251
781923
101444
2406591
922786
266282
1467090
1714321
1869793
864290
1160940
1446209
2073981
389206
27528
1949482
2265024
2174374
2407869
1147374
1424710
1472803
1887112
1336624
1506553
1013320
533631
87093
402926
405555
1021000
1408054
1452541
1281664
1486568
1625346
911280
1082750
1633867
1580858
843378
544438
348301
777410
927168
2037998
1598052
1555038
1731529
1884553
296538
219428
1646088
164130
810435
1055308
607877
454322
1395627
348076
1667791
2020860
705011
434902
1515111
2170341
752832
109430
179693
1122373
529251
779359
1642270
2378311
1539789
856158
1248300
1708245
1494079
1587604
1297724
23329
1047977
1065874
1779185
1675239
214232
989793
488613
2358833
2042775
2266103
1570451
1906040
2293896
1858613
2197587
1122626
283119
940922
2421014
1752676
275261
254608
249456
42649
2140085
1476972
383794
1327221
40213
30919
2290651
1601077
2414829
794121
2168837
2047813
1097939
284163
1872604
81199
2361501
608984
2003639
2353665
728919
2305437
1273930
1271576
2063153
1570965
2487106
2410897
961751
2070848
2346650
1332561
1908901
534979
623473
2105650
1941909
1337149
1930043
1571950
1992934
400215
1095731
380018
1385366
2159549
1547558
638877
162350
324208
1724841
228798
2331619
2000415
9905
985559
2267681
7303
1329221
1311362
1862168
1837731
661100
1279449
1229913
1460603
1592399
1353748
86507
2209630
2106658
728150
1950697
1884244
208691
1222415
1071241
1576903
921449
2065204
1832956
11354
394909
1437503
1841336
497487
944583
1385368
2282584
2005409
1211596
870572
623056
224195
457067
1052347
2240678
94259
2453621
363387
1766643
742767
1877080
425472
468917
756356
2395460
82330
76642
973473
1654127
1627132
587584
1920416
649089
76069
504270
1620449
1707983
907527
1251693
2487454
1863248
1114807
485312
140897
16504
552054
1347178
386799
2183635
2305001
1208544
2064477
339762
1493267
68451
1905754
1487356
1232000
8202
2395902
713038
87291
1912649
1682944
1994330
2270742
1307957
2281606
2234641
1227592
695096
499118
1579481
1848198
2088283
832340
1125318
1414602
495502
1080922
393946
1169002
334030
1962249
1660484
1895497
1117579
1014755
685022
2453679
2343247
2376737
1441604
110542
2223442
427279
971237
1267821
484180
601685
1838858
61292
549040
1183452
1905591
2421762
1270081
1686605
461132
1195195
1210293
2072950
1750173
884447
1534904
165884
724614
129881
1291100
534479
833200
1731280
887645
1809555
212402
960992
663841
281600
264723
42324
419759
169346
1632992
535914
2452320
245849
56287
2425865
727753
1755569
1011357
1867307
1640674
1674406
84462
156957
2448058
1160447
754767
1398812
2074701
1696460
639837
1554434
731343
1689486
2458711
44483
2287733
345730
678412
1258191
847176
1980370
142849
488365
1147683
743827
606982
2423844
667969
2199190
1475830
2407030
57863
1274068
2000007
2026228
194987
1512522
709308
710383
1306994
354874
564714
1026710
646118
2481254
2488404
425195
1406539
538791
1185661
263344
2243696
1928736
856180
463513
832746
2230199
1842216
147333
908496
186246
1224054
454588
1963124
201466
1262377
1854559
980335
979675
1508443
2214137
622102
170747
235868
803090
527048
2149214
1202037
1319698
2139472
820923
2123508
629584
138193
247030
1280369
1898429
759019
732933
458128
498989
818980
2239691
1226280
1057685
1480091
1292474
2046214
441485
544072
1992550
433527
1422647
474182
1774934
325938
936143
1177218
2351381
472342
1005814
2114180
336977
463791
1374746
2034809
940667
900505
18750
1889053
359880
1152570
2469375
2410027
400656
1132756
1338233
2263079
2106720
1418844
695652
2344398
1924506
314675
1273790
1719975
2092467
1739480
2446576
53549
1868335
1981241
2495552
382593
1927063
2104886
607708
257765
1177786
2448180
2181365
254093
224567
2214184
2302686
1284632
752512
1745337
2011568
1601989
240093
1352339
2299283
1615150
203977
2309023
1397121
1435121
1447873
1707076
1381416
1425180
71886
1250798
2013025
1642080
1934354
458471
1732015
497949
2254244
1552267
57995
2239254
2485455
792376
1356952
173716
1646324
631398
827388
1003340
522473
262442
1823459
1635141
1670482
1213134
1568072
163577
788240
1781020
2418233
384932
1776923
2235285
840670
12308
490482
992961
1679448
2192591
862898
2321791
1084049
483711
1250965
418825
994833
1150266
2044904
306172
1950164
817286
150164
1069249
1272537
1383330
1276384
1586455
2086463
1690408
1811875
697176
759044
613506
1491769
261706
1771899
74679
55890
749942
1654631
1364029
1878518
34482
2073209
363769
2054149
243128
284801
2326154
1209305
1746679
785002
886493
1948571
270055
1288309
1144807
2130898
900733
875122
282564
1109315
1518958
1879817
892676
1622058
152563
1510365
4472
62823
1379872
2490187
495463
1574888
1685760
429803
370518
1338098
1132098
27294
76033
1836026
956693
2435720
945007
2095496
488801
1861936
98834
91782
2413906
2409649
1175493
1411196
1400035
1198957
1445171
1124908
1527276
820299
602941
2461274
1775387
126865
2122619
735536
2082371
670285
98782
854143
2420415
1804320
302623
2170745
916862
2263912
868607
1653926
597579
273637
2484670
1512870
2061519
2899
1606658
441522
2359525
1816224
1159970
1406009
171316
1788738
1129944
441428
570163
386500
1918957
892946
450941
1565736
1531176
1505169
638279
2289045
1618440
639027
589236
1645528
1813344
1519505
1376513
769194
2195566
1890060
1789351
2129951
986378
441483
338697
869658
1410702
1339268
1602601
858634
1034061
321531
989212
1510323
1439567
417794
1350504
2052075
1095437
806043
346595
1182535
2087630
733412
93085
1996041
647987
373516
1469599
2296326
699288
532671
582044
1787987
508436
2347557
176227
610326
2102876
313410
2193702
684431
1727784
1937145
836340
731523
2392841
368995
344133
292084
1281478
1481180
1547034
2452020
2029143
751573
717886
2462131
1937243
537665
733390
1719976
1037598
657811
52143
2399038
1694157
441675
1431165
2353072
1732759
7583
1999048
1577252
2374931
41143
798664
1193025
414161
1450712
633263
2350787
741690
1929288
192853
2484986
2366826
2496689
1906039
479256
1999939
2163887
1525939
1065363
1899791
1447453
1153859
1178851
119748
1356713
1146808
930483
1541077
1857149
2018860
1523517
1539995
356670
1610629
1318599
384583
854676
681369
1341335
2123214
1680423
2405062
718922
2081988
323211
835535
724474
2022391
680441
385082
1138439
2218777
1761021
2235782
1297120
889023
860329
1163446
533462
1063597
120390
1415558
464680
1726634
336356
868800
189516
2298048
2166543
2258853
1593076
466681
1754401
826738
471894
330024
1194786
308797
1042499
217466
108136
1578494
450132
547119
1135499
2025854
1750591
2087288
2369114
1069220
1756073
646244
142880
239823
1623961
1647626
76494
2144042
211629
1454345
1013504
2084449
2245254
1366168
1958550
1349862
736602
662176
1771911
1491640
1735436
1388030
852702
781329
474704
451076
200799
512710
1663786
252778
615926
1464286
691800
998761
2048849
472888
1933253
1363475
2351820
1178918
1886407
580204
785994
1744240
366118
1789365
1005833
235158
951318
185061
2103818
2219834
1353015
59979
884525
2093040
480718
631107
969422
491295
1454141
421410
1333519
2359731
1849662
1648034
2290501
1811316
1990850
1737712
1724412
781932
936089
2440640
2276107
411569
15500
1570862
840215
461162
1393320
1613223
1783585
974348
1055618
2065720
957842
523202
659498
798807
2080402
2372482
729181
121214
1809674
362580
711
1743119
1267235
1515432
1148949
2383562
1001175
1541463
1853070
275513
672838
66930
580549
115908
2258626
1677532
495182
1096809
2110579
1982135
387981
1725307
3080
1957927
280776
2143103
895600
1769052
1864338
1711082
1219958
590282
488724
701474
1623922
1817414
1153257
1916755
1732678
1879756
2292538
1000525
1584217
2405265
2461425
1501978
1265353
2032078
1424803
247218
2369105
1197655
17144
1878865
643444
1974153
356530
85275
2155835
163593
430758
1876766
58845
471357
2201835
234755
2468184
2007018
1262845
2341962
1885421
1606140
563080
539926
2292765
2080793
223614
1921900
976766
204117
1064654
1198484
2145228
743569
836186
