2728639
352792
4123368
2372608
3639607
3665833
4300721
3148331
2453006
4786650
2958476
711861
4194604
4287608
4296028
3684409
1043377
4443132
879153
754804
2368719
804887
3502571
929958
3527861
3945533
1816611
4506679
200057
4232337
1077123
3288216
4517724
1717686
720211
4890533
1561009
2075976
4970171
1258599
3068443
309771
4700358
1031803
789611
3552491
676376
1157015
325681
4115410
533381
3719569
356754
1777108
2790376
748805
23191
2222377
1041075
3500059
2391371
929178
2990350
2669461
4751997
552935
1158628
744401
3258081
531057
3050434
4471586
4264800
163090
850262
2774411
4334170
1095291
601330
4591346
3730851
2276644
3815631
1893064
1167045
357811
2298859
4164370
3860329
1537627
3617181
2336191
535251
722465
1105376
240996
3103772
4834591
4178849
1632934
3037861
2590511
2609667
63134
1348004
3553170
471038
969350
3088500
3774363
2553622
4211973
4896894
3178341
2325143
526449
4677995
4755904
2864565
1612853
2618648
1268718
3527694
4062052
4869804
3425675
2361678
3589950
942191
1465252
1819935
3975759
164031
2057513
1674222
831793
1377699
2241421
2062669
2525852
3992273
3105125
324676
1069444
1506916
79843
3970971
2933494
1307930
3972003
4247279
4367504
4013857
3969037
1536798
3136283
2435655
472731
3474237
658815
3700774
1552848
4585139
2344588
3433522
521616
1532509
2114645
2514807
2798017
1392450
1424528
4869694
2835215
756982
412804
87276
4873590
902804
2677983
3723637
4168042
2678864
4437655
3933303
358189
2905643
3612358
2475654
104422
4356466
168629
3187656
3950725
51062
632111
2757386
1102331
2399493
4669317
983757
1438674
4925389
1803025
924208
3631951
3089769
713210
289638
1806440
927612
4407707
613357
3618241
1183463
312427
3973064
1090810
4237414
865207
4764160
4795287
1682687
3075350
3067049
2175174
1747057
1284052
35489
4757998
298470
1791844
1714576
1947298
61892
2196533
1409370
2239716
4258467
993915
3222795
62317
1963589
2100041
1585333
4055809
4091653
1496101
960465
1515205
3968628
626115
4168145
2971095
464986
4491057
234226
1849411
2653386
1433310
1206333
2363208
4547123
2478320
4983662
1796892
3419052
4732951
2295696
1907482
4565395
182674
1588696
1047345
3858768
141610
156961
2042935
1309505
3592377
2896910
989379
1757774
3583077
1063111
3739303
669683
2613953
1780781
4461378
2357578
3422414
1624506
3816424
3934548
4520716
913944
1503717
271081
3426873
4421409
3258020
3652504
4827576
3251166
852226
1291852
3370914
4053978
4657896
3536050
1964450
4077536
4361522
1580497
1218327
2297181
2083481
3063592
893880
2945291
1442757
4938430
1444614
4361152
73318
3869581
3888093
4768134
1773162
151889
3934883
1322701
110969
4418449
4154777
4734101
1850375
3604326
4485327
1375931
302016
4723420
691102
3608813
89229
1652524
4328201
3705130
3111730
3918450
4785135
2688815
2045237
1591037
4039391
2599315
4862435
4983166
2078919
4225909
4657735
4878254
3424448
3548135
3931721
4037533
4489143
3414174
3465074
2291702
4222675
4327141
4007058
4233947
3477842
2917988
102499
3483691
1082776
338422
3651361
2449917
728624
2296787
463411
3442386
3303561
1783237
4227088
1451163
2893379
3946078
4764120
4836269
4001916
1906856
1754990
305070
2279196
2385964
2336927
2261113
2283745
2539015
4899567
1552417
259749
2603242
4699921
1952968
3839595
4844728
2091004
2209151
2379347
4367988
4187270
52878
3595321
818278
3757965
483579
4999337
1364539
4605954
4822818
3014539
3529298
525328
1337697
3244424
3926327
491239
4818028
2693248
4865203
2661795
3752523
975310
4985093
1283056
2447763
25948
3890222
1325037
1833101
1343180
3731789
820886
108517
1834980
554660
1445179
297788
1375742
3152892
4449311
2764509
201307
3238976
1715351
2257751
3600206
4770314
2347970
1660480
2084762
3569488
4695090
352755
1284915
3048370
3997292
210324
2649985
1352167
2367763
248547
2447343
491427
3041539
3541433
3444093
1801446
3155262
1213429
3237706
1259286
2529042
1189875
2203512
50522
4718332
1776211
2359457
8301
4400990
317168
2287166
2507379
3405534
717932
4602756
746334
3607357
1912901
3867870
719903
786286
2423923
932123
3697526
3468964
2610660
866024
665533
1280963
4419720
2729384
2473873
4470508
4717885
719056
363684
4680234
3172792
3455529
4859863
3376452
1704440
4308479
1772198
1543495
4199072
2591475
4144273
52621
4154855
1451811
3291552
4056230
759405
2460944
1795437
3827489
1348560
3747605
1302256
1608829
3956102
658257
644446
1859645
3417033
3599240
319363
1692045
4099128
3401890
2648798
2745788
67614
2536954
1959051
1956145
2900600
1397588
931480
2815284
4067634
663047
3272915
1335739
599762
2502781
3448981
1718898
3350480
4241363
2653274
3412580
2801531
1030235
1359553
3458631
3263395
3942235
2740854
2077076
1864229
4673110
4578495
2237579
2450710
3745799
506856
3487900
4769094
4013327
650108
1151245
240717
3597684
350537
2611595
2615427
3126386
2317226
1566273
1538899
1288728
836177
4432325
595910
1879080
3292983
2909443
153457
2633529
2133580
249072
4315206
1327915
4618807
2043421
3706755
3085045
2128828
375930
4477811
140099
3078564
963477
4792658
454247
4741413
802391
4368327
1991687
956439
4893222
2751012
972636
2619715
1199916
2184202
3951336
309805
4426595
3404593
30771
4849952
4243657
4175700
4342872
659507
2278217
1111821
269258
2295559
278418
2312556
292045
2294541
1437404
1038630
4655295
1709631
4493788
3959181
2989816
3399205
602484
3885377
4880546
421450
3362396
2777776
4351337
105494
2156379
4917036
1313356
2590339
2900696
1082356
4389439
3593783
2113334
298238
4711361
970960
4784053
2547399
3624479
575427
848556
3963456
1996477
3912826
348685
1415011
3140494
218223
4228025
2093520
1126842
3889596
4111475
2867848
4872212
4366421
47545
3922204
4964044
771295
4586220
3287408
723608
1098608
3969851
4605192
308123
818816
3329386
2059022
2093203
4816207
2527561
2088947
3336996
2912755
1090030
895616
1783851
351829
2829927
4803327
2764894
1923845
3110773
949199
3652676
640699
240039
4220425
1620602
3459724
4258675
1161832
4591866
2609588
4562879
425082
4729078
1756856
2193021
4021610
3848464
3045814
2471812
2512895
4286703
748577
505332
4047336
2636648
779828
2336570
689384
4999842
3221671
1643456
1037921
1052210
2497893
1426934
3083389
954677
4806118
2596093
3459013
316357
1563722
4072730
2239034
4936934
3913565
3060821
4009081
4966463
286221
2286778
2044706
4445223
3386103
4270306
1086142
4150039
2316865
497435
3914902
4449288
553114
3191913
2913556
3288092
3503208
2385858
772882
136666
2508865
2002179
164132
93452
431395
440591
2118457
3107538
2987138
1211156
1522202
2820932
369700
3323624
3509936
2276998
3317858
3273562
987718
116861
245311
4309565
4367683
497285
2479507
3637915
1683967
1735924
4009261
4676282
1977003
4342678
4041554
2440716
4689806
1197487
1263662
4806736
679916
4918748
1167026
2962037
2275882
2296925
1265840
4844059
4312599
2025366
1868104
3264229
3961343
3040560
2434074
1988642
1158326
2577247
2106997
3216359
194418
1071706
4545062
3887364
2530385
785272
2191375
3174373
3578758
2378365
2543264
4547641
3664565
1644559
2856911
364625
1208432
1456819
4127224
2561803
4798457
230619
1093797
217696
2422434
3664053
1259762
2167380
3232765
1742929
1122808
2358508
4592646
435969
2093369
3404774
3634946
4621018
4745086
372012
4782087
257670
3990604
3644147
1056028
811597
4585290
575490
152724
3088417
3938159
1285675
331484
764570
2396721
662406
3231822
2435443
380613
2664952
1474303
3153668
877163
808394
3932018
2728285
1396044
3002348
3925956
396518
1703927
4175376
4587364
4852730
447547
3349641
1495541
4029597
1953251
3126570
4514978
4680415
2572096
4995502
492046
196676
948499
2733152
3766947
2112855
4141579
4102283
150492
3274737
3179476
655331
339468
2518871
2846921
2731083
312670
421793
1434641
1159128
4168120
1214840
4613641
826347
653964
2415378
1348064
798449
680533
1036168
4275392
4483666
2098534
97124
4945359
2672623
4309937
3703391
2335542
2384791
456691
454239
4602853
2922846
3970996
233914
3547325
2017363
1226923
2817774
3555563
1540098
4806798
518210
27271
2670325
3272674
2807581
1843523
4251021
3643510
4122983
3356553
1950513
1476057
4079151
1227854
3812769
3353293
2221075
4050371
1828835
3492291
320600
3002997
3218248
3421060
3344485
3969019
3322775
4505482
347146
2846894
1005971
1441360
2252209
2673934
1768926
15367
1202503
4303821
1742931
1563271
2910593
4201681
2737460
2980905
4586752
3072535
627197
370958
1807152
3623035
1713327
2808046
3923000
2387042
241187
1841008
2202759
4456356
3178015
1769989
3667338
4109081
2495181
1113792
79176
4912964
2911953
1399964
3369921
2491581
465871
4907114
270155
1302599
185244
4354570
2777874
4675001
3104544
2169622
431007
1005022
2697520
287766
1594529
3753164
1855866
2976403
850603
1971734
3582499
165498
2771828
4207297
1686082
728603
3582171
2226484
4361932
1481319
2078579
3184452
1007746
2581237
1886072
4555068
150414
238458
2039686
3872540
3779797
4280875
1394185
3355606
1210728
2716623
2900325
3717779
2858298
2990278
4971147
888760
1261789
4791236
941357
2741087
4033112
3346777
4965699
1845646
2359891
2703607
1290564
271927
3600071
694305
2616103
2591985
4565543
697248
709135
3327719
1467929
791099
4514009
4862889
3959165
1050190
4447037
1570207
4312371
4425111
1114841
3810530
1187001
986284
3654125
3491202
1470672
4940246
780614
1246386
3887475
3391730
4646130
327575
4388400
3724221
3554497
4804556
4524453
3102520
3593859
1546005
4095265
2846264
4847720
2950681
3530021
735270
4806287
2290353
4451195
4309034
3903021
4091344
3431646
4428974
3199317
1082180
1111241
1493724
1140015
2293612
4585988
3515160
264919
4057027
1922524
3035779
557502
1058488
526415
3875338
2507831
2769611
4774216
2083976
648525
764394
4482541
3512805
4659328
3134832
4462488
4130529
825856
242913
4732087
921224
943083
1200984
1158844
3770053
1172957
3340541
2662326
2374570
3796093
1133036
893711
912301
1260707
3054423
4279530
4307410
1025650
3279009
3563707
3211347
3602080
1230461
452212
577617
773883
868434
660532
1582606
4680478
3042077
903633
2664153
1281564
4912622
4099980
4930774
4507691
989649
4361349
3968708
3683551
1100082
2764264
615877
4651424
1286459
442925
2881566
1910101
2839874
4477010
3840714
2488288
850330
3714683
1363078
4388048
2822551
4907187
3902310
1720999
2624806
1488163
2951586
2910513
1409877
18710
3448785
4674243
1522394
3646277
3355612
2227473
3210489
4498277
360542
4062822
3200042
2703520
2440005
3532642
3179669
1978466
4013724
1346423
4816097
1243719
2705423
3688900
4289690
4251836
2081568
813490
364017
4877318
1406062
3257900
2381717
4423026
1246348
4236365
4712548
2640607
3990505
910064
4372369
296716
1729891
4272461
1451769
2950439
3499292
1922710
1413469
286227
1832354
2209734
4384398
75582
756727
4960587
4199533
2469859
3452864
57018
4611698
3203563
779637
3668803
834144
3534796
4478955
102234
2084846
145646
3174336
2114802
382486
1103005
2139415
2830634
2883575
2980234
344038
341365
3525268
1812563
2867548
4404354
2721304
426816
4688326
2809360
1802286
237961
4853493
1520397
419321
4485690
4311672
3560525
1071940
2770821
1934687
4636938
2153304
1479845
2598670
478482
2386565
4695620
1902237
91968
2118402
414606
3000383
1344770
3680132
1122994
4460771
2676240
1246446
264455
4114225
516199
3844330
3809420
1854659
1360898
2900965
4577901
4134029
4662925
2482864
1318038
3762395
534818
2026104
1241709
3148389
1970631
4211731
68771
3187151
2674888
3105510
3235965
2669393
2760017
1512940
3394203
3264872
721005
897472
3364504
2338208
2758229
2573584
4366730
1125437
3803153
638749
1712872
3510732
2635040
2770927
742748
1285620
899988
4990947
2437001
3806896
1780368
1195646
1188896
1078804
3995342
3168047
955188
1916311
2134403
1146739
4543726
553894
2236298
768011
1182599
934618
1108805
1988914
4437368
4657270
717341
3965047
2866839
2893601
767988
2808779
4905230
3754350
3709070
4257083
217234
3237585
89897
3199950
4523805
4397387
388471
2057062
1287309
3816633
1660651
1397042
405448
3951516
4231588
2146728
1383445
2701837
1017207
1749858
2432082
3235004
959933
2112260
1488430
2883950
497041
2517983
3036849
2658758
1486978
1778228
2431737
2335418
39524
86043
3828958
1551736
4002404
2696883
4586830
33514
1356328
4992948
100436
2569244
645286
3194467
3423642
2976683
425082
2196071
3688454
2611732
1094296
969205
2065988
573235
49609
2388147
4667671
980121
1969710
1435104
3571561
1175121
3422513
3654216
3099472
3016019
4164007
2597558
164595
2473337
1057968
2472839
4879483
963324
2293217
148777
3967114
4920501
101483
4606648
2786168
3730059
4025545
625311
2588763
117934
3174514
3687853
3949460
4709252
2895912
1222719
687795
1371608
4220980
4256883
695959
370007
1133486
835217
788391
2553818
4909938
685629
4808592
4774502
4168085
3909013
4896998
898537
1353430
95690
2189621
2900087
1921900
3465811
780399
4485627
2094059
2223397
2655238
14641
2806077
2081661
4383121
1913016
3309693
1816229
3372417
2162526
90593
4829505
4554188
3973077
211028
3276978
1956244
3673570
2268346
3847433
1807198
1801132
3087223
3520372
102492
3095497
4945185
1635322
1514697
3783374
4696153
275472
492546
3342066
1391598
728002
2441004
3960662
3049629
3473655
170201
3075206
204914
4425413
4513451
2101527
269333
4103558
873578
4467161
2374573
3302301
1158978
1545714
2531394
2564495
3942748
1158256
3676941
4376748
1428334
3551228
2371706
2630096
4324563
4742713
4159869
2086325
4090661
2388881
824750
4446260
859968
326208
1105640
601578
4203635
1260935
444187
3605702
662939
142710
145395
2177482
2077418
2304875
2478374
2833395
124685
1123876
1208454
548234
3111204
3437010
3270618
3992473
4338215
3685629
4807249
918582
1344946
1156338
2667289
4214459
4500321
4539709
4932676
4173140
1301162
1126617
4825734
4114316
127897
339535
1301258
1450456
1967693
2429433
1318912
1874118
2494170
2408093
2825020
4515501
851007
4155053
1149776
3815875
1255484
2862939
557753
4670976
3143251
4889796
664887
1334573
520418
3121996
454516
2507042
3360093
2454245
548877
1405126
225272
1912248
4667785
3621785
1261189
659772
2479514
2105287
3639898
4082100
3199590
3039802
1333096
644082
259825
1542415
3130921
1751825
3745943
2222691
3774878
739647
2391591
3723838
674405
3001266
2409833
2598566
4203889
4130795
4359280
2729169
278072
3851652
568555
1276098
2689414
1430286
3263840
2842685
4643387
2080008
2545896
1299316
2007998
3345513
1282631
4136052
4778322
1468625
1322744
1418759
1102384
978161
2334548
3522742
4581994
3237727
1538196
1679307
4808533
4351938
1343588
1561348
4207784
4390260
3298480
555961
4351592
1057233
256923
2091004
3321332
1223507
4896636
2185887
4112738
1030687
3888740
3893683
4865656
896684
2873114
4799309
3549662
4999614
1993451
1506164
4623202
677049
4240299
2202892
3256928
1092938
2125011
4831130
2251522
1266246
661211
4380444
1216849
3881203
2422709
3602102
4067503
2611672
3532195
3229826
2838549
267502
2065550
564670
2555524
2294855
3248553
858717
3699623
3566431
2171657
3924964
2748698
4522002
3245271
3564171
931834
3953390
4567949
3745195
4089022
4936686
3003603
3613410
3027624
665869
1343522
2228568
2407681
1108784
1191338
3139664
1299855
442565
1811703
4881874
1263242
4973508
2510879
4274306
2603844
2251788
1231815
1651102
1755033
4977493
2704578
4105015
364109
1503414
4360346
4491522
1330001
3280948
4294188
2153438
4757863
269567
593023
3052789
1679720
3850372
3698331
4162209
3512192
728732
2020755
160486
1921937
3595747
3473263
3417389
3407660
3696564
4899112
4268590
3532689
1743022
3428058
431272
4866342
1884093
2569730
4298228
538576
3583470
1055725
3565406
3518694
659760
928160
4562165
4616
2351819
2454986
951677
981578
1538284
1021254
2146612
3595128
1459447
2408705
4438049
2191792
468546
2636002
4737221
3347909
785453
3687786
724069
1167530
1364086
3942489
3306905
417284
3564417
875248
1235088
2122367
420906
2823876
2005752
4010381
1003423
2710868
1115705
802049
4589478
279263
1371527
3653729
220223
1622027
2229392
1056912
2594689
527237
1437588
342117
2580782
1401020
4277066
333094
2544314
821750
3377884
4684263
4570167
4281298
567824
718228
535732
2725411
1596846
2465355
1868432
3909320
3752694
743710
3606215
2326208
3420255
3248012
850051
2337745
1052926
2113132
4369739
4755025
1111860
1942435
1843712
4371638
1210650
4879152
4658571
3819174
1199994
2042213
3527489
4099067
437028
1060753
3485489
1966323
550613
2323983
2783085
4854793
533301
2309387
684044
3331016
1416506
3002525
1175592
1896288
1249576
123911
2163559
3101773
1640230
872950
963572
4093797
4257397
2972034
256722
1467392
876399
4052705
3144692
4018914
4682178
2840117
2447952
3380606
2651768
2064041
2598243
2424783
908136
3391506
4514418
1547365
1306661
2193664
423038
2942075
1690357
4854525
1038908
3975088
334761
2549821
4945791
1571409
4034013
4328286
1674582
4400209
279206
4088755
352379
3820716
3697071
1702377
1484472
4787506
1895414
1973528
2568491
685128
1392639
2822894
2294075
1213946
4224574
4289480
390744
3931617
2328611
3268244
803994
4271057
257231
2248216
2115073
3992111
5490
3486428
4423170
670016
2054387
4293208
1113126
633644
2921511
3528767
1519045
636465
2633570
4783250
1381155
2354439
1165680
3379323
483250
2227026
251783
2306242
2909383
4436916
1172348
1536065
1642283
3959526
3973397
1173334
175814
2005533
1159732
4646205
4071606
4091752
2098262
690758
301794
2975904
1363339
389178
2706493
875900
4177740
3211777
251592
373170
3881401
34462
424682
1428543
1175259
847584
2560471
3397530
3253079
3081688
2200389
1438175
4239399
708257
2425335
3390167
867137
3244843
3994580
595647
1544961
1540086
157232
1296673
4281152
793959
2481636
322146
1072193
3732063
726664
3837369
4953000
3303662
2233562
3800148
4969469
4931174
1655524
1841091
1327009
4223627
794171
1037268
1265623
471020
658822
444424
4123948
2009842
1440557
101835
1871338
4482911
2615037
4703417
2088963
3742480
339896
1668015
509331
879488
2396484
2409633
3554526
3289610
1647101
4773697
2317145
1356678
503219
3339061
4473438
4288600
4015991
2175966
2399689
1175875
502539
4687363
1944746
1349685
3410827
1223294
2270005
2364156
3665563
2738185
3432171
4255217
3977758
194998
3544060
3007828
2821494
837332
4158071
4368708
3767150
2778383
1609154
2583965
138793
3468620
1767884
813722
3439156
510002
1398385
3681810
455441
8838
3263566
15947
530008
3021561
4128739
3268320
4315777
3581779
3938925
2487422
2156676
3351996
2242225
4225615
2333917
2838357
4645220
1295385
35280
171624
1861267
2999566
4258260
3960502
3547256
4427286
1094033
1626664
1366573
3421128
2455950
1528709
4030854
1243250
3179702
1419182
4800441
3723483
2899753
2847570
4890759
1412211
3003657
3689426
647182
2050021
4240115
1167476
1780365
4716994
843255
2809404
3901683
1409048
882829
4271524
4041267
4087747
1078642
3417805
1517407
560011
3737602
1785470
1810080
4780942
1847645
3910694
4067960
3335669
2688993
2542556
531569
1005436
4541021
4973962
1126906
3028263
2446591
2544268
257602
4428906
4804211
649347
2829538
4212553
3100080
3674573
4601472
4570605
1913108
3653440
646990
3398687
3599240
2160742
1982446
2766831
4841272
805345
4511129
4195462
2800375
1732248
3564759
2554966
289697
2774485
2312895
1166523
3461872
264709
2669062
689136
1479457
4037152
4453737
3084468
3810316
557555
1670910
800603
1311586
2444832
515428
4784443
2568785
4740340
275751
1509714
4375436
3120234
2068830
2954950
1866740
1198142
2410996
1763656
3374073
3699418
1242931
4093015
1531720
408392
234409
2307521
172959
1602673
1615033
2977341
3768590
1472371
3622143
530194
1129967
73295
1411850
1090860
83023
136553
1479558
2431217
2426878
288860
1126537
2486832
2707551
3207521
1213747
1138777
1901789
820105
618497
4453957
467897
3091008
714007
1880011
3202748
2106618
39767
2687180
4655514
4788565
3238790
209876
4952257
3466622
2686628
4363635
1247470
1689921
3635813
4744242
1154596
2270972
3697709
4039062
4187935
2197363
3698244
335877
2424355
1243042
614178
4915547
3654943
45075
4730306
3827664
1339052
3476823
1179259
2572788
2441884
2041319
1693873
1856940
1199330
14802
2579447
2799022
3698178
4105333
2455512
4076188
4805565
98787
1754507
2165225
1398083
1463089
3021268
3136135
958743
2054634
656756
3679798
4635572
3459715
4049667
3205924
4746562
3634304
3187459
493571
1804391
4547548
685610
3079172
3844795
3716418
647629
4718454
4010871
3558047
1907024
522310
317026
2711710
4035154
3218328
223625
4458685
248205
892539
4871356
2494917
862733
1252240
454517
204209
4209941
2460213
74485
3813257
1970988
2322772
950616
606811
3278913
2038697
2735159
1432525
3062842
1930313
639036
4936022
502458
1758923
2504375
525116
2957192
2081669
2385142
778734
3397605
3114604
4941159
4712386
349194
1036111
607613
3626543
2431319
4815650
4254586
4331623
346137
1062727
3958205
2188141
2366627
2932907
4022223
4933915
3819858
2485226
4029039
4017272
1755866
668311
2346101
1139600
4361949
4075616
899128
1843140
326714
4026149
148715
270565
538710
3016996
2093291
3831446
1314720
3170791
777068
4822498
3134768
2244157
985777
4416838
2900382
4841922
2812989
3262669
1223927
1308108
3242466
1593328
1166071
216312
2847805
780244
3788426
3699026
693296
4170931
2013831
273233
3395887
1649143
3694634
1442510
1877411
4219445
2596367
3589959
1161580
3780301
1775436
1294839
383134
624751
599833
2395443
1850749
4665892
1672575
923591
3442572
4286992
3500378
798469
4866120
3123327
1033442
881952
150746
3638005
389979
4265534
4679281
3942889
2815760
1542459
1703988
147413
248803
224893
1724122
4747697
3206913
1909965
2628400
1637047
2282265
4969003
1241486
3512543
2911469
1548171
3304200
503740
2642426
3345177
163087
2031647
4499396
4920749
135374
4182255
2379914
871444
2660918
512540
2852655
3962300
4466278
2216847
2389707
715362
4066484
624097
1696912
3730389
3410299
3334123
3719984
380798
1615327
2164099
1404372
1776096
1103136
2270279
2797096
1049170
4755642
2382912
1323110
1105876
1499299
1354722
3643616
798280
2312570
3318808
3112841
4446345
2213050
3473880
4422543
998585
4793653
1883556
4312450
1943401
4188167
4415447
4508988
1948167
4347402
3863848
4268723
2771181
4531541
4218129
2718645
2690137
690081
4152859
221153
80641
139580
1163483
2413052
4724090
3555258
3566716
2773449
4909617
1678409
4699077
2795648
116262
3357901
283554
3201823
3863558
4023732
4736420
720074
2442144
1094036
732467
1336556
1669154
1326107
361962
655579
1727165
4955718
1101521
962676
229667
2852207
2492773
2768053
1401310
4732791
4075708
318590
1506928
4617757
222937
4695804
699831
2153754
2369611
800288
1406130
1780278
539657
340694
2120080
1573693
3525935
4245109
1779846
543677
823913
809484
3394223
3803812
3621914
1996206
2098757
3729429
3412214
3165022
4694502
4173925
3808425
1092899
1106238
1445138
4140377
318090
3098928
2608416
3527822
1467603
3725080
2737396
2572859
3544872
1902966
2204849
22591
4403174
3578397
3633034
142812
1233028
2285421
1735682
1160450
4635900
2464870
1600629
1107400
3030719
3903866
3285091
4273861
3006329
3290979
4900643
2030801
4082898
4735305
229260
4497542
4126231
3343815
310807
4664574
1730233
4593851
440198
1184504
2856022
3985066
4931031
1347533
1621486
4344186
4655569
2441660
2450465
972798
4890994
1012745
4248582
4910453
4972481
3327179
1527630
4625479
1656928
2990307
4971501
1458347
3859925
3622330
699603
3197189
2974895
512241
2602138
4200498
3184823
4490094
3991933
1967485
2859761
1745957
731832
4914139
1105757
4085160
2898342
352005
2275189
3931269
4983124
580453
3620628
1475038
906266
2685309
2203671
1941129
1452514
1154186
4205532
2743537
4582834
4237164
4009470
3268344
3777943
4728110
2879543
1714074
2403990
2131628
3617957
916838
3037214
4027086
3728891
814663
1056342
1687276
2182114
387750
4111550
2052822
2554972
2254497
439224
3000539
3346955
4212726
2023850
3537760
1548310
475227
67055
2270180
1831604
1206497
4367678
2282626
2695641
1696854
2902470
3494706
185095
4942513
3918048
4038225
1261403
1248386
3549009
1584719
504779
4217808
4089321
833080
4114690
2410229
1838137
565812
1525364
3068818
97190
229317
4754328
1700928
26584
182042
4520063
3344269
2830858
2574566
22102
2866209
3501885
646772
3069023
3897469
4097648
1879644
2769110
2507354
1420254
11803
1603425
790589
482277
1174520
1171959
2914182
4986919
1918285
2173194
4008337
4924204
2335687
3247553
1753094
2244007
865221
308762
3365777
4056763
1017763
25575
1117782
1263488
1371221
3644980
4846164
589231
4123648
4163225
3811442
1322896
1548683
4612401
2409328
2555764
1681716
1170824
3994223
705903
3005777
2155431
3976012
2510918
3313337
1236796
4109864
1236731
705570
2206976
273856
2237196
4808691
3597633
2256771
957595
1264067
1196656
4504153
3774962
2755837
4859854
4994717
163873
2945732
4877380
187542
4434165
1145230
4716083
431395
294480
1284589
4761724
3726768
3098303
701255
4013551
2545062
2592095
3852251
4307394
3478729
2719925
4942698
2654636
4210225
3556349
460140
1460177
403438
2764354
2722836
2486447
1037611
2653933
963499
3654276
3541793
1583616
3824152
4199466
4247732
2950399
4957196
2600909
4615092
1288523
494469
513147
3253343
2011810
4196959
688673
3445029
50848
3965879
16128
1088320
2729987
663461
3555910
3494373
4436674
4758152
4052130
1059151
1668102
4510786
1662334
851743
4929674
4115577
4007917
4730691
1692410
2298605
3492486
4069210
1040539
3938036
3388877
3258291
150769
717193
2308866
482825
2022279
1305631
401085
4200456
2384535
3694821
3765514
4868480
2955883
2531793
3520918
4597837
4527301
1723723
302531
1103265
2709271
1034440
2125063
492453
3286021
3553077
3821485
2979207
565653
3981916
4325957
3832846
1963232
2388887
2411993
824167
3383096
3654414
1029821
2519117
4776345
3162740
3120795
1309266
3833690
1579238
1783634
2817921
1684884
3101715
3742468
4085822
4732735
4845153
1088306
1011329
840460
4807405
3407445
2330026
4846849
3780002
12299
1496005
1556731
1408551
3514461
4356026
164503
665177
1671369
3716586
4134398
1364347
4196238
3304898
1162277
733849
1998271
4488416
3678252
826873
1254628
3770181
988262
1759018
3139063
3259313
370981
4595402
4427229
3018965
1746772
3008930
3484693
288008
1209883
3306487
1342627
1983405
3318941
1738316
4728332
1860373
1981194
2844676
4242293
2573160
2579389
4689506
1975447
2624923
316981
641123
829442
2466994
4783102
2224429
4056486
3834528
716112
2228168
132282
2902904
1698261
903430
511713
2285132
1519989
36683
95343
1110408
4472004
4640475
3353130
2710331
3669706
3709396
2195281
2234477
4758146
668529
223464
1788097
3355517
190525
739372
1022353
2587384
3052735
551433
1614254
2111949
3910269
4678877
3203504
2537818
269800
318396
3594870
252506
4568871
1345765
2426260
568596
762168
1569417
1005813
4724356
3705300
3659162
3374441
77932
3204627
4181284
1032966
799595
4807648
2850427
2296866
1428222
2783458
2142760
2685088
2015387
1524351
4407284
3136237
4848188
1513324
49918
2560772
3136210
1323693
4054310
2957417
1931864
3902191
3675786
899766
4601311
1981146
3232698
4380589
4609781
557068
1153989
3360288
4843624
4739850
546280
1848714
2209824
215550
4589138
4502537
1921651
2440788
2266491
1239777
1976989
4468993
3518278
4924156
2616728
3729396
1082174
1388094
4652163
1880434
251197
2409377
1277646
3672101
4122817
2499990
2461261
3647868
2254893
152365
1336520
2965796
4360592
398319
96279
3161871
1464143
2404421
3052019
4793174
3479087
1667193
4643885
2782405
1451257
394945
2716861
3909023
493532
4289697
1252851
953688
1490756
3361075
2295693
3671121
4194237
4808802
1406059
2455419
3559456
4192441
3403234
4679538
1056753
4185971
2840482
1089127
3440602
3833625
505566
2916206
3449991
2529193
1130512
1657863
3383348
642439
4997165
1286946
4456700
3919176
1787029
2492913
2625169
3715152
4490054
254813
4563075
3374078
1557308
91060
379363
1387134
1060293
593536
1580451
1356645
2594490
2875146
2458961
3276687
3179165
1733846
4054739
4645785
4610931
901349
944926
165208
4936051
3546141
2357498
3792211
385491
1387667
3627870
1771552
3737380
2702257
3352683
3359212
1465071
4304910
4566915
271507
150897
4478442
4238653
592053
1868585
1869633
527468
4593605
1896514
992175
648415
1086075
560927
2745300
3252835
4845043
4471188
4981641
1879488
2015936
3001834
4353049
4924031
2675427
2694352
3214439
1643881
254731
1246590
3088984
1729738
4902253
2216020
4261881
4050909
631743
3106085
2806697
2940564
646159
1357412
3523670
1675938
783825
3141773
1612625
4748717
1384530
3703834
3390061
3491298
461439
3290719
1710298
1815365
3679600
4183467
3925332
1141860
2054833
2921553
285546
4506779
929172
4500062
2195583
1064429
1592275
848903
273949
1575254
4156258
142351
3100304
2487314
2367021
3619820
4242535
1376897
1450823
1631902
1927886
1614118
4515483
4112903
4002457
801659
2312785
1711790
4271148
1228172
891373
995985
1568228
1400817
4869104
1918925
3084233
3680308
405336
714456
4401245
2066042
3275154
4496457
45573
581054
2014911
4956001
3280577
1514928
783357
1040313
1382194
117155
908183
3873075
3853477
2558739
3474142
117443
1253373
4672927
2738627
2865097
1858384
4065511
3819613
2751930
4993339
3963553
4255050
1346616
3395668
605896
4844888
4350130
560135
1895115
4355912
1626231
363871
4761352
4390814
167383
1013287
4660252
2722854
1827710
723044
4189772
499529
1040719
4535384
3602146
3918301
4586972
3282154
367300
3035884
2627383
3774590
283844
3763017
897189
4075884
3359132
644152
917926
3692676
3451689
2937702
4181150
3662109
2633460
1880768
2086003
3661592
3321816
3034271
1026282
2215952
2198244
755393
2132235
720786
1397219
863765
1493078
2566117
2187654
3292895
4923882
2046575
1394416
3739249
1084525
1253975
3719951
1764252
1134951
1177393
1050114
312728
4893236
3099913
2579177
2114031
1588971
1365068
309737
4693041
4992297
3803739
4961138
3529595
2418965
1623326
275164
405578
1993248
469354
1805487
2143714
4403453
2304447
1321080
3772441
3959560
3761456
1704941
2127262
3883824
2444033
1089229
1981515
1078715
1403067
516295
3496368
1508368
754594
295096
998513
810075
567046
3271238
1938619
3162860
1287218
3998788
3048120
4750959
4564936
119502
4377035
4911294
4467637
885282
3209114
2282078
1336292
4065697
3097198
60422
4329888
4558012
1486591
552851
955605
3115436
740978
4891523
3038875
2554378
951018
4639749
3122396
997791
4265124
2458923
587443
4421693
4774071
2546176
2602655
4362589
850414
3455335
2571247
2595880
2856838
3826745
2268679
2864423
986833
2501561
4724515
3879630
1981297
229993
4081494
3082531
1526187
25731
4778569
3747234
3513193
4027648
2704823
3432584
982721
151569
4205061
880175
2841830
1316746
58578
729700
527802
4427933
3302800
4117005
1234273
1372657
3117283
2365799
4920394
2759931
1914083
1740376
225459
4010549
724895
1380312
1262087
1114383
3050604
3229580
4416318
4392412
4465194
153321
4049434
1843133
4490023
3774063
1044543
2728880
1864096
60867
2117024
3940762
1949416
1368653
4526240
4956151
3964474
1426916
1602975
4726160
1693497
3149227
781855
4462310
3554402
3856038
2149009
4427482
4298558
1133605
3599138
1360722
4053697
3091036
4176770
4880224
2488315
1697613
4511732
168230
3433493
2242760
236568
730181
653707
4717077
2143308
2772766
679422
3958547
718239
3330496
2519723
3379047
2600995
1287592
1867225
4438086
2685470
1316421
2069506
1518560
3830234
1459902
1030002
4629789
3480045
1371647
334846
3642988
2858333
1804591
919070
2110636
4378149
4049021
1270867
3923673
3314416
3915081
4729362
2677391
1509404
1880001
1492448
1994337
4236131
209761
4243320
4723950
1724508
1755007
4678088
2976097
4991726
4474451
1823208
4330797
1182153
4528901
2477574
4886547
364103
753868
4379076
1133266
1968203
2125040
3258621
3595227
4166361
935037
2056650
4946500
3731660
1306770
4248834
235991
410898
4883437
3755682
464621
2518544
1469223
2665346
4247172
2830925
4416125
2718655
861811
4040209
4662302
4440705
4985489
3801847
983422
3828340
533040
4370419
4040369
609963
3327808
4557090
4634067
349447
4647634
1556135
3469636
4092294
3841056
4964406
3081769
2081231
2372146
2869622
835458
3477079
917389
3599820
335064
1065165
4609731
1536424
4255284
3564979
4119421
2460041
3363873
152830
2723270
2534252
126762
92642
4705192
4525748
1687711
4904058
3129022
679855
715585
4207244
4862681
301676
3402878
3679738
2901603
2513005
1931050
4607770
1713631
3056952
4192754
1304957
2834942
2132215
3135237
600307
1388483
4992452
4042352
1806928
4770881
2087565
3980829
648322
3906074
4978952
4658431
3565691
1054139
3225680
3207632
97251
940297
2629551
2477527
3117484
2328837
4136997
4454178
1727801
1809589
2606224
615305
814768
2841952
3712907
452605
2210940
998211
2421032
3829719
4099038
1443911
3005429
959603
324090
1464568
3534394
4918405
3811977
1650545
3757048
4910062
3216047
4481557
4908878
2497536
1758449
581924
4869065
4126796
1602605
734711
3222387
4313868
2875617
3214774
416595
2804659
4584070
4544516
2767793
1509714
2415247
4147941
1478399
4591844
2176783
810022
1205287
211819
2046367
2675803
2867545
2410960
2954740
4909134
3515687
4123483
1939934
3352307
3470423
2193548
4847754
1257548
3980986
3142965
1815892
3902764
3399270
1552037
4559391
1346202
2159706
532292
4045545
4887381
4846753
1979798
2843010
3534184
2199704
545539
2893347
1252247
3756183
3294689
4813674
4471175
857754
3204640
38112
443677
3037742
1895258
3316840
4456799
4701004
2342784
3097932
2664975
480494
2726825
4844609
1959673
1497053
1346536
3165706
3875697
4485131
1662762
4001523
1399647
3564938
2169463
403022
953995
4470751
2213140
905155
3251338
2373543
979344
4393201
2793181
16216
3818277
3428421
3752656
2590144
409950
3534946
2827106
3541296
554259
184154
4955964
3686437
3312926
3278050
2868034
1533288
4955969
1367768
3712875
1207776
2372405
4418303
1050863
2271276
2299921
3840319
2779581
4557604
3370789
4094540
4908652
1659040
1074820
2666095
1185044
3534533
3963291
3468073
2966461
3198192
427443
1845101
2277700
213630
559098
2194755
555472
1481018
2787636
2248988
4924571
1297963
1706715
538694
553628
3597589
2000202
1547813
4114213
2529571
1590757
4683876
4745576
2682189
2280212
1253147
2631364
86715
2295308
3631581
3610365
736144
2007505
209054
2937701
1160387
1110281
1068382
1350525
3983550
4864672
1879142
27242
2029357
2588610
4249026
3755837
2550235
4576374
191959
2950551
1012229
260124
4370946
2642619
1615829
3443061
1316903
2103391
1828527
2898937
1190954
4539272
1015707
3140541
1052749
49480
4088228
2982114
64569
2806754
1723126
56681
3085161
199681
1691990
37409
3168238
4262489
3966887
2450030
632095
4629882
2084993
4310788
618189
1217182
2954915
1946616
1395600
622140
194745
4155078
1904780
3220150
4841909
709007
1889651
4269644
2813921
3666557
960283
4291686
4988434
1187497
1473853
1182082
1815886
1387155
4451450
4197520
1259521
3573253
2611712
3450348
4721066
1819309
4114618
3391817
3799766
4774833
3554672
908078
2666017
35884
2152217
1967633
2849417
1595549
1226728
3887896
4433326
2077616
4509182
4639083
941682
3978694
1561808
4781577
2810761
936356
3627161
4435679
1013846
4499016
904330
2098879
4385126
270010
4325477
3941149
4243385
2733266
726038
1363281
1146020
4551749
3376331
1874006
1394300
4470809
4312573
4070935
106749
2172010
1414938
622529
729477
1195538
4983338
4882199
1152737
3805236
4019115
881802
4778308
3173362
4981609
4725397
2193723
2641848
2661115
4090037
718470
3859684
2627648
3133312
1695351
117292
595871
2882192
3333597
4197623
3189311
3824904
1363386
1705676
4287815
3761288
2232862
314899
2134770
1436349
2960273
4217414
3994548
4697141
2124358
3052925
2935331
3670135
459821
3361090
1492554
4377396
1987160
3669487
3858073
3390381
2402061
3837192
2605122
44529
577230
4972837
144006
2512643
1594490
3141860
4910245
4894984
204211
1184990
2879103
1855544
1823113
4286985
2122326
3006937
3109801
3151150
3656315
4958680
2699407
993636
4380515
1964002
83962
2981094
1805539
59703
4787742
3208161
2919803
3458503
1521028
3774410
949751
3733376
3765853
1708540
3778009
3438730
2483002
484467
1399198
1533266
2641419
3091251
103453
3548061
3487278
3520740
2306492
4752463
935243
4007729
4560503
2625266
3786674
3858514
3667467
493393
1653563
4527562
4403759
2432409
4933603
3905582
3916829
540395
1868540
4541847
2300490
3348471
3472696
1476790
606227
4308622
3608398
338170
3047084
3086416
4709646
4596817
220323
2463147
3293634
3852817
3011761
2008952
2716612
4297105
973438
789544
4005765
2227419
2164066
3456123
1507519
1960704
2077018
1108925
4244458
183238
2175657
3645725
3670777
2667451
3493082
215267
387054
799232
1993251
1206335
932480
1362055
4530936
4393165
2941179
4157010
398215
546423
3166164
1427273
358426
2981510
2089538
1640482
1824127
4360689
3374053
3925901
490755
2888922
4216107
1315372
3407781
4007543
4796405
472754
1739368
983616
3338133
3824508
4594948
977616
2675233
3639541
2473065
1508744
2573584
1918011
4668137
2679428
2756743
2162198
567356
2705066
2274189
4940371
2820745
4398745
4964578
1801376
335587
1217332
2380060
4311575
3062207
2887792
1755216
11408
2843975
1001072
3515419
1728577
2956167
1574184
2646704
920905
1555928
3381981
3612040
1917442
4381271
3835000
4927357
3690848
4016514
1729414
3515017
1494247
738380
1844416
3257571
831530
1014046
3913489
647684
2603357
4846984
2408092
4190793
4502511
2181936
2165389
4671652
4896095
2441164
609632
2117009
2983585
630154
572501
581345
2786891
2812219
2162731
3431307
3932304
3983809
1500947
2609130
682216
2561829
1511338
4845777
4504304
2879560
2178652
3715256
57915
4675351
3724123
4366007
3215991
3471850
2633648
4092903
394389
391611
1309360
1287419
2384244
4186705
3586171
103298
4840752
2453863
1198975
2486896
4922423
2111470
2894447
2175907
150445
269682
4924059
3162304
4985314
3767555
2503496
3503050
292187
3355495
4847235
864063
3852886
3645929
735681
3403741
4922935
264095
3141386
2095565
3789420
4622384
2218572
12752
4219489
2341140
4450860
2456645
2856876
842563
4529470
1310952
4292338
958647
1007651
3410041
567402
4878276
2613031
3041602
275335
3863491
4080703
710007
1003509
1052172
2911843
638045
2756124
276491
2858115
1922688
1526642
2744278
3705592
4632547
1816471
4869227
4019722
4587200
2221874
304713
1774182
2732964
73095
3735313
4911107
464395
1050523
635165
4172413
2120643
1312434
702041
3433655
208898
2258492
3201774
294984
1469624
524474
4129347
3275342
3483211
3704762
11853
3857056
3351304
2965427
4668323
1125339
3499177
1364347
2264487
1657774
1880606
590849
2758982
4324903
956953
4928306
24244
3735190
749948
1568783
2062408
4860091
3979974
1932512
3195247
4449923
2759760
1203993
4942909
107572
3998292
4702790
1598603
2811683
3013538
563483
3156727
4517177
3675933
1873688
257759
2618258
3279547
1528214
1688132
4958140
1962389
3806511
2561765
1440325
657179
933559
1600744
1416727
3662509
2976322
84538
1002229
753641
3887716
3711813
4294783
1055617
4941305
2961957
1547411
3740758
2269841
4374486
2506682
4176774
1924796
1387066
4751994
2499465
661543
85249
4695996
4130327
3703412
3479535
3197652
918814
869668
179744
1241015
2449390
3368888
68013
3477593
3731028
3751149
3212780
458905
2145462
2939001
2166872
111252
686995
1627033
2819688
86870
4257250
4515071
407812
502043
572100
4956760
2180149
3573878
931327
3407445
301774
1757819
2779682
1789887
3552518
1177873
551538
1452422
2556917
4459329
1959846
3965444
2086848
1898912
4916340
568345
3744302
3056388
1164491
4074572
3344370
1569575
1129926
2650017
487155
4168967
2414872
3606889
1461700
517850
3130368
842982
355109
2358703
2764988
464365
2977993
3662174
303005
1705676
442383
3737191
4204506
259659
4008736
898845
3825983
1346570
2130598
3853498
1188041
3745801
1054769
3830323
4841274
769121
3822030
639821
3418877
114385
2254832
3032773
2868228
3550438
1103567
2348643
2066112
1777574
2799457
3907612
4118067
1593483
4775012
652638
1200494
3871294
1399255
907683
55954
1059362
2014412
2541365
421787
710152
2305172
849048
772652
1997856
4835686
1549482
4279719
6938
4527136
3849280
1538625
3543519
1411308
4736624
55117
1415669
435894
4887775
1627013
2584987
2027039
4666664
3763704
4820308
866172
266897
71425
899554
3064299
357857
4786925
2941082
413583
3857040
4882677
265728
4647661
3845819
52991
4753220
776231
4287734
2608047
412506
1642064
9124
1362295
1184057
2730844
1113703
4707688
1901149
1111749
1174553
4504264
706189
2193081
1342881
518261
826621
2776350
3906279
4272265
2239034
3269668
1344115
382165
2215903
1563739
1021761
1413540
4446738
645461
3590679
1533719
1695572
2918225
2920396
2883828
1198999
4624461
1056791
546004
738836
373356
390160
3521359
3049735
1012325
4882357
2725855
1651876
1310259
2578965
3598671
3076124
3437085
1664539
1795737
4360300
2030855
2475114
4142068
1154795
2320024
2243923
4236996
2755590
1550581
1097417
3679855
1797044
737536
2860239
4364905
13965
4409039
4363204
2293835
3638592
4934382
1733171
3660603
3682417
1873893
566434
984706
1869642
3978522
172621
4136122
4804936
2377260
2964740
3284993
913393
4482402
3817190
3100162
2970935
2903657
515411
2193443
3989008
958166
3510315
4669617
4120614
729607
2579310
1393562
4327686
4634393
4510065
2964082
533904
1676595
1519984
1969318
3759776
2593769
4584324
2873381
3580016
3175219
4898731
2372465
2132518
3398773
2765174
561351
4401250
906593
4540402
1461068
990572
4359865
3320198
4876736
323178
4078102
2002085
4949797
4608698
2496285
1199754
3146140
2981504
2361553
3888031
1149828
2152078
3508319
3317500
858044
3246113
1878336
4237040
3538335
4194482
1430780
3564747
780691
801194
2436155
4621553
4400019
1225939
5726
4576483
2105500
600020
3096032
3286431
2343065
774786
191873
1264636
1553339
3990762
4045870
4389246
4842707
595783
3962440
4580689
4162683
4134650
2258743
4418513
2455358
34848
2305
1505068
1696160
2668591
2215553
4991479
258756
904759
4382893
4940524
4275008
2102651
947797
2237591
3089812
4970216
3929375
4502521
1028822
3889085
2832663
4316765
1294154
1996912
4325210
3625359
2012126
4183564
534966
2480244
488655
3400860
3365117
3411928
1656461
2628317
4088121
4619370
1996345
3827571
1943283
3742583
3024179
173534
1857636
4925643
4444902
3466417
1181333
4224603
1186451
3958307
2215008
4535697
994713
1159114
4159038
3049897
2747189
4567740
2373745
2740581
751754
2696176
4067266
1652112
1126874
2824639
1597000
4840056
980855
3342808
2589682
3498176
1019067
4772029
839973
4131126
4662866
1173533
4230230
4798974
1808601
3604683
3172377
1899775
4874535
249266
2328263
732838
389250
1137344
2569782
4544740
2150758
4084967
2773999
314285
2054383
4702147
2913377
2051722
613475
3110153
4517281
1998047
3484360
3663980
3353617
3505174
3676117
2216469
3235418
4376231
456775
489415
747252
2047988
4666528
3555007
3658886
1116639
633656
2174981
4903605
3271881
2054768
1860892
4810533
4968965
3380052
1496105
1729668
1934129
3956465
4766881
3353572
4435290
3246698
4411834
2928165
20249
2047878
818108
2569813
4519330
3672233
4364772
4234196
2221827
1388587
1859539
4193358
2058312
3447335
908196
336812
659032
1146881
1229387
1725046
854875
3147027
4151065
673055
2122457
2921355
3075214
1126140
3439368
2961089
4359907
4872861
3252207
4484956
3226820
2673085
4404636
3212831
457999
2742854
2508637
2459812
4191696
1492289
1505170
4442258
4164346
2463588
4988071
3531429
4100662
1475272
86849
3750261
4505214
3214413
1447372
2021098
2862128
3018073
664889
2316125
2453155
4545494
3847309
189057
1836483
2123654
1835748
2450989
3570775
2945841
4303945
1966074
2834770
3604003
3581583
2904022
3999831
3352077
4977888
2062764
1616077
122100
4385149
2345610
881364
4680783
3638922
93258
4224174
1309221
4163227
912880
1605918
590750
3702351
1919168
1510901
3962635
293135
1849476
2423182
940996
2467745
261584
1391299
1613447
3943564
4415054
3966246
4089210
327379
2448645
3265049
1115657
122674
1339560
1391706
2464222
2094350
3045174
1383835
4869454
960579
4663004
4026874
1191565
420002
667286
437757
901272
2938657
4939633
267250
356159
2107598
3473120
1690560
1525210
2799955
468532
3965942
2564962
2068946
2431655
988915
4202426
4732969
2796159
2470370
3738502
662991
982268
3172874
3378179
2331610
4717473
4248879
2420758
1771062
1821654
1959920
3856864
641523
4787298
1480788
1838273
2533289
3740433
2661092
4198279
2863119
654887
4342953
4923039
3043180
2899675
4758899
2594513
169091
2901829
1397233
911087
26763
1973853
2721378
3669649
2423824
2170495
4891541
2776974
142252
1796326
3684923
286372
265578
1447061
4274727
4833304
3260709
1549511
1372277
3901734
1344568
1552571
4464915
4608235
2163813
377973
1543975
2419785
2023097
4374093
122655
4801256
885883
190465
3325078
1753613
3874675
1209325
462901
1297596
155192
1362849
970952
1450957
4675592
2639349
3173046
1548301
1830742
4630163
4778520
1780210
2634254
1978185
1712224
1423756
1436634
4219827
2057127
4186128
1380897
1150305
1911056
1669647
2421010
1108062
3082187
4941078
3604450
2152250
4031994
1375371
2070022
1248184
3232026
976198
3369397
2655650
3310865
4193661
3270244
2752602
73091
568922
3501178
1241447
1878148
4506597
262826
24787
1053436
2934783
2364208
1026499
4568020
1204319
975219
2969726
3023100
4564676
2319344
2957819
2366917
989263
3795848
2163596
3761808
1072376
3180316
3213328
1198134
4745616
135419
2746582
1670591
1121486
1619438
4057268
768322
1283293
1541471
4036693
1032924
2389559
3237331
4130999
3967500
4800894
3150456
3868728
2827548
3357398
2701862
1384763
3341839
1019007
609552
603129
4840507
3776123
4162449
3686831
4107877
2700889
2946780
2626955
4388804
3042505
3709698
392359
295114
4039493
1083592
694292
1616231
82088
4239213
1705669
2319987
2212954
2614100
2336659
3487008
2093467
2713617
1479250
1927515
3044443
1151612
746756
4419931
2046460
1070309
3643503
3344155
4901143
4356998
3433036
353371
284595
591324
1311202
3134401
1142900
485774
2982754
683264
3776711
2793765
415095
2591394
82034
4285513
1457472
4707767
904
891860
4682440
1099933
1364269
3580927
1595066
3336468
1905545
3548098
4369626
4853719
408070
498307
3240554
4312395
1965884
2265947
2110880
1604653
4090628
3403259
4802988
3011011
4502108
3963960
4789669
2147328
603505
3008883
1036337
723569
3251777
2158768
4679838
4955312
2260220
3341284
2293595
3940807
1930052
295300
4456970
3459747
4007979
4582875
261484
3570918
4512900
2401467
2330984
177249
3198575
2664324
4093641
2894304
4477847
1228626
3079655
3493903
25606
1154553
528390
1386907
346303
4309323
4891304
4311523
23206
3204125
1254005
1232727
2127078
3660826
2211295
177202
3176911
254044
1433996
4650929
4704179
1864204
1936024
4593345
2151279
3409663
2917437
2391510
2595984
706100
3352337
3362915
1614153
1506714
2904003
1430518
2295217
2775350
1875310
4355464
431981
2940675
1742545
4949003
4453991
594169
4918482
592305
4195923
4276871
146694
2108771
4889366
1048834
2323072
3204002
2725010
3735634
4383002
966161
3377336
87031
402842
1798819
4506992
2713495
2461687
973891
1843164
3904117
584778
3038300
4631461
2527498
218477
3688299
4744054
3901512
1583522
3607969
4704998
3164279
127446
2774150
3040359
611316
3236798
1940792
4987051
2017923
4257850
2880222
4426200
2476951
2781575
1598208
780008
4693204
3441191
4637462
4358425
4921462
4262006
2961359
114119
1915063
597061
2991180
3247867
4131952
81004
1730971
4240383
617024
999450
4749107
4864989
1228022
294275
2336860
4407455
286162
2293973
1982712
2676304
972417
4362167
2720147
1142105
2156326
4651962
2962045
1483807
4086740
4100459
755050
3284619
3246914
771874
454761
4683095
1366407
1385362
3693304
1797849
1836096
4264585
2646525
916888
4620655
4285455
3339354
2211476
1813501
4598133
3205426
2849158
4212816
3507677
3973438
2858141
3958499
4644372
420286
4332134
4753277
4017484
2763329
316180
3415553
164772
2497776
4123565
3121593
1496667
574792
2289422
149261
4716866
1387251
2136753
4118415
4830749
2225687
3533988
4655781
3450619
3235930
4596907
467967
4881444
1455730
40654
597307
1793158
17934
926929
2069055
2417535
3447980
3887681
4082826
4211193
784003
1881475
2903178
533928
1174694
647259
3159535
2034303
3738920
2294774
1985276
2836619
2761470
3964295
4728759
3146830
3249021
3738975
2940300
538566
3540960
4620232
3494239
2150516
1644719
3677089
2463984
2191707
2234747
1938354
122461
621877
225687
4636131
2581875
4194717
723784
2890841
732830
4596506
44641
2307771
2116497
126333
2240542
1077298
4153706
2688782
3401588
681077
4171507
453133
3220989
3279448
2135672
3843117
150042
131729
4080210
3438566
1713503
3223383
1084279
690304
4452885
3816172
1431551
4504752
2463295
1507409
3011474
1573297
2019257
294991
1837061
4233756
2256644
1778583
2936746
203670
4137279
1114863
2939668
1073750
1732773
1617571
191098
3195978
663236
2344342
3586157
4617167
2725780
2121231
2953591
2445040
2149803
32315
2140486
1590104
1073151
1847541
2062926
3189021
2543276
4392270
1511259
2732706
1019781
60247
1411150
4531536
2899680
3410047
2534402
4899536
3936958
3779696
3035198
842162
3180989
4234543
4626383
965150
67154
3808987
4889443
3777045
1303906
736595
226941
2509298
3120014
3864902
3153768
1283424
3571085
3770784
616960
3643707
2198159
1999728
4916875
2407145
814660
3887865
239266
287325
3276268
3503925
1559760
342340
3563064
4430991
4422068
385972
4352557
334270
686698
1442666
861113
3016257
2798707
696901
4077831
3184086
3189273
1619520
2898835
3779612
2204626
3806859
1267872
4417395
2207313
2682373
3670122
436375
1384649
3303567
150568
490147
3473662
3335101
3487421
551324
1702455
943884
3484995
1198238
137885
4162690
2165094
3117018
2806609
2553775
4328998
609012
476991
3092913
907317
4360671
1209763
2549807
2761196
4021527
261697
3064726
1618843
267824
1135884
2595473
765426
2292478
4455448
4170175
1353226
3396085
475482
1956219
3480118
2887845
1190329
2516249
2784600
993784
4113568
708135
3523644
3868307
1156489
3584383
4156597
2339746
4525230
2115143
498927
4595583
2995952
1330209
3850473
476355
982708
4371634
1771379
4016189
2077639
4613500
940789
2034491
1112391
4964150
3636432
1647213
4084065
1413558
4105604
1597938
3047738
905838
2313057
1720062
3782169
1569646
980909
4667056
4872782
530830
4135446
1497011
940180
987063
2052017
3120423
2173118
2575465
1476666
1158441
2531712
2987513
608696
590525
4029927
2913993
2768207
1766048
2049168
3165833
1643804
4657733
2132103
1426469
3534991
2251638
4628360
634343
446038
2965054
1726835
1334583
1226615
4818223
4045478
3360752
3599676
2859241
3773517
2077943
2241716
487787
1163384
1752443
442977
2488494
750201
3270430
4094579
269199
491070
2006318
1508530
2417581
4731126
2421557
3195880
4582196
3531835
1524760
321542
4177885
3948704
1945098
3499652
1990448
548184
1139343
31654
301045
3736816
2699640
1781290
1293780
3311947
4235358
4629239
1578585
4902522
4862634
4490962
781949
3090692
3884871
3150706
1588034
4804316
4013098
733808
3573406
1965854
1944507
1224733
1574875
481429
2367874
1647636
1768764
4440421
2135316
2622294
3058178
3969538
501328
3107416
20140
1006379
3835345
3965141
3825313
1891958
1856272
126779
1072413
4287647
2231887
235411
2418519
4418917
4774960
2685863
4431744
2349387
451812
1943942
3296716
1517739
2627667
1044819
2036261
1317373
1272682
2196868
4985876
811919
108743
4234146
2716392
3787749
3575354
1077150
3063280
988605
4920975
2072067
2456424
4958208
3172035
1135580
2147413
1530590
3820085
3385838
770142
736394
285829
1193100
4492749
2576046
664504
433725
3661454
4484643
2059516
4131404
3746657
4933503
948198
1409415
2885271
4943818
3782550
2152728
3852407
1975068
3516950
2908224
117170
2982938
3786322
4182118
29991
122258
1945152
2942727
671279
1618463
1297855
677360
1814813
87727
94320
2413348
4956336
1070579
4350555
1580924
3158800
2061236
4662193
4438326
3572539
2852764
2023635
4304195
118738
4889621
334414
4621254
4277190
3551718
4109904
743075
4294317
3491046
52160
230820
4395696
1978171
3552813
2873001
2347423
2851672
3778744
2414209
2671114
3647942
3018216
3421100
2968708
218729
2754643
689666
1460001
1308666
4042467
4360798
1097730
523723
271836
4935200
3817449
172555
3940368
101510
2071532
3160603
3709692
4232463
440031
2251256
4346489
2822840
4474703
90634
2090113
2749684
2709503
3922614
2557671
2147602
2630511
3687962
819746
226178
1200917
686565
4704116
297495
1421046
240572
130790
2364341
4759381
2751576
1285179
3116245
2800072
820530
1018983
1272126
2774985
1711282
4835641
4122088
2690295
3734304
1434060
1974667
2178545
337138
2340113
1232584
4056891
3291686
3575295
1199601
1371939
2232911
4425853
1822190
4789697
2050906
1497865
3376467
2779670
2285431
1477282
2721033
1048988
879404
3992709
1802109
4740611
742322
2139003
1537279
493714
2676959
250827
1924543
3987576
817087
2948812
3167559
519740
3285095
3798400
2469669
1925881
4360384
2721912
1516668
3882795
2954120
148936
682849
4624483
300512
2617007
2929022
3513278
756250
2173196
3283308
2470193
469518
2418934
4396432
38605
1872171
1305952
4056223
3503204
3806186
3226662
3253823
760255
1012794
1186957
2532640
1960236
924971
1209320
3883872
2850602
3045403
456850
4494925
1526725
3014909
2700202
2777642
2682750
3553268
3310063
3495707
2391630
2539272
4419779
2356100
658214
1916644
3442861
2165550
511599
2162630
464266
1126483
2997306
765851
1680595
1302259
154725
1949462
1775901
1097787
4552626
3488555
4881892
2055564
1843079
4397848
823799
4055975
2360977
3346716
472502
1842581
2979534
2652066
3184351
4542249
2897414
3820455
1664839
4363791
711290
2027426
4118992
1709145
2684828
4042150
3994769
3879615
2395051
18966
1686761
2500584
1686825
4419137
2415533
1050680
2778842
517089
3615865
4417076
1461636
2505981
851893
4612160
4865756
2951186
4034820
2275633
4682145
4235478
4069855
955743
1672114
2404540
1175279
2807779
4023206
3703918
2753042
1412925
3653699
4337776
2818205
2096461
4094530
2511310
801186
4430144
4203152
110687
4514327
955407
2853911
322757
536955
1055833
4129529
2087728
2036883
1436420
4700442
3090922
1391614
958210
360061
120493
2723328
2409544
4255503
457583
1895636
891472
1447723
3805946
2021750
3817393
3972636
1456711
3615295
68214
3267435
1884887
4353065
2633803
3469930
2235312
2891067
60672
2765276
3151767
1717209
1282856
966776
894993
4368649
2051714
4243338
4104676
4701997
3374489
2521257
4547820
1992116
1890619
3949523
3329587
4534180
4350676
766981
2938291
1498777
1868308
1431531
4525859
2335382
3188812
2216003
2649248
4618661
1127837
3674914
1796764
215282
1964735
1872550
2285520
4344533
4684364
1959813
1721359
1615077
2113898
2391529
2912877
1571487
4322139
2027255
3421686
1354357
1883734
204872
1845086
4337328
934084
510521
2219403
4167091
1377675
3129862
4104714
3768275
4779945
2574677
4432178
2091244
94350
544577
3995801
3689906
3399458
843742
1349943
2880682
666150
1657329
713412
4030614
1709417
2665833
657058
993332
183224
4358047
621215
4599674
4644589
4443045
4701923
2304430
4593421
362182
740693
1582355
3896785
4534497
1688534
1598309
4989320
1945140
1607044
2892801
1714028
3205984
2934523
123729
2994145
1643711
4024004
3561607
824486
3318701
2070683
1153614
3454203
1281845
1839455
3733521
999144
3578521
2961759
869023
1287398
3793497
4866201
2014956
242905
2613446
149655
2440278
4284134
1479153
1758544
4477470
3757928
3500534
1437703
422039
2056077
4851955
4538275
3406601
3071143
3570450
3740365
2921937
904615
4852946
4510013
602468
948128
4766903
4993602
4954523
4436779
4276634
1529537
175978
643137
4777173
4558959
4335331
3077954
4179224
1271687
1742086
4701959
2901332
1902483
2148433
2841422
402321
1583004
2229239
2787044
3127103
2414343
807155
4807693
2954613
3345027
3059643
533637
3586176
2565420
934359
168047
1529075
197976
258560
1153416
500764
596183
3506636
1962113
4987144
499637
246223
4609340
2436616
3220285
2528199
3012900
3610151
2047215
3936929
4877816
2524363
4760314
770361
250531
3120510
3634502
4781472
4746013
2912825
3673818
1524937
2343123
4475554
1568429
3358336
2150351
384746
2901334
1050929
4574265
503631
20382
891569
3442068
83661
2466557
2241715
451512
2965317
4255772
2573513
1529512
973328
1651391
3735666
1511191
4881943
2697008
1484782
2847446
3236787
3790037
3453894
4731356
1163174
327764
4116617
1487116
4540978
708725
1499163
1582548
1644685
1562527
4738193
31604
354052
4632436
4477082
1166833
1168911
225954
3074563
4266511
1905067
4493881
3837473
2985429
1670317
2724851
1036415
1690072
4804237
3611111
4879290
4326001
4555702
3332696
4356722
4054258
3654491
2123484
4881901
3224678
3337878
4356150
2151783
1219393
2964645
3052235
1422372
3359562
3425680
3626872
3933698
287393
1500860
1100327
3895986
2007615
736483
4864828
1958668
2773319
3946059
3499265
4797989
250474
2277295
295051
3644494
3185132
1560343
903643
3893674
2681228
592039
1696733
4135668
4344806
1656604
777368
4584504
2182149
1427581
1304901
2892808
2741157
1986151
2450702
2158837
360505
4777956
534045
2038741
2832732
4996524
203950
684056
4605064
4193531
2474849
4630349
4617666
4060100
1413331
1097374
3023672
458777
3734002
949797
3704503
3926318
95021
2953277
604530
516672
1237871
697686
4643195
1467588
895983
2225105
3886667
3387296
4588062
3641288
4783047
2827281
1765746
2583576
4358216
4844990
3966674
1058488
274716
1184132
2720956
2875661
76956
3007835
1781539
351967
2539833
1758368
2396247
283100
2723376
2003695
3559750
3867985
4539535
3029856
334732
3161705
2655787
3365077
3163459
819900
3566326
3373013
253845
2216873
3575441
26467
4140583
3725549
4585382
2935900
1635278
4086260
141157
3048307
4978403
4763867
1816623
1659622
988620
1147757
170110
713872
2197159
3822005
121365
518557
789680
4564746
2527701
1033534
3954206
3813512
2181449
4892681
687492
2253484
1374217
2211039
2597390
1980417
3922332
4673626
3883220
2494433
4716014
2925863
1104451
4318382
2618855
226061
2335200
644680
933065
4108741
4789796
2091216
120328
2869027
1636959
1007637
3703941
747444
678842
3568638
4893976
1741575
3250533
812153
3663244
4426788
262511
337928
3654037
3109070
1756273
2947140
4596796
2445023
4899512
3773297
4702364
2752447
3330022
744233
4670694
1910566
740483
2033968
3071008
4393335
2533863
874509
1867206
2405568
3629427
190132
2275441
3435466
2098571
655699
3739061
2030086
924104
819471
4770809
840014
1206658
1029700
740978
2175509
2361613
692429
2488197
4398687
2437217
3825421
3153065
4821961
3240238
3278080
1271240
3921603
322879
3138195
4009660
4869193
704373
656282
3306095
3969906
4650565
4047750
4469757
2502418
3371869
592486
3478852
4617084
558860
134161
4141449
2835148
1748815
3328535
1321461
497404
2433642
1502705
2926704
1178277
2237879
3049075
2817836
2062619
1988850
123584
3950154
4197949
2305899
664897
1720186
2549294
1401892
558706
24138
2695951
3283497
423156
2912186
4855464
1140517
561061
1827741
547626
458959
4422189
2732286
548967
4413524
1691217
1108581
4493093
413667
2087932
1913423
3690885
304500
1307273
2102474
2688637
108121
2386225
4700342
2425271
4800333
3438185
1630925
4005096
4790186
2280577
879868
2129475
1169643
2006318
3300051
209393
1920815
4540569
3168926
855977
1028703
2709856
1926434
3710709
908501
4614843
613203
1777765
1087926
82793
4443839
2683929
3063854
1495714
795454
1098356
1463189
27632
1699877
4982531
1287362
3190482
4435386
573965
3068142
3767024
4441939
1378465
453306
4689998
3357258
3730280
3621969
4359572
2217108
2701292
1679669
650111
4003116
3924108
4739974
2963550
601763
4964702
4726989
2334895
1652612
2461334
2460844
3243786
810098
226162
2591778
953470
349548
1337
1932831
4669611
4601265
3196310
1346052
2371043
2507401
535259
4753750
1955930
4312508
3051302
1777396
2687595
3375632
1972696
3567285
3523337
4206310
1516408
4912781
1753816
2852825
1569614
2149303
3064467
4524695
1609405
3308151
82229
4757648
3403002
2043138
2160762
2461268
4355275
1296246
1658651
4296833
3665949
4453741
171627
344425
4528979
723220
1676313
1687848
3412155
668443
2836731
410579
429205
654916
3581816
3236617
36480
2085846
4477346
4366107
3441752
1820943
809926
3437501
928583
292226
2053346
1479653
3005788
1315647
4349210
4621500
793893
1856137
191002
2239814
3042986
4216291
4153932
2046133
1855224
518084
4759753
665237
3889653
3199904
120582
313786
1917627
2433961
3205770
4585952
2048533
3289255
2223140
4707233
1994872
3222755
4301075
4748157
3907245
1322346
1800609
3142253
2657418
865431
2389256
4320850
1378423
3785802
26361
153830
1674346
4944798
3930701
841792
1435900
2541715
3061256
3986195
3080884
2246580
3490423
2469044
4000357
2848699
1449801
372165
4335709
3574214
2256411
2078281
1849271
3296486
395515
272268
1059097
4352499
3808086
3155916
851672
3501525
3008327
3449903
4555807
579200
586467
1213110
386956
4473059
3029938
1550921
1550277
1203187
2729636
779100
1459769
1087958
259650
1936361
4284659
1848423
4265180
3950123
2909574
4516412
1820613
2470249
4491087
2517007
2557442
2113479
3739188
3177638
1297848
686663
4819858
3946656
853096
643260
67506
283583
1013884
4190307
3210136
3228132
1287181
4338862
34122
327704
4382616
1768614
3492828
820536
1413797
4094315
1952045
1804462
3106555
2421157
1900325
440031
1524747
391858
3605456
3251904
223606
1843055
3047479
1728689
200808
1813504
4653484
107694
815050
3065859
2206601
950133
2419215
2422794
1126299
2165767
2655569
137447
4912833
1618538
1086439
1472994
3035094
2408006
633260
3086943
591890
1872430
2335809
2092901
3752943
2298248
1958978
181405
2571032
2396737
3128552
3965490
4702890
4669895
3620485
1220483
1732110
1954967
1090388
290191
4842528
868519
4014477
4273534
3462771
4973178
2355327
2737405
1676363
2436719
2218090
4671574
2697792
3328123
2637011
3177897
3804435
385819
4349500
3147900
3837376
4977833
4592669
4283099
2762322
2094968
385017
3405737
1073008
259030
3185911
3077743
2826459
4988413
3581984
4925857
1425308
2876493
2078749
448903
1498453
3086180
2215954
711365
1012435
2161759
3817356
1013440
3171263
1039251
2100189
4828668
2558925
3860968
2091287
4624983
3282349
1116415
3418325
1717089
1909061
3727691
3559936
1904271
4590901
2261502
2267812
3260423
2288907
1052070
4676805
1550312
3656261
1245722
1833764
893862
3188019
1955002
2020360
3679531
3183894
4207839
1821400
304661
4235684
2174004
1807990
4018162
4157608
2329225
824214
74920
2036807
4186638
4924345
224448
1333361
4424629
2540450
644782
1745016
2345323
805900
3392215
3342359
4493709
2116711
2740991
2957558
714448
1899710
3630303
4817171
871460
326067
1443932
3546034
2431188
2613371
3156485
4382284
2605543
3855679
3484048
4234238
2918288
3984831
1009468
2086788
4508680
4487544
2842651
3853410
1653751
303575
1688844
3109757
3584636
2701240
1357847
4073926
3034717
322534
160585
1927642
4283248
3542512
160324
1885615
1541780
700877
1229984
4879947
2628392
4782143
1035055
517341
1467872
3543222
2112969
3057073
3326996
878945
3307542
3235527
3671246
1257533
3855260
3504416
1170103
4202219
4150234
4860088
2176165
4116256
3990101
998125
154771
1070698
1888340
4383153
3782659
3906595
1210707
774974
3098139
4874040
4453990
2090640
4202427
4721545
1096542
689877
4639822
3922538
687362
987458
4772360
3271180
2748371
3018748
881290
585203
1211853
2749216
3749313
3055036
1057194
1253917
2662957
1343443
44758
2223466
767027
2513700
1677329
2381555
4854806
1926259
52914
3100364
3073163
2871909
1407196
1585714
3321025
1501914
1621624
3890193
4756296
4683894
3034830
2267443
4719287
2983968
1008863
3654805
1608824
4090493
1639765
3392607
1463511
3848053
58595
2173882
3976853
3702329
4169914
2642356
2593358
289488
2544683
1577617
3489406
3129066
4410884
3970512
2229699
227758
3403620
1498571
1672706
946683
2347828
4670467
257572
742696
3909649
1015080
773120
4562976
4496974
2713577
1593048
1051952
1792537
1575700
3666113
3640508
3378475
431308
1853460
553639
4072399
2438663
3324582
3681365
2715660
4273135
4425574
1383279
3027666
4065685
1337961
409187
4343412
1159381
3140521
4870151
4569765
1514637
4666499
4963619
4938422
3222137
4260181
599020
20623
2741513
4124347
4564048
206809
3719268
2050982
2947293
2456153
213045
3161200
4303799
3644082
2739219
3974313
3253264
400936
2326445
2372966
517728
4714003
443536
3685738
4312791
447474
987906
4503609
4163145
1857267
4760386
3075606
1063110
2722532
569535
917580
384114
3501595
1296165
1120470
4650690
3801293
167443
2792986
2170174
960868
3700052
3865006
1970364
3492062
2421038
640250
2921235
4723384
2082054
4816885
2822448
905887
415917
2099851
3423117
3326086
3785158
2537925
3717497
3805644
4537938
2744006
3195935
4701345
2896141
3457345
3497511
128084
682711
4289919
765847
4888548
1673626
4005476
2559125
4379790
4204504
416589
1563820
2030260
302751
2295517
4749877
600746
1650462
2236352
3285734
3871024
529934
3412483
1913692
1473063
1871612
2979213
2237208
4682292
3781494
634058
1933938
1813349
112968
1634423
4877012
3128219
1895439
3514611
4752656
4537371
4856777
3685494
1802862
4149583
3509626
4843841
4418638
1291122
1357943
782460
220369
4230033
4191459
4935895
4579985
3551334
1572401
690621
979132
4265178
4326458
2431637
1862120
4256136
1699957
820376
2712950
4537275
3383051
2117936
4622789
2678019
2276994
837203
4135924
2483492
2965977
748233
3787835
2030941
4518423
1815234
1939383
1173458
3719332
2530482
4180604
4532416
1496014
962153
1775089
702759
3644711
3217254
3581780
3042944
4758551
3410734
1586899
4895646
4277518
969985
1874463
1356480
802873
3766881
53309
3581881
3980068
1764460
1182133
3457493
2557660
459584
2122667
1439603
524684
2802574
2844688
681252
3458976
3628937
1951435
3539174
682640
2688824
2997510
3878817
3411229
2250173
3670622
3620627
4248678
882419
3203515
1901678
1953493
107937
2288136
1726166
2424380
3009648
3777540
3673471
1388251
3845171
4991459
910806
3882170
3607113
3963921
1956276
2546385
750218
612456
4422448
2635993
3040875
4369505
1186436
2299161
4805639
3750368
2650365
2103518
1439012
3703768
3504026
1598139
2844241
4855384
3302201
3983067
684145
4051076
4524867
2383469
4578097
2612109
693212
1966316
3829668
2335427
4892935
632546
4814145
4168233
4144401
1337066
1370884
4421912
636977
2095977
517348
1684925
1873975
1031039
4443450
3863583
4440869
2110856
1972744
4477422
446495
612489
1399109
499138
4003792
177051
4621996
4586253
4206056
4702641
3605062
551539
4174926
2585992
1553452
1625027
1669640
642755
159761
663003
3241561
1241503
2858562
39229
203095
1313423
1678676
1638493
3761902
1771287
1924097
1087345
548569
3232051
204035
967961
3646891
1886582
4435395
1212511
1505343
3982706
1030983
2415982
536091
1218087
4560528
837409
2778100
621443
1362305
2759738
642145
2411919
3015899
2473077
1769158
4386853
4051353
98911
1177815
2923792
4985640
601724
2354854
2507192
2851959
4025157
2673223
3091246
2546021
386820
677395
2806147
533832
2836177
1838327
1934535
4252633
4593744
1177148
3203668
1517671
3619573
4424879
1106096
4167188
3011180
3736916
1808070
2939868
1653524
1497698
4528119
3164034
1151936
4979346
927952
292910
1089673
2838069
4019294
1656886
3096332
1717047
620886
4348167
2866874
4408230
1748369
1351839
731047
2656917
3997414
4525577
3017225
402246
2749991
3301898
1192759
1851783
4835079
3387042
2625222
3446495
458497
4013964
3065764
3044946
3502407
7886
2911916
1361537
3725338
2113166
704730
4481165
1831004
3701213
2958707
3886346
460966
678989
2103703
2416067
3085498
763144
3927841
841123
4986385
2163131
3977607
3342566
2297225
3063886
3117663
4952541
2269614
4297618
2133318
3159401
498804
1011288
4064893
3791949
23326
4019241
43773
3765487
2088688
2805396
470437
1983359
1646529
3625470
878398
3064009
3795461
3851516
1600771
3908616
4342774
1922258
1257141
2910043
4346166
1052295
4157538
2304100
4536725
4330791
2785745
3588525
750187
2021347
1787651
2613104
1450121
4728279
4900407
2785732
858563
3316646
4738564
2400211
1438527
4055042
2894630
2419556
2117935
620340
4086574
4843794
4628922
4509286
4599468
3177187
4688821
3186445
3743697
4758377
1380486
4986555
4561505
3006803
2880788
919360
1827099
3309869
883472
3667857
2492225
1494979
4469347
1787465
2061126
2130632
909244
3508208
614170
1385426
4117156
1135604
3011374
2877821
4925958
3129416
3468972
4870485
4799523
1781078
926915
4333476
4632580
3872823
4224689
3485205
1759682
3018538
2554184
1962807
339752
1764810
2272405
4225355
2728270
2212118
4631099
2626013
4166345
49279
4510985
3306963
929878
2524756
635794
2726290
145617
4905522
4427444
4246871
2722900
2589250
2423263
977212
2905340
3589184
3116261
4507421
4909613
264065
854514
4851158
3672468
645337
1919774
380590
2958697
2168473
3709823
1252275
1055624
2129738
3037599
3012827
402590
531564
1298803
4158538
4076681
3057041
1898452
180202
955908
446267
41974
2201424
4142802
3138269
1451840
1346363
1059900
1792319
1225817
3060749
4037724
1336154
4743790
1395470
868329
1547029
1269663
4490470
1236459
2953766
2842354
1829153
4749360
827747
1844189
1875468
3886240
4923941
1311376
4413050
4431694
1972208
3594493
4225826
599616
4831226
599482
3923664
3199798
2116639
1442921
726592
27458
259658
1675096
877342
1998612
1554247
4080208
361426
280361
3683050
1016395
3740221
1233067
3339969
2653266
3657339
1207423
2802463
786904
4462959
3983110
1340224
7185
1269429
3269757
181793
293336
3085908
1878998
4182349
2375883
4463970
3963085
1320336
1800079
3094275
2964048
3634796
4295775
3340535
693793
679062
3978250
2685039
3833523
4917271
477727
4068762
2260500
149443
2388757
1625036
519750
2396444
1195866
1298766
1052155
2203069
3460150
1609423
1236049
1810427
2188652
4944260
4492805
4266873
835465
2687089
4766547
4076953
2248733
4734520
4280916
249856
274381
1378833
2025938
4656043
2974269
1224060
1998743
305933
4112263
2493104
2279356
3872830
4213706
2890180
316250
3029420
964491
843758
434355
1750412
1872651
3572384
2143714
578279
2907367
3579235
3001045
3084644
4793974
1264297
2584218
1288841
653191
2488693
3718289
3310227
2875576
3070260
1038896
1515361
693988
3274237
1493686
2319351
2922684
969313
2932138
1168056
2723061
3212528
3719198
3591562
393085
1788453
1603489
179914
3909880
1423177
2955902
27202
2180533
622520
980360
670019
362387
733245
2205282
1949833
959070
3158272
2705060
2796398
1526350
155470
1360179
1228420
4053350
3131826
190588
1065
4636984
4489518
3799500
1888925
4404557
4082395
3487995
3632277
4856933
4894412
3676131
4652736
4035520
665501
1514797
1191221
489231
1992939
3711601
4488341
2662252
4536704
2965394
4120476
3346353
4153704
790602
2476926
2856471
2634829
1234782
2830632
4455503
3794147
1326367
4205192
2533493
3194757
4715605
3676123
4839533
4381283
2126957
2036353
1972350
118130
225966
84180
2817225
359310
4888700
1537202
835620
3903571
859950
563305
2034763
1589086
76974
2203632
326629
1483300
1708462
1838843
2009013
3388772
3811537
4595872
4566268
678464
1556893
1013678
4347659
1562174
1587779
4732134
2927032
2476963
2402121
723564
1828090
171486
919440
4417439
362008
2450141
391563
3734777
1942084
2625432
1821392
4080485
3738734
3128993
1192886
3689659
1481580
3631320
3441552
1741213
1109241
657447
466181
1781838
1954311
2936103
1277715
273717
3297075
2461053
2170646
4645047
3617755
380989
3669966
3490633
4265770
4009984
3749268
3317016
4319828
3990201
618870
3589662
1429208
3118712
765522
1552270
1800187
2853958
3432808
2387904
200700
4337718
355817
2739397
3001954
3671914
4650192
2880224
3448226
2153835
3700181
3304288
4232407
3092559
4533975
4586996
3345706
2691260
628239
4217739
2180259
1850615
2091293
1057685
4792224
2214908
4433673
3009735
1870314
4210154
3735006
4135200
203268
2150186
1312252
608690
2084072
422873
1894702
3911907
1058038
2980402
3386330
2438251
1443631
3734155
3160908
859562
3124106
3872188
563371
2703432
2438387
4855154
1121654
163546
1544868
882368
3075738
1373423
3950520
2475904
2653752
72135
2804373
4512483
4340749
1298666
2922914
1071267
4791422
4963195
554394
4902311
2814836
767620
4231830
1132782
2760254
848677
1837065
3918264
4675421
1839594
2061168
3783573
3621218
2236641
3836316
1087271
2548129
1929055
857687
163795
1822333
2501368
3660843
393072
4326803
2871696
1504851
3026046
306327
844376
1690098
4429800
4501416
1784509
1501451
243333
2731576
871301
3961873
4173915
2015566
3676370
4994104
1749356
1549960
2131182
311587
4862195
2712470
350012
1875582
1638249
156247
1706726
3819718
618576
3244579
1561210
4758002
3824944
4056368
2977250
3879463
1029722
1561903
2549201
80657
724079
2847569
3486180
3640880
407668
849495
1927500
1570617
2754786
1091352
1734548
2978098
2982180
3861826
4176132
3006349
4554165
4537755
872873
2759494
2355815
1185548
2478795
2924605
1150756
3150439
3450170
3223149
4353282
948122
104699
2338601
3746141
1023883
2569134
2507040
2757261
2273294
3397529
752103
3012510
1081749
3701990
732586
3128690
4176914
4106907
4287489
2968785
2312103
4585649
2021423
1681291
990966
1782368
4820599
2165076
2272923
4944545
3091118
2767751
3211017
580090
4186814
213082
1219856
1779518
692794
1422821
3643727
4573109
2026011
1429379
2515657
3584687
3468580
4641687
1688815
3261514
1025600
331596
1402630
2549771
1449886
322220
4623024
3054271
3082370
957505
3513807
3163679
1343884
2674458
1913673
212885
4519106
1232716
877989
1693441
1031496
1681966
2236114
800689
4139638
4476505
3189844
1103424
4390594
2689583
4865001
1249852
1808110
3688136
3780002
554669
115637
4547488
3352645
4302361
240552
4464786
383098
3054352
715075
4055964
4914083
777915
4878320
2031963
2479109
3136772
4989253
909947
2366776
4397210
3709858
2709208
2557205
1683891
361301
4612391
4142966
875610
1286070
3147242
594374
392733
2489938
442403
593645
1182671
212670
29849
4610836
4516688
1600881
2182573
2689432
2511559
1896984
1254451
3345745
3552999
426905
4407816
1321235
1760474
827651
3126969
1760923
3663594
646022
1718605
1944393
1259588
4427424
112445
264263
1384620
395012
2184302
1110153
1565107
3143443
1992215
4180767
1480015
2781926
668515
4668851
3771571
2978450
2252786
2904811
600299
318279
1407498
4475814
3411444
2257115
164453
2878564
1585149
748838
2885482
2339781
4391908
1045607
1783924
1097011
1659882
652492
4575621
3276306
1141740
1418932
3802872
1416454
3545123
857243
336633
423133
4013255
1983461
4740892
334021
4974684
363342
2481483
367384
1095506
27388
4267605
2714793
342330
3362399
4418366
2801674
1023626
3188272
2187452
1906659
2223694
1830838
1754831
295999
1118692
4295080
2793450
243216
2087581
174350
3625987
1535532
849664
4656185
2782400
1688081
4399839
1918681
4431083
272436
3896332
3932162
2928737
4242391
3046099
4892578
2846201
989956
2075921
3607981
560647
3642957
4813032
1199235
3863794
587742
664295
4160165
1281515
3667765
2505828
4829185
448671
342006
1594987
2650899
3067570
946273
1014777
1284458
2802876
3110455
4871134
1682289
575970
1778745
2999610
500171
2937838
599681
3784453
1234745
2930858
4174074
1231793
4720626
309357
1836584
3387833
88589
403668
397369
1851577
2002542
4081890
4606788
1382259
2229717
801837
4104609
1418389
4152932
1486600
4278561
857904
1348128
2539575
757407
3247403
2630259
1263026
3260540
2980370
2613460
1099335
4303630
917403
1211533
3699502
3901628
2707441
4470226
160034
1843352
1226633
2527314
1046139
458366
1344505
4253568
3581388
257679
2189264
4850964
4601513
2367473
2305713
3901501
748560
666640
1417191
2290726
903998
542617
2259290
3387052
3585699
1925518
2340464
1425235
1178279
144006
2173264
1373367
156102
2486560
1081138
1826395
4947650
3520072
3901721
3979924
996498
4918186
1910995
3670852
3883763
4235602
1178955
1169577
2988659
3114880
4115430
319341
3710126
2347098
3524051
1121230
1794368
2836531
3794764
3938396
2146264
2387513
4307105
1127852
385088
4916126
287055
3112419
3589139
821904
3753999
4910314
187327
319692
4456971
361939
56745
3494212
4629082
1575425
4870655
1810060
1126204
4134738
1021756
2104867
3673202
171350
4787826
574653
2577889
1377398
4495737
1826916
4031819
1256173
1772694
4451272
737680
4182410
2046388
4404183
995710
2396096
1840755
220863
1476047
1065050
2379983
4343258
4889642
2948663
1635401
2620180
755329
1605337
3368481
2115609
1758244
895509
1245997
117542
575511
4475968
922653
1691192
539374
4539129
3636859
2973906
4162847
3978314
4462724
4927130
2123726
2035831
3483376
1908203
1335993
3791823
809181
4583431
203047
4424470
3589415
3069851
4055503
4544317
1236210
357146
533009
4109030
2572013
2892715
4160739
2303441
3857022
353336
2036958
1381451
1038195
3343367
2615440
1852719
2038406
1535908
2681993
1143678
966477
4375428
1545893
4998802
4455292
3743654
3922336
4528956
1057467
1166893
4492581
3213041
273851
4979827
1126535
3858642
1756703
4851209
1517280
2996278
4678193
3851753
1061775
4946818
3809518
2750285
4367641
1565344
4985291
586988
3743808
3485008
2777436
738674
665160
2916549
1487542
648299
1232613
2775082
38148
2197238
3058575
2837501
4804428
408836
4931474
537515
255126
2382191
3090518
3755232
3117082
3213774
572759
147176
1337305
116087
1977761
3473584
3119764
3867455
1298319
258785
1571182
4825641
2048381
2761592
3482350
3001568
4153193
3000143
2700581
959166
2755362
2183756
1045324
3056254
677893
4618098
714330
3599812
4197608
4950565
3766034
3687904
2234971
703940
262315
3524047
269995
4940557
3330050
4717629
42528
1954687
2314993
571172
608375
2968166
4597407
2325709
2606182
601583
3819539
4126097
3606325
2973301
2232655
4763712
1603857
2002419
4943712
2146942
3918688
3700394
4988152
461601
123686
894037
2285576
937778
1100354
488419
909020
65823
2338957
4923918
2759501
4813560
2460975
1878236
1320564
4040473
1342634
3441093
4116375
4324463
1209502
1161494
4212797
3653671
234233
2922336
2198164
4198266
251685
298956
3912979
2611028
2720690
893543
1550084
1996373
4599618
3339993
3974152
3885147
2561418
4836076
3727863
2148226
3204000
323744
520190
557772
213908
1187983
1085363
1481865
710146
4786779
3377669
3323993
1061935
2994333
285583
2020115
3840339
1716244
3738780
2238585
2613704
4367787
64687
1780932
726687
1728276
223288
2533836
1317514
89992
4251069
4501840
2485276
3960542
4471336
2890957
2102950
1727482
825728
589464
88100
1391696
4863459
4401177
581646
97758
836313
1831585
1150516
3164797
1234583
4620798
3147950
4157894
4384474
4514012
491119
22760
4360763
2097925
3755739
1339923
1627925
600166
2280018
849635
1717727
4307398
2028291
353553
4562515
423665
4893702
3838185
3735517
3715860
3864289
2280293
653824
4716622
4797166
3973024
188144
187958
4187362
2846741
1320483
4331541
4676113
2243716
737564
529356
3591705
85274
2968768
2612762
2378997
4687641
3273498
3359014
3671360
2982994
3147675
1514027
3467994
2457858
1221261
4852336
4966061
4016042
3513018
2598877
4876771
1583305
1817026
180643
127194
2608472
769436
2113459
2651439
1095229
3712417
2746406
484157
3302828
4807039
3558446
1990629
4679209
338984
4157729
732693
3273629
779319
849178
2583689
205465
2062825
4488512
2505817
192911
2720355
4696345
1351878
3505484
3077847
1270671
529519
1359048
444279
4928795
3359085
2758704
1304105
2193574
1882674
3022164
1003079
841323
2865154
864581
1937836
585035
4281021
3593314
4976025
3124275
743065
817004
4928121
1819928
526510
1291547
4126061
3275039
1423178
2429451
3605216
1696257
4003856
2961426
2184612
2721963
1250228
2188965
1029512
2635196
3788561
995208
507585
2077174
721596
3674050
2310461
3325967
2529406
2064263
2237269
2157907
4711574
1703107
2898044
1557137
550844
4924436
3920233
4699883
589606
2483450
746403
1775587
2178881
1048815
4638334
353231
378425
3190691
2405603
3711028
2890737
4016419
1922150
2936008
477895
2685640
3249115
630605
4546810
930643
4601641
4968142
1557483
3287880
2740096
2627257
1446333
3932307
1975319
3435039
3163229
2694661
3278620
3509698
2838779
4227640
4747641
3670709
4337397
2240893
1876625
4170508
1219346
3743932
3838668
676883
4710085
4103799
279129
2712933
2498740
429968
460188
2335732
3684971
4106698
2422040
1101213
1380942
4514785
4900481
3265545
2929385
101294
4816302
3365586
1730899
3842073
2823550
2935144
1712147
4882362
1657157
388228
1266732
3255011
3223953
368339
3474924
4738731
1399658
4531554
2651016
3088443
3222235
3421347
4489131
4183878
2178850
569975
2680105
3870945
2060937
1738030
2145143
3801246
1389909
4668287
188868
1401854
3578617
484798
3377544
2866328
2973734
3382652
903708
2969183
4141288
3731248
754574
1743736
2984775
509742
1615312
4700201
2305104
1106369
2679676
3568692
4634777
214792
596310
2567182
2328884
1307256
4094567
3549507
4963428
2709945
4744264
2894358
2359379
263791
4710460
4321099
427425
2214404
770714
2515517
3457948
3145414
4549956
3594388
576174
1557864
1046527
3340054
154688
3439764
2515098
2199347
4446619
1783038
3222886
1412170
3619138
1210790
2681510
3402716
4574961
325054
1576555
493455
1529373
1004173
2365308
3273565
346135
3739322
3742747
1870501
781483
2675760
269060
1524759
2678611
2357400
3201499
4636219
791087
3966432
4657436
391432
1736091
3957933
1499025
3294609
3306055
1099530
3916734
4985005
489002
3798588
2967069
1868492
648564
3374715
940418
2358860
1735564
4455568
3545524
2511957
1762832
831193
4908155
57237
432058
4471166
744018
156431
4630536
4394793
4381383
2550254
3544859
2231818
350191
779984
3496380
1363358
1179875
4404764
2066831
3549761
4312636
1565008
4191129
805537
1167259
3435714
1547112
3569700
3991009
4776518
2777900
657745
1023597
2242456
3531356
2733459
644946
618651
4706186
4768856
3513879
295396
167766
2024721
1266375
4088605
2659898
2368965
705728
3758453
1016995
3106716
1274938
370779
489650
4697455
3153612
3920841
1682836
4452177
153428
4493036
977157
2987152
658692
2328537
3590778
606699
2485290
1837868
2421182
4525678
4595660
2884377
1765971
783194
2839547
601116
2694268
2106914
2468180
4079228
3543791
580257
4704332
282246
4377927
1100948
319330
3540998
2722342
878576
3368501
2219020
4583924
2330226
3780700
4857630
49411
4392322
4236692
3187718
37421
2648881
1833086
1719829
1375523
78887
1663669
603140
724232
2065466
3685092
1770568
3354786
2775737
4660899
4986055
4882160
4607811
2840496
2542940
565992
2787088
4651463
3246140
4717532
4960649
3232769
2604020
4617814
3637559
3050055
4597158
2175180
730106
3927199
2682150
2551729
4909887
3166756
1815
2119112
2489786
4251222
3033105
2572706
1947093
90095
4671879
4412353
2565282
359477
1030341
1149586
1901947
135734
2307736
249674
2173656
277749
3446559
1217094
3012568
3149142
856332
1117293
635519
3610848
2442754
2489686
3805212
2946363
2657354
338207
946302
2890013
3170574
3890508
2435154
3027107
945288
1599620
1554278
4989734
2143875
4790110
1540169
1202519
3536925
2123838
1747273
1232822
360657
1628312
2722472
1879882
4048113
2475236
342114
177291
4808307
4187901
2122143
2570335
317087
3807535
4976521
3248108
2647665
3432436
3800666
1162337
1850802
1712847
4890602
3445594
2183930
1420020
4117132
131977
3856424
1006543
4056617
2698818
2916952
624877
720725
723843
332564
209867
3604625
4995477
2041597
3536756
1623023
49423
3698621
2277369
4968662
3806246
613045
3436479
3878599
1588302
90024
2560965
2335677
2356208
1773958
4917232
1717218
658238
1311318
418404
3595475
156385
1410151
2413305
3418925
3077072
4810787
750919
2409387
3345577
4108158
821863
2258
1083466
61289
4266664
246479
3400786
2766141
4848693
1299176
3359469
1909887
2863080
3672107
2636021
3150385
3240756
2347350
2576316
1346781
3743036
2847252
1282060
1487859
3840473
4726226
411077
1605108
40015
1566420
1142439
198039
1476183
3944773
1979304
1374341
828110
876800
1177866
4474158
4296070
266041
3093424
4887480
3995446
4647703
168176
551310
4197354
1435011
1910930
3542199
1354716
1461705
787371
2000209
207575
1952907
457338
1033995
273851
1840545
177176
4087053
2378535
3278888
4672931
303447
4394281
4164557
1960474
4529308
4008632
1079668
2303377
3874767
4926479
1893999
3490235
435006
2342750
3569422
2424048
602658
3384263
4698407
2386205
1588612
3710720
4177260
4892293
274426
1100360
1161761
4945808
441106
3417602
3951082
1407660
936857
664711
2360725
1661223
4263417
667241
2215937
4057774
3892056
1261717
721333
2013901
3533713
2815093
3425243
351575
3266009
4336562
1022975
2626496
1385362
4214975
3245591
4494636
1723302
3204042
1144056
2962052
1013008
1008605
3572107
2931286
4679747
343786
4110925
216841
1443580
1430709
770349
2641418
1224841
2029761
1995143
278585
2113947
2888657
1965402
3463683
1033799
2861259
4207722
3077481
452523
2810315
2996470
4095924
3858306
230154
3446147
4234614
1693426
4270066
796630
3455902
4201598
4592832
4149250
2543798
1334722
2714215
4646310
21896
157649
18984
4912311
4428437
2495274
2225109
2807936
2097976
3521479
2941203
4922419
2295125
1036091
2134645
4461761
2502302
3841913
70122
4758485
2260225
3504028
4425524
3719920
1105821
3722586
1808005
4153912
1876409
2761214
2870044
846877
3688418
1084696
3861125
2906946
1897915
2299812
567331
3718470
2029811
2377640
2754385
1397966
742951
2542528
1834635
914952
44002
65629
2598919
1407322
4938590
4130329
2421355
3499945
2670896
4380092
74867
195862
1405084
4111373
2473522
4653281
1846015
1381358
3163098
4409795
1117961
1124384
4822073
1083515
498470
1565213
2317175
2734937
4156840
3051643
3145484
2802009
3596464
1169808
108670
1533106
4487565
1008533
2191322
1662211
3158693
268372
4487879
895237
10342
451954
302943
1056352
792690
1339769
2686062
220762
3772588
1738898
306248
1262826
3431172
2478995
3238208
3631374
2286980
1730348
4551276
349472
3993077
3238134
930206
4167769
2498072
4503381
3481499
4062162
2278152
1928437
4654944
4875509
3839514
145403
196786
4259584
1126171
3708496
4620301
198362
3813718
1574531
3291023
4394771
3927246
2033963
1814137
2183109
4850759
4959080
4786159
2879737
1815069
1008737
179365
4774499
1880359
1773502
1867448
1845019
3098893
1498828
782513
790358
443808
1996785
4532655
4250642
4235114
53568
3863143
1827279
367249
2101486
587281
3418722
868735
3846612
381000
3701875
4954549
4884297
4681539
1926373
4336746
2050903
1663842
1003237
3601305
1981301
1397818
3321466
2653169
4468946
4968724
2144767
1393510
2323800
3527003
366962
2256220
2609125
3291276
670307
3760651
4087529
1039018
787130
4404182
3696676
239031
892174
4226890
4168875
4458431
3142770
3829377
1735675
2394757
3981597
2147371
3244265
1461097
579107
1531987
534643
4257340
1512061
2193010
3852228
1557117
3418525
4350298
435427
593202
4345231
4479062
1856289
3023042
2175013
1247283
3319601
3250620
3778786
3938664
1595768
3382918
241199
2444263
121471
3886928
3127664
903033
2836031
3728240
3159306
2300266
325552
3571071
2988555
2000243
2695951
2856218
4619922
23890
155806
4770586
2071419
2107958
2208469
4710062
2261622
1126472
1341371
3082805
1605183
3251402
258824
3002708
2753594
1171309
864934
1308404
3937590
4744813
4978212
2639878
1862230
1443313
968239
3958029
1499838
1711640
4601540
1411547
3842845
1830114
1360972
4627647
2554259
1274333
1394904
2072774
492889
1679340
2135282
1607077
1547292
565069
2747729
2192656
869793
3158416
1765513
3455222
3378478
1827048
4051450
1761119
3596482
186241
996939
3127549
3364243
191961
258851
184818
2925745
3315623
3232941
2153448
189340
935552
1302660
424363
518305
4176847
4199563
667695
1651343
1975014
2484022
1417150
3670201
1463300
257735
138309
3438510
1459409
3506710
3117450
2938193
3818494
1296134
1385461
3485634
3285767
2037525
2666436
4247319
1075294
1737301
1238379
420649
4760498
3112067
2442515
872275
2654197
2925394
2179149
1005450
3288972
2950196
4637759
1724009
4830908
4381033
1941831
1202802
1921531
2485741
2918425
1969055
508236
4072551
1834925
3411014
2743451
2633309
4885081
3556814
4400295
649193
4851406
1631065
1410665
2969919
3420801
4843113
856074
259819
2696681
4657542
3988760
2665877
2828152
2049646
2182183
2785546
4834036
2023084
3603698
815958
2119240
2268900
3615593
2284986
1900259
2646399
4091087
1015290
495976
3019812
443989
1358764
2343961
2722533
3165407
1550773
495822
662654
612439
2183572
1297205
1752111
4370527
1725806
738102
3787409
1964020
2339899
3437585
4845232
2393851
1532953
133672
2084800
4766134
1007468
671437
1866788
546145
4427248
3689910
2270857
8354
3517574
1063267
4082870
3705597
3187430
1584674
2126616
2393236
1215032
538545
2918471
1366839
979624
706756
4832729
2076148
3505187
1638513
2331901
1887242
1962562
672189
297737
2102676
1109938
3697541
2739574
2064684
1869398
1900344
4894743
4315694
573549
1576081
4654591
863548
3606077
3784855
332007
4459237
1443401
1160027
4795340
2519549
4781501
3794341
1474285
2105295
2173420
80523
2369956
1484988
343886
3822275
418481
70145
3094341
2311944
3824184
4881099
1539365
154794
1130220
2317358
1470720
254227
2534831
1680543
2761736
2549607
1138995
2569774
1290932
1339195
802974
1594070
514995
4583299
3113167
4881922
3493002
1420634
2555282
4595097
288599
52798
1955360
1783319
1255575
3819689
3369206
4193851
1470513
1508089
536170
1991836
2564957
3806750
3229109
4512833
761244
3982232
2150127
1595309
4389654
792890
3208390
3154827
3724101
3951557
1243060
2166297
294356
1243153
1934431
3828904
3717769
3707325
2572691
818718
4543963
1614229
4843418
487496
3235399
123915
946897
2274659
223188
4293777
3905061
4495502
1978790
3994975
2807674
2527389
916635
617601
4077752
2360918
2753864
514542
3634656
76154
414222
2606646
3472264
3066455
1010547
3524658
2189615
1355934
2859940
316137
734660
517169
501722
4328775
2335415
3332515
3896273
250421
1642778
29422
689058
3416563
152676
3869218
3249723
2964812
3662977
84133
3898728
309955
540631
4017747
896854
3069294
3887743
307119
2270353
3264071
1415972
1709204
3584675
4942353
2389816
127423
1361743
764873
3644298
1169100
4043324
2660347
17268
3225559
4058342
3558275
4317187
4793487
4174502
4557174
3086286
2257457
993770
2004269
2045799
4515184
3109209
1612962
595797
2938520
1940042
3702313
4481973
2456923
1507935
753837
391729
1301556
3969337
3995533
2326967
340788
3036901
2888735
299157
1029767
1050855
1419383
4854003
2849400
694389
642963
1165511
3347826
4362498
1365451
4457246
4234876
9885
3194810
2511592
2275968
2208619
4478972
2662024
2005177
2434545
4306934
2237740
1763182
4650371
1567412
3747316
661199
1851680
3435642
1198879
4483161
804977
505989
522008
3811873
2110686
571774
517314
230831
3553533
1750549
3194729
2663851
2926547
4057460
918488
1313634
4647733
1756420
4819713
3758173
1345314
1567810
1984741
2352999
3277241
4471585
2295378
2036939
4816060
3024701
3248676
1123478
1093893
2261701
1210755
3529702
3669022
817891
3371712
4860803
4957969
4377080
863187
869333
2158458
967174
1823971
1164657
3520941
87881
3818332
1073385
2088404
4255115
817277
631338
3425958
2928415
4340230
3062038
559250
71246
4822463
2601862
4707980
2840198
2534984
4898807
1131027
3359948
4147092
645326
2263623
1691667
38009
3980938
3350845
3069925
3766167
4271188
667938
2762248
2952264
3907052
2029539
4586142
1377193
3809766
1355077
4708460
1901665
3082860
1755971
1502456
2163983
1150730
3236928
1757552
173784
1059316
2748592
4269707
4757994
3620052
3527806
4349702
3268481
2455992
4839562
4664744
3400960
1629413
3379987
4439879
3123261
3135972
1502593
4233396
4813557
1176308
4236396
1892101
2418427
4035188
4491798
1060353
4357777
523918
511993
3830820
4055890
1111848
3835411
4022398
2854313
217359
4802216
961883
3537354
4885448
1615072
1766910
3533789
4917638
2133441
810136
2348476
3140299
2108164
1431260
4836756
1634423
4913742
1401168
856205
449235
2542035
1492182
3655979
4851776
2235851
1862149
4293506
72135
403144
4684933
4441462
4461094
3263332
123563
549700
3655838
4163064
1252838
3247637
1347520
617292
2489029
482327
3454002
3096537
1813636
3879754
4471068
1785370
2564976
1723958
4493493
403916
1090837
356769
4907157
2725113
4464789
2701483
3821659
3447717
960995
3527653
3888419
3268116
742919
1161706
4516997
1316355
4864129
351570
509065
507423
3113141
248293
2604134
2708018
807074
891045
64150
3353254
3419594
3048044
3264116
2417156
1764285
2467517
4524037
4287846
3084493
3221669
3712728
2776783
1387036
4364864
2702817
4033546
2997353
1604636
1279911
2087394
3600112
1746478
4021592
412190
2811060
4214878
449554
630344
2722706
3929079
4121811
742567
3164279
1498182
3441245
168383
95255
3497320
4496659
1761541
4244256
3960329
4382781
1714407
1989565
686097
1454126
4450014
265037
514684
1820386
2926621
1095612
3834949
4198767
2058789
3796545
4755258
1177491
2703606
3845640
1916303
3959935
2983744
2534482
3985908
3298698
3373344
243138
3913294
1390232
2493410
4269436
3874975
1912527
604315
4285951
4246770
566780
3784044
1350808
4358831
2876159
4436185
4615438
4442309
186575
3795741
3377563
793244
3430144
2049013
2588857
456315
3036262
1250938
2151621
3721339
1851217
3356837
4488776
1095744
1930496
3069227
134034
3196895
2061838
89795
4232555
2597626
4790672
2200103
885805
3251002
4820712
4055215
2728470
562226
859100
3156957
1083875
4063075
3927599
617433
641409
3019937
4112993
554824
2944887
4904563
3938513
3112236
1517609
419589
4718089
4650491
2677582
2456389
1891900
4464417
4400433
3113083
4825305
401785
36819
4001981
4164786
2721319
3910413
3176457
10302
2639390
609535
1097334
1440988
1068380
3994091
3279679
3669754
1810161
4258735
3148052
3653900
4395624
3923778
2487354
1804266
4266554
212127
4853198
3890067
2913684
4432196
2781423
3487807
3008224
1874966
9363
2386970
1704744
840704
3084931
3057501
1251964
3952130
241772
4077593
2304905
3808835
3284795
3020685
422318
4299054
3161640
4003248
787731
1716703
347647
4360051
2595008
2076665
1680357
56321
4676453
4631073
4581861
3891761
1324978
2326598
1491520
411299
4856472
941339
4033559
4774904
3806631
3801581
1555308
3756345
531258
314654
2306723
3666335
3070668
701215
2251843
3796470
4119617
3788727
2829299
3525194
4349161
3006214
132319
4938130
2231648
2962275
620510
3853817
2169063
2224669
886370
4490407
4322498
4146695
3869672
41194
4927669
3019273
2564095
446646
2255306
2200685
1846507
4242953
1658329
1132265
165152
2868050
2043328
1931050
3651143
1436825
383336
2713636
254857
2338005
960987
2285099
2153870
1436054
1615896
2722678
3861295
2494587
2230365
2292138
1094750
2026861
2150408
4996903
3239375
4365116
1448498
4508863
4628666
527277
1024431
3533169
3165000
4582886
563024
2202471
573773
4500782
2843844
3553057
3975092
2265842
3734585
2712907
1694737
1117834
4307946
4420018
3556661
4404991
849995
945373
3438130
3407218
1774100
3867834
3792990
341147
4324046
3283924
107397
1525759
931909
2744258
3024221
2852237
1179959
1406624
2036185
4036750
1195490
102024
237556
2912815
4044931
1360861
4572435
2381142
2774233
2831679
3312918
870172
4139056
1169719
2950056
2321090
575108
402094
3342266
3647324
3022296
2287653
479572
4056475
4787696
4900750
2284084
4257625
105010
3013001
3478570
4427642
2865592
3495488
161502
3785075
4609425
1788984
580232
443320
2241143
293594
404795
1262698
4110533
1551240
2465621
1379702
3428510
376151
821002
1781245
3343823
1216139
935500
3143744
1267753
2295577
2652604
2327279
1637587
4248936
1606233
3944109
548480
2059889
3815541
3950381
4568713
1853678
929260
3755563
2626734
2447741
2899069
2652448
1499580
3618602
2423198
3076597
4526546
2545310
3441674
3187868
3174634
4388689
2649893
3277873
36090
4270777
1378248
3075461
3063603
549052
4510902
82440
521782
1976114
1492024
4934075
2139539
1265730
4687813
3593005
2970856
1647239
4411583
4074418
1399341
1606910
1522372
617309
2143669
2811120
2301743
4872497
1394892
4756025
238130
4479246
4454739
354708
4485979
1547434
1287028
4746595
2355269
345721
3136332
1132733
1223635
1591724
3773212
1248755
4022325
702590
3146543
3633011
18450
1390817
4536206
4395824
3699012
4347050
4361576
1650796
1070831
2277266
4593393
3150583
1742240
2274681
4139362
4210174
2729380
1363947
1891318
2513742
3260435
4101330
4058758
525359
1849550
761192
4896322
752098
4447349
315397
1809798
2080153
1730680
4374339
1736764
789723
2613962
2724884
3409471
4076239
4882590
1610261
1421593
4092697
349971
3043858
1668174
3592624
1655639
247786
2909097
3647344
4707885
2228340
2044097
1587798
88978
1133476
952729
1658255
1159163
3539024
4543271
4461638
1718649
1107353
3402602
3199315
4525910
4674102
3384420
1810832
3795071
1767750
1377916
1344054
4806579
1444099
3232521
410424
2717738
1675273
202063
2918553
3991169
2576278
2295185
4483454
2110212
3546818
4087043
1400291
4903913
1068193
220869
32437
4910519
2143896
3843660
3088074
3847291
1409095
3260124
1848520
4072779
3538619
1445092
3572144
4955468
2624851
1926459
880256
1935312
347819
4786944
4002735
4247353
1073912
636357
4084464
492186
177044
3429885
727200
3528493
145235
2341936
2169538
2262210
4473354
420990
2208812
913378
4987452
1610209
3782415
3484286
2906392
3997961
4704171
2613127
3518895
4103980
2599280
3485053
3621847
4087412
4597848
1304697
3313608
3420307
2044173
207284
2132395
2765238
178495
2144340
964150
1991411
4448530
2257428
1024408
1918719
4479231
321410
4978720
1368934
3160542
3928226
37034
1759048
4836194
746817
2591211
1650724
3386779
3694900
2620355
3708240
756407
2289612
212270
3267811
915155
2485988
4707058
4791404
2253252
2378663
1870981
666905
4507875
4505661
139127
3017575
1757828
3637807
4471668
4977856
3102129
3936200
1803087
1165889
3687937
1769183
1045013
1783732
3146816
3774246
3943114
2256308
4463984
3578584
4969028
1617320
1787018
2033730
2127976
2273397
1879131
4128878
1128352
623029
2816202
1484556
328568
972120
1456576
318967
4449881
847221
1397219
3941355
2016452
383362
3362722
3758204
1022406
2526427
2081819
199812
1481209
1034979
1732394
525251
358295
3856214
753377
1013215
2387408
1176415
2563934
2573972
3558960
770104
3525234
666880
2738776
3426555
2197388
413102
1353642
3693106
1719224
4632790
1172064
4495986
4978903
2743902
194690
3300870
4117231
1432043
2257719
3563611
1137588
584432
985775
4329936
4705025
732982
2832058
4875977
2766873
3666807
2811355
2694941
2678477
4010007
1890135
286178
4957441
42281
2020498
898425
81876
1652564
1070621
4852697
1907650
3967583
2201483
3604797
3120616
571001
621565
2504501
406788
164616
1483102
3185765
3906554
3758526
4077085
1526194
821251
1556018
4332804
3951503
14298
4164536
2881861
997490
1559569
1699581
4783422
4359978
505223
622737
319970
1086582
514715
1625989
2949232
981130
890712
1953184
3319666
197020
2302120
2196810
3332705
1137739
2456467
2782572
2160140
585071
4597320
647090
2147192
3380017
474014
4731571
2359945
2679106
966681
3972675
2124802
2805318
3976638
3505328
989337
2896543
2323602
77205
2437782
2382246
4110631
4131580
4576360
3478361
1017705
2150100
3073304
1493210
1357566
443281
4675382
4062290
492399
3894918
4980746
3101227
4197076
4303039
1906121
1801345
1920642
596809
3939832
4629339
3082504
2557960
2233208
1474621
2883202
3562852
2287310
4843676
3305501
2995345
1450841
2756757
3469952
4510125
4576343
2440482
2802326
1666364
1099049
2327626
4606574
1765325
1697805
494710
3785527
271403
4692213
3629089
4835714
1434099
3109240
978962
3368300
830964
2797450
2333044
1904800
4030632
2154389
659482
1691684
4327943
1675919
3663699
3734290
1544860
4743918
545866
3429035
1923324
4444374
41830
4195138
4585102
1120522
4057315
458383
2702742
2705875
889295
2960521
723150
3703121
4145764
2095940
2338629
3863606
1752193
940646
3237632
607724
3310174
3964292
1340062
4010259
1677379
753412
2363641
2805186
3404716
1074043
4010976
1894395
2395978
347972
4455561
4066656
3179538
3042807
3660782
4754269
4537262
2087050
4180166
1168318
2224775
3029434
1038080
698309
911915
1151081
175383
4606238
2936910
1931969
930747
3862931
4478629
1418897
1419808
728132
2878608
1067113
1078959
2267263
2694266
2789373
4911381
1295911
4548946
4989668
3523347
4395099
2450218
2963468
4932479
3692122
1132061
1131257
4320444
2696476
1094430
2212115
4196510
4485437
4558698
2953430
4461606
1989085
2879704
1748835
181128
2728981
1075365
755525
3810124
4738486
463811
4844184
4354925
2709390
3671215
2931063
1931795
3368879
3993565
2614748
4384975
4069648
1816785
996563
778254
1382390
3292799
1683359
77621
1770469
40950
140899
725119
3694510
4865836
3043048
1194334
1262715
1269520
1236714
4471047
2300173
4385229
2547641
3264697
651131
2892087
297394
1107478
2666651
2779508
882818
2911828
2273934
1771993
3947519
4063710
685038
539345
1357360
3142736
1718391
583668
1691605
1710395
468567
2776418
3113612
3814358
2032612
1540664
1118279
2100376
2271223
3616215
938516
1133067
3823304
2565800
3717668
77853
2767948
4605153
2244150
3467124
322977
3534001
2601050
4834720
2125163
3661186
3621911
3882385
2646142
2869896
4933581
3160364
3360253
3533092
890173
1190116
1509447
2051854
2981429
1894505
805166
4404101
3142033
169300
4726599
4188702
812286
2782895
1812617
1640445
1787435
4922209
79338
3441537
629707
603975
1169374
1955117
3108339
1849660
4317019
1750176
304378
2087363
4303697
2966006
1162950
3303649
4816405
4331338
2327188
4722724
3370776
526732
204817
3672590
2617433
335546
3258431
72432
955034
1138915
1547892
3946886
895874
1797720
3915756
2733811
595332
1086432
1895319
4727829
1396441
3666803
1998886
3586256
3598161
4086941
1290719
469949
1413541
1287689
2688809
1391486
1374972
121030
3153990
3996320
1522733
668381
210745
1683056
3703150
4124763
2649436
949589
2505903
4851679
3645403
3015235
3803845
4736114
2297769
1128422
3256518
2370741
1114499
4043882
1363840
3738645
4907507
2717157
216297
1722676
4988856
443582
326811
1522659
4362609
2940867
4606158
2453523
1240675
4681275
4145505
3573235
570247
3115032
3547865
4573334
1792006
4753238
1493259
2047979
3577422
4948703
3798255
4459842
101172
622226
4221953
1290804
1134284
309184
3252481
3092988
4145930
4716938
590343
4455849
4078975
2811878
4184861
3272860
1325826
4430571
2518097
1738627
4667699
1904347
2080601
2211082
2837910
293017
4050613
2456925
4943807
3737848
3463738
2066140
2524362
2349327
302449
864636
564256
2909665
3041535
3740844
1513704
4958418
3015380
2319092
3275509
2914537
3601829
4603973
981708
1538190
287117
2476925
3381516
2667082
2156464
4475740
1038616
3804310
3086498
4654140
119396
2160387
4881188
4026240
4326638
406473
4132339
4859705
537858
829249
975907
2150036
518918
4243720
895075
4570332
1370787
2473287
2542172
1133059
4432907
3312323
4952203
2694414
4130473
1188943
1190801
4678540
3589263
4589471
3108574
1904329
4156389
407712
2490075
186046
3804235
4310368
3980032
1978377
3703675
317659
4662859
2389390
839224
501580
284502
4515041
380122
2005055
4654958
2897222
3381502
1908540
4130010
3966333
4529442
980198
721215
4876853
1978212
3993271
3839725
3686557
4166223
2006105
4530323
4901562
260548
4492776
2439825
3793305
833901
1408620
400362
4651902
379935
725219
1059713
4582444
3419069
1538687
2567312
1695236
4425322
2726927
4177619
1024835
2166188
3426148
2896184
1991263
749244
1821444
204418
3436598
2704193
2094021
1558606
2856944
4823130
2912644
1321644
1299160
2343481
3917002
83431
229013
2759001
4624879
735193
4162516
3732889
2091686
2083265
897235
4990576
4229248
4055462
4057477
163861
4979332
4103601
3172031
420006
3758093
1605146
2839114
2134692
2982937
2512987
4053278
2405595
4747415
1303331
990243
4029573
3806062
2578241
4519934
435677
1781688
3791681
1321530
3559049
2315320
3419210
1654916
4679015
4429627
2154380
3058843
1630042
1576155
4547216
146999
2237091
4942319
2717446
1518407
2204238
3084814
2558551
3556000
1279566
2329856
4745092
2738881
1446243
2626963
170416
2058965
2539450
2425981
2098449
4512453
2411934
3222408
2003180
3596756
841820
979297
1374993
310258
1230121
3923879
4429202
2905677
1363049
454649
1346887
2376908
734658
3342431
4550003
1517972
2755905
2846269
3716338
2644332
4595553
4651027
3068104
1048165
4216486
1170368
2370668
3522982
2610507
1561073
2643286
2358663
1040083
2476437
342296
3961124
1188157
3972117
767701
3856738
257941
1481944
1246198
4239700
4328171
4590688
3880340
3625605
3488324
1062338
845631
3626675
2354060
4753236
4806234
3920714
3978302
1098125
4647051
3068590
1682046
3825178
1969316
2061083
3845754
3994378
2468135
2623606
2467383
518516
1859815
2756318
2385864
3640601
150671
772445
1818082
1143470
4406084
4441046
340132
4644575
1289513
4598633
4307586
1063821
4950171
624968
4442661
4892076
4270571
3138091
544918
4395382
1367439
1278469
3349124
733150
1626075
3928790
2481786
158644
530499
1986612
3489609
3766161
125481
4974408
954329
3010624
2354740
4211753
455843
4682739
4743102
1214203
1585315
140103
70856
4074626
2124063
1835276
3739266
3360514
495158
3510551
2396029
3465027
865435
4444672
2694004
3598626
319121
4529974
562499
4354146
4283606
4070696
957505
1411041
1610557
577040
2557138
2731791
4982766
212147
3023816
356792
839617
2890088
2386825
396997
1938249
1805185
3688228
3023495
4072137
1486842
4734990
77622
4063961
3194964
194592
2735684
2092693
3270671
2520235
1248794
4602085
37500
2363918
4462499
3988757
1235386
1114460
4614849
1525336
2783417
3508095
463833
4375022
1189463
3108495
3184256
1283370
591817
3880412
3474587
3363661
4641937
2548000
4063031
4491386
1766548
1343638
2623990
3903418
1864558
927552
1685261
2331430
54898
3982979
1782851
4624822
3992373
278060
3504307
4609170
1452929
1368520
2728127
1094955
1454103
4138840
4650166
1149512
1608798
1722037
282855
1562997
3616925
2990618
1537518
4389590
4315476
2133369
809892
3535505
1087626
3862257
613424
4489402
3932294
2332620
4647246
4232394
3392999
1884266
2181015
4083829
2632047
1950630
452319
1832906
3427218
289388
2156478
2663331
277055
1610153
439569
49825
2721999
4363023
4318738
958037
3821319
1371380
4209287
1331441
354778
2698785
3078671
3969682
4050759
1845457
2379464
4153643
3164425
3406880
3260297
4319977
4068889
399835
3141750
4161600
1902842
679252
2899196
889983
2258205
2364470
1139498
3505233
3047171
174953
2991030
143468
3454329
3134767
3651884
2979217
699607
4846900
4867573
3813141
1815446
2658556
4619638
3849294
1723181
4018886
357105
4465265
3981159
1581477
1437460
4067971
1762198
3012637
2653383
729249
3450980
3613429
424676
4284882
3694155
3594280
4417801
236404
356425
991083
4199943
879975
1868686
1893769
4261543
1631803
583502
1299100
641925
792302
3816464
3355697
2373258
2140274
3253884
2673948
3318836
3922
1686304
1995277
1406752
3562226
668120
4148367
3471432
3266337
1320216
4433052
473462
651726
975762
2831806
3461376
1925222
248322
2529080
3657590
3752719
4996388
950641
2265733
2667539
4764314
1580522
1339979
3576858
1917042
1355331
3227495
993267
3124106
3524159
3413878
3506237
582598
2746091
1979249
4535668
1643343
3766592
1101434
1934932
4709201
1524975
54740
465658
3533119
2913897
459920
2123632
1803440
3455496
2782257
882824
2998621
437004
69909
2844473
4699753
436354
174637
1277701
739695
619846
3072340
623795
1010793
431839
508058
4898197
2986449
208260
618157
1796552
2674850
973508
1862999
1433224
2022398
1615118
2951765
4237946
4524765
3706055
4596046
2570557
2119019
2860713
3239009
875451
3893707
4001580
3547939
3129920
4947374
3071639
364306
523606
4876988
3036574
3621696
256346
1928452
3462395
275455
2789448
1047074
4802586
558387
1567181
3208670
1808112
1446014
4463940
4877113
3812014
1478305
433829
808006
202502
944979
50377
204011
3572512
497937
1949136
3083743
2004402
3464774
837439
1344272
4815027
3983260
3609678
4385822
2843300
4901394
1095633
1609567
3344626
3227610
310980
2930272
2680457
2305277
2755323
307394
186750
1054911
3535379
1217936
4851388
2642725
2586093
2135350
3025385
3152477
389185
1864859
382216
3843245
1416780
1935281
1185476
3440495
3138748
4309452
2918153
284829
1164788
2979406
4496693
425161
756406
1332934
4669347
1433372
1028339
4611697
486597
4571137
1365618
914074
2518219
3128098
4366441
207170
1808511
2725003
3538938
50329
2434781
4167450
3420220
2554288
4978956
2179370
3285285
2498074
4134724
2161173
1113314
4924406
3891122
1944940
2495975
3060797
4942038
970925
466934
2168175
1407243
2233064
1758132
4370214
2033072
4789887
4657989
3023828
2298967
184761
2962115
4087784
1204168
3243681
4682360
4071862
2273805
3600883
4845565
4479762
4093394
3379208
1769664
1165366
3045410
4166793
2028294
3252172
4934379
3725025
3893456
3577728
4447115
4641797
2532699
1980146
3121332
1019101
2492960
3933257
4209884
2453611
324446
3345971
4472299
1735351
4786973
2015970
3199790
4677014
4914191
3853270
4257524
1118835
434283
53198
1623821
3261038
177912
1483873
4500515
1324604
579279
172478
4240263
3700726
3208317
2465701
3009568
3106025
1062896
386584
4255179
2824439
2752093
1767903
4379660
2749406
4521210
1235928
112256
2671927
2511465
3838981
2239520
1455288
3837167
965017
3405658
3070449
2115183
4970018
3124503
2205420
2647027
1317071
273392
1054514
3177626
2327284
1371899
3705283
4517376
3289936
2204882
478181
1239470
1927421
3442289
2903852
4320394
2740213
2380837
3211370
1466298
1760069
3668087
2445878
1213376
607368
952440
4834408
2958043
2012975
4210284
761575
3326016
3184077
3335597
4748473
2616295
3888338
4509074
567480
481531
3114862
4273649
807088
2143508
1769420
3940128
3737452
3890826
4430233
739662
1052789
1618753
1873318
4375425
3949232
4411580
2414940
3906717
459380
3686467
2868244
3608196
590698
4984937
4171650
3663876
2769766
321260
2075233
2450219
3943970
2764295
3578728
3390927
4602885
4367112
1791029
4187802
4746481
3456646
4303984
1906003
1558177
3162677
2788047
1586358
563591
4170601
2396560
4676841
2310356
4545618
4211965
1677401
1498118
2471250
688990
490011
3490196
3973940
2506155
2263080
4593323
3608140
2934505
3956303
2535340
3627617
2919718
3476737
2260932
1878742
4156830
4795523
173407
576183
4770813
3575272
182790
2902358
4287095
1303934
1820734
3408113
4520934
1878454
1953337
4684074
1852501
899695
1276876
603726
1468419
1176993
4371099
2091409
1480125
1471639
3435510
1540442
65675
3832
4459999
4110072
3003145
1174928
777471
2928207
1379415
918377
4565755
580293
325683
3626530
2161824
3703420
2862782
2199695
1726038
4825655
1115999
1086018
455130
906746
4681589
1706524
404117
3901387
833276
2407010
3395743
4677878
4725249
3170672
323833
788425
4364372
3409815
3464820
408655
2841970
369154
3198483
2653202
1760814
2175444
1333424
1317270
4813722
4783135
2933745
843670
360654
2814503
1878349
2785972
677052
572923
1097514
1476870
3124409
3059104
2267790
1247064
1014239
2126744
4905015
2733704
3861737
1031243
4518964
1517083
697172
2925821
4183608
2275754
3574946
2536424
4354539
4654428
4085640
2880480
2618422
445549
1528699
291706
1178317
2773122
4427716
3057019
985602
3116287
683495
4321796
1772668
2676023
1149302
2949205
1776270
3071108
2229454
1588980
1637517
2940097
1517998
3239460
4116937
1476674
4383280
1296428
4889057
2659638
2630358
331185
2470238
4853388
4116266
3542472
1752297
4385725
730393
4517793
3095501
1303703
1458592
3558089
3902221
1226317
161894
1682746
3567413
2234854
4095590
2898663
1228895
794460
1757146
2150709
691747
2827834
494992
2218852
1680651
743514
1285371
3111694
2306423
4563502
4348401
3921350
362811
2616589
4627069
838209
4367573
254097
4618164
3801806
865769
4799192
19672
4202590
2071583
4879887
4650120
2772378
3682142
1581144
3939583
3189356
1315274
4796111
1782666
3929095
2940060
3413129
1410238
4341402
3254977
208791
3318069
3196912
1377694
1026907
1566813
1147192
629373
1027838
286518
2047721
3126509
560177
268267
2905112
2310659
3046749
1330349
1038672
3208884
1434616
19721
2539840
608669
3863868
2566227
4396372
3570354
1800181
227021
1550694
3988374
2812315
1129459
3411793
574289
1019891
2548584
475168
3814900
472574
3289526
4896638
1053599
1874072
3501766
4262355
1564326
4147193
2507739
2477704
3449629
1848239
3757330
769535
2244910
4602285
2630736
3916884
4947602
4383828
1719584
2549701
829192
640315
4867428
3373062
1061821
4908294
3716503
2308365
4069299
3510345
2378061
3979016
3876856
2319050
3494955
3354614
4355208
306055
1178390
1112347
3798640
4857300
4301201
1671824
4066024
4908753
1958066
3459348
113845
906931
2645591
2260336
1387454
3707465
1274920
3931138
2266371
1452565
4496845
318926
4518227
4305960
18616
3611986
1768210
2588601
409484
2633229
429180
76050
4114942
1007110
175134
590459
3186999
2834938
4219531
4077077
4855948
329945
3997746
1383802
3184114
4331891
1005756
2037981
706291
1049846
3084766
2187590
769376
3287839
761337
3131292
3866479
3668370
4678658
1767057
1704298
848643
2073831
3870770
4671621
1552979
977296
1799003
1578580
211644
4838268
61710
2171557
131005
3317972
730995
3959374
3000015
4629123
1304851
549845
1710139
2796798
595984
4453127
1413084
1782214
223724
4208201
6684
509931
416703
3181
3544961
605825
2447847
4111665
4639916
3870786
530040
977400
695726
381236
4221030
2209226
3756067
1594283
3677661
3348968
1591041
4724252
1455529
631608
2230146
4166875
483881
3378654
3359040
166895
3253953
355706
3288792
4457390
870379
2884515
3250267
2032307
1889344
98254
2634180
3344913
775985
2748432
4234221
3880366
110101
1098292
3780587
1521890
1429968
2462882
583289
2872616
4935382
2505481
1695385
4886346
4663102
915697
3301321
677121
2577502
4499921
2990535
4467609
166820
1769369
4108665
1652331
2280035
1339799
827671
4108309
966104
3664178
3266074
2852427
986248
4422306
221911
3965353
3408955
121623
1822960
2265280
3622956
1580952
3546607
1162572
2515526
3082216
2960825
2670200
268330
3912172
4137751
942998
2056232
1974269
3639363
2242711
3152608
4304564
2859203
972862
165925
4179554
1354290
3258618
1662101
3097535
3830565
835771
200891
2612417
2458412
4055145
3602377
4183542
3067925
600609
2200380
4541205
3533007
4570557
353360
4183342
3625382
2807594
960856
2936340
1316453
1829586
4223396
4312660
243522
2639458
243451
3086468
3098107
3673630
737126
4254837
3728850
78953
718624
4548789
3249796
176016
2469744
4889287
2700385
3972264
3039380
36482
4254453
2010219
203662
553064
3212177
2137911
1945904
562273
383199
333978
3092031
3295899
4932493
1880261
4246393
1227788
4792658
1759827
2375014
3118271
3400969
299707
1341133
1846449
272352
3700549
3974091
3674098
152983
3322026
4587566
3960028
2232726
607030
1311492
218437
355162
2449012
3891636
3877626
4525819
4150853
4300507
2101544
1250230
3735619
1003288
3756383
117753
4468628
4794056
965851
2455648
4130072
2533945
2315843
1253415
1562328
2810338
3443001
4460631
500365
3404720
4899132
3490013
2762689
269073
3067938
2309908
597824
3300494
1456611
1717760
719622
4728947
4892858
651982
933480
1297879
380801
260015
299881
4842024
756381
2990965
3894698
1095924
2947541
1219653
4340334
2529542
848185
4116701
4057572
2880468
42715
837846
3546221
882080
4889140
3999833
4769026
3290643
470823
307214
222371
3717107
362689
2077259
3874198
2672319
1158510
4367990
1346193
586945
716517
3576546
1889851
4178156
4760230
1788226
3422775
3807799
561935
1297768
2096549
1274100
4928945
1342660
2509424
2916240
529490
4067596
1680705
3780331
2889340
4504377
789849
2273483
1677592
3548622
1686102
4005970
4678313
1369452
4739666
4431414
2195277
2322515
4406538
935088
462298
536125
1856581
2072212
720449
4050035
4302038
2646072
2004218
146787
4256199
4233945
4908768
3808047
2205331
1727995
1876922
2444317
4943271
1465067
3508781
783999
841771
1366295
3920601
2103386
1477494
657682
2229674
3526851
2680513
1197425
844146
598867
1270188
603109
3953023
3838668
3674735
2747361
1198491
3450636
1051758
533182
2075600
2219699
4292975
4394769
3741207
3903410
240501
1836182
4244092
2080851
4246619
595327
1387890
154581
3280886
2314872
4160300
486814
93207
2600901
3261862
4208405
4650155
4036218
1737487
2579092
4864301
882849
3639794
3970491
4563314
950100
2895863
2610970
4231024
3771154
4662653
2177646
4315880
1855973
3980573
4590801
570040
27796
3936704
3501649
2927080
4965795
4450332
2289944
2995011
3968326
3400117
1215108
3271719
4650968
3119629
3601588
4813663
3681955
2198377
398426
2714003
1180945
1249476
1701772
1778526
2877175
1219609
4737769
540656
2128354
2480650
4413858
1990713
4837330
832752
80752
49162
2747086
3275430
4127850
4077118
1304080
2206296
1322725
137848
4536233
2113584
1189522
3532752
3029986
3828226
1764153
3716171
1443900
42290
4029407
4979998
2785713
3174361
1483006
3618282
472730
2942126
616198
4944704
2015629
1502395
2382391
4245614
4550075
2411068
3620719
2565480
1520568
2072674
4806106
3733082
2936202
3582951
537416
300111
694374
1945944
3186434
3540751
1148720
2033224
1574599
779039
1109899
3919613
4934101
1680455
4701491
1622313
2743681
880371
1956421
1981360
1576126
4505816
2141890
1406041
532620
2654036
3023891
4025012
2752251
4236222
3378145
1547353
519778
1945803
3992882
3374689
1880373
1660736
987827
4715271
4948982
4469297
1280244
3084924
745633
480286
4304098
3780995
4357144
4859280
636485
1418606
4335144
1469981
1271147
836393
4974512
4014462
1070217
142465
3260569
4041450
1416639
454725
3747743
3975127
2856551
127779
2127034
29891
2315372
3096450
496768
3104162
4867327
835929
468639
327587
3836198
563801
3948977
4836983
3392329
1581039
2694951
4458452
1699445
276564
2833987
2371787
2477652
3380166
3600597
41314
1196582
2300140
2116319
145432
4340005
3198365
1729971
2795395
2642634
1129535
3358243
4897678
2982727
210469
4016516
1823480
3883675
3046197
135517
4556030
4225099
2646582
4982404
404422
2288287
4887293
2703702
4646522
2357397
3364453
1604669
2263610
4627043
3697450
792746
1961591
971073
3389021
2513378
3634887
4609432
1154430
1584233
2634674
2545139
4620689
2538999
1561894
1386493
4197415
3345074
646246
61807
2913848
3527717
183575
3583038
1000038
1177579
3198919
3335396
944470
1077965
1144541
934660
4728867
2536127
4168768
1561839
800364
3405693
682463
1366005
651486
3498746
3205384
2449004
4359658
1852423
456021
2467446
1012454
949805
1408062
1172572
643079
594631
653278
4312845
1536008
4271673
828148
667010
858394
599163
1681725
3859501
3160489
4736496
2144506
702564
3667114
2061157
4719855
4739924
158589
3766135
4584114
436812
1585998
3918480
268607
4008908
3001015
3189074
760078
946994
2841925
2296633
733510
2038390
2009574
1557262
1489574
115302
1138192
2982997
2785005
1781433
3332768
482993
3835291
4833635
4591810
13882
2456221
3400847
1195460
1999325
4025884
4606509
1832693
2594009
2128604
4720711
91115
3105452
4159447
4377367
4879363
431243
3721409
775297
1887427
1548277
1999423
3304773
1933431
1832406
3584671
4478975
3659839
2036820
1226766
4108145
4390915
2398484
808875
2203043
416715
1196623
2960351
4870518
3387288
1365740
1415820
3443048
4623766
2666399
2681309
3093086
4598159
441417
4168800
1043418
2141664
345606
1284455
1192899
797296
2251795
159668
1496392
2083828
798154
57449
2270817
777916
1078599
3115077
1331307
1882412
2193000
4052151
450914
1465734
2926689
4904410
910428
2932544
2729479
3489016
1683650
997701
2841052
984718
3126127
80992
2896637
3032382
1522995
4080917
758325
4667622
2689293
4304567
1313167
4268062
2214793
568889
4496116
801765
3661474
1998466
3184700
3512485
4619397
4291195
2205557
3088695
3398996
1692186
4522059
1782658
2146709
2945294
4747543
2150943
2236874
3206082
4090
563874
775429
72383
3113633
39631
1165420
3621449
3428242
4392674
2706223
4688819
3365585
4804441
4237505
65300
2564207
4703662
4543372
4539453
1814040
1751791
2018058
1223862
225573
3199294
4165861
744190
1518237
1907451
209783
3541613
1372990
3513144
1991117
4569816
1623646
4073165
3674550
2748891
2501089
4019102
387288
2492346
4554439
464859
2084364
72884
2820804
362824
4184020
1606447
1959623
1265444
4073374
2743334
676020
2281006
4978452
1048993
605180
3936258
4800218
453861
712638
3488770
1357286
3904034
4129526
3573753
1103852
3404063
3173077
276519
3924771
621440
2125161
4083880
2196746
4517041
2061125
3170537
4962599
1252029
2164491
3209509
1228406
3994085
757777
2309248
2503735
2978700
1797204
2039794
3119215
3626154
1732178
3280766
1182616
2024635
2011600
4214702
4834869
2200137
2568771
760487
4728418
4128576
3818675
1924629
1334163
795967
2705294
2895840
1083415
573414
3113030
2058242
3590904
204665
199783
2152891
4164215
357381
2878751
4642888
3900116
3613553
4191487
3168621
974315
3542034
2926485
4350023
4174316
1930297
32527
1606125
4844088
3560947
4100310
1721832
308298
736652
3095553
2499242
3300446
2726676
1840731
2723259
2011079
2959256
2924827
3233634
4336044
4691218
3011603
3774375
3143694
2690665
16409
3967348
2229045
787141
3604471
2794052
1481398
3736873
2386905
1598844
799196
4879699
714501
2381917
1419608
747241
2062606
3947280
905783
1317419
1006172
2143704
288670
3111529
176560
1230948
599255
3333432
1845635
1054205
1270385
337322
3854486
1807882
650956
3886946
4765261
1421055
34349
292851
4076223
2505421
4328504
1390389
1389213
1776389
1645462
1778266
2994543
503027
557189
2817529
1079327
458476
1042334
2417102
2513887
3553154
898860
2472234
2667272
3326892
1887734
726976
3274425
2943851
2994263
3588479
1680334
1733233
4641776
2480293
4927642
1497463
3319288
3580760
1816441
1956783
2646176
2729051
1229085
4962253
218128
4501624
1295573
1041615
63364
4591296
4592576
2547471
2780633
2300162
301457
2509935
4808323
3471094
2612502
255997
3941007
3110156
4763810
4782250
461666
480657
3474533
4374483
2254087
3181674
2592688
1114750
3120617
98927
1089990
1681107
2354788
2606607
4204794
1759291
1279649
1281395
2710277
619405
2660480
4539649
1300719
752694
1057920
785401
3586392
922067
1304478
3188615
3488300
2424708
2154365
801167
117534
2559813
2232958
4054667
3781921
2014480
3235265
1144708
733988
2275150
2402646
2837056
1703671
3691975
1993455
2632482
555579
1658627
4240421
3108093
3761489
2012394
1679064
3407054
392053
869791
379263
1246324
4128296
2044633
114095
3166574
2338378
318872
547480
623190
3895017
4346463
2274988
5418
1694984
3976357
2302114
4042554
1860896
3767490
4951026
2902658
3993112
2132999
4187660
1928653
915233
3363890
1681952
3783225
3973883
1570912
3685554
2679167
1893994
3736474
3118068
3755261
2098441
273084
4262357
3026725
3245704
1964628
3936132
4651651
394571
2422365
1231470
255118
3893287
3122646
2662001
517477
1381907
1192394
4361758
4053897
4727296
1737263
4943980
2273631
4283590
357361
1350972
2782731
3832120
3404459
4267034
4459240
2180580
3642871
2789232
3032497
4730982
1221881
1999972
598414
1571547
4151360
2943588
2790728
1692001
4196293
3656488
105143
190594
4574569
3256789
2655603
2208060
4232083
1741924
4601091
4489381
4965674
1022298
4427177
4133730
2822740
2205452
2519613
4342319
198569
2835883
3511511
3183624
3680088
714731
4430442
700213
3583361
1612364
3153329
3740308
3903230
262987
2440727
3705605
4419396
2987213
2721758
2778985
2964143
2633891
1650621
2018878
3480752
3064221
1200058
4731095
113386
4445644
811701
2920608
4423346
4044732
1551984
4647649
4928122
3002352
1287117
1144313
4820395
1164617
781310
3394871
907033
1191446
3746209
1997338
4055626
1336377
1156109
3804425
3384664
1135555
4264389
453014
2912469
2510264
1688711
3400871
469454
4531094
4010174
3553112
2626550
2410253
3693285
2743188
2326756
1101401
121287
3657642
3085405
2311252
806035
2573415
846257
967991
4460566
4802255
4120590
4689375
4282568
3679587
2004618
2987057
269656
1216841
1496657
1988579
637708
3480056
1941534
2269167
4197155
4331914
853296
3080521
4528001
2403185
2330369
2613067
2052974
1654988
958285
981966
3791833
3113893
4110074
2194944
1376081
4973055
1059376
3405880
1167987
4486818
755069
4980949
4413330
2838362
4591913
925651
4872023
991934
2752294
1793865
488161
3584662
555362
2385056
2261003
165618
4036174
661773
316509
2150935
2451053
4160583
3664029
4212013
2909982
2260522
619987
837954
2204815
1481342
2740521
685654
714963
3509278
65732
1771942
746988
2002389
1829695
4464684
2926073
2199559
3583720
3686385
1341950
315321
1394496
1978867
877894
502935
1538012
978885
3381748
1808245
3537270
1069759
1747619
891803
2296092
1010554
3099124
3397274
2273354
3432961
727080
37688
2802124
2700829
4120260
4968858
3270773
3595933
1650047
1129156
1987857
2772300
2106195
642006
1383982
837170
3737697
1957097
2831726
373482
1782358
2729906
3986440
170638
2812655
830861
1623509
4900120
1615865
409034
1835752
4955444
3904159
4400920
397827
4374286
3061717
2537464
1982082
303859
4447263
3849686
3556035
4879776
540320
4005103
4146888
2089326
4181787
3606718
4061265
1651533
3219318
1168055
373336
2758387
4023331
3251636
433857
314577
1869282
619496
3444837
2133412
491273
1795314
686003
2203880
623304
4623263
1338030
4016862
501615
1535206
1691887
1357205
4959891
1812319
1104335
3930403
786064
3940159
2774676
2387314
3470717
1993759
1984371
1732134
3122992
768222
3232693
4642798
1949734
1838580
2067979
3654083
1831239
1663675
3619622
2459083
1579943
4676654
579905
4776611
3054605
600702
2029439
3033536
4584161
3695360
3116100
120830
3816245
3260338
3225902
541669
2023742
3644804
2824664
1480334
4397325
1895248
4732799
1870390
3276059
1414529
1804972
806304
1026254
1812866
3837252
2745569
4137120
1003070
2265424
2030223
3343612
1142606
2155306
285968
3659225
1788318
899511
394171
2538857
4811945
4118911
1011067
1854071
2239996
1316897
3260944
1977005
380924
3350349
2244909
1020123
1436516
3922512
3099657
2030927
4162707
4826556
263976
3721218
988760
182139
2213365
1892553
364886
4208012
1111716
2910765
1072325
3421378
1198329
1536717
4188619
3770745
35116
721582
2730912
125848
1688320
663741
3737666
2915477
2808188
10104
2090629
1118398
1812248
4280004
341841
4829703
2620259
694564
3218826
3645616
3296241
3176026
2973329
35860
1935300
1187886
2669607
3440164
2365160
2675515
1587668
644797
2876594
1524055
259522
1295989
1141202
4602761
3527889
2936285
2955657
126935
1304538
1732059
4138530
4381887
3394719
1396369
3002098
2138448
1814545
326893
1338434
1265340
3527487
3423480
695152
161601
4607645
4007457
3059896
4075334
2126971
4000153
1523596
1491566
728410
4432892
1518912
1844889
637837
4725481
3796854
1654008
2879625
4709452
2322167
1211736
4585339
3472380
566621
516471
202367
2603971
686618
3817441
3880210
1194228
3593118
1578339
3507051
1546362
2559676
2652136
743014
2947479
4326828
4248059
4855705
807640
1407265
2255468
4353247
1848087
2567702
4107903
3963922
1746585
3868563
663973
4260831
3969670
1768885
2119662
3314441
1494499
4135037
1450982
1767735
1979159
3275131
1435629
3569981
2144468
2941966
455195
4652291
4581657
2013045
856395
1155710
3127989
4949888
3346574
3092530
368504
73651
3201497
1771900
4140560
2547053
1887090
2812368
2448745
2568622
2022584
1977799
2623765
1075135
3021404
3442324
1975322
4256654
4846005
3028161
366141
807396
2719732
3272954
3489573
2570616
3526411
4447386
3101937
4307214
3502817
3272879
169298
2467880
2808672
3591747
3388512
2571032
1346628
4464566
2814287
1452297
2385411
455173
4033041
4024464
2468507
4926461
1691610
3880732
674684
3602244
4739790
566746
3060559
4100571
427685
3352426
4227627
2323736
3975450
1968739
437537
1758939
4000786
4151657
2847663
1044183
2931912
1749858
60021
4141044
61508
2566053
117907
1100640
2094682
4429373
2347669
4839357
2837551
3480630
3280696
4202794
3027358
427773
1650307
1664875
1325782
4008244
3348514
439955
2018048
2392476
2648675
3566670
2343030
2186792
2614796
3286379
1419295
2431304
748951
4824214
880061
889748
2001562
675094
4187140
2860240
4928853
2016246
243423
3238966
3065997
1374082
1067332
2367095
4476036
4345037
72762
3719536
1579086
14091
3152106
4682880
2751266
2624741
267413
649569
2340894
1876608
4577143
4202160
2720364
1730265
2138223
114243
1162151
2048202
1539753
1266869
3618387
2671196
2030816
4098855
917412
4250531
39443
725449
733696
4324416
3812714
1739527
2495996
2295507
1436904
1742425
2379287
3454779
4346426
3979073
2599747
868541
3943839
1327886
2294541
1676415
437861
3707983
2803306
369495
3620349
64699
4185528
2335972
4136207
46293
3405156
2888277
374727
3707378
2359460
4018183
2654562
2681027
2688975
545729
562115
1932597
1908460
864301
516416
2394918
1828710
4671109
655739
3499084
2131048
3400900
3819175
3002376
2643080
1759870
2904452
3870969
735077
4714118
2325641
3470866
33359
4125189
1720397
4057899
3429038
175364
4606635
4369188
1346588
3492225
3450944
4919451
65962
1862514
566675
4967550
1604896
660945
2702426
914998
2715413
3346664
3775011
4485915
3848743
4040509
761758
4403295
2211379
3309730
3323098
391021
466089
1930266
1308632
122275
3344155
121830
650166
623423
4931425
4902162
3685408
3704266
2907119
2104061
4873295
715764
3725553
3384100
3012335
3771504
3698532
1349637
2572480
1105327
3337231
2231983
2026667
4101985
2680607
844780
180762
2215478
4947583
2179212
1641112
2284408
3604140
1316296
4601707
2504592
164197
4468515
1218121
2670145
4999724
1466331
2783193
775983
4677998
3551433
976718
789030
2606780
518101
4862006
4686003
2246610
4708916
1779337
168347
656277
3568514
2064117
920197
139957
2455542
4212979
2513634
1343315
2851626
2216052
4304967
3281369
4983975
1383370
2066833
1578003
1500235
75326
2667068
3745718
2547166
4121402
2336021
2963756
2807890
4220843
3978527
2776645
261934
3888445
2340301
1514
552912
298935
509134
1219855
2738850
1852272
3729737
4531522
1758720
3534875
2401509
3419006
275851
1253486
3067256
4558516
1982426
3533831
2485633
1832951
4546712
2435793
3437311
151462
3830070
4586250
2826978
842089
2627090
4191760
4456190
778381
1904946
280269
274111
4980422
1403444
3547675
2540128
2506769
1590656
3616189
4327060
2166211
3477704
2202417
3957947
4406304
78924
1654186
2289507
1178604
2690931
4187346
4090610
4799151
4435841
4382062
3036104
915641
1020542
637437
2482290
1293466
1740499
2059642
4220979
813045
1634929
3689226
4779585
1622301
922432
1979096
145804
3280593
1344306
1955398
4333519
1907370
1922065
3653669
4855505
2324866
4639180
1478320
2175630
3333698
3613987
1262827
1455152
4446755
1067959
4915469
1607039
2281831
4456059
1951824
2286661
3810620
4762493
4710345
3090874
2864353
1008635
4573571
3278073
4156663
1089194
4399110
2705837
899879
1949607
3296589
4910270
4842242
249141
3935851
2956968
950505
4090217
4673159
4205619
521916
3029135
855409
2617924
56859
4404713
3514119
852333
4283884
1534523
4505057
719223
894483
833945
1194247
3097504
1546140
4475740
4531503
4262441
1968715
4038609
3842465
1482541
3790634
766321
1630412
937224
4137203
4716950
1000446
503418
1989467
2909845
2965562
4696393
3324136
4849703
2841206
3217216
1908226
1679907
1539515
694003
1779656
1801057
3320171
1273130
2866337
1343420
4831503
1566641
490524
2969469
3281830
382757
3172472
3736898
1003336
4049069
423293
1891792
1424912
4994599
3924528
2887157
4980700
4439215
660359
1752401
541858
1662779
2143151
4918908
1183324
3629258
4388112
3834502
1964179
1641308
1428368
4876631
4689719
2944392
2272634
1016036
547348
1211737
3590071
539204
1292085
2485055
2334015
3763439
3640045
1088185
3874946
4699722
4389394
3598375
3033913
1345761
2183549
4473103
4863557
3796359
1083065
1596353
661649
4780995
2323692
2989229
4583599
4858095
1036855
854080
3341241
3632889
94713
2498008
2493271
3008476
3426723
3392070
3914311
2345620
702670
1613537
2622097
1855654
2131333
4765956
4472858
396343
336520
2296602
4680504
2053558
4119698
1091166
2028231
713335
3610609
4352167
1619502
2612525
1538981
4815753
401683
1183454
552819
4286718
1940008
3770262
2693909
4452949
703490
3745768
1013941
3414424
315075
1360428
1473701
2622912
4012197
2852743
1228210
4632151
1353235
2645776
1831510
4763371
4641661
1810603
549970
1700493
2486774
2954147
83533
2400281
4613485
3156086
3725629
4162985
4017213
4988744
2999726
729974
3658113
2158172
3276559
749079
4547209
1726026
869566
4105915
1111749
2642957
525729
2081382
3345883
1199578
3850581
3055804
1569042
2778632
2690980
607894
2934838
2730479
1648436
3985138
1477001
4084945
4288742
2307657
3288381
1634186
4775268
797131
469580
3954101
4129363
4584124
3577549
3050049
541184
3392516
2214856
3280065
3007213
3179766
1724910
3516314
2731586
1485737
1222288
2167559
4117196
4768460
3065910
4814861
3582252
4531460
1086856
3682504
1571823
315888
4679454
1343634
3449463
2744637
3005342
1143918
3252714
482133
4194849
2442561
2267090
3187801
4359350
2940751
2374197
1132685
2120934
875191
2085620
4628605
3541765
2469776
134747
3213133
3846378
1778445
4396712
3753911
3112278
2586893
4182754
3786104
1837204
2250400
2352687
940845
4959070
2298221
4611048
1892217
1470542
2938900
727424
3245841
4464881
3267835
93802
1860929
4610457
4399376
66777
3242853
3929543
770403
2269425
1665569
4715430
3237935
1653638
2579163
4091935
769686
4254238
3669974
881797
1712175
2406503
1879623
1942447
4987004
650314
3557239
3126317
4313360
220769
2239175
4498992
3555292
4197405
4272539
2318223
3988369
4165503
1690947
3149152
1553663
1445394
902053
2831505
3243828
299286
2574118
3958746
4600426
687390
4502931
4241505
1691325
1420419
2026324
4601031
2255543
948360
4518288
2721700
1642267
2623121
1552663
1906826
4492565
2696282
105801
1854494
2455038
3808508
514696
3142772
2169521
417804
4467429
1786393
3427498
944956
245991
1132341
4651226
4745072
4972375
1623722
938577
1275434
4964452
4505557
4572117
1345949
4854586
3164090
1842388
4698002
2806373
1537433
4865711
4295974
1233715
2388407
3927494
2423625
3655389
2641675
1790782
3354368
4096143
4180944
2637676
4139930
2619381
2512762
1534427
621735
2047129
4131481
2165692
296341
293840
1202470
1797731
2964369
3840027
337067
1821436
3270689
1835678
4800751
1491231
4188946
3334472
3889641
3834450
3574184
3639313
4960913
4620937
4892846
4820758
3301112
2496848
2696323
3069738
4820142
3116709
2530131
2965423
1329282
3384634
4051834
3815742
227761
1957676
1751895
2625783
4897543
3659075
3118556
4521541
1506087
1613869
134563
2737473
4958946
4358434
2052240
2637613
782999
889265
856082
3934079
3927090
2577216
2904435
337466
3637962
1691467
2448896
888113
2063155
2237890
4672961
3199943
3482676
1039250
1202942
3223584
583634
2569904
1918196
4163092
4685518
573319
2448151
1962690
3632277
1305773
3644013
53632
1872683
2441428
2103316
1210208
4660598
2959248
1092608
1985679
515662
3852841
783093
1447769
1272579
4608382
1214897
1506816
2168216
1621435
354703
4502523
3335405
3120218
113939
1310607
32980
1332638
3340850
4069357
1824572
4230227
1153506
3739985
1144302
923652
4001765
2989762
1890314
213624
4872222
96961
3479502
58555
3316334
2401287
131730
4410858
3904143
4301696
4727527
1200948
4106316
257811
2522553
1237704
4909758
1018092
902049
1126489
2778203
4616207
3727582
2894926
907076
756300
2306239
999543
2935506
4334885
1221612
2394366
1780555
4323141
3826266
2305485
3232704
3586724
3906525
3034101
3827383
3629288
4752017
4395925
2079522
3852984
262911
1578984
1390157
562748
1254569
2732867
3445491
2675278
2413394
831499
728901
4047739
2562716
2010163
1156214
2042320
2218110
3791824
3183001
4651803
202384
3486186
3550043
1521433
3257360
1899825
31887
3118624
4768880
2153476
4423581
4220453
544337
2196549
393382
763279
3537694
1494174
3806720
3231997
3304846
2092629
738565
180890
196970
2157477
294866
4026217
3245873
207212
1636684
511719
2539756
4560736
4661899
4522158
4033291
1284092
2085618
3009983
500130
4013318
4202445
1469514
696542
2639774
2608531
3700487
70900
2625377
136001
3312666
4328168
1879862
4358413
4723193
2964965
170665
4587731
4293724
3458107
4800543
1675754
232345
3858292
4434137
1931271
4341871
801855
4286711
1410728
4508542
863892
4384198
1452751
3371146
4689661
3100245
396165
4783218
2668884
1543422
1176964
4321760
220470
76311
3911901
3721065
2059916
4918274
1498342
1192681
3807783
3958105
3136790
4864596
3983470
3637278
1567766
1127829
1954667
3758794
2351052
2222915
3482575
3790591
1517652
961766
4038896
2745668
4248809
1106270
4879899
590504
3678572
4081336
109495
2869823
1439388
4337027
3034400
4732055
1830240
4065663
4929156
3660001
284203
3493206
3460350
349832
1431411
3908304
3851091
520809
2359651
313727
4907802
925015
1236017
61877
4297208
2390370
1725507
360162
1009714
3172967
4355412
1150162
1547727
2066459
1556694
182450
591735
958640
3729410
3246637
3383558
4267864
1797598
1162360
3624960
1297010
2783028
1108091
2782161
1136190
4327747
836644
4055316
4594547
731510
4522268
4150185
1094118
3691307
606144
956019
1529502
923744
423547
521793
26193
2325895
36214
4490727
3520957
2193657
1896037
2652147
4030325
3704589
1846429
1713842
1912214
4074372
2305758
4780717
1868335
4801959
790926
1003472
3715063
3385731
2082054
1778859
312157
1253615
1053502
1819136
4408238
906575
3361307
3741410
3875594
4602796
2749294
4733455
1145850
3674565
1716599
2855276
96645
3086985
4296508
987862
540438
3054257
1970211
2448454
2505134
1223258
1981994
317045
131381
587291
3744722
3436618
927307
1218703
354565
1030616
2539796
2121847
1861158
59290
3079559
3907994
3794967
3316099
3835124
444619
4239765
1280639
3056745
3516395
4005776
3055945
350775
2435520
3065269
4241724
2018852
4780698
406077
4933834
4690855
2596773
3734233
3808709
1600219
1047177
2993420
3808158
5436
500471
1201668
3485141
3004705
1522479
2399184
387232
503623
4085133
3100551
1682673
2624746
3939029
1533301
2365706
510558
1209958
4202646
2617514
4079783
4088415
2998719
2008177
2707139
2048952
683048
999011
2027419
2806946
1579540
4179457
348318
4808507
1436424
3292534
1957917
3718179
3949686
700366
2166557
2762173
3247206
1401032
1623749
4172954
3281268
481651
216125
331583
3986312
810891
1259988
3328039
1742033
151171
242907
3823320
1283693
3640745
127623
4095607
2425763
1992613
3168833
423750
2556122
3417064
2511910
4824172
4327484
3142995
4977305
4577985
3105852
1423067
3368339
3352011
4011495
3774825
837146
1438949
3211374
2556007
2798980
4998315
4307896
474640
159127
3876962
1010336
4753580
1064380
3104387
2750686
897588
2412129
2870046
2635724
1321329
4896691
1551026
3178267
2133895
171554
301448
3523565
4322719
2092858
1216403
1647176
3632338
1049870
3556795
1099468
4503478
873181
3720802
2398435
1770351
4778311
1290792
1961830
2086557
1396307
3465948
2230336
2494006
1511231
4608592
3399760
3938391
3585775
1659728
1889809
3238110
3448022
3052360
2741018
4292227
1724117
3689575
1095243
2008440
642177
4868017
66523
1884961
4703011
3337971
29782
1353832
4005809
321052
4181269
322727
2129695
1536088
816739
437214
1478421
168859
2705893
972172
4835858
3199801
2411951
4756985
1983834
2051198
4567928
4332471
2384446
1732211
4927235
4544483
131833
2987201
4424773
2134930
3521484
2756094
3134381
3934283
2057485
663485
94576
3814594
4361279
1664655
2724893
1934114
4847084
4963879
4605119
3289742
3218961
1842925
4571866
2571217
4979128
2769447
1333454
4222200
1791869
472559
1837734
773009
1449438
1442369
1405907
3936507
1556959
861366
3004641
3786201
2255612
2047305
2912081
2685592
2739968
3803569
1810140
1054451
3724808
1504950
717963
459045
1515330
2905581
1191743
1371050
2803947
3320506
2912321
843618
2623623
295294
1732246
4229354
4379236
2679834
2244762
1034188
591973
2864885
3417321
1670482
1051709
2816193
3056126
4996255
689970
1701902
4961608
2973827
4636454
3243631
3729408
4903239
1524282
2307114
1097463
2365124
3213334
4697220
398624
3984721
305013
3568270
1578759
318737
4687916
4366795
1252995
3019235
1183234
1508528
1638113
3784469
2075918
4720873
4388971
3933698
1053175
2356657
3106417
4798565
2064846
3371704
168512
4115400
3071315
1328846
3679406
868212
3882818
492937
1794613
395909
2954912
4257632
4400069
584301
1364106
883380
4851726
1213385
3811543
2173184
3573764
1721565
853181
1361790
2120485
2296296
1988538
3232333
281743
82987
2678953
169007
1714218
1650117
3713911
216223
2903283
2389232
1829851
4981814
4754293
4829179
4210951
1263190
3017325
3808216
344861
4897730
2331236
1928876
3572731
375119
4106682
1476417
4840173
43167
1224697
303989
3537214
2005307
2868482
4216661
1680687
3078288
270525
4377503
629613
2958990
3835708
728089
1498975
1977340
5577
1208595
1414929
1603820
3569216
1062725
3502122
4211832
4807257
2077943
4672238
4219323
1881545
2574996
678989
4867390
2714788
2080797
4041934
2759287
3906252
1684143
340503
2144819
2180215
4401324
4367474
1289082
42347
3490178
2697442
3521473
2789208
3468189
2180154
4159584
1807445
4334453
3941766
3577422
387530
495477
437114
4242870
4712972
2508682
1070039
3860337
4325817
2929815
1069849
3269154
3761133
4531757
37909
140360
265815
3341273
2779881
4433856
4636790
4849252
710238
2177190
3215976
1229872
4406871
2562436
2726461
4036973
4064425
4850139
270675
821592
1365334
1664927
2061411
2082
4468837
250137
2709855
1630215
510662
895507
728646
3651006
2488256
1010116
2449811
1087233
3147580
4997761
806565
1461486
848169
4847970
726809
4778569
1203935
4591075
102163
2516300
2432165
1714268
4965416
4417019
4222750
3060777
4705271
887332
3533900
2267607
2658740
2212751
4904904
678585
4548822
2453395
1304218
4788547
2025843
4744858
1447359
1837835
160561
1487631
3782871
4641398
3984352
928319
2648889
713446
3017907
4196831
4861946
357874
4944884
2759426
1671901
2432945
3743414
4987898
4845766
2683810
1325457
3346357
1411615
2841376
2214332
2264670
4387817
3356551
1776155
1690378
298762
1987034
3715264
2358442
1426538
1612413
3526970
964842
3579677
2006062
3904533
4076190
2883399
1869247
684466
3958666
3632363
566689
2514603
532112
708260
996067
4195813
3951108
1832655
3268320
2494406
2296565
2053447
4967839
4498319
3220051
644432
374214
3000956
3616057
771861
1287791
1744689
2052647
2601207
4816917
3586659
3224533
3409528
1896005
1401348
3624552
3302010
451031
3842361
4664653
4092490
4301811
3473263
4240878
2234912
4636239
2367289
1655424
4964997
1773601
4699329
2831614
3810855
1244201
4935685
3588970
2479824
3686904
1274396
2841718
2682339
4872305
3572038
4768935
2971944
4575272
4535560
1260094
1564975
3327823
4620841
3231798
699930
1272316
3006729
3814384
2036469
783554
3354007
2570809
4703739
3011221
1595960
1453506
3303965
2006704
3644846
4950610
547796
1335006
1835590
4783811
556875
2211820
3881809
1374391
3135899
597890
378271
3424140
3304293
4943474
2217815
4232238
457744
2212729
21953
3878205
1052202
528453
4319859
4362568
3727521
2695767
3285567
1129619
4516704
4526177
2918808
926991
1297706
4400793
3880767
4286614
771635
4116537
1973963
1863584
447249
280154
2941287
1564071
3315953
4569957
4946527
3204853
394602
1955189
1398799
2567224
1838729
4013075
477225
4211674
3188988
2404663
4692239
507163
43756
349472
43209
1695577
65551
234567
810116
3046780
3008359
4732660
2912213
149741
1129876
3690467
2963920
1999226
158824
494744
4276899
1313394
4462506
510720
4723857
4701242
456020
4133286
3079328
3376651
593339
3039946
4597638
192244
2728932
2993742
3568145
3540151
1942054
3513714
3022789
2199140
3676595
1523501
1010083
3327142
3693423
1069250
2423279
4305802
4152836
3050795
4194239
480999
543740
1122530
4712474
3395248
522825
3980449
1754674
3325560
1698500
2550550
4302036
1325292
2344805
1116841
4577995
739433
4504919
911475
2534400
2584834
3551310
3984415
1487831
153651
1429990
1687354
1686224
3264941
520590
2670781
1215646
400588
4504777
718233
1360488
1900305
4914776
3270556
2608077
3646168
2337981
285499
449101
399007
4899892
2022999
857649
3954532
1945966
2196190
1969032
3858630
1427108
633372
556029
1675573
3018699
2711762
2847234
2714740
1520776
373936
217239
3034855
3493609
863257
2414226
766836
1451705
3016250
2592193
3606847
23627
839804
4206112
3497497
3018807
4376555
394966
2240443
826035
4520632
1112922
340325
91381
4809449
4657267
2878189
2330304
3992720
4477420
3952918
2025180
640305
1553449
855902
3879648
844295
3123776
21251
4864720
4349046
4225929
1818373
13167
1410872
1314555
2283114
4493515
3444935
1637779
3748286
2206546
828183
1544354
163555
139761
4082679
3870728
257136
4795402
2762732
719941
3343997
1069549
18093
3505589
146302
1953347
4214368
1926392
1533743
3925428
213718
3912917
4521405
2166096
1242864
3550249
1883616
2181243
3115930
2329594
1007851
4120022
4668865
2088823
2893044
807635
3864359
3885670
4513201
4247833
4835140
1226213
594547
465060
4945048
261556
4642424
4088743
3134406
1462282
4154809
3559543
2851159
4347642
722736
3438469
1838629
3357902
1281364
3920977
1965898
4178237
2481318
3674551
2969210
3467689
1149392
1305996
1693576
2178755
3546769
3191839
778844
2171674
2741469
1838423
1776467
1505152
548828
123109
1458854
4103342
26005
4988896
869117
2397648
2269438
163435
4258639
1770418
4279651
2544438
3975707
2260265
2782013
3010473
1286058
1677084
1442174
2340063
857030
3578596
1385230
3168381
2015940
1942585
2889361
3297953
2889661
3961484
1517929
2112279
89452
2439627
2837099
227881
3827277
4380646
1660457
4568630
1945353
3259477
2212173
4767123
1672011
1501956
31236
4769463
796286
2233425
969370
3756426
921243
2622403
1000968
2575213
3679685
2939093
1526042
2527466
3858361
3603824
4206133
3533727
4944852
4128284
4718133
1912275
618343
1565581
200328
1673543
2719707
4072012
1648179
263485
1101466
614369
1153883
3575846
3908355
488587
3260487
3311541
451340
3748498
2048804
2056663
3087412
1295001
2991520
2542062
3704079
2007022
2471855
4963990
2351608
776501
2185893
2997574
323365
3932632
306051
3892579
229866
4750152
2979709
4559105
3026871
204922
2416303
2995790
3166910
1373138
1619864
1431934
2664952
2629223
2743897
4231136
4972053
3065417
984561
4760701
431130
1149295
3005656
3498057
4341734
1439980
1022623
4576220
3568203
2331103
4076919
2104012
2549616
948823
4739326
3003012
4931888
771564
1460427
917296
3473589
1327018
2430778
2351865
4933293
828888
3094297
3294098
4595437
3433220
3370631
3132472
1195229
2649584
4123925
2271083
4969660
1273439
2615943
626264
2655062
2794985
903937
2320636
1923717
4649224
1583929
658785
4039727
1731043
1983915
4700912
1994493
1514617
4293127
2415971
1642963
3284358
4634127
478532
3708439
4715221
4900233
4602061
934391
1385725
4968510
3900283
1851298
4136170
477378
3519320
800107
858209
1164612
1725907
4457438
637515
1978588
2924362
1850561
1844396
2921666
4008226
2006672
4873393
3742257
1387336
1821195
2445006
3549313
2018252
2519907
1057341
502406
3371251
580831
471645
1751260
4506604
1748927
2227768
1598348
1909612
2746408
208595
260561
822912
3170191
3079402
593193
2083496
2652366
2300186
1059665
1180647
4382888
2127807
3691382
1628300
2229017
4311671
2329114
2409224
1490822
1587227
315180
4056650
4464601
704889
1052789
1740881
962490
4548208
327495
3937464
1913771
1939913
41029
3096697
4619439
2745183
2937754
4216426
1511154
816874
1844915
4676022
2259743
307704
1439079
2159105
3287529
4562011
1254723
1000780
2525266
4428607
471145
1258145
3265607
3492420
432341
3775080
252671
2541571
569685
4753440
2064198
1468813
683233
747552
4148034
1751045
79925
4459028
415754
1829020
2878618
1032141
1120129
262597
1626683
4168865
339460
1941362
4371446
2546053
3629710
2320895
1945022
1353271
2397611
4618804
3875145
1219214
904924
2802524
636870
4987396
655640
3165485
4497169
3748496
1548678
2470419
211062
1544850
4181750
981399
504389
1455750
2090248
4477921
1123218
2282010
329674
1221147
3598119
4405062
1210605
4288592
2926186
2762776
4101761
2908420
4801006
4721706
4781085
4783835
270848
3964969
807460
4893973
3155860
3594950
573380
3143823
2176615
4480538
3711780
2313465
4471240
4929732
3970999
2965247
1904621
4106683
3495567
2953662
1807708
1544662
823485
737534
30735
367307
2272016
2037988
1277015
3473468
2537886
4962469
551289
3722598
4463314
4533931
2782335
490240
2050499
4049991
2653093
4141178
1442676
651971
3998280
3078234
379802
1294796
4550534
886130
4095565
2646968
4721307
3566849
2107565
4839563
860916
2387952
4414054
2064621
100919
558400
2100113
3326054
3149170
4448018
4028749
3637675
3379234
1431886
3522633
447953
4516282
1339138
3004145
4139180
1713284
1512916
2841111
812963
719607
834539
3412299
2019167
2835522
3377675
2526347
3760374
3065489
2248680
961593
4028957
3317195
3136493
2976724
1591485
2134292
4934381
2521855
2531
1258587
292122
2395238
15299
2699986
4359864
2205109
1600593
1798077
1433502
1921660
908014
2652223
1360419
1974318
4468279
4690086
2100696
2532985
2099871
1449536
2686333
3203461
966139
606196
150882
2076593
1608755
3151340
540434
2379167
4762309
3421330
2519092
4733307
4269375
2239536
293517
4091009
2042419
3201362
2902733
3619461
4310737
1276396
2420894
4768280
3117918
921191
3858149
1504716
1818840
4226853
4648983
2518502
4359583
1587234
3187979
1860658
4832108
771985
1293230
1070259
4135028
2751014
1204912
2224939
4060519
970536
1954962
3432797
4551762
3117664
3534287
2067243
1721182
2458595
3484321
3888798
4196535
3159758
939798
521262
4076122
2675774
1571592
3006074
3841085
2262339
169947
1903910
2515381
4833801
208900
2673292
4247169
198426
3035016
872505
4414934
3438114
2700826
4122516
2381998
1505204
4172115
3448290
995037
2856601
2490220
2215292
3889834
4350320
365453
65037
139253
2020077
739950
2334781
4338125
1087572
633193
2405433
1616492
1711233
3764097
3822482
329819
1279860
2802788
219312
2252625
614026
4075277
3227593
583860
4572891
4893549
998677
3532328
2503120
4311178
448146
606457
2260565
2948153
3654685
1301892
4092126
385982
3911338
4375915
2583067
3319776
2629735
3284829
2340841
211753
931075
3054839
1556246
3616613
1629322
4534353
3076648
3859579
708900
2946342
4555943
4307829
4501413
2466984
3703172
607869
1923805
3085721
1798201
1307285
1244581
1641361
3940392
2278144
319365
4178084
2050481
1610226
1963458
797739
2798939
2412995
2667137
1684329
593836
3644610
4011072
93852
2484718
4025280
322972
54368
4141099
1903613
4612716
4272719
454128
4053345
780199
4443707
2773064
3105290
821178
992548
2746472
2454483
4664032
4640468
1956423
4128281
2047208
2599912
3128988
4483654
3021035
4398459
615612
3128016
2987485
4590003
4642981
926479
2025523
465531
1503577
3253673
2511455
736406
2847687
1795407
4228824
4948967
3205752
4383
3481232
1394949
3652069
4699831
3269745
1906211
4326812
3182214
2628262
302195
4859604
2624045
4485186
930272
4619868
4531988
1960187
4070854
4331976
1523591
1583090
3066844
389094
2154270
4890416
3141855
3343894
3607627
322614
302799
2525511
283885
1834127
2054089
1429555
2148829
2380659
2121345
1712021
4004033
2256668
677710
769871
3058338
2311911
1599709
2845754
1852641
4768788
2485256
1285139
3893026
1273084
1182464
2594737
4717516
4375203
1797415
2389058
458038
2332150
4462872
1433248
4690930
3880677
1501974
1695248
3193122
2499761
1740082
3300238
3653483
818252
1497998
962796
4868730
198758
3351884
2464288
3886505
3496160
3525160
2040728
2665007
3775630
1003682
2498972
1566417
4724551
3388907
2847502
3713634
558201
4714380
3295948
2441550
2708798
685116
1596707
969330
791108
3801034
239356
3742182
3535169
3876488
1981459
4633861
2584874
1418194
2231378
3006341
3406970
474602
2542099
1880524
3733984
1922625
724909
2085489
4600492
3791899
4839521
4221858
3896968
42655
1377561
2460520
2774952
1687492
1357586
2101607
2588999
4021076
550242
4809673
3285632
4223173
4103470
1502564
2618516
53940
2753716
1033112
2708984
2403857
2003283
4244982
3207738
748185
767792
43055
637758
4803622
3581047
4670045
3361714
3860002
4178886
3664789
2104221
3337677
583645
3564894
4585785
1968026
1041145
3662015
506925
3172900
3627631
3848952
4560819
608133
4599411
4933744
3744882
4383162
42770
4687919
3151918
1054057
4060962
3966461
472481
2087458
4289148
1467850
3737375
365758
467432
4569263
841365
2232756
2961543
3405710
4462841
910911
239839
3190451
2578309
99731
416033
2167932
1493637
1159273
1303126
29828
1928062
1385947
1561503
1444013
5113
714914
4805451
2382792
1325956
1420889
3628876
401195
1638532
4619862
2370833
2560538
290306
2021532
4330232
3018786
2124059
4768495
4619797
4770163
2823415
2940527
2798417
2762721
4051056
2072150
3347003
2906863
3725833
2126287
1637684
2888862
3120041
1829175
4774888
4485747
441669
2203976
3457743
1614844
463965
2990157
4635679
3859996
652720
1967409
3309140
3465347
1047272
4665236
4690408
4899799
385651
1385488
68062
3523384
2376877
4244399
4018959
610367
1096768
4013551
884762
3791019
3737877
3383019
4368347
4975657
2725769
2699433
3120273
4485917
2064448
2490842
289333
14770
2771206
4892832
802771
2037749
806429
1566359
1755876
675392
3233142
3810420
2688024
3705314
3507452
2803101
2869168
3743595
3532149
998664
4800331
1776889
3505382
2323907
634245
4595147
528818
1783427
3332199
2812868
93241
585305
3893911
1721310
815750
2815407
4372277
504911
3889384
2522584
3413130
2474142
4956664
2876918
2009870
2910709
1729151
59732
3692002
2944266
3955304
4536456
1772511
3256532
3139748
2607350
2623781
2166102
2538646
3073529
3499272
834852
2487757
2870546
2719472
4150580
232829
4246157
3471291
714915
2240091
3323654
1103722
2915205
2243230
1260100
2892147
3666710
556393
1252325
1858403
409325
4982800
4034641
2182100
4565192
1819779
1973895
2010551
2583922
1119619
3832382
3439188
4680243
2090860
4150122
1964254
800456
4993828
2352253
744931
453059
2080432
2677011
4179377
1339732
3068651
3956473
3352122
1333336
502717
1291791
151191
4204279
4354387
2770816
2323297
1266279
4418802
3205340
541007
3597883
1416809
1542563
408881
1438233
1896563
909308
1903000
2931809
246882
642580
4879939
4902850
4992073
1830328
925708
4200951
3731619
4761278
4189196
4414051
3236813
1123712
1922334
94496
1869640
3527566
3548176
4701339
1157762
3690188
1476379
474636
2145175
4402868
4114456
3026709
1123337
2782982
4075874
457736
659552
2626306
4740998
4289765
4736400
3967218
467262
4190959
1030595
4427925
3642605
1926606
54982
4608842
4018426
396255
4915154
2989485
2019088
1530339
4225858
4097286
4184050
2054400
2765616
2103140
2359713
3344041
1659690
3709888
3621185
2891969
733475
4832344
1442279
1589855
1287973
3545941
2322437
617782
3670440
1452232
3308382
1250158
1507208
3390401
4987967
892047
3961164
3486006
1899961
4766249
2589348
3432649
4342693
2251695
464225
1595484
3058203
3356070
3076356
2706925
3390109
2437492
2356685
2698711
4374919
2177708
4820218
4568160
854078
1032925
1501041
1277868
4046263
4252728
4152039
57900
2224640
4997902
4594270
3944507
1447441
4820454
2369778
1096165
4341112
1725035
2794658
4273227
2847988
942544
2531100
4429469
46465
3404103
912148
1561519
2216490
4777192
597592
1597934
2685037
961396
536603
2094066
2287690
2606111
3662094
2333935
4533853
3163754
4816147
2613908
1757841
2777027
392502
276689
2985245
4784086
1537586
2576144
2533396
2460927
541587
551945
755439
4782952
3119073
1006885
4443775
2144400
957390
3463614
3496733
4559745
1387121
422959
2390970
1052231
503204
1349405
4559719
2334411
4234178
1556758
2667745
1041480
269591
2323525
2859001
1200059
2505536
2310146
1121399
3642908
767971
3989756
1383344
3179327
4875293
4496370
3310683
2679808
3631060
4351244
2028810
3776430
4673460
187425
2016611
2792688
4945070
1153249
2618091
2528578
817089
2791264
90066
3006441
2194951
1857421
4970269
2548786
859022
1087316
691394
2948374
1208377
3817442
2943032
167058
899296
4085212
901637
1773074
2095226
2613157
1101824
4049450
3682469
413915
2203413
4311823
3491312
3223117
2197662
4125686
4581329
4721781
299998
427335
2740886
4201310
1980214
3229636
3755225
3609302
359078
2278134
4207808
797600
730242
1066538
3405027
1907580
2409906
4454080
1875737
1010860
1543293
2935680
3729561
2430278
1612593
408360
1685138
4408442
2492281
3327432
614710
252591
2299929
755358
4930565
3658781
3121982
2400064
259679
1057956
983520
2587420
1978080
4690969
1477932
434357
530556
2780644
2809801
4728491
273843
4227030
30718
3885863
4100357
2690350
3057068
1184945
3814514
2739388
3045223
4386999
584936
2447647
1919831
664483
1381933
3750456
1937375
2428759
1196313
4149596
3722213
3585873
269814
1916044
3467390
4741006
4624562
4196371
3122912
255146
2710537
2531312
4220746
2974384
4797432
349250
2076739
2735135
4449507
1345967
4640181
4333250
1957728
3284354
1452627
3517015
1367272
4833011
3866692
3061366
3427871
1793288
3794224
1837974
172933
1016676
4426504
2968899
4200182
3053301
2201267
630410
4489246
3492692
3191183
2228477
2644127
4419158
2956415
4925726
1919163
2915691
4891578
2691220
2912290
2033815
890324
2806429
234092
2632771
4121953
3883102
2293279
1663291
3536155
863782
2474164
3539699
752067
398892
2286438
4840353
1897156
2832983
1546246
4278256
281430
3357713
924117
977109
3965722
2717828
1662603
3332033
1802738
3055984
1511993
124133
3878094
3464638
2749015
2046535
2283019
1307492
3088839
1305096
2092821
4507684
2917221
1723824
1214926
438814
3703575
4702505
2277673
3403857
2594270
154808
1140634
3097523
3756407
2958406
3959205
1674290
726569
3745886
3949002
185824
4130471
221675
2219532
210789
758024
4092381
1565644
470910
3095764
4343110
859409
3643511
2486445
1673879
731012
1808196
1238742
1756791
2254836
4931017
3738653
1620768
4230211
2105186
4774868
1687520
3465753
2199668
2545196
4635746
3970033
435167
2443085
2344599
1216050
1550920
1985674
2495684
2818218
1922596
3499243
3337191
1913299
2587871
4728968
418198
957655
551236
4797584
2294933
1770112
2139436
859416
3368924
1109091
19714
4385761
3943003
2900004
3099985
1274909
4280667
478308
1079266
4142918
3801964
164569
4011188
1173402
3204322
2514080
673399
1584642
381830
4225952
3739880
3937282
2654423
1073732
390498
1196835
2417443
2066139
2963308
4395661
2779664
3866387
1251435
1846168
4095631
3039128
4115699
3286883
3069693
4886636
513222
2550377
2161778
3350904
1645310
3921801
3526285
4720091
4538046
2571040
4923276
3722321
2047077
4895734
954468
59536
167096
3975119
2245551
2118304
3396712
4623937
3917449
541208
1727963
2816919
474353
2950920
4678581
3174960
1167283
3165125
2958955
778865
2808020
1961272
4507891
129008
392827
1814161
3653322
1124578
1876381
3298362
1941583
2121497
475698
2167506
2791765
3516249
1381525
204467
244690
2948716
33846
3916093
2756621
487785
495856
1743681
3010858
301612
1191304
3357326
3183864
2532002
1872662
3360608
3309447
1405107
4821024
914916
4099667
2307681
238195
4102420
1158849
3083371
2942773
4702566
4321874
792791
1461093
2143852
3915601
2523942
1286070
2782735
684845
4093196
453410
3954815
4009586
560824
271402
4562408
1275517
1659441
893910
2104163
2768810
2124190
2037292
3970804
3344110
2208941
2596418
442621
3729847
3761843
4787480
3177616
1812205
1783540
1403185
2518567
4211375
3633817
4063552
4925893
1155884
2019838
2751722
2728078
2167939
2633164
4886011
2584586
903195
454630
3624164
3292040
2311718
2637738
2390279
45861
3677169
680379
3533136
4166893
2457807
504855
1279691
4435736
4479175
53133
451025
3527831
2057504
2249322
3940641
3343293
3081191
2827628
3753261
3430187
2527419
3339879
915786
4810543
4569783
1215272
2759218
285016
3152861
269440
4164035
2005509
4761883
3096159
1888170
2853449
1804400
800573
3471098
2157270
3519086
2420337
2984395
3316581
5641
654751
1766285
511576
1159551
934193
3948288
933498
2394122
2400894
757898
4109396
4003980
189801
4526006
3796383
3589175
496183
1013475
1287126
4575584
703424
1693154
1706017
3695051
887534
4902360
2369824
563542
4193201
2257372
3818866
219680
1224583
1119316
1856667
781697
2409389
3303626
3014926
4016793
2799887
3774448
222513
1356378
4818220
4166119
2505197
1325493
3605862
4528449
2532628
1390194
2600670
3137709
2566604
1713464
2725893
3016638
2240078
159171
2862582
2364021
3855750
335997
369108
4661854
2947362
884457
2712126
4247923
2587785
2892540
4352135
3223749
835624
4663204
2749861
4738292
4687106
1269230
1081209
1061906
1374735
2677551
1342651
1280443
2791067
3111300
2202127
3374763
2678833
1470070
2932391
4400734
2676376
2323283
150300
18863
3573541
3435812
309560
1861812
1769888
2478845
1374093
1208460
3973470
4893976
380460
3450180
1730325
3466262
4297855
1001697
1773367
4701706
2692129
4394193
2614032
4493489
4506578
439298
4108181
3001227
2375094
765224
2925855
4547320
3456903
1930440
2506937
4259143
4720201
2770757
4174380
3993160
3417291
3588750
4236773
1574987
4428339
4027714
1495301
287110
3670834
1789320
4797670
241226
2577083
2891548
3235219
4590817
3511182
2072315
4536508
2425372
1005002
264066
2290344
2233119
669351
2012395
1669162
773511
3438571
2106212
2223914
3076904
1530795
1190861
3363801
1790573
967325
1739185
577275
1382650
2007579
2594206
2658186
297354
4190778
3479705
4072390
700635
2572095
3872732
4422634
4262375
3227865
3839362
342344
3700896
53693
3713741
588636
3115151
1104086
2614374
671825
3366253
1264882
278493
4211657
4736406
1370318
51678
2158761
1442887
1236509
1300480
2210601
4194691
2445042
1666610
1224205
2295330
4312106
2003199
3509705
3073990
292116
4503848
4870567
2247826
4302448
1880122
1322102
149708
2538016
921076
1310721
3336983
133075
2246825
4305965
2270186
3428325
4166003
607001
150377
3357464
1750122
641043
4965750
306256
71120
2737028
1511392
2124362
705874
2067134
2849300
773035
4736101
4737729
1775893
1528504
1683784
2795735
4418632
4218945
4715126
1706914
4778611
4438084
790197
2541435
539077
4824129
4201936
3251766
630894
3360848
240913
216465
3626577
1862429
3108287
1495335
4970239
1974027
4791350
4886336
1936625
1820459
111274
2230453
4802863
288173
4537370
1643524
900708
252101
4527753
3507993
1444727
2940021
2910266
2510145
555061
1907117
48438
2324066
2025269
1146274
1523403
964315
4963233
3422879
4700157
3016448
3596239
3445578
3207084
4286343
3421626
2398129
160042
4930586
1437258
1775143
4547424
1424793
2637845
402282
7634
1613288
2986387
3672557
1321214
2775791
2918604
873710
90462
3552299
4252564
859302
3083045
3179224
2758835
3915981
3630425
3487048
3708404
986612
4760711
3181001
3122946
3065044
2979930
1822733
836401
4656564
4999189
635270
661800
9962
4800378
806160
4531440
3259983
1462730
928565
209154
3128924
107083
1465599
2497428
1340356
428366
4971797
4109873
2463004
3445098
4212001
1534657
3786938
3268897
214103
4609934
3542013
2973460
1787787
3692412
1449488
3019182
2512327
4195842
1954630
2309673
4341697
827985
3961819
2891656
748793
1363757
1971339
428258
705417
1196883
1452024
3362388
184254
4629133
1976483
862451
1405366
100123
2955201
238705
4410518
1360573
384369
601399
1784327
2021922
4753651
4056576
2597612
4149603
3012116
2813969
489152
1670442
826405
2881690
200830
4870813
2937903
4281202
3025705
691326
1402049
386578
4734617
72394
3425263
2202036
3826996
1613057
1761586
3274905
3077221
3654902
3966176
2406292
2113519
3870127
1215331
3194301
1799408
4267102
3895875
3991271
1925394
3775059
1051001
4678354
4737571
2701296
2463800
1310015
2531487
2396849
2296254
2908659
4881352
3664772
4553992
1923379
134053
2138535
1488291
1911909
4997666
3835722
1454995
2912919
1689722
231428
1077310
3750411
1752580
4995673
1690603
4584510
2668127
3075374
1905905
4151265
1765900
4228594
380507
797797
4660493
2296456
2076276
4800949
2251555
2158834
3385532
2317632
692443
13080
3591095
210457
277117
1263986
3036303
95029
4517657
2932273
1295905
504677
3219031
3377213
3152573
3553788
4383077
355880
4554998
3111616
910505
4334699
827540
2830912
1662457
3154586
1368817
2267586
1372060
103072
4943931
123154
1645138
4927794
2265388
2304311
634866
1369485
2506736
1939089
4324203
3043400
3760337
2618878
2274739
1453997
1077582
3757422
2218734
3394011
3229996
4273871
4115990
3527604
181297
1625669
3864667
2286977
317207
812570
1113433
4023867
253770
1456287
4058776
4797211
266525
2002036
4579924
3319623
622826
2722345
549908
1599743
1948433
4054177
3972528
2635472
288544
2114097
2233647
2603168
783800
3500485
1277041
2685300
1964258
2679558
876685
1713696
2177339
1843791
1151744
897490
1033586
2739879
2869564
1288247
4282749
1830259
2239998
1055489
768459
1575856
3183848
138737
4478894
2423377
2557979
771037
3113454
2554074
1715473
1730799
295154
3855777
3348242
4627965
74049
2508735
344311
1334093
4552761
1351844
1576239
338829
631172
4405912
4636892
4194563
4831750
3255284
841946
3972818
606616
1860007
1267623
1452603
4031355
322582
2339285
2655617
1273085
448166
2832674
4839144
1248267
4279579
4773233
1997082
3296519
4212407
2027475
1232915
3533309
972398
3565998
3629331
2369629
195345
2066890
4606277
4574584
3209993
3081
2277715
438644
1070006
2038398
30673
2300688
4414883
4199336
1646659
2351388
4786112
4422375
1213584
4351557
2038406
3121286
2698013
2673833
3746960
826785
782953
4820516
2375769
3252418
2523081
2339887
3407021
4444462
1828436
1397083
2042021
1889737
589259
940010
3208152
4850350
4515262
2789790
4663351
3106717
1819539
879502
2477888
275502
203527
1566394
1492462
1650754
2911071
869788
3162152
408189
3137938
420121
3856957
57231
3403719
3853829
3910084
2926984
1135902
3086450
2812457
1260646
342105
3111145
4457504
3682393
999616
1052168
3561771
2578446
1489161
330722
2835461
4539469
428516
3878154
1028595
724526
3908088
2380994
742135
3399866
2480628
2693847
3806793
3775552
3889527
3982063
2063255
1013743
813182
1302918
1586104
1192149
886241
4298607
1352834
1928927
723663
926634
2905522
2412864
2643262
1478014
3153192
436285
2235898
3288873
2102008
4432786
2251270
1015490
300143
3072541
4446184
2185558
3772358
358259
3157425
4411596
1612951
800982
4064931
407602
2862152
3473262
2718933
3194624
4492709
3341520
2731249
1084168
4258535
3238559
2531877
112110
2211264
767130
3846062
1840110
2139524
3793649
4466890
4589484
3482870
2340440
3487669
1079965
1082870
3967671
689685
334888
3615211
4320521
4070575
4924610
1857732
2407934
3310417
594605
4832750
952981
218102
3886876
3278041
2588410
2472146
2744210
1810159
3029941
3467745
1782229
4831989
4160380
367230
3096831
4455701
4055696
1138895
1608823
1694999
3347966
1401606
3826489
2869001
1571937
518883
1746514
3643441
2533175
3997388
3869077
1554016
1434337
4846426
4112645
3556874
2992930
2382356
2967188
3027762
1010866
3606422
4024704
726350
1989336
2471235
83674
3620332
2452290
520911
407675
2170847
2696553
4559783
2132692
4213483
4266468
594656
2300274
1220225
1270814
263071
863458
957336
1487364
765317
3816441
2137430
1145573
3108714
3968590
4883805
2978107
4466146
250555
2814737
4090901
3489276
3052652
4085649
1816105
3004443
3837093
2326681
1810415
1422658
2900432
2068247
1300658
4595792
2809627
2003105
1283010
4464121
4789227
3017082
2221245
2313456
238963
4205200
1442749
4997380
4814251
3249784
1820174
1132332
3518813
303159
3924169
1697661
4191184
2108025
3298744
4163583
4956807
3681454
2360523
3550770
132406
1225419
3495233
1834031
1280665
529247
3153998
4271270
803254
3410969
3829901
3720947
4436060
3890911
480585
2236997
4917797
2399769
3178266
1566016
3345115
1949426
911935
335520
1818756
311071
3295595
853697
128057
3934482
1453663
306714
537176
2070359
4699472
2259251
300973
4293020
3292704
1395891
4888909
4382217
4684968
4715397
1796051
4085609
4781387
628499
4540547
2902851
730357
1217014
3315066
153149
4504066
435248
4018245
3159479
2581450
4523051
4589180
716208
79033
2993430
1790878
3106053
3162733
3164864
3066081
4417141
2002106
2106195
4325968
2799906
2353456
1754901
618674
4077348
3733658
4012357
3207948
1355230
3215566
4915172
3145916
4000791
375437
1048527
1013780
1443345
377700
509979
4195486
3417946
3117702
4666591
871946
1142677
4326784
2934420
1189476
2924676
380170
721828
2133941
3724140
2715693
2593880
3101226
4887695
3100659
4867684
4389603
2669496
4592047
1274993
939873
1793806
1917011
3725099
43503
3074581
2011233
2707842
310718
433999
4118034
2689776
1411511
2858124
3217828
1979044
3632858
4819955
1373001
122326
2699855
3617918
1400122
3026894
3920430
4329080
1325346
4838416
4831429
1342766
1365823
1272151
2983435
3350677
2910379
2363039
4248514
1166814
3526904
3237584
865454
1678553
1436944
2208401
2364005
2558909
4542772
159570
525020
336603
4591363
4561512
2923281
4104779
4559984
3975799
3887071
4981604
3091516
3688151
1559280
4408847
3202313
2504208
3187443
398527
1684420
4476987
1571172
4595572
317505
615444
1807150
2493920
3032589
4854926
3493377
339842
3130006
3062773
3695808
1642226
1851934
3680227
1746864
4359849
578210
1965261
36724
1352809
4800187
4271841
3419471
4427294
248817
2965408
877149
4346884
935247
3354683
1416733
4634652
2842005
291892
1020529
1513854
3004439
4466504
2322981
1022342
3891770
3099585
3098484
719408
3209646
1963285
1886882
4147207
3479629
1950852
3900917
4627680
4357717
2786807
227774
446760
1572129
394081
3779437
241890
4383094
4881239
4899577
1481774
3591357
4807129
2934185
1652065
4346976
2350498
3840656
3891782
3167905
645640
3593171
3141983
3275577
2836418
2882109
3119405
839143
1046786
1546972
4280568
2038450
761790
4112582
277342
4219664
3793838
2297924
4116842
4611381
1475739
1672141
3410051
1071714
2964469
3487082
2463433
2055976
2675881
2217421
2950190
1001556
3226494
1894963
997930
1889949
4653334
2928099
1785341
2308138
3373071
1637822
1445326
263548
614460
3660288
2486149
3050341
1963098
1729561
3558080
604159
118406
3220653
4733511
1928792
3322173
2483735
3412872
2822168
319406
1344932
2258420
3608657
22215
945248
2784435
1198519
2799032
359150
783667
3200968
4171398
1823874
567406
179139
4637246
4015738
1416249
1675990
78056
1380319
4461349
1968348
4299385
2710996
2567090
2581579
2208706
337276
2760418
641868
2042126
3731338
3232133
4962037
927397
1241709
1875132
4931454
2853504
4024608
1540444
3890984
2885926
542877
3050740
1850921
2745416
165618
4747400
3328221
2961589
2904365
4864351
4566876
2665751
3546680
4536215
2936210
3860144
4858465
1019968
3558145
4923210
2458547
4556084
1257693
4136047
359086
1949235
764850
490647
3124397
3136052
49374
4616211
3632196
2559918
1604963
4177977
3326344
4386761
1774604
3014499
3541393
4407750
3722336
3617439
912986
1217019
3165189
772337
2892622
4655989
1785168
314102
3636630
4420920
3604790
1589410
1923856
4047325
2231357
3656803
3994213
3363465
3231364
2291481
1429143
2538189
3557296
4583749
3608525
3965321
925317
3475397
3044382
487232
2242272
413799
610220
1207504
3187774
626749
2556961
4388341
4706871
4558710
4933427
2490551
167601
1678917
4725521
1676215
3571636
1148990
1902922
2072367
1968951
1886031
6424
3367338
1597118
3459648
1461216
1673861
3257242
504582
1092794
2844276
2209653
3121348
2344705
408605
4862212
2702511
664288
575257
240543
3966597
4695664
2628470
1590295
3860755
3535676
3968769
1006646
2572359
1726955
493769
4587512
2820760
4062095
424032
68496
874385
2562648
249603
4910994
1958892
3607928
4164407
396168
4603938
3653421
1691162
1991871
285910
1738064
4039739
2103211
1656104
1110979
2399267
566052
2202144
796848
222614
4497290
3010035
2692970
3106618
1857690
896314
2321869
3242354
1037750
4923067
502607
2361800
251599
2972101
4110419
1325879
4448708
1161990
1582387
4548752
3834199
3031367
2718892
1991499
632784
3091299
2636060
15136
1093672
4910335
1794164
4381478
937566
396085
3727560
1409403
1439037
58499
4314986
3112214
4646847
308874
1783161
2592717
308927
1625205
222877
733219
73757
1175088
729220
4892729
3271688
4166109
514826
3881669
1027621
3403970
1506605
4637776
493078
2692844
2920947
436016
1987296
899022
1884187
3794900
1344158
451584
3492391
21222
364696
2589863
3924388
1941049
686753
4393693
843392
3296321
2312984
2953790
2185227
4193332
8165
2579404
3413542
2939012
442021
4415950
874269
2965987
2595435
4591522
4156045
374242
2275429
4305433
4200480
2213715
857420
1422889
1559088
4947194
199743
2093840
2660122
426589
796435
501552
65310
20455
4421356
4137101
223735
4990251
3722530
2515735
4099986
70274
1805407
4192939
4754959
2399886
1993131
717445
2772728
3974544
2049339
3752710
4692416
3786106
94215
3731887
1499941
4529986
3774654
1489408
2558103
3293126
3916831
1087445
919060
1127657
4472232
4392094
1176411
4180312
31675
2850766
2038155
1381811
1554559
4362543
4375786
1711839
1384452
1626297
257831
4949805
2245634
2710692
851059
4930335
1835972
1381795
2582210
1408298
4695485
1412539
3089669
1024706
692893
493754
2267772
3260955
2092062
933389
4606809
1005265
584947
3656428
3171452
1751999
2979658
555241
3257823
4208220
763498
739690
2316055
165232
1193466
4773113
2929286
133167
2309613
3456430
1707803
2115285
4709062
4507654
2502663
1193982
3571491
1465145
4366970
3957588
971424
2382492
4895619
3186055
4143868
991945
4381769
4833760
2022335
4668088
3886440
1735534
3869868
1578783
2148175
4212285
4105234
1185270
1664124
1390771
693
241276
2958073
4982548
4263680
2873459
373761
651949
1717279
21595
1117883
2391939
4004701
3807478
2108041
1599445
4039743
3801673
2311047
467558
4559483
1134746
2252988
3093731
2480748
4885016
2206551
1215877
347292
990308
101158
944152
2817566
4174928
47026
4569291
4738034
3162239
18618
4514606
1326929
794212
4241875
3533139
240632
3969832
742785
3967736
4673514
4823215
3154391
185442
4061241
4841243
2097987
1261169
2988264
12117
4599684
1802111
4236899
1820772
4397631
4587042
1653831
4617237
1158691
3204063
755801
2460708
4559483
4757061
521774
3166931
3267430
1846001
3289456
4430692
493826
2805718
4394961
1556506
2869564
1338228
2756643
1381096
2297172
3191545
78634
4124986
3523722
2006408
3969213
2917913
2099402
722699
4126185
3667334
1919566
316848
4688991
3822947
4349204
2958978
380685
2135852
4528775
1496830
2523960
4104067
4759752
4900427
3553789
2906902
136824
1590170
4780136
4686891
2974793
3216586
119802
2077403
3668458
2234943
4356546
2155642
231151
2201029
2952800
1332561
3755971
4232110
2131620
3732504
3020177
1097776
2510316
367287
2649986
1166800
511149
3016955
3957739
86770
339723
1724733
3881529
1841187
1725268
2877594
1354403
4763710
3372819
3189311
3910761
4915765
3763772
4377
4624394
1975751
2827949
3597169
586206
4308963
907747
682288
1182785
360283
559418
3623964
1021943
846450
571895
1685529
2718630
1084159
1847834
2583252
3436833
3135854
3362072
1500071
4640366
4154332
290684
4001952
962505
3825870
4394166
2101076
656789
766914
1761783
440741
2479164
4663680
1719131
2917418
4228628
4341425
3083697
4229285
4434783
1580186
4995178
4946781
714210
1007700
4957345
2275270
1042127
1224742
3822829
2573754
614277
865026
4152546
496783
19111
3684845
3133734
148422
3699575
2174251
1943776
1801240
3300733
3210895
500054
3687237
2433416
1857152
4198217
3499383
2454311
1590391
1589917
3368361
1517931
548813
1698812
2612084
4709598
2914301
4197201
2015701
2940604
4177620
10509
4587762
55434
4715116
1669466
492979
4989640
4133497
1098218
4434272
1983415
4740633
1540228
1804693
3332867
3404181
3287607
3769100
4317829
4306057
938474
521613
747848
1561272
825179
2500886
4800273
4022017
203333
3615590
276026
4919311
4656358
2953318
1378706
2909083
2373847
2378211
810968
1246120
3450807
1930901
3030826
4018895
4356838
1420693
439327
1129219
1692640
4614288
987640
1395133
2737029
968595
2192703
2235155
1915721
2971146
3810273
3231964
3377898
4499389
4952676
2005990
3176091
1553774
1439993
4883973
1686789
4861820
4159883
3960433
2584184
3141043
3245247
4396168
1928953
2257794
4590985
3628012
4426349
3829970
46194
223356
4757354
3599751
4087967
3218978
3971475
788690
659316
365936
2272626
416640
2694439
3178898
1387970
606892
853283
4400522
4311990
3682121
957031
222437
1427521
3632061
265529
3663500
2000186
1481523
49509
1214007
247124
3565348
3872728
2402189
2577367
820037
1475671
4354496
2994220
1383788
3867166
1766635
4067267
2309443
1264421
4163933
4029457
1743385
3771473
1296412
3599388
1492608
1043379
3149975
2067664
1159880
1404382
396291
198240
4738187
3932329
4902652
4130639
3344504
4174833
4574132
2255948
3936214
1583065
242271
4152663
2873473
2708236
4330975
2373965
4741694
3099581
2760272
3974833
2444744
2996400
4572053
988517
4238831
728724
4460088
1940576
1739526
3216570
3204716
3126304
3711690
2147271
3073909
4657790
3595478
453088
4385420
2187813
1086800
1416997
250576
1353753
2575654
1778049
2991998
2133294
4979618
3964287
4385829
4488214
4854940
3388813
3484611
3669563
4791039
1736280
4236063
4544092
2953174
2626701
1821959
1583168
370554
4496279
1304678
3596936
2975951
1990394
247325
1840379
4006178
302374
1148142
832621
499328
520772
4714331
2244106
4232746
4294498
2064225
258353
2288984
2690722
2892525
3475950
2452797
1941747
3162670
2530653
134005
4280615
2122822
562290
1615883
4568983
560002
1929128
3577590
3209258
720491
1226847
2073096
1746786
4616558
2451085
2478417
1265895
705191
1451377
1040813
2599789
1263563
4812070
131060
2104971
2064314
3440100
874895
217831
717839
3824620
1800335
3337191
1193867
3303357
2882696
921767
2985768
4127252
4743226
198348
185036
2339452
3825466
2983947
1732646
425165
982889
2996603
2215900
4065069
2204632
4577673
3367956
1907332
2016428
3032898
4938797
3287847
1109114
3199860
2442567
3887160
250723
3025187
4948851
2564269
4159285
4152705
556115
4315225
1527313
2375762
3509977
2818324
3189968
2414329
4400747
2854163
1366713
1911386
1088939
1111933
180436
2660730
3810078
582215
3599065
2125863
4139084
2562396
1321780
4390646
1752811
3723551
419564
451373
4247329
917208
2735174
3382671
2275540
1703690
1739509
4821363
668824
977508
4817352
3917709
18516
534648
4369062
2538520
2410942
2071313
691591
2634997
284236
2597132
3214136
910391
1981098
1614637
4652604
3647363
2306793
1162731
2994456
1098468
2725558
2646180
1303799
570162
4302318
4830324
4292761
1188177
1147683
1434495
2619326
613273
3975683
2445559
4028901
3663530
4621016
4937232
4391837
801021
2501455
4371823
2943783
4111117
4541537
406874
926288
4053911
2669701
4252098
1478352
2189856
2975688
3097933
3376160
4210775
2334463
2114682
842154
4854330
4722755
1449202
4543199
1265358
2625053
3464450
786028
1777155
4314746
3443260
722954
3708646
4913261
458283
2895653
2719338
912245
2954426
830911
2922326
4389815
4966747
4686882
4881039
4232304
3883913
304621
4530361
2957737
1981142
4680619
903650
1974057
4617942
2307059
1635923
2657591
1793779
387466
3086861
1900528
2129159
995154
3742006
929790
825370
3123350
2941787
3902230
2503481
1351967
4647061
1792404
1066446
4302302
2498734
1519435
587441
2964629
3757271
1897089
2147679
3583238
2686415
3740178
2607301
144241
1513398
1328170
4837028
1214395
1577078
3733541
113753
4325755
2860034
1044218
669266
4548187
4847334
2199532
3345578
972053
651667
3774888
4484549
4415616
4101398
1669666
3719141
2537745
4053400
4501417
2484916
4179284
2480599
2265294
908378
3955156
116780
1785610
3786908
3300481
4130146
2040918
4699889
1653328
623097
3775174
1990634
1867045
2378503
1650859
2425622
245597
2286799
3346653
2893902
4059281
4406649
1753408
3516884
3198399
2600805
3024053
3935368
4999119
588768
669556
2578610
3809255
1546777
4051951
2799817
3578764
2391575
4662130
3304422
781769
1320811
3599167
4665127
1466526
935717
4042469
3515434
2227410
1203173
2723491
4065464
818984
3887692
4834125
3084160
2138742
1677372
2223341
1234275
4201994
1389044
4651875
4376185
1420697
2175387
1758688
2869129
4476467
799781
4683911
196023
1802099
4863153
2356282
2311433
4605654
1507076
795150
4417287
3554545
4489575
2860506
4644825
846731
3957845
3666030
2597686
2477707
693036
97598
1829660
424764
2196393
1587098
2481493
4131064
974472
1980798
3975491
3704560
1004014
3881238
698481
3845494
4557775
2711605
687747
399571
3317262
2362889
863171
2415339
2865764
4464379
3182339
1746206
4580193
3999480
1469312
2129998
4072470
1617136
132623
4718260
4431997
1920539
2662035
4679162
4786855
2975343
1731547
4671547
2523231
4799830
4099661
4509964
383232
4139195
1184409
3794282
1948509
4416030
1744559
2046794
2488113
4772058
696689
4696256
1643024
2541615
246915
1923780
3482318
4276238
4918398
45582
1444424
3093177
1937570
1920045
345008
2535678
3044483
2937331
1487329
3354786
3063143
1647409
4588448
136018
2879553
2298849
2985249
617471
1201660
3829737
191185
4199158
4606395
1767069
2294121
1619684
2213886
1485711
3476109
2092431
2678996
2154346
3153251
4865243
4987741
1201542
3164473
1611362
220691
3202650
4860003
1102464
3199070
792420
3981588
210383
1107472
3494112
2471303
4705302
4795148
3076507
1517091
2721990
40007
983181
2031016
4912120
161349
4532061
1675780
4802892
2300359
2175556
596983
994069
3914219
4590798
4940384
4711065
3918346
1094993
357246
171885
1769885
4519271
1463802
729422
1662838
1023889
4022774
1150603
281758
3403121
2459260
4624575
1544344
3450932
4924840
1938206
4443617
2158782
2686146
3227050
1603365
2309379
1902001
176675
422050
3302447
1692703
889510
1711772
1803463
2928292
3345685
412512
4816722
2502663
808839
4071309
4511693
199796
2830083
3069471
3138321
2913013
2974109
4666531
878683
3536059
4430839
4119048
1527586
3628224
1962276
3741590
1944995
4262185
3058621
444796
1265610
2768589
799026
2145862
2335961
1562383
846029
4944560
2188139
779149
3573936
2972494
329980
4084532
4417324
1041010
3721416
1800262
1863323
2149121
2238955
4962881
858204
3414985
1976946
3810502
816347
4347214
3875365
2765912
2951312
1434194
675329
3801244
2486311
1903164
3498966
1132063
1015795
4496178
1197118
1901874
4915142
397936
975630
4512682
201051
3975396
1079008
4869295
3276049
113891
3973255
1470323
4150890
3710001
505996
1128667
4272485
1004224
799847
1778133
492375
3064531
3513967
3482635
3403299
4548778
2521955
4296316
1737454
2905192
578145
3394999
3783765
3785507
1396730
4031448
2975978
4883885
3684729
3854486
3582266
2603859
93140
1499478
1914292
1476479
1143542
4788244
3133168
465082
1903626
3548607
2654457
1422739
3105319
3647636
2516638
3802995
2183126
1142498
2863075
1465191
849288
3148286
2320056
4517369
4666917
4457685
3681241
308577
3372260
3242418
1391383
3438333
2347669
4943500
434206
4327510
1144429
169769
54014
924533
1374072
4601699
499020
4096703
4925363
3161032
4828123
3324623
3171894
765363
2236721
2544287
2700074
272373
4279025
1546593
12476
2077677
4959819
3903190
1774565
4862808
4761087
3662897
1398142
1324690
2961928
3535658
614952
2147814
863643
4760901
2214792
224805
4964080
3368817
4551815
772948
1223249
884980
2784733
2985859
3527859
3661358
3984447
875272
3770165
237080
4443788
440183
1646095
2245090
1790816
1788287
1533081
1939878
1919804
3200230
3033694
3843653
4591333
1842274
4462943
2549787
2607993
1191684
3791634
4932685
2626007
1199459
2258493
4435847
4476307
945128
752286
1781312
1367616
1496393
4710037
4349956
4316378
781007
2057969
3945993
1909509
4465691
334967
13097
2878193
4550770
1128402
4227390
979422
2367749
2536137
3373036
431601
386185
4882002
2853740
4732063
3215261
2036602
68586
385169
598974
4828571
447810
3488454
2418632
474251
4114285
1839895
2073197
2368544
1081187
299060
2453997
2409297
4973764
2628522
887362
4509624
1956794
4297678
2989692
3409685
839740
708758
3204775
4725801
3734984
2605948
4795669
1999262
3070955
2812491
4866205
1200666
3326982
4988852
2215016
325635
3219494
1811121
2099720
2144516
4237677
139458
3117572
3405805
3753870
3815320
27127
1030477
2150961
4799395
1348037
4913213
3562532
3134176
532778
3472858
2744962
2677765
4033263
2525242
2461495
3945489
2053859
902596
2500956
3210394
4564986
3545511
922600
4224905
2422658
3919763
3870430
2840421
220490
4765751
4345398
1587913
3885644
3896286
1703515
2976541
769508
402221
1219522
4105876
807160
4757713
748619
2884475
4883735
4405138
577325
412600
4187152
842672
1917849
2362247
3416588
2830368
2378265
4534201
4481309
366217
2653131
2442946
1426029
3472505
3414294
3639580
2378707
3709861
4949336
1730925
984343
2915925
3424558
4162542
2714392
4521184
2376622
4033293
1191829
1883966
3191049
267520
2374249
4346900
3630608
1496303
2160662
3716963
2561488
4928805
4500806
3883791
2981013
2306496
3065600
2228305
1295830
2070782
379544
1019370
4839113
1583912
4872971
2040624
2988322
1324877
4564006
4892921
4397092
2093685
3329965
1248173
1588247
339125
3174722
1727392
75618
1744518
1018040
4753559
3799066
4551776
48405
329364
1770907
1667731
2316207
2338399
2831535
2958785
1774160
4725915
237479
1568036
1638780
775839
272548
3820045
2130346
1464594
248055
1752759
3775415
3815115
4789787
2835875
790914
2289627
2752599
587583
4540093
1376852
4749661
2995714
2365573
1175412
4112354
4272970
3830712
3742946
194997
1914393
2033825
432588
3389845
785031
596032
27123
3679881
3015463
140069
3682355
4331371
3363500
4010618
1249382
192603
1868504
3331660
2814492
300777
1475799
3706907
3116258
3142297
4033600
4249111
3968976
4950557
2819156
2400916
1206124
3319224
4964781
1725206
194200
938719
3207673
1407722
885799
4295114
3145108
3904446
3106339
2557052
1933734
4842599
1183260
2729522
698344
1519416
4688702
3954647
469423
2355935
3634101
3662842
745260
4362355
3539261
1955901
4282099
4636595
73863
319696
4084304
1903314
2238943
3931404
3184524
2275679
2621359
2104380
1256786
984032
4984374
2663533
445316
2629510
1188620
2395808
2532232
1322432
3054408
4057758
3825050
3669583
3518526
148968
4309956
3416174
2830407
4099787
1485787
4458782
3684224
2561732
1386422
2162807
851253
841885
937563
4425112
1352842
253717
1724677
2443467
1926858
1048351
3202472
4876363
4619913
528590
1493657
20390
1976431
423679
3941323
3363478
797795
4790386
1062529
2033213
3414736
2373558
4759776
1180449
598990
3897585
2431189
3844933
4552033
706740
2094369
67054
3202467
1415776
34993
1229993
774252
4470442
2293214
4051596
4757918
3552704
861697
3579126
1664334
4086085
3106488
1730772
3514172
3271074
3457218
1666521
604028
2240130
2127613
1364301
3632747
1619876
4551038
370214
3202054
1665173
2171380
4866203
2164318
1408652
2222429
2721727
4010963
1501192
140087
3072989
4695295
555865
112410
1166217
2400011
2262563
2141093
4704508
2129327
4813163
2515686
4826074
2618228
173682
1057699
3475270
2119360
731304
1047347
695930
3211053
2113841
2998459
4058403
463833
4077883
1381030
4278882
4533090
2348305
3767939
2673228
1212959
3729814
4096022
527591
1306881
2796716
3176161
527136
4418666
1576924
3815322
2603292
3862556
670404
1525037
241657
4507096
3428482
1378010
2325011
607313
3313681
4555288
2801077
4917428
2426546
3495121
3852612
978437
1254605
2953265
509670
4655649
171318
4407240
390494
3260695
2811251
3236072
3717899
845438
194318
3624523
588531
1934134
3775098
893771
4808179
3163064
2047049
2015630
2898698
4617458
2724568
3768789
654391
430438
533919
458786
702067
2927940
2727986
418761
2517758
3184829
2328850
3087198
381481
10202
3941299
4188857
1189211
2356369
1223067
1357410
1551597
2886242
657611
3979367
2625660
2361865
3242585
2724983
3771317
2199878
3503751
2672183
828644
2303621
3461060
3609833
3173463
832774
1280216
3990823
1622254
4393182
4861749
1866111
4417404
178725
4130895
2805248
1363562
4124102
4635066
493924
1566287
4848601
2341518
1874735
2049792
4624693
4655913
4987183
4643266
1557583
1708849
3848384
579355
3633737
3455826
660090
654630
2658196
3981035
1799837
4317312
3104608
2751786
1639491
155728
4217124
731770
1763273
4810044
3398063
1714754
1201795
3719066
1428963
1204250
773591
4422802
2026082
3342963
2673472
3581148
3268551
3071016
2384920
2541259
1172295
1427169
1610493
3011747
810325
3607287
3411958
3417176
798539
4474408
3492419
822442
468717
3023225
3286758
4514060
2065935
1958366
899399
1444481
2582418
1252846
2374860
2317458
1376
133880
4675487
862008
266187
4357280
4946001
4551662
15573
1336886
1586905
1505930
1959853
2305801
3763481
3362825
3363644
457085
3099970
2284516
2449292
2613431
2183369
1370913
1773428
1635399
125688
4046678
2987789
1226173
3894199
3247224
1018815
104031
3280256
239132
44385
3228003
2014424
2139918
4665421
2001924
173788
3237341
4952885
1234762
4865587
4423743
2178365
1436941
632112
2556040
3255926
3556372
471203
2271759
4912112
1104225
2535988
2591549
2536977
2142037
531614
3898650
883023
3707563
542339
2733236
1089010
332752
4003681
1428386
4688987
161124
511020
4390108
2800082
951767
2812708
998300
660869
629693
1650485
2440640
786169
273928
987979
2433086
1295923
444686
944719
2149647
4763899
444281
555865
4372150
3329918
3331230
3045866
224434
1123374
1714680
2724350
1841985
4347078
3517124
3887263
1988357
2041337
2830096
2688163
1456798
4507532
2434272
2281894
1710173
2913225
2009963
572337
412627
1943275
3140550
2265310
4794326
2064353
2130219
4047950
2487079
2716149
3897170
4684484
4759470
1800905
4030506
2878385
1748195
4679275
3189355
4396244
2486004
4025271
834512
3908735
1125722
2968101
4836133
2506291
3506398
4972037
4702395
1710728
1207249
240325
3773930
4242586
2983477
2680577
1488573
553044
1624023
1767286
2471906
1962599
1258855
2873537
78887
480962
3210199
3028373
969148
1321686
37025
1828170
3868572
3868046
1347177
3558041
4130035
155717
4168753
1057062
218907
2542168
4618226
2247436
1515997
4892067
1701938
2074148
4042900
1244119
3064097
2845106
2431662
2005408
2889171
938894
3911915
3867559
1439466
317773
2482908
4971737
2930418
181581
368913
2991563
4803891
336304
3391191
557862
1769969
1887062
2104865
4261714
4115879
1556899
1458255
2627982
3892471
1767028
996825
2846018
391097
2128224
1132728
3714306
3424173
4286998
1269278
3765584
1889580
767426
4796724
428400
3201364
2965066
4061507
2984979
898815
551776
4996463
4461725
715397
2946718
3843852
4152217
1363318
457849
724216
4020054
2472333
1365254
4083012
3402963
4977124
3814923
1235531
1589678
2668115
3147956
2133483
3332837
3506182
282177
618464
1769270
2459563
4517529
3084317
3464054
4626974
2027637
3184963
177587
4185848
455148
4119302
4108303
4742370
221557
1404821
4383517
1600706
3462189
944240
1384838
2910278
3912083
2605500
459877
516477
3602262
4371396
566827
3366706
3149902
723633
1726874
2126292
1835194
3296182
500560
1594635
831032
3306721
690084
1760959
3442588
122618
2770746
1295163
1592171
1419281
1842956
881691
1934379
863790
4330890
3867532
3958330
1964728
576324
3147587
1103332
685548
4140502
3845804
626036
3238619
2966530
3822767
2271055
4485785
2220166
2127519
3405400
2431398
4566321
3518277
847516
3673850
1960640
1089360
584361
2739566
86947
3241463
2872839
2744158
2107349
1632870
2273231
2008064
66932
2299240
3274896
1497020
539549
4709007
4915759
1520368
3161934
874935
1354354
1367552
591422
3528281
2684755
2299708
4454489
1155580
3779777
2960223
4352113
642916
2669629
210855
3625523
2640870
3799260
1457061
2561417
4344101
698672
1045203
450660
2914294
1151328
1654125
4421310
3781770
247740
1021263
2187995
3068305
2534502
3526282
4952269
2151592
945821
4716155
3758329
615878
1275959
3337326
892339
1144401
648423
1887092
3271904
4790227
4607502
4456556
2058254
393056
40154
4456209
1930211
706807
1351026
2517297
732746
3240949
2829276
1357276
3401134
4407124
841354
836756
3884707
2560023
4609808
3047170
4828979
3411843
1409254
2148659
2796605
631742
2195802
842482
1333237
3310017
4239139
2199511
4647852
4895983
2123952
3663318
2404545
1243334
900060
2536096
4223828
4548351
1624984
871717
3613957
8575
637868
3658974
4305282
3968916
2552010
2882780
999050
40642
3116530
1655789
2442818
1673981
1979234
2514107
477088
1348903
667432
1287513
4986259
3406357
2154850
2389708
4644104
2383605
4091796
2970949
302866
1420759
2769580
2399039
4859844
3035454
2759892
3677567
4254153
410326
3382512
2871364
2603663
217050
403796
3770021
1923828
4889308
796356
2175377
4006805
4012822
2273418
4699707
3772815
3614285
4408062
3186788
2735537
4006935
4544138
2445225
801849
213976
1565517
3490130
347714
2927385
3058288
2384603
1123241
672150
3664177
1083594
3715597
3515605
3273837
3741978
2035290
2464970
4668168
3804
570667
2846523
1165799
4312618
179134
1899083
4797776
2779900
3266894
1581874
3296427
4766079
907745
1968606
4192565
1342486
1076504
1618766
997812
3760636
3029939
4281654
1904152
3416338
964408
1873872
2121746
3477340
3663485
2996518
3326033
4285184
687663
4776533
1029594
1005421
4894784
2297246
3064734
302995
3608187
1344474
1576080
3851352
2021010
1678641
4678290
3643889
4066732
4826301
3769906
1694385
2134000
4328898
4265383
3507916
3229753
4326891
4231603
1249187
4203905
4740961
4820484
1978306
2669821
3559152
178576
4583039
2620969
4097244
1630806
1456919
2999498
2591401
385245
1801218
2643145
1158382
4410829
1522401
1909508
1494988
3446658
3887830
1589641
13026
4688785
3318735
3983026
2039090
2277958
3495951
2976943
724213
915641
2253585
4361970
740720
2405957
4794904
1555483
1102490
2329898
3131386
2501520
3102876
2671571
2462937
2082196
37425
580168
2027217
4395291
1414164
1349518
30807
3662769
2667617
6921
2263990
4965780
142751
96231
3506094
1550945
4621750
3890043
4360530
4483513
4703223
4359692
185132
2722926
2312597
105589
428523
1969713
1923263
2254850
752136
4122708
1135302
337768
3446057
4360546
4538442
1234707
2652422
4573118
1347551
122178
3081848
1711258
2134481
3965194
480693
4910708
3406166
1519385
2154067
4342063
810018
2328942
3940051
2537467
4249184
947501
863126
2032034
3035151
1970159
1559956
1535194
2642235
4854154
4604194
574464
1825677
19072
2637545
2750311
1323556
1435389
1951613
1164670
589037
1124986
1464754
1781049
2500982
4303447
1627149
1803008
4853444
4100360
3110344
3310978
3995446
2179038
698181
1931780
3936135
2985168
4004621
2158501
2364066
4352924
3439433
1181386
1935419
2176141
4097202
1172111
3152038
639153
2358274
3194991
2347695
2522704
3382563
181236
2481819
3742455
2679578
3250381
3998648
3060143
1580008
915840
2050625
4090820
1009499
3751322
4843262
4691136
4292080
2503867
4923531
2287595
753074
1280676
584842
3941375
854509
1727124
2588889
711252
3536089
142522
918098
2198293
4419225
4379856
1294242
2110707
4239235
2875273
4650313
4238372
3821929
1401535
2383253
1885950
1253983
2951743
4444232
4590662
2932321
920983
1162464
4674414
996172
2451672
1144074
392051
1134219
1977975
3426989
4070853
157957
2811011
2651456
943954
775417
1359145
1119021
3102545
4821173
1117545
1635431
2197624
2692894
4587112
2572369
1469805
1892036
3184875
3644134
3843584
4573023
4191678
779282
3382273
1850526
2861650
791142
4900995
945533
1630189
4191570
4385766
1421223
493939
2873887
4406691
694390
2172140
4167644
914423
3668908
3181461
1810827
135193
3487373
3894221
2351403
4830626
4307633
2796377
3680226
4785417
4484798
1490856
341676
3340039
2393066
426444
2977370
3950750
4809872
4549716
664031
1383957
121196
4027113
1570763
1313539
3269692
317123
4591861
603282
4471555
3829803
3496793
759033
1454776
3427933
3006997
1184856
814422
1833975
2479878
677553
4905743
862564
2707968
3207210
3919198
3356908
2232861
2029230
4994510
3319895
1923354
4082799
2056368
1456094
4138691
1189707
4435386
3456538
2103460
1431198
1102101
4140093
4135400
2187558
4089710
3050310
589259
3248406
1466415
503019
1835749
1505689
3070601
4700058
293674
4044001
4155826
4410036
4815524
1034077
3496167
160413
2902250
533490
1315853
148825
1867951
3862852
460782
3491689
4091868
2900543
1423909
3238236
2026725
2414809
4154140
146736
4568590
636983
3761314
564413
202571
629148
1493315
963769
4410400
3306354
4369195
1495643
2230846
1047438
1138672
3805733
2900030
4837100
2244774
1477755
1230443
4093820
2800623
1940810
4345172
842307
4992296
4449038
876510
3689960
2359361
3134693
4083567
1956827
3743878
3256602
289686
214803
3907107
3188091
280524
2108310
4446251
2957534
478877
867275
4194478
1571854
1754230
3553304
1928040
2039176
1894629
3992410
941005
3018992
2522327
963851
1380061
1357135
1757867
2676857
3512380
2489345
898662
2076839
2679557
2265961
252393
4406671
1353505
2302569
4671027
3759105
3165796
1954993
2888142
3485500
3126995
212146
545858
107297
4920742
1860756
4445682
4313509
1611708
1345900
1793595
6869
3892609
443777
2856977
2159673
447817
4350719
1504958
4861252
1614158
3935043
4604010
16460
1857015
1684161
3734317
4468258
3555785
3162314
649404
1500001
830197
1737285
2646017
2910919
1851583
4218978
1652981
305559
1987645
2463357
4605208
1366190
1743866
4256636
1232627
803828
1642850
4409317
731343
238831
109756
1453497
1530340
1596872
3060490
2260018
3484360
4947585
1468603
2335154
2297450
3427007
4099727
3074384
624673
878996
3786516
3048149
3490452
454709
404493
2529380
2670011
2284308
3700513
1616101
700762
2884066
3784297
2284360
1035686
3733182
2316270
4287005
4838535
1403385
4647960
2857724
903548
3959367
4373129
732496
3835074
3883744
4033452
1567775
3895703
4738808
1287360
2920655
1258866
1501245
1993495
949913
525391
4101535
2705113
4993587
2769608
109666
2876631
4325446
509402
2285834
2254427
4476991
2569076
3698342
2359377
21543
1365030
2672809
4425025
1956131
4509548
4637932
582572
176495
1716028
4629520
4413506
4303997
3370473
708352
2205614
956139
953649
4532363
3342971
3846862
4603377
3798514
687552
2778843
4738440
1863342
3421063
2047867
333893
1530483
4607329
2447949
3292001
1399275
2549216
4280953
3464297
298400
2760095
4681342
2649279
1721380
4029355
3805088
2252655
782148
4135941
4628762
1997427
1748284
4129480
4131251
3489320
4833902
3374180
4525871
1699846
47934
2994793
216729
4813081
2617833
1190607
3880159
3891167
3968002
366101
1250619
3176687
474483
3889611
2048706
2256620
1251455
3122908
943786
4412003
593879
4373323
4439707
1189663
2233020
539510
4151052
2705011
1819665
2871805
2683110
4005833
241951
4221888
233598
2485561
3975872
732714
4302706
46524
621429
1579670
4069645
4438105
673994
726503
1239720
3556998
3558586
971863
2593591
3084235
2852577
4070042
642537
4883186
1701848
4351352
2649709
2739559
1709321
303738
4546027
4720684
3844516
1914755
3821152
85230
4707686
589808
4465582
2584550
4304580
3771808
3077910
3944701
4031964
2398788
4928038
451322
8892
1563640
2043842
1228708
2202173
3898126
64481
3460846
4953472
3756213
1812144
1057748
664851
4336442
4715989
2413924
4393310
3653538
864144
1786681
554375
2512701
910857
555370
2767541
872918
895957
4087349
3523898
3697862
3535419
2751490
2784411
56591
1534545
517698
4655307
2159094
2279468
2272795
2015892
4750797
1720031
3938965
4487651
112815
4190070
4683009
1689659
767334
127292
2516416
2352366
4408043
2773790
2393786
4404173
3100140
3896364
4459550
709837
301583
3255133
2720121
3074388
1572648
3566397
2002317
3721689
3143359
974606
2118028
4017231
4662185
1656156
4521434
1073692
3413840
3001437
873558
178043
1546883
3187164
1753601
1620977
5320
3723222
1187985
513853
1363415
3115572
4972889
4282027
1123157
4956238
868724
789634
2310109
3902852
573667
2452413
3470079
2238218
1596202
4941920
2975522
4699288
3828919
2391765
1549191
4739738
4624613
3484748
4309849
4479509
769908
708825
3848970
2376805
3520188
2222854
2703547
3907645
2405113
4342564
3552570
940941
478015
1447992
4755028
4157309
4467115
1387736
3282107
1163538
1458752
4375567
1410194
305614
3658703
1579996
1802794
3004043
4079257
3413815
4979576
4275814
4888377
3841931
3288911
1606579
2889138
3177294
3019151
3692264
586310
2591776
2854911
109737
4793257
4508725
3467254
1221034
1686938
902990
1714903
3178157
3128672
1451307
1765824
4600947
4643398
274830
2650636
2308326
546798
3315445
3970552
1486155
4281854
2519345
4863918
447977
1270297
1928181
4108941
575896
1202699
3626181
1219684
3230782
1822959
3197283
3008416
4067965
4795328
214853
520385
271620
1445188
1875314
4390427
123482
3822935
2965587
4103010
1600811
434951
2984124
2824176
1907125
2680524
2540765
681824
2324836
3441412
4972099
4039752
2496526
2250516
138798
2907593
3201692
3650361
4410403
1000645
3164164
2197641
4736927
1943096
3088234
4008481
2171856
527545
3506840
4280872
1118505
426370
1806364
3983447
895830
2102745
3322428
1493836
4565990
1597134
4253341
932947
1500402
2165962
3209598
2024085
2956008
1150032
2083684
3945261
4624161
4519919
746257
1694765
1462524
3320500
856317
4209374
1898741
1353180
3107540
953283
72972
574542
3871804
3764342
3389807
4967001
1261235
2404713
642441
55071
4035820
4965593
4660562
1175819
3689357
1130126
117813
990612
4540602
2248257
4955801
667559
162697
171486
3233867
3028643
4109170
3321465
3926690
1205143
3210685
664939
1549531
2954613
3674946
4834031
3050974
4826542
1609804
4218509
692535
4963939
2576787
929826
2409530
326435
22373
2290218
3544093
845337
2796080
4167697
1878253
3913335
2937173
4193134
2821309
398603
3278949
4467820
2104008
4941303
205609
611633
518920
329358
1593417
2680904
821518
4237401
2702885
554228
1549229
4822541
1627121
99163
4381472
1745496
522745
2300059
1936036
1284289
1816993
1978839
2120998
4637211
2753157
1900990
1062140
3540176
512253
4644858
1673026
4455561
2874597
2731534
1408542
2555926
634427
2815964
1841041
2679775
4047589
3300780
3564408
4612069
2168210
3931385
3989511
848933
4032418
2077260
222179
3137929
3190138
3868326
1597482
1696890
4576562
196498
966967
4544497
1503729
1190979
3497102
2553851
41969
4797866
2064274
1727049
365086
4472619
2865626
664275
3966816
4196931
158419
2549662
4247187
4681581
4312245
1899763
340718
4049588
1484179
3266360
2601436
3411628
602768
1745183
788330
278050
1499826
1360359
3150462
2941945
4451400
833251
1753631
1565554
2199299
470389
2304584
2078494
4225345
1231332
1455965
2078230
2730897
3064430
2760147
2230708
3192766
3543419
2430990
2512789
310971
136285
359980
4276456
3950303
200848
4777375
3618069
1682418
1860228
533210
1338554
4362815
887099
1802822
1435036
3888247
2751978
3187897
4988563
988298
1747255
3332756
2251470
4024225
1629917
1432857
654306
4547915
2213440
975083
1299484
1521712
702561
3851372
4403274
1960373
2763765
4420339
83011
1991445
56690
4705261
915419
2186355
2856284
3292351
1592019
4355841
1989759
1035937
3639697
1054448
4801633
1087955
101323
4085664
3978216
4375745
2414109
446867
2814123
1721719
470206
1668230
1328010
3561383
2077257
3482059
3473325
2724466
2394977
1679657
778068
4613863
3957701
4941021
4696015
4566359
4082873
2046079
305431
514112
2186097
2456556
715774
4201025
4159571
4750541
2007619
2314394
4499495
877367
2279444
1821831
846594
4229773
2848262
4437899
3978896
131226
136602
1801318
1349796
1607032
2268993
1823462
3860141
1046973
4948153
3089177
3059908
4418423
1227719
1942167
3213612
1919589
2772609
2727201
3610423
2229938
962077
3774018
1494418
3397532
1373514
83746
410465
4055504
161827
4615037
2035041
2872908
506637
2306808
1827197
3457506
1910896
3756035
1210761
4415365
1354185
1698933
3706499
3812265
3465326
4553377
2957222
3064684
3319437
4942071
2946752
782789
2289471
3548822
326351
4060347
2032697
325839
2352872
2110305
4518455
4546465
1854029
3220593
3206278
4148729
2784944
1976984
4742919
4657285
3197742
20051
4512356
1955810
1308353
1142117
1161958
1954017
2710832
67187
47068
2973045
347705
2669318
4236608
1490668
3435889
1242562
2401950
2064043
2329175
3317389
4673278
2405573
482767
3499188
3725272
1489467
3302047
3711488
3304264
864170
4947187
1444966
1369236
1684181
4104010
3781583
2547909
3692754
250810
4066813
1755769
1465785
132462
188458
4985466
2424380
2990408
4044727
1623480
4284243
4548017
2037747
4163874
2285165
623166
3837281
1615368
2034759
3666303
2153542
1555191
4192778
1317036
2486827
867368
644082
3228818
3074124
331319
4482109
2590489
525712
1006895
4235436
602550
3943392
326952
1384428
3925963
3644756
391780
3965078
4688598
3865965
3619033
1478751
2724857
4675487
3979797
1735349
592044
2212737
1457493
4731557
3788576
1427658
1757413
2229474
649428
3316574
323554
665993
3746248
3188947
3655926
3668758
2787457
1200670
4523481
4155180
694778
631660
3762426
2223363
1473738
2797955
4967781
3874123
4596301
3485646
461244
3214717
2258216
137948
1677889
4096247
3772574
2611997
2393476
3319065
3424060
3743860
290611
4694536
4883834
3533280
4309713
3042207
4151285
685058
4267987
1112381
1544837
337843
2035513
4900114
4527932
713968
4007863
649888
1336507
3160850
4850109
4446906
3129248
3373709
3145825
1304309
1536677
767624
4143727
1099413
4467849
942173
3476535
1286519
4370102
3937147
4112316
50357
2721578
4902866
4849635
4867447
259747
1690674
3671927
3739073
528482
2200108
4990698
2395501
4227287
597226
1760302
2976156
1225874
3692780
3193531
4941159
1555310
404718
142952
3476068
2349614
948062
2391629
2794158
71322
2822109
1702275
4908764
1559147
4759305
57229
4464775
1459902
1175237
784535
2348267
1061370
4493843
1370934
3696540
4911098
1031614
3567756
4463102
211853
4902205
2763523
2391035
1886717
122587
4067888
3760729
2280313
4184130
1737936
615698
2545734
131796
2562706
4719247
4977330
3177624
2972558
809671
303207
2368944
3131286
4457316
327686
1974493
3121961
2228904
3413605
41778
286164
925348
1758183
4020293
2226545
4562971
3581441
2053069
3990922
3185357
2405034
1316354
2549111
332466
2100624
784761
1928690
2166191
3988740
2491357
3061338
1881413
3581777
1087603
2463696
2479366
1352178
676782
919132
3822316
1016423
4207688
3301080
4052786
331243
2907727
3076695
2522088
2336809
4218490
2731116
3335906
4525680
1238
2238987
3349897
1481587
1450896
3284887
1292713
2234135
3616113
2520844
4077549
3190120
3179104
2141086
1629962
4488448
3488541
3870675
363725
2456274
4783839
1145605
1088364
4962402
4243022
1961478
4803347
2985723
3272571
1740952
3372166
1426976
1652228
3633255
917552
2767199
779459
4368226
219912
4770207
2252620
4532917
2417214
1100572
3682298
2490726
2293164
2719111
4233824
4619479
3618567
3244346
984098
1023613
4283667
1141697
3608407
145045
3842804
3032916
542945
1872880
4621495
29331
2755536
3348522
1754935
2381134
4078414
4300141
4834936
159402
183157
2455218
3325592
4777235
1485812
1187001
362824
1483177
2226670
2746721
3358325
3719041
1918269
1951450
2692737
4719158
2315944
2672488
4154602
3486524
4377855
173757
1183747
2364114
3624402
4020972
1570483
3553126
266956
3077176
2804238
1058516
3523456
4995491
424368
2152171
1890141
4626139
3275100
2293062
4139811
644294
209839
4266271
1839081
3357419
3257437
4528166
1744101
2465503
1089077
744238
3655864
1432674
1160295
1281047
1605092
2087168
4525608
1253963
1682096
3257307
2263235
4370559
3156632
1218366
4571663
3950699
4971053
1824052
1687763
2782363
1823943
293770
3706001
2254506
211879
1810652
1047306
4330823
4710191
3842376
2366164
1323850
4839582
3952710
2000071
505196
4700088
3619903
4704730
3921160
622344
2033172
2600262
719920
2025100
3003590
726204
1201092
4886713
4054624
4900056
879423
45989
1865966
2079066
1469011
2734429
2105345
3754071
1320414
3428809
3532757
4973812
2794999
26370
1122248
2353975
4937144
2857822
2315533
3229782
3106480
418327
2616572
4348309
2486228
3838654
2872803
3598215
1789272
526907
4111511
3454097
4498626
4097691
4530765
4836893
1459584
1092927
4871034
3418791
627917
1757849
4490547
530730
588084
1984256
3788188
574408
4446711
4635226
406515
1303632
881374
1027113
4601123
3215581
1475990
3921688
2113887
2410323
2978699
4007887
1452592
1220430
4043666
4931379
3281519
4148950
2223575
3161746
3520516
3766098
4449067
1141720
4224688
2691632
163527
3756622
4663671
3207336
4569267
986794
1191933
1272238
2058145
1205363
1891125
409071
4622085
2468607
703069
3494128
4045077
2074742
1597379
2843429
764915
1090939
1344070
4657915
818227
2496132
1282409
86284
4462025
1055271
3213138
1535917
4526270
2616509
3054813
4491001
2992258
4103242
1493910
4706766
4431173
4198113
4697963
3914207
3766748
3938841
4263682
4470433
1444855
2502656
1996632
3868227
2460705
1087696
1988881
3835765
1365145
939706
869715
4673793
776334
2179921
1404920
4083404
3589954
1811240
1361909
4554157
3467756
3205667
3988355
915342
4567697
950645
14723
118305
431450
424405
895298
1488681
986358
106270
1937942
1382761
3320851
3584264
2454333
1031505
3773125
4125163
4980978
4111429
2294981
3724567
126103
4407643
4942730
2477183
4769518
4240884
2318642
3457011
4912061
1449208
3812304
4223891
1598416
4307076
1311692
208441
3994834
1501417
2512672
1184565
2511426
3764378
3915973
4425703
1889671
3025843
3476036
2078435
1319574
2670035
2652521
4024690
4255699
1293466
2104423
288094
4259631
3988677
288542
2666617
996149
2859040
58607
1879107
4350749
7150
535203
981663
2023605
4474304
311648
4045445
2219796
3125537
3670786
3777276
215032
2515608
3834157
3033780
1840927
3385942
1290558
1630653
2475368
704076
4746620
412788
4421980
619121
3169499
774273
1280753
4157024
1192805
3249442
1600659
893929
3553992
3082568
3510255
3129844
730405
3350335
1346634
748003
2829300
4875128
2070591
86473
1822409
1223819
452600
3473522
3396547
3198430
3799877
1661382
4668367
224312
43795
706938
1048364
116512
2224472
2856651
768047
3523321
534751
1951819
1551053
4959947
694509
827745
344438
816776
4696688
816947
1654609
4359352
867938
1710085
2247593
3118371
138805
4874866
3547758
625450
593903
1075191
810509
3613932
4526604
4982112
4006003
3758763
6356
3739042
1220012
4060845
4739064
2855952
431467
416966
1676786
2286954
995803
3896457
1679140
1898412
266909
3050803
4405610
2969975
4314864
1190076
3607220
4722151
2283348
1337973
2776486
895444
3738835
889845
59276
2560739
206066
876139
1817818
203250
3640756
4792907
1224983
1090101
1353550
4197802
638026
3224675
1041926
4403381
2988275
2757606
2199062
761714
3455022
4555062
1878885
4050192
88827
4099728
392758
802576
1820610
2447697
4168502
2670632
1285946
2100251
738346
4432702
2706947
2590785
4068509
4576605
2948942
1152441
4354095
3541504
2168577
4849612
3719862
3470562
2689119
378846
2816025
1791944
1413628
273993
3127303
2392897
3694176
1936250
899428
4739145
4256873
1438570
2123243
342938
986591
3571226
2618094
2350351
2067817
1476923
1479854
2478808
704013
1434456
3433955
619771
4031267
2176724
4518115
358522
4073631
493114
3877199
580110
1263354
1385322
4877786
1919624
3626945
2639637
3929912
1144444
4297294
3043335
3121753
1359868
2040812
3065687
2126661
1707795
567232
157465
894433
3466603
4066574
3949042
3237406
2695450
71831
491131
2666063
1118347
1502032
4411284
3092824
3141157
584268
4113254
4809803
653859
4485841
1420958
2099818
1787563
936540
3575414
4664468
3128512
1600685
4615323
3214934
1805435
2047771
981941
4483352
2668937
3760973
1071832
2778937
3066819
4657298
765828
1673660
2039169
2374552
1135415
467352
3127724
1258518
1199411
2871804
1688551
4071844
234015
4203724
867730
4547051
2276576
4841781
4014128
927496
316590
3262545
3619088
3125214
1442757
150756
3514936
1554719
2752766
4008609
467949
3631175
4431314
652016
1907259
90264
269779
1434972
2221500
2348409
198355
1775005
3807320
61277
2126663
2460370
1183163
2989552
1082763
1397750
3852146
4901689
3297823
4509190
3213493
3095475
3376483
424654
1666431
2514622
2117674
4179898
3296249
4882867
555475
3123798
4920582
2110666
2879790
3917876
3466379
2842644
2675601
3971997
3774472
4289433
3673289
221526
1072933
2027223
2913492
2371840
190313
4126782
1462769
2751030
803281
881189
794536
2832087
2033784
4141026
1096551
44868
784879
4988008
3725824
4568559
1545496
3082062
2536507
309519
2984763
4556536
8265
515292
468237
3366365
1477512
3276216
1061647
4633077
4601713
2952790
1359670
1513750
793748
2249098
2729190
2163380
2515621
1089239
1862866
4585511
3498997
4982389
539466
3215095
263848
3544027
3465794
2754424
3977304
582743
4239511
3521600
3158081
1039013
1625844
3361446
3690843
3827867
3822976
344780
3350069
3737276
3781755
3621882
1500915
2967689
176594
1261764
1775533
3564444
760091
432148
1133214
4249840
2339204
1296748
1254973
3528161
4608311
2581485
2989190
590182
4129379
610989
3985795
36254
3867908
4035599
2159953
779864
4819960
3537876
4786046
3279722
333520
1630959
71506
1304510
3523660
3931537
455029
1863655
4851893
567448
4481558
2707354
1245721
2892174
3362270
181432
3236292
2151326
965494
2289529
3574962
4421211
4454319
4587716
1274585
828158
737368
3693281
3423933
3058568
3168309
3555673
4112735
4161828
1735543
3547869
3542781
3507653
4636305
1177372
3223743
1141962
2417991
1401908
4519857
520489
4308293
3372881
1187035
4390215
3140092
1145767
3692969
3383327
2631236
1143673
2512691
780526
2900423
1372165
2997119
1342149
3934828
1300777
2142280
2235431
4689483
3305709
698568
4257009
4973810
1194250
4638971
1194949
2964162
1540968
2145417
4514154
1017830
1217039
495175
3296117
1927051
1370603
2441368
1173095
4264087
4184176
2492703
872446
2884709
3054735
1732233
1821199
3739783
178298
748002
1398138
612613
4622951
4113512
1449319
2346433
4350892
1526377
3712186
3613174
3978578
1409011
4717972
1979416
4971236
2272532
342094
3822013
2187593
2037701
215315
2458053
2484480
4004589
780720
2575252
2622197
867065
2559327
2650308
1083557
4617780
2319347
3788133
1404229
786874
4368208
2955329
3132682
942375
1055938
4436060
20574
1506431
2910570
3133708
3376929
3181776
4932286
2874785
1524071
4603860
1652150
3119909
176868
4465850
4214505
4697897
1545478
4176692
4550486
4424114
662703
86150
1605694
1222950
1850391
1538185
3729933
4128810
4405560
4887835
4800151
2168499
250020
2098343
3612689
519567
3197371
1733751
987433
4812144
2016340
244003
2932592
810841
3982409
2541262
1782664
626240
3436002
3012909
4641689
1937237
2065337
4301942
3780394
971974
4453955
1627042
4123627
2186285
988678
4125474
4738966
3569968
2253594
49621
869974
3356190
2784660
1257837
947124
4852747
3462013
3520931
1967065
2091127
832630
2977795
3905021
4125506
947833
4345788
4674410
2627105
2726528
111143
1676584
2822126
3258561
2508838
1861207
3693899
3232270
4346109
3936089
3350915
3018985
2958390
440343
2396988
811111
2712583
4156492
3442326
2879867
2855683
3722507
1835632
4396970
1818531
3369764
4384195
424146
2243185
4316118
1401152
4581068
2920534
4131451
2325249
2181866
2026218
313945
9682
932953
4173610
1746599
451463
1350904
2117837
2585998
2640615
1669549
4723102
2883812
2157618
640118
3297912
3198128
2357801
3558504
2448337
2493333
3873406
3682345
1627983
2615583
1260424
2870393
532742
1451997
779406
2131107
1569841
770186
2889735
24601
4639009
2477029
4227405
2993532
2985908
399216
4946467
566804
2723114
5658
4942754
2906153
4975633
2811915
3223612
201394
4695582
2664241
1795820
3073917
3332258
1981483
2474595
2835597
1461422
1846118
1109556
993576
23177
3024963
4699357
3324469
3372227
2013906
3800104
4606374
3292470
3940562
2874439
4992191
2470636
901134
764931
2034365
3098515
3583132
3223704
688128
1338940
2074106
2658106
3470273
528285
1807196
1091851
3846136
1954233
4944955
4487939
1203037
1362936
4412505
4471229
329978
3782230
356224
4557478
804883
1970848
1348312
4923423
1681401
1505991
2861916
883702
4624604
3448083
2000296
1785195
3500961
1252589
2093551
3547788
4441672
2565328
2618301
4293884
35293
5749
773943
771009
1380037
4514323
2046349
2334548
287055
2497212
367327
4302080
2054133
2737939
4280389
1415760
95236
141528
4124099
450809
2367368
1669767
4441214
3793575
795272
3425647
1783993
219547
3358608
4088641
485754
2252863
1720640
310801
2574076
375563
1616037
4974987
3282680
4991930
4939883
3904884
590201
1490875
1942997
4561168
3860383
3507316
4844525
513218
498275
2832564
3240166
3588486
3308770
1982277
2949938
2484095
2372123
2919936
1607755
941309
3568952
4879568
2501352
1757386
770077
4520517
143812
755167
3033854
3819371
522114
970745
3561246
893321
2272683
2505643
4751956
4850946
1801597
4030453
3364537
1439743
4347244
3850285
2532699
3021378
1125168
4712728
502938
3812465
4141826
1395812
2859485
1248614
4304854
4052286
435858
2131490
1581136
4716397
3296109
709758
4128150
2155162
4096953
1764431
2629429
4194425
4204409
4604513
763107
1848071
1844292
4066709
3672885
709873
4020792
3903537
4077706
1747430
2112255
1060238
3270580
4881826
2909078
3492999
3785917
904090
2088606
995133
2347663
3615535
4198468
3960345
3571399
3762556
952030
4100804
2873530
4540927
389221
64419
4096382
2534227
2389980
549140
1275824
1081391
609878
1645636
1229157
4897638
4023289
3395552
569434
2910365
3747406
2875834
2256170
4629035
1248831
4721339
2358850
964326
1430629
4982043
2565323
4628762
4958030
3718560
367154
1460735
3540292
2928019
1953128
1084543
4750132
107523
1197764
3184394
4566243
4894883
2604065
2704695
4088473
772979
2829454
1134203
1605054
2824294
2713709
3846402
4092409
4772907
3855468
833141
884981
4272996
4093922
3725680
2043456
4393682
4892105
1145438
2099070
392254
1499174
2093144
2845526
2804685
408669
161651
1047434
4778550
2737435
1154950
1069078
721427
1179928
3973136
2503642
431904
2836730
4367303
4663746
697559
336174
3283005
3719245
2726505
4511018
1283281
407891
4951863
766595
266720
3531311
2315163
3417851
1104355
3459003
3761760
4055696
2145831
3495616
1770667
2431018
3259972
561653
4840235
4549157
3360922
2206270
711939
1946509
4951171
256380
2337196
4941481
1098344
4520712
961095
2579126
1109995
1009925
796870
4217908
2424421
1909249
3534739
899798
3871777
299534
543977
1989603
2941622
369257
950596
4039097
3916867
1421188
4052379
3522060
4401894
993438
284992
1664957
3705259
269142
127106
443606
1387225
2104154
4696107
4288710
3135657
93361
4650591
2010823
938567
3758779
957943
4525970
1491306
1982468
4229216
4451159
3481678
152407
3955304
2682865
3816063
4438070
2734371
1350625
3796838
1928658
4877786
4715609
1216457
4237237
2612452
3019618
2524883
741790
2911282
4781110
641577
1160358
3405620
2543505
1548948
4743665
2025702
3754603
3739355
3979553
222680
387903
4763249
2504106
234458
4622490
2413097
4279833
1458862
3641511
1442169
4793744
2605597
4613999
691687
3785163
1716066
1507670
575487
3567067
2467858
2186533
3727550
902011
3197442
1879191
4201022
2479233
1847173
4318438
3200883
1532921
3172403
3287300
668839
2404814
823977
2454134
3922156
4872912
4853929
1643769
1164603
4520259
3902537
3448206
2291573
3447305
282785
2121402
997100
2335691
1452870
2326474
562805
4809101
4882887
4322903
1890737
3886333
1386703
4192599
2638048
934240
1889970
4462029
554907
3306334
3225770
2127268
3170860
453049
2716275
3090428
841285
3370549
59429
3162433
4883490
4040033
1884878
1158994
225674
4064104
3589416
2341938
1904105
4012279
2558284
2263293
1297463
2130899
3151589
458183
4384844
1966293
2694313
1409509
1999709
454522
610838
2403136
2067033
1383371
1176524
373866
3438592
1556014
4994351
2219236
4588775
987373
258411
223300
4990972
1609928
269790
778088
856893
4385254
4496272
2939179
4304422
2259518
4089847
106430
1527679
2494677
4780545
864234
2583738
1687877
3920146
2897739
4994204
1387355
3675440
3335396
4885782
4596242
1448157
3012944
2543309
1102233
3820076
3466285
3240832
713319
3196591
818831
596281
4728537
859841
1395589
1740765
3423886
1213572
1886746
806744
1851247
2311488
2195180
1782274
4415519
182315
1000796
4002220
2304008
2492637
4707602
3129184
1249056
1540665
3155339
4511089
2379124
2446029
1807079
4282360
645969
1062791
2845506
436778
2224441
4893036
3298929
413423
3499942
4003457
681436
2015516
3653156
634822
3549933
4602179
3556139
3605015
1143676
2202152
843544
3936556
1674584
3803137
1892561
737274
4836357
1529227
3593797
2525602
866061
4785229
84458
2922740
2255631
526088
4562774
3260446
1205525
2187843
313118
194736
724109
1848806
3532534
2342980
3046794
3384685
851313
661448
3647830
621567
2095827
2378151
1811626
4582398
2130903
970286
1865830
349833
3154721
695634
4969128
1653552
784575
2047508
4295405
1263676
4953666
1875741
3290837
745596
1878401
3817348
683261
1288224
1806185
330778
1501933
4845553
4970820
1121740
562193
3669255
2454146
2967233
4903099
1851287
3395201
549720
1589366
2779818
2938937
3753541
4275577
264208
2200004
241690
2736222
503557
1453298
3192470
3960678
222766
344247
4158649
4658676
337389
3766904
4950137
2902152
3005795
1398507
1655011
3754978
3914582
863654
2879779
1193086
1170179
557236
2298884
4417579
4595106
2113534
489956
2367449
4179220
3365867
2851992
2144913
3508577
1674609
2143
3504789
3111696
2662063
1300221
3551757
4592944
3554411
3371069
1730425
3427680
2084503
1772481
256587
715905
2364713
1376268
4363518
957509
1383969
420582
550526
298548
4466214
1639616
2305493
532929
4059193
744876
1467730
3239356
2137391
650777
3289568
53201
2773031
467205
1279389
1323572
1774986
2193300
1159284
3479308
3853721
4238439
3781649
1655288
2469863
2653454
4062608
1922898
4358014
2820161
3194061
4834628
4535015
2229785
4026666
3932231
3562428
2500015
4961329
2512728
2413743
3151533
3666351
4940187
450096
2946898
781030
2261048
3988697
1901274
1141578
4215343
1677862
2852068
4696073
2340329
1384136
4569150
4761655
2530306
4111398
3044329
1632119
1223912
436117
2282028
4419391
4536432
4774245
649367
3636367
4669323
2123187
1493689
3445024
4319540
4702691
4485406
404109
3330860
732636
3146757
3647072
843445
4830713
4040096
2239438
97506
3853008
3905267
2001409
531493
270232
385043
3231912
2408090
2931365
3495205
4556129
3229916
1323675
3666849
3645022
4543791
1499370
1940925
4080161
846713
1664793
549922
1961286
3620010
4350755
3564560
4523639
1367536
3026901
253404
4904220
39552
978814
2044150
2941568
1467308
4387568
902742
3181736
35650
878502
4220196
1410338
2419903
1061448
87285
1661777
1726642
2581532
4137943
1816759
1196232
4502271
2115352
4757406
4112116
2770233
3182036
666971
2570345
2818694
2949818
3351713
463311
3208746
1915019
2636771
1712087
187225
3389945
4644607
652251
908750
2315957
3159041
1350814
405791
2699571
3047366
4041803
4832371
1348028
1435249
3657549
3085294
4572806
1256193
2084073
4168398
1384168
2577357
2645027
3755878
704631
1879650
2480365
3415460
4192306
461511
4279874
3275307
1641996
4345897
1137670
2995172
2116384
1281243
1043623
2037775
2360003
2698112
691832
1314286
1553650
2344162
3936690
3494509
953130
3990903
123865
2398619
193730
1531048
1379629
2716007
986033
2066559
2829515
3243701
4956541
2993637
1863398
4810403
509349
2330635
2841120
370335
1047897
4947463
4686883
3914429
2901138
3931430
683392
28223
3003336
2604822
747136
4081649
1661429
1033112
4375287
404556
3737840
2619720
4533170
2174708
2207157
532083
4030029
3104836
606798
4670772
2202366
2805703
3524274
3627179
4389374
115600
767969
2324613
3293091
1708810
494050
256121
2906378
409156
4324785
3961282
1350547
1307071
2683852
4700048
1202747
1826596
40346
1958435
462562
4280935
3049799
1750648
3496815
4791181
171131
310782
2107938
4815906
1704379
4661941
2302773
4227644
4407300
3192778
3798063
2820436
4203801
3872847
1033625
672297
3393335
3463987
4445397
513307
1957752
1575482
302949
4536659
2762572
2038352
2068978
1361776
1514468
2897696
2741247
4185820
4347232
2148502
4589425
3816187
2499012
2153277
811404
419033
3984442
4387747
2169701
386062
4476349
1798188
2362215
1763085
2450897
3245886
1302134
2742647
2062060
4248249
3681518
1827847
4586750
1106938
126789
1982837
3633262
338366
2488845
757251
2180926
3914779
1283912
2107842
3901254
2533933
666688
14846
2652855
3709714
485020
4570852
562873
4962898
1040495
2618242
822620
1716727
565976
4702671
1161345
2548927
4468682
2531065
2935483
2786371
1238824
4104821
4389487
3191740
2768543
1959978
37309
3165453
4682761
212516
1732543
4527350
3968061
4521715
1612635
1635404
4414005
4588622
2677823
49943
2877136
309586
4569705
1250011
4208121
105315
1907305
3835729
1862698
4935631
2356782
3685825
1603063
3521667
323211
3162071
2571035
4978269
992727
1108870
1208364
901017
385223
4162398
977748
4490001
1816350
3725842
952257
492483
3317203
260041
27176
583238
4294933
4387275
2812598
2371229
3458877
186449
1348317
3363380
3647259
4132984
1082511
2668195
3439448
2981009
1306465
31977
2671752
4656498
3134007
4939638
3345906
3134937
857827
403024
238183
3479850
3975176
2302216
4323093
2271169
1515755
763703
516424
1335020
2904419
950646
269966
44866
493158
58900
2380375
3188152
2116837
1977878
2062953
51656
152059
1419696
3254975
2828826
2346842
3281585
1654915
698069
3989950
4978991
4016445
1162441
739689
3600648
177927
4662907
4481944
1438786
1898045
1946698
3476443
2768686
1459298
1988170
2435510
2577991
4141170
2757163
4726413
1990690
1143897
4884903
633720
878879
1171587
1740051
456325
1440181
2534673
558133
2792079
3598916
4245832
3086864
3315594
2892824
1692883
2093719
3798384
1539861
2285284
2500947
4596232
2748168
552706
3964198
1640543
2778910
4367507
2920204
1172036
2420117
307438
2165284
3714331
1258933
4915242
1742174
1504162
191371
4417547
4245507
4487931
1590433
183033
4884880
1098813
1992937
1375404
607745
2827053
3009726
1983956
3077783
4848473
1539714
4892128
887205
1311968
259912
2680899
3249624
94462
2953611
2134904
1070554
1767803
1343880
691631
2652613
3280277
3976087
810477
917942
4901346
3996867
2771968
3499254
895216
350144
1737597
3685518
2192876
2279852
4988605
4888318
1091179
2679481
4557118
2079782
4951209
609040
4028367
2553556
2183386
1591785
841366
1062985
4351179
3381934
3306817
4492738
686311
4064937
3131407
3430754
1659246
3083806
4202163
1302050
3881805
3244180
283198
1106534
3991392
588547
4748634
2994743
1001663
330409
4251498
2511506
3991931
2150407
1021612
4747151
149807
1927004
3751165
3772969
2066776
4120732
4982280
626488
4298897
806079
3424698
3616462
3841209
314489
3264029
932314
4499722
988394
1588787
2507748
2130390
3333554
3666352
2982525
2192646
1874258
4960053
440768
1771167
3193173
1871008
3902785
359078
1345079
4406692
4646777
1336751
3480611
590908
3618166
256781
2652413
4339165
3095314
1306793
677396
3501281
4689217
2988634
815991
1633268
1472009
1413849
4106024
4630253
3425205
2528438
4816830
1975757
2327113
4764681
2785280
2013665
1253743
2466205
2637950
1399925
2118432
4262586
3311367
2045456
4873967
4765341
4462316
523443
366201
3226372
1345832
1375241
4218570
3416055
326699
4247246
54540
355134
73681
2049499
4760534
2363389
2455517
1553495
449752
424909
4945270
4471592
504164
2450658
4556718
982895
3303819
2732603
3297314
3412768
1837217
940933
983500
1861246
3863398
210714
827373
1429435
3210304
4539499
3815439
1633677
4119767
1609630
390271
847370
1699523
4875724
4619011
1068859
2442626
2077304
2541708
4569000
2616002
4736832
4598925
3618576
741250
3048677
2420528
2621363
2693096
3810442
943660
961438
1915739
1510447
145205
4487931
2991156
4711207
410890
1784514
252972
1583520
1279885
4882694
4049866
2735612
4965804
1256225
3088373
1444846
3747836
2796318
2076157
2015359
4287955
4002361
3702725
3839761
4361437
2009915
4521332
560491
1941187
2699014
3073510
4342295
4359144
1126577
4272341
3413202
278260
1339114
4765874
471892
3803267
1498717
1630802
3653053
4832931
899767
3690674
758481
3566861
2532084
169414
578974
462605
2212213
4359042
539244
504517
1240425
141781
3286590
1253354
4635881
1319979
1589836
1003951
3363829
4825088
1947440
2239255
1981950
2294331
917652
1963977
1304814
709240
322464
3398377
144127
2030483
2603706
2869932
1349639
3465047
3307429
829698
4560113
2942117
852714
4594525
4092631
295087
242015
684129
2333321
4231579
3916656
1419556
2026899
1601458
2314827
4332701
1696219
295984
4359277
4419349
3060039
4196683
1240128
1470897
2271274
3731829
4185997
2408723
2483511
2442092
3205516
836093
408648
2699948
4370898
4568908
3992679
10296
982613
2179529
1241480
3580536
4786543
3739070
3586306
4768552
2359568
285069
4518639
873063
1970478
3728024
936459
49690
2053813
199660
1337856
4288421
897286
2501488
3774501
3561414
2958553
4877545
4402396
4276478
3107995
225879
54281
4680813
828256
3443242
137141
4172937
4482060
1343771
647160
642805
2607909
3557483
689465
1904571
3630610
1139073
2077146
3152697
1846638
296059
228629
1533823
473796
4727207
2719641
3355681
2554372
3769196
1966064
556471
396383
1575169
3178875
2119567
2546308
1152262
2780716
1949948
4944804
967875
3875207
2618945
2421793
1390937
966926
4678360
1675344
2412929
55562
4424200
2841911
1262555
3081356
2267096
3223337
4789037
4599983
1360634
1109595
2880448
2965776
3102207
3549272
2600662
1703558
1776014
3234485
1362202
4250178
374501
3078012
4243195
1917688
4649230
2945880
4524409
4128900
1533492
459994
50038
4595113
3055422
1957726
3496953
2103788
4656032
3926122
4032220
3116657
2398419
112132
1391070
2030684
3830153
4529230
315665
1328137
4224986
4746514
2269505
53654
2706920
3005895
1216666
4605101
2853730
2985966
3594858
203282
2034020
3781723
3637873
3935408
2207452
1052658
3943140
3871032
3244836
196396
2330884
4838257
3567140
921534
774098
2019264
2329227
4228280
1098170
1076281
2211594
3095547
1691808
1268953
3530610
1114970
4610204
665750
2153282
4453096
3681347
2961730
4685729
1682863
808662
799798
3988285
4089152
4282704
1767580
2755353
1215617
242620
4638038
1354811
4866683
1380494
2305603
2351100
3142081
4290576
2995301
4043375
1102241
3397116
1179988
2359581
947453
2505796
2616399
1136045
1727404
1804162
3183274
4695436
4289929
1478063
3896656
2694349
195007
643660
4041003
2268261
3621513
2168705
2996689
2774212
3340846
689655
251773
1403571
2894462
2123718
3652871
3618130
3165386
2125320
3372430
553138
885033
1278521
2934110
227663
2786172
9219
4406002
2267724
1646904
1135512
2120316
1590505
2818761
3416685
4306244
232868
4360796
2609103
2404627
1919647
3319681
1507358
4084594
615087
2391838
1234823
2568742
3790994
1006301
532976
2087806
427363
4175684
1960450
2192989
1988841
319199
2253756
2925572
4541685
2521639
2072157
201395
139270
4809622
3238231
1401386
1234941
4693101
4269404
3503447
4950864
4296776
3636169
4437247
1094583
4125810
351476
125527
2173307
3856750
1678670
1531734
277407
1062259
2759076
218665
3059832
4440599
4298339
3525903
4414359
2969794
3665207
3936756
2935497
4705296
2649303
4455038
3151332
3962840
478408
2604076
504492
2598998
3183755
3622144
2814228
1191300
891602
3008416
3884222
4579356
3489677
4734359
2944763
1865760
3646602
4641535
611940
1854361
896525
3855766
2015904
1444468
4806571
2944083
4452023
806206
4113058
2425581
4778109
375107
2097433
4431228
4155715
1127810
1647521
3729993
4139684
720315
4205705
1025438
2141670
1369370
4881337
2242852
1255469
3509059
2705124
3696505
4517507
1623522
2853190
3829897
535128
3849467
730190
3204527
3402545
3945857
258691
2217290
3388641
4830775
4842570
1731873
3618612
2608385
3510309
1652799
4942115
1578508
108855
4681267
811344
2112017
4977597
904045
2970860
3844279
2582504
3857098
3522227
824751
2689897
2533327
841051
835285
1449416
2983410
4909948
3713239
4304519
2181249
271195
4233325
3594516
3469514
4023662
4277621
3241851
843090
2204221
2360746
4650787
3634111
49851
3922898
2026005
2430206
3834588
913212
4076280
2939603
4096219
2929712
3053004
2376960
2821642
3754577
2526392
1827024
3015261
1445660
1430118
1408978
75619
2352857
1469288
201330
1991085
242339
420836
4826024
4974701
4798398
1071030
2747096
4218486
3950619
4493476
336506
1880837
1139639
1541187
2367781
4166600
55714
2155412
1022508
1356396
2371473
881707
4283126
2103789
2861504
838159
4099947
4218821
1959518
4608960
465139
2920538
4889966
354853
3874429
2204671
735581
3526700
3056161
4213518
894117
2075127
144563
4809835
4082427
4987548
3666864
745308
3700095
2352980
4876698
2022659
2622405
4300494
2877689
2479064
2811168
3676730
710035
3933931
636944
4101740
1386657
2826581
3726116
109080
3843951
4710837
994563
687601
3833298
1459298
4900555
3900410
4682618
4323812
1434232
2131659
571837
1643964
386087
3953403
3622637
1224997
3626828
2091712
2496976
4502398
2062236
1544272
2314817
2803913
3933610
2822494
1907753
2483041
4377659
4549833
1378864
4094056
2099637
4522296
1362986
3411685
1421453
4476778
2635633
3999215
2456948
1447045
2942046
3927735
1852605
1473376
1441981
1654945
3502782
3883502
2197521
392193
2682410
4456986
928034
2646923
3389336
2667295
3402093
1620743
4536328
2961086
4721933
4764636
1469622
67976
312234
1986126
2256337
920727
4493089
4541617
959051
4199048
393192
2991608
978884
133077
1706109
483981
4435446
602011
1314994
1928282
1522675
3860036
2434852
2362713
3123853
1364599
787252
861345
4942258
1018833
683100
3321340
4916502
3574183
529826
483440
2953454
38219
1692684
2633971
4834823
1582834
2573742
1288890
4998573
692127
2992458
75572
1770868
1918947
4173650
20674
4658789
2266188
950354
1066734
4019185
2147843
1428906
517913
2933615
2723270
2640977
3074339
3769776
495590
3947589
4698291
2810627
2535236
1283277
2082109
18480
2318251
3773472
1831954
2695935
2382002
3893158
1148042
1745188
304813
3014833
2939131
1243832
1990595
2138324
3672495
2085941
1706365
3785370
1243271
655567
3287388
176758
3416681
3393335
1796265
471514
2509006
4717781
2312906
3067344
2494951
2886308
2585214
4633828
1349369
690796
434351
2508217
4535809
3410503
3581141
3355172
23192
3517571
4204404
336868
528594
2164977
167942
2045303
2515720
4385326
1815710
2418269
1296942
2874081
168183
702149
2810985
4052346
379741
4273913
4296334
1672200
2973730
28939
2612290
3853666
1109041
693958
2938587
4562518
3849229
3252166
4470004
2731237
3328910
640899
1095723
2552770
4831295
947340
1957640
1280562
3382690
2289618
914751
4530309
3001408
4281443
2466060
2826071
3483169
3363616
3149100
654784
115754
3978617
1113957
2340761
163159
3511864
2455362
4914511
4814448
670579
2149357
2756243
2389295
3496890
1520243
1852380
3249881
2258085
3169720
3297764
714214
3242489
2039445
4712344
1802060
4082652
4710225
2913665
330753
269551
4661526
207453
4884078
1397604
4731401
362174
2024433
4766997
3090275
3157112
3867225
3500737
407922
2492606
3393561
2151565
2244573
2442336
699411
2695565
349382
459360
3996566
2543066
2685837
310990
1143225
4474252
4909022
1295222
2697626
1010894
3222269
3288817
220727
3220425
3849533
4369898
1176369
1807743
2100110
3331167
2292756
4439561
3709704
677917
3212741
4437687
712486
4693586
4315051
1871594
3185803
1355106
484786
3091042
3440225
4284834
4827610
2402643
3246524
4138764
450704
3317441
1356831
1357873
2277919
306427
2697075
1190933
4636483
3515427
605283
4099888
2140825
2627980
937766
3454864
3269655
2232684
4695031
2919468
54154
3728217
621843
4395137
2802404
2562476
662036
4242118
4169057
2449148
2703822
389747
766005
3214705
1389220
4467967
4331363
4024855
2432839
4367674
2803592
399815
4277221
4542270
2680151
2133542
2844647
4151558
2587662
1669668
2013874
1713647
4126367
635790
3661201
2952073
4797807
2925546
490857
2912020
3888067
2914259
4267691
3851531
1758484
2644530
4802100
690964
102990
4300894
3079322
981052
4960912
4478516
2152290
802935
83482
4927805
2363319
3971162
3971413
1339665
3247025
1106034
1477719
4586965
2222925
4590969
2322001
2363655
3622517
2430567
2636782
4167201
4150573
3879672
1468449
1543547
2185719
3669004
4475211
1752430
1505207
4194862
3883764
4215557
828133
2269575
2999026
3139202
4497511
4092047
3330921
4925268
3406526
2724693
421382
589706
3119603
2595597
35006
383223
2223691
278160
605003
880469
197968
3253995
485621
209345
1312607
1414880
739826
1455202
3881849
2771909
1811171
4890162
3017894
3494648
3248009
353309
1836976
4134195
1860176
4375772
348387
1445604
3203104
170785
537503
3695563
4257866
445468
1392752
2515971
3555247
3598604
1745736
1148933
3792228
1780569
150094
414442
2426740
3887715
943462
4546214
4127444
3620538
4608147
3757024
1815820
2732494
3103044
3960587
3461329
3084256
3016732
3441012
434208
688809
4701852
499969
3000575
860318
3129048
4219125
390732
4639219
4326607
3867551
1211817
153965
2785067
3030608
4609072
3127729
2005021
4853187
756732
2359019
2380668
1536379
1869031
2313429
1782103
1852618
4369593
4250007
3302064
4262655
303314
3829712
4544775
1241404
1632288
454780
853763
4763643
3471370
4239819
1383103
932655
606593
925851
3480845
2318415
4287474
2774917
639168
2522671
4024527
4498144
2222747
2086064
4220985
2825169
1143181
4859778
1591090
599271
1208973
952350
4332495
3278881
2824331
196234
2857073
4251531
4204064
2485053
1436145
910450
1768834
3953056
3260795
4688252
2838884
1552144
70065
3544975
292308
1216643
1112817
4939452
3766625
1352931
4410963
4716866
2008578
4638320
3237917
387968
1720164
4361222
4969008
2573368
2342530
1960254
460098
3815733
1575163
1515411
1034997
3151652
4021572
3376169
88315
3610320
1154016
2479628
3466526
4083443
955186
3900162
2841897
3493883
2424748
3327013
1036528
4625216
1203281
3474432
4086916
359453
4473617
4474833
3220112
1542034
4598904
2834067
2041948
1993249
553109
111808
4536988
3107358
3040342
2310700
3920822
528738
4560039
681853
183927
1441191
1610342
1966398
3625785
4944723
2838409
4888048
1433199
4899907
846761
170943
367093
2650583
4473435
1382123
683072
624830
694243
940496
2675630
4676251
1522062
237039
2621235
4095102
3350860
4497110
3831633
765446
669673
1544172
1934160
4785655
4190142
352866
4032740
406705
1150417
1462117
1714957
2299492
2078771
657447
4753319
1905311
36293
286377
3026822
1285531
133508
1891445
3837955
1194283
3522532
3974833
456694
4494683
803036
3660217
2895441
335199
3413207
3837519
4535516
4593377
4712805
3616353
4821560
3186913
3911350
4170449
2819794
1798055
1311337
3790226
3698916
1806558
4742456
2706581
3003291
3919486
4284533
1545486
2250993
3679873
4076643
1748608
4350449
4766948
3042791
209618
1015747
2896102
4419741
4901276
242479
110122
4312768
1265973
2581207
444458
897672
3641112
1986975
3303655
3941898
3500628
3265487
1481886
2758389
2617506
2581372
1529085
4504903
1490579
1585698
1382477
1261840
3279831
1857900
2702854
786150
1593284
4012663
3097969
2162500
3843313
1282134
2745368
3439995
775723
4539935
716988
3537392
2735589
3814725
3331489
4328742
3338207
2908761
924644
2536450
4116924
2036178
4545089
1561492
1828177
723663
4007455
2677822
3922342
4694490
1907385
4629938
3311707
1276259
3422946
3208329
4056094
3544656
2761187
1703735
3707711
1403449
2257041
4357005
4642702
3683013
2709380
3357987
1867759
2890619
4164546
2313947
2746946
2447539
2481312
3428315
1839121
4048447
1408201
4667043
2433575
1985902
2258250
3889559
1154118
4866903
4503645
4693904
3979281
3371540
2729819
2145870
560525
4772013
3075407
1912527
4651887
4561544
625448
2810356
4071920
1426933
2923285
1067905
1489580
3424584
3295127
1769175
3937917
3241162
4609006
506575
1449272
2070807
2657766
603641
1661946
3272632
3166953
4193198
4672581
2377687
3429818
4230531
4902666
376147
4783532
1106475
2944454
2422611
3278381
26132
453342
4839113
3086695
3011560
3354248
2788125
3637880
2630447
4301358
1895338
1448062
1852362
4489443
889875
2912953
4608289
2516710
4800581
904522
3344764
4103421
3080380
146549
2105090
4087842
1262772
2901523
3170622
3179873
2900652
474379
3990838
2274565
4709404
3580407
4473103
4628768
3067191
712506
4397664
3328190
41720
2766023
414113
3232821
159740
3229636
3155084
1585869
4866230
2062146
3287751
2856822
4259519
4216783
262774
4630380
4968395
1823923
3358820
1943892
617438
3541934
2408878
2236478
1336549
868937
4617711
2973775
4466835
2270574
1644130
72961
4688157
2334612
1757203
1312847
1154354
616410
2480426
1995566
2393089
4298743
4524685
944023
2953910
3869896
3609489
1327769
2168647
2757252
3403761
3336031
3579713
3700732
2820668
3301282
508094
2191347
4514309
4359655
352964
3074466
2202714
270668
3351499
1974629
3216550
1008146
2763466
1055213
4948862
3778955
3305445
4517666
2133475
4388679
2544685
495988
927044
3694685
2227594
2483049
4308729
1882471
1601388
2250570
2952486
1447637
21477
1392397
2401989
4183751
2699214
2970385
4061943
2854790
1452256
792566
4654630
4035605
3092742
4927384
384055
1371136
4770182
4162292
4268728
529452
1449091
3002556
859819
3655940
2733648
3932504
1035746
1333477
130298
2502745
2242339
1433013
1131787
4684864
3723182
3963750
135904
449319
4849741
2756186
592132
1432870
4958059
3615363
400163
4099670
3393904
1281966
1365913
224437
3676165
45132
3790928
1757678
1047285
1418328
1231677
3917419
3368514
3111204
1499246
2757950
4739870
4907774
2474373
2300492
1302051
688883
1730012
4954175
3055478
4563025
3700348
4017630
2518976
3229232
1184294
2843191
1142352
119173
4674180
3017254
3926794
3350295
3085323
3928115
2082275
3944527
2150054
1294106
2940626
4761572
1813030
332804
3110432
1439553
221619
996575
224573
2958907
2107
4781819
3871035
875186
1716164
1041160
3158980
3394426
813242
4428026
202842
1227604
2511711
535378
1320546
655062
2158561
1325143
4077677
3042307
3258940
2457608
336919
4032919
300866
3609806
2744056
3356203
126866
1249729
543031
745300
2178572
344879
161125
3384233
4155988
1651419
510634
2512765
3325235
262342
2931619
4458123
2739811
1480784
802564
3818557
4606692
3621444
3315625
2129291
1470900
392918
710614
2717368
4805529
1359470
2425147
3179161
4888484
3299498
576679
52896
4922134
4515361
3546452
1418612
4291367
1521789
4720458
1779803
659691
358721
1278252
4362963
4080095
3358797
3557170
1871398
121200
934816
2633186
2635632
3474319
998234
4274118
4945865
2158318
2625801
573820
2188453
955512
3753085
3404648
3674606
1779233
1784414
1517070
2334706
4868329
220341
2160925
2531691
2772419
1690751
3243389
2423826
967367
2634426
2934442
1727594
4946189
3779676
4188723
3497738
1644901
4790519
1049913
4207465
2221106
909322
2953471
3762626
3013267
2663164
4262793
1173882
2131894
1679827
2244674
2660452
1008877
1994618
4532872
720727
2236433
298054
93834
1709400
3265240
4230294
2597737
160309
598172
2390974
2165770
1348646
2064041
4582118
1180965
709289
954974
3788108
4319125
4142145
1129844
2966842
3029734
3955364
3531304
4206910
3559785
3303931
4174501
1518075
3679404
2470986
549130
903377
110242
1239027
1744451
1252228
3811519
3980701
967957
1662804
4089165
4122998
2297282
2447011
3860750
1976201
2269242
4630318
654831
3805492
2042915
4542814
1674452
2158508
1463490
4780466
2108031
4722999
3912224
94798
2642734
2019989
4027091
3740562
769513
2485995
974383
1433238
921525
3707458
2476763
4991628
1176411
1626081
4386235
768934
2071950
3918358
2166428
4321638
2188639
3521913
4877211
1673299
210113
3432237
3536150
733395
2705837
2377371
1295808
1366448
1515912
2386224
1146568
3947310
4847689
4098982
856151
297307
3244518
3957101
4264885
3995496
1269146
4013689
2836003
3891493
1719843
398611
645766
272190
1164932
1292835
2271323
2806674
1147985
3275343
4544828
2614351
1664312
2359530
4308831
2455927
2703019
2914001
998223
2727106
1899806
2101002
478095
3032092
787472
1831698
727907
4624131
630304
3397530
4310019
4894702
3586850
1076930
135366
3454095
4465651
4232865
1214430
1406461
3848609
3604708
2161111
3411311
2071338
4395589
3270209
3586508
2041334
2020099
1835092
4160234
2459494
3223554
4523434
2618951
3257833
4165285
1392779
4723681
4934832
4119037
613113
2029393
4802637
4511152
3647956
1279870
564888
1555265
3025921
1614651
893116
2953199
1452179
2537786
2136655
4776076
4160721
4704667
2010793
1463631
3836062
4875175
4381018
3248647
1447348
1630408
243199
207439
493445
2553645
1371251
157048
1852907
2320138
3179540
1883271
2761524
1076634
587056
1622185
4058780
1663787
655462
439667
2055693
4850798
4400222
581506
1792622
3109371
4970371
3073279
486056
4795700
1024354
2960264
720055
356204
3038881
2440026
158697
2202436
3394401
1963003
1640874
4486143
3735629
2331445
4222508
1116732
3328097
3241924
647691
2697327
2129020
3886177
2252925
2306807
1363627
589351
1237264
1581413
923668
955415
76568
4684334
1953217
3004594
4365978
3208048
2445829
1023100
4001166
180566
3023404
2843052
4214808
3137057
2609379
2548061
1813985
3945933
4647518
3259088
1223883
1281818
4235620
85493
664282
2354404
4628148
110705
3929494
1016466
899335
3203981
36188
2570367
2579032
1140540
4288791
3690319
2065965
544362
2547405
2633223
2821702
1253229
4170872
4756710
4244100
4079176
1690745
1792809
4029179
4287307
4888496
1773115
2305158
2679641
4480056
609281
2977537
4527438
4016848
537954
1380602
3553116
2578433
1959351
4053187
2400339
57451
2862670
4734440
3256267
2203840
4331433
1948956
2447875
4651411
3639746
3157415
3775866
3787895
819536
1840584
4231069
1247612
2423354
2625948
1904040
1951192
249263
1538635
2683004
1666223
144618
259593
2901921
787494
3132066
1716211
4270743
1243136
413847
565146
3546149
3642055
2857562
680908
2253815
1558992
4730823
3386062
1889896
2939438
2424399
1724200
1543192
1246010
3122999
4848355
4562969
3779927
34985
836247
1676937
3313879
1431682
377896
2000308
2206440
3711837
3028908
1686113
4828046
4984507
3245640
2036533
1635215
325921
1693196
746800
356285
1101726
4639147
3399572
2227047
2036806
892465
4384760
2808246
2727762
4600572
3307667
3717715
1661996
3226992
4961443
2498685
2639711
3692899
1573385
1366274
51886
4909971
520324
2205322
4111634
3968157
48070
312007
2767838
162602
3154899
435040
2061293
4832576
3275277
4538101
1174900
211835
4878068
855370
1806002
1215929
2199033
1329862
4761519
3706385
4449016
325348
1899489
4668325
978267
1396736
3444172
1057173
1393751
708685
2152608
925605
784479
4596734
2281117
1328571
3793796
3720379
1726814
228433
2279155
1829568
1754595
2203655
2569959
602619
2897576
1423581
3251616
3246247
1237662
1505394
3024028
3346789
751693
4565618
1576753
921943
3548055
1949650
2783035
4844051
3369777
3544870
1954589
348987
4272756
2089794
1422836
4612251
2950498
2174930
3604935
3844688
3929438
2921126
4351419
136725
3280889
40088
3106414
1145929
2042152
742753
789768
1362460
2221036
4484578
2255419
1900826
714539
2597995
4511179
1275366
323418
3450909
4099674
4728433
638068
4809393
1769421
3720174
684026
3495384
1748813
2627343
1023158
3268655
333670
4462425
595540
791313
2626704
3231431
843754
490711
4281640
3753225
2483519
3182695
4552779
2572557
3473746
4813938
4035530
626641
681978
3959684
3363927
3654853
4995438
996166
3718279
2983144
4607839
2372137
1009005
4046663
2593076
2693479
4673226
1995379
1793070
702859
1466373
1054167
2393263
718377
2893068
870348
787544
905740
1552444
3258974
1009622
3321038
1125671
2408367
2471028
4321331
4227548
4320660
1114434
147785
1686865
2618030
1458104
289183
4667209
2274336
1673767
887922
3506059
1359941
902444
1782532
1882252
1369000
2965806
3905610
1719104
3147744
461403
289779
3732450
1455241
988403
2792697
3394090
1257574
1322796
3990447
871298
1899521
749580
3883878
4416585
668035
2853878
1430956
2630585
2042721
2383916
3205461
2505726
3682651
4101829
74367
3719846
3864810
1177773
4817282
4826420
1168850
3347471
3054393
602880
188773
1824303
312893
2433199
137311
4760131
4869399
2000553
1014016
3516605
2693841
3758239
1365707
3238998
2211641
4227598
584865
933210
795144
1568389
4575832
2740892
4471082
3202434
4099819
2846043
281933
3426332
825043
1568012
3792840
2477290
1347005
3390617
2004129
3970859
4874255
903193
1384930
3810751
1932729
3933110
2049523
535351
961800
3726526
3881713
1313453
270653
4985490
3789047
902933
1155932
3015690
1941538
1034434
1339636
3351397
3548308
4103855
4982163
1955253
632322
1597205
4705400
1861584
802887
1655256
4083118
4173123
4093686
9278
3000714
3745119
4830149
830155
2627160
2677223
4059562
3186914
2185652
4922804
38049
2463647
1788753
3347540
2436840
4785003
2339087
3458454
2253642
3410976
4569761
2980760
2713868
3799481
485624
4846142
3194604
1634442
3884978
1838737
3563324
1700745
2281113
1120785
4884897
1102885
556403
4066279
2555253
3732211
2843972
67981
1150674
1317071
2661434
298648
230642
2936731
1529925
3669894
4662
1668703
224550
4324003
596935
805246
1535858
2192756
4925249
3025421
4923038
2787874
1585293
1555675
1176235
2218003
4138206
420808
1870519
305509
4932597
3339192
332900
840720
4021804
4737985
4017789
2570591
4025600
1302782
224447
3409361
2260909
3531166
3791173
3921727
97390
4795401
4542499
2688094
1222195
806583
4587209
338590
208490
2948882
2542726
1648003
1433971
2305626
3261366
3481895
2768771
1318371
1579894
1077797
3996694
706859
3317787
4374933
1580493
3550585
1523443
1116757
2351479
3832050
3222134
4263681
4321345
2276467
3344124
299133
4817402
4087104
3657151
998645
1696257
2044298
4685859
558811
3174672
2626123
3581852
4594127
4568823
1418964
1332435
3781460
2370994
2251975
4016174
1513996
216901
3107561
1096481
3952585
2084270
714368
199520
1292773
974025
2872515
4781706
4960613
463523
4305484
123779
3491308
4638767
4792208
1217918
3169322
4919735
2792826
1193866
4108355
2065441
850930
4107048
3149015
269005
4461293
2939710
4913876
252832
757293
971325
2222014
4527403
1231383
1562823
3402277
4109633
4725246
2920740
3525168
1780404
873115
2299604
86639
4433062
3376524
535574
735939
4466105
509350
1662910
1234871
926698
1488544
1646701
4277956
1634215
3665737
3388512
4509046
3141947
3127959
1545036
4994311
186692
2169118
4782833
3386678
392786
2725533
3319324
1861366
3184421
3209036
4203342
1262704
4361612
195400
2442485
1793480
909315
2578307
1663350
3111074
1259804
2090701
2200
55073
76231
897098
2780492
4262670
3460053
3577309
1441271
547842
2985312
4724179
3620682
1840393
2095862
3170307
1871433
3108128
4899954
3372851
3887433
1839429
4343318
1364143
3914505
1579063
1868968
4321426
2488031
406304
4671513
3655906
1547892
2634812
4806767
1567663
4317232
1107589
2099005
3018886
1424279
3902025
161549
2706410
184738
3924321
4513554
2807833
63535
3766118
2536716
4859774
2978953
4297178
2260620
238110
4317231
3483951
3659730
4387475
1007854
3781457
1072196
704030
3938862
3471992
2958841
2393215
501799
938245
1394356
382099
45360
4097593
4659501
1252562
2692426
3505009
4744385
4976864
1796705
3913317
3307303
1498756
4598823
1712935
273807
4795149
575180
4459598
3849195
1105719
1193008
4599529
1891452
4863152
2094932
2943781
1568543
4166119
4290992
331648
4033377
3145767
4037341
1360098
1232622
3518093
4145888
2993811
2254835
1520621
2449935
2567027
2186166
2892560
505367
1192041
1046233
4019509
1317646
3175895
3408359
456779
2784802
1990781
2065207
3053536
944786
3245637
2907927
1509534
2761333
4138585
2632029
4105238
1809138
1854824
4959851
1139937
1715922
2391246
3731496
717233
3403615
1782882
4046424
4107752
3608688
3718933
4520278
1578885
3792149
2107263
2639064
4778801
3449489
2347777
854338
4233628
2200140
2014731
2632000
4922539
3331741
2244783
1052668
2679593
339253
1950409
3992201
4963535
2369618
3721498
4033158
693202
3784967
2172561
3899332
2996799
3195743
2150329
2977410
2831308
2281528
3803953
460574
175157
2398374
1428952
4904125
1482577
4734505
4326534
3811748
438892
3070405
3277765
2626595
3854345
1169607
2233646
4847065
4463693
3473568
890215
4970364
4065988
3899725
144682
4661783
2484774
2263781
2550771
1337170
4299440
4848301
3249910
701683
4524768
4258498
4136866
1290425
4624451
625762
3928984
61005
4254653
4399893
3414322
2386791
2038189
511269
408663
295754
932298
2813903
2976801
2228596
4217264
2154078
563553
4978406
77851
4574388
4667620
399576
2473265
1220311
2573170
3962043
3733811
4054437
1283665
3946061
3858630
2191195
4445789
3536572
3852683
516117
3195624
4605391
3985082
3035864
1353499
4947421
625740
2264670
4453267
3497341
4570219
1370042
1881447
3453742
2819863
106157
2799285
3516666
57725
4339867
4086513
1482412
4629237
1758356
3983100
2949151
979966
597631
511402
2502203
59872
356052
3815843
1363623
2091119
2378602
2966256
730046
542728
398018
3696456
2867948
847024
2796968
3157781
2016429
1391148
1120349
4620951
4067709
3231747
3183157
755825
4461282
895308
122097
2346110
3942302
1671973
3317474
3497260
671858
4876294
764288
2814220
2387009
2719968
2369831
1424136
1478462
695446
1152965
1215297
1243952
4420496
2480396
4452657
276472
1600771
3764292
1758808
4332404
3587065
2224576
4178779
4847149
3105428
1695246
2756213
2108198
2766720
3411981
248360
4215811
2544079
3004896
2590183
1859572
2186538
1812922
4313392
3532477
970823
3817891
4886764
3472454
4091059
2410442
3269553
2047527
4245052
3779435
3019490
4860250
2011436
3568250
286043
4063202
281179
1462737
1730206
91504
1821383
235929
943859
402118
4885952
2741513
348952
3086977
1092552
4249850
795152
3029641
352082
3736548
1170324
1433927
949630
4114328
4325827
1890660
1266442
2477711
1244404
2908024
2383099
4282281
1985036
134214
4638247
2417017
2317706
3586366
2022912
4261947
4826085
544030
4981478
1305166
4565447
2091795
813502
2335441
3143996
903443
1708392
4844346
1758290
1035533
4932190
2763170
478639
4205004
2263344
3258991
2259049
4976582
4848125
326003
4301181
2327139
1923155
1409021
2471195
4295882
3756243
2159096
4120829
2813648
4699473
4023724
2665063
4047595
3883410
1091728
1005749
1710304
2869985
2500477
1447802
725302
473751
3406237
4253052
1566218
4974177
1721209
3181100
4684061
4597835
262466
2969697
1292273
262985
4671780
1646875
4167098
2718945
3132098
4088259
2570783
4556211
1666614
2953334
4553574
3564483
262636
1810676
325989
2898017
3808611
93816
2289489
4684922
4333143
903032
2018532
1831920
921042
2027077
1817486
4382549
4901874
1573329
752504
1329319
1668191
4395581
2837427
3456330
3983196
3470568
4310667
1685187
58408
2089776
4634319
1718831
2252620
3499533
3694136
4872165
570015
4854772
3878876
4877423
1766297
3986289
273585
1984509
139278
2301213
106788
4181531
2043170
2688586
1335580
4409983
2785603
1844443
2049726
206960
4358880
2339990
4706376
2833385
2461647
420160
2715754
1105886
1718697
882636
2647144
3939418
1669095
4543797
2153399
1712382
3005196
3796033
4276911
3249712
4172871
3205303
826811
3741011
2967725
2604240
334050
2712838
3544092
467568
4397927
1021643
3863
2561068
1720127
1102363
3980075
1697181
2410188
4737268
2514233
4938761
842922
3439237
4898521
3708598
3516279
1340021
2433593
2925279
715619
1715191
3697151
2989144
2435033
1266210
2243347
297580
1686068
3752048
936194
3283356
4353785
2452104
1435936
1531657
4511100
1009318
2630317
3227970
1614645
1797224
1276816
2644733
2967119
2882115
1420407
4104784
1718373
1112999
4503525
1049957
645417
3280603
2487193
4992480
266299
1536829
2074163
3213032
1976698
723509
2688538
3860662
1619375
4516560
3260732
2510263
3248753
1693804
4402421
174652
1666554
907237
1421414
1811216
2911473
3084116
4372181
2559078
451063
4944911
4971857
3945994
1936128
1664634
731758
3836160
2863245
4519263
3455396
3291799
1921629
1208466
310921
2929512
4392737
2273762
3732922
4703659
2862791
1840374
1667359
4223517
723016
4821325
1841227
4913810
1895471
3071694
935949
1590396
4880209
2476444
450864
4475769
4072729
381640
3639873
2041616
4032720
3260149
305334
2148888
3156070
1047836
1028368
1943315
4807406
2255691
4118215
2334630
4167703
3334506
925799
569870
1655466
2524775
3955810
2855734
3419725
4898660
671094
1407362
3939004
1918340
4149736
1839516
4315362
4907478
1318978
708757
276730
207399
330023
4076817
2889803
3832519
3184742
1352324
1962010
909647
3102899
3357838
850843
3736863
2382697
2093165
3215400
2878879
3222473
2308233
3100051
4538095
1880984
1788486
305142
3823581
4771138
138894
3862773
3319750
503867
2676905
4057090
2330848
2181969
856231
4759062
1991020
4651037
4363779
994024
4475253
2425565
2150524
785007
1037412
3447365
2921949
3011842
4875041
1151896
1502175
4385571
4694869
1191335
1947120
20421
2076919
4051520
4654779
2882260
3687154
4896228
484708
2708899
1932680
3322457
2483503
4865143
1419163
3176635
982233
4786396
259137
534023
220865
4768173
645736
4477979
1080825
3808552
2944627
1537518
2201239
4327780
1566475
1444001
4038644
3932111
2411880
4981509
2102542
2542795
3892322
4451250
4068037
682621
2057439
1645437
2599427
1159691
4285932
2597498
440333
68515
1589394
1226929
2354381
1810134
4352156
4039581
4477461
4614777
4503235
678410
4498403
3772868
1198056
3748204
3553809
2744259
3824205
958455
1267105
4052761
2709951
1304690
3492784
3000739
414836
3608999
4405882
2546355
3783060
2255542
3187589
450357
2394455
4270581
1286153
1029590
4953646
1419695
1593280
2341591
1582921
1432036
2104330
2045722
2610678
265918
4080519
3128634
164801
2334051
4254572
3787864
3516680
1982360
2623649
1169859
3257467
3051567
2218449
810477
4228269
3621626
576852
540322
4615164
3372237
1047684
4946839
4299945
3642748
2461904
4043770
841681
4185573
4051455
4777932
2255536
3174856
4030417
2980829
4727344
2752030
3621191
3812197
3842925
1435888
4369397
4261097
1632003
1417347
1755788
3841812
1022708
3710951
2215235
4488882
433468
3738357
2229989
868090
2291146
2081242
2609087
1437376
1768991
3925196
4102729
847306
2016513
4091040
1024095
4693091
3461655
4957037
2823896
1787843
898885
4104424
3273736
2106845
4719295
385243
1285326
2541611
39501
954209
2764001
3851455
2497227
4144920
654676
2853657
3339864
4387812
4518756
2463142
4038068
2601468
3695330
436950
1109051
2268056
1095417
3952491
556107
2221833
2906531
4229586
2431299
3390676
974480
4347401
1823160
2040003
1650610
4584690
2580467
1386458
162764
1374898
1355974
1998329
146876
4944704
4077472
381377
4903510
3184089
3223748
2740627
2857236
2246322
3932880
3417518
366403
3428
4776170
4325821
1968585
2306158
2321144
4683249
1475279
4373135
3174159
1651085
4271999
722755
3400034
3185037
4382985
721898
3199405
1600362
1014379
2874413
2415849
395502
3300884
3641770
683294
1896182
1590324
2523631
1725975
3364422
220389
851223
2193359
2882325
3807999
1028220
943778
2594147
2205314
1910502
958611
891017
4011843
2727395
4085609
786942
2558348
1446658
3257322
4685857
2126635
3537587
2799478
3246931
4618899
1101386
2353566
2664100
4831743
3904863
2556122
3004583
3572827
3750253
1328164
806347
4118557
583093
2782102
4874431
1273375
808962
885851
3983360
4863722
547855
3145898
2309066
1326012
3993546
4789389
3537400
4387669
3446857
3127960
2450182
291928
3444923
338753
3129706
139134
2529703
4952323
2525454
3274131
356475
2321217
2640278
4462007
3767509
3997819
51036
198322
547387
3405170
4071238
4665145
1398654
2356520
2968146
2208227
2225599
1286041
1872928
3740320
1853394
4167086
3963565
107627
2518164
698601
268766
4836313
4525658
753071
2056237
4674799
574913
3541447
277507
497048
4967604
4356772
4990873
4945321
745916
1086132
605292
4102918
416619
355095
1964072
3058979
3520405
1690578
3498798
4877278
17991
2715030
1766950
452857
4418171
3069049
641431
4969604
2019002
1702481
3797386
4353701
971911
4324246
3808852
3204967
3464723
834433
1037993
3254871
1222872
4422318
1331081
1170664
3750645
4918169
4672591
3169550
3170273
2734796
509530
288140
2298696
1815019
372038
2429329
1433422
3317620
210863
987129
4379568
4198864
1889149
2674667
3220922
3776883
171400
4585659
186831
1352483
2845806
3356114
1369287
4967135
4625274
1449143
470536
3828694
3198756
3069915
1533179
1307234
2048468
2809062
737346
4293686
3294282
4855714
4034075
2636908
680116
4855865
1654213
87411
3768201
3086941
1289895
1047473
1889343
1980873
4882516
1187038
3518247
765384
4606752
2011230
3261149
2643315
3475861
4746741
1424192
4078771
102732
1920840
3059707
1896704
2081896
2264783
575031
3180800
4094569
1170193
2831060
45515
4554604
1682694
2283572
2301002
3753609
1360468
2051703
2426920
3234448
3165301
3255306
1422342
4149414
4835431
4228677
247270
142541
3214441
4847597
1520168
310783
4175428
4112768
306651
1965433
2243483
1013934
4199236
250696
458800
399864
2827573
170825
3137417
1201194
1669772
577250
2006632
1436736
1834779
3153841
4657646
491546
3481649
1435271
1576043
449224
1560910
2326744
1769593
1339039
622733
2222072
196109
3814488
3442194
965308
3928477
4934016
2797422
453225
70871
68087
928370
4723431
3601048
499182
4433876
2187352
1827150
2549058
629291
3782532
1680144
1942850
4576501
2592686
3392413
2282969
3830124
585081
4303787
224114
3123640
2162717
753645
4427011
4640407
3172867
3500890
4374972
2848798
1034139
2194307
4561917
3025137
458971
3569351
2877671
2534070
1834805
1089892
2421640
3938239
4145508
2388560
2445379
1333344
3587639
444933
4146190
1047452
3055458
3204928
1130714
4976777
2011600
407055
3783208
2398017
3027877
1934738
4925060
734399
102417
2824302
257034
262657
1850404
3088170
4081573
822767
1454359
2922659
3978020
4869693
4483047
328771
1633722
4440426
151842
2230645
4521622
1462295
146435
3272209
268184
2877695
3174574
3747324
3527149
4708515
834160
4802739
2403098
637418
3424326
3518235
3041988
4136601
3522790
1992176
1080647
792745
4291127
2404106
4043480
3952443
1208305
1745542
3784496
1797105
3523822
4072043
2902633
4399383
2252071
1285723
950516
1363892
936663
1735671
1076880
264463
4867686
2433046
2222500
2376294
2194904
2833962
3043450
323867
4190786
3355999
3400499
612544
1752057
953600
3384486
1598959
4945743
3162598
2108155
377998
3514991
3541589
3804721
4467709
2240983
3475958
1638819
3317890
429965
575554
2130352
1978767
3804127
500648
4697382
1050133
3871702
2386564
319444
3344036
1550393
2670357
2436444
4981866
2584336
4135448
4069632
719730
3015
4413968
2134461
4978948
770684
3161308
2226158
274170
3451351
3181264
399776
3717373
1068525
1348000
1429411
1597117
957197
672438
2098533
4850517
4897753
4991487
1545342
2713414
3487343
4597495
4790841
1268405
4695371
3010932
4969858
4050317
4584207
3672712
2731925
1202991
3067430
2320774
719676
2074960
2135148
1834271
3303051
2052660
597348
4806358
1538520
1741808
1269416
3393431
1887145
628448
4881411
2085482
1848505
802809
2609002
2169892
4457800
4620242
2702032
2524869
2357273
3703134
220297
4507084
1219208
1144458
2454278
1045813
1031563
1577874
396337
2058304
4898678
3020866
420909
4745098
2866413
1038331
4917674
1080986
4666594
1030944
3091753
2020754
1380317
260390
3208076
436329
4297337
301202
959483
3074147
3229333
3784334
1550458
3929607
1222840
1152126
2011894
2508792
4776163
936799
2238083
3227359
3126627
144771
1104869
4351682
2318849
849316
330153
3339237
1551691
2084883
248986
2543364
2506606
4849114
1485515
2127468
458698
1008692
4266364
2528615
4614886
3467144
3765150
3683137
4508622
600240
103209
1041612
102571
3373372
2975659
798055
769553
3560063
2877752
4461384
4090746
3674471
1115213
3567489
1077031
1192498
1854174
1037456
3621058
2329139
1647427
904032
241071
3673741
1802941
2442300
3902680
4170870
868784
4601375
2284818
1828352
4135875
3566167
4592586
3562408
4505191
4112918
206659
1095303
704486
1303892
3766216
3914978
3920936
3736676
3496090
500653
4824383
4253961
3511078
961073
3141524
1486989
703455
4994865
317139
1098043
4068335
4524692
207624
1826002
351327
4758491
291188
4231380
3456157
2560065
2027945
2163334
2157005
4296045
1901818
3554221
1701987
4328029
746639
4985403
296647
4549069
2822928
1551539
4458077
881975
1102628
1242918
745929
2177947
4667302
2900317
1897554
2666257
863890
4548748
314851
2932072
4469261
4735276
2373962
288961
3062384
730000
2173667
1327582
747218
2039329
3560643
4366899
312378
3612301
3688582
2969640
1876907
297484
1823691
1843796
62017
2440750
2425008
826571
808305
2222957
402688
1985823
3542610
2263801
1329807
4016028
451999
3348790
2964064
730990
2138673
4799048
2689368
2054862
3712371
1410095
3196051
4921079
157773
841488
254124
3837404
4055532
4131746
939452
3659272
4954930
343094
367782
45923
220563
850554
2620952
990796
889601
1497289
4998806
3515334
2313685
4888723
4795388
4818833
4568077
280225
241640
766606
3722314
3006769
4757802
2045007
2308874
41204
4544961
1793726
715815
4339340
2882467
1715918
4055131
765107
563523
3197092
1562075
583909
3441694
3864712
3344842
3380443
4140443
4649624
3610093
1583745
4929287
4607763
4624228
815274
4565923
2579618
3627916
644589
1077196
3482432
3728706
3251484
2517166
427266
3413769
3552551
3902010
7173
3874514
1912092
2174463
3182909
2140410
4056556
4745961
4688304
726020
2083165
1713544
3250507
2062504
3794941
2510973
1421184
690418
2490197
4230706
3899435
610103
120689
1870058
3903211
1464784
2153080
418090
1345803
2608723
3190594
3750011
3117477
787116
2804214
664348
4299431
1918523
1175429
4446572
3245680
4385050
3121035
3027144
836195
3917484
1131039
2349633
2504219
3431949
882080
2957226
3300556
1609486
1487794
2363481
4511338
3057747
3851654
3588870
2998598
4249933
181427
3992938
836423
735238
1519384
2283177
4924180
4048048
4934570
3366602
135245
3986860
2607619
1987370
2182153
158198
2100835
2134800
55663
4855513
2793725
1762094
969279
648833
834157
1063406
3630907
4443586
104601
1511617
4818578
2675462
1670153
2599230
2436570
1137990
561328
4655465
4395907
3903642
997347
1211282
4443887
4768047
4294452
1063460
3535378
1403333
475263
3256338
3821567
251431
4490858
2994643
317895
2006182
628169
2800476
3933863
4177757
3504277
3594575
356922
4919518
2480360
3699113
564874
3992044
3029255
1664963
1545760
3744125
1832069
2398891
1011672
4027108
4559586
2217507
881597
650061
4467003
4564554
1572165
4112682
858908
3164177
1328482
4071183
1457796
1019941
2918449
2693304
2107066
2848705
4373608
4330303
3622246
1719633
928340
332141
3184588
220314
4067116
3801791
3957316
2667021
291139
4152457
4302201
4102714
4983565
4416375
471377
3472550
4469211
1864520
405417
2827471
495677
4188157
258990
4750741
52237
260800
3069126
15494
2944884
1366736
4156028
642890
996808
2726146
4028796
3606321
484971
2212870
6539
2932355
4898808
693383
4991401
3462340
3951911
2733943
4838802
3463084
1568376
499142
3573690
1867929
1034106
3552645
2254252
4613038
492260
3467629
3786398
1043606
2314251
409693
4411552
4817247
3312495
3342022
4643538
1339053
4677620
4812562
2263639
4713344
2378386
4526488
4455631
673804
708765
169074
3693132
3110966
4339655
4113717
2763168
1614408
4110610
3275467
2121801
2455887
1045454
1232708
2156086
142254
4789969
4439580
3130064
3491939
1256288
1128661
4687209
1572070
4847079
628238
3869993
4240766
434332
1793553
341376
3950825
2695321
3046024
2370733
3201323
4020649
3191399
2928805
4443420
509452
2011702
2055391
1876245
1511205
2618238
3455406
2244453
1500562
517963
3236625
1873924
3142943
4029421
3275186
4219193
2715493
3118231
1677000
2208572
1370446
4866038
4347327
4466154
109794
3675745
1018031
961973
359355
1912378
979779
1094183
3436847
4392967
15004
3976597
2111949
3158016
2501289
3640861
962401
1895352
4800688
2913281
3715364
3958610
416633
2644728
2335856
4950192
3370524
2800235
3537137
3370357
4341475
1742152
1729076
934659
3670231
1410058
2138280
2000528
703601
1515731
4231539
3244727
1951316
861416
114267
1461574
3000637
2667936
577019
4478040
4899752
4459454
760568
2283749
1872010
2663220
3073913
4726219
1160007
3366287
943820
3689331
4663702
3533351
3889712
4631972
1203233
3056407
2100963
3949369
1009101
2029763
4835845
3899044
4246673
2860486
1993402
1381818
4606954
2892548
2779723
580275
2874976
3095495
3599648
3368515
4126446
2466972
667189
916844
1786745
940221
3078300
524392
4293248
2352257
4668697
2753406
1646954
4739369
4838510
4582253
4107832
1119113
690202
2211813
4403278
2285565
1427208
2652470
2427035
208713
4462038
2008113
4645612
4271855
316799
1276115
4800809
622269
2756127
784618
2789602
2867523
3668080
1330106
4602795
123014
1038494
4488708
4515837
4540544
4968898
1055841
1643851
1408845
4267339
1872770
1871956
3188344
239783
3897764
4010188
4491450
852882
1354766
490523
4709152
4769665
2414940
3570157
674706
3227183
1623600
2133926
508494
707429
4466166
2357444
2638106
2577419
1757742
339389
597681
891962
4539818
4841532
1071992
2354617
244291
3630086
4463291
2239953
1273890
4995126
1858247
4718223
83450
3848786
3851318
3119516
2980263
2211255
3665683
1741022
4125635
3031127
1571964
2379180
3756586
1298449
214229
1304482
683734
1600686
4069947
47025
55835
2808957
3833382
64117
4860553
3046802
677542
1069794
2119143
863857
249788
1488001
2357668
974112
2851192
3464730
277428
2930473
2665899
376858
4981729
29104
258618
1959806
1893062
1862764
4701856
4882786
4537357
3195128
4514112
1719451
1544847
3151340
4945062
4839528
3254261
1227770
1198304
4980744
4542251
425255
1184545
3699472
4096172
290435
4861894
4687318
4700618
885430
4317786
2235356
4527740
4430888
4999746
3257353
13599
3122545
722913
376866
1947097
4072864
2344430
4241669
4839977
362262
2812526
1575012
4543247
4731259
2373020
777163
4402098
4901501
3600769
1306965
180629
575712
4491096
1129380
1947593
3501273
381637
1997508
3142057
2790264
822702
2326160
1392757
2668264
4543640
4022386
4756180
2075494
3634972
2597363
4058295
1924188
3515575
1374169
144924
4692229
2160101
3796866
802157
4272796
1248580
3925576
319670
3384990
1072520
4358662
3899462
3620941
16771
3261875
1824722
1895350
2629732
2987318
2493292
2564519
4832056
224773
1599776
2031025
2626060
2887041
3756541
2287301
564579
4794599
564723
1443505
1693410
1464529
3748344
3779461
3686433
2237779
62110
4457714
1212910
3062200
3830611
2736562
4713746
4163874
490800
852942
3575794
4433998
1525836
2938796
176159
3863408
768635
3557470
2333886
4432222
102855
1097688
3646870
241598
2529758
4828659
332658
2787700
3350598
374583
809901
293122
4578915
3277109
3768971
1797996
768775
1950892
4379144
916374
974040
4554145
2800781
4924552
3984484
3238108
3478
3404465
3094020
4917874
3814625
4333635
3436624
853687
4412911
971901
768322
194881
620000
1843292
4198326
2177935
4337108
426821
1723487
3649212
982419
1320919
2407748
3652403
4926622
4418909
4109169
4226512
3409779
4123041
4226392
2605771
2505061
4980309
2201632
3577942
2865457
859963
3623463
2909874
1954607
4634562
1970405
4169356
3913976
958524
825516
4807874
1170330
4812983
2754165
4142381
2357028
43634
3531112
3984927
4552021
2192175
1008792
4285461
4944984
2495658
4034444
46955
2570184
4230095
334560
4836661
433751
3934511
4195511
818847
3439704
3104435
1831485
3891082
749410
2330840
2013079
2332475
1627532
1715995
2325637
2657339
104330
1025970
4966392
1430569
1284621
3689679
1966795
2766100
4326661
1280514
1954350
2848184
1879457
1951310
2891703
1030790
1044694
2069766
1618424
1872094
3207740
3973233
1759144
1608716
1253088
2580313
234479
1739699
1404699
3431801
671979
932828
1234877
116810
4194684
3963998
2145982
3638967
601460
3380912
1215960
2925260
743066
4448760
1063714
1570076
4483997
1659981
4321788
4463011
2205102
2505589
165630
4988752
677666
1991402
406673
4210707
1102154
2999564
1351368
2876471
2803461
2685097
3445766
3702640
2486886
1445895
2878900
4287076
3049107
3236454
1969081
3048149
2865080
1946670
772997
132115
1988200
3866524
818484
2583537
402897
3096064
3945460
2141729
4403547
128491
3965878
2024653
2140125
3306912
3953901
4418175
442525
4352659
2345851
4180326
1035325
4265442
3620884
3310696
3202883
3851652
3390049
3253387
1512087
3092736
2896493
1748786
3761783
4194694
4677450
3962103
2268488
777664
4290107
3362341
4393556
738430
3380566
408006
2738745
4578179
2051319
26157
2093423
3526514
835583
3474533
2646666
1038587
200441
4596813
501573
2302606
1280593
581691
3886346
2489390
4704193
241160
401175
3585922
600833
2538879
870018
4174898
230334
2106478
2382570
2095388
4106034
2321464
3561197
2549737
1403913
1928251
3545147
1757587
2723494
4207232
1183646
1094515
1046704
3920780
1633026
1648879
4038465
2743559
2828864
1013187
2819178
1802295
1355361
2690676
3671679
505877
4161791
1593546
2467212
1823157
4771286
4589347
4265609
477216
591548
3082028
2725527
338975
4944147
1982393
1905764
3287263
3107882
2278219
4047308
1064147
619451
4689925
1668569
1056758
2736907
946456
3751791
2243813
606126
3677492
4739506
1443576
292656
3806355
2209629
1741954
3537208
2497143
4888102
2421778
3664286
97237
3786079
935408
895167
3187364
2877985
1100729
898676
3626633
2569125
372170
1498033
2758187
4657509
2738796
685256
3177471
1091310
2614407
3356988
4564088
4380584
1312736
4072223
2728397
534005
1466211
189214
420286
4259645
4583210
903282
709867
2777372
2865469
873095
794065
1407733
2890505
4070815
648303
3459983
3378210
2557063
4575888
2235836
816059
3425930
1173153
217764
2616075
4682159
261033
1967894
3719056
1574774
343444
4359240
3754909
3028646
2919
4857566
235376
3491947
1717179
1934624
3032010
1893899
476772
345424
4744335
3342872
2962674
3248955
2850023
2574223
4071301
468513
4826964
3961934
2499723
1426603
4467018
363325
3687694
2037685
2487294
4116483
4240005
1672360
744213
2680683
2475696
1711068
2758323
3940077
135512
3368399
2890441
4162877
4103876
3557774
2416708
4238404
46404
4615546
297204
1095358
1072080
2233921
599742
1833506
4283536
2427254
3818278
2074694
3355987
2781956
2009564
2025009
4190669
1292426
109171
566747
2691807
1939864
3590681
1663668
1243845
1077333
4378771
4328952
1918377
2746537
3648612
3713717
2568844
3025101
1432772
2135654
2958547
4012509
2506315
72861
2754363
4628298
1496273
1862373
379691
1933049
3172952
3449544
4588073
2082151
3326524
2965397
3941457
2327096
733871
1897672
2613487
1262453
4812712
3479578
4169406
2378777
885459
2271270
71900
1106834
343223
1147143
208224
3598335
145013
1020818
726586
4831572
1188458
2822689
268073
4148196
1408916
3511430
2589145
1655792
3798698
142479
311306
164386
2229891
4177246
3590728
4962960
2698527
3048896
735735
4659739
3669387
791095
2917546
389491
3979403
2948606
4720437
3808074
4071742
1940218
661833
3593304
1365533
1375068
3072547
1202204
3489505
4833022
4442765
4144976
863603
429800
2306672
3933589
2744977
3784208
2787039
4361886
1104697
3171279
4372848
161234
4996078
611286
3988338
288227
3549139
4756832
3016707
2684616
2686241
2347657
4931408
3907480
3164147
4242456
3401139
39994
2721910
1641704
2889229
2540775
4503637
3708030
2456722
4352606
1710575
4711865
2380591
476672
4357117
917639
321924
530302
3214905
1726759
2798864
1893972
1733521
2648879
4633378
4101153
1367094
1372770
3228792
3092624
2098953
1322266
4426449
4634244
1164686
2986644
3232523
3648478
116866
3403514
1067008
4864905
3857382
4621407
4852253
198240
1577651
3561836
987711
4431241
4074888
3107258
602304
718931
4120592
1934967
3129808
4060063
1197352
2110632
1898880
4104823
3417868
1105358
1963585
2806695
345956
2051231
3658105
434960
513176
2975866
3730638
2353200
4868671
3267345
205731
1351634
1715514
3325677
4842847
4246523
2983011
522689
2583747
4175359
2233468
2934273
4221164
4735085
1664822
3934866
924471
1182450
4352860
3669817
1290768
1210036
704145
246202
2856859
3508682
1785494
2813783
4520350
4501573
1337063
458886
577654
412117
4035363
2562129
3650349
840913
479006
3964112
386362
3549380
4193831
1567868
2635522
1578824
4278570
772331
2326379
3835211
4211626
1646549
252421
4912412
3837337
4554332
1432022
2808431
1466761
2628240
3384221
2892833
3122673
1500358
3787210
414357
4616635
3487379
174448
4058359
689612
1274490
4309932
1501896
3021789
3335217
2296349
4211939
4904285
3359349
4184315
3753440
1616041
1067250
1882537
572047
3677829
2345157
572451
4999441
1649837
4934598
2008436
4978800
3493803
4106689
90855
931766
1138203
4260587
3252860
3401712
85943
1552741
3805725
191207
646919
2681454
3519556
4526893
782981
2642241
4822610
1661991
992977
2001578
730352
85409
2464451
611525
765131
983762
151333
2176295
3032528
3097904
3681127
3017303
1483186
4585874
4328215
4846117
1973915
1762631
205688
361514
2124209
1153152
3945812
1225746
159134
1156829
578262
4133064
1995014
878012
2237769
4226588
2760330
933695
3680284
2337175
2298580
1614270
4349446
3955497
688008
1808948
3011912
722311
63343
103465
3345335
1863467
4957709
3298388
4722124
2120530
2281390
4430138
2818278
1005636
2005207
4045572
2674847
644509
440867
3214053
3574251
4528402
3719175
4400716
1902381
547221
4526185
237066
3913879
1076450
4133386
3714283
1250765
3799940
633713
4333944
4998434
4553406
2656303
2592224
3778098
578049
1686570
3159774
3433607
2320376
3165115
1174764
2511255
50778
10981
30237
54826
2360513
1394167
1627997
2869299
3612273
2407396
1249017
197424
438864
662182
3159724
259478
3988636
2223120
1359414
3432436
3003280
4478872
3947395
2180086
1200777
910673
3358528
860559
4693788
3157315
1067822
3215505
3339977
1702471
3289092
4782315
2698909
2675236
2692761
1752988
4793369
1318655
3977230
3257039
2833652
3613913
2803832
1567871
636910
1684741
3637027
4193393
3776734
4097832
1392482
2685747
2264247
268420
2716079
4847830
3964310
4394774
3584733
936379
2594736
1456703
1177429
4814728
1229882
4763633
1265438
947687
3835676
1415145
1526717
2004597
774708
4821298
2995608
1581900
649505
1185709
4338242
1700369
961654
4294069
3349758
2132581
3755763
1241502
1642568
2864702
4626033
1927874
2208469
4157468
4643102
857350
1202171
1537854
1120512
581859
3322543
2884514
2169143
584358
2989693
1077276
999751
2382737
2338987
4783381
1650456
2267550
1268257
4635897
3628068
3032451
1181328
3745194
726551
3287915
4654102
2308303
3604658
2515510
3967506
372269
3326997
1253836
1986204
3300157
3709833
1752917
1850231
4901788
4730140
864372
4828100
4666501
2847348
1095810
2067892
4003392
4051491
2653113
2572916
4288701
4971848
1828622
600160
773445
4609345
4273518
2595485
4236869
2408165
945700
4105395
4536692
3166002
4475777
2543250
1836576
2981145
2421087
3251899
2445764
4394896
428239
98094
1889501
2119652
822573
253641
223718
4151611
4412416
3221410
913696
2656332
4997445
2731344
1226824
3639606
2533819
325872
1801564
626749
3925569
1387084
2278780
643365
2996026
3474024
732970
1462581
1229563
2604357
3438188
460447
2897367
2223779
2235222
4970283
2125619
1358735
4292757
465658
364455
3997323
993884
1850134
2969905
1685305
4151459
3772854
1064753
2528693
4995536
2746560
2215896
1137280
3739357
4352398
382984
270261
3633777
1254298
978067
415882
3847504
716431
396316
2173174
485558
4401788
3569375
1476438
1643818
648162
1689125
55672
4490840
1386857
3459531
4089832
30697
1060975
461399
541310
2536293
4024269
750762
4548148
4692997
373073
2717027
371740
2098376
1693443
3841694
2827504
3076483
2403652
4691656
3152036
2392191
3917030
3934080
1416172
2327763
4675807
373930
4219268
550165
4507806
4443429
3629866
446303
2685556
753703
3047179
795844
898129
4281535
1885213
4504404
4599581
3495031
914223
417063
1134268
1631808
1881764
1154885
1418555
4431547
4602930
4597155
844457
1185819
3523923
2950810
2731825
2789745
961598
3418529
667305
2195517
3013368
2013740
195412
4752771
3764036
2422517
3845610
1806681
4360074
3613677
295212
4333188
679676
3725433
4548567
640069
4051880
1549466
384807
1330004
1442745
2414891
2584125
3227294
1177913
1781002
1664182
3508285
478541
3961485
3959496
2253621
2150371
3295915
3818669
3770067
3881794
3355240
2478206
4036870
2048056
502960
2071579
2242531
1409784
4298215
3092972
1149207
2726683
2343416
4417813
2172365
1039173
2101353
3846948
4612490
2470421
142287
1458941
3378078
2216146
1740674
343327
114870
4439570
2708942
3538206
345441
1575023
1389430
3628025
2014628
3545672
4825582
4908223
2109826
4247095
1612341
4425877
4164972
2963803
4718057
566602
2065488
1713342
2223302
4019025
3137102
1888619
705820
3280452
4552900
4254995
3651773
4139014
4912016
2689344
4129275
1264431
204114
1089077
4510592
3413100
1378513
512428
3724001
4993216
4748025
4391811
2870903
3093977
4244731
1168427
2731914
1536002
1662388
721301
3399041
16702
2244318
2054220
1247182
1512377
3276043
1044040
833135
1358263
747295
692906
1486101
260521
62059
3126762
1118828
3445294
4321707
2253801
421215
4672441
2701464
976230
727106
1558308
2819894
3765103
1699886
3854024
4997939
2904441
4328066
3344865
4591029
3052528
686686
1905547
1898424
3355498
4628195
3231328
1696335
2892737
458670
3429448
4200925
3018800
1261584
1014447
1359204
3744735
4484482
539337
4139830
881829
360127
826434
869002
2449461
1407429
1949448
4243213
3611699
1207634
2451389
696558
2151926
3522904
4130841
3290872
947761
3032501
2674198
1991373
4365213
689608
2184708
3292540
4424716
522348
4388427
4282246
3952965
619107
1242969
82840
1964020
2451514
140435
3408815
552307
196971
1326486
873492
1483237
1855120
1987638
3285528
297188
144704
159804
3188255
2878028
105925
2930214
3660042
551667
858877
4231877
4350876
4181515
3571319
2074462
1992744
1724823
2001492
703407
2319909
1358858
3659923
3736175
1755186
3268520
2978750
3415709
4946591
2146325
4225886
3519072
3940354
614870
1088025
4438636
4062761
4163704
2861396
2486024
4501779
3697184
4698993
2672195
783299
4974048
4387554
3088399
4617261
518522
2030364
3322360
4407195
3533545
449403
4118972
3388476
2205605
4880602
3498444
4505827
1363730
1692571
312416
1696490
3052706
1909233
3067587
4269385
2726288
4104927
3346167
24751
1754901
3837109
269824
272186
502207
4917635
516143
3438239
58937
2451909
2797236
264490
4089235
1107320
3902166
4029065
945091
565065
1184544
4471328
4549673
3425556
4552969
3116667
1164181
4499376
4493887
3018465
3764910
673083
3380123
2783928
4958394
183542
1224522
3368192
2282541
3914160
2639230
757007
1316372
3821824
3787946
1895323
3276010
1391306
1747615
3104973
595085
889125
62986
2958590
3755748
3933474
874033
4368165
3068166
135538
1168180
3744079
1492876
4591317
805770
2838772
2627781
319072
322763
2394773
265867
4934880
1333757
1622110
674057
4250701
2766892
4433570
1018688
3485250
3808586
4380843
401295
3903582
1187065
535418
1922536
1821016
2610283
3315895
1091584
2546945
237595
1044966
2314457
3067223
2648527
617956
778998
1255759
75458
1128374
2369928
3101671
2421424
887554
4861018
4416816
3784478
821881
4089261
3323985
3456961
42685
786633
3951831
2843555
4784465
1200885
4933639
212697
4163796
3146379
3839640
2193018
4425983
3969427
1595171
4816581
2434539
705649
1780198
1678980
357708
3464617
3358588
569603
1807473
4657626
4426337
4123993
1080277
2795784
2441946
3754020
449553
4175337
3997783
3074860
2504332
2949447
25542
1155065
1825762
3550548
116979
345765
4037235
1627341
3525358
3080165
1403364
2982248
1654647
4703048
541792
3942653
2671885
4538572
500008
4724212
1471369
555136
4362895
3488222
2843491
3064442
3429881
2746350
15161
4716822
3507073
2183198
4487506
3771713
3835701
2028894
4840869
4532186
2247521
702182
1120657
3970903
2381632
873101
4340974
4550333
1171757
1065559
998660
2355550
2545041
1062437
4978376
1337769
4901296
2281801
1083633
2397832
86649
2394159
2611130
2308800
481345
3161696
1550554
4972016
3725837
3691437
1914922
2069794
4007799
4602514
2326123
2504442
3231338
199780
3130834
277960
2992084
3140480
3655442
50558
4366900
2052199
1619271
3476358
4884687
189576
3081645
1321682
3448196
3407195
4304993
3012048
66586
4964051
205321
2413663
4712847
3236427
4642428
602816
3838763
2732593
3954352
1989417
1853467
2184544
3048714
4257790
2822811
355346
56818
3996217
1687467
3509740
3457433
4314672
4704577
1528593
443441
2843053
1617311
2993104
1020776
4306342
3051718
4169829
2236405
4172310
550289
3944249
2673343
4619085
825108
1513256
4047242
3587113
343300
3744225
3764645
1616609
1698833
3336125
2270562
1355484
398159
1293790
3003344
3860539
2603343
2217075
4885617
1282453
3195400
4124783
119780
383266
3051851
414626
3758412
4938286
4074587
4902443
4855095
2389618
3073620
4797200
3290047
1970786
2707703
972556
1940076
1463343
4104541
1945512
137408
3243541
1991644
288840
1289334
3197786
852553
1130912
1163027
3408876
1363390
571606
4230486
3098866
4153157
3222986
4603235
973804
4846496
1413102
4782311
3943527
3261095
4997349
3390615
978652
1408284
4048522
883757
3417964
445308
546355
4895863
3100577
1011950
77701
473671
1830145
3411857
3799327
1070443
2188752
1697514
3345425
4002446
2845167
965304
965204
1983404
2831117
1515206
4248351
1445539
4564557
4412642
2400494
1016301
4426449
4578785
4211187
1025194
398462
4976990
122860
56704
1629484
344417
4183926
4827292
3650232
3147846
4039828
1017956
3741667
1026351
1997837
3144436
611886
4546734
3622886
1590695
8031
2459712
1554319
425899
1182023
3894534
500540
1271267
3898128
4041240
4962160
4889019
1853658
4904567
4010113
341806
3769150
1638330
4496820
2265623
1150439
1715895
4354447
4460992
3810235
2904606
2398306
2817143
1075055
1973534
2809555
3716273
3069372
3981450
1028794
3187819
75183
4908533
4883407
3048809
1475530
1937013
4149579
3908242
1345541
2233452
4812778
123262
402107
4631809
3981311
565287
2063023
1266170
2261616
907441
2628219
2421318
2748431
1093273
3998357
3816341
1897196
4819628
1126575
3906044
72396
1644183
90457
3411844
3782913
3272715
4206052
1220956
4034216
426577
4752403
3413590
2471646
2252965
2952425
2666367
4670696
988062
4321529
2744335
4793232
747131
4282528
4666749
1134132
280449
4908290
4736283
267749
634054
3994113
2240713
1615113
370658
4473404
1727805
4992316
852812
4264691
1605198
1551317
13281
1412243
2753075
2121085
2286209
3107769
4185260
1669229
605369
3157194
918975
129215
1293220
587377
1917017
607060
631814
4353081
4939549
1737338
3546672
4975754
3627635
559831
4251138
1779802
4818912
1362313
67109
3963479
989226
4897467
3233599
687112
4731723
1959584
1646350
2117335
2976570
4427736
3581949
3436582
4087388
3827873
1814862
918572
1893762
1638814
842524
3723092
2794886
284439
2697466
4820960
2335804
3968412
4146989
3607140
413661
2155654
2151415
3718601
2639048
3283151
1880330
3730804
1434939
1888391
1248273
3276297
3330296
128831
1491245
3621615
4251029
3439750
1300945
4452774
2003637
4379772
4278526
3592994
4393824
394697
1819735
4677519
2497609
3483926
417434
929587
3468117
4920284
2294115
2570196
561313
3346115
2826269
502050
2601348
4221351
4622973
3944891
2306458
1853301
4519124
2884858
514892
724654
4930319
1080689
1644551
617904
1353133
4753401
4465015
3034341
1902299
3618208
4847972
793176
2021318
3726166
2153574
1619168
4279305
737626
3566276
2887781
533426
191939
1948496
187160
1831126
4565657
3110578
3266694
868215
4679701
3870600
2021242
1650658
304877
3805740
3232490
3115587
2248578
3318385
4615380
2011538
1295603
3923670
2427717
3499664
4765795
3226295
598027
701103
3544818
1070652
4034015
2407742
263429
1137262
1563607
3718160
3881757
1939970
591043
4814834
4825748
2384825
3291693
277293
3620190
4766626
946012
3942061
3680894
2625298
681859
2437252
442610
55759
1838397
3429498
4726604
4445393
482623
3007641
4339317
2845004
1458515
694225
3871077
3106365
4912543
3257388
4871306
813961
2192930
2369522
1769140
1548047
1563805
331252
840127
4699589
380005
4016915
620893
1329342
3276493
65904
1740655
4574774
2921223
1848644
759215
2684712
4984944
1405735
845174
2942411
831381
4631947
3763103
2000480
97334
3591311
3992327
618029
3654958
7355
669724
4350563
643399
2642757
1401402
1606196
3212458
2654751
1914207
1595450
1950663
3569538
4729666
488688
3657785
4356989
1491874
4358110
2883109
284398
108309
35493
3025973
1489403
2625379
1477292
913782
1898714
4911320
586754
3910757
1781438
637476
4907578
1829979
361080
1854165
2657267
3649441
2563910
4379985
590413
3856975
2488085
4855394
3646775
2432246
3264308
2642708
3353151
4260054
138710
3083037
339485
4008153
2982056
894817
4795372
2615358
513355
50956
1143249
41188
1959899
1437193
4868210
2159671
4496830
4853309
4315936
2771931
4408924
4535043
3081205
418550
4841134
274275
1424192
4729754
4848998
483717
1211085
4465182
3223939
576656
3370518
4912804
2307616
2183452
3453246
1315006
2676393
3399138
1890677
4398340
1089436
3367298
1058597
635311
4672939
4275608
3849151
4808626
2079984
1596036
2138199
2833255
4244180
4832492
1126049
2995224
3055099
2010114
78832
4227941
1798089
1009516
883155
4946825
3857392
1143052
2731600
3260837
1993178
1099168
446223
1954993
1035911
2851834
930591
3779105
622949
1588674
2461437
1820224
3570774
2294418
4577303
3171847
3811231
1954852
2691056
3859557
1091889
2128157
1856982
1546064
4721225
3929531
918122
1253281
3024455
825558
4994579
387375
3543738
1213238
1576799
4008471
731460
3122375
1896719
4081371
753499
1845078
3170162
2359961
4720143
2675840
346558
2813861
3608379
4555279
3142304
2282067
4030019
4603727
480364
39129
4923554
2743841
1646693
376428
1757752
2462883
2692676
1161351
1557637
3803934
1468601
3652199
1673291
2535219
1977402
1238018
2383649
3216534
3996513
4664166
4676648
3514420
2049327
3496302
4576203
1638104
15031
4897774
960731
2535855
34538
1965127
209366
579370
3772461
2500845
2415072
2334958
937176
4126140
3954771
1216028
510776
4898506
416152
202734
1357227
1831657
4864135
411958
2659938
3484691
4720572
3129700
1325738
497261
3265965
3802734
399738
1403345
1488660
606861
3409221
724220
870278
1356055
4855126
1550388
3963407
4800182
3965762
4635087
1068092
4547771
364369
1483050
2144131
3015276
2996985
1236310
4960501
288930
3280887
2490677
869631
2345425
1287008
462725
1803366
4103677
3148607
1480772
1669883
1022739
1357658
3360292
1184310
3629919
4019548
1209806
1099896
2734272
1906677
3678644
3189058
4771869
1068873
4077851
181343
3194090
4188707
2510546
2756425
4472266
3282458
3389095
737806
3973172
248500
869451
597530
2252058
3904855
887719
2380313
4818907
815347
3481792
154505
991307
353522
4151568
3677275
2837000
1289132
950871
1796794
2932559
25582
1979441
4577122
3085579
706237
3710248
3694628
1447142
4136631
3530217
2070246
4054477
3990869
1356961
4540324
3279116
330891
2545837
3744061
593842
4310204
780620
489223
995109
138813
188756
4946910
1751588
3376588
2703213
3133828
4657149
4558806
4093515
248502
4063829
1108186
1344498
2330697
4015736
669548
1835918
469226
1039375
1003434
586584
1617323
4771722
4350009
859614
940423
2494626
1152232
1011263
3551298
518354
3646847
3276098
2435899
88477
954594
2132967
1233577
2285516
546857
3036859
3811668
2789077
2475568
3226180
2546462
3813625
3015038
689263
4906621
3397354
554992
706888
3687226
2653013
4147414
2258407
4386906
4002279
2543305
3215508
3304654
1868097
564924
2008356
3431614
4736089
395737
3786655
4954990
3509724
1985968
4923119
1927833
4839638
3802698
2296881
2091503
2812425
2640140
3736909
790662
3221696
4039260
617632
3368296
3010989
3394189
1196451
24310
2770863
1657699
96333
4692063
2013611
1567486
4826077
4223589
233605
4484931
4028035
2681112
338134
1363414
648264
562154
746536
870221
112801
2041897
3734309
4739215
876940
1920279
4945968
2895872
3415779
3783476
682615
2117197
4750621
492375
4226118
410532
3692424
4034979
568038
303205
3977531
3424563
3066236
4899169
2876681
3828683
3898242
1875183
4905682
4589550
1452209
2853622
4281404
3858098
3158979
621139
4937087
2239671
2108507
4162363
1634886
2005702
2143486
430966
4015874
1818476
3425676
3492788
2555653
2456009
4935093
1544964
1284576
2795814
4417332
2610220
4502426
2897180
1326378
4251885
3223619
2253775
1326370
3366122
2146999
2034053
4879969
380307
1684558
3044083
1932655
2312788
3546383
3754974
2167065
1980787
2068014
3103162
1277092
1818263
4294234
2616852
4344463
3426319
1156936
2389551
302722
1429014
4825691
4648505
3214834
1621159
1935913
3081427
2964186
1426785
1499545
1943930
763966
4694213
150976
3052839
3026665
2582101
1638763
3788018
100078
625111
3872111
4853591
477019
4764048
2054086
3526703
3523754
952141
3154902
830513
2072124
1611454
792392
1706881
3737106
4868596
717064
1583503
3942713
721745
476528
2636809
1821889
2784605
141467
3559526
4559725
3784160
3863583
2992280
2909403
1937973
4365893
530309
685855
3683123
2958832
4236910
531893
35116
1639225
935399
444834
1713593
1969609
915380
1548855
1865826
1424322
2543168
3615965
4879261
151040
583553
1617684
1083730
4148735
3886792
1100921
310046
2339030
2847277
2519002
4519535
2055641
1765115
2717956
1407477
1506690
550143
3109413
1711710
3085011
1674963
3284678
2993739
3099626
2598008
2548428
2875556
161002
2511764
2585646
2691999
3157811
3596141
388222
3111877
3063044
1271405
1892072
3062604
1411364
144316
1048353
3147496
2509053
1211667
1847661
464094
4009009
4072569
4572961
4740382
524857
3261880
1679079
927515
4916932
1105172
840259
3311680
2939541
3610230
288212
1387198
2199336
4174991
2725228
3005125
1377816
1280164
2928446
4797483
2183816
652287
4117893
3199327
3481681
3847235
1271459
4991651
4368150
4347682
4920939
1423199
465236
3324858
6021
1965335
3245872
638309
2916023
582978
1673264
3100212
3136903
53079
522661
4802819
3002008
1477961
630712
351997
3099962
1292071
2820027
4034536
1508414
3658834
3360145
3294785
4829941
4329748
1698362
2482903
3988937
3274080
4745012
4509704
3189193
1840369
4126299
1083228
4260387
4652629
123411
1989889
3150331
4335185
1817609
2304833
1586451
913535
4880046
3035493
2948724
3081235
2329980
4267224
4514873
4531700
3352941
4819663
4587479
1895232
4815957
635164
4210776
3663505
291405
1988009
4926407
2010208
3610377
176497
3513037
1740474
3472026
2609403
3414813
3904576
172468
1552491
109609
402181
3963670
2603643
1897767
4333097
2761047
1890099
1751018
4417494
985963
2127078
3987175
1767408
2998174
571476
1776535
4759489
2306449
4128196
236755
1127791
1901203
1771188
3485840
3205465
4221856
3940902
351629
3939638
3530743
3264619
3738061
186849
4590960
2137942
1416353
1908872
3168607
4795381
2814428
211568
4947809
4567356
512491
3685207
562270
3543008
1764056
4145128
628112
701131
131474
4122419
3560346
1174804
469390
3530828
1291386
1795344
2308806
4545467
2163930
3100029
2443056
1417360
705441
2131277
946679
4510564
4767042
4724085
3419325
3093375
4369328
4378316
1830276
2692180
4925694
116550
580027
2334317
3213070
1269365
737945
1536475
2426052
1738941
1392587
4513361
4941539
2694726
2976602
1654042
4180674
4215345
2845622
1273192
1534964
1767134
2216514
125572
1338476
4621278
125135
785630
927017
3308942
4893617
4197098
1430297
2053356
1747733
4863218
2253884
3932160
804041
2538071
1415218
2255028
2856098
746765
943899
2627511
4298908
3184922
251977
187121
3624352
4133150
3453305
4806970
2175594
4684585
2604040
4371048
4423587
173701
974597
1831858
1991581
586843
1296219
919760
2772085
4730785
2565698
4561749
125688
2103840
2306960
4839567
921001
1076597
4891384
1779014
148441
3018436
2871122
427878
947320
1254163
1136786
1867659
58290
494126
1529127
2973624
2048552
3479271
2167226
858988
1461007
1594932
2905820
3032061
4710407
4098806
41868
688577
3767602
741044
3461289
4715347
3778332
692533
3656281
1111207
2049987
537082
2584340
76190
486631
4404879
4382464
3760179
1309665
653897
3896026
2998133
1010905
1999246
3411574
1829421
4029538
1470950
1090303
77638
881472
465692
683422
4685358
4778753
4127992
1959490
1705744
1651893
1955989
3406647
3959343
2770435
1623362
601759
2077002
2713552
843174
1091590
3588802
3377124
753730
2050041
3662740
1657087
4445278
3160699
1576616
2263682
271243
760218
366723
2044515
3793386
3855639
2982516
4468848
905677
554687
3206673
1507211
4253021
4936799
2084536
4118692
567700
4575007
1659840
2913200
76648
3421751
4287483
737302
4150767
1758857
2573006
1441363
1926978
1314397
3342317
3070489
2887981
2457587
940089
2440644
1158903
3862252
4583786
3667893
11584
2864586
1090178
2682976
3536766
801253
1600431
3425203
4082824
1289308
2666777
1767216
4456264
1325915
4900845
124394
997031
3196353
3760965
3652341
1640317
3917796
4750574
4350626
2641679
357090
3096883
1504578
1246508
4630195
2532309
175175
99203
222898
3196522
3016866
4419860
1463260
591360
1745513
2751088
4933330
4710962
4414059
4876410
4949837
2293635
2603376
3432782
4937444
3478745
1620697
4281346
856237
2816008
273465
1447328
4078147
4742256
2410554
4507200
24832
3234223
1908838
4236309
1193773
1117692
392699
2763744
1687198
3023353
776126
1020739
697096
2047207
125146
3339005
4302644
1291284
4455265
3419832
2010511
382335
4514131
4173702
4263769
2260619
1168792
1737400
1199828
725122
517607
971579
1853385
3597293
88977
3958384
2353214
3929771
1496893
3618487
2130771
2982383
1429680
34283
120230
1613671
637576
2699145
817784
3744413
1494815
4204509
3815297
4484083
4050743
3111445
51175
3226027
3000882
3061893
450611
2163755
4461714
3238283
1634247
4358845
2924534
3860491
2226417
1245525
4392029
4046611
4811092
4425605
198040
4428903
4326966
1404094
1902546
4595097
1929234
445163
1223154
4593055
794323
3803997
2694996
511708
4554896
2645172
1682672
3028776
1588869
2452133
1703281
1073824
4207565
4392666
41267
2973249
455521
1525859
1758332
4077298
3523844
1021062
4647008
1655924
1093251
2797748
1035032
732464
2881907
4016941
4254237
4077024
1242006
1171150
2056593
871351
288591
4109041
4106895
745442
4041753
735148
417271
4895632
1180165
248527
4403003
3877555
1319129
2153434
1974428
2755679
2258451
438564
3078699
1223347
4537654
2955490
2183190
595635
4806921
3261260
4822233
4559474
2927287
2920950
138261
1913706
3716129
3976077
2763804
2930825
3833578
4217003
3511714
3802889
555974
2404988
2504585
124398
4527410
3029291
2891678
4483539
1467146
276739
4449748
3097881
2762940
1770691
706054
3884822
741413
180798
2514252
503694
1232559
2458762
3433243
2360091
4543878
4959400
3660963
2376148
3171663
2326974
589500
1602870
693912
1044392
1389996
4271055
2440822
2484528
4829425
4635436
4371419
1959957
991892
1924535
1162567
3472749
4470174
1428242
1284399
4559296
3510625
237016
3753813
3149036
2408808
4761507
2144085
2596984
4179727
1085658
993054
360760
3272674
1975587
170824
4385842
526362
889847
2114577
995392
2722316
482959
3777620
331940
4624653
1339929
2995006
4148010
984407
2746687
2238259
2343078
4696642
3478381
367687
3152892
432892
2558355
2360493
1507392
4109617
418135
1672533
4822443
3043365
2977125
3612843
1500586
225595
3898697
381068
4669228
1439179
3699636
1892940
1082770
3060393
3708056
3066564
2065818
1620115
69186
2746346
4359969
2535898
4977933
3851459
3416541
4231732
2579412
11609
2716082
2166753
1512720
1158676
785838
4835731
454276
3749328
1588312
2520930
4855859
271095
4203465
1063226
3758590
205139
604970
3358180
3543562
330330
338671
4792008
3929686
255688
650195
3645908
1268173
1115902
3326651
3950639
73994
460964
4631103
2840924
207180
2338333
951164
4751794
2159182
3064362
2716019
140700
9605
1859775
3786452
2183780
3426462
2367134
590023
4786366
4581022
345717
2813374
3670439
4445135
1842788
1422602
883322
3895672
407878
264873
4588075
3871632
4756374
3339690
2405556
3030486
1331829
1458966
24807
169154
2337851
728526
1158068
2998583
888151
2093737
3012401
800281
4635713
2203019
4582153
1039969
1033203
4895004
2853391
2231625
757142
923330
3295930
4948114
2515125
4911903
3177830
1673296
308503
3777330
2829225
4037554
1343317
875880
4826877
2345885
701196
705106
616312
4068148
3609789
165524
1251133
2471920
4027253
1191925
3941123
4294625
3402996
1779267
2402005
4854895
1897076
4099511
2857752
3751703
3892102
4848207
3550189
2028498
1519282
2397548
3441881
2237272
3206048
2014049
842300
2524588
28747
3359749
4572726
2753798
863435
473535
3364585
2898837
3886424
522960
2161158
4191404
225326
1732777
588799
4436568
3416222
3438114
169694
338304
1516083
3688430
1724697
227843
270595
820442
1037914
2853053
959976
4741118
619927
1154875
1019588
3901692
3910261
1886454
3711033
2518693
1535718
3993836
759307
2030665
4781439
2063718
4436488
2827057
357850
3222423
4714433
3604845
3283789
1978404
1801089
2489311
2441878
3409156
3153086
1456119
4619043
731408
606471
335018
288127
3377351
1087629
2801911
1416193
1270593
1585757
810675
4686177
3456633
4425654
1770821
1035746
1214973
4213526
4172811
3544188
2025786
1420823
103143
2501086
2007188
3655606
4539710
1416611
4364455
1915287
304035
865380
4189536
1835227
2438575
2408619
4867435
2844965
969456
4340785
3263561
1105085
3892138
4538879
3719663
3049830
60515
463118
3537503
4997532
3627587
3682957
2946210
2562619
2341427
954996
856282
3087197
954419
1461579
811708
809511
1264754
3054153
1991096
361053
4704565
4392186
137040
1877711
3460218
488
1692662
520962
3905381
4725361
4011994
1995294
4192682
3819987
2087443
4356688
1920626
296397
4420089
2399318
4692927
1956751
3659796
3838198
3563999
1852365
4506815
734597
709330
3184722
2608403
769193
3655819
3638894
2359857
1055819
1178991
2813679
3530596
2299516
846369
3913902
3267141
4013795
1701628
3518382
4102251
594237
3552036
2129778
2276378
861971
3948093
898227
216747
1988478
2791481
4794072
4852024
2665991
3626901
3574827
2489005
3097988
3655218
1308503
1595560
3915074
3750685
2378306
2838749
3904337
1011933
3435968
4816382
1116293
1991891
495578
3012854
1393409
3797776
1014934
51058
1349615
3723736
4998522
2469701
1161311
2214492
3398303
4851422
1360496
4223699
2996052
2065661
4482546
2622278
3851546
983034
3591021
3765074
3472803
2839906
3964571
4068064
3388627
4164906
1108141
2774241
4901731
2687958
4042170
3027812
4938023
1160480
1894727
3833143
2616859
4850336
476305
2174882
126183
935984
1563867
43236
3713132
2528192
2117131
988620
4689633
3638099
1178825
2985784
2557604
2591553
4918550
2842305
3600814
1842163
4840079
88253
3653933
4909804
1148733
4163784
4243576
1717713
1206625
3835627
1957645
4859857
4453498
1108916
502617
3399856
2300204
1561699
1128542
3071631
3837466
801286
2873162
3130587
3825604
4998382
2119993
3089358
4808164
3132081
259711
26635
3331522
4655524
4846796
1665591
267294
1632969
2133591
3914869
1686472
4392815
1428557
779526
3286460
1075484
3108593
2103557
3593310
4541693
2688036
88705
3263375
430761
1384186
2776928
4378264
3448438
1022903
340532
1642158
3700409
1828788
3258043
1048968
524556
4109868
1366579
4308117
4510185
2351944
797650
344291
3312644
2534579
1372485
1877858
3033953
3439827
162629
1225809
1481618
1738740
4063427
2217608
2721537
3027998
250508
973155
3604219
49306
2058128
4267808
2262302
4316294
2940125
1766441
326522
4292925
3751237
921354
1727551
2193123
2991366
2118034
4907590
643478
4118969
257867
3109479
4803411
2695921
2481519
333207
886932
352458
679627
1713372
3132457
2421798
3709729
3256580
1515346
3053098
1686295
91396
4978006
3158858
3125425
1330883
3085747
206519
4697441
523382
3958150
4023160
4119344
4556055
4731863
2133014
3918338
3317128
734168
4199487
724959
4894068
3565694
2701049
2043892
1974247
4669622
461078
1121972
3140156
3886964
246270
2768769
491722
1053825
908479
4222433
3705926
4122642
2109552
4100146
1684502
4478925
466288
2079607
3635980
3325899
569171
4602129
3319488
397571
2362526
4044450
4198753
2715222
4763260
167376
1925576
518727
1843913
3332172
3276620
4243295
4069282
4168105
357915
4996578
4036172
4850821
2984370
470144
2975374
4239106
958776
1303775
2168331
4921343
3548836
3352033
4966829
101090
1810143
4738500
4985128
3247505
1502179
975683
1616250
1538351
403244
326033
4683019
2974331
4327141
4881518
2356324
3641871
4156359
108072
933511
3547254
1574287
1017709
4209337
4680202
4274948
1943577
2707293
2418230
2389570
4232909
2825295
1117106
1542146
770590
4390747
2780103
2267324
497848
72808
4917590
2905448
1194690
2922174
1897760
3187746
1741753
1436724
4056991
4473710
4860432
3256669
1973628
2747194
4042857
810432
1642199
1011034
3775996
1125926
833221
1692994
2371883
2913149
2288160
2711160
1621354
1886023
2684293
4713910
3510861
4154244
1491991
1643260
3152889
13827
4719740
763218
3715523
3137462
3423932
4701226
436146
1497114
11844
339872
1662795
4673427
4129370
3024245
3641826
2699164
3286352
1887805
516586
1515789
1107165
1983426
474708
101265
3602784
1742291
1850677
2214136
2514040
3707035
1456499
820327
3438757
4324275
58727
3923587
691948
4163139
3779980
3088047
4729859
1090739
4782618
3933652
184205
3481034
4987767
2245774
101130
566506
2074194
1267552
3428064
2171282
1479065
3447837
4897329
1522854
3855402
220530
4128079
3557916
438371
1378159
2054117
4092962
4243083
4015677
192594
4299184
682416
3993692
594499
1410063
1544726
2733292
2063282
1484109
2419434
711514
4104866
982295
3015299
3818589
2512257
49270
4457251
3440640
4432895
2246659
4209995
2796138
4245475
4680015
1533330
4172120
762096
1860382
2428728
2452455
2688587
1264951
2632540
3955712
200380
765564
836805
1352921
1809776
1258789
3638731
3004718
2296150
1212355
4372272
4864867
2603739
4603017
2415395
3195749
2263730
3876818
3821230
115088
267993
260058
1539631
4173237
1369928
3817127
2453756
2794787
1154477
4817260
1215671
172430
34381
1862247
961285
2538228
925312
2618075
1773705
4637471
3051266
2168026
4429650
641710
2247316
3843347
2098533
957291
4616278
27942
1983081
3885381
4378377
1018581
1920659
1652062
3761482
4959212
3470445
1919815
3895511
3903970
4294178
1588840
96347
2496707
2206585
1247771
3926750
4580286
3673024
4381704
4645412
4263950
3731160
1998035
3010817
1197939
2072560
4630287
2409554
2512063
3704746
1495695
253599
333611
468164
857190
1122760
1394278
1475322
3915770
64593
799823
4842996
907962
568968
714456
4712632
2785294
3930998
204906
846825
2227222
645904
230935
1768949
4183751
3315569
485395
239880
4118455
1532625
4083885
470429
222192
2195582
2451783
3021015
3149026
1362546
4104581
4669934
1429431
4130147
2975336
4001301
1806484
4595204
1183525
3247489
1302134
3784956
3920542
3789761
336684
2004630
1257358
277826
749936
4382646
836305
3193960
2532670
4151113
1680817
3451221
2972049
2373239
1311235
4784475
3819300
2539534
2327550
4176264
4347130
3205174
2214402
4164422
706334
4178715
642490
2193011
1095156
3251459
795346
3475490
717970
3102481
4716340
2330953
68013
3109868
2853730
4485540
2981932
2110949
3330808
3626090
4372082
4334273
2440795
1039950
2708462
776389
4400486
4347650
3232245
1627112
1065909
1204825
3528605
4543521
1724983
4667958
1045228
3494583
1582900
4370521
4784874
1992574
3139373
684249
3446745
1677587
2053840
2401441
3471834
1170541
4919389
527874
2755903
940496
2663102
1782661
1022007
1490321
2437521
4232697
2057027
922163
1266455
3597777
4930784
2571305
2080618
70260
3070132
1119560
3180507
3208943
1646624
2478011
319590
606698
4515518
4225135
3995175
473189
29296
4800282
592635
2588763
2881158
3761058
3653728
1018144
1064993
3755794
552511
3769977
1461454
725965
4493603
2700694
4559673
1487705
3189140
1160788
2869133
187694
3789404
4565577
1575762
4921366
1722757
3451965
2332417
3186557
1366931
222157
789779
4210409
1620107
4953707
2120170
3440458
4894331
4344923
3780943
1071310
4690912
2834358
1339212
4913768
2900799
1083374
2044742
4095705
4898769
1526864
1410998
3501342
2392632
233032
1710397
1464447
3559037
1462230
849427
2507327
1950909
2505321
2090779
4579056
1381206
3336749
2783739
1737610
4458323
2348670
1361629
3237598
294248
4935801
1077418
2945087
749447
2060379
4097884
1946167
389423
30631
2281146
741979
462362
4708532
1766647
1610035
1959151
59977
1942719
1082368
1715506
4511487
639730
3002269
1297217
748900
4698730
1178321
1198261
2955686
2270216
1401276
1558819
3246889
36161
4793402
3524879
4036808
1593560
2760909
3993261
1385122
1777827
992019
4859255
4804396
4986604
4699357
1021385
4115120
2032404
4973244
3752104
1467135
1662426
4309592
3084532
2645975
4963177
3462423
3454186
682235
1762677
3292547
1159538
2679585
720369
905727
131935
2039943
798210
431352
1102644
4280340
1784096
1867519
818461
19456
1126510
1087893
2160038
142220
1333942
2839148
1245505
4874866
4027539
1098634
762460
2115545
602434
4529712
2674323
3007280
2558492
3271069
3579891
4322318
4810150
2358443
4260108
3612581
1306727
4757058
4642881
1904161
861182
2971055
481087
3953473
2011644
4506850
966538
3141576
3310308
4413019
2955259
1067888
2126321
188274
2698168
3270061
3520739
2888289
369587
384607
4294277
3978562
58631
4433625
4115418
2847197
1830348
2603288
4278738
3417372
3086336
3994852
4194406
740101
4634838
2478660
771504
4999558
3806029
3004088
89975
1268742
482584
4882027
4567799
2407434
4902749
1094073
4843648
4415031
3788022
998738
4805057
3923250
1818380
3170540
883376
3198310
1008340
4576074
366191
2846036
4996740
3056677
3392473
280174
2944101
2725077
4751105
2539312
4901395
1477971
3450382
3545708
1888438
124648
156711
2754988
158033
4999342
1492693
1365506
442734
2103275
3690872
2920247
1430241
2763903
4801798
799825
2412129
113310
654401
1909369
2527602
3789670
3357951
3511322
1799674
2240328
1253092
316597
1285437
1265233
4539045
4372023
1006359
2592145
4347508
414304
2680491
445668
3391037
1672023
2742555
1621058
1563906
202591
4646772
726200
2404644
3117307
2618177
1962086
3967431
4894046
269149
1801453
3165537
4783599
901113
890828
3216349
1995642
1197415
3541242
2133140
2380264
1265422
4728532
3880101
1720751
1350911
1127763
1426985
1866957
2794732
4839482
2414828
3762067
1376000
4495463
22656
2485790
2069892
420066
2350984
709888
1462943
4133784
4167276
2779300
322948
4327087
1651108
4620498
1165246
911756
2126528
161053
3085469
2589511
3362333
3127320
1322517
3507550
4686695
1602144
143120
4196724
4638052
234374
3832419
4347073
2634969
2009062
4882042
2986279
3341994
4927015
2249349
1930469
1843924
4667141
4437923
2572427
1800593
2339883
1172354
2523206
2561661
4132259
4188959
1738541
3291184
3908140
1028737
4691000
3068369
3980423
3802785
3792041
1445196
4542572
3302085
1986499
1287745
924284
4289097
4236214
444112
879557
4155008
2539261
2714319
95255
4786939
4035455
495775
2460891
1145798
2424800
3108301
1493140
1189940
2524224
4514201
420156
1581385
2230189
987353
603757
4682351
1871035
3542808
922859
4166929
4472391
3693919
1754369
1772671
1217101
706170
3757642
4012855
1417021
964658
3302729
3714629
3315286
4517275
2585498
1406887
808008
4546356
2481686
4643243
1361328
4011523
3269967
4402083
1194822
4099255
4604449
4480070
3087264
4418143
1964678
4129405
3574353
1795110
4189615
807199
735114
1375364
1715954
4483750
2938956
1901558
1695999
1993485
4446739
434401
2311084
3534256
2745996
3856523
3015616
586609
1585573
2182318
4420087
4207729
2841281
3102362
2270803
3744492
4947689
2861111
1409308
3057004
280286
1625947
3959066
1737299
1259006
3429658
2260867
4909923
3650581
4532887
4621198
291198
2026377
3603917
2634295
4025087
2756886
1724064
1171686
1100913
62321
81566
4630623
4510505
1671893
4518462
2543328
2465770
4937523
1019382
3796345
1329110
4167303
4817039
4879975
4716314
4715173
1507285
2561208
2304767
271183
3859891
3352399
2036992
1065454
3117166
1145487
2311420
897130
1713669
1294334
1929848
4018789
1224315
2229570
3740395
778172
3408674
460689
3513682
4836498
4415369
4927072
3858687
2541267
3575785
2905873
2849625
2290257
2419442
3493622
4103065
3089720
2236959
3264000
3183466
4873860
3606688
1332183
4460874
3389609
2704558
3950107
3796971
1085696
3584530
4965035
3252283
11485
3632996
469143
2234797
220407
1570844
3423663
3257130
563104
4096842
199637
1735959
1877806
4014591
2983354
3949052
3157402
2538644
2191568
842722
2400377
3487285
3920561
27805
2894876
926247
2297654
1136248
581636
456290
3867707
1091256
2937785
3327450
799079
3182623
715093
2317009
2296126
4440909
2135895
4121213
1956300
3666449
4937680
3116187
364492
493342
141102
4800724
1919594
4927474
103196
2342978
3174370
1760486
2746704
2516760
2952751
4097780
2830136
3855435
1251899
4923609
4263482
3408799
2689812
1812617
3076450
3833494
2710173
3145691
805859
4121065
3902809
4756273
4614543
4539729
1977325
4597362
1500770
1815894
2969193
2684340
4504417
3026333
4627517
319049
404654
1309332
245322
4030767
663441
1232239
4186081
419286
1085119
1291929
1473824
1725737
2840531
4574304
960593
3481271
1727392
3292803
1994833
174551
2420385
2212397
4215154
3831539
1289292
3542012
260840
4242564
3287350
3084337
3092016
3591825
4435037
2949057
2797309
4160370
2607021
2866324
683253
2557208
3172753
831261
1958501
4749832
4884769
1085441
587516
42504
827025
1578977
2230108
2152538
226113
3729451
1374297
377769
3716033
1839009
33324
3775329
4560586
1146226
1848171
1957738
4700483
3224575
747177
3204126
2152108
4998044
1726914
2203475
1696309
888268
1269879
3519502
4500557
374962
1358916
4373915
775373
1876749
1655306
3969113
2004305
2835901
1129722
877848
3569145
4357393
530755
2774462
44619
4975338
174551
587430
669719
3043689
291252
2726916
1327041
4025182
4464616
2214905
4438249
1280642
2822620
1203594
1630771
3980707
3518176
3353068
3739347
3232923
4726172
606789
3773458
3469890
861283
2142137
3234256
184549
831159
2384948
2076500
3283129
1465961
4381659
4714663
4830809
515828
1686054
2910622
3409167
97578
1633566
2644704
2201124
4184224
4358188
270293
2394692
4671253
3624692
3413048
2275006
3140204
507279
761612
4794780
4042447
4827571
4900551
978519
798399
2151348
1818638
290615
1304549
940587
3206378
1405104
1926475
210681
1979216
3306382
4749427
3092115
3001177
424786
906751
583332
2495095
4876920
1591299
2213971
3651910
4900614
1818017
2474218
1598964
4099829
2556600
1343178
2862664
546286
3444848
417026
3757627
3725317
4209569
1107331
4694614
2516676
4231593
942568
4560479
2869576
4760168
1785866
823964
3933333
3553182
975228
1388177
3162060
4559451
22506
2252611
1931124
226569
2018302
1005892
3123761
555233
1141462
726161
3829001
3024106
539942
2712721
2994413
1518238
4092220
518184
1658154
3288297
1920643
3009838
430416
4184527
3684612
4486599
4904349
2389515
1245480
705321
1238270
2620732
3803165
719530
3148431
233478
695794
4469476
1525261
3602713
4136704
3719795
3218019
2695596
642465
4620631
4294231
1298329
2262610
3321579
3021828
4923862
3590450
2741199
2326656
2062832
3875578
206101
2002536
4913919
19265
2858594
1529763
3599054
1899520
1935066
4578996
4650780
4566485
3435020
4916094
1121574
751120
4177953
751300
1338230
3250813
1384606
261286
4756268
2246523
4548357
2472003
2026948
3400564
3698933
1289249
3650504
973953
22956
3286573
1528849
4010687
208183
1700451
188539
4571107
4083988
272778
1142524
4964357
2109383
1014373
3985267
1524828
854877
910678
744052
139229
1267176
240278
2388115
2037671
3728193
939542
2853444
1940150
2128900
4456009
268787
4326914
955660
4930183
372376
4329669
2191487
4900330
3744825
600354
2650777
4296494
3553311
4585121
2298828
1673481
238274
3563660
3555018
2002750
1564308
4110850
1687445
4173128
1685382
51173
4263060
3344248
2249459
216331
3743995
3632740
3043205
2125864
4676871
2389945
4694386
689263
599895
4042069
1089553
2688379
4884887
2624047
1837324
4768503
2885562
647993
1261987
2809829
3364683
1782950
2585465
217167
1911824
644480
1140863
430012
393774
2628327
626052
3380040
4929528
3959314
389039
3011207
2671926
1535125
2207913
3229522
3193919
3755341
3234474
1305442
3807457
4831277
1346797
4217135
2982829
2040776
2960466
2747742
3070133
2180967
2220021
3533137
4818940
2512124
253841
3645431
1747376
4012511
2672035
836648
1163217
4413677
2583496
1959276
2370539
423412
4618319
1219338
3437599
3402701
724276
3580431
3889964
3469445
1285331
1560576
2943433
4993162
1583145
3148794
3670556
20423
618996
4350306
4117004
2676042
495362
3584421
2111558
494920
3910469
4276140
95034
3817150
2883156
2999447
4185218
2116375
3968464
4990265
1937783
867369
3149304
3598357
1818300
1557581
3269339
3261826
3801063
4492233
511425
1683315
4146659
893982
1080339
3140056
4615861
459082
4306338
4994564
2749317
1039219
4645872
2090128
3587812
163142
1298996
412559
3428696
420943
3304974
1289699
1647594
4246590
3633587
2134325
761518
4252747
2794991
1301369
1985583
4205836
1438954
2099013
649271
3477984
488291
668805
1594037
865859
4659809
4770351
1083317
1862322
3602442
2678517
3912668
4667282
1101372
11420
1328442
2364355
436451
4213354
56224
2595561
2134187
4462885
396328
1265544
2476038
4804907
2849641
4313672
778988
2525068
3924202
3479418
2346519
1294635
1802857
3616428
757553
3181011
3578900
4715132
796815
2651020
1990868
1518868
4834873
3595943
4388048
1717069
1595604
978346
1489857
3420991
976267
336
2013085
3094977
4611099
2455290
4020159
1616374
4475952
96349
2750888
2325952
1107944
2977553
1236362
2296583
2323682
65086
3896309
4311274
3635155
4160970
263244
618842
3369066
3517224
1170044
2952355
3374240
4284060
1797491
2990658
1691964
3608877
3622106
1752143
2723603
2821613
1853201
2723329
3027673
2117288
3410226
4947599
4941127
3933191
3765959
4729503
2021807
3307899
4175806
4265286
2748718
3029670
4382434
1990753
3190062
2298544
2683556
3560193
1905985
1833585
1197066
3088937
3487664
232502
3912421
2989671
351246
921331
2998262
3863337
4097610
549962
2766156
1432337
3776133
3470209
1584686
4721468
1719338
2727537
4694832
2610
1589503
203238
2041204
4848065
1117983
2808267
3803239
2373497
1113845
1362887
652687
4445341
3148145
2713823
914428
2909029
2673153
2677139
2518945
2104123
2604259
3031959
1593565
1354700
2846576
982866
1395267
2668543
4963311
1541003
191410
1649787
1550064
3883249
1695277
3744924
2292658
1533851
1078886
3073226
3274970
3504687
2211834
3989415
4572414
2949252
2819042
93911
1886014
2088279
703979
515305
3488176
3715902
4137589
3116712
1806521
1332377
363585
3248414
2694872
1553082
622395
4382565
3045905
2007837
3464311
2188899
4734577
2233127
4464641
2364517
3803130
468910
2289790
4416025
1940404
4714323
576735
3076358
1767457
4501020
73097
2292425
448954
2217876
3160194
3127842
250554
551861
3796644
3469505
1267394
303722
3622027
4044256
3815734
451553
4890389
3086475
3125592
2426748
2282232
630672
1210957
1013192
3514166
1557086
676535
4855003
2815055
2136128
3749941
126614
1883476
1127633
3703204
3773309
4350106
3706148
87063
1101671
824605
2252318
3470053
2847132
327416
1812908
3540011
1316739
23351
408383
3073155
821629
28708
3916977
3119932
4962762
1836772
510469
489282
3463237
1233767
2301448
661330
3492610
605954
4933056
1266857
2913024
552403
3452598
994487
3140912
2786746
1479810
317413
1255334
2874827
3286145
1168068
4253622
4336273
257816
2392214
3480573
55916
730757
1391496
1283615
3228781
3782428
4166378
3566682
1665402
1824810
307967
2428928
2246651
1825956
3626953
2015224
352186
1290204
2869964
591021
1955363
1485268
4186729
196749
389508
3451331
1313499
2912003
3544266
1562857
4282836
2383810
728143
3884271
1306776
2916639
270874
3350350
47655
1202086
2884932
1239097
854490
3286241
3491686
3953184
1526537
1149348
3520826
2273547
667876
4836850
700092
4448007
396679
1636297
1604879
399788
4883758
68031
3913428
4021821
4106773
1349306
4821404
3432347
4216216
4450355
4387638
3102829
4897475
951092
2581748
2419674
2080249
2654365
905035
4520971
4497911
2783738
564609
2312185
3666759
4333041
2240607
2474526
2295871
3052123
3273755
2564227
426423
4560790
2010350
2094451
290997
253231
3188775
4087102
3130426
2081600
3027461
2797474
2640523
4967626
831771
625383
4496952
3780315
1823087
1798168
3525938
3901685
3712745
962005
2630798
2121213
2384602
1104057
4086189
4933378
2877921
686178
4030082
4786558
714525
4901826
1006159
2844583
2668285
2313845
321703
2609127
3808665
2559892
4629683
4347378
18891
3362891
2609659
485787
4455731
1200923
2389890
4710270
2895131
52831
3277438
2648649
2639756
4231075
3631053
4580855
296296
4300172
4585987
1674398
2627978
3910031
2770080
3518933
2108620
1234116
3528962
1336277
1129509
1495375
938831
3045013
8299
4691778
2726569
2923109
2699619
28245
3200773
1011134
2608929
2796142
624545
334916
1529049
753877
1279543
855834
1507426
1271793
4241636
1820196
226990
2810785
1525277
1957290
1266248
1740525
4688056
4732532
879616
461995
564959
588552
3069241
1900920
3531310
3354103
3713623
3073599
2125123
3431250
4292615
16593
4854135
2706182
3102426
4182930
1903819
102624
879546
3461382
41346
1332599
4000310
4692617
4554736
4073184
4102974
3977634
858226
4903621
4149979
1889378
4485275
1407766
830148
92391
2217831
1733247
1033855
48916
351646
2269722
228638
2721496
3514327
4213717
4615546
226455
947527
3434601
4387369
3420710
2134134
3878507
739372
1166656
3661157
2715407
1966682
2509673
4021733
2315345
2294210
3678375
4125717
1107190
353838
4907807
471530
721353
4362388
3038750
1981542
417062
3610752
4988869
4948642
1489442
2336891
501426
3598718
3522964
2593859
3768925
2204829
4231047
1919738
127467
1191045
3012877
3276511
1079752
1648274
3254380
637388
2134421
3713892
3626853
4206845
3077336
2164041
2501785
2212999
2036397
1995624
1904264
1563881
3173471
2689710
4692519
1193769
481572
489606
2788696
3898657
2884241
4428246
3373305
3283814
1082345
1705185
856098
1585154
612191
2557417
3624127
3641163
2749186
3493078
232370
4913924
1484997
706201
3007054
3473982
851568
3204520
680401
1340578
4271402
869988
2081476
2961025
3090187
3804588
1225068
122132
2645721
137834
737452
4142062
1742561
2212046
1667468
1151939
4968500
4290108
668535
4548771
4085010
2896909
1677513
3573501
4231934
3427329
4332178
180787
3013023
4662204
4959475
2986470
3908366
1474158
4727582
872111
2200595
1617302
3153118
811342
4996603
2351043
248143
3402840
2256370
3682941
3578848
1311153
2935103
4984469
4812971
601356
4043509
157993
1755211
3927809
2971409
1921340
4320521
2066668
66535
2520616
537738
973268
1503109
2804835
1165214
2400271
4484128
1437225
3616105
75334
4313996
4122269
1383319
3629820
2109771
3902366
3984485
4420182
1129348
2759903
2184634
3491983
494368
4070311
303792
3092456
4789098
396598
4005204
1274841
4867706
252332
1601071
1426030
2160731
1661035
2468252
34661
538606
116635
1110647
1577524
4026498
3506269
1750480
1085171
4535408
4879555
4178545
3791296
3360362
1763711
1164753
3446673
3393019
3397068
1763761
1001392
4902940
910600
4988296
4944854
2323150
3455556
1473582
2059173
3494515
4580730
2789808
3947377
4218956
3916851
1467229
4825690
1718846
4113607
3909590
4305912
3232979
2290357
3199446
4462354
450260
3006750
1192238
3805531
4009283
370796
3587712
4108052
3206046
1955875
3339640
709344
4917054
1052984
2239173
3097130
4548916
1174785
2199930
2703833
1341717
3015359
2772190
3695778
129292
4846061
3981798
227032
72653
2024137
3009785
935170
1224486
4585777
2998305
1131883
724975
2291174
353313
4125087
4803586
1201339
2862155
1621419
1670238
3616939
1642760
1913458
2539451
3378501
2842424
4688258
2066548
1645905
630902
459751
2192758
4243569
4020178
4842682
2184117
2207443
1313845
3273198
86605
1971340
2005483
4594257
2633408
2388866
2991433
2976698
3189304
1789776
4860893
238813
4561285
4503965
2842089
25243
4491494
2547872
3547040
2952488
896918
517908
2801180
729355
967769
996393
3927502
1196382
1102731
2194631
2429978
196551
2988851
4108099
2158329
1533579
1075809
3403700
4930658
3996233
547005
16967
4869927
1954750
3478472
51275
3683012
2116171
1543262
4637633
4104257
4746255
4531663
1866655
3251185
4396759
1644395
3958736
1050295
1752676
1053714
1462714
4510655
1862312
561797
2739989
1266598
3695252
1661687
1610818
810322
691338
4767049
4475512
1678349
1160592
3372010
3267745
1320048
2359304
2290912
2760016
647271
4822358
648912
2811920
1450769
4882522
4317302
4030162
3730719
1046331
4162968
3553257
1497156
934301
1942543
4003075
2387526
1947687
971469
4155339
220477
2404099
367738
2269021
2751116
2402547
2047434
3443322
269313
42696
2980745
2506324
2239893
731718
1388991
2169049
3630917
4834275
1212607
2445624
4709519
683422
2447280
3221052
2357841
828959
1752760
4602996
3641323
420131
1434505
1334122
517432
669288
4666313
4669675
3138898
4321644
2559570
2352352
4686418
4168212
70036
1131352
3475332
4709659
1447621
3549367
95721
4460237
125397
1559777
3411517
3911758
1746991
12411
2907849
3526503
373118
147924
610038
2000965
3247393
3631601
2770135
47397
4016505
4235637
346554
3912803
4346263
707077
1394594
1474759
2904188
4020859
2779801
4808244
3124814
1574305
1317000
501063
309337
3524484
3903141
1580773
2279121
3378412
2210316
294476
3049890
1943617
3520555
4428912
4906645
3806902
2239973
1703528
3016966
2781653
3545533
3721569
4562904
1598974
3707762
3009411
3535084
2847539
94066
1453788
507089
1432575
2751268
652127
3283957
1703425
3742492
643274
2655626
1582760
1302836
3485875
1616786
2859136
1794728
4001702
294392
2610844
1498257
4426784
1132203
3851204
2183188
1531684
264970
4531940
2675384
3255186
2113123
4895867
3443322
2032402
3851698
3407207
4152463
4397043
1852121
1577703
3716808
4734654
547234
736654
2677285
826100
1802004
4496267
2042641
4738403
81890
4983695
4437675
692214
3412306
4788977
4826210
3052889
3154941
2714720
1933356
4798273
4239038
1019192
4075761
1738997
4772704
2779370
4938705
2919734
4177204
3511128
967836
580281
1942439
3987774
4400380
865414
1125496
4324379
4979896
3756251
3972440
2741559
2209163
2673310
1839715
4558609
4963262
4141293
1445023
2192594
1019132
4349614
4827882
4393765
1688214
3119578
4157856
613602
1122852
1687153
4015829
2482777
3171874
698927
3740074
3252889
3953809
1624937
2110664
4189094
1367406
4149439
4824901
2836822
4048196
651203
2297525
364316
3341195
4286228
2414317
1865993
2523673
3708184
3450156
3472882
3509171
4107823
355108
2394694
3972575
3182121
3627444
3666673
1582877
3529527
3749628
855898
3872430
2537329
3903776
4038170
4149881
2928807
4373823
3992303
1930499
2947052
2490214
2262425
1956916
1346509
4823150
669268
2699736
603308
335439
4085343
237369
3358948
1307709
1718433
4777247
3274632
2833377
2577480
943632
1920969
2964985
2143161
3754419
290040
3781574
4308126
66915
1278738
1930523
1944219
1441809
2637704
1148052
555493
1564782
4459746
413564
2837895
4638955
1600253
4144887
439386
461830
3939152
1228368
4735979
186216
3717816
2375470
1073670
4912067
3742108
4426198
565622
2103325
4989295
3609900
3993892
3328695
2875969
4193379
4266005
3065531
2680611
470523
345230
3386500
2606371
2521108
4660841
490143
844586
2954203
2309800
3665666
3027242
4663054
1832435
4494444
2400418
912749
2354290
4012418
1347392
4828195
4788869
2062881
3990287
4868820
2495967
4112644
1429150
1833046
4084974
255790
1007428
1172884
607636
4548436
172986
4246212
2592079
198137
142319
3389774
561826
3937493
2743502
2167965
1912836
3083859
1348280
542182
3587134
62815
526317
1282674
4288528
3492148
2921420
3395579
2648458
3171606
3212299
4030306
3278767
4058591
3061722
148506
4664269
3350505
1899226
4861213
453845
1076806
1999946
4007917
60909
894803
3735614
1831860
4834207
4551589
3442479
2517684
358503
4800911
85369
945703
1051150
2028919
2992661
2525109
3985123
3194931
1808986
766294
430836
1865793
3934165
100635
4817186
3534859
4088858
743394
2154850
1630745
4805339
2828743
3430181
1722867
2261537
1698282
71917
499647
3078188
4153993
3113179
3436769
2999099
1837018
1004593
1803529
3995143
921542
981816
1118345
1664964
566475
1352328
2902445
4294127
4325436
281580
1399878
3658996
82727
447275
4081259
3680651
3379753
2817086
2345913
4590151
3391466
356940
3409823
3047468
3870097
3618216
1577997
3434610
4770068
3215109
1469044
150638
2819686
664851
1955109
3989774
1990413
4975001
2392017
4040258
747717
4007481
794835
343619
3743678
848654
3805303
4995049
2911670
3054221
1502404
2912714
2585864
1250670
4301246
1923264
3223885
4843842
1893666
2735920
3173186
3675870
4936675
1970622
1093529
4261724
3679422
4321691
2735156
1397188
3367614
4518672
3490612
1042221
2655143
1247109
358244
3493011
2979750
1975478
4976785
2451160
3647126
3459380
1001590
4579980
3150842
3361327
2799308
106308
3102135
2040047
4976057
4070646
168727
4305486
4507367
3275247
2506608
4562994
4808500
3944239
829874
1567079
2363081
4273126
1679153
4900227
1512654
1937511
3704215
1814696
1506483
3863015
746706
3803719
1486757
957896
1620784
1942278
2275107
4031237
3079936
4712194
3583118
987138
4186234
4854588
1671833
1760112
1739201
1778801
4955537
1059661
4497001
3637855
3449821
2894863
4530576
4827017
4362123
4773655
1378661
14510
4141597
200769
2127809
394854
529597
3732262
4345795
4783506
3858629
4184054
1482396
1591650
1892642
4994190
3837528
2524644
2099720
1453813
1705944
1921008
4876040
3464270
784531
4624506
2993540
633287
2036388
960324
3140535
1281738
260374
3546872
1865754
1857315
137746
3205943
600878
2677686
892647
3063775
4073458
2997422
3754131
326657
126108
2832863
3834348
1050089
471018
4377853
3046466
4837943
2575608
3376473
4704778
4800688
1686081
2487647
469532
1994852
2876353
2853836
3837575
66496
3711153
777957
4396971
4133430
1003509
509143
3371910
2281196
1122060
3366146
4781092
1859079
4826774
4216246
3667267
1624250
13769
3318649
4397558
3197292
585423
2466317
3273706
2475242
2569307
4599153
2335339
2167201
1770384
3803144
2114704
1610497
1575687
1017670
3461023
4460990
3177904
3432771
4045243
3922168
3958066
2539893
2678624
2809895
4373559
4789515
999644
3578785
1743523
4767484
2915064
14868
741379
800838
3528279
2889141
2841532
2520832
1456933
2362197
3836751
4978860
3121266
334056
442003
706060
2162140
4847739
4827996
988712
2861137
4860150
2697260
581918
1510159
3285906
1014845
400831
412830
448324
1635286
440977
383702
3485253
1950150
3427602
132383
3815934
92837
1518514
15153
4026567
4670765
15744
2816645
1332528
1779968
1959639
3399789
4600523
2660477
3402984
3095748
1534678
2004733
329494
650848
3515610
3944563
2931077
1948201
2462495
2108413
4272510
3551510
4629957
493115
80791
476476
1556661
336542
2751687
1083568
3630312
1999123
4616309
1902830
3417666
591724
1965115
2396966
2965758
4708937
1156264
2727048
4165250
4544348
221337
229400
1685753
269779
4730423
3825756
3600887
812871
2337539
4511511
1448939
187327
901814
3305226
598114
1474033
2433853
2111232
1330119
1363544
2626835
2110500
3420474
3982477
4688184
502974
2734115
909104
308644
4926484
1823811
2644512
2259193
4499419
2798892
621272
184356
4454739
825291
1156685
691029
436084
4025957
1459929
1118126
2017408
4999314
4630548
1255893
3831426
1211534
1621533
805973
2626733
984048
2858293
3968837
2309266
3491445
810821
3268249
3884181
4928310
4527524
1260765
4375582
4491142
300674
1579477
2815625
1463286
4772361
4111992
166479
4135107
234544
2322592
3232362
4762727
4114201
3218287
4319150
2010545
152738
208948
1371883
3236822
3227105
1098347
3119335
2183824
952603
4245588
997781
1365159
2551698
1947397
3788792
4617511
3496670
4474783
3500241
4716610
493431
324852
761882
3716579
3822322
269640
2080655
4418757
2211558
4240107
1785982
190291
4512108
2610642
2511542
3551077
4358550
1942436
4366009
3397348
2653715
1694636
3686702
1890642
4779308
2288671
996774
4070916
2594883
2897871
1330589
3795289
4046516
2333120
1681846
1396732
2886419
2089334
3652397
1279149
1666691
3937555
4287679
702146
680558
4972890
3996057
960555
1051924
4430963
3478098
4822563
482403
4982485
2178595
4876414
1001237
1648829
2076443
2129383
4704870
2873710
2355858
4477265
4807312
119352
1421106
3907745
2688503
351023
2946290
1295957
2369361
1368418
1669091
1034960
4519278
1293109
3197864
3647666
4834135
3721263
2611070
2168081
959282
1807223
742610
4777076
1704362
721363
1473159
3500704
1874653
625709
2673165
464488
2006807
2044776
1615818
4247718
4123046
4841592
4361901
4141641
3539638
1563411
2274656
1142542
2318010
650614
4962489
3228805
2667271
2075061
4772304
3255828
4448674
631296
1805237
873221
69787
1678701
879569
1257422
2037179
2161925
1704801
4270754
4019339
2698744
668421
2716650
418726
2056122
1817951
1690231
299072
1166072
2318664
1636636
758481
385437
3784159
1282968
3995619
4122175
2777942
1229298
3378319
4953630
1087480
1020651
490714
246013
2288820
4477404
3905160
604590
2514354
4570822
1803129
233868
859461
2197265
3430979
4770307
1670647
1087317
4766036
3700313
1149345
4888953
2773869
2714363
1375529
3788913
3936276
4845067
4630502
2661358
2497092
2970626
702862
2815340
19613
3816525
4274149
4260863
3105947
4467364
1985425
3315169
4550382
651469
2273908
1227670
1682376
181309
3837200
3849696
575503
2652165
789915
2880628
3486401
333132
39006
1127268
656957
1134844
1971922
2075962
2473667
813411
2559756
1809411
1016670
2005462
2754610
421608
234670
2655531
326594
2006859
3021682
471772
1926897
128538
3851291
3494756
4892557
4616554
2305924
2028820
2246189
3761475
3773924
2497148
3018181
2049031
186581
195134
1717795
3603263
1611012
4083907
2276729
1601427
3325880
3604742
14838
2573753
4103292
3332836
360952
2973506
3241113
1487110
2145627
3206423
153026
2809598
3183305
3965893
936512
2217370
4687586
4210046
4742081
4918305
932898
1056300
3620073
3247970
4329014
626380
172302
4806195
4597470
1275494
1484772
4090399
3486466
3991431
139908
344653
2366276
14383
2430733
526193
4534234
1669909
2676104
1935420
4307470
3701665
1407475
2195715
3688568
2201543
813772
3068412
2934503
214182
2627688
1049979
3223806
2456043
419974
1181831
2589571
4963856
508290
3743183
1815656
655516
4864529
4638361
3924440
1386640
2042572
253759
2502230
1912757
107171
263884
619172
4038168
1587619
1750921
4091697
2218217
1499769
3762889
259482
2215342
3675127
2331768
2295137
1727305
1391384
1164948
1256539
1327446
2672370
4142460
3924396
3029259
913920
1985003
1306638
2556105
765799
246871
4041460
2748534
1519426
1960846
2126818
3741044
4485322
2158251
4690856
3560488
799919
3181159
4017503
2119332
1739834
1829728
3897162
4400199
2069402
2975231
3599468
3267499
69023
362131
3541529
3619778
4301265
1327851
1705024
506267
4813579
2804067
2344599
2925789
357970
847909
766988
4100590
1522694
3596436
2282096
3164661
3135655
894567
3369751
2467617
1629356
2399663
632235
2282358
4542188
2142830
2275702
1871718
451555
4040959
4028761
1491704
2438121
1053136
2842494
4916216
3543187
3609655
475898
1898613
2813863
4998874
508107
4866716
3318430
559255
2656284
1525919
3622764
1648283
1591367
4487460
909336
3924953
4941616
4434834
4246174
4609678
1537982
886339
2208544
754378
4390850
3164670
4383024
105147
3053079
507175
3935988
4937545
1855225
4219596
1388038
4274383
4130637
355193
4672705
3185753
411270
3943706
3668646
2966780
17804
3321619
3757530
3867528
4052854
3969202
803095
1893874
1532912
2570327
4548682
4552873
1349419
4110366
1895833
1063009
2423407
2394636
3175532
4493950
3068190
3582146
666793
488906
250501
614490
3850794
3519951
2259882
4312913
357456
1109576
3014049
2174201
2380797
4963502
4446891
1030263
4969118
3485529
4489815
1962504
335544
4393419
3853800
1572698
4999221
4527739
96933
4101585
2832464
3068891
1734344
4495374
163839
3552409
1897773
3904527
1722509
4644376
922072
4587372
4272569
2443214
2785806
1678554
2661986
4546552
4356857
3561462
1294790
2825116
1615184
865450
229327
4372652
2570498
1301454
3013105
805173
162599
3645519
774522
4788170
3168851
91421
1409714
1722276
786008
1100363
1802400
3522131
2509359
2057698
4761651
4304329
161397
1299950
1518509
2092121
1767882
3682128
1495783
3593929
1469495
4378128
2966028
2510850
822756
651932
320188
3362152
237489
4191956
3814230
2207290
236151
3884377
3358770
308790
2581722
3227932
4332697
2683922
2379656
1093929
1875752
1461074
3666805
4140797
3541595
2615414
690804
2091216
4622111
4516439
2547533
1395983
1801959
1331243
236087
3220251
3009602
2350124
2349323
4117767
926449
854420
81145
3134043
1010306
4543572
2519822
493702
3912386
1404433
1931455
2985322
2007266
2883314
2222650
3150801
310733
4657884
2892983
3128442
670383
3770176
4447320
347702
4281661
1593482
1221136
3134790
2369746
991888
1927287
1066112
4235202
3884464
3242981
3685867
1620854
3945999
3713909
887028
1099888
3421782
3691133
956433
4004694
1772439
1367802
1815779
2374595
3928431
3799872
3708433
4924817
2869971
3451062
3053327
1259884
2956398
3560049
2078259
2016863
4345379
608371
4331115
1296141
638834
791902
167103
4446612
3482113
2193336
292256
2016427
2189592
301636
4608089
466338
4930878
2769391
1399788
2947164
1204563
1681876
2591465
2359881
1462253
47175
2356232
1765292
316157
1680346
4612462
4082407
4400362
474966
3801500
349703
4588589
2642823
1476818
4891195
461206
339855
421043
1648005
4055688
1702469
4067001
4421554
684063
1003586
3946583
3819625
770567
3503654
4714192
3914261
658123
4565339
2509731
2156668
844332
749517
4587450
23450
242123
4794200
84248
4765910
1318216
4202014
1978857
2169142
1106602
4651196
3228293
4557593
3308628
4567202
4102413
1722012
2372483
4728340
521238
596442
2057380
2323019
4000493
1702397
3474443
1315329
4826671
1335410
1093941
1202614
2944052
3706412
1403531
4951001
3400512
1797983
1663147
4417191
2134113
1514624
2756760
1278582
4328858
1053667
4237328
749402
378298
4455410
2742694
4112892
4113934
2294387
2811174
2605275
4486475
643207
582138
2441725
494796
3458108
202499
3010660
3960235
1716949
3891025
3269197
490986
3453080
1473078
3801618
4429837
3330486
2550274
1019373
3792583
3683473
3842748
371762
274734
4175098
538822
3223127
2662087
2658939
3361213
1722346
4284252
4779990
4637185
3919346
3432920
1841309
25928
3963676
1182577
2457633
2964814
1531361
4364060
323221
4812010
3074147
4910382
4285694
3854904
3213030
3358908
3462295
21353
1162532
2661065
962653
2971228
3222895
544947
2373289
3925677
2644112
1389306
4187980
4081401
3764466
400835
3524119
3585068
853509
4641900
4900987
1898110
2707158
3766948
4541860
805781
1918268
1716094
3668188
4583035
1926891
3035006
1525372
1905307
1036450
3217374
4584147
1171024
2345871
769365
4925820
2780689
4403342
94788
375640
4279257
3895907
40460
570225
965578
2036186
500942
1248563
2049978
2493190
3769946
4785089
2104298
3923907
587461
3234241
3073366
3367554
2425694
4552708
2492576
4495623
1923919
3391895
2642436
2060662
2034683
708259
3922232
4677283
2580338
3707121
2462837
2733587
4154130
3615355
1684428
2763313
3878061
139921
4496222
3900179
192057
1738214
1636298
2037968
4505654
4353896
2564542
2959771
418531
108253
808646
1173670
1357136
3538709
4935754
2899450
4698732
3485998
4031331
1464837
1602362
912377
3983160
4774907
3111118
3645863
4057280
1906576
2343018
2977121
3851459
4039472
3582393
919342
4110696
1216740
997055
4024164
4774870
4191716
4320778
1212263
2096335
3353098
1748250
127778
1032720
965223
1100962
2024188
1694433
4289260
4008100
1418501
4430636
4821737
193101
3264886
4733292
2374874
3935768
370271
42103
4962260
3818804
821014
3481260
190220
1853902
1793849
2149822
15265
3327657
2493612
4374682
1473277
4164959
2078605
804390
2202933
3139457
1496321
3122409
1426796
1324331
204887
1261006
2806071
4223036
953255
1069155
4903059
1388411
61433
3261331
3109453
3921473
4396303
695364
4179205
3046581
3008553
4383775
4190684
760813
3038965
1786105
3154086
727047
1774858
1233802
4951258
3147598
3970632
2667782
2302989
4992838
2169454
3536243
1891328
3072664
1125837
1094628
4911215
4698422
793257
4998976
2659363
4267390
193461
4974062
3859849
4987533
2877389
1524564
1053541
2396026
1794361
4228076
4531228
2720358
1710086
1264981
697573
3791340
2519472
4551252
4734424
4048276
3393339
3926217
1931036
4941833
44073
1720300
4551483
3002166
2010965
1140067
2219542
1883175
4262541
4128324
2135141
1040081
1988330
4250531
1527326
190243
2862710
4628142
988296
399645
941703
4116392
2518557
1976424
3450900
2372998
801836
4434494
4333889
2006988
2666801
4679037
4047427
3546001
2317082
3338954
3691074
2869010
1591595
2433397
3137342
3723519
135473
902921
3965411
4351726
757955
1495938
4527059
4559988
1216709
4871022
3742122
3105889
650467
3570974
4326830
3537951
3649361
4038060
19677
2158155
3373013
886502
174272
3035689
1309168
215813
484088
2662949
4414920
4807867
3225547
4549899
1617814
1687236
1739837
4692204
1416036
273491
4295352
1074614
4648431
3361248
597733
1450262
1977885
4310194
1285888
2166409
329575
553986
782699
1285971
3643905
3354560
547
3931662
2812891
1728469
3840199
3370886
2936715
4720208
4014990
1561828
982189
3053522
4542692
4288280
3472765
401516
2132928
888083
2793484
4782831
4653413
3624802
460644
129845
1448149
4840226
3255843
2616252
3709759
4620078
2667726
1024353
4719037
4293688
1253441
3609894
4126355
8348
319424
1245956
3285772
246260
514020
32217
479917
661422
2705614
1104402
2598668
2761244
970752
4027984
2835572
932430
2226518
1971633
208979
3146189
2192461
300692
665605
930210
803621
960565
1101935
142528
574162
2636737
118707
3770730
3291459
646026
806833
1421775
1039715
4316964
1629907
4652320
1352172
1667191
1110432
4750180
68734
3813074
3974846
284856
991382
4681689
2830044
3466113
1162434
351263
4980350
4707528
2537499
4883534
1904379
4575215
419777
4201291
4387633
676127
2354477
2053163
4030571
3657790
4040393
2966145
993836
4143348
432131
3131084
2229147
2638602
4327920
1561013
2816581
2756574
1328339
938888
1317953
1473344
4340723
3757250
1807137
3484576
4154312
955897
671513
3578824
3695862
4475317
78819
2886823
1274523
2084140
3275452
4284944
184534
3244130
4320027
4853754
2229925
4603784
1787675
2217983
1435408
1312467
4940831
2205707
524998
2317371
618707
3977603
4510510
1626287
1983808
4349767
2013392
2545181
878467
1766235
105793
2692823
3986796
1756984
2027904
2404902
2192577
441474
747276
1063033
2310062
3758378
2296952
164967
4793871
3390415
639011
215844
2343527
1824882
2620964
3883928
2960415
2969954
4447492
2506714
1261435
3010357
2706848
3827354
1917103
2412893
1387792
3875652
3149312
4290352
2851468
3303052
4661864
3794217
1568885
291113
3197219
227403
2620473
2380973
4221618
3433632
4227789
785139
2108295
1954092
3978430
2328747
2600545
3265435
28245
1121234
4533771
3253117
532135
3330053
4436268
1183925
4565460
433709
3732917
3592176
552294
716223
599473
901295
2649509
1104152
4934675
1253893
1169424
262024
3552288
1597949
3948225
4244223
3470710
1838983
4449051
2492402
4278355
1652106
2535258
395952
2502480
2627818
4827660
2231889
1450437
3644081
3983889
4763514
735619
443098
1906910
446544
1548750
2783929
41688
4188151
396302
2962765
4891700
301997
1524859
4407248
4032427
1417088
4089367
4841756
2803536
300245
8060
764643
1501718
3545701
1089897
2870849
3339717
2488634
2038155
3481554
75371
4625320
2891626
2424090
4567716
3907405
2030793
16744
3370497
1286115
3697996
4564723
1927453
4270337
459949
4901245
2427948
4724620
806859
1181248
2672995
4753763
159866
2220255
739751
1715729
1092826
1326593
2675391
612016
1192194
1702954
180188
3433829
992803
3340894
1246490
2969081
2283249
3162695
1211163
370832
3335038
4075444
4228311
1009738
3081901
2239963
1984881
664688
444660
329336
4466068
4444038
2981804
4166315
1251507
2361216
448143
4866334
816699
1919511
3696439
4588926
1348482
4477155
139961
856840
2094865
4748118
1475929
1057720
2236898
4481993
1847799
1191951
1095340
3394649
284181
3867632
4689200
3496592
3116687
3041807
4627642
1326752
663672
2907749
2468181
3828309
3987927
1209142
502231
4504895
538191
2864521
1161512
3308501
387093
4567047
4364909
4932575
76373
2365604
4158065
3674653
3130733
3564697
2599107
2223918
3363691
1715367
2642971
1003116
980579
1798084
2296886
2814318
2512107
2824337
2243616
553348
379814
479677
1295128
4256801
2608838
4074336
494883
555764
1537367
4664242
579346
3333801
3461247
3995506
564428
990236
3219159
443246
1731182
1454090
225605
4705953
2119779
1033484
2764270
4907472
2815258
3096581
886816
728355
2775712
765417
1841275
4786711
3510159
3368647
2107257
4057494
1317512
1369689
1164639
2170812
2272258
293075
2651478
499183
4915326
4832365
1687230
3279847
2419813
1312850
2681084
2767246
4327840
140738
3921523
1554615
1046750
1456390
1031815
766646
2936285
1473424
3531227
4847328
4940160
2955446
3284428
4456976
2467928
853276
4344727
1866473
1068407
691406
3943326
3312248
4841259
4296949
4397699
1910449
1869623
4042354
2379699
1780340
4907573
2378419
3378673
4478930
2297256
4494638
4638693
1088889
493407
1361895
4059325
1305280
3267539
2325608
4692592
4965079
4896076
564645
3004463
3381544
247169
3957974
4782863
409144
2399658
2238706
4370164
63784
1525280
3431057
1051016
2763308
4033959
1380503
4010220
4740100
3937553
576734
180339
1966384
2825251
1040928
2827964
1504950
2461093
2771005
4462347
4422585
4694728
2003874
2382855
657299
3100968
4846844
1069658
3147568
2215074
3662973
2378509
2723605
2148449
4965481
576161
1090901
267330
3744051
1131056
1263594
707008
4468021
2754546
4965132
4769174
4037218
3628511
1785632
3269505
1256548
718380
2347817
1658592
4178117
3146380
2173470
3186529
1824772
208587
3089647
3318436
1160573
797951
2327286
2126077
1572827
2417534
3786545
2094535
980261
4143885
441973
4225820
1978421
2420510
4958724
1175825
3070808
517242
3392347
3761155
881867
4421194
3434372
1427423
1161113
4209473
1399496
3082085
2447917
2898374
2254142
2359911
4120244
3080989
1564242
2543199
4379767
2938952
4622542
3838196
3555706
2592053
4315858
4192857
2469732
568711
4825746
3668874
1540566
4240234
935468
4833239
3124724
1449425
3756163
3400158
2049378
3795080
3192221
3469219
2933822
422786
4408816
4083709
736508
831775
3453363
837974
3495063
4362096
4246989
2883012
4819398
4865387
3774934
1043746
2347968
4203937
874698
4898653
3927370
329619
448009
4197057
1644612
440172
2658731
3700541
468529
4839318
293601
1275935
4345225
4194967
1592955
619193
2352532
1412001
3454598
4727698
573679
2253598
1183883
419214
3764675
3553574
4583317
861842
128271
316000
179713
1283409
4625981
4867257
4979512
910899
1389415
3510551
1586662
616304
1416226
498074
2608626
3735354
3654841
3704367
2364872
991617
3405902
2117075
243262
428290
4560385
179225
4700768
142405
2565638
577887
2381294
1429856
1363021
4570817
2459823
4991529
157319
3466260
302294
2232377
3446139
4153856
3681940
211283
1046274
4945614
4048431
2059071
1770793
4735745
3268262
428895
3072109
1714877
3036520
2837173
4696097
4993770
1108762
4868173
2957578
509495
2555666
4404184
592277
2778328
4932579
1194324
2780260
3333326
4434326
2151150
2789403
3396142
1918592
2839626
2726538
252976
364605
1700001
3231954
2221882
4317629
995166
4922789
78761
2882286
3228142
4407436
2349497
4770926
2869322
4668324
3324005
1135481
300052
1400997
460779
1392553
3798089
507587
2470281
516281
2829684
1861734
1618906
2754522
823564
894897
4267488
2210931
1596605
1296862
2509547
788270
4462251
2218252
4271818
2534949
68257
1359534
728718
171116
1976632
1990845
168
1534178
1491572
596637
186253
2987532
137993
422688
3213595
561308
2762453
1499308
4562461
3271418
141255
4223416
4464795
703775
2631666
106780
2415688
3918513
1581437
2384963
1605003
747771
4022335
577375
1425000
2846781
2268756
2371947
2514440
1824986
3966330
1512418
4500102
3436822
3823128
2508258
1502436
2448189
2858503
1361226
2880334
3910038
3679557
2983077
3233033
4074279
4341252
352838
3136926
3714233
4057566
1246765
596415
778312
1235926
1525090
3265768
2011670
4112622
1264968
128857
4100146
2496988
4515613
3730724
4970912
238691
14417
1409489
80111
2497565
1095741
3708673
3729280
4251409
603918
1981340
3600692
25260
769547
4565323
3436996
4580798
1898096
4175299
4010541
1013748
2549382
1197440
1145448
925226
1368614
1853774
3259465
2700698
814139
3523253
196520
3992883
1004602
158809
3215303
3269377
2230671
363888
4063840
4612510
4174571
1489513
3090021
1195905
3880115
1483885
2659896
4280634
3925924
4444954
1112949
3377698
854897
3354198
117898
3325515
972329
508215
298301
3232465
154634
1668921
4442515
536699
3606849
4079563
3123808
3942244
4949667
3261108
3910189
3852343
1563414
1621435
4547617
4703686
2232068
1633195
3434007
1182891
3789201
4965218
236800
1450416
214036
1696763
1837648
3697179
4415811
707634
1968204
1544764
3766242
293831
761291
2053990
3923556
4322746
4719384
4206871
959876
3326889
1986070
488566
1992071
4580744
2963280
663928
1461077
1669986
3245991
2697927
1269742
4183391
4811267
2210952
3492633
834825
378731
4749341
489910
4204664
3751289
938098
1669240
2940930
3554476
1457763
3365517
981157
3495196
4602824
2347046
3234300
3892284
606582
4236380
3188197
3125961
3182217
915738
2259791
1774610
3760370
3480482
1476958
395862
726299
1799537
1787907
1974351
3827290
3304099
1293416
3045230
1288231
528781
3413941
820602
2360901
4111630
1337831
286888
3424799
1069712
672384
3382710
3955288
724025
1712636
2056995
553728
1749805
1749281
2526336
1052970
4783256
1310428
1924543
2505028
2317885
1594550
1096273
3321798
2401606
2070442
2469377
2018871
4395331
3934937
786286
4439632
580080
631620
24157
4997470
4342264
690740
401841
1342605
3522589
1475727
3387131
3912046
3671555
2343513
2803712
4469781
4933102
2607186
617423
4108979
3998628
4396494
4570803
4210337
730682
4188923
2188103
4551859
1159096
4168819
3975661
3698911
3046945
1777548
1041198
1630944
568004
4106396
939740
379853
1065464
2897838
1927695
343613
2766535
3918611
4748577
3961611
4008452
4895014
3295845
2594067
3172093
1742256
409109
4176046
4402197
4320768
724894
139158
3815115
4616766
2673495
4411769
207363
4578137
2682053
3714466
1098829
4688788
781972
3366878
1527196
1934390
4189059
4384952
2019454
1212838
1140778
1471845
4804011
490789
2118004
3093495
2590786
3753612
1721991
1413565
1544181
2238071
1747627
2998342
2725565
3893512
4607633
3566410
486632
1680679
839669
663085
2272398
2685516
4368638
1746895
1676174
749889
672676
4053825
109822
4693686
3885176
3125892
2023892
1803417
3525522
3176651
878893
2501192
4141710
1296064
3103502
2092418
4985041
655248
2998943
1734967
833537
3959128
220968
4802798
2424804
4028466
4186872
1280405
3977257
4634445
807264
4912527
4097194
1218366
2637940
3130324
734382
1023367
2910708
3372441
4218874
1263490
1774571
4196207
1074864
1898186
1331092
1871951
4722730
3075221
47202
3336282
500000
327598
3733072
3813177
1623369
856112
3136301
2271470
478849
1049079
4949532
4111416
122743
2441160
1032239
977836
3213013
1803536
4277841
1155269
2143195
851764
1260004
1623994
569898
4606602
4835448
4794141
4418068
74156
3647922
3699015
2783305
2613596
1468321
907509
4098362
3715605
1193392
587415
289869
2210372
276130
3240250
4868023
3837702
3768739
4836730
1701764
2824952
3925264
2810648
1838447
3545351
1099550
14875
3478362
2486454
2343663
1051644
276836
4769714
1117573
4685508
1201087
2868180
1998921
4918516
652585
337055
3842205
1670187
1883547
941742
777506
661717
206102
566630
2727165
2859696
4894233
2620072
4168888
705506
2360503
2113169
2884521
3358980
704789
2010964
2241963
271913
610412
1033155
2532209
624523
4172593
1748771
1855030
224394
3378439
4333378
4997098
2533617
438081
3944276
3767322
1390710
626900
4678172
321883
3256087
1493665
4760827
2111114
925446
1031898
4206720
3359530
4357624
4946092
4741443
993678
3615893
217683
3818088
4799852
3418510
997462
3879138
3219741
2851652
1501825
2547548
3116535
523258
1136117
1303021
3498621
833960
2914209
4935199
729374
2967411
3243598
2719862
4319885
1659900
495481
711275
245072
1819650
2772494
1499754
464945
4222732
2571261
1399788
1842870
4061636
197088
2560358
404571
1454701
2076907
3480601
3172482
1504982
1145455
1318447
4880720
2236405
4104318
2995427
3818649
4089000
4208970
3327446
1097709
4874270
3262704
3748233
2328436
3996206
1480483
3753409
2956109
4645620
1758137
1606684
3545701
2628254
4202909
1440028
4109745
2838426
1355984
3523376
780854
4809246
4234478
195239
2782225
3943660
4491202
4397648
959190
195528
3882449
1152806
2791639
2675043
2334895
4272219
2136421
4588536
3016873
1757559
1446263
2566753
4473662
3756933
4233325
4602712
648932
1752308
141766
2217179
3287492
2133688
1830807
4815658
1391824
3727390
95032
3193580
2506950
1514609
4934987
4232505
3174582
4350247
2053851
2707996
3755367
1235336
2448716
65909
3756230
4920874
26381
856676
399571
3667300
4021302
402548
2961009
11887
1377817
3513555
195265
3179729
4568491
2236889
2867631
3728404
82480
2411813
2384194
2569525
3148156
1080966
3161017
3649225
4268495
2787948
1174046
2958730
2855309
1738258
2033266
4503136
1272564
1389641
1705114
2916577
2337726
4391455
1271502
1873460
1650896
4855101
803534
1926152
3043018
1063777
2416361
417981
3475305
2574395
3859399
2267695
3915086
2466705
2758644
1040063
710646
3692599
766762
4960518
3147938
824186
537565
442027
2554121
1770745
1520360
37426
9869
3743358
3946164
918833
715379
2191757
4644488
4456971
741070
2341833
2770355
318110
4489566
3528606
615395
3339415
769175
1836239
2926295
1148383
3224570
3627443
4275789
3885002
148403
2127241
4483456
201623
1952538
836688
4114694
3683575
2458775
3474881
4620979
4708435
2888756
1164017
4183085
3769848
932621
542794
2047538
2320424
1226400
738485
1683834
4397777
1547595
2586084
2658081
801768
2679824
4125518
1924067
2622547
4675054
3965803
1903729
1731960
441405
712763
205624
1817790
2480319
380912
724914
4695640
2945288
1250353
3180012
3515409
2701999
3880057
4629593
4156901
3959481
1976122
86919
2741881
4273485
4617009
2765047
4008809
3784165
3351006
3971594
2227786
1587169
3091729
948234
2927796
3973148
3848763
4744227
1437873
2304265
3076291
4003998
441094
3492070
4078155
4430297
1394467
310681
865862
2479666
2953008
1007905
3784563
3230188
1311302
2068337
754807
79475
2456435
3174459
2918833
2202283
2383960
3455777
2166268
402942
3349305
382930
1153231
456225
1121969
4227840
4842951
86432
1558254
3247055
4844393
1899177
3276968
1489177
1968294
4859697
1866641
4426522
2019901
2136859
4522134
3467724
3066135
4858545
4011728
2356790
3869695
1221604
1071017
4620602
3779892
3701842
4917627
55196
2607944
651724
4659105
2633320
2152377
1028052
1452320
3218444
122897
2723745
4465691
2842922
2026968
998444
3089810
1222955
1612975
4419633
421701
484303
696161
4252269
811407
3510808
4711550
3140209
408313
2894728
2092578
3563811
817362
3104363
249499
4378509
1344335
2933701
2824434
1881857
613590
4841821
4601594
4844078
1038191
3645640
1049586
2653577
1305598
3073351
275225
2355236
572745
1813298
4588794
3917312
2521986
4976548
1917370
2462613
582786
4446571
452412
360733
2308079
112940
4578981
209536
2488543
4738197
869022
1003565
3185675
1215175
969241
1336913
4595488
4208670
915295
1341669
3294356
376864
2546030
2136770
4357509
845401
4936537
3415654
1890924
1292034
2823050
3421494
2244014
4387921
2783285
89644
341549
1936798
549941
319511
210544
3571492
4565004
3980203
2060638
2559168
1324822
2926863
4798401
2048926
1526894
1016121
1540665
1488945
614186
1626515
1698614
1565371
452177
1281095
4462849
4070412
4251307
3657107
222105
2994918
1215266
1017902
2444931
3784281
1065915
4600893
2993074
1445921
1548384
4562480
4539202
4909310
2072995
1354740
2919447
902782
4333343
3978035
3654436
745202
299574
4000683
2544247
4904782
3410563
783760
263056
4687444
3379285
2371840
534310
816448
3537001
3956676
257895
640025
3110126
2995967
1302853
2654832
1249183
2054353
4816076
578440
3254643
1117491
468072
2985492
1567255
1633427
2535156
946506
3693582
362769
90493
866946
375022
4821205
3346609
677159
2855972
1988716
382314
3622881
56180
1898046
4365441
4668563
627030
2231473
4048335
69049
3929338
4854748
3781740
4863705
3215432
1954646
3840442
3452772
3452123
2253472
211869
1500932
575594
4593529
1265783
3398474
1009696
3185573
3465358
603933
4537628
3379772
78906
1429634
3233211
4608183
896812
81679
2822744
3366738
4069564
3094446
2423751
4253095
2530392
2398370
4887170
2845867
474371
4866874
424808
423204
1845933
2700763
2074223
2650211
3278931
2386623
3944938
1449934
1217357
156635
142128
236062
3524393
2828029
3377442
4159564
277515
345696
3400570
1291440
4508663
792767
4986038
2202741
4885627
222019
3200220
2345023
1121390
1274445
1901364
672112
398476
1108527
4967168
3279070
3836587
625873
1247177
4586381
3616809
2682910
1020081
2725894
3824849
1806537
2448255
7247
2049408
4955283
2573259
2280163
3150296
3799574
2046286
4414283
1668783
219157
1916405
3070138
3165787
3835060
2074620
2301423
365971
4454061
3060323
2445929
3326162
153576
2100667
4864969
4587121
4546613
3892824
2103706
3321228
2541701
4832564
1911603
4177238
4601970
3004111
2722712
4790468
4645204
730579
4214892
3208930
1733219
2158890
4288788
3862302
4422269
1887327
4142096
3137534
282236
1545573
4697727
2448866
1906213
4145334
262826
3209332
543424
4973532
4357599
1058830
3135455
2489691
1844170
2942975
2308274
2597797
741711
1868338
3470734
4355424
3165624
3177615
3782709
230547
1507525
2189833
643148
498193
3740239
915662
2470774
2471730
3240001
1080494
386046
3719957
1511436
3366766
3624168
4012208
3177631
4984118
984119
3563332
703975
1762242
4983600
4442735
1975499
3257342
1389644
64935
3505358
3723064
1692646
3212663
4205374
2768216
827831
1374174
4259549
3421627
1540007
1035515
2228611
1926975
2620478
4655817
3890771
4606955
3934873
13112
3077172
4275453
3128747
4094657
4932170
3563883
1308604
41268
998961
726118
4642694
754088
4587624
4761582
4014066
4614905
1274507
2869450
3214609
4797931
93530
3871966
2001671
3735517
591265
4669175
4565792
4562174
3065598
2883497
1454024
1581790
4673545
2796815
4607516
3897851
3480419
3817657
2591111
2429407
2890967
2121681
1117446
899282
2991367
4533552
37182
4149841
3260028
1308543
1390170
3913045
2433774
978537
3915113
3400164
1975670
3183398
3189327
1987163
2147902
1257069
1644002
3342219
51648
4198729
4936433
4713098
1937408
899414
2072557
2483922
2973254
3745152
925459
2119095
203644
984972
4923538
4810077
2151177
3854212
3849123
2336490
3490160
1890061
663628
63208
4934059
102693
4646025
3113614
3526528
2352344
337759
500035
531071
3308570
2288873
2920389
2141620
630134
1198426
3848253
2005636
122235
629931
3233220
939355
3695226
2639828
679918
1889216
1515779
3697823
3357076
4601510
1152318
3551623
1908296
3618542
1283137
2449102
2271646
427889
1951108
441379
2667312
4277645
4104428
491535
2179754
2059575
2520056
1517996
1720028
349898
1691055
4123599
4939809
4357320
2625684
2396601
868059
1975251
2597655
1293600
760739
4707470
1880544
1923223
4367199
896535
2566391
1656097
4062610
4537964
3103909
482882
1259797
483095
4001118
2228116
3045516
2986518
3283309
2944364
1778960
2413112
892424
3902563
2147525
1849262
672410
2656432
4332802
245417
4471700
3313067
3890836
101803
18027
1445888
4242288
4429375
2594200
1147771
2436872
2685430
4447246
3203242
4344281
2010182
2682707
157107
3534435
4805417
1751484
2506391
3434540
2488163
623391
2843678
1570904
2041330
1266174
83334
4636141
1237807
4899992
107160
4626963
1102786
3839274
613917
3890652
1700265
3885057
3677013
625900
125086
2469221
4257638
4747733
4000891
4654685
4979385
603249
326455
1769125
3157572
3742860
3272359
712903
3798076
2373178
4373200
2902918
355082
3522662
3208827
2800072
3910775
1583343
4532102
4835527
864507
2024456
2037630
4894620
4065543
1687233
4789029
402733
2341543
1240909
3317945
4966389
3446956
874753
3311175
1221369
1354971
740104
2501880
2603100
1863174
589126
2262528
3744382
4758991
3670801
930162
2182640
2977981
4347368
4992410
1311997
2654039
2045588
3462582
794245
4814627
737553
4683005
3345922
1409128
3998316
1328141
593044
4448244
1847349
194354
3930591
4911755
3962488
598138
1087015
2670010
846971
3091362
1041617
3648748
384271
4089633
372707
4792807
676249
323830
1098360
3526505
796989
1041557
3492969
183421
2580124
163637
4071894
3280890
3142080
4354739
931788
3553459
683406
4634708
2959325
4307769
208020
757549
680983
694711
2858114
3037467
3118627
1126441
2494767
1992439
3845088
2774115
3705602
939263
3916929
3435398
3703663
361939
247767
1173907
3061711
321747
1584535
947721
3520343
4578739
3797052
755998
3297247
3933321
3614858
4537693
4395835
3909172
64681
1746824
4502467
3920607
4564038
1279654
4549340
3178310
4334902
997755
1170262
263609
2596968
2095223
2952103
2121973
4358924
3588171
4131371
1868422
2490091
2848845
3015611
634178
4120009
1944817
2307752
1569326
1069431
4650117
1888204
3209907
2423479
4765600
2401650
2240096
4284654
3287573
2569207
2092761
4625295
1850121
2604316
3793069
304245
3764169
1266306
4031795
3805626
1034730
3480568
3713888
1196564
2114531
1665982
2989880
3238992
4054454
1154236
3868060
690883
805399
2308226
439159
2190826
3272570
651445
4993946
1224710
1653872
2890957
4459053
3732491
905524
2033841
2363874
4340848
2026229
1386751
4021991
4453930
2967382
1603530
2989243
3573074
3666730
1417396
566946
892657
841823
1944396
4897248
4483023
253568
380747
2536480
1606791
788579
4789643
2821043
1259844
39985
1649280
2121255
2991513
1528481
4222541
1558384
3729405
2621567
7795
3150142
4714395
1426373
4715401
3586643
1585065
3306650
2755328
3861520
1150894
3278726
4478881
1256329
271665
2349293
436281
4731578
2074561
4223800
2188291
2179758
4505931
2804181
2974732
814905
2954589
2427857
4252961
321745
1726300
2027976
1280311
612601
1349810
926942
3296179
997294
4906473
2597173
2533315
705834
3714247
4092475
2451837
2239961
1680264
1732532
3680303
4063147
4015226
91644
1655102
4385434
3419453
3956031
4847673
4636517
1167841
2506889
4838099
102517
1100716
3037375
2353573
617875
2126138
2327349
830232
199347
214315
4573847
4970719
1349915
4732968
3363326
4121288
181182
4225322
4989044
56321
787258
3267768
3471482
3467004
514503
2160179
2452918
3938152
1746785
103306
1731307
534379
3346721
3430819
1301589
4071132
4173163
1517028
3537552
315656
1290428
2982477
4251636
1013648
1830893
825009
402852
2554256
877425
3308311
2524301
1299661
1987692
2771640
3259285
3195843
1962805
852611
3151601
4058452
3464355
1157252
4106100
2654338
136306
4114104
4552290
1651603
1969332
1316857
945674
2511238
4816161
2164482
4357648
2439897
3028913
231219
1671962
4341029
4241540
922203
370564
3673224
771433
2252441
3628010
2990723
670609
4955473
2898048
4370347
1893408
1582584
284753
4845239
635058
3074854
37127
3603407
4990012
1481861
65938
1968604
2506616
2880612
1105625
2504403
4064048
2660306
3091396
2343674
875981
2478077
3274796
267197
1358326
2031334
3147065
1414086
2119131
4086622
4511848
2846415
595269
1075657
2185570
3704981
2159788
957899
3437105
1871052
1299678
1252192
4208702
1689734
3542973
3261742
3581507
4273132
4402402
2186508
868163
3413153
1745004
2995969
445037
4013077
82284
3231494
4677396
3670416
3131626
637951
1138176
3074152
12945
3601833
4808774
2003604
4482228
117139
870058
1664319
3149730
4191512
343001
3774602
98679
3698232
989119
4239510
2586820
4847200
3733476
4097214
43327
2671490
79289
3540694
4372088
1065584
2568493
2400578
749566
1126729
1969511
4288260
906576
1808727
1842605
3466696
2734709
2872067
589482
1805069
4680152
977689
308784
345457
4889412
4218336
3429940
3998457
22417
4847021
1729045
2193977
1861984
1513026
4758702
1336872
4111357
1821497
1162744
3450171
1859728
1977959
956091
7367
2687390
3861101
4964448
4578337
918655
4912075
137332
2136606
3534913
4651955
1187668
2982287
3141905
2255180
991285
1989230
2652773
4204123
1876798
4213116
269172
3090203
2416098
1545827
4052510
1506395
1274220
3301598
1046272
3705351
1602721
4018724
4579165
4124398
1702932
497608
4835746
4498710
4097056
134861
2433355
1699754
4855890
4652115
3468710
3764885
2064030
4487329
1598779
2078382
1623910
1255749
2676385
1989372
1831036
4387720
3124280
2900932
4314484
1290662
3234798
307508
442892
3147336
2964660
4558155
2005181
3995710
173793
824928
1306680
3108346
1821710
1537399
3250194
4569861
2914159
1776106
328240
216539
4793790
3458256
1129420
1368187
2902335
1297324
3145475
3384692
2154971
1109106
4316997
4206421
4138862
381806
4450781
2066814
413529
69762
2870559
108781
4044227
1366058
3347516
4785370
1452909
3079480
1257929
3643523
4385064
735263
1024655
2058191
3364239
4128496
2773171
707346
926483
3894006
1004430
491661
3772260
4597539
3389964
2174547
4273311
2296791
2585632
3148439
2776374
1881327
4378020
253776
981879
4797223
4066001
2767789
1349768
2208463
1852
4684729
4036948
1523975
4393671
4639673
750623
412338
2314769
3446477
4794532
844689
1001698
3924353
1068702
2742253
1499719
4740236
528052
4971821
1009474
3302579
3018955
3432705
843390
1394708
847099
4183126
4693369
3750033
1432192
3150912
4579382
2758288
3409000
4558514
421759
4251047
941504
3872803
3114121
2592721
246953
297003
1409622
1675388
2145603
3059110
1050851
498709
751657
4224069
1110967
1125629
4765505
2274598
1247459
3246105
1325900
2618558
294273
1169220
2302212
3557076
1750202
3670082
3118632
2496300
3691203
839849
751700
3029504
4334148
7396
4035584
4152860
311802
2316353
356669
1444846
3246185
1465935
382435
4926988
538613
1705937
4258434
2940932
4205348
2722666
2205861
3722293
1705940
3058230
4565422
800506
4362882
4115448
2377297
3625210
3578604
1179572
758887
4668887
413789
1216526
1544167
4211276
891513
2301909
4699124
59957
400757
2174336
4995739
4908035
2459468
1302024
4843896
1309122
3058662
1876366
1603076
4280270
3303268
4353727
4367863
4568330
1733414
12885
890224
4623794
2825126
4101920
1286474
464200
1966164
3477734
2856629
28495
2691373
1396695
1258018
1184044
1003884
1220938
2748946
278433
2779393
2810874
2784159
1688424
3678437
1765254
2516911
1552875
1970754
4531863
3742363
2349482
2736578
1159764
834264
3834777
4581837
1490619
4916047
3065650
4385567
2924063
4454301
3599112
930643
764225
2978548
4360124
3337703
4332778
567853
993465
1386568
4033767
1181198
575621
4324332
4444208
2222113
4443799
2296670
3648198
256397
2028972
115138
3624282
4385593
640189
1771621
4149476
2499556
2956151
4661574
3898170
1643960
3995423
4265795
2204243
1916757
4960285
976373
1774221
2625366
4870506
186131
2795158
1641068
2190577
1896908
1509547
1248676
330074
1182603
4803737
1033265
2781456
901862
1155454
1761780
1933631
3713198
1741467
862526
3350098
2101279
1608067
4505081
2773858
1935041
162171
4229868
1287748
385069
1718232
4854957
1611130
3536932
3445984
1532088
1794185
1660344
139591
1516058
626636
4004142
2357404
1858506
3348727
29547
922421
4899803
1381552
2238614
759735
3005224
4267712
1744217
647484
1770038
4374184
375433
2632720
4591412
1834092
2863395
3489052
1375309
955990
2101940
3552675
4387082
1198000
2050780
390043
1738291
4213189
4596088
731653
2926089
1855713
1241400
1728786
1695715
2377123
1217553
2564768
1990783
4339121
3665934
2939359
1986164
4080578
4585180
2161335
4046967
1625437
4624579
448449
3877081
2948570
921864
4672430
2423164
305062
3049635
4520967
2348465
4563666
446746
2475500
1167247
1038383
4682879
274477
2476576
3575566
4480377
516935
3863336
1497406
1432189
54959
2400356
1665042
558381
1851072
1939930
1346762
841377
126762
2463262
919927
4802609
4440102
1195127
3126604
4365570
1348916
1985370
3563162
702480
373111
2973679
3903536
4046278
2236389
4145674
2510884
3602584
1173180
2378018
2716742
3346098
2306258
2667170
673876
4992220
1244795
429620
411715
4119285
1559634
1980068
3502764
1217763
4889018
438064
3235059
648986
4265050
3108879
784125
4603598
1134718
4240922
3030839
4870721
688884
17864
906430
3372973
3326478
3308950
1877562
912815
4171354
2923485
3679481
948552
4382325
1283085
2180241
2819568
4536716
3172514
1187371
4917975
1567087
2046625
2513748
2006032
1701318
3127768
2449118
1201858
4588965
3156909
2787410
1952626
4706776
656506
2176170
1374183
3115269
176859
7767
503703
3171305
3714765
2389112
4894293
3662634
96844
1766913
2620995
1752064
180714
2126232
1534338
3773422
4308521
2459508
1384949
2886207
232073
1753682
950621
4634557
2587285
1122013
4467220
1776216
1825685
4020748
1800178
2711766
4867793
4276366
1097307
3479729
793199
4752725
1756404
2958654
4536376
3477662
1307204
4811915
3210842
4495333
3452474
2284518
4609084
1503772
4239984
1488662
1634754
4151880
1126163
3990229
1587913
3141968
2423615
3721213
4609050
1309485
657017
1937451
3685447
4691824
757226
1785224
3958665
2860825
1048637
2072489
4460933
294512
1994540
4972145
4124349
4462719
2528313
946735
4999735
4333097
4277231
2256241
1384808
241927
4354341
1308348
4638396
3583802
1736559
1435598
2477534
4653283
4164848
3347290
601418
3253916
1470935
3744909
4485590
4674011
1142574
1910703
2065686
508231
4778391
618811
3803725
4891275
539408
2204319
4010578
4393394
4206338
338167
3581979
1507086
616871
3369373
969693
3124481
4058654
648290
4752128
2177312
138200
4184814
620412
1946142
1519170
372007
4549298
902724
3533653
1937433
4242219
468764
2424240
3578694
4561160
4470601
4598853
1980752
2108282
2725081
4434558
69708
3021066
2673187
784240
4717259
2598947
391680
2018233
614245
1867735
4756004
603546
3707923
1985310
1432860
1466383
3201059
128878
707398
1714654
2221250
1432030
2892066
4810143
2408139
2453892
4698616
3194602
1183084
1451519
3194688
4048707
854183
3426789
1220427
2566025
2636722
3732692
4588281
2944967
334010
2536445
536373
3914763
2457410
3426075
3068529
4782174
4252172
2359877
119418
1100183
189528
1638750
508656
4147105
135306
831874
283373
2579232
2996091
4326674
3658611
2758933
2181301
2230684
2302964
594200
2668830
4022444
4307428
3229944
2945666
2125076
2373808
1608327
1906776
2361294
523850
3203433
3555291
1325198
1494838
4884466
4771415
4683297
4078257
4266434
1170617
2946828
4448066
478356
4286552
734074
1909644
833480
3385943
2011017
3153250
1557756
1017470
899597
4486418
536963
2876107
3598322
100398
51377
2035890
2741170
4892872
3519140
3779514
4354203
327192
4744801
1234043
4789777
4785481
1334813
2632456
1329334
4386499
2554144
264076
842164
770439
3832375
3591999
2924313
3927162
1690050
2474125
844380
3851083
4255637
3072960
4208022
1626631
4242327
3178287
4241530
1820201
1059905
4857734
3210244
3952416
4139984
1586342
4293033
4995620
2974444
2801252
75547
4462064
4060895
4402121
1308324
2000173
1573981
3115436
2321995
347840
2978214
2429719
692723
522625
2059687
2300889
2165889
125400
867503
4369233
912633
3056716
2943482
4304737
2817936
1538920
1343429
4384112
2835079
2435572
4214593
1915215
2501237
1341846
2684703
4416003
2998552
2647181
2565674
3024471
3443499
4829117
2275986
4583929
3710494
1931015
860721
4611458
406045
2713383
1108919
3502334
3629384
1612714
2139925
758547
598552
4584606
2283889
2974173
1948868
783257
709780
1011791
1056183
518873
2364970
2060598
2846926
4641704
4841372
3847405
3219915
2258997
3821308
2051570
1300636
3957322
3430743
3285091
2287341
173716
3067849
199650
4767046
2511665
2813881
1750280
2942243
2700635
2566252
200434
1074578
4831192
4576811
2660662
3713258
442688
2676471
760421
4492853
1793895
642513
3427188
3120012
2158719
3680343
4607021
741718
2651812
4990824
4245947
3890171
4825550
1756600
2210486
2257512
68703
2951524
3153085
3661585
3729858
4548362
2452658
3492327
4629749
4992611
2340634
1999927
134995
4752326
47037
195967
1937097
3735371
1530503
1094554
3657371
732004
3403083
4473388
526091
3056182
392617
2755681
1780841
3698788
4234248
4839408
194731
1916224
464938
350385
4398190
1921040
4846195
1094962
4929273
1634351
1449105
2392577
1627202
3973151
2124332
4563916
2329078
2956025
175756
927559
3446799
2011024
608454
1724207
680714
2371903
9335
2520789
1109883
3067856
4190506
625924
4321130
3680832
2603930
4858814
4139381
3364471
4055045
3371243
514278
549915
3916469
2477290
1001069
3037409
3810113
2601376
2603456
2594847
40152
2246271
1805321
2857465
2899447
2579479
1576734
2135705
1260314
931412
2665416
4561040
2728258
750989
241016
1180244
1460501
186276
4517853
3720440
91420
4974803
289442
4891843
1429122
3226995
858136
4688379
2377071
2122522
2000144
3939022
2161709
3942820
2875235
1227866
636559
2265714
272998
3147082
3416925
2883204
4159884
429140
1665683
2928796
4674047
4439540
4667633
738192
1410666
1491585
2289297
2162174
4458488
358067
1369905
2051658
3804113
201879
4539225
4274946
1911907
4347106
3709557
615759
4639857
2339311
2494636
2487917
4508419
1204036
3767825
241605
3512741
4333405
3199497
808719
4834961
3160227
2868525
2294611
1544847
2302809
3075762
1584832
869777
4609822
825148
2040220
3805152
1592863
330644
1085509
3580983
1134138
3703203
503749
3954886
2013913
977351
4363251
2310358
1028334
2584071
2818645
2586660
1894258
2855716
4119138
4888456
3513677
4421769
262146
775822
2969476
541064
4729124
1073824
1145621
1648773
3824033
1583549
2499320
4470752
2597136
2474423
3317146
3856292
1656780
493500
691604
3720571
1044722
1553779
4827083
2470337
1343381
3663067
2001835
1165427
607178
4881406
842680
3399584
481931
4172118
3728865
1805000
4773321
496742
3518476
986008
164268
2313847
3765920
890167
4321512
2554712
4011881
577496
3982570
2393765
633726
418576
3774810
3547805
700300
3376089
4909343
803971
49374
3707083
4629764
1648246
4090207
3059104
4160874
392089
2376119
1423483
518816
2628808
4424404
999899
2430488
2441476
4499924
2048429
2410958
1860312
4027032
3415535
621749
4275292
1354873
3160676
2459741
4003619
1789481
176861
3719030
3986550
3600979
2834620
765107
441412
4788426
4990173
1119563
1969810
1930093
3571316
4475928
3199118
2620744
614856
1085947
932606
1763686
1204336
1556310
1231528
4057239
2940500
2873903
2181917
4621504
2737526
176765
746804
4629435
510403
638436
4527076
958751
4756818
2614818
2507981
4377226
3482999
4323829
4172395
3957154
96568
28746
4230049
2113042
3713483
4444455
147362
1485453
203275
740429
2058
3704725
4286867
1438370
77713
194492
89496
3523542
784963
367085
1018779
3666712
4232457
2336496
4163535
4949133
622952
4256812
3803025
3921940
2293944
4290207
184084
4926693
275546
1273869
4064364
3234940
2714773
575970
4339905
1010099
199601
2572718
3348320
295600
2844978
662358
3902929
2703232
2816899
1346840
4195681
1914433
3559042
2639143
3658173
1227334
2736228
1801879
1290726
3578524
1098252
720076
2260224
2050559
826942
2553109
4750426
4988090
644505
2900011
547681
202570
858542
105093
1705821
743826
2076137
833703
913341
3127163
82873
4251515
1311718
2366743
2353558
396014
2686481
3842980
206948
4881952
1113583
4927965
4922498
3875165
1408491
2550907
4981901
3763498
3006344
1090958
787645
4318150
1596614
2647054
778189
1443625
3131015
3211717
3355326
585201
4607705
1020083
1090277
4350769
4576868
1538939
2350461
1029497
1473096
2044771
606581
139670
3073983
1851273
3444450
1054571
4783907
3184238
1487920
208972
874937
3933791
3161961
4718123
4887999
1466550
1717298
1502809
2124977
3598232
3604947
1442467
4367169
102801
649668
2093628
1533470
2019080
326442
2219478
4663177
1014205
225177
4129551
3278316
4829460
434004
3674556
3113601
3481311
1256594
3300339
513832
4138094
1047034
3493600
173503
1851451
2002367
876539
2081757
960372
147745
254728
401511
4201149
4890808
1361088
4809782
2636900
3916359
4807922
4260998
2093637
3760294
4630974
3502223
3794749
1875009
1216170
4755555
3512866
1815523
2953289
4866031
3522580
2164915
4735813
142443
261709
2280597
841624
1816407
885969
3783026
1837018
3791106
2792878
4999388
399130
159543
1335771
526528
3298203
603600
4527512
4756911
2242228
2186400
3036529
2462476
4535501
2069123
380306
138934
2354718
1829661
3078192
1748533
955291
4682049
3584496
3501660
4504765
1677855
1414483
2317684
92837
4169817
4360375
4948165
1921580
1382313
1498795
3221250
3920370
345589
4828757
615286
1542407
3878306
3637820
1550854
3999172
1248664
2375810
2748042
1008553
4543914
799955
3815863
1756257
1324471
2312058
1833630
1180822
289711
966208
1494668
914798
1353882
4263611
2846095
2272659
4529879
4380501
2289328
1300816
2996779
2938662
3595803
2707988
1573054
2732813
1574893
51123
3314231
4176874
650849
4210523
2534604
2659756
1133795
3947560
1636592
3454285
953663
3153656
2453503
987012
4110842
1195225
4255623
3825187
298807
382656
2105164
1864572
1199027
4014468
4217992
628599
3062651
4740386
2144816
3601300
576536
2818211
88494
4345551
3822673
817162
37903
2732498
3119905
2302578
392178
2103664
1436866
4752
3905939
4951759
3710157
4123686
4749965
4131677
1372106
622511
4779666
2337018
3698040
492506
4539209
4207197
2329486
2852478
2337517
1812426
4631750
2863723
1927852
3442812
1890326
2869512
3130250
1478407
3039283
4385319
3076195
3961719
932080
2942435
4851593
3264064
1005066
2521503
2970094
1830360
644122
1477572
2408521
2094912
2548153
718439
2989264
593609
2747683
4838080
586072
120264
2758667
3653512
912539
236215
4623707
4159201
1490698
2296497
3454546
3335171
3823391
3175402
4229344
2852859
1766719
2294542
2292876
2482288
4420883
250269
4594063
736029
3510473
579452
909144
2469733
4395926
3355823
3345674
4406647
1310360
4773500
1822091
4754433
3191149
4769531
1811633
3916294
4719524
1110251
3111170
175709
3801217
2993737
4311887
4993271
548984
2921660
2166553
752252
1228135
282861
1778542
2618625
1851740
899863
2726549
304758
2056609
1461256
1292051
977718
1457367
1612629
1011085
4936271
1014761
3894917
3373057
3198457
4315480
660855
4945758
2341037
4894152
2525733
1203417
2650489
521421
707500
2689386
476087
1014842
970252
2882643
345321
1456551
4435056
3826176
4829212
10073
2724926
216004
734687
2184735
1416118
4648316
4616697
1309496
4113167
4131336
75670
4148615
350757
4237093
1484313
3507295
4272264
3784455
4350961
3340329
3580150
2897182
4373895
4413256
1580671
4860930
2220988
287098
4739511
4917175
2476832
4938138
1294860
1473976
739589
1716172
334406
2030387
1299271
4829597
1277307
4691379
2075780
3289936
4850702
2870178
4822802
4550190
923218
2828061
1864593
3267963
2837868
3863188
1148931
1151654
1044930
3571409
1320267
4574140
855341
1778804
4252799
1084482
4375784
2962107
4438306
1232443
4219152
3923863
4762002
3111408
2939235
3688836
572996
110152
3122544
2088816
1357370
2251009
4544552
4967047
2277420
4002778
3699839
4465972
2296842
1110589
1993431
2784005
4615936
3469684
2043627
3378514
2579812
3032347
2715335
3200056
4690662
4040991
653516
3353438
629583
861889
1905715
2560587
3354079
1094978
1768381
201417
1281081
2870594
4803069
273567
326972
603640
1527301
3581408
4040136
2318421
53021
3790514
4539133
3813793
2929397
274988
3131316
1373764
4391456
2883470
1998392
475730
3328976
3902083
3114502
3507331
4740442
4723420
1959424
4244167
352505
2330926
4218214
1547211
2207546
1517142
3536156
2935502
3505691
460517
1692565
4636981
2308005
2320266
2806950
2375673
2044851
30509
1334573
3791637
505359
3447197
894585
3352434
3427061
1018864
495876
1233235
3515093
400441
1917777
3657954
3566456
1055218
3427997
4640669
3660881
4367069
367363
1156105
3618989
2039250
1784926
3089765
3635987
4550662
4609426
4567536
341308
4208515
4418792
1471712
2058616
3165997
3141123
3492402
2179769
1103084
314311
133237
2027949
395397
2011044
4024987
3593288
3363237
3789900
2888741
3106943
3929066
932317
1113055
1881628
2835568
242969
1287493
1966010
1570361
2864488
589297
1253635
122576
448662
4309
1805709
738662
2874724
231223
602570
65309
4009132
809445
4598564
4530953
4244187
2264798
3584250
835745
3329121
933129
3183150
3330452
297226
303595
1179889
2389005
2947190
4867379
3162848
2845422
668950
4237723
2059854
611658
2933295
103820
3953729
3677818
892245
4831847
3205459
872795
895315
3360960
2497001
4385022
1997134
1372110
2641723
3837818
393927
1452150
472963
212741
3761204
897318
2444463
4460362
3856324
1310060
106031
1527460
1363526
3257577
1442015
2057994
1210291
4963818
1175141
1167124
3318860
3053967
3199262
2202639
2459956
2887289
1689143
2904728
1170540
3350237
3217511
143869
1355494
4901543
4016070
4218216
4421237
3716306
3609541
665986
4601747
3077457
2907332
1843832
4508395
465747
1626064
1943203
2386236
2070914
818487
3347627
4894850
1778988
1154457
3703204
4925701
1759415
4429492
709600
314122
3602533
3161447
970102
1175817
2231482
152595
4201892
3821558
369968
4353898
2342959
3807734
4641619
4191723
4334177
713035
3674792
621770
3261921
170823
3926812
2492741
4313174
3194885
130243
1306878
1815666
2218033
1241821
4246399
92387
4330675
2227864
148469
1749484
1614602
444715
1244696
4675521
1655963
1803617
2869114
4267651
3511589
3447465
3265989
359975
352453
3291316
2703532
1460081
4190729
2811148
2990163
619280
1960555
2156222
1409879
2608438
4457374
2549825
2212743
55052
838551
1574820
3125957
4974060
2784738
985512
3332040
1509520
2023982
3261808
4318181
4260874
2595865
2832970
3808643
464803
2555714
3638856
1698748
1701528
1227364
2599222
1214033
2916573
47579
2881310
4316452
4293499
3449448
2012712
1971925
4073360
4912377
21441
3923577
3406404
109822
503645
3092208
4449596
4540978
422069
1198009
3937132
4544888
3005049
4236888
1807005
4312530
2656690
502840
1610117
4293475
19736
3015812
126417
4881720
4831077
2976192
4140339
602217
419972
96008
282727
2487125
2893437
790744
3023117
180490
4628248
4077442
838252
4834154
1882052
3507090
3601338
4301577
3519101
3421229
4348537
3258272
3086961
767935
3401786
399337
290098
4689644
2578644
2899650
3639194
2485622
2628450
3466412
483122
513403
2913626
3386659
4283141
4428267
628993
4370537
4905952
229557
3929376
3827015
2159957
4162103
1055382
2429955
721463
3478074
3122636
3595053
4228538
4039348
386165
4883319
136694
1932210
1880272
3932207
2505570
1152595
1185806
3923473
4101606
4154655
3612142
2615194
827323
2309191
2304236
2393184
673978
940503
4868088
2461471
683798
1335169
2957301
1027492
3385276
2984691
1095486
4211836
654911
1299283
441960
4237264
3837081
1046368
2295319
1654435
4064409
1988359
350435
120730
4781510
2841165
3930962
2828124
1686607
2433353
2162363
3431623
1773910
4438889
2143725
3999133
1882981
849559
844370
3095898
3362790
3576718
3661230
2057309
476382
3904315
3803383
2469284
2205055
1333679
2516826
2556790
1752540
2165683
4063283
625783
3023370
3216988
2837002
4843642
2279006
878876
2431146
2579470
565957
4213000
501781
2960002
1260130
45105
704492
1004777
1432824
2877766
388355
1467916
1685013
1825045
740108
1383876
4127483
2958300
306259
3268208
1273044
2236808
2797478
4776061
2920615
98828
4845857
1546624
1648203
3655476
4752873
3166633
1448158
2872286
480069
4910340
3510763
3794388
1038899
2579709
1853541
4506195
615231
1805216
2495838
4062549
4503072
2958532
2577448
3680547
4459522
4228597
4613411
3118467
312937
160988
4223588
1231811
4641013
1304847
3912812
556537
3602884
1261247
798221
2641875
4051637
4777397
2179445
2880843
1575941
4815828
2619169
4243686
3265858
854674
3800964
1230731
119430
3213679
2648241
3278636
490365
3726899
3622842
1706869
2759347
3141290
2674302
4224289
1883917
3467487
793350
358694
840949
3055552
638673
2523791
874977
2017793
804741
587103
4677933
1480163
4249788
2683683
454448
473498
4159292
1865084
3803668
1294228
251103
3203251
1580208
793379
30485
3873335
466214
3839805
1635140
4283569
3883939
4810632
4257523
697657
1349982
2853521
283046
3260363
2991581
449823
1840832
1098510
1378517
3623471
3704248
1879819
335675
2362160
2233069
482258
293777
1125989
2012808
3330475
4878614
4743036
38619
3155878
4082157
4146163
135230
4413897
4483619
2336395
3734110
630321
4327398
2686303
1883395
1428374
174209
1976500
2576713
2321628
294319
1644090
2403773
4480564
2360845
2640339
1115664
838156
4079508
1167428
4006993
902734
565998
81134
923173
1455751
830942
1996568
2468967
1824105
1191909
96756
3252924
1420789
3968831
3808255
3236204
2694618
3718067
2269520
3555514
2490016
3912666
2973578
4057980
2174310
4347733
4991774
2483091
3287547
3345651
4204745
3697336
29475
3633608
464808
261888
130132
3960242
3089745
3114094
1283889
4439048
4408801
3417660
1438500
1839897
1554137
4536134
625621
4739642
2103125
3383735
2191661
3742550
934223
1021953
3004604
4749040
2911467
3403280
4604318
2882788
2189957
1020948
3846295
2511904
1933768
1742822
3910274
1456808
1846263
3459461
3283008
1811156
4914117
949221
3439750
3833819
1798501
3112140
3427978
2052564
2102654
509747
1111419
2354778
257405
4704163
3605910
859026
4368270
3589418
3174872
3252229
3884992
2309820
3444929
103073
1394358
2101405
3271608
1698889
4711219
817537
4648261
1663376
3882126
4769714
3751938
2527498
2369358
1893502
3420889
3492306
63785
224412
3611150
165178
1644965
2923202
5560
3760101
4739318
4804261
1504304
1260087
2167667
4137315
4179600
4009409
2089420
3851144
1403600
3301675
4227437
3503215
4035336
4515272
3931037
2820528
1480412
1295320
1934558
3337133
4601420
2552550
1920382
4552208
3879462
2813271
1796011
463934
222260
2911711
3000290
2272464
3761852
4341969
3218417
1662281
332016
2135174
4340548
4357917
616661
388290
2972937
1640963
1570244
2184307
4026591
947954
3290283
4155899
1977294
3282425
2869334
4977633
4746904
4781864
4440007
1731310
3747782
1065607
434079
1618068
3994295
4989430
519631
2063466
1415506
2068166
259127
2360436
3302685
4520942
3002825
3450239
1221733
4788188
432208
3943553
3742427
2978880
277943
4153052
1477074
1490126
3289594
4553223
3472718
2107754
3042723
3501490
221728
1757940
3039846
236336
3808038
4185709
3068765
3967267
4806312
3958480
4572838
1005859
1103170
3667641
2989281
4214740
2989475
919411
3292752
3374538
267680
2282368
2231388
2358201
3735052
1938910
4004322
4172164
1990842
1613218
239201
278115
1173958
3041068
3454825
4057156
4557308
2198783
1912915
1505033
3764503
425698
3661660
26777
1724236
941412
1416533
4656370
3040595
4871579
4334647
2648926
3739508
3255444
3092446
1398569
3062925
1774894
1995480
243956
114028
2881575
59751
378697
4011943
4165882
4646806
1409153
324644
41665
112021
1345605
2710386
4068828
2137188
887554
3201902
2979839
1128310
4901311
19070
4201755
1817184
2714663
4468041
1610497
1284514
4514394
4636345
1113974
3385823
4157548
1995165
1268427
540036
3175620
903010
2165234
1190061
4835352
3479120
445035
3195498
2325856
3917396
2181824
3922959
3351319
225135
1728263
4604810
3699799
3152685
2877979
4500331
1592477
1329795
3269581
3499921
2288178
4975866
4424741
59409
4719825
1298225
4818751
2211041
525953
676537
3279841
1620158
3277760
3290001
2064883
3232084
1737444
2228326
3264979
4255746
3169931
259673
3712694
1941677
4055001
1209907
3696735
4712652
3697068
1413529
3461158
868142
1891302
1020449
3912357
2305042
4107976
3166631
1316286
4015360
1782918
4122541
2647546
4209601
1271162
4615662
3072303
320981
4630561
1361202
3385673
1785285
4201204
2385161
4413832
1647887
1829203
972548
3089239
1272289
1287397
647784
523795
410965
777831
409815
2580369
4650695
2264233
20354
587880
604991
2885345
2990222
471161
2131954
1273152
2859301
161010
789814
1203403
68908
2683650
2645690
291146
4551122
4351756
5789
4318882
1648698
540718
865096
4947809
3143253
4771376
4647485
1788731
4530219
628164
1301552
4038872
1348136
1345101
2556975
4638764
2247342
4253343
1656989
2261414
4182495
31943
3884711
2085734
4286979
545185
89385
329861
3241881
3150268
1795871
3821698
253514
2386090
131017
3091537
4471196
2960199
4394977
2697652
4444640
3913418
2784357
2202951
4589917
1752485
3403858
4080595
3813207
558558
1695928
4075399
269602
3403212
2005786
4370395
4087672
1020792
269577
3125865
1771786
361435
4249214
2304647
2905442
1664228
3317228
3810491
3838293
2173599
4344557
1971877
2296179
2047683
4368547
1482361
1685590
1183669
3641523
4970080
3912702
4818852
1629388
2866694
1821210
1831222
3474098
4325928
4202465
4121265
523773
2111325
467381
3935108
506955
2863344
3891838
1683047
195591
3074135
4231544
302094
2239634
4754145
763837
4616011
2319801
1006271
3558970
4123696
4250526
604033
2258416
626573
1838663
4107797
690
2221816
1799703
3954936
2713326
1539575
2160401
2717824
1692964
4172972
3323586
500136
3279751
4420419
945607
3479711
4070375
4739639
4152502
2161265
4224352
820995
4381248
4770039
2854596
48794
413295
3748939
3300214
4470528
4270390
3941078
2844857
4319882
3854445
2602547
4247129
2858760
3168065
1569788
545965
4816517
237262
713585
3747500
773252
629084
3308805
2653417
1514115
1267221
1198838
341050
2229256
269583
4892135
1425947
1735353
4889404
4099078
3794926
2284045
652068
3174568
1230034
783404
4076629
515099
4845501
2608989
1555197
4448056
822109
2552743
2782393
2045487
4246988
2473173
3970664
1480463
3777532
1327689
199210
3564637
4518163
4746383
797876
1562661
1330182
669982
2071394
2937473
1708720
2051694
1883349
3305286
61942
237135
2349465
2116100
1419046
3276819
2520626
4528593
237119
4822776
2379394
1313563
1648438
2382268
4408425
40066
3936388
43367
654367
3846642
3938893
544957
454410
4860217
1600524
288723
4290348
176369
110422
567520
3079806
4183196
1477436
3218157
4875788
3879017
1641417
4100613
4459144
4823747
3704079
2875863
2233222
1823825
440522
2359375
1691130
1164819
4559784
4516037
2245007
1995330
4664868
540762
85191
1830748
4082679
2254407
1735636
4588856
3188638
3050494
986943
2400427
2472047
755252
3671551
413504
2399874
2033933
2367822
2545585
3377590
2631697
923118
2436909
4823060
2746528
4236109
4269918
1120343
4013038
2699490
1380501
1732673
4509782
419996
3022218
1511317
4473265
1168285
1248
208683
4562501
1070333
771661
3212866
3631792
3022675
917483
1278705
3754906
3067965
456483
2152665
4200479
1766846
165608
3571969
1118568
1834502
782702
2638584
3516824
613568
4761702
1608060
1963074
1258319
679897
4004484
2773493
1606177
2197160
4947613
3808246
4805585
1931851
2211627
35323
919121
1706437
3097575
419941
2209094
861460
2883649
2436058
1876831
3363530
380876
1089665
1161136
4840420
4029894
1920883
4145693
4780340
1285215
4683891
962677
34084
4940230
2931666
4773553
3626999
3676429
3132684
783452
4425767
3785624
4155449
4784650
532761
3140584
1525784
2250516
4854816
742420
4294612
2070108
3577547
1498662
4532421
1142603
1886670
3519896
4043826
2013497
2038192
3058891
763611
2620063
4505696
1631483
3526343
1502615
439269
642266
4961548
3226939
4965933
3567669
774263
2840875
2258807
1591042
610972
852831
1865877
2376844
1769265
681973
3241205
3083948
1468166
3710284
2995162
3209555
4233986
3014567
1622547
2659592
534885
1437215
3332427
1623925
3398549
287419
2467459
2993977
4446665
1473612
4647120
4935696
2213750
2000347
4540345
2863444
2738638
251733
1617807
2157159
1355315
3352178
2006762
1008669
3300824
449680
4064276
1285839
3939422
4911377
913056
2327025
4454290
4692009
488319
1227925
1202657
1400195
4896570
4797568
1204600
1985899
2697665
3598193
3229133
482759
400334
2822685
4075924
2985069
3063258
3387785
343672
3197344
167245
2050066
2440859
2966652
2066982
713598
1085216
3626968
973107
709390
3044231
569185
1444309
3810190
1728012
294310
2804725
4275779
1530657
4046416
4805461
645965
1894709
4093889
678938
4820794
1837413
189657
329405
1838593
1531664
2857399
3545296
3226971
922837
2584292
1442204
22996
1076569
4054709
194822
2576613
2635312
1136201
655012
3856842
1220077
3709483
34087
3584774
2620899
1607816
1164387
2218859
3495807
3914954
2168625
2626669
2770435
3479964
4244494
2052874
1267345
3606128
4952521
3899861
457026
481502
3283146
16410
926599
2072517
1889630
4748450
1693437
3052462
3977534
2160449
4251375
3493924
3566699
329397
318259
1815681
3429455
1949631
1125911
4716571
2806303
4140866
312329
4967860
2295850
1850403
4624786
2904815
3600103
1384430
3002229
2680463
2201055
3070581
2287536
2929168
4666936
2659895
2148802
3396036
2061652
1724534
4641114
4884397
1476547
1576950
3046029
2554464
355194
3019178
3309454
123146
4987663
4369351
35136
4819784
2916548
1638926
2527646
24766
355185
2318455
828512
1087340
939033
1970238
4251099
963324
4563138
3782286
788502
4338424
1249389
3189818
4666905
4189165
2778712
2125687
1155933
4849960
2827312
1584549
508110
3178447
1237561
4648344
3504070
4947964
1212623
1520185
3049248
4376831
2979614
374442
4833569
4814309
4323065
510329
1858539
1151738
2745203
2956115
3793328
430785
1955142
1074223
4888459
4278994
2593255
4010054
1435419
2313688
3688302
2180995
455764
936234
4561663
1791109
4871962
104975
988424
891067
4532572
669846
587372
2987772
1768945
3835314
4080488
2683339
943957
4363092
4400513
1965013
4305957
2990532
4948160
4677652
4059158
4336681
244252
1722027
2348220
1019776
3287883
2151909
709009
4837245
2629108
2316988
3069061
3326220
3232301
2335762
1051487
272335
414442
441833
2070048
3270529
954031
751052
1672409
2050458
4793161
3924426
4920027
124043
1326750
3049679
1481259
2631780
840257
4738066
3205457
4462197
4448336
3025893
2449968
3582994
358373
2519076
2623457
3721464
4014461
2738960
1269801
2430034
4006957
2903604
73845
4864806
2868713
3664575
3215784
4338542
2916360
886369
4588601
1031606
389860
3346475
1307861
3598290
4776549
4377723
989324
4846466
3901546
965403
1755550
3354549
1575450
2918821
3848316
3317382
499843
784306
2416700
2146431
4952512
3785101
2963750
2984026
1829600
4267867
913081
224388
3652982
1410901
4795493
1450589
3908247
529551
3245129
4377760
2468986
3601600
449652
3661029
115516
2451992
1373401
2618439
1771879
239887
1349890
1294144
863662
4924128
3977929
2100891
3508444
3732269
948788
3342337
1713813
3341537
908112
139184
3830340
184826
3891094
830947
2436942
2824338
1532350
1188721
4465279
896932
4335844
3934426
1859918
3601857
1503589
2039367
2264353
291049
4895410
2043466
2700561
3669452
2939788
4878512
893894
2790786
4066652
2139976
250689
634909
3725156
2167511
1045713
2093100
2037544
1866522
1640924
3855495
3957429
4313272
2470926
2998497
3653122
2681852
2323693
3415494
3816527
3864802
3952275
520722
1554518
733365
1699545
1674229
1894806
1066162
2010779
4091590
3455703
1283862
547920
475648
1957668
3982596
1387027
1679392
2419631
18188
3746387
530135
4419204
1987358
136795
984210
1718641
402953
1003789
1966566
3353864
4377530
2434679
1949074
4263382
4740383
2252684
1420104
1232331
1707979
4568441
2860042
4678140
4014658
436578
700878
2504641
3969394
3441946
1094580
2898893
2435330
4596070
3773544
2826484
1365483
3318275
1205401
2224160
4574298
2621081
313062
3178649
1010805
4567265
2112167
833838
4578909
3565240
3766691
4828011
697624
4182015
1581760
2581611
1668405
4015065
3850035
3169150
3132310
2127641
2643771
1610989
2999702
3105911
1440744
859716
233021
3390705
2321647
4778857
4367654
2289575
1716844
1889912
1953431
3174476
3588744
924822
3262130
3627691
4546177
2653043
219830
1935277
2925440
1084633
954208
153411
3923240
2939583
723199
2429703
4335116
2384470
3524871
325697
933844
3130794
3145494
798251
2779531
526815
3909698
3623736
2228632
2223040
4936989
1979802
1322999
822853
2049298
4951890
4709719
4038162
1042214
1207949
1948660
69855
4439304
1344459
2337557
858884
3800612
3842161
3946129
3728936
3184326
3898338
4792217
4503755
2217421
4221163
1851362
564420
4810356
1385231
1493170
4478393
1560114
159444
3188771
2220716
3904852
2758544
173404
3211034
143400
3686570
1156410
3264536
4476977
1292986
411730
4217050
1166629
2256543
3023653
2111590
1090862
2297770
4241915
1873398
4578810
2834079
2631604
2088186
2613607
2618921
429714
3188514
1706904
3647197
2656944
911175
4632122
3742820
3772005
2860022
1663452
3866582
3861675
154257
2200796
2124857
4757803
4713977
3160001
2137995
3184473
1330360
1024841
935808
4568261
1757898
2434642
3639226
4228177
1373085
846864
3976957
3286944
4735106
473937
4351438
3359036
2998039
1289706
1949891
1976418
772537
2112931
3828593
565201
2427129
3655601
4205525
643756
480131
3144011
3122356
17344
4975904
2412256
4378280
336716
3596204
4224254
889883
1209349
1771666
4043794
976637
926663
1953401
2300082
814810
318903
3390802
4365555
4029632
1115553
1146909
4557115
183845
2582530
53009
262947
430669
2083615
3708594
2333940
1369914
2222224
4468311
2198621
766457
3340986
4917718
3217309
4048422
4231251
494730
4933415
157881
932747
4512979
2458709
4023527
4944278
553524
273730
2817390
4183730
3421028
2007713
58151
1448664
1380505
3982563
2310152
2233972
583700
3842058
3661395
4210684
620886
3931111
2881402
740673
4817556
3798147
3580690
3762402
4271103
349280
3836671
3240076
4150559
1049515
2141507
562013
1231624
3001759
4954268
2562072
320966
4727639
154208
877906
4632414
3104590
703594
404790
3295026
89870
546834
1966387
3039369
3788749
2161596
96886
2628462
2011127
4722979
2783980
4438001
2472195
2933739
3572226
4801474
4462153
805083
3011373
942853
605606
1638627
3952162
324868
63907
408366
1694481
3068372
683104
687517
1152043
4312417
2288430
4003059
3177754
1510594
459648
918145
7777
4121750
3282566
1402330
367137
3417211
4152465
1995732
4447343
3914986
900198
2099250
1872005
1224072
4147898
1604107
4405723
167185
3847030
4976482
385091
2817422
4737626
2891201
3697271
4867391
3621640
2136429
3990838
2368013
263473
1573141
2830864
2431995
489232
1381862
335784
1372164
4765627
4242143
360363
1707485
1350481
3603308
747744
2445059
1792170
1777268
4767212
3310140
2850514
603956
4338267
3750922
395663
4961965
3954850
1768721
2184488
1357269
4821301
3814264
1952010
3121376
2400911
4562418
1614474
260653
328211
877369
1745611
4433384
4769692
1304701
1981277
153969
3279237
2494607
1277279
203361
331687
2709002
663638
253537
4239356
3301433
4017231
2665232
3927519
3849590
4228815
2585161
3440058
2229341
3068769
1051055
563975
1183654
4199520
4631175
4147743
4375494
4239001
483211
1412375
2191701
2406108
1935154
4328755
4542437
1885374
1344568
243121
3585547
3583762
4122355
4662916
711483
3469518
1960956
399471
4492656
2818012
5590
1191560
450797
4158322
3541795
4827482
3480810
3825903
713297
4260950
2832924
4785597
3146344
69136
4991720
2061595
3876402
4146249
4319634
4149617
1885390
1507742
3548823
4203355
3013595
4343877
3464793
4986392
885125
4683326
3364990
847566
3433531
1591641
3160004
1838927
3167007
4197467
3061192
667413
355757
4105300
537383
346323
4916227
3466742
4106952
3111571
441272
1186492
2939225
4851019
1332669
165384
428949
753703
1861412
310470
4927225
4692
1323436
931488
4422960
4067236
3632315
435665
996676
2095646
3526872
2811490
3411737
3242993
4881471
2429875
1903122
3170117
4240433
3686271
1394443
3738416
1379514
3097403
4544220
2427635
3443425
3261253
1565421
2338454
710292
4757012
4309976
458451
1777618
1970135
2942818
3958092
271685
4997454
2449754
4751296
4023679
3819703
1200059
3791266
3697649
3335930
2648699
2673580
2967954
3377545
3584861
2257020
1034603
602126
2402805
2150109
1757928
4232773
1309676
3214779
2315171
1406641
3855679
3448035
3980026
4502036
347665
4609606
4855571
935942
37045
3592347
4335761
1694259
2390015
1910538
1151155
249568
1889968
2760158
2166703
3859367
422147
4412803
4187527
894723
553055
3593754
691567
1173030
1331396
4382255
1018382
2349506
2806351
3888123
3524020
2136104
3385113
1119957
3563898
329479
2217337
3664514
4828502
4878945
411645
4303106
2859524
4581468
3533108
2186431
3911126
140502
3815912
1364168
705339
4125400
1448136
4365779
2296117
3584920
3496269
2807012
3563230
2349984
1271029
24849
3851840
3708336
3733940
3748616
33679
2124414
2883932
3856830
1068633
1302050
3391671
4567614
4247839
4321737
3705519
2788813
4641024
3401888
16509
4165819
3204985
3502218
4940582
3121849
1798276
2717746
3129930
4909566
4328587
2418692
1676958
3781924
4019310
2858335
3870421
1674274
2252240
3181175
4673869
1472255
4962330
4518401
4495139
1811779
708925
3405759
1799846
4226860
1421211
4248393
4455162
2901352
1128142
616492
3123279
3901532
3562624
1007333
2199733
4051547
727532
217355
1921095
1906134
3770366
3305484
3294808
3302154
1994782
3803944
4151309
2648434
2994932
3673221
3079365
2484158
2709593
1748914
1800822
2563292
4493255
4184957
4103347
3052480
1803993
4057766
3261460
2943716
3844683
4049003
3742450
3799048
3951451
4389599
789428
2469133
2927089
4579226
1593783
2014513
1714733
2044890
4285528
4169606
4168063
4334800
1196903
1952181
1138815
2167895
473111
2400537
2762852
4708329
4686168
3565006
3126912
1652290
4631390
530099
3555059
341056
46413
1023963
4896302
472835
3452956
844600
2069136
3816565
4623051
3666969
3281070
3902928
273032
640454
1290026
2389567
503717
4237044
3623900
2242465
4239937
1450907
1972044
1447249
4622850
4345085
3690449
779655
4150855
3147947
3973219
2546107
3416007
827349
3265880
4647094
35400
127399
2677009
1215600
113454
132692
1555076
3133043
4442300
113586
