10691446
818960
11651083
22819791
17544535
21233917
464155
20643922
13322451
14241054
7096393
5218145
8199934
21100249
15248553
8532166
3694359
16555965
5591872
9037686
24363610
5535518
2532932
22056949
18140841
2540426
23006038
16114813
14625784
3529800
4054832
2340912
13587191
21196171
8551264
12506269
22566128
16349493
15463715
2154873
7202610
21974710
6357252
8691635
18427153
23098521
6775834
20309509
15959111
7197143
3120463
4373012
10027853
10721130
10759007
18630462
111590
20925335
12753177
24462677
5919774
22607760
10489676
2004469
3028277
15652803
13089161
24892467
24575906
23473701
12384338
9523192
11946793
2698630
7871413
20991381
8810538
20782159
7312748
6335513
904094
21642805
4616001
15644022
6019054
18288240
23264932
9540297
13304238
7497307
8553207
24677698
590212
7733149
23942132
6217491
8559375
16854038
6884007
13947014
9002852
17973326
10608183
13417509
13558811
17724334
20929235
11645382
16256808
15050183
23634042
4109285
8313923
23970776
2953354
10119499
23581535
14449288
13177675
76522
19616487
19908063
12826650
15134828
8912071
13041606
19841058
14701147
8627896
3141135
6176805
22718064
20297903
2999061
14958953
3811823
6731207
337601
6463134
22659599
10671093
625459
2823790
18048012
15049314
16910706
12858347
4431556
1671087
13866351
15779825
14980431
24767835
23343902
15031575
9693271
11988360
256766
5514241
10622785
679030
24205888
9938906
19817223
10165672
3760073
1293540
24681152
15099335
7842756
24950686
9003851
18156147
2709624
6982687
10451454
23254258
9829903
6375515
7255119
14705530
1669658
22841951
18530509
21868698
5228930
14425184
11523318
4954747
4230241
20429414
12875590
4540219
2159839
12212036
14216975
18749554
23414991
24031700
3717166
8926504
14420321
24939060
9763921
351960
2493392
9377659
3445308
16260360
8486240
7001053
7427983
692079
8577664
22290832
377173
8158812
15883356
22428152
15806808
9157267
21276745
10467786
23805534
23673333
12161699
6639791
22447100
1223893
1620718
11845189
21526659
2464808
23072506
8087284
13614935
11349042
14799824
20804485
23189835
10242465
169956
24609300
9188724
17621311
7762834
21492176
15810388
13972008
3314850
13699534
14534123
21200103
19901181
7787557
14139179
16828483
23110963
16107061
9314933
15746619
21297906
10299862
4631327
23477446
9256363
1504016
20257412
24420076
12646039
18231710
17333247
5125489
24909183
20350984
24256907
368241
5969008
19260759
4374253
6481040
12567870
16312636
14274631
12012280
18242825
679740
21156244
15993516
6939348
8009104
2252019
6807376
4477591
10457083
22582046
10740095
3965198
17211099
23751274
374546
3282244
23210532
3175095
15138639
23405775
17515418
8974887
6175158
2103199
7971865
17222075
24808807
17356677
22021183
7941924
23665994
9047637
6116007
12753138
23300781
12086764
21998296
24155269
6616417
3132359
6386692
2552809
20652622
20276582
2887379
8430458
22279672
15663060
3140678
20234445
14223349
8309673
24097332
12409270
21566718
19852073
415566
17815812
23207294
18096955
6017200
16669634
4877293
20034741
6194092
1985420
11689435
4410623
712880
4367452
13178597
13804487
17383702
10003233
23899006
4750460
13196168
23728737
15136954
5994567
22711327
2457127
13542786
3728425
11985596
798120
18547499
21250542
16155129
12028621
5689565
10463649
18619227
24764794
8986551
17618729
11356785
6709026
2107471
11339458
1120842
12012723
11585185
13994159
2297074
17287745
2820298
11413531
8428850
12898308
13477361
1681632
17392547
21808789
22872783
1379902
17319037
21830444
12837600
15074703
18649739
16935559
19459252
2531387
21683874
23346126
22391200
6710132
15947694
14756466
20216190
8777651
15730121
5183970
19063585
11123166
13303119
3703856
23095236
9770811
23627625
2871740
23332525
10812281
23986981
12628565
14115547
8868163
5152345
19457794
3703157
13103352
10469524
2283454
15298350
17498802
14741346
4541717
8788249
13433568
24510516
17717024
3116744
2232261
2745850
13813563
441316
23934459
5892774
4061522
357176
1387150
22123650
15687405
17540927
14490530
10815728
18312325
18631462
8188673
3334895
331205
19322986
16878022
8636792
18887089
16032493
8466640
18751968
11059172
2977430
19327198
19467309
18435665
12963028
18465245
5240445
20482018
11028975
9525594
8644654
16894356
10975333
24179841
19058817
17818307
16964448
17499868
12943029
23944378
18535672
20350275
22399043
14949140
16725047
7402660
15119479
20153479
24827296
17484255
6682498
2852638
22152574
854014
9346270
21045177
8218547
17518048
15150066
6364332
9959281
16653625
23730592
10312519
14792379
12856261
5772947
22998327
1266586
22580364
5329265
15325147
19309839
6670507
14455383
7670709
14275262
478651
17926617
1544
16328361
20924007
1754714
10014480
4734888
11244996
11756183
18162342
19221024
11812753
15814000
16210688
24134557
24256012
23234700
14984784
2486802
19577518
2295724
6688701
7313651
24113953
13932974
8371968
15887710
15157570
15639254
13433291
23985549
19140098
11058225
20997210
10622385
13544246
2874355
194727
3772237
17753182
24118677
2854500
4593172
16180104
15803433
6689785
15834698
3489738
16166126
23167573
10680163
9205431
18488878
19644491
17934115
21880754
10243470
17103579
7840802
7517485
19597282
10638533
22725550
7445827
2823512
17255878
24214155
19943242
24815735
7260914
1412309
5595320
1088325
5112309
7985858
5730814
13123537
21126941
17249277
12532353
2271708
7446655
24955469
553160
11030493
24547066
15327209
4528800
5502922
18109679
3180368
14102583
61881
1693176
15727120
14044193
15647999
24986873
4966753
10224398
10214196
3126356
5741396
19954754
23447340
9118336
19204349
21070734
16467230
10475951
8408805
8500035
13889504
8018702
20482378
4149918
4341635
9893404
21881586
1519033
6997789
19812846
9919981
8196086
3628124
8714389
518287
16330816
17120866
21706850
12178033
17509759
5790654
6710379
19960661
14530279
20692665
21363173
6630349
23312995
16506443
19241998
19026368
7475761
4812057
8230290
20590974
21664019
6602065
24207038
8914041
12631644
23607610
638654
4069908
23872248
19148587
17836105
19861335
21792907
17818929
15880844
6590418
17937196
13738832
8073909
2568871
263833
16520757
13950068
10659460
3718338
2922776
14419529
11171260
21716461
24494054
16165078
17881066
15459355
8472982
464601
3666845
1672621
12635517
24812403
19651447
2681186
19561281
23781209
21953547
2891955
14023729
17351952
3658244
17454046
13705689
3131142
19324154
195571
16303542
3585833
19235273
23977999
4479104
9842559
4534138
9381084
10078567
22681317
6831801
14311213
18797577
22344701
11630129
23138151
21403838
15809113
20988871
716236
16940215
11683865
16479959
9955582
9794797
15122852
23820769
16551619
21309772
3166308
14682494
22566898
11945312
13240947
16993798
3972027
19663540
10425931
15472990
21594729
13869672
3715855
2524214
11896091
17247353
23862245
2245858
21040551
23898155
16156362
6711458
10717449
22389686
7923202
24406068
15677691
3116905
19701690
23568787
11130669
4811910
1954924
5325726
1632041
1276267
19713820
6819951
2872689
12555128
14647057
5207247
11896664
13431704
273156
18695458
20890298
8024630
4692924
22936436
6192635
19709983
7084725
7770194
20378360
22611245
24696136
17987994
15482275
21657254
10616808
11629957
17911624
10466828
22094342
22928244
6760129
3845492
1535964
20094424
18566026
9032017
14922998
16365721
19581654
21274169
16249196
19458555
24606902
14837898
17245835
16391060
8934067
2493028
11504354
23520323
14971679
10328228
14586501
21308343
22091519
22572318
24490005
20071436
22382306
18955193
13300062
74490
17211823
23703027
3014218
24065904
4296813
279736
2331147
17938111
8523945
12598606
3642303
11532225
3294891
14415503
18327691
22641080
5603973
21091390
497006
9824406
16942054
9123625
21273168
24233629
16117592
2819502
20105335
13170260
13847243
23195488
4977750
4328451
6467915
6684702
20087180
10056163
18497310
1177688
24686664
24079060
14715028
8875856
12614252
10668027
12999087
1671273
9256368
20787372
20749108
23754942
8513824
13567096
6381562
18725357
24899941
21921480
10469736
6112423
2271695
2105169
21624397
2209986
14319717
20158806
14963086
12105728
9575127
5437184
288965
6056985
12177601
297024
12679096
5775641
4158962
11725963
24414765
10861869
7798394
24061895
14441414
2301291
24991096
21048251
8336234
1358996
5360477
19984507
5051681
20019953
9431241
2658056
3783502
1256707
17632382
17877622
22488906
7753874
4005197
6984246
6181967
2726539
7366825
12102733
1613790
16582784
22109850
188850
20776063
19328893
16616468
16538099
13408800
10806314
20094275
20093094
23028668
4135989
9393491
4335902
4619825
19211915
23726701
22416171
17419641
15239108
9809295
9644962
5645418
12452041
1635364
23363071
15698310
11177027
2589795
23854424
14294782
10714968
22956146
20043576
10541426
3185599
3183555
7896766
24635316
10107779
9232970
23447083
5470250
2744558
12001372
22650106
5968105
3038900
10692868
11357909
22199338
12959474
23096808
5695258
7043382
23199160
1182687
4924083
11043395
12091273
14229100
20018081
22814086
19041603
10047788
21070413
14604876
5022987
12509904
9038843
112493
3253725
12148277
17070862
6227980
15865988
24481558
257817
15317546
9955786
19929047
22840509
4537761
5027029
15880103
22878197
19168739
17796213
16715414
11018683
11750589
15761694
2455938
12683883
22829720
837764
24187620
5755671
14973652
12894475
14966537
968513
3302504
4577594
4759392
23725685
2152364
24010731
24533748
21442305
16861493
10764811
22774092
9056619
3346083
1777603
13092816
22229519
3473969
4565495
12465047
282920
19438664
6419686
22431796
16725263
16770124
15502519
499279
742845
2413165
22522063
5720106
16695997
1204882
21161425
23269972
21916979
4160104
23769615
16209473
14271251
13977225
3552166
15502755
11636159
13278932
10830367
2657674
21460010
5526008
19138233
21898546
8058511
16264641
1244615
19654642
14266994
11632620
20675561
11269032
20519525
9020700
6105992
20811139
300185
2528004
8820335
21878218
1431395
2778934
22372664
21858363
13425145
11504864
21779028
19463729
21721532
12409312
3998143
15215637
12302520
12339928
11901342
3957807
5552202
8677089
18033952
5455652
3636207
11883769
4358294
10799837
4886399
21138913
6201134
12957888
20872048
15458813
22821352
12079864
2175285
1892327
7557523
18947845
2908186
17116969
8696549
15934821
12770824
12549767
14670514
4999640
1522925
9968077
1740689
6002930
24292107
21329208
15028428
2987960
4960178
11039179
7968784
20091804
3416982
5748343
16678775
16268962
7342577
24561189
3067635
16322027
778260
4835170
6457739
2897030
4850007
1663785
870457
12142190
1238224
19287970
15706300
24349732
15392471
3557820
18593044
20498764
11114497
4069985
20706984
4826131
16337943
3784968
21593057
22502758
23395323
22179311
24558485
15836264
1148406
15924700
20090116
20377064
16344502
336787
16558389
12117880
4877187
7572345
21017851
24716256
1335311
11815283
3239212
23079297
759654
13510034
11301736
20830287
3442726
12346989
23261470
18001792
14721234
7948727
7879852
11230411
19416436
15560435
5857635
8199029
24663218
1524805
9012979
3538092
23286848
13524566
3510475
9506344
23173356
3863764
5226256
8968586
24505007
9960888
3778848
2077784
24794555
19495542
13390999
14417038
5443922
23329354
15922650
17022436
14770237
4862970
4805793
8379778
10906542
8421379
13984815
13715029
5156765
22497482
23693471
5435271
3750739
14565602
10148885
22827855
3665108
1843505
8354470
11658446
8280850
4620471
13022916
7585700
5269864
24359612
14713334
2647854
19184478
13549964
19883821
19741545
16943360
3704553
1722528
1259561
13191086
12517315
13337014
11515848
15531682
15538694
23070187
11651514
16130952
3122370
19344739
19256646
10193780
6951050
24198198
3572072
6206744
19264855
15882966
23134669
11820916
5975117
13635599
10265372
4802020
14800619
9185184
3227719
20415781
2402319
5252515
7121536
790499
22677720
9769342
12121101
24702175
17066401
6196236
2557300
6156922
606870
1238425
10533141
11765350
11140060
19466115
6063039
3192044
10637934
17248568
10415407
14857631
12322914
21378506
2697166
20961925
909952
8809354
10847043
802029
23259590
6459966
3092270
21466997
20761091
5753319
15501513
922633
23627865
16098656
5770518
7193042
1495607
2025495
24175506
13993798
17513240
1397929
7669305
8589261
13888654
22616227
8123772
22549739
2706573
15380162
22275140
14298164
13911746
16413298
5418788
15559282
3678609
14210822
24565141
14682172
9525574
18218961
10553440
20365193
3259649
15753557
1819046
21472069
21278677
12439610
4342858
14043854
12006781
1643894
15878707
9577054
20551917
14442257
2445749
23466023
18776820
21548641
7066625
22413423
8152188
18474825
11239166
1495886
1384700
10922214
9458999
1746683
24105010
13529975
16607701
563194
13865866
20342767
22520447
18110578
17390698
12137426
1742418
12327640
12436788
12492629
19045893
15327349
13624135
13714196
739896
99305
21546018
21477861
8419956
733578
22599800
11710362
7901032
8401134
21126059
24962918
24483332
3327137
7025200
2220398
19742879
1076816
10986531
1875939
4981330
4460832
20607213
23528531
10049755
19406318
11215879
12532521
4236869
3557655
12226871
21338078
2449281
12913941
1362266
4026533
21444617
6684339
6249295
5498479
21914994
8007019
4211791
12855614
919946
8005020
21769927
2425708
13797858
22842351
16657242
15239952
7445026
21057951
15557277
5880436
2154469
19720244
12471156
19267330
1548409
15600836
7360453
14802182
8465891
12170049
529364
22910925
3649380
4958865
14780482
15452479
2570669
21605972
3867634
15381874
16553324
18270211
11358220
21015775
12217757
22400381
9094122
18612307
6228440
23633615
1057936
13673236
23640936
7334230
22126508
22511811
12382259
22077384
15635777
15311288
24063112
18533972
18290741
18110674
22467217
23026120
21389926
5916535
20846589
12544273
2386950
7649546
3888242
12070258
1772484
11731513
17155499
6438003
22194715
17443317
12593268
3329678
8334697
16903583
3755770
15089480
10204569
10756234
3555055
9429348
6709977
7200428
11923315
20736758
23933802
18165373
21808126
23517929
8595893
8854584
21282289
825477
1399596
9024693
450410
1967579
14887100
21606311
24601938
3548989
5234087
14714050
21730070
21869758
10004958
20459701
15077889
6623671
14306449
166358
16583684
1847425
9476258
9709355
192818
12612477
4447620
659786
3914307
10826396
24520228
378237
24262852
18123700
14788499
3647991
20045001
5830125
23779731
6976386
5101825
1778287
16002203
435746
5493489
16403917
18319858
23828591
4681749
23999766
9268310
15597286
24954687
3023880
11368677
11569686
17797831
14283576
194253
6624339
16756193
1760178
7119915
13196173
19762831
24980507
23393905
14530504
1251972
9193721
16560585
5934742
16928723
9187071
23363113
24381871
24142410
17929825
8689441
13138702
21341742
19651752
22484546
15617960
11465809
17955940
7989331
6113121
8117759
6698888
7675729
6476001
11597470
24048805
9736881
11669585
16097213
7411791
15764266
19557359
5904033
6542014
12239035
12035116
15422957
12768643
16242498
480528
19036158
6780583
9692933
12792599
20938206
24689329
23812638
21771243
424609
9205415
17082742
12418708
24450221
22899577
17647591
10858240
9434614
20282390
16366683
18770383
17478861
5272795
952658
13419875
10773985
7727774
15118967
3903093
8491938
15207558
23683643
13937316
4642735
3377916
6799638
1036882
6513398
8536883
10865924
3748789
17566059
24233419
24348305
23649596
19300789
21534116
6113322
7783214
9767643
15465388
5792887
12358669
16525479
16077190
13452107
1304880
7551290
1601936
8755306
22120905
6482978
22939448
19971487
1662739
16819800
12577460
3976385
592040
3232199
16374595
13946619
16921498
19857914
573743
3186955
12208385
10814013
16310624
3223239
16317356
1466684
4682223
22220300
13154013
18132746
8416587
2462380
20888222
15054232
4325333
442140
14831759
12163549
18447665
13562036
18415221
22384903
23708708
2233373
3644399
18289798
9411560
12269853
10916925
7887589
4321971
1467813
10341390
10952130
14486064
18301717
5391224
8671499
21071136
13903659
10225147
19020420
12551907
8567335
17591466
8948492
2519938
11869724
23759603
22666370
3104695
11562168
419266
9716826
23227762
9212445
19552618
13341152
4647867
4394357
24037945
3171996
11482411
20216415
7259903
13923247
20352695
8553919
20426861
19314634
13173287
19019716
7515682
24427099
11508003
106835
11681973
762309
3520755
10881287
20467265
13567745
18009701
3996183
14503062
16584155
5310306
523514
24090640
23894542
5970070
9119486
4160530
9537260
2708740
4525322
22134205
9419367
15521005
261628
22960674
1734910
13904862
13995495
3950415
16580182
4165883
8563847
19389116
24497297
2652649
11711426
19479958
9542030
4057070
3778522
20550573
24346159
1392715
317265
20315390
17443230
5517044
3218673
14181817
12297111
23863516
1532562
2387638
10806260
11988614
19427891
16073570
18583665
7659824
13635777
14794067
12750865
18181097
19410526
12176102
9439527
3012671
17857279
22169456
23653991
2278340
18047388
23141432
24736638
17392985
12757294
6967607
22668546
9034046
12103829
23360998
3775371
10264802
10413368
13522279
2963426
17214010
23830336
6472004
24689815
14688666
17551272
22569268
1933102
7146566
18430020
5337195
18011921
24841905
9475007
10553405
23797709
7892742
7176475
1466233
12800432
13794811
10866385
10495697
19281627
19483317
13289234
6445478
18885718
23452125
19604802
23165672
13275435
9191121
9385133
14855277
4365628
17587462
6193014
4908541
1695448
3455718
2247471
13073178
1668655
4645550
11749361
12630269
858802
17660415
19064476
20951888
22618300
2289933
13003121
17516864
14310178
10163760
9492990
18806954
1929415
2061403
21935580
9710762
2497428
20466966
601309
2328623
24411339
18304006
16336600
10577728
6015175
23736071
22786588
5237295
13493044
17049379
13070866
102031
2413189
11793510
20149258
2234798
7090650
15686529
22789926
10847438
14062860
2720480
593516
8056486
20933211
12767231
20804092
22455088
3736775
10238662
12042169
12260872
6854834
16206040
21232925
2297531
4774845
13651382
8171188
16684520
15098217
9276012
7086735
17914494
22325762
10767135
4746935
1477842
16570452
9520128
9077559
19607405
1048997
9384622
10096590
22881407
423991
22741173
10005003
15411355
8865330
6777223
11576190
3322780
16016368
4476540
9956006
9255032
6767685
831744
16869311
5487973
1480473
12472272
16976802
17147234
3200999
13043206
8866390
18956748
11517951
18948415
10445814
7173088
22905599
17073662
12854586
20377417
21783963
5097457
9950663
3649911
16510652
20207669
2669249
21587151
12299417
23229801
23533930
16539094
12646030
7375525
10559801
810883
9483389
19450847
17370460
12450832
12616569
659818
19855332
6732963
438337
19088455
515560
23583757
14439293
8667725
19718402
18265781
12673641
10313052
23811183
20650583
2589167
9718287
4502911
7464070
12630328
22007039
19229488
169227
14842431
4657212
15263670
5256300
6492127
21583978
7452271
3172141
7505998
4203248
644452
9087255
22648430
1029380
20928552
10813677
22836793
5736415
17629383
23605378
18744990
6148372
15450819
6055358
24497684
10927038
21297148
11777116
11587719
9276169
19990562
18964121
13413813
16206327
6127861
8964350
8537503
1233685
23146761
21210772
9572306
12063161
20039503
15265781
20478684
17527398
12286506
7154899
24761865
20659503
14034824
20832909
5536621
4324396
21002552
20689025
22278848
20814273
23840039
12930296
17513413
8180491
724488
12913289
16374150
2535003
21012084
2921945
816882
11687941
23737787
6399034
1709463
7081708
23307429
17025851
8236113
7243750
8683922
19806910
23800871
12957816
16839794
3984757
11904758
774025
5547783
12990811
24063058
7906335
20021453
13340643
23733931
15037550
13241564
6977879
24990440
9890924
20870925
23727849
12897516
2319816
22117081
9965067
12247692
8971734
267007
21350199
11618435
22932785
20763543
3455281
7168488
22958159
18938706
16623284
12774001
14203423
13458592
8782746
9533813
13345081
7064134
6369585
17345038
16233873
9832821
4700284
21779391
5194440
23024523
12168138
23843903
16563163
17869992
113939
14016706
5224699
24999942
18126967
2765222
11232087
897795
14953076
6746967
990329
15902710
15395370
6345390
3799922
7427651
11092003
23088330
2004201
15690177
10794925
1130390
6659125
13245045
2768334
15530118
4936882
22648215
14479339
649206
9781500
9547015
11862282
20116966
19969817
14475803
6255828
24270732
15172488
6110852
16382793
19060679
16776921
21736412
22179283
2030801
6217103
17192007
16117415
20973245
21081828
16585386
10795385
7373086
17655478
2894746
9392310
16937734
6399548
4427874
20640360
22164942
23125784
22348380
3773187
22126858
2069513
17313132
520355
5256709
23051348
16770302
3668530
8377544
22865881
17150790
2219793
11659617
21824988
24254143
3809805
6345790
20754129
19717397
20401755
14989734
3153204
24773572
19968131
24084295
19258855
14186071
11175898
16509885
18031774
3064895
10464566
2240525
9765659
21780440
3968497
17544719
23857891
22469760
9772677
1721785
9583081
16488117
4693601
16276175
9758523
14481465
10736139
7800306
2320306
8154124
7905349
19031390
20880862
2972407
4178834
22152176
12286812
17806617
18963307
23604372
3698481
15576882
14673848
12495074
20472495
14359666
14966385
19141920
15780721
16553805
21988473
6339084
21865184
5533791
10569371
18832263
23457056
3032986
23518310
15985765
21505850
5084030
17979894
4292788
15832251
1802261
9805454
23033689
1813498
11104835
19083371
17940481
13321931
18340704
1299656
24800469
9780103
3912144
2398984
18642559
3680489
2304414
21459162
16423131
14422061
29060
22137006
24486915
23019315
19139547
14067479
7625655
5755674
18113409
9190283
15102167
22825493
22613701
1320441
20565897
7599278
7377066
20916718
23739472
15037366
5811609
8600532
17372027
9243336
21932450
15442865
14975042
24139596
2927605
21354591
7645675
17652722
14792459
13331931
6180570
19130931
24958137
11571762
22565268
1561060
24013916
4368234
3193913
21389489
3273952
17582056
1784967
2629352
7768698
9031122
20394838
11891190
17689056
6671166
11432730
842290
23499160
22590253
8457138
11749689
10941190
3862908
8916275
2076666
1427427
19977971
5501532
3752649
21135025
21457537
15711049
19834488
19138946
22699694
8843427
16275667
22079903
21784452
9433587
11613489
19820322
15696321
24522545
535465
10075503
4699437
18682100
22682267
5532159
11844224
10660701
20414613
3423581
23503561
5158520
6999241
23784774
14162906
9691589
6187282
7429859
1652195
14938355
7079955
9084117
1220168
6869215
18810462
10093167
1783751
1064012
18199352
18146719
5448135
8771254
23207829
12473003
6458888
8057478
4456222
7054640
19900140
7955301
18518994
21194114
13207899
24738816
14464205
11120893
670192
24593198
5622322
19478378
14430089
1325828
8009237
8661958
14455427
24807051
23186888
20957185
11623651
3019079
6041277
6828074
1102539
24970309
8713644
11007600
10818717
3848873
24255995
7513209
2717518
17581610
9943857
24188870
8240136
7903329
17392752
4588286
22594637
9987405
7013704
17063547
3240070
4114142
11639381
7404902
21169214
6713220
8591456
13131210
15362710
6814619
23552244
24331853
13865478
21806041
13433557
24547050
8129535
22581563
2671512
12395353
21471089
1771929
3413600
275951
23298325
6014592
20762117
4084747
21508038
19787005
9098464
9474513
19332339
1792050
12170310
5780642
24769477
20629877
9990922
12640376
7502092
11001523
16956388
10723862
20133178
12026245
22719816
13317411
670912
4389680
398474
20974206
7285017
8705544
20555088
16852226
14144942
1382777
7683430
8805514
3854562
4163609
7536541
20361885
6437059
642213
12053866
10675184
11254987
12807820
14357082
20165065
16974578
507377
15280080
21048625
3720592
16590452
6250724
21675485
1191311
10542883
12343960
5836788
16825480
2475395
24268570
11205308
22745989
15756452
4376874
23171566
9694700
831971
24225151
3836648
23649365
16317025
22775057
4331804
21992022
14785899
14699317
2699323
8688485
7118748
15064405
23791214
13617272
452238
22322454
14370791
22719315
24884278
5025619
3386627
17027318
14211086
5684813
12530594
13095978
19558878
16840653
12785004
12536828
9958091
18963593
13345822
21448606
21774086
5175172
9031147
24443155
4037732
19722305
4133518
24119465
17433516
6117193
13781200
19668721
16321370
23251503
7225472
15412201
13827975
24810463
6507689
24653714
20279173
5992910
105973
22872376
2801464
22931145
6582297
2421282
13423488
4205848
1767727
22525311
1206135
3597902
134686
890736
8052457
6731215
10219994
9988849
24532813
22823115
24884635
11654935
13425726
9157102
10305307
22257678
16408295
24866654
3777448
6351549
9403899
12362120
18742890
21775931
2620016
14846845
16980862
4280834
18645032
18695378
1379570
19006776
16820762
17455783
6765243
12055679
5814501
23659047
18766546
21109345
18622479
10221081
22157380
20238781
673541
10703428
22034040
16991004
8031627
16322709
23820771
4518604
16867901
8007105
19121095
22168176
24594221
9018598
15291174
19470044
21769597
16885285
6064621
23998695
13163527
8664170
22146447
19714141
16391869
1316070
13306348
5666091
20310887
20324638
7138260
21469929
22014688
3800892
2507438
4110265
17039062
2809881
22917640
22598531
2288648
9745503
13047522
23786187
23340792
19665307
17719748
13790719
22152478
4652321
8302637
1384079
20672386
13809173
3048184
18282349
17180208
13991731
13986077
10659622
16136505
23260156
2631861
6549002
15742211
4709522
3557406
19004846
21527530
21961206
6921703
19869988
6233816
3348618
4476449
7404294
10872415
9114916
4330542
6252441
10659852
24377068
10006005
11885132
23768883
7432775
15345824
17974185
10820980
19226331
15521834
14556315
1564092
2810669
20067041
5352129
16473322
14200906
24755882
21425715
15674639
20180573
24090037
8577237
3576445
17912765
6608478
13524665
3845788
2792266
4953802
11018536
12768878
23130803
270080
21059990
18437304
16968059
21017626
10570189
9448791
11070318
22143840
22405508
17566329
7006913
17459594
12027116
17761033
15614232
370379
18028866
14757494
10834000
8714288
3189176
5727311
1488722
14508107
3062422
1323292
11570554
16933143
1922301
18584701
2749877
12930031
6833230
4838000
22852700
14323983
10801524
18175742
11006296
14135243
1020187
14468014
6645894
9848754
8648320
9343499
24526805
23256623
17330878
8523485
22089020
15234102
14889430
17937775
4873890
15488533
20567307
8811202
681301
22463665
15969643
22789001
2513261
9025649
7887521
8969420
11771956
5996233
23013403
19084335
2914540
17144025
1301390
19695844
20536435
2907182
2420788
5473291
5841177
10242439
4197267
21497298
17589390
10685442
10057659
6163568
19436039
455384
3828202
2424347
22503327
6164413
1884782
5405446
5116503
24112055
17242216
5012275
20031039
7865982
9563861
2139931
23853062
9486838
10913783
154783
14233102
21104096
5135317
17588016
12146208
3342581
11576382
12375247
21319231
16562974
24835692
12381699
9439586
2685652
4966536
12042384
23575693
2210466
6028766
8542249
662466
5190418
5741009
17850162
6592515
24277493
812996
14070656
1234449
21358891
14844692
5311642
18736017
22401174
151426
14267069
1784795
23053219
2156906
9604798
24562786
11935125
11960640
12371983
2482874
18393641
14110809
5670951
1311907
14818161
2125684
1010051
23135300
21545247
19301784
164356
7703552
22432121
17790474
15695885
18092451
21567062
7740407
2960964
13405164
18491611
20009002
14982036
24814240
2684694
6446363
1224551
21961476
16537659
4890811
14969028
1257800
6324605
21532779
19430516
14189036
11949205
22700534
4446647
10225152
24222844
10971287
5889352
8547033
18815538
17829254
22946377
5150728
18957739
23191497
22068446
11121366
7791402
24818166
2429257
13932133
6131492
2538014
20193037
9061361
9763012
6476663
21158676
21105870
13257538
23383064
6870148
7903020
24265549
9029720
16480908
21667262
336769
23798072
21188344
2155715
19639392
12629262
24725675
11454696
4066204
829268
10215777
20291855
4639791
21843092
5606751
7923747
3072803
18775109
5698738
17458302
4560599
22577945
7791783
22745015
17813076
3206112
5789013
12568413
15599613
6305930
6571168
20644957
1600966
12066592
6039680
7359395
9699344
104376
533051
6662409
22515510
20966312
112461
9540160
14844136
23486026
20032937
12364652
1705064
16964970
21920778
11534975
14155514
550656
14772568
12906753
23172461
12287581
16947817
7593972
18619127
21133459
22448974
10888097
24523265
19270664
8465439
11459282
19258035
5567951
10844853
11850425
23307784
22811100
16381259
1032450
8144725
19887723
24586008
23526392
4972120
22300484
2329833
15474610
19553055
21077548
4406789
14604603
7966757
2485640
7011423
24234330
15272797
10526478
16854242
1292868
19159059
21259480
16748611
1524236
21209681
13757175
14804050
13812221
14407663
14138918
23483901
19221182
5993173
428365
13670755
8869660
6929278
19957572
22643061
5280264
3609575
16198857
3369601
18558012
16349586
20574844
23859933
18673718
23224689
19012918
14755564
18399297
6229449
17114199
20403314
4709510
24243345
5792115
10745096
21639884
16689585
10124296
19784269
10767040
4592835
7652962
5338520
14956845
8622828
13944104
24623564
18957959
20806619
822735
2994928
18302638
21698139
16049855
16887006
10795167
8096488
19777103
16566203
19893703
9073384
16706944
16691271
10226488
13749426
6777901
20666376
6967543
12847769
13974352
4009406
23226078
10224343
9759913
14658945
24648967
21647414
12902211
10870468
19019054
19534084
22431099
18924494
9719720
7039390
22701139
1028035
4285848
23022752
21609295
14526950
1653374
19843395
19003252
23000129
5409091
6757234
4772787
8946887
14511236
11138415
15551258
16631291
19761189
8283350
8463049
12855961
14837619
20856044
6312073
8288060
11970987
1710472
15217376
11217418
14132028
14845847
1225782
5097172
4693553
6578899
17517757
4654417
21944822
24872683
19576683
14467978
14533291
22477800
11635624
7894423
10967512
5267097
17153283
2253104
20890070
11114796
5320568
22670312
16721108
2831473
12753038
6754169
12607047
20841277
11801419
23872076
10425820
1130492
12123911
9330479
1954362
18914641
2288921
7491106
24885869
24185695
13341745
21120483
17263544
6835769
11105756
2470814
8823437
8217892
7337734
8134487
2341168
21625589
13630152
15144003
330679
4815643
5447752
15523253
13422183
7411551
11660806
991468
5206748
22486757
21823080
18630551
18861882
8921499
7655033
9548169
1921966
20113108
8342147
10461013
10977879
13482828
20134833
2516063
1205939
15023071
8373801
20609342
5081537
12411668
18736327
15904726
8794787
9669305
3177124
5619053
22654264
14107989
8308597
24661962
11168201
1995304
10325442
21595792
22296103
11850280
24096306
8109556
17637082
20924611
21644136
23311663
18841301
21339279
254777
8163928
17859021
1761392
18861656
20510992
3030255
17613579
5593208
5516939
8358183
6440928
18346284
13647522
9786789
21505115
24585098
4234342
8341674
22626741
14196612
23166886
16660456
22213675
10490241
16863796
22927198
13865956
17180874
14182266
9132321
20376470
14993672
10714323
12888792
17232052
24940272
15753858
1779234
22881078
5357887
12252131
8753135
11282549
11534761
14650594
5064532
15147165
15278228
5328278
17747250
6260664
11510626
19361098
15842075
20014359
20041072
8131457
19516072
18213227
12653325
14527869
22098412
17711101
5160912
24747502
4597558
1186389
11525688
23923221
18026867
1814255
20153589
12171464
3338015
5965393
13324100
15894314
13137520
1699413
8368192
2462190
355797
13826497
23790462
1614495
14032181
15417603
1304680
15670793
23106916
18587935
20227650
19470892
4834982
23364319
24597718
24311608
6542247
16367798
22926386
925366
11770617
2477013
17312551
23580372
3513594
12789657
24993962
15367803
6519170
8199828
4135494
10994827
9700454
6691630
216784
1770312
7517666
378970
21393257
6694066
12715979
13641957
6214875
7928990
7267865
6059600
3438652
19513048
11497365
804409
22693441
4755072
14991194
15183610
22833632
15099654
22216659
23141074
15808315
8773768
20852160
7051229
8607552
11721922
12198016
4534468
11666594
2689597
16175954
6168276
23975502
18349259
9798378
8925359
318893
15349712
8368328
3879075
2344423
10810563
23925824
21485179
21677348
9445453
4481657
24595253
20140762
23075579
14112346
3980414
1389552
12515971
23285939
19772580
4757107
22200905
22956919
11448327
8957859
7598945
10197629
23998322
12135336
397357
9252554
15197584
16988545
14192455
424013
14044013
23683058
6801027
13086117
8761404
10031454
21725652
2409305
20220813
11367285
8141375
3329631
23581461
19311379
16161349
24451841
177741
10289552
6859338
19783911
5282309
10744181
12134130
2607610
6507444
11819045
9005881
13215353
24197211
9938070
13102231
21823318
4189635
14048865
1659475
15991209
9085163
10067671
22055736
13488429
4317782
17869346
7622333
13775444
14028067
3751212
6312031
13974109
12683958
2695019
1777066
6628813
7299972
2071818
3008749
13584804
10615357
18595763
24435874
19767092
23119704
11788604
11552601
10380955
13080401
12781285
24948478
7068100
3374498
5103875
16749282
18056569
13562101
23546954
13344094
11620917
3701213
9445449
10877440
1691372
15988537
10879508
3514620
22089516
5159753
9915878
13494753
23791294
24417544
18054217
10658088
5624029
16359859
4872584
10013249
5058095
19650788
7495143
18725699
13107413
11390869
13888463
19142800
11304544
10414320
4300925
6235878
20543071
10573700
9099536
19375194
15363621
23672049
4669145
15792801
7493170
21456454
16881436
2247693
1073254
17148078
23486468
12198511
19829098
4458385
23175017
18680624
15499941
24349833
5553807
6999099
15802979
4992652
24826752
4335457
9445599
8614875
19015834
8937586
23248311
9265757
18739308
16116708
23288159
23226095
16360680
24208712
20363805
1005946
17526821
11103637
1116032
17220049
18411671
11846286
16042770
23500262
24270526
13882430
5359938
913560
15198790
23781490
13067715
2699486
1047751
5564167
6903843
24731801
8142224
3595573
330740
16163326
23465417
5707477
18671220
1971081
15416921
21611202
14336220
19705387
12772007
2366581
5249313
12914990
14506386
24217996
10824436
5865535
14403644
24826513
15845515
22340600
20416410
6643269
22664066
14968475
11286466
2176361
18737480
17476876
8721520
16389298
4617196
12613953
21830787
3727235
16072327
22696495
1965714
2195975
17315072
3891238
86066
19688804
15091491
7564524
4075164
21997901
24270588
14545437
24235694
22015728
17375474
22503483
5453411
1347618
1573643
3382015
22319331
18527961
22598846
10087338
20813848
12300366
12944289
20257890
24396778
2809645
2416449
3618860
11316051
18290646
24234050
21833824
23080623
1964402
19789689
13607007
9587725
3715776
3052340
16390097
2024120
3165966
23996236
2734897
23910166
9502059
15887060
9273097
20451717
20773286
1563103
9473248
24658590
19274788
7468269
20814827
12693386
6067936
7603536
8736163
13519232
5537186
22788604
8899466
22224876
21075553
7843988
21035444
22437608
14300541
19767963
16462672
15721478
16194916
7254179
13792154
8520450
12380993
7736231
4474895
17629939
18026244
1264449
23042197
9404317
9264480
14653361
3954771
16690826
2598836
9322533
11903589
3676459
17791329
23033983
11892679
3040867
13016462
23894471
7241404
16920232
21820452
24409134
4933125
6269509
8269100
11795746
19193191
22453524
12438774
4271880
13532062
16730324
6134327
17890842
11100916
2329199
9492073
17584988
20675587
19100548
15917941
2838039
11715514
7898264
6587898
2234679
11513736
17262073
20173881
23042918
15566420
1487661
14372210
12537176
24765608
4412624
21033766
4039667
11557520
21720783
17641279
6319660
1052335
7263812
2859075
2654830
12299073
20488244
19738450
22804447
7921766
9810693
8457376
21820848
15018956
16119484
379012
7409826
1681319
18269852
833924
9569291
13056968
5331533
8921936
14785210
6807837
4456491
19886436
13471181
11054324
6453272
16658167
18613023
20482190
7583274
4428739
12179133
10790395
13949601
13547506
16989706
18357094
17463208
1587967
10851557
21830814
4810183
18755890
20076669
9694656
10123922
7998184
4763841
2494379
12986682
10148313
13952067
6924940
16430282
13758217
11624927
11118869
6448668
14316238
21682540
17398121
13962497
14624547
9984825
15983538
14238505
19276635
2375620
4633403
22606595
3525735
17696716
16477044
1917045
16221639
3398591
21474607
8859472
16339383
17935812
2085136
18455684
22885600
24835633
19835113
24444475
12717035
16798974
11605091
9751910
182410
6742755
23798868
24444288
986389
6633537
7735339
19097439
23492459
16140876
17551362
2595701
18545393
6743746
1177749
24498285
13822699
15441330
1371637
11185365
8213216
20306824
21092600
3195836
19439349
18486078
22662457
10769965
18200587
9048538
17265188
4777895
8345157
6429860
10188136
21361617
18036947
8862336
7024173
22829995
18492102
14502214
22069052
9644129
23393591
24454550
4500309
19787317
1827078
17104270
8465003
19110382
19744268
19118834
3690026
16525032
4106742
22830929
13785514
5010531
3945323
8386777
22455880
2489121
3571775
4525889
14318914
21903094
7814095
1303383
7160619
6107189
17780977
4174153
9153993
9702826
3636593
1210781
20765036
1909087
2333680
13759669
14022199
9432247
9564784
1175135
1096728
10235163
13517527
23384015
16534935
7540288
7026480
23067637
16264135
21530336
23230743
22258572
23575918
10910974
5551639
9349858
16334792
9295050
17691968
550212
10250158
1638017
2177682
9642180
18945121
5751905
12343449
656953
7337487
10596145
24093147
22380023
8436526
4019458
14657769
9908544
2658482
2489538
6262387
487156
12609124
13049121
13170769
9535290
7058859
13553549
7929054
17534920
12164257
17964416
24349717
14189286
5462920
2823334
21156163
22630730
24966902
9486604
22879529
19411940
5920471
14993834
16945152
3475806
11946603
16504319
21242869
20754395
15359384
13523980
4074878
18567286
9550997
6021024
9948664
18261933
7168725
8243230
7084225
6718156
20855080
937104
12680024
19133277
15534335
7055958
9293975
24939223
4533581
23960369
464798
17466499
6791095
672274
6409564
15660457
20972713
6458760
23863630
11837147
23728686
3211115
10723832
8036552
8795155
6098044
4795091
5659527
14700066
23875240
11396992
2632735
19350588
22282810
14499207
14302500
11356532
22507156
7446241
17930593
6307441
17320294
14444894
16851122
9281323
18740010
14410527
1460363
24055917
4850294
5631729
16549049
3611415
10205304
10964270
5467434
9196757
2021876
5104600
16503568
22000667
885626
9339277
24621634
12060156
15826500
4742914
16542318
4462147
4559399
9902878
19708650
23636524
14319743
10132505
16581798
24621906
9921720
9497778
22205981
19876343
13001650
8766642
18467036
22018554
24548914
18405027
14122
19978321
21370933
23695905
358792
16641134
5498857
5231523
687930
788576
21873323
19398975
12206575
14319867
13430931
10056190
21895093
24789328
15555358
13222569
7444615
21696699
181860
1800254
1297194
15359268
8519583
11755427
21683224
12166277
14766388
1079221
20714603
11945131
19417684
17475671
19273003
14993240
15996484
13746982
3698108
9920059
83769
513240
8877071
12984776
18433142
19949147
23036725
24921842
12152524
2919946
3749905
4426531
3343190
20017690
17105709
14646827
14812599
14781980
20507738
19506385
9078834
1121719
8057352
102034
3162501
22075754
3586356
7575329
5297322
19730270
21076993
16474290
4630222
21876454
1468801
1415156
9151963
6523622
5655101
4168953
15577244
15315551
24490618
7040531
1750051
16129701
868785
24303312
12936104
20448187
1456785
9328529
21536754
3637173
11105101
19726057
17664191
24150215
3519738
3607353
23385775
22394651
16655158
21743306
20256017
24056899
9681804
22909700
3745170
9784220
12904138
18462952
632592
16539786
11420116
5360923
13032195
15944806
20816114
22683260
5802438
3450129
16245192
19955933
6039870
10375267
13049160
23103503
5445919
18376107
8928320
5131318
12460295
1709233
19385184
8990079
6908362
11230122
18572699
9071096
5084181
15601274
12060211
14328163
527400
17729278
4872110
533228
8648663
24874252
3856707
695238
13982971
14755080
3756476
19387619
19826628
6027602
8321670
15669735
6284743
24414567
4907012
7466990
4678505
14431057
24266617
8808389
20937496
16591723
8176340
2892210
7243463
3757426
14253768
12199173
15249313
7395565
19519565
21446846
15514898
22141385
18075254
22060165
5608734
4501987
11339143
21724421
14148812
752247
9589523
21649744
18611032
23704909
3199856
13649160
2884891
5989061
14810990
11425009
11995393
24643134
18035876
1353430
12777484
8878901
22602274
12180749
7318379
5404853
15833644
21205461
18971824
12929381
19111717
7833115
24354597
21076558
15895769
13187798
5762684
12271992
3948688
4701976
12159659
10603439
21634568
8412073
6376845
21040866
23409764
4512566
19542386
12378031
3106529
14308560
10424841
4253448
5271592
13697692
13525628
10360628
10419512
19926033
5477477
5510995
9565785
17306069
24289690
2954633
16244731
11189150
19246467
23729034
4227648
10595090
3757245
20715807
12986583
14073604
19771386
6120797
6424318
22243663
23665666
4007588
9848030
12834225
1400619
4348913
4797671
3592222
20281812
8467306
2925345
17055934
11876461
23213363
6048999
14360607
1105517
666855
9331256
22464008
10393947
3363732
9450589
7298906
21762365
23352150
7912040
19259271
11992317
18557226
4193687
23117143
21328107
16164835
11818538
23293405
1553740
609684
23339444
19883200
2463404
23100713
19962919
2359890
13892241
4087350
11626862
4831934
10636703
20371342
6276837
11071996
24156449
6833864
5236934
20629120
10170523
10564802
15335133
11232129
22096672
14854619
18372416
4590075
8956398
21243121
5281638
8665243
5797935
14461117
7737644
18333752
17196357
788230
23308675
6134308
10095651
12713594
6284343
1372210
8043618
3961204
17302096
18409699
20897386
5499929
176303
7131370
6321057
22199867
8277277
20460898
22323322
18001210
10339894
23897464
3276447
13751805
18618278
3161812
10739666
9243137
6451823
5287133
20914554
14065235
21645468
15825506
14482578
7328277
22215914
6558600
18700885
1831798
7359637
23084563
13974000
18473093
2591021
928490
11791483
7375087
21667832
23034835
7687141
8689174
2479642
2674480
3948747
2444424
6455261
6972323
21663118
21245211
6381890
463140
15846054
6527632
8357947
1991571
24630071
12657663
9549058
6914347
2631941
8703659
22956550
16241133
17252436
2468361
19612558
3045161
14064601
14650259
5880430
14227155
12399574
13206169
4897420
13878563
10514894
20010819
18188094
5273001
6728573
4631447
2570320
6619506
21870418
8660570
23591665
20097101
2940934
9356359
16057079
2439403
14861097
2614041
7643352
1453482
15622829
8869548
14783656
21692095
8434198
17479849
17354046
3460470
907725
20116821
24120641
10168888
8194907
3426968
14740885
11161747
6583506
18283408
13487598
22101094
16677995
11932092
19965165
1444240
15430296
8452335
9094513
7861938
20335861
6699127
3263167
16860698
3926930
23154656
9491578
16172795
6157790
24784985
17693636
15640827
24956566
18400760
10818375
18301341
11168693
10066090
9721402
23215898
1558591
10585368
20550654
24959654
283770
17386748
9953943
10888969
197169
15514616
15505430
11817211
17016281
23919514
4385960
5555429
15125626
13954991
14173919
12500637
18421645
16812403
2367372
21745852
2633387
11223961
23749693
24006263
8568239
19413924
23662469
18814884
10229086
7894750
21746732
15958307
14509306
10873782
5499474
20957577
6689233
2012667
23117826
8632075
20168215
12139950
9622564
16569245
3646564
9353937
3214714
2726347
4437759
831684
19721531
24801213
5266082
3101881
10220717
15122431
16046082
23325972
6905850
13374960
10749634
7688349
3990038
6265139
20426114
3096487
24953105
11922776
6850249
14236631
15023192
19309327
9023738
7268230
21675986
24153168
10172336
9644240
20052553
22491667
9306574
15709237
4022661
22482434
17874470
20807445
1431667
8567939
20764482
10192521
18733245
22647495
22504560
3172901
11781262
17389504
11725606
19764132
6498105
2548617
10189985
13515998
11652471
6549132
17007815
3105897
15276241
10031181
5843002
23572038
10663769
4279689
2599190
8155096
4608770
23191273
11255274
4761874
21951834
8406483
17986214
5167611
18944926
6518006
18092808
13469039
6215541
24226062
7680443
12496708
24520628
8289551
11074717
21604413
22262431
3842059
10999575
13597130
24350096
9428611
10068252
18694359
14467777
22863588
1381023
24635295
8872517
11796883
9655437
722197
289605
9831745
22861315
9843114
15435002
24542861
21684066
13758424
4748957
17783892
3865940
502803
5834820
8587848
2858960
9678653
1857275
20571885
22269218
24394898
10493803
16694955
11256458
15265082
6888887
13659793
11660251
15964065
13344366
12760661
1474678
19482451
11869417
22761823
2233350
14487886
7346865
17738253
3086449
17439503
2581860
10257698
3391983
24183425
16154996
22331568
24777265
16903181
19966515
9614547
16540731
2512652
6872867
16270850
18397293
18561669
9827134
11906810
5291219
10343286
21799512
21020367
6428016
23144101
3620317
5457590
11785567
10371548
13551292
21189011
9321602
16317181
17561297
1687878
11219670
7161835
19773907
18794280
19162041
10820069
20609169
18521206
9705934
4765984
14875621
4212592
11846972
23593273
21487585
4622671
17450197
19695679
5841809
1250217
3012297
10186814
236341
21042036
23613771
17650269
15150078
20615131
24724327
20227677
454943
19248731
1503854
15650985
12226170
19149423
16040877
2517678
6512320
21915244
4503626
5349216
19365768
15473234
18638718
19566808
10788562
4840533
9302376
3280366
1560927
19602327
12440847
24640818
12150431
5004841
1542808
24259988
2739881
14431738
6857036
7319257
9815416
22240754
21064248
16558219
4901259
20564367
1187216
14333269
20670313
11385490
7018083
19670701
5568595
8506763
22643591
17332829
23559193
24740514
19837329
5059158
15472352
3615618
14821292
14317972
4292172
16197804
2526812
17077149
624588
7402443
23705785
2066408
13985718
19952865
14027552
14971033
1471584
23011978
8009527
12531428
16376502
22824001
7846145
11487965
21040778
16748146
2914024
5136525
3829860
24351964
14400136
10934576
2185409
10597622
4186521
24560338
21165740
20967865
18898495
4712845
8656636
1162524
3277439
16422195
14476080
14747682
23981141
24737237
23524883
15921513
14854208
4796542
1685708
18512828
1479110
16246989
16483045
11305894
14000584
9948214
8224509
8934844
22263498
1450524
3611743
612073
18001192
10232490
11399219
12054454
7596540
5695697
4267913
12620031
12170966
19618453
22418867
14577297
1500340
19516702
5878727
6492273
17179265
5467964
6854248
10165230
24811726
15090823
9432930
12789816
12685915
5488800
22411662
4418989
12773205
12713798
3966302
24417997
23633192
18380181
13477697
12983066
1755312
7377622
14791017
4552145
17452273
7888569
8180484
21929347
10973241
8740715
663664
16128434
8957907
17398910
23430658
23049585
8913347
11642311
14506920
3042380
13144097
16672192
23227064
14875709
9689482
15631909
5114980
12633753
17543298
16930463
12210351
7764206
6168953
17483103
14899564
22840171
20370923
15256680
1019582
22374340
15938279
147375
19891652
552357
21755750
5588741
10357399
16902286
15212546
7599480
19977220
15217670
8441249
7444034
20039945
24026112
15160398
3320600
22917901
20073131
6024210
2641607
7284881
16005060
3561831
6315873
5216322
8335748
19194296
10637231
18408519
4325738
23764560
11700144
3437577
17766189
208242
22219790
23526553
12450055
3143659
15590047
24872881
13950525
6645409
16700632
12725547
24095768
22500016
11797498
16244651
13010428
17891600
4650741
15532403
8679866
9519782
14050284
457644
360059
2256929
22633645
20512860
1490388
6906717
11504774
24027453
2253911
16309363
5792218
9775158
19632728
14393125
14435994
3828906
1437869
21680408
9668764
22494247
1018731
19126446
3868565
10090959
15349851
15041045
5261707
1930270
18808534
14087909
3633205
7190056
2192761
5573620
3070420
1168046
7783957
3927906
78352
19242848
14284939
20005274
6041845
1037307
7583294
8712796
1222838
16738498
14640221
11971348
2182049
23312443
2338416
16973858
19327231
1571906
10180668
8840997
22812216
4298994
14777518
17614929
21372765
4764959
10290503
5040555
14838934
2808501
2526750
1756849
9423390
10786554
9727658
19286444
13224755
17322690
9805739
22904068
11642439
12386651
21624801
4984503
17021650
22434750
12249138
1228441
380866
4237019
8125313
21178836
19906896
17646511
17298355
23782905
6504804
5690243
21846469
9488138
18986598
21379472
17286499
23913484
18520689
17407235
20732644
8523557
18007519
24595513
11357844
1752687
22521962
19983673
12410924
8124648
24677151
17942223
20233640
22039968
9060007
894137
10172189
17609044
14990977
3169588
12366541
22335764
5099207
2657668
15899129
23614084
21319114
21595617
4706777
22741925
1629441
20779013
7941498
1200803
21248199
509336
14791602
8178396
22706417
12986164
6362366
16735956
12969365
12820188
21319485
13192994
8685629
7615582
1226715
18827230
2338599
16940452
2399993
7734793
8298784
11580629
6414964
17428915
15173170
22105863
17196120
19577629
15447848
3774837
12548550
16821618
12900754
9654627
20305181
5267399
5698034
7977312
10741072
12363541
9530943
17611478
4238388
8463842
10965332
12665776
19413617
17664972
9731442
24424899
7062993
4701325
14016787
4713391
21163816
19218461
4887719
17575692
133182
23685185
1563623
1679847
12966980
12845389
4605685
2349658
22281422
16986391
5913442
3304256
13205810
11070800
961155
3879647
9171417
20037610
72864
2199505
23804185
21925819
10159017
7136784
3289255
959524
7684454
219872
24255176
16201142
22148869
1679380
24069434
20188067
18247558
6557900
4576629
7247814
19601757
9739480
7802967
22352014
17443442
13455010
11921034
2780266
23031937
12996523
9327773
14229394
328999
10657537
3105857
1351359
20841873
4962499
17119522
12707016
8735520
4214334
15501195
9150961
24109072
644649
19840754
6211520
5199373
13705773
11570104
6335125
8396911
9991908
9006399
13562936
23438839
7420379
20623590
20863118
13565570
18136298
19995118
24041619
18650914
10653737
18756314
13509207
17099350
8459877
22182374
11103545
11029755
4415925
4393279
21331630
24752348
12265248
14862805
6948605
3839291
9202813
9592807
15516966
22789816
19737691
8959373
22541357
2251126
12887609
17089762
20562665
5171166
16268786
24349519
5454343
12496698
24467825
15799158
9369079
17466050
4634573
2719393
4981872
21099899
23585269
20799200
4520836
11945266
2666624
23117009
7742655
10951969
23890997
3178002
4407627
4025266
15419454
5108543
14493291
134764
12060626
6166019
2125805
13303056
14322537
3595438
21844340
10170175
20105502
17866338
4417180
18742870
18975503
5679493
8231022
7875598
12560307
5180898
24570577
12907645
7553631
6041237
17386064
1221116
13121837
3297001
10071360
20660092
12609665
12452644
20757622
24001531
15182020
984838
14909889
11376145
12362122
23582399
9476678
3764274
6829487
306587
6713947
396180
23237571
23019613
20266590
10868258
24636327
14875203
22179922
12588474
785990
24803052
6130622
12170367
7682478
11142803
2675180
3086713
1833248
23877533
20497915
6388806
10144701
4308766
1802255
8639525
30738
21856600
1017421
7735827
7649986
10317114
19397645
17645583
21267557
22078074
1136234
15479037
15874582
19370352
16962456
23699487
8031838
18668714
20741065
15367054
14235292
23645748
1606858
22004361
15194311
9831719
3045327
18813065
16753584
125324
18550622
23386010
14066065
11155686
819123
4731107
19030862
21005614
18950627
7106850
4140826
13477512
653772
3683594
17109259
15645807
3592794
4259727
12559498
23845535
21801641
10940414
6131430
2552948
24633699
22221923
3511800
4076914
17175196
8217438
446156
18414500
9993841
22779365
5105255
7310680
1040399
12628472
799572
2228096
20242547
11601300
20460406
7041857
4621640
2028040
21625463
20046924
10207953
1387671
22259021
20588504
10042426
11895104
2125062
15394228
18854973
22665763
10903244
13430794
24380005
10364129
23749495
6337894
22804823
6566382
9578612
12158022
17052223
24541928
6287719
1203551
476694
8941316
19268412
12205053
20675068
23136660
24732731
22514295
17561210
16948536
20536668
11807788
19222543
10175203
2710605
24238373
1273656
6766427
17553949
3179794
17599302
3918827
13346622
182282
20458859
3316067
13436659
16505284
11859503
18571423
621308
2541276
19755319
8817230
5903583
10018192
4070829
11475811
10282672
17280572
24307929
17430956
10547718
11294365
19567693
20430129
9989173
17783711
8970219
1891897
1755402
16169923
11022594
24021424
7672637
18962183
17160461
2830441
17220717
1177802
6666040
8974155
2484804
2047419
23877444
609133
11237210
21703029
5796525
19492460
5491067
13412704
13020344
2941170
19483256
5973514
16120967
9401843
21385812
22806540
11695966
22607990
8623248
16165798
17743213
15972131
1153463
7255238
7369235
17230320
272149
23517808
13217737
11928218
7321450
6271020
2628550
23995012
1871785
12462051
7382615
17215203
6410811
23927733
12595564
9992337
19931305
11515273
17171002
17662962
19602929
18134666
24432907
8451175
18927010
1643377
22315227
7153472
1502431
23196863
14413715
329902
539705
6297854
22597972
23717378
2285464
13373359
11412241
11345201
13483271
8386982
20991886
5941702
15835919
21534163
1002218
23180453
19249446
16394911
13736558
13342709
17624416
24004545
4365022
23462445
10560278
23835062
11223788
9566085
2567721
15242467
9508523
18466016
9753959
22494566
19948159
15269887
23768754
12306583
9967347
10112283
22648070
21514555
17411156
13808984
2197388
9697249
11538219
17613347
19484487
23551328
15867582
17477866
21348589
12462060
15133174
7224375
17053018
21665064
15547374
23808801
1482968
1432681
16541534
4975699
8234985
21577293
18648508
5937465
1892670
17659006
23421681
1813596
14646926
777256
4621175
22829058
3768619
840315
6456201
7126032
3520428
8094255
16541782
2020059
631377
14673577
1541848
24973968
7786261
7814589
12105329
1947412
22973533
12076247
1063483
8777741
20010289
15921811
13762513
20331280
472000
8377887
22298125
23415761
6515843
18984250
473419
12777698
6618308
14132025
21479522
2766526
19822168
806783
2409718
8140653
12452244
22546359
16041233
6697331
10017049
4781923
15529187
1536564
5995834
15205388
4413621
1986757
8492774
2641187
9172382
4309849
97242
17712327
12089913
9731301
23632516
11361314
2409605
14086135
14591341
11342904
20484207
13249187
21282731
21713755
22405820
16578070
17557740
24576227
21752332
16169171
1246133
9896461
23652553
12422953
17804390
3246873
8323916
22801706
12414477
21611601
524421
10893250
20179223
7457802
9691000
12577969
8209022
11919410
6098009
24532706
6625178
7866384
13847734
6865960
10761347
14711687
6149757
24641912
24792719
21421311
10898803
7011268
18338446
18148058
10147472
21544620
22866274
9569956
18853291
23477299
351548
11655160
18128269
22665739
5874279
18592826
7831722
14623508
7130552
3156338
390821
22192418
18336956
14311835
17785067
10625968
11865518
16642206
22540353
3467999
4612089
16257202
9088149
5880902
4415962
3186904
21569291
22093170
22579469
363262
23644722
8430943
20858444
8466444
347472
1245547
16812450
20503285
8616219
13030405
11716250
4272595
6276012
9350462
11606373
3129608
2092942
13226056
15495574
15494815
1656504
4158040
23545364
1839636
957306
3897129
4801933
7057923
6311031
12639448
21011996
23113575
18277384
7480920
364489
10392506
14155488
765164
13987671
2453749
22425417
22637648
11215543
8585356
20591862
9587748
23690327
21701897
4932994
16711156
9630309
10078946
14872669
9579632
1481741
21467524
11347341
1078488
14256177
15235445
2305872
4193567
21989838
10011231
17910678
22651063
24444124
3842776
3761526
14472299
6060786
22537866
8131055
6571461
5820295
17525344
2480252
17707948
24416787
9169605
6280114
1908879
21861194
1242384
14418171
20379372
17350823
5733231
2374249
10063762
19943727
22369741
7016065
21279483
13189711
5492132
282826
4642421
9357362
14373096
13105150
15460993
10038491
16237739
15422706
502162
14501407
2702665
4572432
19930509
15482582
24409332
12237084
8189827
21591283
13115033
4506321
13252030
3955075
21798696
8366100
15629690
21018606
8481523
23529184
17398401
21592594
18785863
13882250
14958499
9572748
1425267
2207877
22200940
1466698
22869173
12603466
716175
24832442
22499178
8809405
18819614
16651083
24167159
4031664
23667277
4657775
1472346
10808441
1298463
13213100
8428165
21377743
19079719
24325659
20031409
17199883
15565880
15822886
22748847
22096004
18746592
11523479
7869835
18050198
4574929
3042209
21415545
7373320
5585601
24340467
17692798
18817373
9303597
23064235
13115125
21987126
2079000
15678769
15136493
8848688
8624713
13762330
7712221
17850954
12064996
18779127
18799643
5858895
22640411
365759
20855341
18755417
1928697
13263849
15050496
4259324
12109993
12641256
9688962
5427855
19171324
24521274
21453391
22089235
20386044
22946316
12219080
8296622
728423
21296204
23108526
14106592
24147855
20006408
11018017
24720676
6436482
16199933
14196665
23193109
1442898
23139721
224306
29325
9209948
12765106
19256263
21195150
5181068
14233131
9210701
14059706
13081737
24370714
15856125
8488499
4759341
10411797
10948702
117665
1610320
6280057
9585044
24925688
19041837
15816549
17770658
14598676
3184189
2633731
13359560
11164914
491260
12307017
10859027
11660240
3015516
18570971
3568038
21182050
5509241
17235758
17643617
9499260
15605471
19268327
23043607
9863308
5481948
21509115
18131924
22116375
18523558
9683639
21913359
12370542
8098837
24614716
808499
856752
19251141
4228993
3150453
6067946
4089548
413851
22589716
7232846
13402086
16649645
20480464
22261480
11540534
18477562
17733147
9646552
16668379
20914895
1155321
17032905
24672382
18215541
14877067
2828328
8429671
832691
1749041
6630616
15988500
21699092
11724383
14167498
21513914
10511670
20984152
17529219
20958439
5520954
7495840
4334549
24400622
14199744
14885755
7918129
14903596
4979059
21281646
20486526
22183112
23846203
5740023
19372640
13564302
13178863
9213109
2811981
9404299
5355810
1438637
7240930
19483575
9336670
7951147
1607179
23975281
21807320
10024503
20366798
5831687
6388084
24711810
15100335
8485276
15672189
11153991
17501298
10762664
7216692
16650328
5540277
15282079
23168713
12965530
9252427
9510277
18777566
12932921
20237903
10801581
504837
7603535
3195019
15378576
7563366
4824244
8686439
21514584
20164752
7239144
3202820
7771797
16756906
934415
10342384
3401932
13688225
18556339
556223
11238024
9905042
22998932
23156855
15988509
16932744
23115007
7028135
14792508
17419225
11571545
20184945
4899327
10875842
20317879
7221553
5202647
12820734
11986076
10709379
22358039
12783598
13981873
12452743
21343145
15582372
23353730
12557999
13683065
8562381
20305700
19156638
14013483
4267869
2210678
16753488
12755619
689566
22035728
17744335
9455884
3930804
414369
10179319
15429094
936275
16545264
15692028
1043773
16364189
4452856
21317432
24787761
3021583
3955840
14525551
10749502
1469135
5141032
4533365
19789696
11411140
11295919
17572366
7540038
15955613
21800829
13465951
5966808
16543871
2859666
2080044
965655
9098362
17563753
5470647
13071657
9676242
13560387
5430955
23418053
23794978
6719380
15996892
10263787
460380
14146915
4643705
17813194
23043902
6375566
2302565
19938529
17983879
17268235
1677718
2880808
11970716
19209733
11144424
1896374
9170674
18344899
2809175
21386109
6725941
8200576
8832866
5138505
22446394
19854011
22800194
10866347
7646009
13041129
22174023
6252253
5218294
14363075
22098807
24913900
1628934
14339197
7888629
17519326
17903099
18205929
17783451
2899650
2863266
12423900
622728
1399466
12121117
14935776
20325876
1651933
22375794
2368516
11606983
15672723
5358061
16239876
3789519
19092001
8080441
18479139
7494917
16586006
8850088
7761344
10430753
4071698
10010909
14557259
10236034
992780
23147231
5648202
11567888
12235592
17465335
21312545
16901134
18585065
14527828
10122030
16767327
18407098
21771869
7095195
9870357
1315874
20644056
20516917
17283246
24163370
17646428
13834158
9141196
5792506
13421842
20490963
7441852
24727298
9524729
3991225
18676389
20477013
16410439
5428750
19723631
11108226
4478136
16098136
4944945
19294154
18528892
17055174
4222369
8310856
13168737
16873868
1170479
9633851
5892226
10785435
17148823
24829988
10342835
12311954
11452554
11786779
2611057
5214014
11485127
24850165
24201415
22627639
16603908
3694645
21766517
6779994
10846215
10935361
10917223
20245983
18054948
19277619
23487853
1115325
18542084
612874
2577752
13399120
20084626
24339666
3576139
24188265
1299159
23127222
7802130
19085486
7278030
4948527
4963546
15525185
3191013
11683903
18487700
3009694
6779308
16501738
10569458
10338603
7359664
17146183
18757036
14465529
7191483
13207954
12585077
3310316
6314136
8454295
14859498
19903473
21425014
12792898
4159539
24085520
21249614
12548714
1254722
11446841
8187858
18194068
17003877
23141973
8022082
8680466
7333246
16517293
9604657
21864432
6320261
16533564
2954833
10908165
5663576
5218307
10397358
7387129
23556567
17137390
10856640
7608009
20387319
18204516
14945957
19801867
23399838
22363983
4542340
21439171
17333435
6667196
6383761
12424136
3846151
8276974
7686421
10149227
22901213
18438574
16006319
13893193
21155956
22904533
21629112
17048184
22962684
18421485
1966058
22792100
12844326
13792243
13907035
12011180
2772452
8027559
6145079
16616150
14282767
22289924
1160835
3700455
11656544
19329626
6588912
19459382
14604764
22556665
321405
12761496
17048755
7265082
10976721
15337147
11709397
19114035
8484129
11564415
8618725
20342281
15494469
13547196
5521151
6763444
2272152
22705990
24294892
8887409
4841265
1840699
4885471
2375434
18422813
7061605
9384892
19721478
24548384
16805780
21440472
20704670
13911921
23247132
36273
13015547
9171303
18099957
16975324
5766530
15425388
21509219
12603509
6065928
10585064
5388563
16649167
6224891
19814634
9917363
19296154
8177088
2818356
8493522
24681340
21541654
12026056
18083113
11649201
19822421
14463593
11993793
15798004
18538959
1295325
2999137
22087252
5809132
8344373
3409495
4914720
21562380
3181824
16509937
14668458
17277699
21139028
19611036
18331555
7838233
5695887
17990938
13774121
23179865
14362913
24629042
24304714
21163676
13365240
20231533
17238117
13132890
624094
12421495
23319902
8390683
8756503
22892267
16214494
18409022
11111897
6832014
23299291
14833194
7465691
7127432
22563449
17665386
11413789
21061043
19461918
9655983
20909203
15197305
23892392
2765638
16793649
10505870
1941756
9176297
21767386
2054088
24885477
596537
20184021
23076030
14842539
11695188
12852409
325684
24474982
8408150
15731659
5953102
7102682
24078485
19178889
9844954
4646389
21621640
17181059
18662791
13568105
14295747
11852964
23069323
9501660
7445293
10067379
7851887
4088598
6469212
953901
10634948
17465768
12921235
24638841
1943188
11513673
9038113
16977258
20469815
21035637
24916597
13612341
7783963
8505920
19848885
1828914
6435306
3012606
16307115
19057487
1941720
3307049
18720230
14807866
13522027
23152352
12334263
5294026
20551258
12841135
3169967
17471402
15399261
651563
5123411
12089521
14330533
24999112
10981797
5822593
13456058
11073264
18627508
4371083
11969809
21738869
4182090
3518263
4818110
5817828
18249204
2425994
2074028
6036053
4793105
6813930
23564377
13064059
117348
7191613
8956130
4924347
19492535
9689955
6355098
24679824
13655605
18979755
19709535
20070872
15113073
19426966
22711917
6251494
1812932
24396511
10196112
18888159
18283821
12433365
6943115
8190756
4689389
141017
20825457
14235604
24211121
18897736
6168617
14217624
12603596
19307551
11106003
978341
4601274
5252459
23816044
19867506
8137390
13776822
17060795
993791
731636
3045162
2817744
17499065
3926093
21892952
1101491
7669122
20270250
18517430
22823476
14785020
9911857
10243214
11595815
6864841
2786764
2617081
846295
7700385
14324065
11592479
14981658
20709148
15035681
12706584
4464941
22159779
10407639
2450339
2946727
20647227
3807767
10343180
17321160
16823087
20354591
5570369
21947427
13551341
12409400
14949735
18921153
9886269
22946394
21079730
23397745
712975
11478698
24026327
7103874
6552981
17495140
17097016
8272048
11283347
23191677
18995672
11315388
20664551
618730
8318171
21434916
6890762
10687906
8916517
14142424
9125576
15473291
22768437
21703281
24931657
1165909
20537804
4016147
16595
21778204
4206946
3944880
14191433
11085638
9696244
11984356
8756683
16305619
22803396
6575765
7334974
2406660
17952327
11760211
11526106
7996234
16728851
17008665
19134982
12194006
17224617
278491
8128518
10323815
18839724
16159981
2456900
10704534
6719680
15379162
14512668
16049901
18094138
10238267
20051978
16112400
20796742
1551997
18528862
6105130
20376106
3926099
22456537
2949165
6331882
7219616
16622074
6804804
13357577
2773761
5084952
18747538
14154585
16462370
24756370
23510803
14430369
3751072
9926333
22176649
10512298
2217681
16544377
16802866
16184998
3852158
5694990
18542415
17729439
3724457
2257947
23113304
18978825
8207089
13877705
23093722
13509671
12302739
2167885
17096936
18572019
2969547
16756332
952204
16426321
24563978
21373964
24661551
19809645
22187476
4006537
12599344
19930013
19973420
8551971
24623825
18832498
18057672
5635815
11230194
6317878
10358110
8545508
24152936
12704821
16550433
23275277
7689640
15887970
16987398
15749974
85174
8613993
20197363
220574
9325939
13564788
14721197
17424774
16788840
9875161
11255114
19691336
16782324
6526462
12877158
11346123
18976539
9292993
13292141
22859412
6501866
12960278
22301476
15471128
23515679
9470658
17544308
23217630
18205604
21072571
4761647
24196826
5501875
10764
5448987
5615869
19749575
12387238
8967769
24700378
1031778
18107754
24131921
1902259
17559775
19291456
1836557
24903907
4061552
3541172
11391557
14281942
12271339
19496445
8576908
21352240
23519465
21397336
14061058
18134952
15594874
23762704
19013150
19755660
15346247
11644284
14565012
22713602
19387668
2144256
1761715
2261909
19531600
3906358
24198467
3013243
2504391
7063807
11959014
12101400
23455138
5300860
1086727
15706246
161064
6496208
21786073
9295048
398461
18563125
9369735
23805056
7361174
1949528
5553740
3853636
2018645
4388397
13051694
5117890
19027839
2344729
19253632
23580186
1698026
855699
24277510
8816228
19664907
23451308
24367363
5102243
11349047
13305074
7739479
10539823
21967854
21055960
12458621
19303513
23640718
11507436
22392455
14242645
15610130
185020
1699162
14359168
20083119
2757773
24318208
16982524
23301297
12230101
10382717
8462666
1532155
18183969
8524587
7927628
5053567
8786595
13481803
18659799
24569078
4020496
5436171
10814299
11919183
20196525
18612027
12559679
18259580
18384321
3027779
16625815
3865936
2381248
12594762
20260979
7497610
16026013
23031282
5259268
23422076
14110785
23278159
346719
24588666
15003598
4174633
8892907
21648890
1887685
18026975
14541509
9651434
2726875
5560091
7731897
13918611
10491995
1305975
15716398
13949010
4484048
3301708
22498278
24728742
23162121
12582724
6017565
12942203
14940748
23878345
21929605
645389
16790965
21968071
13390067
2064809
7663413
22084003
7873895
5054119
24716891
8940201
16454367
13049941
8863100
24909374
16279634
8445691
5811064
18963997
17639693
20419538
6681373
13164698
10145115
4264012
18025818
7077457
7002427
2934244
21772162
2490030
23593875
20357928
18901868
747671
8114654
5598953
9244825
8400813
5658149
10150581
2066566
24895807
23874531
16575445
22545190
7540564
20925770
7451629
21779026
1078307
14263154
2936515
10705206
5007241
11223276
18613949
4597933
21461301
6099842
13136120
17431990
21857537
5449447
3991185
23704914
1459929
22830008
5193815
18892678
1349530
1249959
8188956
6554799
13703056
4984319
4938170
13031947
12885641
15787697
4861394
14363487
1832431
3118042
22650592
5523369
10061192
24434668
4683556
11569806
11265586
16903520
20067832
19728632
17117029
5846008
10362867
17363929
1487119
19440728
10020993
23921673
8067444
17442261
9319361
13881436
20635192
8984723
3235581
17142565
14254600
24088279
9956076
19823709
17109874
23887099
9999764
24319402
21411961
3639134
19980359
10962810
1661292
20400179
2659391
5615599
1299645
7936091
18205085
14553242
8432203
19363599
7217463
23920620
9672130
9989018
7406810
13291926
4487305
7695634
5035336
23488472
9772037
61397
8927866
4969459
23012645
8486713
17030382
18859090
1599888
23572396
4663741
19217185
10251317
20842633
16209569
24071580
7358519
5440499
20635112
18618620
23064757
3468042
6876813
6698490
10635471
7384092
13609809
21335409
7055440
22246692
13934573
24317773
11706916
7708834
24332043
8212133
4821123
22871628
16702074
15506380
16350687
24503808
6196585
1690295
10236909
14476127
6057215
18842527
2515417
1401394
18423050
6014164
23969095
22177218
17806483
10102263
7317312
2274701
21102009
9350910
4532490
14864381
9308837
19297751
17817615
15865604
10358818
127285
871706
15297296
9425306
15630223
1363610
10063901
24507559
9484573
18754950
6935871
13847492
19600161
24614195
12254754
920722
8654998
3835478
5079693
2220873
15516225
14667977
21997283
19928673
23599260
6727363
14610241
4449852
11499711
8617050
15667758
8022049
945386
17392959
11599854
9175732
22614427
10290006
960930
19095701
12643738
6206966
22977946
24135468
7968799
20095049
365542
13713932
764515
23546865
21420376
8792052
4045940
19845048
9534496
5482849
12058563
24049943
22812485
7086066
22214155
20259510
24772958
11817355
18293414
3184709
8569478
23145878
4967653
8788700
3812378
1022848
1205678
17574346
9931063
10967474
20639513
24298094
8933289
14078830
4761208
8578548
18836849
20689950
14512334
2671501
21270676
24773713
23820843
16167833
1835238
7112805
3050500
12462459
5062980
14470887
16207450
18007529
2343860
19794139
11527493
17089304
8155400
11702751
1685749
10507990
9643365
8508348
19061727
22393277
14509803
5191233
6775320
4059302
21284939
23847543
1797051
19738925
14655284
11768184
3328824
14191922
3822774
3283861
11182219
15744139
3190112
431407
6162548
9724431
19498723
7307251
2311572
4580695
14276619
24609554
21096200
6773066
24539576
7095046
19454841
5085282
22103832
20228327
4201383
4960083
1378366
17023520
15994041
19248280
7896833
10007547
6592218
16191401
3752412
15709235
221768
15303883
18628970
2962102
7566504
10651038
7137781
17285417
24660921
1200962
931429
5963653
7112513
19634826
8348166
2963768
2448037
19653126
6616544
11372043
18231976
18942287
22700484
4250369
1324749
14634514
21142239
16950203
12943928
6735779
1217447
18574312
3232685
7058907
24131810
3695847
12556095
21251573
3741504
3685634
12837018
3400818
23959600
15581883
14498995
23932873
24878491
18323224
10273160
19806971
20797450
8455697
13095193
15700052
13194032
11352590
15349196
8799134
22971308
17919076
24108893
18679102
1186573
21819092
4884997
9046950
7250466
13517871
12257939
24478308
22128638
13559617
428776
7156421
22664057
2103796
6318921
4484313
9511707
12288670
10079525
5856653
20298073
16602631
3174785
1115832
19643291
10738894
6349645
16775626
3308535
8153954
948187
11059435
22930389
7788099
21187099
3495180
3641715
16942200
1238117
24933711
13432682
16633786
5931862
23903338
9559100
18021645
23200434
12990971
13106586
13653412
11282657
21291137
12740947
24776849
18072632
9999040
6585367
10422392
19674607
11313668
22269310
20175395
8342609
21531373
4782421
19731020
20296318
9002435
22779002
13298492
9550021
337746
2103803
22575249
16641441
6059340
24983152
10793952
19934310
3677452
13992692
9787486
11008927
16246288
6013855
7204030
23640042
4065166
2696350
24394388
2059334
17076540
1793966
12299975
8940487
3168900
21390450
2698842
22240064
19627709
23399914
7980114
23192717
20140119
14139042
18418434
11509374
17296876
17429169
6836100
9138608
15719495
8860480
11087489
12076563
17862127
20061685
15318494
22274950
23424331
16005766
22570040
24916384
9922954
18185311
21646401
14567546
11391909
12022388
11554093
21185025
20035705
20553542
17913452
17322785
18613503
16627367
1269861
8442275
24313720
7992296
15578356
19108781
8890033
16816101
3092310
5109731
14362991
18399955
7852458
8215011
24323131
14543633
11487518
12828618
9262242
11048454
11331541
17660056
13326044
18377776
20203342
2054401
21301224
11100122
11991712
17254491
3140335
18909011
13039445
14228521
23159830
22858734
9132334
9343613
2466070
1436634
22430752
17610046
3569903
11080146
24589143
18455207
14059657
23132609
20600773
18810506
486773
22375902
20055975
2440512
17010453
4503048
15020407
17246170
20474420
6190673
18733095
4562105
19190888
15336828
19236989
3086437
2811777
21911553
4714597
19970777
2765913
10156313
17621865
273520
6074772
15332033
78372
10528773
6910974
4329519
17535670
23144136
14750103
19108093
24347995
6277000
9323288
1109822
18929610
13857019
20373025
24620581
20715859
14396895
22660273
16955033
12571192
2858835
6623657
22248226
23618088
13442344
7693854
4823532
16442035
19968611
5024091
10540829
7675673
3092528
18055605
23616233
15218833
11545874
21526575
19904356
7933892
19954907
24377712
9605839
20255195
7022178
16898793
2552437
954430
6549932
5931119
23592953
7951800
15499414
4769968
21446507
573503
152349
5930525
23360552
10734051
14901467
6470167
3677615
2462823
5794370
15978717
24260866
24988797
2006843
22982640
15335848
11853146
11494122
20530281
4443118
13252986
7390241
24324525
21768625
7528336
14569317
14445820
4869312
4214891
1888313
13263841
18212009
9412665
23935489
9167718
12880391
20487430
21721313
92024
13999894
11179417
16095974
14420404
11645607
16790664
17998058
19158986
21365158
17666322
18242852
4537368
23261411
6208067
3624463
18122865
22433300
5301778
21960164
7236625
9196849
24908046
21893233
24514070
504880
18886684
11449564
18416456
8141065
20311361
11508656
15323725
20282029
16444478
17754485
22742567
19551713
22385551
11959292
437079
17287397
8256171
1713795
4394690
1900572
17464974
13816028
20976394
11610546
22205440
21048959
9873440
17839347
16876820
20916667
4177798
24461282
20149837
21326587
19987800
16990392
292961
23637151
13067077
7878632
19292467
13296907
18776216
12229884
3939517
576295
21197647
4427803
11219682
11298292
12996695
20930737
5757221
5309201
6001045
3687909
14185612
16598480
24518058
11253251
48508
18141641
1056437
5505007
5387990
6828620
14959424
7992827
879969
20735859
876011
1164323
4450705
20675735
1832562
22089027
24503381
5787115
6424718
7477782
6437580
22880653
2814426
22429003
9247180
11432506
10213074
4034373
19574060
12174969
13613051
5832890
13125256
15538707
12946271
12796117
5035562
12324937
8323871
15903612
5223449
21967913
22413851
15049746
7735388
12984622
16561334
20988582
9742443
7113566
3599143
3888722
947293
1610804
14764832
24496957
19071868
11845249
10999382
18462008
3359401
24438964
477070
3117297
16880089
24972707
11050425
4488067
19816191
16584306
427562
8882265
4942524
20835529
7816828
12122186
5847376
20216595
13881069
10791697
7576651
193155
23894536
13454510
16482476
18695689
1303873
6517211
15658164
3138940
13680290
8642055
9025246
13586459
7045311
12878945
14120229
6105850
7674880
3644905
158988
23803739
5737359
612742
17491057
322503
2721463
19651371
12595435
22260044
4053622
19728853
13721588
18234121
5952133
4980448
17686683
22331713
208016
17315959
3498225
5515499
3729783
19245725
22496042
23959123
3949198
12180804
4477443
6531703
20018882
22785906
21390467
14714009
7639067
1797728
1069409
22669620
20561131
4038863
18566050
24660916
3143275
22817098
15317427
23023046
2126014
6287570
11326057
14039672
11876525
493103
6685660
2811618
7379981
2604839
10726070
24889468
4436436
23288241
8157034
8545131
11871415
23695963
3567045
288878
16708245
21864776
12613503
5498294
8385017
267812
6810742
534590
20890307
21303453
5418594
1553791
1663589
4952892
11053954
13185131
20016926
7774854
11008564
5999409
15717682
14988380
456383
6536961
1191175
9687761
14519883
17251847
24993052
11688520
14386419
23720277
24566412
23922638
2916808
22906434
7556289
6432923
7520313
14036608
20304003
9726633
3089719
19835990
22648114
5943625
20343236
965857
762764
14627552
11759601
17815467
18877743
22401266
6493236
3811018
5724951
4262195
13295323
14114416
3224657
8230565
13198505
14941
1272129
4360159
14977302
16065379
16784429
20481606
5496639
7770243
17619340
23271738
1450203
20364133
21556764
315848
5511925
10780102
12788911
9838797
4327782
5680396
24339523
21585881
21823666
10741661
11186317
13201468
21390384
15356549
11983730
2782401
16054490
22801914
9769876
20146878
20580207
2665479
19190842
24985227
10898139
4160202
24732757
16157570
14102573
12428869
19903301
7449981
7295046
2102957
6977600
12253281
20174385
22244500
24221698
10964389
12738740
9417643
4705852
19694213
13183723
14832045
8309819
6156665
23644183
23433952
21767643
20227679
6585993
2846123
6735832
10043569
5584646
21691447
12248456
3073671
756150
17359858
24911381
19023579
8642104
6693626
23962027
2006980
20568648
21061264
6260367
17534925
15152970
18797086
13393791
16209519
15981646
10543291
10010806
4328002
9535400
21301971
12418614
22369221
14617959
22709083
16450394
17920972
23734123
4120794
20234438
21968861
3864136
10623000
16126382
5778236
3911956
22579218
436366
19526820
19068266
3069590
21846498
11127192
22332366
2838041
5586511
5581493
18479882
8429464
10762816
2771959
19980562
21368551
22797352
21496639
24781294
15067743
7036793
24345674
17568958
23640209
22827119
20341441
8864908
10579100
21305717
16848437
19552277
21112183
19872566
21229280
17450388
8333836
7609527
9691432
12917407
7075072
6884161
13822963
258675
9582376
18305290
7996040
4787644
24573603
733469
17214427
5097555
14181710
13157401
5875919
7882432
11991646
22754941
14248678
5480928
9671914
2485181
6174123
22159440
21283460
5924125
11531818
24002560
10730810
1052181
23433452
19835354
3390092
9894215
6072554
24481220
287464
20119993
13923480
13143414
8410537
9123594
13904379
8396380
10489525
22577284
21248477
11292774
1832054
945633
24130251
18304927
22282151
13198990
10424017
15332050
17418138
9978626
10183876
10978238
8001146
8504022
6685043
11053276
13681812
19518153
19862132
12046053
441487
4960103
6578626
4386770
5081453
19589464
1158909
24852479
12869788
24595919
17428929
18447959
16463692
19017160
6745136
4309339
24543883
508143
12515707
24902520
2134389
7665055
6532230
10862550
19873331
13863667
546908
17576928
13500356
8395862
17261203
14431228
8061784
152906
12346046
12602853
5898368
10607085
2813225
3839844
5244381
22797003
14473827
11335208
11254539
9646037
24100428
11394940
6934179
1607119
3430826
23502147
15454809
18972278
6072076
19057700
24746933
15523371
22200604
6165231
7733459
9691262
4885132
23320505
5044656
6689830
3112921
20442360
18240023
23949841
4422662
1780892
9977165
18907898
8029983
24213758
21344248
5731411
3674043
19643423
10758623
7384757
17826818
24997326
22194889
7407305
4800419
2019938
17053025
3118080
9639037
22458765
11175406
22814464
17504323
14090415
22090331
1416754
15326734
8585416
3512795
17644902
20188359
23497252
12942439
22701174
14125011
19086296
10846932
17617960
21071296
2783299
12860336
4173413
14125464
21581155
7121606
1269521
11400571
10778781
18301238
2747673
24050842
352299
23931104
10731463
1741896
12201461
12293373
20224053
15138677
16052327
7191053
10797926
6103841
13761176
9006475
15640816
876609
6906868
8342120
17598916
6887786
15642270
4541191
16752964
2942757
18877243
23733789
5942284
975711
4529559
9998946
17888510
16869051
3876450
15811789
12529274
11246769
14602570
2391229
15200066
1646125
13790468
6948187
13095960
22710699
4468455
18277823
7162941
22117782
16821398
367873
10067104
22493398
10837727
13943808
19504065
2826208
18151572
16479215
20913985
720355
8260316
7670362
22856985
7654145
21360606
13885984
22849728
20660357
14701089
6268243
8421306
23636342
21286182
8127399
24100784
583853
3013179
19992541
10603174
1644043
10889237
12801224
20497872
3510034
8589350
14219305
15910077
13797664
15869305
19084957
9335748
18990639
20152295
1037631
18083818
1258835
871102
19522837
18872813
21840131
5942301
8334608
19893212
18557489
24858937
3601912
20853469
9108641
19603755
4812243
17692810
2563881
3722988
956654
19959299
20034126
372220
931242
9613392
16236130
3140697
17281796
5766381
8458523
622433
19531597
5707064
13255730
11673213
6935926
11276718
121207
6618927
14281316
14288095
1781806
3153797
17094703
7528300
20234985
17174328
9876656
17737110
697792
8776888
14311595
20196915
21316577
4232521
12651934
5067356
15898622
15514669
21936408
21714987
15070701
20025088
5146219
21823463
1698289
7002765
20623507
4373242
608763
1752336
13974280
8641540
20567222
15194344
6064452
5317599
3315996
16684429
19543667
8925054
20810192
7165541
18869447
3333902
3086591
22978856
20753532
4419386
13450260
3743051
22692656
13123108
7918121
20481187
2843730
19485239
15259911
5603102
18054951
16484551
8210736
7075764
29353
24269259
92534
3398642
19826988
24812855
19756015
2111609
12672262
23963862
7244957
18625782
14779860
8367743
6934776
17525856
8552854
13146950
16991818
3637208
10109037
15223732
2310707
12022214
23785688
1869414
1410247
929555
4014972
17533785
24133692
6141910
3361832
8186939
12433706
18372052
19131611
15353754
22975497
15742561
21683187
2109302
19203806
9973058
3088681
8257159
19051097
19730553
6002471
12374911
9654049
11132991
11150405
1530516
22792217
23316880
844830
22912951
5700115
8968128
17483269
15853664
19983199
20593767
6783966
7719291
13788065
16568945
6532042
10077694
14047596
15311611
3736352
12239209
8069052
12446387
19612884
9539729
3859402
1884485
21107397
20770646
16167372
24026327
13039282
7724587
16422420
9229215
22432449
22607884
2306418
15456136
15905688
8518535
6953075
22106256
3294885
1860512
4933326
24386798
4475754
21600863
15626895
4123286
2289001
13313304
14707232
10237037
3898928
6332867
11153567
22530034
22190008
7076772
18057723
3896784
15371412
15382629
5156268
24991910
2504094
24996004
24334215
15294947
16862306
20662033
15364113
16171745
12768846
21459468
22342909
17797180
3109631
17804292
2048443
22634206
16618360
4893972
14504318
231301
7835815
16563532
20949723
16920323
18618192
11248994
6502862
12040471
3015200
13335210
1432057
16010523
4986585
2798593
4053419
8529430
8831338
14406612
11518622
5453615
24437623
6536370
21723190
8396846
8490094
11543583
3003204
10664665
17381814
1619411
22517482
448026
6726914
12358746
18157293
9181535
526283
12357774
13899078
15199827
16449337
7549699
2502501
9749118
19915961
19535785
21121635
14113300
20431990
10937798
503114
8225016
6461869
10338918
2598903
16368115
22466221
15144472
20801140
4945888
924228
11270795
6324635
3772202
13958820
14921899
20110459
14754777
8229492
12159228
8392762
24466123
15728876
23076537
23995405
495792
12506461
22104068
24471325
18028182
4744732
17628750
15273710
5655210
23392294
2292129
12445656
19885057
21087557
10859592
8125905
3286041
19175034
15864929
13553200
14616518
13885196
10997496
8361471
19812465
13580069
11290571
6303975
20900401
6639179
4074460
10626193
20230822
11757597
2819887
476539
1074279
19186803
11587270
22865806
3421123
7606406
18440681
10510161
5955020
12911823
295326
16711566
23504524
19978721
370124
13654737
7068418
15565883
3696339
15269208
334594
675530
2687462
7618107
19608094
8871077
14275850
16138577
392443
7457556
21650825
23730683
18028086
13279894
6381159
10698422
10888236
280003
16356925
11265900
8946873
23136971
16284872
2527296
726070
20756383
7905281
19590726
394428
23133112
5969323
21388906
2872354
17527395
4266462
18032271
19421134
21061010
15641261
8888933
23241205
766509
9406031
4085654
12107094
17267661
9637149
4095571
2577488
10618410
20465613
21747525
12149220
872265
10522910
20900118
10866354
17089740
8464315
3663213
2767837
6090403
6211485
3560504
3142383
8575364
8668099
21641054
9510371
13745919
23761908
24362874
18908766
5090295
12068632
16396533
3421294
394281
7058854
19372265
16455039
3763228
10368434
22319879
21935695
16765870
14545940
20798270
16199613
21679179
3551108
20262232
4773117
8050307
12072764
19343260
4435906
16571779
11546188
14898591
14151028
7986657
17523886
22913921
18913509
23727212
9744874
14039049
729473
139753
13816088
15030771
21981706
16167395
19738229
1405616
11768907
14345020
6933766
8542156
9884895
23788673
7951220
3181194
9104512
21873087
12774750
18304145
1669280
2137106
6635498
1923009
15390761
9352569
1607796
2033819
10665573
11528317
8792267
18531889
2059393
22592337
21338239
14610537
1345279
10182604
7517610
688631
16244097
12792123
11106785
7921320
2336452
9399931
8621426
813442
15027009
9086581
12258492
9515422
5457140
21028091
14067386
236472
12499548
3152190
4968191
16786755
14957979
6150070
12629836
24314069
18723283
19110022
1302345
19760963
1102431
4859890
15733265
1056956
4337164
19647982
9954508
20121052
10090445
12050114
9093341
7770127
15336878
12081309
8345735
1515773
18765480
21238281
22398988
6685948
9806039
18494552
17546868
13675494
5107598
18162775
18017028
4834268
10388989
16792495
16747201
24457776
16368972
16819141
9658762
12155989
23836424
18067729
10430360
19896184
9649566
10512601
16691437
1961647
6750168
13894777
17706030
10884784
14065808
13008602
754654
16660376
804009
20900026
9246804
8925524
20895373
3606909
13808709
23173341
12245844
19365158
19067571
6266013
7495277
12292615
1035108
11634756
5250534
20761798
12170
22658216
16305242
13264742
17614088
36501
16029631
5977676
22270237
16841022
18007981
23252534
15579731
7605907
2808711
11635013
418151
10052040
23658442
5655716
16711956
17762044
12058478
17869923
17967228
5089396
4227225
11333983
4129806
2268339
7701456
3059817
3187892
11113995
10673716
4012149
21442725
11485964
5947758
7084051
2291245
2509793
23323026
10363211
20388274
6922453
22224884
10948282
886292
20991105
5906775
16364171
21242325
2664792
24724887
9831712
20596086
18505868
21993456
7685885
518759
23849816
19302537
13409477
17744868
22473686
16547700
14389220
2756975
7822844
12121219
12497211
9432730
9433378
5387868
15137390
17231376
17011747
10004302
9563552
14431159
20642118
7775483
18802618
2970436
19505411
21879300
350076
3944068
5074481
718675
15241476
16709479
2958011
9724064
2146260
15949087
11491920
16202874
18299998
9558533
10924634
5419849
17185782
446893
10822904
24373313
13957061
20580108
12220237
14491350
15936255
15532345
15488552
17883243
6240577
17179482
2730261
7845169
5613888
7769369
11042286
18044548
13042561
23864205
11447940
1242528
18599815
10752041
15495276
6347862
765551
13222868
20989333
6067454
12454780
23067713
14454076
4924609
8209110
13839192
4355088
19555429
10620560
20276528
6501081
6277700
8016457
2888813
9299896
14539842
22467771
7561930
13204239
10618106
22980300
1327166
21584485
15670508
13553085
16733723
19350468
8417228
8642079
20098594
17682236
10122827
8177841
14608576
13173534
5790053
3472155
15305802
8264020
7262551
14996152
21534665
21256479
7910990
6235931
6318360
6947454
571794
5727665
3001867
24527909
11377080
3194232
1444330
18690086
13373963
23854593
20266523
3789895
19361447
18841875
22795256
11861343
6253596
16812274
24566884
10259624
12182443
19259936
10068321
21390727
8590628
14040778
9261376
19514391
13287509
18622389
4221358
10770469
9199052
691455
798427
10034608
19186889
13811512
21047392
15115455
19364232
15035151
5484036
10374593
16460749
4594979
3904109
21469312
6317264
7298423
18958273
1815222
17495866
21093099
1500157
625039
24869983
19598185
4810266
20049165
19105250
23556015
4377271
6468940
20855308
7755063
9860022
11522269
2271977
18455623
4620312
16803566
1166068
11682712
22437758
17551866
17175687
18604570
16127255
16089024
11450427
3011523
21240339
5030177
10555776
854894
12031107
11939680
15804567
19761065
22945470
3913840
18847888
8019762
9833982
21629098
13831426
20586093
13204538
6109237
11094202
9793513
18291584
21327992
1721576
21659740
8610792
2680429
22393602
13825342
8519262
9860079
17060423
24152915
21916833
2296707
2253782
4642005
11547600
8146324
7109192
17243276
3968518
13679648
19407133
11461002
24880162
24519357
2241852
8012195
21543688
21635326
8088853
24561888
20333065
2727062
961187
12745757
20464324
5931519
1096802
11373338
18464987
14812785
14581576
22907519
9550971
15884489
19983434
4987442
21658069
23296156
5740215
626787
11193456
22236183
7635652
9145730
16649987
23435002
17184315
20530227
17725854
270332
12162257
2750726
10168111
8254976
21882377
14456025
11796854
16791104
23253324
4589129
19150328
16107007
3552593
1650581
14258858
24840577
16053087
9438445
6002277
24851229
24768115
19987354
24537002
17518475
1645735
9318772
10374040
1658836
11222768
8691011
8711514
20768210
24181559
20757264
7420173
19117752
9006348
24451093
2773557
19670315
11789264
12429043
21309056
24012403
14595475
8762203
9713451
24678820
1236993
29475
5336898
9944817
4795166
5124563
2658320
4125583
12408606
12327174
14263225
22298789
22027580
12682893
3538783
50064
20071967
2548823
18632741
16376246
10814543
2638762
1845154
18296907
17188450
12793400
8475088
19395553
15149682
21314794
5883335
5649578
13149103
13861865
4157474
1911587
24886283
23925426
9473857
11481558
20241449
829437
16152393
4788444
18897403
13688903
21657657
11843871
22991628
1838492
1614842
4940562
8551753
13347426
6426711
24682900
12027796
10976496
3667377
7434193
324259
20358127
16490296
3816437
8096503
3724905
13293714
9001934
18027061
22173576
1692538
5718875
22112574
7541021
20994916
23217070
3499909
21647580
20943075
6183672
9872400
7635212
18033998
17198321
5042457
21729798
17651606
5464178
21045838
355143
5161937
1055846
16218018
18438832
2835259
5584844
22849598
17168572
9857877
3147284
8226198
8500470
20954510
12765665
14844932
3898091
3806539
8196067
21615018
11044264
17842566
505536
19535956
24377899
12775025
3218322
23875345
10747030
5562607
8440639
10871203
7575518
18086783
7080708
23167857
21116946
4175633
21911324
15794610
19045090
19981155
24036090
15536573
24237387
11450284
5051807
15918876
18981972
16148672
1061587
6150251
16900704
4835384
21317761
3764051
15356711
8442807
22824495
24505447
3637449
10239130
19846240
8306355
21662159
12461879
10036396
8112079
3747935
14518108
7446536
9731553
12381685
21897932
7602163
8952276
4773198
16016871
4389141
23580965
17274011
929178
9167887
16532506
16076271
22872830
7740375
14547777
11599541
15416884
15674530
6247502
18998791
9405789
5609148
12449455
24638307
6651415
5501942
17615153
2974561
24563202
5847238
15565877
14421215
10216805
14246856
8202835
4728584
15340516
16947538
14943512
19543364
9549379
12086283
2304140
18626144
9425168
18545510
13923352
17552554
4166108
4085031
21089498
15428968
4338521
9337153
606976
22819355
2130475
17576986
7833209
3396649
11534859
20243471
4101748
5219417
3544205
18282821
22448730
2435936
628631
7752180
13056709
24059869
14400472
12472115
5598389
20035704
23170687
1054158
16649638
15339654
22193794
22817770
14461304
5327754
6890361
9553921
23088429
19445550
23021508
15548227
24127291
16585558
902082
21244325
7191099
9431703
5863259
6166817
10825244
6058730
17503231
12766440
22143598
4965601
5657883
10794544
3226528
4914787
20097028
8416001
17311208
21888732
21947044
2304091
7782912
19262141
7263422
15180458
20341590
1910882
1197564
4296441
21375816
4957035
12888831
18446345
10943197
14142871
10423825
12557911
8803374
8783334
16220892
12935770
24264121
21743041
23611677
6532550
18351971
20727913
3242802
12005561
4058439
4828202
22485705
3750985
4111662
22894888
7777147
6995790
15988433
19844043
3211923
12267464
11421936
5155263
18648134
4637506
9985864
24602024
4043589
14609731
24958671
22632449
9367795
22483294
16217960
21751512
20073630
5747942
12965544
6990581
8882054
17466230
7132681
12304988
4454594
2086041
23550131
763702
17799543
23662984
3364849
2619639
13239303
5332391
1093570
10673993
5337200
13907393
22717896
14380683
17396062
18696853
23990417
1496018
23720282
19196840
20493450
12143356
9064277
12401515
5048434
840252
18271362
23465253
6551546
20386649
7217591
11495165
766388
397194
5441897
17632089
22054892
15940043
17732200
23996434
8640087
16200511
24393702
18933268
14013595
23629614
8585390
22816993
15473407
20059500
11509087
11239301
14933168
2706335
8449140
1428502
19827380
17106623
6899192
23654010
15053553
12557030
17128207
7700566
1591327
23951593
20792953
13390508
808499
4229107
9239119
22204751
926928
20457494
21931268
18435524
10269442
11257717
13537277
11165814
24299758
21912764
1348502
10388374
23606094
1577213
10775697
1224285
13380561
10626683
10079498
15459894
20887138
13899922
15432449
22759811
19825104
6190130
2337670
18400555
7842378
19648685
22049465
4107171
9265117
2765663
10031196
16746441
21259713
9642184
14957215
92807
5369140
8414302
24784643
14082867
16308485
10505118
6157771
6027810
5292809
6767670
8017674
15992057
15835353
4491555
22803193
5357915
5727446
3522596
13118377
863264
17690138
7851902
20340913
10789191
7963103
3926406
7893843
4783414
5975124
21759911
1595258
21321152
2038902
16846211
7633753
473763
8581503
17229639
11870502
7271950
16918177
6158024
6713663
5936393
22245081
7339203
2775119
23257897
2767218
7925131
20395466
136221
14997871
6502469
22336635
6891677
9180772
14069576
20763274
23153101
9751021
7081170
7607551
3210888
2560408
2447739
10273199
5864665
10508140
1436267
6468876
8314622
18254773
20593810
13653369
15901495
1817488
13631515
9397311
6580607
12925365
5137831
1594819
4848392
21604356
7862268
19407884
8649025
12017507
22527271
23158229
14939393
555184
18582916
24025846
22078158
15108602
9976168
23807670
23121643
14263680
10421622
1696548
3674376
11081621
5419268
11794591
12176074
24472374
470650
3219445
12767052
694238
15227858
22914980
18383572
23822828
2943771
23324845
16232924
21130845
22340130
10881682
23123377
5130873
4354084
10066312
24327357
2573456
18398686
4704723
6820036
71893
20304761
16333571
9651325
24661520
24525725
1599021
6946174
4671887
13400144
5131518
8837558
21165003
24480587
335760
9391878
21673491
19283771
23830235
14025766
4618951
2730470
20706094
24126417
19020559
9922723
14010266
23100342
16567340
5348764
15166762
714950
3433203
11525374
16858593
18461712
494654
23528798
11943702
23969648
5787337
20855908
13277333
20866212
11386790
9413464
20300545
20516417
16833592
20598751
14845583
15374122
19314574
16562486
20565691
16726371
3781774
9935079
115504
1414662
9584606
9866361
19321884
4417766
21078610
1107910
17320722
17151485
11811601
21642519
4747592
6742112
20289111
19526751
1521387
11197633
3782112
22388189
21332911
6078456
17523653
6528222
21983892
11240749
6095998
20532690
16667019
16427589
17037041
9474931
6008522
9699646
4829501
6797847
24618807
17341246
20518417
4860892
14992081
19960553
808175
14377273
11087878
13686867
1076196
6199972
24411369
2314757
9439643
13091700
7464261
20331957
7795687
22040502
23747642
6434290
8812888
13470996
21355331
8987329
2968462
22287672
17944919
457416
7276062
8999735
21552945
2201973
2972058
18732615
2949664
11385911
16157129
9440631
15664980
4937744
17516387
20604637
13991586
7329935
7735009
23497979
16842309
11785683
5321481
21703062
1028291
11054422
22968518
11463784
11529479
11726245
23902007
9466116
3167025
12929060
16497559
8426520
18631404
1937575
12630640
24830489
21411766
21266040
1662299
16561271
2278172
11533321
15586732
15875738
21568926
24883603
1166412
10468059
13791188
5094039
24544879
23869794
1088181
17084364
10368728
12290497
3713165
13892795
6041970
17324437
439284
12133574
24210498
5979661
23778833
466036
18812054
16440818
14143364
743627
9414762
14933384
15937846
20315528
19993647
23251272
9823834
2315358
8709203
10478900
2847456
10226366
6446165
5753809
12417067
3932853
2108936
19082757
10163096
15045591
4836157
23211001
22209730
808600
24412294
10987579
22964736
3389196
21403665
312402
20686925
16254687
6376549
8303867
11686286
16639584
1692686
22344090
9362489
23525243
10419549
9767628
10174324
2932016
11497757
6008262
18052506
11582462
21467781
3391688
17994182
7144066
20680286
19425952
9084386
16778992
12189259
8750239
8030643
3189789
11827854
10505348
15947200
24361764
22854882
7313327
14330513
10127818
15100847
18292275
3185620
3645663
13558877
860793
6277718
23068387
2454664
21749014
16117927
14685450
21305253
20638188
15218492
22705257
15841938
71866
1215356
11787041
22073454
9705335
2712191
106731
11236220
11385807
21492931
13611140
19222669
6768591
22856831
16521396
21833857
2942287
3220128
7886291
9258207
9117131
10386372
13622603
24423047
9418978
4630051
10087723
17872390
13890039
793092
5739559
17925225
18064501
9561992
8615405
23936023
22736199
22798696
16272613
13521012
19714383
22848257
18147978
4311989
2305449
10971265
14761112
9580499
7178136
7294955
20168749
7990113
8238871
24599518
10825188
21986375
15215924
7817788
24049016
13218275
13216184
11219453
4368718
2533066
16538244
21725890
6383584
14998914
20301112
16833501
23560606
21176389
3591018
4577474
1298396
2901646
22140634
24648297
24462278
15634993
18980372
3704609
6313697
9466476
10104685
7819131
23711911
17897128
1957027
746241
1674259
12809177
9736645
2860186
2873171
10941206
23066879
6398204
14818476
3544426
9840356
22149431
23729500
18788551
5109677
9022166
8989650
11706141
4930465
16969426
24099949
5417459
23783522
17524799
11321500
21373278
19684562
24226639
19918249
23251415
14132073
20473049
11819918
7869346
24383919
659911
13279503
18341618
15593198
14526921
24189071
8588278
5516039
13392253
15964011
9005695
8652285
4985708
23788137
22198788
23446423
20595270
24403330
16118799
14327110
24090523
8049697
21342506
19450643
19355204
13086209
17372448
20686088
12491287
23086349
17350402
22166035
12520785
4206389
20461154
17143505
5784127
14030161
14101096
1166560
8299708
23694737
5260015
20767806
5396213
8021118
21912847
20143242
6837620
20015164
15081629
333220
24210064
8604723
19426833
5344785
13504058
14439733
15755821
7150086
18210181
13590883
12204564
16482071
10572567
5165112
10726869
15452546
17129313
23607640
19475666
17145122
4005941
6953005
19960467
19609282
1905233
13831373
22518856
21639625
22394150
17920320
5893445
16790966
17818687
8794627
1742976
8972316
436925
10033732
22544902
10501889
6263976
17682553
23723065
9246271
979000
21571051
10478680
21704494
6539456
12666620
23173245
11156818
4956426
20515921
16831392
24010860
19110712
12726301
8865287
13810153
11878869
11863642
8119926
1025931
3608228
24848974
8455580
8376692
2637472
4752710
15962823
15301599
4598574
17548220
23874932
18921596
1455054
19538557
428718
14002073
9490027
19263885
6946498
18268210
17962191
6489393
481577
5562984
5397485
7980964
17661310
14657220
17521304
1346793
968138
19121067
1135850
20901762
16324806
22121120
15407652
1828634
21919021
3310879
4997713
13363290
21332771
7395063
9434565
9566401
23134584
5179565
19046697
10085439
23299663
14796368
3053791
23939944
13109921
17550366
20566300
22559958
365040
11863001
14973231
20967551
9950589
91268
11350455
20663601
24918381
22436135
20124698
10655087
12219717
14069473
22020467
18941723
11343841
5161117
23517199
4600119
2617406
19868523
12436347
5013500
23984526
24281891
10275668
9397880
10194052
8595448
1369977
6176253
23754219
11671290
22055863
21639540
11019856
9148164
12035222
9277523
18832596
10149197
10592521
8417254
22125383
24686070
14256790
14655575
22064666
19790435
14743744
12644357
22171934
9802642
20571815
10323124
23006628
22991596
17168063
19167391
6860392
14083996
16639295
24486976
22083560
15205634
2805150
8016078
9695744
17802178
16499892
18134928
375189
3143117
729134
8157297
24276262
15076939
23235517
1999040
7934499
12697098
21913928
4199986
22559638
5592144
3033070
958413
19851811
2041294
3526580
9508006
13403596
4256751
20808580
16364977
15180207
16105219
13002268
12665812
16758991
18596935
17602181
14005460
21514525
14360119
14795677
6779828
4669037
18795034
21921511
19878003
18934786
24646744
12666392
7785110
2603572
14503729
20958247
10365366
15406822
21609788
15174303
12030456
5068197
19976586
19982331
22368704
16791320
17267820
7738938
8498424
21160878
3714799
17000392
2501281
24641052
6864831
13931030
1876112
18216426
12419758
7419394
12668234
17352433
5423093
13204417
1793905
6746562
16879525
471807
9971266
13551562
11659888
7609007
16830681
4498500
12814541
4366285
15064425
18204272
12217578
4229136
16865407
8899766
13360247
5764616
2820448
9396825
23151794
8372472
23518134
5542204
23401066
19752411
967923
4401812
19813089
22477055
3543729
638586
22257132
9649027
495789
4748620
19146365
4510274
15955856
13299754
16273394
22189215
22924323
42578
4485917
8465620
24763454
14240877
1661984
4429548
17693999
24854016
4483741
16968156
10594680
369256
21748965
16647832
10274321
17944593
3447844
19585489
1427405
17749360
19185813
11572502
11865585
21911780
17402649
281207
16328399
5211296
7009497
24558382
4762689
15567230
22482588
17424120
9397291
4021957
955048
2904712
9818595
5525452
22571292
22423529
4523981
8506390
10309163
15815508
9895712
23723113
3716013
12704230
5607330
134713
11936517
18438927
4440446
17847974
1910547
19267662
22619046
9585004
4917586
24354823
20710363
6782560
17410607
19741622
23372006
13140332
4636164
6522008
7008419
22035577
20293643
22905652
1031119
11155782
1036460
17615499
5924792
21161437
12841112
10669089
17637922
4982738
21178837
15229384
16901669
12667620
19817416
5814008
21961640
23091279
15082192
21847676
2545460
15633461
18780509
20797778
10232473
23191644
22999965
4318606
15610671
14128241
590353
17158918
20217197
8525212
4625825
21875593
12520301
6131844
3210501
6646371
9541967
12191332
19189091
13977418
17709733
14091217
16709170
18694179
24771098
16219819
7442380
19870600
6123953
21616767
6457231
16534675
24465387
15812315
7354793
19617707
17827143
4714534
10508725
13884702
14881091
24509421
907578
15791330
2963029
9361176
3852324
24047478
4049005
19469087
5850865
10236754
17272438
20417543
10984179
19080601
9404514
1672415
17977297
24435604
13074385
19810885
23847601
17481078
13155725
2874011
12552664
14398669
2986203
19677621
15842412
372756
13582144
82033
2308005
6898213
8233795
10110721
24600226
23988779
3890626
13046656
12380521
12438801
3870815
17067878
9621193
13158119
18505175
356031
6358185
20794379
9097940
11536061
23216270
15046536
3207501
12346679
20865590
3248760
18917134
24011560
11636413
129564
23438648
17008369
5151626
18448829
18282422
14126312
15912874
20398903
6513511
18191428
10763673
8241566
20128947
18123980
15133551
9210295
10821198
11993622
15599770
70347
3751661
19233042
23218924
439820
14287781
15887520
15554595
13783287
18044098
16458713
5763830
16124719
2717715
17822466
14705399
24996867
6966573
22977574
7454232
20859379
11163306
2357658
391099
656710
20072037
5518117
10192825
24842712
2579232
22215422
6974289
8257051
9452001
17794201
21318450
21909604
23455538
22321225
18809441
10907801
6835787
15085190
13691360
12992397
13048588
728021
7130524
4998368
21862090
6795927
3113099
16311961
10869780
19112064
6370015
13427709
2035204
21800596
15604165
7753998
5893686
6182612
24286925
6766538
5258632
14533098
18995196
7902778
13167308
5511615
24582693
24159890
17737016
24916555
20817720
11247183
6146844
753593
9520514
20178686
16137947
11418233
18061603
5726171
6014266
2792619
20932632
2939388
18540157
9803810
22325252
13393572
7788033
6810284
20663818
11588610
11796806
1294592
23240713
2214465
11579951
16685918
13669717
335653
18291134
10701784
21178210
12481069
18016650
15911054
234569
21568181
11659316
14800453
1029908
15783965
24306446
5583916
703276
12735249
11181248
3739662
7897514
24558827
4658205
5569067
17714985
13742073
23793844
8913641
23407911
21743126
22060367
22881215
114679
1284317
7462897
23196439
10312780
3756272
22171635
15027013
23596746
3749379
17906078
9861007
9066408
23677782
19958421
7202508
16916353
23630299
15576212
18939887
8849153
21489467
24959539
13028734
14533628
5586298
23922177
17059187
20387723
15485431
18933256
7055812
5476808
17353211
19272865
24039395
19376654
20064428
22114294
23546494
2069504
5483622
17275250
2085813
20440357
18849149
335263
24841840
24216197
17218245
9932103
667948
23428409
1102653
13262385
5998526
15222828
10938534
16615484
3378704
24253414
9755691
17881400
254393
16293462
6930322
6583107
1961820
16056166
16611678
2952503
18582228
11766215
20307217
5032864
18647715
15271827
22824374
8569741
9481004
9529364
1658775
16950713
4975616
13574361
8006580
7526782
5013492
19593195
15533145
9571708
24583725
8892432
21881867
3657004
2017319
1728605
4807148
38173
15182282
7509935
3172787
20067094
15713851
21023069
561082
14880732
11162621
4180022
2578679
2312988
17252700
13477524
19861507
9407442
15774577
6993731
7387844
6535900
22491061
885243
10260943
2600970
12542010
23170223
4971137
8763463
2833218
19931827
815047
21092458
15932741
2006697
23310962
23344768
10936343
20464658
15723296
479206
11519355
16081573
8371310
5034398
24636018
959416
12133556
11534648
15402723
14051085
3340028
9774105
8944865
17174793
9796332
13815405
8221259
8776843
5703353
10687248
12187925
19705253
10002460
18077226
5177999
24193304
6183087
16569030
10347957
17111535
17222149
1817099
18423747
3783825
4102225
24009748
12419456
20445915
13923282
18327584
7116780
16053333
1198936
2629392
10449865
14813791
6851945
15815001
4188744
16408948
12240464
20160081
13379373
6918747
23950557
14896455
3785480
5165256
23137807
22693500
1671764
12823539
24653249
7855910
15759274
2521972
10277338
7602152
1968141
8199973
19753129
16551382
11927329
22044837
23285023
21127260
17546963
22413778
7902502
23149070
967899
21990501
18371075
24741182
17732314
17511115
19760348
22415929
21057707
20844440
24250464
9374115
21926866
15688522
11333337
21965106
5378941
15580852
22487057
2645978
23448960
4535855
9345398
1835518
12515225
9184761
5576005
23239492
2464217
11221119
19868807
359639
24580409
17929313
1482224
666785
14541300
12313067
22962957
15464724
20182182
24149139
16603273
14183825
2154537
6160569
11459311
21416297
2821276
22649356
19894635
10835707
15950890
10007059
3906425
13239283
6217538
3377079
17105355
10463577
23823022
22383636
19127182
21782993
19942511
11888900
3950005
23818959
20492882
22503760
269073
24656323
24172639
19492954
9946552
3522047
10283770
23355763
11460513
17785073
17753173
23258250
6410567
20247152
17301720
17287295
5385189
5580924
902484
171181
3539374
14397493
6618441
20022796
13416640
16362651
15357907
23001982
5528430
22428704
5548516
2029684
12993896
21921146
17186573
16145988
1377373
20514967
21951062
9360880
8072034
6142119
20071760
13844985
3545859
11090203
3171442
6697979
18541547
20718849
2076262
23024697
24614679
17827617
6091909
11443367
15665152
14454636
21469674
22775699
19804775
4284139
22709030
15354812
20707488
3882859
16869185
3741197
19189987
11911122
7096015
17278395
23573888
10512905
21150312
8067397
23836016
19560882
5493663
1547071
6448609
23544557
7249554
21429127
11458172
21193099
11652100
15018648
3165216
2572955
5502528
23294281
21602850
10731621
8260275
7016848
18084170
24608373
23559513
10967441
14948321
12074123
19481469
19694920
10375934
8404834
4904675
3311005
9972419
8483767
426102
14817341
514998
19501822
6840528
19881283
20999827
1527828
8266294
19821992
529930
5889703
5650110
6808141
14271057
6187424
24124820
17850808
20373107
24920141
9562266
5190842
17097326
13323971
14188548
5450830
5619929
9509269
19756019
19706873
20229264
15912725
7208831
11739182
19562603
14524889
10287260
18989427
7493565
12928762
23795220
14087295
8373295
21637598
11185578
24768899
24951869
18192763
9775691
521273
2379310
19433700
12890643
13501988
16009800
3151714
4459576
14865313
10034205
16716833
21543081
22480184
20170007
20566576
2368031
22674469
13537984
3431410
19601735
14341323
9264700
14025802
23824595
10171327
11567446
20181484
4130856
22277208
4053965
3198336
21945265
801485
20273892
24998536
8800175
4750528
3183545
18575875
3005409
17339342
21875111
13196407
15011547
14631339
9237061
21219101
3158397
4614438
2453341
12932528
14823558
22180366
8909090
4837925
713575
8920119
7246125
2529740
1571052
3106473
21314130
1526881
2960911
15497610
24061659
10187678
6068457
7213617
11533584
7807327
15486019
15266512
20976755
13465466
6831638
9923017
24619400
1336541
23165787
6444302
9882148
20288552
5420425
18406501
2713264
22746135
3887782
558579
14494164
20875479
17006652
6320824
8768998
7556324
12851794
22107044
15609090
3761240
16955460
11714903
17454940
20464775
9888048
21264844
18187826
9282405
7358647
21593839
21567434
1241621
17472865
24028671
23005260
8904440
8606538
8894563
23427683
4881373
363501
13792672
15562357
1877860
17521034
13276342
13004837
18111659
23437696
7782223
12374916
5577451
15647404
16090395
2601410
13576019
16718178
4812864
6638797
11713004
2182593
24808114
23390209
14727697
20769623
17706493
15825906
313715
7831379
2480704
6908111
7868820
1944321
1466482
3326073
7181764
1555689
2273070
5719685
11281134
5542734
20255158
5141490
5203676
10098312
21734008
14758286
4161783
7006044
24849764
6431033
21238836
16235
12307442
17236199
9352767
3543909
711775
11700720
20503282
10232074
17893102
10275720
6517333
7241505
10254354
16823255
9248250
8153622
19910803
6347332
23198386
20064609
12121891
11206749
1208826
15150958
11881947
5054967
6664437
6839590
23603593
9945559
5062759
23288942
13066501
20200517
11769105
12518009
6238362
24754583
13648954
972030
13233412
13046953
3448375
5630868
21685258
6654094
20797476
8454679
13949686
19769944
2079333
19563546
9967671
9152072
24568039
13672860
7588194
11069996
18878331
4780219
2615530
16086006
23750355
22559645
8182890
5074937
23205736
8566371
2636217
21084932
9833200
18654622
11359198
24556838
3239146
4656220
16668406
1005497
20973658
9446653
20613744
1033482
14182096
18702317
24419826
1788087
11432458
6854650
6068064
10431291
10490435
17635895
1812319
4826592
4255144
18372019
10514215
2128780
1229203
23314351
18709169
3167020
21594498
17603144
18247762
18493209
16935390
20781088
24627365
7234365
12665692
2946389
17932568
4416221
328826
22175232
18302904
4125105
6401889
7187339
1272848
24471400
3925563
10781176
16882147
21044085
21115280
21026032
4111705
24706334
323552
12808886
3389257
4828852
13214740
7069659
6325730
9929397
12972297
23369729
17940846
21345042
43286
10786402
20259808
16736747
17309974
1579695
1189972
24129459
7455193
14891071
7934894
20604983
1122398
6121273
12785405
10088536
18856729
18825581
13149019
3113630
19336672
2566044
3676925
23675153
16117989
12654789
19324788
19167496
5435073
22757275
9684309
21434174
23200462
9343162
23043036
3445917
603344
8248390
6039548
21784297
10567721
17673208
19656572
16548819
14675251
12263933
8245457
9448334
24700430
7266544
15922354
9843284
24291900
18786394
5959796
8040910
17789232
5587811
9700840
18861331
6833199
4525904
8626883
13433991
23101374
17000445
1629908
10334751
18576578
20580737
21529661
14309616
241765
10420615
6682770
17303814
22222201
17892543
11395977
12708838
23007772
23982151
2031054
24730863
13474196
11333061
18306096
24739964
7620495
23684192
21850258
3420891
18321445
16826370
16152103
7763182
15652201
7320170
14819103
17168565
18617197
15603761
2752915
20527604
7024008
13839372
8077117
10018893
249768
11719907
12990698
14793651
9890588
23551000
17990203
19188689
14876205
17534718
19283693
23467509
2924941
11845004
18464570
24367823
12268428
18324651
21077540
18184919
20934135
23581708
2933221
13314762
12512197
3781254
10341331
9835165
18825519
17148258
17976932
730957
24089759
16731731
18419681
2564264
21631816
12179085
19666298
8422145
6785596
2264881
21337781
18928343
5658038
9041585
17567062
11392995
6002856
10357566
6243391
6334736
14976738
5332773
22564328
14089544
11206494
11476280
2971249
15448188
24226023
20908880
22849875
15454640
2551036
17515715
4319528
1018934
1464494
9094874
7053158
11283833
14442666
8721798
17450901
6632632
5218990
24573697
7992405
20089796
21739641
24246716
21724771
5430139
13421921
24546047
10993742
1302782
14230349
12946224
9881465
3904429
13619935
11937456
10134047
24397296
11596620
19295276
20124762
9249909
21067432
16455800
6884959
427836
21707960
9929031
13004696
17068853
22956880
18227571
3612336
20599939
9314629
21626316
22640243
11325538
3797819
1581036
13645261
12532276
9605004
14783199
15381960
24254542
20658585
19583930
3249189
7048571
12700491
6684373
4056795
20506974
22552773
14167550
1069309
14964873
5472017
7273732
2884507
14259721
2999184
1038071
8450124
14345529
2539622
15490721
552501
14709550
19730176
14714904
7964065
21896865
7096695
7426190
9277929
18966578
7185029
3812336
8926013
1456876
10424895
23473047
19002614
1770103
18354345
8484366
15741256
6451910
19048338
21719139
7796142
5548260
22135925
5290477
12794536
6214192
14744376
11300266
8321614
14040197
292184
4754290
18429693
17606913
17687717
570829
13646508
12529272
9213189
4450041
19389410
24563019
24215958
6127759
9125390
16535986
8684774
14396513
18299443
20973677
7258673
8672949
24882266
14954506
1815851
13885650
11200715
235825
15190585
16610013
21948812
4000883
20669337
2871122
21702368
8570613
1921009
23408037
5264206
15145180
9900780
23949967
15564623
4855873
5546039
5158172
14702084
2854395
3431598
22709423
18068246
23304587
24959375
17646721
606910
4974573
17667151
264366
21682561
20146383
23187153
18879059
16487551
16813958
17152439
21626002
20586564
18196735
22259125
785245
6994158
18491985
7934081
3912495
1498200
3552696
16142888
6592962
6388064
21253948
21329235
23678020
19892228
3916603
12713559
14429288
2715261
12583797
4228601
16252122
17659211
4500050
22209128
1702444
2535539
17266630
12801100
12468635
23972444
535242
23553396
19874734
6152954
12664651
16260770
11239214
9615210
4562747
15773788
18086975
13084461
8906510
21896585
6516692
1047647
9988789
21736477
10590633
17047230
22398566
17267393
15049392
21749190
8929034
21813507
19162820
83244
3022518
24357797
5335915
16228435
16843120
20950521
23792458
2662106
16280943
4268969
1106184
12950994
8990320
11004978
9692025
17978717
23758927
6811944
22152063
3075583
3467026
21273180
2077740
5273606
306608
5279725
13992848
14965338
13355337
1980356
15454192
433002
778232
198731
12408895
4534947
5560461
1319420
20025622
24143906
7272158
21766660
5497136
10644779
22530210
5778051
7192768
3452275
16551814
8289406
21453068
15692100
5288285
14846509
10595934
22667557
21533175
9889193
20366199
24120406
10629438
6302683
15384160
14263367
1446577
18410557
22554845
12876504
1076811
18587057
23821518
24104308
6784282
22957087
6295684
8007858
2581428
657410
12002208
24046470
19296005
2684171
2429048
5612596
14289825
6039314
23475238
9718324
22214644
8217004
9620409
5137955
3913426
22183398
5297167
12801364
2989137
24693553
10659106
9137122
3080578
3597682
14784501
13014421
12911345
23744268
24703892
19156198
17866946
14644450
4294791
16737118
18951105
18202700
8027665
1760169
22105942
24082986
12424848
755619
14281662
22239413
15658618
2963933
6238596
20997852
10154988
20063141
24964052
10991991
12982970
7669941
11649466
7678078
14493886
1446126
6337416
4277286
2492347
3696894
21773464
18208403
16510943
11109684
3777725
11486707
10388419
7567881
19713882
24045492
16979918
5808040
15206989
3605373
7562055
23452380
23511964
5523139
13798953
6019468
8700638
2118922
15574900
6359242
24314711
11891534
2564623
6892643
20959205
17235138
21905002
18093144
3747994
23711350
381185
16163918
1081712
24235855
21021530
3548956
9950011
10465421
15834597
14227432
4968820
14190647
14423601
19890612
13045391
9411958
8933391
3505660
17793543
5645415
19229372
14713220
4934521
13869921
3254478
22665763
15285102
8345177
7227732
23219644
9577598
23888344
20390457
17097020
3504701
6169180
20505699
6534584
14888282
23982092
14322386
7360945
7041829
9046293
22234964
3818006
16453485
4802399
21808998
897793
5366721
224563
21052471
6132680
18024514
15239120
10025425
11515299
115677
1587786
4189750
22433859
10973751
18833974
10904689
7329024
5533647
2066549
21103267
9640860
1863859
3405179
2842772
2433768
477200
1357988
7467615
17344059
12780200
10730617
6820871
12305540
21715172
21219414
1844914
992936
15150746
20323093
6758275
10441381
12342976
4671120
16743009
2498901
10893614
17679773
13192166
4049556
18359233
15885978
24286425
18959404
15347810
5205374
774982
17397718
2378240
24878860
10690810
16278345
3079607
14245727
4690243
23012344
14964309
1801124
10392232
4392327
16634176
9496385
9324520
19339649
5536352
12556621
16183936
18212408
9547179
24984834
4240014
15635228
10092137
16744653
22212627
24954617
24177807
586419
7270191
16748948
18396568
8222423
19084588
12805238
175543
13137504
2091139
10880410
22937929
22023456
2487458
20475546
22633818
8862453
1363586
7195981
20476150
6492888
4725251
16507697
6131219
23991532
16889857
3833843
18226891
2372272
17229773
21400526
1664637
15126088
5953810
7330225
12320215
3555868
23286792
16540735
5401988
9761002
17406527
5112881
16365689
15084682
3839427
17987614
9959142
17709965
10754683
19935217
2641002
8430201
4812968
16776512
14960953
6211990
23396822
6148549
9106434
15537974
10706704
21572179
856993
17077690
8472465
4995672
15554877
5648924
22989179
19097133
925305
24285030
22879344
15773951
18667498
15869219
11544914
9260282
24032474
12698189
16222961
13712682
23328468
15039677
18449670
8438483
19171151
1665460
22308718
2534749
3034179
12522584
13288220
1354213
15021381
5023272
6503187
12340209
13410858
12178107
11534981
23407009
13884622
7120643
6740329
22418694
4747158
6784250
11778943
10968003
6430492
77616
15082598
11520778
16582197
20846241
14243582
14225587
12740388
13018285
20718383
6954991
22004295
17093019
9179433
17171380
314141
23004401
6329966
666429
5631310
6722757
11532482
9448297
1841976
8700706
11939923
8996215
12701735
13855596
3451310
11839332
10560620
394517
6317862
22517248
20460279
8707360
4620683
22256385
831180
18990915
15443152
8483196
1955769
15086189
12745713
14379043
15738153
15579993
22657411
10617908
19672199
17476958
13499715
17665406
20165741
16780700
14860590
19830878
4532719
23570010
3123713
11639842
13579548
18044753
16787803
6770451
18115668
6455912
18890692
18924788
24673403
13226529
342605
2786470
19502705
10162369
2020655
12001099
15109316
23913640
5745825
18187502
19617604
795296
18894322
22956488
15912403
14763965
11320141
19888131
21610884
3710465
21226700
957000
922901
10629204
23696612
8551353
14758162
12501236
7038448
1996097
17968847
17967886
368624
8444367
24272657
7190079
6495681
17141649
1597582
17249835
860985
22260994
12085367
6135259
3266399
12232811
21301705
18127175
20738577
144249
14262120
3198192
20419801
24178431
16725367
6656005
833224
11614006
15869461
18095630
4996202
22857335
19987017
21970017
3508478
95519
20721592
20266423
6769120
16343670
1150562
17334695
23484613
24772781
17213379
6132398
1467445
4070191
23912580
14017919
18463195
2712874
8319927
14684736
5260623
11896598
17092531
7005807
7225410
16057046
8233876
3191359
3554574
19578055
24282059
356350
22014725
279187
19037277
18257816
5970551
19784802
20483295
15587582
19312431
19498623
8228701
208154
9102450
23682483
4785399
2880240
7632218
12301249
15170915
6365659
3249532
19956080
7604007
14136375
9926380
867229
15117483
23799780
1348122
21530900
14341004
5674571
13149559
22292616
4047826
13251175
195295
19066290
6852989
16435154
3013211
19498272
22588701
12025130
17044514
1900660
1732482
1047186
8463158
11228849
14110918
2887790
14073315
10022692
2181506
6173609
11287183
364969
15524086
17154004
11420586
21242846
23359823
876136
23187055
14282133
6804622
20440010
15232687
5114302
8594730
5716906
938586
3133661
455096
24584395
5506357
10748438
7850201
6787968
9266909
5924955
6979549
18561689
19213306
6395117
8416807
18570196
8479179
21468740
19364153
2787095
14854224
5544939
24073710
22160424
8843991
10121522
19709027
5352648
24104631
11605684
16445877
12876663
12013095
20177597
23495564
4999733
23159531
24612626
2023634
8582704
19831255
12776271
18094457
2387543
23864899
12062051
23278111
9296522
6071052
18064476
22352845
24651156
15321564
11973245
11106992
15964317
1900616
18002864
4448198
20062395
16899030
8803676
15694275
3024747
17364019
4305089
24018228
24432632
11111254
21688362
2939707
19980074
3822981
281100
16614087
8342267
217793
13165655
11509417
3513072
22474155
24045577
7752852
5122000
17168404
22807877
3712800
14327942
22040774
5825270
4216061
10829089
18888667
20813092
23634868
11557673
21967467
12016730
3484145
11725612
4596153
3081626
21938582
4442821
20213830
5620186
3299305
16664100
2357885
15059234
12499560
13744753
16023124
4165075
8222782
6276601
11922838
10511022
9641366
10192784
11904120
3115046
775145
17320581
20673113
20650517
18104822
15521613
14046123
11375915
24287941
18902161
10674366
13367431
13630216
6180403
7571693
7447242
21375398
2446285
19624003
10740463
1916639
22613955
1804241
1897860
5283204
2610244
10034283
471243
14351711
1870515
8080242
24356904
13925203
20318048
21559083
11739949
21586136
17972258
12076679
20641499
22319819
21052216
11066376
411822
17143593
20436433
11223554
8747145
14887938
11866843
12490885
3529692
22278426
13647137
23299279
5930096
10244694
18661822
17622588
8323850
16000319
3772775
10423523
24748518
22643554
5830586
20672951
3339394
20430845
9636769
18136512
18227848
3504253
20683947
22425752
9238720
5710415
16420584
18079470
3815971
15666379
15273041
20884331
4697881
7380445
2881312
23776507
1104574
7482984
15961247
8229999
2847695
9744859
24358850
24247172
17888889
20635136
17329730
1236166
9363549
2739916
1081773
24213725
898926
13997601
6240981
23921385
191006
17198325
11410102
20342479
18661221
6314416
3487180
10606316
870604
18401281
23189196
3285736
6053868
17850101
11738429
22499361
24788696
17293925
10597415
14982729
9755374
14538928
14296797
20136950
16587211
13366694
6044553
17099492
16871947
21645182
9112761
18495391
14605411
20654999
24868345
8785352
5830807
18398818
12769976
22230968
22861055
12664864
11292577
8117627
16166249
5900383
1321647
7926411
15079852
9027727
9791407
18858352
17096404
11938235
1927367
5468335
8108699
18150846
3431901
14607053
22814472
1071352
12741047
9330492
24632276
12975315
14762422
19040137
12186656
12476768
14353931
11791701
18230113
15223831
12975649
18291223
24521540
24617954
15820388
20109858
5499171
3512401
172968
8046564
16636014
21568678
16095844
3062464
24660029
8004171
8973364
7810073
14489351
15881310
23520557
7605561
13627165
808787
15451064
21753
21903422
20611572
22377723
347480
5174015
19026618
19114346
9102673
1880169
4461038
13846593
10726997
18419692
11346685
13868353
6818630
12948824
459226
20600738
13262303
14828152
24384525
16285755
13820977
7397145
18328650
11524335
19001681
5764211
16931115
21675027
4333351
10964083
19623060
23889051
21768294
1002542
11911707
15674492
22457573
20602868
17565731
17800450
5598126
5937531
3878614
2772596
15347803
6413470
13731512
10581999
23999716
4929672
24502849
2402801
7059059
620512
15331922
11441003
12024386
21373983
23683031
14374100
22304354
5068891
3463029
5547919
13546767
13673005
21973620
11672789
24265177
17354024
8166798
3356769
13416305
8953409
6453519
22548377
16241917
5781697
12423931
7672291
7624974
2893550
16555794
12011954
7093398
20347302
21601928
16708887
16263986
646039
21921514
24664559
16456506
4430646
14981570
7098513
12679005
13828700
15219482
369344
10394905
16635042
19003410
13648076
10920256
9477163
11417115
13509335
3129277
11988224
300537
8599974
7066484
18028640
21048702
17062331
17827027
5694691
20191576
15312704
16500478
5918162
24095729
1379973
2708754
19800603
19953310
8688097
10743455
4357940
5149466
13764625
5258495
1087731
4551344
15704998
17914248
7770949
22900694
11107512
22810032
5064089
20502302
894048
17624413
7229888
12506442
5519522
6419973
21855451
8827596
9951454
14856377
10323619
24826922
6968651
12705878
5220298
14000898
14217462
3210604
16222315
21347143
7728082
10622399
18329029
9545108
23990569
19401994
9927532
22822231
17877699
20775446
13753806
12953543
9562375
15830231
11404095
20714722
7508630
24233686
19938241
24178261
23048404
11210414
18530621
2733020
24980804
13914997
23305733
12840436
8789132
14746479
17246788
6856350
24384462
23280705
24993293
373000
3103399
8578003
11029303
5676101
5344321
19338031
18708882
5966907
16983756
17637774
5840771
9827225
22540903
1562379
23173684
19567005
20776381
5087479
5560847
13680088
23485947
21448520
20710172
6040841
20673820
16784815
4360101
19188413
77354
1795742
1881251
3424878
1179017
22077379
17612543
2311808
2961482
8641286
14966138
20529708
8021374
15495327
17755841
9687304
16203234
7608189
10454118
392732
6609232
19014643
17092324
5165280
19015574
21868179
4640195
17672335
11126336
1229715
1887368
17115486
13520108
21580472
6957967
16390061
2142343
1423714
19188556
14574915
20161714
1533572
15856409
20129769
1965708
6852310
16184268
12612533
6359711
3311674
14343533
18318916
8761732
20046680
8328613
21573645
23402420
18596924
22694893
5108729
21080573
7182482
3314085
16909052
15984828
20077038
18845184
3572474
9689436
10943907
22375582
3267982
18898458
12685877
10343732
7428137
19788165
2692748
20945869
13445241
1145970
16173556
11501050
9013174
1148266
7991770
6370278
15120841
15467091
1867229
10045286
16557000
23375126
21581086
16574138
797434
6850679
23948066
21422344
16826552
23278365
19045142
8216391
10138185
18188654
17256822
19590053
21601730
1837154
5799684
9450619
14004976
8416147
6974304
13393841
13163760
24999720
20682897
19141461
22706584
6866081
17876413
13684115
22637481
24598930
15511578
5888645
7984338
15675599
16731657
12726132
7665625
18631234
5357294
15016092
21046851
9732781
1165753
13862130
19053236
4973217
6026668
20035561
18066104
12298056
7535535
10568561
3103429
18205273
21696810
20592015
6949394
21304259
11091022
11147610
16523460
9561994
2221429
17579044
241974
12332102
2699140
17435170
18016442
20674651
14291930
1498892
14224710
16312287
19554767
8760244
19701318
10981303
2239135
20573603
22065848
1594541
9531711
17412265
14862370
14778945
8096914
6002291
22427721
24976038
18259847
15780442
4612441
4132413
21472504
4898524
11784423
3319178
13345851
3822493
18002760
5563995
9578248
11709731
6091528
7594400
19670001
15856811
5492228
20844278
19748029
23591443
15392752
19765269
24505228
13299134
21360733
24004682
23674964
16153261
11191241
10820106
4041794
18209643
23486337
4678445
6047950
13122173
22661124
21541693
12762634
9860183
5817838
12918723
18184302
19125002
9367557
6724102
140691
2166385
19806779
11992046
15284157
1570298
12242347
12832831
12283237
1432770
15543244
18324863
8852463
3049737
12761670
2823993
7973426
5984060
18177921
24816297
8457096
3728088
13000633
22758405
11792712
21028086
17249383
6651279
9903724
3016747
8545981
1721507
9700906
4529253
4625962
9886857
1285528
4693332
5382366
6545603
18463125
19732439
9535408
15853214
18880828
1559944
2885513
20755792
5975116
18409292
7546274
7241378
7788852
11017844
1240797
13942414
7826809
13530071
19202068
18065521
6753171
12360554
7879577
18105805
18636592
7782382
4543848
24722473
17010876
9881621
8575801
13848615
23625753
10651497
11787014
17190452
9081056
12561397
21438737
3576504
16078638
21208869
22034224
8186622
7284583
23900140
407766
12999173
10961483
4382675
7897270
15338353
7036564
8278724
8052549
5347589
6512014
1352890
13221648
20807774
14732971
5617165
13794299
2372293
20375361
24194675
14792027
1785863
18742333
22141414
16499976
1044655
15686953
8416726
23138067
14334816
17577294
21908930
11825735
23886085
16223758
18239357
16693131
12431146
19377507
6066683
10261012
16224585
8768257
10472700
12610584
15344272
8313260
18516489
8652032
2231798
14164052
407250
19097096
6323784
18245751
3474193
19858086
643697
21682357
4680107
24156304
1460149
20056255
24320413
17705531
19373853
19203989
9410896
9427532
7297626
9027405
5398173
5452062
12255993
22149236
11603659
1338310
22772198
8271917
1358416
11587069
8202450
5558995
3788410
2907443
6960857
20406397
14999611
14539867
10309870
926060
24082074
23385885
7591176
22213559
2243467
10224206
9542568
532199
14810207
21997237
7436344
14675414
3134537
3001081
24148015
3053125
9445947
12469799
672259
14560164
2912568
473220
21178678
9918598
7751822
8799166
17271208
14330926
18593060
4128503
2117094
12869918
3671310
22720751
8591064
19049015
8517512
1777077
14494021
6815505
16780068
17021902
8404223
4815261
14248150
6269715
4036432
335418
5983023
4730917
22723377
7364316
15321761
23354749
5441288
22953684
5209980
7007372
22087288
9869221
5819326
7443213
13934317
3925138
3188407
13568771
8715956
18377135
24445434
39141
8542525
730585
18975502
24765892
22895804
20335334
6604203
18080472
8224028
3447652
22439327
13783606
16406558
19626371
12648808
5054054
3418021
10056254
4794001
14376217
1858696
20007400
932320
8988408
13106479
18348108
17499238
1645516
708793
22105749
13445152
2771885
4207594
17374353
23226770
7779188
22347865
13716380
1451422
21749299
85563
1153062
13476531
2158219
9250985
13621396
8105701
13817863
14399896
405457
23179852
8031673
13162007
9223753
12275712
19755646
16786989
23853555
2443327
12555645
15183246
14641396
16769078
20621973
16353516
8016946
11950383
21834378
4993131
10938713
16276939
16088514
5811033
7384580
6062572
8723994
13548722
11571514
15427378
9254651
62837
22145769
5846023
16704586
5893690
19574566
5831218
6346246
7597338
2500410
2554333
4653593
7117877
2605427
13373517
8276655
14291331
16488691
8374878
14827882
6685322
23933466
11028940
9077482
12447112
7471988
2816615
23155547
24943420
14362981
14557363
16561430
24023362
13076771
9088649
1074027
13799438
1692924
18153935
4039343
19962544
9010072
23285020
19317971
4793898
4174097
12370549
13155297
4443088
7665816
17400453
9556518
18699906
10223904
17071262
10984533
22773804
18463138
17778037
2763860
24505578
23623130
19222041
8177532
6864337
6651379
21990155
14934945
15389222
4729948
22112890
22133510
1921467
17718540
60382
16142639
1766682
3131307
3524156
1551797
9101247
14148758
22855641
19247031
24695480
15892309
6506901
5917265
15205107
12752115
3916664
24659212
5517745
3613010
15826068
15874369
20439402
3378641
24339674
19475201
6744539
2682585
13298131
18913798
17224473
19580563
23333843
19137676
13512105
8966507
5777359
5792192
13576923
6785042
17379218
10615969
17325374
9803666
4917106
15593660
11815092
4043035
5711277
19304672
8139597
1270207
12904786
20638232
6648340
10629088
21400151
10050704
21520039
20336952
15176650
8224435
14218216
21391122
4331585
11132136
2222962
24795307
15055577
3240628
14262347
9829112
7692153
23025454
4907640
17221674
3033489
19795970
13925085
22374699
10251958
11760800
23744782
15420294
6009639
9106144
7139579
21230378
15395054
13644715
8803174
8128585
5143824
9564902
9321748
4345006
24174235
18997427
301620
673463
13567927
19495160
590378
10878208
14175143
13029788
17215360
19177403
5398676
1778346
14325295
12295526
18956228
21832279
11396750
12953421
12604907
12176070
19092303
826810
15577433
16497283
17903236
21890180
364380
21969750
1965648
9367760
14122254
8839925
16238680
24231078
8478728
9485439
9072340
14915267
13374534
35745
22383789
19590907
22071059
18296153
19082394
18963784
11015897
22450780
20486390
8493375
13271505
24273317
7639028
24829992
4312182
4389736
24145006
15495671
10019991
1381836
7258495
18963297
1207399
5926441
3055418
16219657
2101901
16691658
13795142
783499
2796583
22803206
6771167
6677807
10397644
14632652
15926592
4187727
331980
829603
7790007
8409543
2079896
21187550
7132824
23673473
23123754
15750877
9376345
21060971
12254643
12754104
6348740
4870134
11029808
12486075
5631800
9997535
5820577
16934814
12228388
3899896
14965419
994114
12284513
11833331
3652915
17644496
3286736
19052922
19227638
3510519
6587473
4564158
21062351
5739648
11678602
16020462
18775415
16735283
8240915
9770596
2998291
483869
20789387
4302449
21883352
17198057
5463605
155452
22976410
22821933
23800118
10665129
4944188
24306388
10793266
9778114
15947078
1172807
12376782
7853923
19398135
9176353
3957089
14256795
19602464
1835917
10071951
17063477
15302317
17666987
4915630
22614885
549106
9966303
9608527
22895419
21919970
10476668
14367881
5497909
12414592
16950081
7103929
12268959
24294248
17439634
5836292
13937310
5686779
22889256
12861126
12374031
22856739
5714919
19598276
13131381
16687248
10983757
11429827
14093441
13593246
23212715
3934847
17375798
909819
13877893
17104797
18990559
20629231
20086504
15494869
1967399
15765735
6463223
1611250
7328469
6713744
6544848
5471621
694021
15118893
20959277
4363854
14035932
10405680
16157076
19620812
6673312
16727108
24654318
24520363
24279414
19818855
16638394
14608369
20886370
10628405
1443220
10335526
11806374
3242868
20772487
6820645
4358686
21819539
3112020
2945167
19679138
3822374
19431554
10265689
6025593
18943149
4324767
10168859
6923517
3098879
8932201
4344197
16797993
24503743
22886190
15844127
24696897
9171016
13447133
9931949
2780554
23028803
13679377
12414385
18035441
22162533
9701167
2293482
13671774
8863598
17500003
11720467
1718749
4815215
1755447
7343189
11767127
581992
18383148
17251100
8150285
149360
7179294
12420665
9222016
10834036
21336957
7725987
10811432
1133235
7078344
1799172
9040950
18713991
14237524
2688269
22511409
11973612
12682456
21233068
16502101
24034155
10532465
17625024
22839785
7180630
8521601
20974952
3575318
1354766
21549772
1220248
21756996
19923303
19756827
16209217
18823654
6326929
5922684
3253161
16114358
19353800
17890542
13204815
690258
19072619
3559278
967249
16007593
8101906
16478270
22557596
6374919
649517
21917973
7018104
3684861
8022606
17230425
7335237
10721544
23341050
694177
6166039
14701770
24300484
21399573
6299739
9467910
5662757
18081149
13516443
23239520
14071531
12105379
8824392
1992274
2918730
20518760
6311174
7005376
21423647
16928358
3932629
13438008
3440133
8680890
8150205
23941517
10715135
15858665
18409278
18148415
19700083
22023862
4983202
23390984
11191276
19264167
12999898
13192492
11168931
3436842
16272104
10977575
2975894
9130255
24041333
19647408
23620344
22775007
23129754
21336828
18832683
24464935
18429288
15516228
24669642
9886742
18727649
24968584
18448662
24069679
23035760
19622081
12696789
4654047
6904187
6952313
19665721
4473865
3168163
227089
1869511
21814073
16427227
12225159
24095884
10936124
7981024
9975615
14253563
14345335
4153560
24936536
6428537
21042134
19191225
2412273
21235856
19010188
5375120
15802336
21383060
24568969
21251431
1046713
9881841
20492494
10490425
11081413
16614883
17088997
17074484
10515279
20701396
18795929
7686003
6352352
15831676
12470754
841835
23175469
23451893
8179716
1723950
8691808
759463
22766689
22882578
13995247
24827305
6709832
24976636
13559349
15874672
4987834
19131299
16995340
21307991
3113716
7007947
11585137
4627359
8130906
1934207
9275267
13002493
184580
20464445
14176531
8416550
14551152
8442898
20473865
20805371
7323166
15114906
4537074
14705143
7416396
4977797
17215494
15004869
13015317
4684322
8740773
20798795
5189878
3755341
5732632
19767726
10295741
13483343
22814714
19415195
8879604
1278785
14835072
24542742
17305913
10749437
2825638
9823428
13779022
24352702
22743509
10880978
15314632
6659665
7689405
4616586
20240227
24472706
15358532
11517654
21429232
8637084
22782215
9385677
14581551
6658480
17614687
169510
20112700
15341582
15897314
20320801
8140013
21323210
8421053
6525648
9509409
231564
2249951
10079109
8833679
22901003
7535020
5011910
14422380
11426599
5699269
22147284
7075895
14402053
24611510
10912421
3631861
8903482
407910
2409626
18878057
7543718
1296445
14151857
4529320
12735099
5098314
5818865
21473797
18690065
13137423
15906472
7413995
15944405
20659726
1330325
17983549
2503796
12957896
14679133
12488647
18274902
21765935
7249065
2571758
5133769
17935978
1074840
8132291
13222328
10961632
24079099
7627121
14666986
14248007
5677039
4121374
10360159
14447758
2769819
17491842
5792863
2441462
15404951
17015039
6303379
5651673
7953919
6732163
8139736
1715176
11528950
23461890
18235411
13473047
4562287
7314952
6277215
9302518
5290355
3301675
1399775
8584739
7691416
8900504
13116589
10001190
7741448
6547745
8288122
3659291
10949150
14833202
15338697
11358537
18267475
11074284
6975853
19571744
10822389
17833781
9623164
1427636
8715800
16079398
24751057
108964
20103975
20815628
24607661
24707575
158854
12488879
11485475
13125008
8529291
11429819
23022964
15671878
1105012
19099467
24385750
2848473
10185775
16684270
2320647
1869037
23712668
17289815
23543909
7158664
23438274
3179270
13136793
23230502
2560534
18593719
17185288
6150566
15187499
15164031
16377949
17043662
5760829
19004196
16197438
13618925
4277806
1999710
19741779
17940124
8199003
5223984
6561778
12828112
10660080
16290590
3242031
24633958
19915418
4808114
2605228
5036048
5774799
2915991
2080222
9911814
14310476
15718117
21407117
9606334
14812087
24013517
8684788
9606468
2491066
20386091
13451437
12241038
15386220
3176390
17989689
16029559
20776239
5594384
5580295
15754021
23732486
16184809
14171468
7673188
3041704
11923078
10489710
18004683
8973718
11257899
7715358
15891785
12750493
14342939
884678
15270569
22201883
3238709
9315768
11215424
2128101
13948806
8790212
8173062
5232180
5597917
4783757
3949223
14509261
5030795
11181283
24800376
44935
19573711
4516807
22709595
15679577
1032691
17309283
16860078
2445470
4223566
15143637
22729103
5509236
16824388
6726119
5587460
15695555
22441167
8984428
21193980
9105060
15524025
4086265
21490513
16375840
20816610
6396084
11971408
1437361
10286446
744911
17432731
11605589
4642964
2030651
16591684
10084892
2265259
2728869
3052355
14575408
13440758
18131728
23878968
11312823
7923240
7558553
7338329
23597553
15317265
7386106
16523431
18343336
21451491
20073493
22481598
18908290
22813610
6500484
5614228
15646921
13132978
3183331
3005795
12967203
6353716
15432029
12896771
15095977
8301501
13326467
9483492
15695480
18889197
15050530
17847426
1703835
19278202
14924282
18544018
22368642
731225
24756609
14043895
17396618
6370431
12800867
14651703
19787801
4216909
7847028
10928307
20123030
9435544
19950994
16140101
1175248
7976064
19888419
12056649
15053230
3350854
8280555
456427
3954521
9539198
16288581
12487536
8321551
21184415
24237563
339176
22159463
8720263
18480736
9445
7209952
19466218
20699278
20821188
19064689
20391102
20503659
2215137
13287811
20456882
553178
2256683
4581314
6943014
20624461
17793148
14156484
20117255
17881730
4302137
13613522
11376687
267605
3248793
21887890
16250475
13276560
17057727
9880432
21820863
18257794
13514963
23593443
14442879
11838970
16306918
23042787
21628732
10698963
6876111
23140744
18862545
5358856
15877901
20750728
5713127
5052834
16580783
5167381
11476761
1205398
713156
10948148
1673459
7447405
45720
10619513
4133571
7000497
9254629
16530052
18856738
15451363
24545935
18762266
5984244
23060270
14945351
12062213
24299709
18749872
20327657
19096786
18704502
19497024
2343064
10303152
7389030
14875246
6223099
18800246
5400832
24083035
4119524
980948
7617181
13463236
22713524
22368452
15785720
7868689
17245140
1941218
8817349
17319714
5351633
9540070
24761422
9331033
20603103
14150295
20151511
9952943
7221066
22801330
9308923
19489015
23396279
20241506
24549655
22533596
240477
15640628
3573634
946456
9010747
7624719
7104258
20552347
22382377
17813793
9326093
24326300
5494919
20411535
1993173
21887381
21717190
11444361
14801849
14192447
21668747
15409046
24073959
12231555
23969341
8494937
22295590
11230019
12099520
208697
4653171
4688228
11524393
2384243
930534
9561856
7689587
14029823
7752688
8026629
3925189
8575879
1315181
10985402
14158429
4098991
13054912
8339423
21454482
9664190
5089053
22169944
18299208
22689018
6196787
993149
15827660
6885705
23863
21444297
4410232
2501823
8245367
4875975
12707066
3142767
564630
15489351
8588793
19247692
3990861
1939702
19230034
14559660
19796506
124320
22823250
24877152
2169305
10024702
6110285
19250382
14373122
20119855
4722019
21691162
24382194
24915941
1066956
12640142
6026630
19355654
17187539
2826974
15293822
15289667
23159954
21237383
15200560
15778361
20435643
15930768
16947236
13083846
12196549
16747982
7308907
10398812
17000309
22387592
8393720
21712043
4861373
12814367
14721793
14568442
16178288
21172737
8617089
20351895
14313629
22520054
11581357
16960296
14357946
5904203
19421268
908745
16841229
11051689
4742453
20386200
11097329
24142448
8750857
11317842
18770622
22052021
15254015
15303456
4100193
21727820
21884216
13780086
2311174
3152813
6837982
9600982
20391689
18708432
21304306
16292822
15857323
9929537
12430393
13310234
2432278
24907970
646980
17354375
23620129
21359699
24627914
17761859
14793712
8486415
5210926
4132896
13373940
17070820
20328650
14625338
13505577
7796317
4540458
21542458
11792831
10122702
604771
5374855
20510158
17533122
23495027
21961774
21183344
2407094
22628141
19120226
23457088
11454887
22774226
13778415
20061520
7641997
19604463
16821319
8223373
6320169
7582013
17128138
14825256
22903723
7136383
9307951
1963166
15592443
3827185
24255164
4163102
23033867
14577412
24049838
2799597
3652623
12806010
21436304
344405
665538
8269295
22359412
18194891
4997208
22498392
16949624
20417635
5629946
14764479
22356983
22702801
5293911
15887176
15243473
7866691
12986925
13508310
7997377
9021503
23296795
19498612
17385510
12848046
3010030
16639772
14773685
21813387
11070931
5072031
19231245
15818425
7766205
18781709
19203482
5352473
7550682
10557621
17418114
19370769
10289408
24241870
9565072
3116407
7253856
1484222
9388106
13953047
17893490
5967932
7789664
11674877
7987358
2344855
24705387
16341592
10158029
7066928
17325224
13634021
13866768
17529107
22042156
3577222
937196
18009113
11386265
7304955
4236276
23456504
11272605
9058197
9871219
23786311
6077381
18958300
16573559
8145854
13266586
17242326
14731195
8363116
6883704
18543347
20721232
17449651
18705634
15518746
14485638
5988378
16165125
14258473
4607259
18259822
4736104
24757355
15346662
4301004
10838468
17741122
15667739
11281444
18204122
21235708
16740996
22521108
535191
18807386
14131306
9917972
16372141
1764025
2165879
23725402
18332982
19061449
5755310
9674634
20902008
19677669
2694728
5231152
15297074
2676655
18328185
23370538
24317986
22116870
12123630
8021149
24955971
9268838
20647877
9410816
18767584
1393888
12627718
17563661
21129404
7314573
18067764
22536054
1399304
725876
6198044
2274910
16442458
1978554
6241867
18021799
15473986
19804169
4812874
9699876
18511155
17034003
10409054
397754
9914789
12049903
18448703
21389377
7286065
4026222
4546340
21668716
5999962
23310063
11471389
24995912
1101017
17271164
24967862
15519975
10660565
12075089
21063518
16607056
12924735
1119960
20960946
22154899
2301167
16377517
21999508
18407688
11182662
5528924
20219945
4060423
10510352
17451969
4935917
1357755
15057493
839612
20921211
16380018
14803311
23789752
17568810
5093478
15215438
2431846
8370866
24331964
2870097
21225002
13873229
17813593
24834942
20382469
3050502
11632624
13977514
14542487
13199550
1904367
20877425
23944068
23140132
14211906
21248392
12676763
3290684
3445937
3710146
15876523
22381321
19353434
9227870
1595097
16238524
6831771
15753649
3897283
15747754
18691424
5117024
12234311
8463662
1408426
22913769
7928665
4685959
10848999
24619591
12460793
17908139
112848
18812451
5983977
20249657
14284524
165963
20000967
12986553
3199537
18158637
13462927
14139797
16164052
14782108
14876934
22267373
10301876
9096049
3861178
11477078
6339338
20340936
9536910
3391089
23246195
6365323
9663526
7500611
3893904
22960888
302391
15180094
21931634
10833592
16972652
7450774
17847219
15273809
571257
6174879
10541618
19370388
6796881
16216298
4736418
16954555
24711873
2017323
18254578
17187782
2761712
14658399
22623150
23061991
15695371
3717258
8734851
11084613
22184179
2623967
11598537
629619
3374727
1796125
21343310
14210626
18474299
14035053
14999247
96045
20653819
20110166
5219676
22600823
24935331
15573620
12002282
21891118
24793875
20449342
19349468
4231377
1416643
21546773
3117146
12152095
22480780
17264994
4364698
9069372
4704604
17183317
3024274
8312396
21643992
22879639
5374911
3704608
4249025
6498794
6393011
8315666
15014713
19632616
20123173
249401
8076834
21703918
10710233
7627529
6161665
5990911
17953842
22603689
19055292
12685970
1393617
18053357
6404556
16170628
863235
11922374
4141946
11008453
8423826
11704198
19570148
23122996
7365412
24654229
1331902
10979532
1939926
8984670
12138664
13512837
24895595
7968799
5383588
21813228
12519077
11472410
23998044
14784754
9469830
10340787
15010749
22125974
7460926
10669533
13639553
5367752
24521095
12284099
12684342
17658097
11892181
589372
19362777
10162005
5653456
16463765
9010157
18409392
3433427
24339560
11796134
6963633
9957989
21529236
8520035
16995913
11867823
14847782
17809543
16851744
7475721
20503640
9532789
7451058
14495130
8986531
11637595
3138550
18173462
10028189
11871543
8816157
20674496
23836119
1079554
3472515
22597904
21721546
4157718
19609434
11584203
132745
8513170
18465291
1636092
7425393
23018898
19939349
4314436
7669627
22021560
6277312
6773397
13989160
4297936
22721325
10951960
7493411
3794007
24239192
14147413
24988542
9423072
9842086
8683078
3126423
22403849
13044587
1256216
22287101
12274342
21007021
18868338
3755305
10209223
7371580
10068858
23733951
13018650
15315053
10889210
16982914
24789610
16409417
20009547
10964941
3943367
21874103
7451070
20633196
15046117
14133952
10731872
15801967
19545711
13555012
5099368
22244518
1417209
1191965
4474683
23833774
2214889
2816249
16867922
20222527
10794645
18580118
24291608
3059586
18523265
13882617
7509078
22938734
2443213
19977565
13594277
10104439
1660051
24992812
678518
16438054
4624711
4063803
18707429
17720268
9255063
8367134
24873817
23203602
2820648
19393372
6556725
2738857
22761202
23116012
13472440
6951581
18348732
7344491
8683684
12945531
353141
4288080
21255111
15687437
23310027
24489552
9864376
17075666
17308808
14939398
6257365
11588991
1760404
5525697
16309800
20722927
11584178
20487579
15534146
10491334
22325920
10216986
10168464
4789924
10917304
24846741
13478398
22925293
5824679
11724310
19492095
12892248
19798259
12069333
13710499
17513371
8136729
13758898
7864733
6578095
9688531
18355935
21507444
737751
16908583
8391864
18406067
12409871
4182968
6604041
17322897
5558451
23613453
19169854
22331431
8163854
4139573
23599839
12173014
6635798
5822916
69247
16340526
21753756
23127843
3528254
12870338
1039312
23513967
9955874
18598936
1910676
3095862
23755889
16297562
21425409
11543602
21537974
21423133
5286465
9787317
473385
19809856
7289572
5645902
6161286
2434795
1134953
11095524
11384122
11098461
471392
22485334
3242864
24298832
23336371
16009715
11946043
3936849
18269616
23511794
13520493
23135968
19890647
1677146
23754324
11692253
7612303
2295572
2615880
2586914
22506325
12019330
7253140
15490558
330769
17512579
15515647
19581851
10795349
6500144
20063164
13954003
17772344
11531348
12806724
16453790
15439091
16702743
22799677
653401
6833873
6333782
20770496
21072416
5801187
6049748
24074376
13934508
6188444
14207735
11100869
23395374
24931774
24503210
13389010
20778927
11607904
8204643
2747171
14331086
23137500
17317640
23431616
7480430
24218549
4162298
23544847
12712029
16474320
22772533
1185080
7290358
24410827
9591290
3695802
3596392
23280120
21490883
21826640
4530156
22610267
1081130
1986160
14924853
9442296
6646237
8765878
23760696
9451998
13767133
6226718
24768392
10841296
16536420
21631940
1575778
13320324
7827069
10722451
17744871
19061608
1392156
10816862
10255739
17604742
12094396
5365034
9834053
22415827
24054698
22202782
15247660
1998006
19747581
10876839
18392026
21035355
20924251
24520034
19870761
13151627
15492265
20955808
9143300
12937906
5030886
9401927
17505707
14633201
20453910
8340319
14269662
10015242
17205651
4546022
15776392
17392186
12314133
5276424
24742475
18246867
781877
4903412
15656017
12071486
13414334
18218366
21722358
18936897
7550453
2840486
482361
8499450
17804956
2618030
20215002
10976737
17744256
1673474
8909071
1213109
13987472
22985151
4543221
22496951
4919047
22914113
18997677
21178112
21981426
4979489
15179255
18492957
3820367
7186695
7542510
4757721
5959818
3027632
8534315
2038896
5867759
8695608
4834420
1809990
18384697
8941159
537309
22288590
4162245
10711302
7087856
1314018
4342642
9256268
11257773
12555942
16071962
15859291
20416658
2598388
21196400
13959963
12158145
23092431
24977322
21221404
14531308
16500182
9240136
20973840
22565350
15255119
24601505
7902448
9362992
24575904
20972968
10432955
14296944
5493594
4317812
5552037
21582671
1717810
11403069
8826408
10706081
18691421
1829018
12963798
15453723
2463422
10134239
20750443
20883031
14852035
12311535
7227760
14235744
14618689
1110726
1791700
19719619
7160989
607252
19996728
15664597
20457279
15480285
15312512
22033573
21210729
24613222
24293190
19769798
20430650
21329951
22529821
20501940
532963
18834910
9456244
3830925
19751029
24301669
1081288
24058342
5600674
6128192
18239701
24338168
24945903
12397384
20012152
14933934
2889831
22624778
16786768
18048112
7992489
21347604
4202723
14413232
7235124
11156715
13853904
20182027
13647725
2148603
1968291
7775261
16836699
12071958
3333069
13821784
9737574
4070112
5581470
10637132
15832246
16013589
22294354
14142075
703864
15107235
8825254
13127081
16732171
13388810
12013113
10646170
9785426
9571655
15910784
12979286
1103605
9523128
22384019
16948402
361189
15063676
15517009
6553310
16955940
19989534
22327607
13111331
9667279
6037104
22367986
12217546
19994581
21448691
24952905
2285696
17762488
8837551
14334740
10454162
23443013
3098648
9596995
11033145
2993336
6821035
6204826
20336307
19816190
8303949
3618494
23907193
24918620
18258620
16609385
5010613
2160340
7524894
20506104
2084037
7090882
21779399
20321174
674749
6222025
17067515
23023393
12968999
22324529
12391157
19814568
16396126
15504475
17197537
343755
5435505
11345060
21746329
13010168
20583750
62929
20937844
24643764
2995537
8177150
18529009
24802782
20295729
2436068
14513304
24713076
21342220
18544826
8128192
23280463
24526165
9029286
16671979
1979507
22546086
11435996
17565849
7777034
2862861
17590994
2659589
3288728
21109268
6296853
7268066
22482601
21166947
22003285
17907628
4802318
22607536
15831671
9605332
14011622
9386980
17300272
9903964
19987620
11386769
16604421
1235611
8508577
17398205
12638513
12001840
15249750
3255783
1987124
4669972
16244868
7510486
7118224
19235619
11196451
11478189
22246315
22589078
21536742
9366142
19903174
11476839
19895578
5648935
15329585
16266205
17674093
6646930
9198538
11876444
19103176
6048432
18094335
16935651
3774812
20566679
20054770
2817620
22331458
17971785
7436462
3090425
11024986
21744674
12970709
16911966
7049964
15482816
17365995
3572259
9114138
17988583
21910016
15503616
13316851
21662030
18484396
6737664
19381248
24188830
21373377
9206265
22256718
10514938
6907876
6748369
13088524
21154067
7068704
4555408
17778321
4306116
9064995
6188611
3681228
6129615
24862869
20611271
16439260
14211923
22822092
3287972
966467
19038475
16764202
12570771
21431735
12373238
4839605
8292399
2898199
14627254
560557
14014170
4943782
3318733
12635657
7114072
22742612
14726017
16361036
16356482
20535014
16017725
5427215
21384377
2859587
15278428
19057605
12938764
16173226
20901967
8008701
10850174
1156452
15529739
659298
6904844
578358
16793812
23476120
14069596
17433406
5926396
21450150
21685128
9844468
14077155
11152419
1084512
12649278
894278
23503171
13371060
24873467
17885816
14254094
2768239
23608931
15387430
22715691
1481964
3011904
21136888
8934936
14416176
3270750
12155490
21913549
22284054
14148544
8072158
841153
21638674
13710480
3186703
24186502
5967868
11972802
822092
13498082
16217225
16330882
24197569
18478907
8475897
2204673
7613031
21975805
12824765
2346859
21271816
23423726
22422177
24822462
10887091
6421996
993237
4159443
15277799
3739376
1769415
16124646
23573494
12652510
19664566
6104684
15643932
3646123
24640626
20904350
17356726
18547463
4948718
14400490
22794382
7823852
1293469
13841292
24045053
13188663
20231927
9935972
14778599
11391849
6650033
19468299
9594104
22585690
11458832
12988670
15589179
17044371
334034
8423008
20027527
23546084
19355091
12167323
12820500
17012200
23908229
228611
3872964
19379554
12303420
13715159
11168321
22082075
1426064
6433783
4219576
11516226
3628436
23675729
12254340
1522975
7898580
12571012
8460545
2324750
649144
17808593
3198959
15665919
2586130
4402620
12541212
19874929
4851255
1132128
21585305
22692574
5154014
21505575
3024294
23848270
22054885
3953777
13590143
23070276
4083628
21230594
12355196
3239249
13640721
15488067
250581
9242551
9693818
3686552
10135924
3188851
18893312
9720135
12098138
13662686
40791
3110034
13976006
23040893
3865639
24444494
11764998
1728250
21817253
14584031
9135010
23322978
1808023
2432341
18213546
12459256
2148982
404988
10019026
6210939
17688453
17128053
20885219
24914785
18013907
5046593
24530777
13497903
607441
15966497
8823922
1275928
22777223
407201
2050747
18815271
5732537
1453732
17350484
15438436
12054009
9404186
21488880
7120612
1745235
10652386
6588401
955481
20002514
11987649
21312315
1892392
23932853
13360467
14178898
3677483
6349032
24213719
17464755
3037079
19862709
21428669
7672212
22333169
4077168
909157
21277744
10204453
19848293
10106739
22787364
7724901
7779607
14468899
18382948
22532507
16103143
22942087
19623799
17967323
5994494
14678182
17898639
11383145
5108430
20752179
4047199
1103853
23260176
4339114
1013094
10088726
3341117
10819520
6044099
288852
5345750
5582462
13845870
15377013
13860067
7400999
895722
6119987
12731703
10469665
1929869
351957
14014990
463711
6169987
15984365
1889708
10572628
11311026
5197749
21434785
10184696
9822040
24209374
23098706
18297638
10385721
22204791
8814493
3329650
23872107
944824
16404893
16272185
20707132
19455350
24521029
8097604
9670206
11490665
14549579
10330314
14192147
15961029
7809745
14852139
8948175
5171797
19677505
8887797
19166236
2061298
10084556
7400353
939387
2201281
5209269
6478465
22815443
4499364
20337532
13606781
3922699
17671383
20063449
16998762
14248147
15963255
1498089
10979157
912984
974588
24920979
23326005
23253057
9899391
19072833
7166514
16424670
9925637
3915748
5328163
21266868
11526825
21904976
10923991
11144897
9229906
24966621
8191483
15243844
16604019
11901146
11765341
20030542
15242111
9318297
17533495
14683305
15383741
4818079
20049299
6454792
4614295
1126710
111263
8341309
9349271
14087814
12552847
6176441
11651257
9287754
5940960
24559867
6525523
16275940
23508067
19502954
8958766
22866584
16806968
12346424
3166417
12063793
11563379
5233427
14921022
21038999
12591576
23558064
5674511
8937073
24773823
15137454
12230739
18301837
16531885
24207212
4465800
24698129
7826926
13147666
21100102
6823996
19681229
23397050
7250329
9018129
24111742
8363405
15344103
18667732
23240060
21494243
21672312
12662790
21153350
9142410
6874307
4972882
15065989
11645108
15361375
23517393
4841686
1576288
23086007
24169558
17594618
8431575
22399259
3354284
24820516
16950263
2018788
20133294
5283828
21611285
13647478
13437836
22823494
14208379
23184874
3090219
12764541
17953048
6910300
9403618
10234022
11790571
23393858
22295065
23446733
23195149
19901598
10625529
6926816
22568674
17672525
15283630
10647081
13488561
24093614
4211243
16795658
24780885
24929264
4167728
2713698
16562813
6535913
6799488
21148187
6547429
21793508
3104982
3674237
2956470
1724761
12772280
18238481
1667545
24280547
4581509
22412387
11002090
6162267
94050
22586720
15483971
14303421
7182068
21300625
24180254
9682884
23866466
2566581
12102169
8068997
20818663
20243330
10500439
16042490
2576752
19936473
3518297
11247731
10911363
2052522
11496581
5618941
15762445
2681227
3653372
1044496
21590976
16909930
15211919
7087513
16067694
21301855
10238711
3105863
16997843
22750419
10791486
21488797
8618265
14224805
16344200
18301986
21329964
22723598
15817176
14848463
785638
19715934
11488342
1489597
19089601
17994758
975277
13883249
10029710
9073057
3096415
23187666
4610868
14385928
14502007
1580573
5468305
3418131
16387746
22237999
16656608
9382521
8895249
15174801
11884534
8581480
16428025
17383093
2963725
11811185
22764210
22513229
12765341
18830328
8215478
13503527
19452276
9446550
5492573
1409239
6431107
9076851
1608303
6161974
2689661
5093769
16082843
10726727
2475265
24689509
15633872
3467806
9203406
14225300
4850936
24030535
5796824
19888656
21950357
15172050
18557047
23092870
9260751
10616142
22875932
13532629
4802191
18954751
10189817
17710297
18887788
21380588
23192938
2888566
15237544
6940971
14321185
9664402
15591562
9530266
212563
20798581
1960376
21796833
8328847
23602570
18562119
8420184
19030455
12072106
22316334
17892039
20439456
15128624
848159
367838
24039724
17800384
11446200
7631618
11381059
13446837
13727673
1731633
8292745
24918043
3113596
5682717
20531424
18113169
19096404
11143188
12302552
21272959
528533
11246846
23679554
5659375
4607362
24349507
7975491
12970729
24462059
12838401
6020672
21577970
10962291
7431068
15193448
22140593
13431263
18338680
17350497
24353767
3146996
19257103
8465138
1984105
15051619
21830199
3492998
5981154
23967965
10135958
13565588
6515481
20241419
20306010
10851136
2428020
4637327
787695
14941914
20729856
22762571
5820802
22733702
1492863
6616501
4868993
16309043
13973666
19165070
15766363
23669893
23792474
15967312
17923178
22550830
18236374
19597015
23117111
14913425
24716429
24227322
1461486
22972098
7065798
7846447
12456987
3628041
11372664
3158899
15608253
7244387
4403152
3574194
1879440
19220535
17517897
21942213
5826535
47181
6879425
12482784
9599173
2049410
8269669
5491408
3191620
1089234
16654838
15568271
8801000
7717252
15861787
9890839
19636399
18561736
20291297
18210233
9176730
22747761
6238012
13803352
4203514
21592329
1017632
22649097
8576371
14636025
22524107
14671135
23371450
6312385
2017200
21121426
15184493
24485598
8770014
955389
23415164
11394491
23926929
400955
14605501
8856098
9915132
1123772
14959877
21733297
10747215
20913377
12677828
13637355
15219083
3990384
20604606
8185620
5841481
7001884
11947743
11711704
22449857
19360852
9339797
6612115
9820942
751339
4138191
6940647
4110814
22962567
10009255
12517082
15762735
10460762
22347650
24557869
14458887
13012270
22415544
10489104
9392166
18634893
10075194
20596785
3435705
9746970
436459
3557120
24460535
14414814
21865826
417561
9648424
19849209
23805696
24860341
2769229
11783797
6717456
6982228
17460451
19113448
9080447
20187661
1017477
17085474
21042893
4273192
9387262
23870609
20317001
13317846
4023873
8789943
2161029
10346981
5835966
4904189
2042488
20680330
500607
5872007
11604196
4015787
12167704
6534204
769804
14525522
19814538
3022513
7405056
15408526
17285046
10074981
19959543
3860379
13536014
22558764
2048491
23014641
18444938
17329353
1464497
23111154
22762832
2364583
24830159
19818694
15483738
10053875
3984218
22878615
13972174
3077742
1209738
5331505
24427409
13360809
4280106
23851371
14961141
11029290
11612202
4917729
1167590
21542748
14041691
10151384
22485695
16105641
6330095
22694425
1466836
15522394
16399255
13166182
23445477
5208639
4172898
22397165
15135793
19671291
7942874
19446311
4209560
11734541
9353812
20645374
1807680
4165760
20120706
99400
18951002
18580888
2880778
11852945
23529416
370312
3057749
6381726
13900105
16840852
5258715
9321282
4336998
24857559
23936196
4197008
5369477
676099
13270501
11275537
3781203
4760438
11253723
14315792
5794660
20469834
87031
7903842
8793274
20637891
8258643
10934301
18847488
10915827
6117703
10500991
8557286
12972026
16623863
24511604
10346931
9489873
7227080
23904427
12708268
5101868
17094446
3421893
5510095
13858197
9155306
9060346
8810898
11423066
12695968
14807376
23808278
21817796
8877185
21941183
14119061
3130797
12630524
17475681
21716618
18104504
20382429
12115917
17105077
10289330
2894918
2966326
2192644
408136
7200805
11825330
1563248
19929330
31467
1491882
10805292
7968902
17682118
12487763
20627617
22196804
8249166
8587571
5474299
13850024
9004400
13634807
21698128
3078350
4591154
23061831
9280792
23857425
958431
2526174
22575670
10006011
13120956
14312868
17257349
6221753
15351170
21669765
14511317
19296578
9764660
22342434
13980667
11924435
1676866
21070283
14316615
20023226
13836136
13890463
6922348
12609276
10166984
11015887
6089101
2242898
17714550
13252286
3768774
20644943
3419371
16029719
1088098
14612600
6907222
13926818
9981847
13992455
10815374
7403581
10234821
15411086
20176764
5393896
1477918
23361209
24707044
983155
14721578
7848980
18557080
14475749
9035116
12716927
21286461
16276136
22285502
21941902
19230330
20470350
13394283
21237512
624481
18108815
5641933
1380132
10067241
17512079
20877500
6563805
17362778
12193389
12970121
8152180
16581538
13492208
3192354
399703
14413546
22366451
19493551
15658540
13365327
16758187
1854159
19999584
9044984
5682387
11970333
2207285
459096
8212690
11418357
21414334
24829905
4027614
7273722
22833551
13284166
24553503
20214100
12945439
16421745
3404382
24349253
24679785
21811049
7689715
21401904
17788955
6339820
1332369
5251459
16569318
14471785
14766499
11268508
3457294
10320539
17657557
4629253
6564489
12638436
10478106
10749985
9242520
4044992
2376787
13416878
12281721
17177053
12899389
13209718
5856488
2033061
3107956
24645430
4580381
24539134
4349722
6811622
5869194
8391497
16726041
22870024
1382061
3360747
12746290
10867615
23264498
24667815
19095006
1899440
5459360
7115093
66260
17799802
14973638
11143988
21315332
8488639
8964480
6685880
7150887
23171971
1151054
23249432
13780617
9222923
15308455
22664637
19222783
9684124
16465888
10117589
11055373
18837335
20450425
22357880
2742133
20401266
18316599
4679911
10620966
7145814
16973628
4312503
24262283
22726401
18984387
14688201
8741687
11552285
22609993
9007707
6428089
6784915
231276
23864643
14158910
24165559
2487102
24691875
16828194
21990120
21474865
1574101
13875386
23566589
16580206
11422983
14577930
23694308
22529942
15499354
2249723
3584521
21343667
24302613
22699698
7615249
23448434
3585100
21020718
22244439
16123025
6507249
14843809
5121836
12913644
6355100
6088907
24565000
8576622
10430946
6633471
24810954
12359702
4486498
20217787
15546714
23637212
24487684
16986295
19431415
19136034
13507119
5201435
24563241
19054559
1371992
19135114
24689135
19949495
18888688
4685570
13735479
16502974
20745894
14993259
21397913
15203187
23835037
3265890
14259755
14603594
23928773
10259234
7533047
6040273
12194071
15857212
19884002
8581868
8215686
2688441
18297716
20481086
5632002
11676964
14717876
7252892
16122882
8833989
17673814
1678171
21869235
3752298
10861364
15704275
11874260
8387902
2217094
10122569
9829080
23445301
6867132
14760488
18118242
17716624
20455317
17531228
5949641
21536103
16718160
12776163
18096631
20256884
16044335
717268
93546
6306481
14237213
19786081
14240475
19455305
4693925
15255170
8680487
6499364
1982005
7502612
12524547
9239413
13490976
393190
21111206
4275659
187060
975064
18275498
21385575
7549018
15628782
12491911
24542298
18890233
24805395
17261218
9529588
2097581
24755998
3748756
23239914
20958740
8210504
14765461
19321395
10834447
16605524
168275
3846838
17868538
23326495
5934169
15239911
21504929
3740933
23721145
22703539
21297582
24681184
905156
13224017
6684043
6160610
23909923
16304615
6749184
6048560
10280989
19548738
16319070
4844108
17100631
20082349
16548645
10550650
19734352
7562603
24184522
15756633
7358527
17490947
11236743
15245079
309222
9883922
10484647
21904764
12396991
309218
20496714
15686637
428534
6987520
9092938
22691928
14785251
8005648
2355689
12802421
10086185
23212348
23816969
13536725
16269178
1018749
4665847
8540484
24869230
13134566
9036701
3051513
13683846
17807074
1237241
2505299
2488670
6617209
7064920
20425074
19685584
15060635
10475953
874670
2953696
8404925
7052108
12313951
2254667
293948
3766379
24156359
18885189
18623232
5971117
23370086
21463297
2292511
17861677
22701123
15242075
11218657
320033
19021456
5203033
14524922
10306783
18190422
5059586
22652377
23921649
21464368
14885100
3969558
11529358
7219703
15167031
23407539
23063182
8533068
21114754
20026357
15232900
11297976
7583151
17059633
6146270
11266594
10629922
1717116
4137406
17025202
14255302
16485099
12775425
11010485
18568138
15451916
4590461
4425611
3835450
15674953
22238962
21493251
5712003
8342538
5322548
23530773
5863704
23877948
18991159
1856409
5717623
9135888
23990338
3776701
22343256
23979432
24070764
11194261
24212530
9804915
20324856
20852491
7005013
2833970
24792569
12245466
60407
17256380
13457171
15359705
10890655
6289878
10700307
16536369
16074743
21612764
7106124
10751183
7176577
2829356
17663721
1442248
2840274
7487760
23577962
5779659
5074648
3629782
18673946
10670736
15841107
6514452
13873744
18161539
5181591
12277891
2498653
11469376
8558967
22277301
2497525
24425229
13005464
16269312
7215869
1060622
11553129
23695965
15472665
8392608
16531127
8456010
17019344
24317366
6092249
22053770
4889020
13626848
23593652
21439921
723397
23850707
5530830
8534078
8862326
11686734
18254066
20401301
16044026
11312439
16013543
7796237
13873985
1194471
19603475
8860599
17511642
18038336
15851473
14872666
13038980
3809377
3596786
14702801
12308689
526985
20025278
17289168
24512723
24434222
19789862
22207919
18247080
8300133
11865803
14631898
24434938
12004842
20763136
3031609
17064625
3122268
13172594
23334507
22448647
15492691
16699615
14443136
21939164
4650035
12820844
10930949
15686229
19068034
21570336
24299480
1219526
14967001
3678226
1127017
15832465
16383871
2279811
22899862
20199947
110055
1808915
17552626
16089460
8506321
1952247
22791806
7327762
22698285
10662703
7228381
16025443
6670553
20419592
4412184
20747184
17552402
19876369
16001998
17231028
8663916
15943899
2077531
16274423
3869036
13793041
12147868
20451519
3407670
275690
10213810
4861587
17433958
5839088
20369665
1964142
11811602
19156029
707713
14896443
3456849
16597069
2577087
20892570
24705376
3129339
6648278
7410015
21289591
18337728
1148212
24867880
22665322
419350
12445594
2501101
7175102
6842013
13105150
5479784
24667492
18428145
20870037
15207499
15909367
8799804
2139462
6611307
22349574
2466755
17494310
1047357
23200660
2366142
2717174
3796340
4502324
6426242
19319779
11411980
4729875
14038412
2326402
1555216
6412552
12808469
16594678
9505154
11790976
3362784
15455515
15243664
18327833
24664309
15110361
18770307
6964986
4697977
9002176
4784346
10544934
16513837
20334806
8918839
21415136
12997035
6948802
9816816
24459590
10802208
11945469
24539322
382808
2856641
3961946
3526957
22259056
16062318
11931140
24564340
22585971
11742854
4560624
18449851
1345154
303871
14503181
8411751
24733743
22101001
24066197
3389796
11545160
24109907
22538272
1648286
22220249
649652
23691781
5675597
2361987
919277
5620440
21594545
10729991
23554309
7294951
16273807
19608866
24755280
14441124
17438947
21081916
17202097
11896545
19863957
1035449
6718135
13825493
13279823
2153751
14070947
11012309
9962443
16491351
4944734
6701613
23492801
7371422
15337481
15632494
11163055
4258864
12746851
7786837
13132689
7262866
21819997
873062
20380511
19803679
18878324
13753962
22127442
21118580
18558485
18537817
7477580
6463416
9551371
19454215
4727215
6444174
11162884
5612668
21106400
15099602
17775646
15428874
3695539
21433906
4254777
3996192
11533500
13833049
9909859
5936043
13436711
9489354
18389257
10893802
11769473
11675509
2404638
24670653
4155855
16110735
23424164
673825
9129388
16548514
3406134
22410131
24413165
21104642
14803458
10663412
12639898
753638
10784798
2402949
15236833
14483017
6009186
10050534
2067955
13406905
17728673
13577287
16725443
12272549
17985272
17938561
5098378
3378619
14531443
2344476
12233200
8279782
7901175
20201017
14793709
24527364
5311827
12447106
3343138
24092225
16931243
123222
110455
7895002
275363
2075275
13462838
23831304
20641534
19260027
19593486
3621048
12356689
12453701
4568227
7323467
17668773
10153953
11319497
8681283
23319948
16417010
23092481
261766
12901488
10889441
8627147
16230290
22759329
17988489
20967316
14827065
14097598
5314346
13626276
15691763
21807090
17300133
11624940
17071259
9211172
5458173
22375318
10852735
5606063
20091031
5084305
118813
7476949
2873634
2224522
10599424
2355885
1971881
5264923
24567579
157335
4608186
22508110
5843332
12876662
6637302
8366017
16315372
20191564
3026184
10806948
12921126
4054271
13686670
1298761
10696734
1847520
4210400
20992461
18273600
13255979
18971842
13658520
2773683
83161
19926493
13022174
1572598
7393697
15814614
6913437
13212160
23585080
21785605
1094273
9083550
11324947
4603051
9273469
17747248
9689218
8211280
21187617
4458599
8052486
2682387
6338828
22111749
9624735
6837803
2085853
803368
4055080
14530099
12273002
7110514
24949205
15660878
24085323
3833322
6922429
24819295
1965481
5396626
9417569
15284479
8176417
16860090
6888698
24406683
17146297
3112454
24150146
4149938
24501933
9809371
23992987
4171949
870573
9326427
12860885
1360718
18859766
21778476
4614397
3457282
22614749
21653432
20618408
5150045
21600046
11084790
12677772
19487890
13391624
15179884
3191594
4850617
11958673
23458344
21827944
22053617
10742381
13115571
17736806
9495038
11339315
21741772
17064073
13671083
12220110
20464191
19247235
5730164
3188480
10097910
6618388
4339055
4833403
20983689
7474708
13591464
17036178
7832364
6727569
10368287
7250541
22114933
17772915
3584194
23385522
19805311
12346954
9473095
23889141
589753
4263680
6588897
23211925
2793187
12397495
7245736
558499
14661429
23142482
20464248
18695017
3109237
12107210
15429393
9375185
3054506
17721484
827530
23880380
13777151
6440312
19470918
10689393
10232104
9557331
629643
20700127
22099664
11340859
22264911
17214732
7892839
17348498
16925450
10283786
13377493
21032982
3018865
24098130
15984655
7897871
15293826
24906084
23618628
939874
11335121
17175462
15689987
20859121
13918460
17562252
15533376
24004435
18652570
6667357
6902455
10102714
3971742
5278143
21039445
14387701
19023495
11103671
16485857
21504456
3238773
24351915
8763770
10966930
2189893
203202
13663104
15272145
17527837
15296122
23148057
6034239
19057104
22758750
12108432
16546819
3328769
10816709
21178027
5812525
1905654
19402663
22747580
19213101
2337147
18133020
7509124
14717027
19921132
5419198
23780113
3536518
3100412
22390228
15242162
1156546
15933140
14314468
20798799
21268602
16832623
20951324
12707284
22777683
17552862
11996313
22578923
17812427
9929085
15861342
11020709
16356131
21599509
4147052
18840956
2520130
11330430
12129836
11892020
21032886
19361424
13992316
1822138
10185599
13355322
7978666
6057098
19999748
7694099
10905241
8002694
23016497
11687378
2694979
811859
22426052
23588822
912169
2465032
11189703
5906208
2796996
12065292
8459074
19166971
7585737
3989280
24109584
14560992
8540665
20035093
14046746
13385513
10814954
10119872
17846511
17559374
23349473
9699201
6856066
22915348
16489633
19775321
4102247
14475157
5995995
3420606
16862772
24245316
17657317
2412881
3001110
21514666
11675464
16556770
15655031
24296481
9488413
21495774
17071497
12521326
24136225
20465236
3902348
10111645
13820446
5305374
8488067
19458286
20142173
18732110
3060830
16867387
16277939
20526844
17680672
19892552
8269716
15740703
19835980
23428670
5091526
1628789
2340388
9571020
18370833
2965314
7299885
6331507
18392632
4063437
4682032
5326681
9550166
13620782
18161276
11195457
20285036
13098159
15654589
16431338
13854204
10322834
15444562
7901140
3016067
8072247
18785696
12477721
972160
16696914
6996742
18604678
20529844
24790382
1759603
20393560
5262254
4336123
2953057
22742571
15320608
13400159
23919306
20042436
19447337
3772623
12663763
24389127
23328253
10246657
22964907
6344978
9090068
15646007
13277735
4147573
17907269
24299544
16845738
19656665
16521992
511342
24538558
21550111
23938402
15661399
17210098
16546720
21191856
13462843
3931237
17745947
24289803
17472433
9847755
9883659
24593647
10390089
18985296
1693959
16528333
2756278
21977075
13858000
12719111
21953947
339524
14334049
10326868
10135855
11732497
15942382
7045385
13135483
2675707
10680129
18975791
6990131
4727127
5406981
7473989
861290
9451564
4503046
4843235
14621784
1793773
12108526
24780206
7948153
515142
22612315
22341788
21849307
17886252
18237859
3425861
7101724
4618401
19389001
15726417
19905955
5721329
20931430
2539413
481677
9726910
8099726
14337500
9080017
11829742
21575524
21446849
6794523
1053555
2197136
19179800
9985408
22680129
5478179
16794889
12235945
7978228
15162506
2293829
5676203
4458195
16932456
515644
17761078
1174345
22683229
19555955
11529427
24186194
15828505
21849193
20541988
348185
19150890
18134443
15644861
6749399
22798935
17444267
2017779
3553092
19704251
13043138
22339495
16710638
6037705
13343402
23568295
24683458
14360518
2200555
18710623
20887148
8019638
2972528
9464667
17672186
19741867
2338824
355114
21635152
1959867
19194511
19860865
6126450
501834
14036749
16367928
19121379
13258590
8606609
8162070
16108222
12246976
4170433
10619527
1165294
8248800
22924448
19036340
5111329
12691815
7406897
22881711
17837000
18390143
24637638
11940950
20908634
20851437
12270286
23687513
3600709
16344566
14914709
24501288
14391527
5454291
22052833
5028778
23641467
22805166
9097697
24062891
21505447
18334423
4529647
10733841
22776398
14033209
15669088
13939263
22327578
17970493
12843773
9024116
13827060
16834180
11773644
16305421
9613214
17732352
17441327
3619071
14106097
15348432
4481135
7237716
3049334
19558696
12516700
2577289
7139509
14358810
16544161
4678285
11840293
15826380
9195472
14392254
21641687
20468551
14920776
7147764
9293728
1751276
12635029
21487927
2177406
1886026
4778498
13040710
654380
13976653
1417280
19284707
14690795
14305535
20265949
17204503
9252476
7432698
12112917
8671258
3848643
18968038
12047884
23150163
15110297
21691827
8941124
8899081
24865711
22490886
3018402
12095976
8038906
20451894
6376978
3503747
1432545
22209315
24289615
23337872
16363900
17441746
7966810
6889533
11704621
21801814
8782232
10856460
6054376
841706
13558022
5496994
2539180
24739495
6812540
3747005
9152149
24064502
9852187
23977405
5957748
5104382
5934483
1941721
22370379
12555869
2941007
12552280
11122513
6117781
4951237
12515303
2096778
22081300
15339692
12334489
13799514
24244712
6379986
9907500
22193835
350296
2080873
8631083
20305435
16296956
240707
1412942
4236735
8270265
14417009
682051
10708972
21541371
291860
1566933
762168
23382594
8389328
12410809
19841082
21022640
22321034
20759645
4510390
13883328
429678
3759002
15634029
2061782
3287813
10205944
23422641
6087151
12707332
22594731
7114668
16220256
15315334
3243652
2747835
12767113
13854053
1741029
7983332
4580775
24690106
5208245
24765560
14768795
7805906
11383409
19997882
11213701
2175792
14226033
24062403
22633478
24289808
2698619
1795756
10783067
21787743
3596046
365149
1929408
22554829
24947075
5058307
7232481
20722391
3590927
9074275
1863160
12260597
9436452
17460323
16146789
21670128
21988350
3181025
22090523
11790729
8777555
18111964
5312540
19415971
14876994
2261977
19699317
21380560
18771053
20759465
17362511
5288205
3481589
3020964
20561548
12641934
13014242
6295324
22155501
6897921
10535433
19176947
9725896
19727267
6614318
22621231
24185809
14374558
8165625
17346574
15080517
11750623
23120107
10984130
18307394
10005435
5649246
6395816
16674288
22545201
15604976
9467836
13666297
19006954
14350651
8762497
19725330
20120871
1942702
9042778
8137634
23176
12501467
13554360
7929947
15490013
6003162
16030237
7010799
896161
13018395
24142263
4271012
18095480
20331608
19795334
15719726
8877277
13930325
5539840
9947249
11429936
6186674
1045245
10822577
25879
15727192
5350915
23176605
19173689
291218
5959528
20303206
24260606
15133982
15846431
17030850
19511473
11642106
24739107
15131729
1109444
24293313
22606302
12401783
24246958
7900775
2285098
17948116
17025894
21457099
1680235
8027438
11341522
2600116
8164586
16039308
7950629
21403589
5808658
15512463
13786165
5257594
19974223
21363805
21142417
9846817
10645436
15108467
3893124
3687405
16011787
14374880
21017979
20913685
1548806
2372029
11797541
211859
24809615
19941630
19109614
6973596
19698733
14188045
23380939
21726398
6425565
4652846
16388362
17829837
13217008
6566436
8339523
23322070
6900672
24410721
6505457
4837679
10609822
24163055
8896369
23388023
16831582
9991733
24207225
1937942
3405921
13144856
4598915
2835262
19435442
24187514
24152441
10320670
15065458
12990308
10011041
11644276
24284245
21605643
2153567
9152163
3949955
2508549
22152250
14507105
8002989
13156506
21322189
12563804
8093085
19982679
15290427
5617878
9459647
11875419
19486783
10969243
2012429
11387715
14883416
23266325
15929183
23141667
12956413
23889716
5818428
2960643
17782507
4959110
18665720
24053444
7829165
11192123
10030364
4461775
9109654
8756891
1935885
11767895
3245553
23189916
1553603
18566928
13847970
9714608
298399
14604275
18287589
7047567
3790260
11551957
18110639
23455082
21365926
8322390
18817133
8232155
15374572
5989319
1806472
12766139
4077925
22487034
24749774
9255042
14556382
20647858
502236
8962074
6803498
11170303
15251484
12729649
15410607
4824881
5353829
23712750
1396454
17550034
14806503
10698733
6302552
1415146
22698274
23388914
1138514
12759500
4378506
21751803
10902093
16641486
6782577
6197287
2213698
21203112
17909008
3426498
20325756
3203094
18823402
24773739
17342969
20404323
171776
3428233
19845582
96780
21083372
8196659
218801
6798897
16163528
19528299
10192763
5083331
805971
20846259
889741
12279786
3108271
15549443
701153
20026840
13143059
7151437
15571960
23192747
3759982
6133629
21043988
4541791
6292285
14366755
13151819
7171945
9859666
18869097
3421859
11289127
9623189
21250366
10783854
4312690
624604
15369413
14521323
13328073
12476578
19608134
24705189
13970910
14034626
20016387
20812346
4450338
10480787
18747583
5075678
7122658
7896519
9563532
10614526
5431789
6667966
6592329
22786719
14987764
5219989
2303441
15084440
23977500
16924623
15156528
15548696
23156670
9010934
7346363
863676
1549036
18395675
18669246
9055043
1681682
11999697
9278108
17444387
9755814
7685676
2243128
3687731
789582
17568943
20073296
5796753
6175688
14952892
3416092
1200289
2788279
1227450
9869419
23882607
14883742
3962454
1954718
7345434
8962317
74448
7588533
386211
1406061
21671119
5551396
19626502
16323205
22543695
7566463
16121249
22401840
13308567
10312001
18247484
15535916
2519759
15774193
21739648
365518
7240319
7566145
11677836
7398663
13710228
18922922
13462672
21583128
1578819
22183209
24321218
16714269
15646854
6670545
4127624
1700312
12329221
24208627
19899075
24512476
14047530
3704549
16461567
13241384
23290750
14910003
24152807
9794272
17914950
22507121
6126212
17494036
15130170
8249342
14657533
23930153
6747634
5688350
3858695
6722800
9183419
16292698
17759060
1572216
6176151
1347274
12048634
15223589
18246381
15631499
15283940
19399661
19402531
18165388
17464801
2009245
14822762
17638608
1953725
5615193
9064087
8640895
18644750
4795586
2444278
5908464
22850002
5563079
20628531
10387808
6313566
3266741
24553994
2337942
15503887
9210163
6026413
20334013
4391128
11564399
10309313
14506489
14671531
18617734
14630502
14266253
16828262
4978501
22882180
20601281
6874259
4594774
23215132
15717299
17131080
3321942
23358425
5769828
3240439
21519890
20150637
17891155
12572061
24104328
18458577
19745811
24453347
16956420
4274708
11702983
12576412
3284268
18495178
23726709
12292020
18711694
21289862
9375967
24840139
21077146
9246087
23788704
24457
18176000
6059583
15639250
3298676
1634372
9006335
665672
13649084
9781366
24100217
21030483
17271287
3675565
15316331
14459668
8994902
22237863
18773161
816069
7377945
628630
6706710
12749597
21725617
14753806
5402870
20317281
4823500
2532076
7871041
3013620
4219929
24586907
18397625
541761
1093226
16839578
20322084
16632026
13024168
13571672
11871131
23327653
20369203
23857142
23301446
23096024
7769589
14384219
11661066
20340450
7359256
8896912
12082392
2702422
22540588
2748395
11667012
17249422
24818919
12986951
24114372
5054243
19253810
16400131
21464263
9333684
14074254
17562803
297577
9438717
18937546
4693067
22588904
1186601
17962935
17464028
2612974
18874910
1118864
4985492
22726354
4563563
8188580
22033716
14197918
12826074
15673518
15976096
21269574
11746564
4866076
23693513
15865463
18961074
4536128
15384466
6584726
4122172
3179829
9882247
4161339
24407793
5908531
6039015
14380409
5777249
8447699
23150478
1653771
2869562
24843335
22057081
2440275
18897819
19522507
20528697
15266378
3535091
22957147
22004015
24592654
1106280
12174212
3172683
383302
105192
20198552
15050945
14005321
20328978
10215658
20684819
10102423
21258924
24008620
2452962
11013224
13085833
17732575
15433248
3984983
961361
5250445
6691908
14724834
109919
19013375
20911018
14953509
6935272
16776112
21807267
8371619
12782407
10892778
303628
3065342
15242342
20734313
7768199
13743829
24343510
16046656
18246165
2663212
687276
6273328
11252112
939618
11617012
20634954
20505446
10386847
10342356
11282222
1787130
20726615
22200965
9368392
18810704
23054969
6539928
3947752
14256251
3817917
24061952
12518392
14321991
7236851
11058642
10980502
14806378
9668949
14358907
11825290
9184805
64441
22323489
7889085
13229728
6044808
20798014
11618264
4106401
14571715
3489532
4682419
11787724
21251688
4543246
17342139
12758806
15273032
18269487
3034356
5425070
882247
2185558
5357493
750723
10381922
17701923
10777224
19380523
19900045
8562097
6629609
24274765
16550217
10248362
15272466
11430284
23813228
10365082
16237362
22816842
20670498
2340755
11663812
17456628
13786095
17336554
23035815
18901126
17688308
8868913
23907012
11849360
24270800
9748585
18863337
23102072
14586963
1894449
961516
17785883
14870111
2799084
19039456
8814228
5566006
13744346
11411726
13891758
8266063
381151
817099
22832584
9382685
24546543
13174047
12024852
17174286
2400004
11739162
298013
15154501
12560905
7365784
21967239
11060649
22812994
15929022
21931147
14732528
21556875
24685667
18338260
8827202
23569830
11947644
7593246
78524
12825349
10548815
20708477
202620
11782128
24913796
9891196
7987267
14704215
15642866
14470777
412028
17537113
14536777
612590
803483
6229737
17579895
7829385
24114320
9180711
12030356
4898187
2957090
3712320
6972994
19327666
1457730
6493770
5624583
7952713
23473350
9358234
7365169
10644590
23658923
7401447
18688436
22774643
11526243
19883813
23783274
10589014
11683684
11031601
16642058
18999405
14286788
20936058
23165603
18737935
18238492
16968217
11770657
15321230
2810323
3423352
153034
14932973
2834585
4446630
13779369
7010408
2901153
6370755
13793764
16999820
15803632
18422655
17191123
8141921
14801752
10562642
20360333
24597901
12610085
2883715
17864359
2254363
2873999
7456638
24501893
22229943
3824788
10056817
20778727
20465873
7357068
10347370
2225679
15378329
15895835
15814254
15424384
17242300
795188
2556476
8026096
10640764
8819903
1589674
21169114
4227120
9751379
191950
22504529
23037956
207481
23273864
17779996
2379680
19271581
4406390
12587574
8195996
10001005
15583871
16426142
20505148
19099489
8261225
22289013
7699956
10471295
17684694
17203155
10125748
9951913
22601756
2118351
2694985
20715868
12752743
13809495
5807336
15449631
23880311
2034563
5601808
7467298
5703657
10617961
1561389
10399312
14325077
14238037
4714895
20838613
7061200
728129
9358296
6409024
330300
21582939
13592032
2885826
20800853
10275304
6926197
5840165
908553
17383258
24009741
17326050
13650676
14280331
8686661
5186749
8847977
8479
22328881
10687294
5117827
20407484
9970487
5651754
5814304
10472911
13967521
19363241
662563
23694349
3162314
9868182
15769685
21640140
18556143
2314030
14340491
23102882
15759347
5733874
4908595
15581029
11373847
12609140
24107707
5204919
3829582
13494499
19034767
4927082
12535671
2327784
11855427
4083298
24958199
20734142
7490344
16778638
1089271
16109779
17598499
62174
13600775
11948168
18678297
5039096
9427149
15257316
11213184
23171919
7257389
4770387
5077895
13771687
16905255
18686868
11929315
6290940
24529022
23057877
4866732
22088087
4410615
13831804
6010208
1470174
19525457
7166134
7120376
12851901
21459918
7181524
22961225
18254336
24667329
9385998
8853609
13846747
11639933
24379365
8506411
19338480
19346110
24823675
7535113
10855638
15833229
15261687
8725154
7966387
8923406
2779448
24762345
21682061
7091912
8505532
17578813
9292681
10398978
9447152
99279
3273739
2297359
11844905
21592867
21351421
14961316
2778720
19009238
9029713
505892
2835730
1004867
10917345
6420724
4953917
19002505
5327128
2619406
4397349
5719889
4533664
10426002
19138244
4971966
15792047
16824173
13707317
11821903
21597333
13429416
17785547
20799213
18005860
409316
19058094
11424322
11120784
3721294
16988687
10038140
22059070
10928038
11825452
8396381
9930452
24978604
21272702
6172099
13873858
6678402
24969165
15886659
716799
7825313
2885325
9458772
17894136
9334376
5925134
13206253
3273243
12355105
24311154
1123943
1739179
14725381
5630713
1949623
9291703
22725252
9887403
16310208
24526148
14207824
9672882
7626749
19026158
3025105
6989862
1131423
18105421
18502502
5876208
22357047
3059657
1747366
10296093
12064164
7029703
17469964
571517
16622795
6023836
11855647
17481711
9088782
3524384
17667576
22173964
10231237
3362201
667956
11175280
17083727
11609004
15013860
3503686
19598563
23223844
15271055
14975763
3034130
15108291
2065411
16077391
4120372
10822166
22033520
9092246
19736420
7038912
16332725
21157943
24444498
23533923
12579143
24841640
1528558
10907518
1163214
5286940
11381556
988956
18049073
3531987
23727957
9068696
8672173
14104125
23002268
19217799
13840349
18089976
14767441
229224
7088443
15578389
13944127
12337723
3136231
12743418
8655370
9168273
4949729
17512565
10342087
8566974
10680380
11743113
2388647
17988765
23026101
24048418
198301
274926
16772043
17722909
23230348
20555853
23809788
24828144
363270
403564
13579226
23702945
17118227
24814881
15522858
19018767
13361287
9352431
18280911
13099646
11070749
2326806
17520608
21400
18312924
23623343
3476761
8737700
1074560
648070
1869176
15061172
11639292
13002679
3563487
4717785
13915745
23739098
6949183
13694455
24692429
5924697
1492582
10408943
11150950
7604384
12987492
9715852
11266212
15572518
17102141
21839624
1939737
219365
7250068
19773825
1415802
13718695
5087190
610352
3607545
13860131
13702289
7223451
23188290
11358963
8584656
23407610
21223529
11068308
18114746
3433803
11163415
10570279
19221139
20428671
928416
23576391
11515937
24710573
14862315
10854994
12103278
6989609
2841457
23167258
3808341
17576302
11334011
9722959
9669715
23088850
20363583
13951140
15706088
11399947
12529597
23691899
21866373
20360459
11307591
19185823
6373008
23549423
1786801
4278596
6786039
5651647
22231419
9575427
18592613
8572285
6446867
20550039
22409449
10882534
2721799
1694544
9745607
14765258
17526120
19567678
13965480
5732244
16040194
24972401
15944144
4069557
5545629
15434502
7443332
9496605
17416027
17754699
16578564
22296474
5361904
1512085
24404933
20184529
2583710
17729561
8943095
24940865
13785097
17104668
17059656
505097
17404838
12541681
19939216
19391333
10094686
7223624
812927
2450132
12260510
17898082
14943070
5145226
11231734
18594688
10942045
12318031
20775106
6731212
16069026
9784957
9086018
8225653
2014434
5236840
5575140
3129425
14067701
14031050
17406282
12827476
7805181
23043203
7502439
4937011
580381
7430316
1611704
16404330
20253770
2081597
2561528
8730688
1786913
21056872
24980819
24475684
1323889
6294119
6653691
23486657
9907940
18956180
6275829
14541451
7745238
22370649
16808545
21898224
5549562
13453745
18085899
168555
4442271
24560992
13410399
3638999
6408999
8420836
14305545
2071155
14765590
5519178
16537675
13723159
19679754
20672847
22724278
4140685
15300314
9585149
1620129
20135774
9704157
9941817
828409
8509487
6031068
18224053
15631490
648000
10754898
9779030
15118360
24647515
3493095
19362746
4770304
19125760
23464786
15204976
8805682
16742440
23187689
5125879
22417381
7932712
14842271
21979013
16143150
4886711
15376694
6618063
760920
65070
19384388
17648816
14384525
17670418
6545705
8165135
19709494
16148692
7731769
22653836
16112466
17648942
11657744
10067468
19071032
23622996
17421463
2642937
15199053
21174177
17930917
8820986
10611297
2031400
19682835
19839921
13257872
6910013
12587632
5940988
335143
22547681
18025030
400011
23242686
23551388
21664312
18051181
23221474
1614205
15410260
20257817
15027510
8047182
11387871
11427828
18817981
16973536
2421363
22817869
2424125
437157
9793238
22823665
24151062
7392110
3828262
11434606
15758695
16263206
16617972
22252993
8355595
1891209
18802258
15637769
10260751
3804965
10888545
22317454
22161546
3259444
13649883
10801191
22503724
1823274
11595970
12419904
10060182
13799253
2686411
5038581
4349315
11426113
11833960
23025001
10448569
23105044
10777133
1076889
14654662
12822347
3038215
10073758
8934764
22512332
24246693
19090029
22796446
15471503
13134122
6659766
5717392
7827601
23776152
23142695
3719076
17003620
17456596
7900129
852297
2373537
21296907
20930303
508662
1225354
3296305
6947863
1424031
13930306
13077382
17114861
12800092
24974808
21494
18708027
20544052
3769925
15138044
12917810
6373034
4549704
663529
13714126
17508341
6390768
21741348
21767866
2411314
229283
24544217
19030095
9064832
19832278
24023418
15715917
1496686
12057572
23428939
19227908
22367101
7395702
24239704
14044153
7164112
19271209
16896658
5935606
2485465
22813225
10122689
11392194
21688392
20538842
20394840
2960702
19137638
8237933
16689270
18877603
10966883
5602480
24293262
4301694
19473939
20872077
11745962
20599682
9362870
4389643
22302058
21509064
346527
17802141
20119296
24571569
23966550
17704691
7913761
19635034
8371999
2187864
23234155
21643956
14443676
8755374
16850484
20304817
8369417
2163131
24857542
15737490
7693333
18116562
3197519
11066432
17543789
14765360
5775313
6172555
19221866
4968500
1495344
14507860
6659429
3409407
14687965
4951297
9816187
1385453
8634427
9306334
23391379
11593502
13276233
16817083
3317865
12185035
22626948
24356343
8288770
15833360
6302502
13611983
14006538
5575826
3166635
15413019
10359473
7073688
19575035
15459476
20938077
16816565
7196457
2311648
13489141
19106365
11652336
22291130
8861318
2690933
7960290
17693968
7708456
14155392
12853902
15050305
1291502
24455142
13645764
21032247
12542670
1300983
19261519
285152
23203867
21980046
14153367
19066934
4623840
15379590
6171044
3955846
9847149
16894780
17837829
8836836
11319632
22643147
12995636
308192
21696185
2532665
16547149
10263129
8273741
22620349
5500032
21724301
23127546
12896967
17067540
10124232
16042804
22646099
23091164
23040957
5445598
5526271
6645077
21005962
4232470
12771439
24996776
6506097
16352552
16849119
8785822
22940834
9849412
8825704
18163741
22524090
2626109
10801569
17188066
3793203
9296624
7549843
3880278
12844341
10217934
19500744
17906113
2165883
9011788
21663821
24297176
11196502
6104474
21024998
16961128
24886338
19486142
15484969
15222869
24410978
14611151
18851373
23753120
23889406
16514458
21112498
1397537
6974076
13926304
364404
10474083
13509829
8760620
1073081
9418504
11617880
1661496
9396641
1049511
16929588
13801969
19714123
431687
735356
24655655
24851845
5164753
8205798
24706520
22729426
13784492
23282737
10417392
16487750
22665692
4640228
16496894
11883268
3668623
17463035
19330506
9871329
4776042
7597912
18329134
20380572
11432045
16077046
3687596
12645227
14803495
14020360
22655399
13576150
16116460
12123465
23375158
6008193
23519498
4711358
4454331
1258092
9471831
23805993
6776202
19677909
644850
18020054
1729875
9669092
7569873
19613129
11905646
14803700
23104687
11675357
16133926
5124759
23089294
14446305
3528827
17613190
8370554
12142242
13698050
19873431
14656345
24340368
17486248
4850400
5569772
23639765
7928186
23712895
171355
2869521
14437179
14315278
5823665
19922445
13845139
19758005
14529342
19976916
24859523
21009252
8039438
21258810
7533237
11248230
16088238
12836149
22160151
14823720
11504494
15646119
10880955
24021508
23314400
15574095
21490330
5915574
6576158
12575166
15696568
11012861
16032121
2829679
7995422
14861262
3437580
11940955
5395916
15164041
16918705
1449429
15913529
15328531
12378489
1495067
8347170
20957648
16529679
13940637
10410723
16007435
11957616
19497092
6436247
23125592
1382241
22325773
24745868
21110454
17736260
4900393
19061394
23635645
13437632
8378487
10867620
22990056
5668517
15710431
11760389
18295345
24493848
17569128
21767952
870800
14310205
3574095
22912288
19491517
7922325
11057169
3845750
6346835
22414064
14281574
4684823
4134235
7744133
21286833
11110022
4090136
19871204
665237
7363852
16004745
4763481
15309061
24105067
5452295
17147754
3164142
21430992
17839250
1685760
2448413
19256345
15785449
6936027
377167
5120179
16581674
21089126
7071567
10226003
6515373
20296527
10077273
5474248
3432078
1250618
715324
13556670
6028967
4213107
352221
11119387
2636708
24712359
5594207
20395608
4545040
8138464
19518488
7561678
12336770
12669040
7382940
14628831
7356136
7929219
5891245
24529932
5995009
18267176
1365864
6040531
23701436
6238244
23496148
23493953
13286555
9401106
17978088
6513012
13476799
9289215
12341730
2488751
13736137
4773484
17811078
774136
17035187
22647795
3674643
22449867
20817432
8662236
9988019
13114590
23672784
4890433
6067399
17327158
22785091
5759164
18309272
15228392
12098322
4320202
23246725
22213718
10769718
17820503
5750815
14450012
23948153
19642948
4930510
2373612
21384172
18178685
15112049
15493733
19425369
11020739
9195122
16308578
19652966
204984
15807489
4526507
930258
5927811
17106544
24801231
24653465
17627693
3119256
24710498
19419271
17584080
22816596
24589978
12225722
11637489
3893544
10361687
21442549
5562667
5330963
9090051
8140769
14589644
12904513
10118459
23701125
16391204
8152446
15729566
9954527
2674246
4366688
12172804
20931957
10142159
12251175
2330856
15768997
12015191
15921661
24144201
10012157
12337454
21660421
13364267
16881535
10907087
22139526
453367
21943441
18763410
13352245
3665673
6692347
6252009
16897320
13474428
4492983
2575494
14418871
18060549
1648825
12255588
4944471
7055813
21623314
23667651
14546698
22886811
17444459
12785786
18323747
18575622
13118447
21773604
10078862
20888117
5543775
9788265
14572356
19728043
2018427
9490245
24275846
331340
20049277
20568530
2669267
21770408
21546256
11537016
17191907
5802689
5108989
21218491
11190094
20062009
24860139
821233
9444366
21497323
10764994
12936992
20698684
12631404
6236792
23144583
9450897
12470658
1230237
15711825
16753277
18683051
24959179
24660247
4440895
337569
2530619
21628631
4199547
15296970
17673886
22418459
9240012
45250
23635032
9935853
18881202
1871666
18414377
6644424
16257316
23152134
1995885
11343008
2950472
8581224
7874886
6137093
4424876
8325181
11661815
23896687
5094256
3148447
4333391
2430697
3874240
18567111
13577214
21000937
16473194
18217174
4295925
13589990
13834853
15560174
12627180
24214849
4800127
3611167
3483561
15281377
8136523
2325553
21274750
22127224
12596456
19787478
15741675
22845614
7488449
19814112
10181232
4631700
10021670
2783421
18207685
11630204
9128268
17857506
12448290
7064299
21178797
11908193
23833088
2608124
15708993
4842126
11181187
7131620
14690734
17922493
24528975
3153478
2775050
12399356
23881568
5131027
22889511
3733487
16607597
7420440
12674106
23141470
13676524
15322380
21743844
16554991
17067407
23054250
7902532
8067912
23417011
4393424
21347202
11541348
21910558
14539175
19133173
11978127
11986952
12563005
2804003
1321603
19496754
3456290
5901503
943095
24823264
4533283
2203035
3082287
20829854
1215155
14158932
15755956
12460431
12536662
19071705
5159432
6603138
8987098
21068893
21572938
5769122
23078356
9247272
6716929
4321709
651738
8475045
10895887
9544851
2592523
23028416
23365800
4106011
17682723
22284905
4335470
2362989
6719926
20397934
14426423
16359365
22811905
5723532
6119072
13081156
13083230
8550498
24814122
18600907
15190146
12183209
10772285
24005005
4142268
2611884
8106612
1337778
5888806
12717706
5476748
15622553
8373595
3494863
4554422
6719243
16482146
14209509
17024295
12036046
4745260
7476846
24774724
7496705
5150217
11978885
22623168
16167977
16022958
2184622
16287225
361477
24129912
5082481
22141741
19181007
3690501
20183862
2761931
5165206
16242399
2056425
20136714
18969024
6754848
18045623
8717520
10362470
19601842
15291833
17542572
7861322
13663380
3159447
2927782
5732194
10366568
6675405
1798204
16339136
17237148
1901381
988805
4695155
4056459
10945111
23787761
4693955
11315528
15223487
22256361
21160674
23161243
18277071
24520832
22006913
7429302
167517
5675052
22716698
21187125
1742150
23232931
17585145
9179486
13315753
4987466
16510258
15319091
1162719
19769328
7087662
8605194
18381873
3175820
23467779
16229854
3660072
13629013
2189628
6292601
15212513
23731815
10171386
5776589
5833462
1632859
3519484
18031629
14788832
12132098
17322743
12882281
1291667
23101599
21140702
1712830
4737772
9863143
24977768
19795108
11157019
16363079
21901835
3316109
13796096
2638269
24334658
7866089
14076830
23330133
2526903
24541736
21761831
23213877
5582871
1732869
16244678
21602309
7328274
2688942
16655729
11192937
7191186
23698382
22281500
16622604
20321583
22338607
4246306
11117244
1287676
667796
13261461
20233482
11654858
14176919
22673805
15678940
14013547
19284486
14877362
17718169
8276186
18859350
9411950
15206291
22288355
23739708
13750479
15291296
11859516
24787221
15466730
18826879
4200155
24659958
9614897
19628390
2083177
21103548
3968429
19038365
20330478
1869775
24116786
1342803
13807707
14844306
10854952
15581819
3334426
2501651
20296946
16191543
9061723
21806393
22544191
12279895
12680826
17020829
22231114
5714320
8258032
8614490
2104040
3084696
16337745
3965115
1253717
18269642
18336956
23288057
965572
11043306
17806417
22595901
5990748
19262790
14432902
456157
2671738
4875062
7428335
4737341
15971653
17617625
22112637
24377686
8997365
17156522
2338780
9205516
5983911
5014323
22693031
3639244
24474836
17168459
6172683
11912202
4291780
450931
16010948
22010884
20722046
4250948
2965299
317871
7565229
8792159
8066826
8518933
22057204
19663594
9467805
6332765
15445254
5779264
19886181
4212935
8738681
13498965
14094929
6308903
1151401
11163514
12035318
23423730
2487864
3917998
22663764
1063671
7119964
947713
1775880
24096826
24781855
12305763
10112700
8016393
1495307
212453
4065615
5511703
20829533
8974799
24327037
24160282
16347350
22864543
17193447
3227451
4996307
19126957
6773580
21262165
1100439
12115440
10008149
14655925
14239275
18935708
13399790
10817649
22175896
4259482
15085090
8813220
3413715
17710276
2632775
3691740
23584490
12865948
22787585
9512800
14603666
20170817
9280172
20994254
8580946
16685637
5234833
20338981
7554585
10888957
13627645
5867004
20088222
14137450
4882222
7263638
9213595
5382434
6827928
16669565
12464117
11298626
17628216
2131998
23838094
1108875
19275279
23645823
11768148
440737
14408698
13236354
18378070
19359645
19571672
8818676
2326413
3399480
23995938
1207352
19044329
9036428
21796066
23459952
18734475
17899391
729927
5695678
8470506
6710674
2013079
20623555
7104291
15333000
7720606
6659120
9920104
14076641
17464723
3082468
13062511
15504131
14046353
17931627
3544101
12697263
21695806
4087697
2033282
21163713
24303262
18111711
18230930
9627469
2798679
15266387
21508447
8383027
16507282
13037473
18290650
2451743
24249261
3760631
7683403
10440791
12518543
14515927
2641390
15956508
15859108
13704747
8533572
11305795
4828673
11456978
3739408
21178195
9066288
3223473
8322586
3733892
19728084
111726
16488561
11304899
23247031
23509768
5254640
19155802
7374003
3190768
7307792
4542442
14186565
17178527
14769376
1659262
15544071
19575944
7376688
4255263
21372912
17705740
54976
11679343
6699457
13241307
6946562
5612494
6279790
24233710
7792025
1534019
19869860
762566
4895415
6129564
23188321
17818029
19544903
8299885
1138038
854052
11347626
10115965
24205174
10373896
16702058
22090207
20904391
11478201
11024601
13021206
16601222
23286910
23290988
24864992
17114066
20535020
10378042
13328997
9771051
20997834
13433066
10934220
546153
19074804
24587519
22234794
5448287
21427974
15171835
9981268
19227788
5970454
15223009
13000861
5294881
24766766
3681200
10752629
15409005
17006811
13776357
17573538
3507739
9063303
9880000
23541067
13302714
18554138
3125442
7479225
11242109
8367782
22713900
16492504
1987510
4117120
23128750
4045439
21025138
16412766
7746926
20566861
17828541
10265600
3970349
10147044
3254074
22217326
24006145
1611070
3893024
5561429
24593493
18318268
23415704
9164284
14967193
9716396
2353823
14033516
18007334
419828
2127213
19816938
3676917
2655917
11431859
15552014
12824406
16502915
5312792
3985809
2606225
16161774
15660673
21150295
15408969
21632319
18004956
1297119
395563
15326184
19521641
919712
9607341
13718615
21473782
16689747
5596849
19268405
5721117
24610328
18602120
23231707
6851524
14560202
24538996
19753947
19936405
15922446
16335120
20292236
10571336
6761874
710164
22382036
2807762
21413946
22554041
1522757
1198710
912484
16420939
17308918
16388349
4552192
97801
11789300
23738255
13027284
9383202
6880059
1708023
21211416
17385555
23997343
3164613
19432186
16771961
14365240
12750054
3225730
5002238
11258590
1490937
9837855
9857094
5474608
7429962
7362789
9362127
22216565
16359820
7016989
3254706
21352156
8062244
18452095
17729357
4821222
13086355
14869197
16216424
15300311
17236443
10661262
18131069
6923058
13711855
15661969
16718308
23072140
7192875
24745161
20545457
5451685
19811257
4593285
21482478
8114081
17383947
11679883
13138895
11172871
23129611
17130960
11279420
8781880
2610270
186340
1266905
15517392
6208278
8469100
5041042
23386024
22946724
20476989
1325083
11852826
15765608
11624643
21604187
14768771
12066118
9130784
22320538
17162219
2218867
2686942
5472619
11492128
5439057
9641634
597551
13706582
8752594
6175432
4417333
14160527
277136
14287986
23469699
20539393
18403086
7171721
6423473
16945453
11997612
9883176
11538000
19355211
10096171
3899636
24770740
7611180
15911514
9881412
17850633
10809837
4635193
1773684
445654
20184369
18348809
3309429
4639892
24453529
6527184
15271476
4776186
14136954
14193099
2032450
789779
19244475
21242366
13361948
16893343
7095991
18825045
12576628
9297343
12267092
20565460
19217920
20095839
5892843
6578468
8033947
8435839
3383662
6642889
10830071
16798831
6788825
3656115
1025257
3058317
1943221
20171026
4412446
20628832
19697900
2005214
17248437
17716913
6042061
14266878
8813007
24025982
15224710
290263
5240128
19361552
13385113
20635804
18370775
22358796
12083506
18363190
14779026
14796732
13615356
3952909
18080106
6664151
3693336
10989495
15835926
3156246
19121960
7933214
11275013
14525905
8790113
3623389
1933690
19459718
10597703
22767511
21596073
6636380
12500093
20486198
20088176
14415961
7957725
900862
19794454
5440042
13171919
23028701
3928782
21835444
10240381
1612577
6295572
24143471
4856278
18156462
126306
5829058
18232593
12795114
8737396
10468172
18391299
21861458
7319068
23656365
23463115
12676776
5253997
8086300
3343505
20549404
18017168
4037086
11397068
9638540
17866448
6289517
18617711
2237021
8581473
21391505
2944645
9544162
23614641
19054574
15503555
12568787
20481605
16530301
20360702
23335362
17338022
15380267
17157714
12213780
10935500
24648439
22726529
11026665
11261463
6275787
13887032
9537243
24010501
7020775
5961182
8065611
4322094
24515975
2650401
22950787
16372109
6835687
615359
8025431
11347960
17244610
23171829
6525132
20711513
15753492
23081386
17806614
8209819
18823591
22848063
13005943
6076154
12356732
8674646
12792715
3658011
2410124
12903225
10810726
7572589
10400109
14577181
12806847
12779437
12673253
4867554
8643361
5811024
6014539
14174861
23696347
10796529
4691054
18463450
17216923
1796849
923188
12673134
2052589
16453510
3480440
1877776
700341
16739764
5280554
18360255
15500241
6832833
3150038
14276298
15387812
8465095
16592195
14920699
7450154
21204322
1404891
239790
4467577
5659903
17610640
6958460
10767983
17587106
4706187
17216555
16882425
23638760
1924548
21358636
22167938
7644111
22752869
9747321
840181
5012527
20462729
14470392
5491633
24373946
11551750
17978495
8011837
10951373
9983599
18221518
18366208
9696235
14138954
11478611
19416381
8855337
3746214
15026085
7766241
15456561
241501
9869887
7821265
18945563
11476029
23056560
6263867
17826433
16597008
10956013
16540122
5623712
15233049
10865048
21970251
5970904
17031750
19496502
11936675
23445958
3983992
7638425
23741594
16999690
9789066
6668214
1207373
13734509
21337407
670906
22352499
13565297
8776871
14981651
2923875
10413472
1575812
16464950
22251523
21901667
13923439
20195873
10278448
9694590
23571339
11348429
864107
876849
16062960
24817546
22581371
14855450
18622825
20039070
17899772
23734401
5084221
17788265
14343065
10519170
24683765
4839608
21362428
15220677
9909551
17392614
10209303
22984566
22200280
9887057
12733059
9840319
4655244
18185767
6274909
10037380
5449709
14049371
7549228
17323881
23840831
12259370
4671756
8392210
3389214
8517071
21658655
17423547
17262618
3398076
10171195
16840301
17501495
12605075
23823253
23346289
12759969
11430402
17024486
12874437
18472013
17317247
3528690
19066575
20467711
14652508
9046369
15800727
11596103
24137881
10296066
2290914
3451518
22355813
15150429
5545405
21247415
20848307
6060319
11995501
13032041
5984862
3951349
13020788
11048700
21425203
20688522
2206047
22720757
2785690
4256790
19524222
1500071
17122450
16377035
23562872
11140386
13081285
5871803
3649416
6958806
1055237
24256834
2894945
9980668
9233568
24628500
5416157
13559222
425379
24356522
6640047
3750100
10067707
6114897
3349178
19348799
17495988
22739972
22399563
11884895
6098683
19644687
4894788
21833942
5792332
14802991
20508449
24461748
3545183
21585045
6661548
10271345
17686255
1584539
12632976
7565074
20677031
194737
10868885
24210148
20073827
13894180
10191613
14137310
14164669
808070
6966904
3827257
22413122
15020532
14424948
4506985
3139578
13080622
18978972
3166156
14538520
12399931
21131851
15917339
5874198
17910212
20702482
11800202
996623
18124744
19984272
13772251
6420277
21218068
7789707
18783949
1199414
2959591
10720982
16719875
10887505
8572513
20168236
12548582
9276316
24732787
8676909
23788606
11164886
16647191
11762168
23845131
5870116
7716950
640830
24016798
3395333
6326299
6678347
22881599
8339971
14570301
9616081
13025674
24983283
12779162
19489817
19518401
11005618
10206210
11976196
6289216
8008514
1456951
6378695
10217325
21882623
24849654
7050241
14705641
23254383
15613731
14910783
23417643
7836106
2089231
3147063
7502138
4664352
10298163
1149596
11855827
4779981
21848654
21488636
5782131
8616926
23523528
19349624
23384498
2464477
11356556
24876324
6740546
14484180
5666892
1083941
1888781
11732736
16124572
20596078
20229973
9488138
18830074
6836149
10907787
5933359
11414223
1537344
238954
10117139
22580034
18608957
13860777
100900
23847704
24924556
641136
12303475
6761943
3024553
15795696
12188925
6443831
21979935
24068321
22072672
19311062
2834643
19405570
1670418
15636423
16603464
15419856
499865
24445519
22396237
21816125
17567226
9279839
5562442
11293111
16290756
24904440
20466711
13504337
1251720
24324790
238577
4991973
22171595
23219565
3103586
11037171
21786847
5468100
2222263
9633767
458380
8427090
16016392
5292142
6418552
23919202
3615917
21074534
24394253
18201627
19213204
13366987
364404
3954981
16078441
8556793
1960398
22797584
5024206
23664778
20836586
14510769
2157497
21585862
998325
15908361
15962272
6405914
22684556
17611405
21621385
10273052
15311226
23828696
5474293
8911075
5991784
5955743
23612726
23810382
6657169
2143753
19459168
17407135
1165060
22742363
22507019
8533562
24929503
7337609
11276891
12235542
24238225
6294713
17820067
13143103
5497558
9560909
15403450
24001550
13729887
13437025
22568393
14112156
3529468
21806977
11654511
4582830
1858108
6888455
430649
9467117
24328566
15235555
9384720
6373492
13816752
1041524
17235649
2477768
15264007
6212226
1547103
13689527
6116387
24676667
17885772
8480202
1119954
16343152
15749617
7318827
189814
7226046
24622176
8694113
8113737
11187626
22866332
16602874
736524
964279
2423885
11922856
17750347
1071341
6417943
13818499
13273859
16460710
12002902
3036659
867762
24579102
10276441
24774517
1828004
6758876
4806586
8171864
24499232
10446385
3045041
12481422
20693741
18080008
396563
19386070
6716311
12522392
18292187
16335728
15888661
20063018
5493848
15488781
8508450
21309914
872733
2790713
12370044
5067355
18371941
16964370
3993480
1783376
5813228
18589051
7454960
22256751
11656088
9872043
3874726
17546054
20849305
14106964
17413828
21466937
11045631
3139203
1198549
18916816
14545517
14365324
20616653
20566891
5371519
6020116
21262795
4381436
12529363
14006724
9013743
8605741
15310949
16079768
20153925
6021707
14518081
13471907
20235627
10582415
3840358
19340322
5872643
12417453
20736675
23785209
24310291
24506881
3336783
7803010
12661961
17358566
8455570
2634393
3403073
9891055
11016551
22273325
24932740
21079314
20748487
8866828
5065150
954017
18758108
19913181
2228016
13345401
16203513
2490728
13546701
2298987
14208710
17544128
5293527
4802093
4368919
22339222
16974429
19236984
17880365
8390454
23128200
7563094
18818998
14675726
12050590
16169627
16627946
13063437
4092771
2058027
19284128
7660752
24053308
19743383
16147685
12936340
5673791
4794907
23449856
5686274
6991640
24976467
217735
15126064
19731004
12870973
13611234
3815380
13436586
23933264
18276409
7203820
7738143
5978974
2788947
8828773
9367966
8578756
12407920
7843031
8116509
14168719
4699795
9347397
16374626
14554638
9816053
10400009
24253877
3220219
7178133
21471692
12701312
23728183
12922678
18208202
16779813
19332908
3587564
11824562
2869961
15451803
13544943
8031122
989905
6087815
16042116
11306511
936295
31893
10427862
15042014
24238943
14587360
23879471
13733854
5652276
5173344
109467
12503346
16364433
9317996
23695219
11758682
24475356
780518
12701896
4714018
23763798
328524
12842502
4000552
15988292
2469977
10959422
16614732
12228594
822456
24399720
23347355
18120737
21389726
15202791
12514668
11023118
20806961
2163593
1836038
6984192
21250366
23695445
5863626
23545594
8036890
16467730
8437021
10002724
13940990
20815035
21515994
23229675
13982523
11935852
302865
5085274
13641944
3047806
21781796
6659194
4393060
23112177
9364699
10680893
3153913
3039687
2315317
21693911
962195
9404434
15665945
15575909
21362050
24917468
20079640
1407050
9913770
2761740
6500923
6954784
14883774
2325633
19873419
9231801
22955885
8062598
15285737
24844401
2662488
9429917
24472503
9584028
12153893
4865695
14996255
6423959
2449240
12014190
18258549
16775851
6051875
14196272
9099979
6168275
16975384
23569718
20773965
19522022
5746145
8471228
7547370
74097
707868
15140990
24633568
18317452
3404796
12418926
526192
9209006
19751888
13236144
17444324
9212884
9682953
10512511
5050552
1283363
7008394
18078134
19907767
22768760
7385190
12197664
21285751
7077830
12514433
12107907
18477030
23890370
18525154
4795865
13558866
10446258
4510020
12602242
12613720
15062191
11252563
10469662
8918233
23541092
11222578
24318482
5176505
14606355
1981825
23936270
4339463
15736745
18274470
1382671
15839752
24121657
11607007
23357605
11521928
9249371
2112357
9458274
21364397
15192442
14515046
19326394
15662659
12481018
24593406
3399794
3712289
12678913
15477722
23135748
17635748
2292482
3515146
19687399
13284883
17944587
2718449
2444404
19423067
16997628
2314748
18665475
5891683
13524156
11523587
10298195
8874166
12494072
9194944
11653011
10812217
7305756
11564412
14852942
18251081
11888275
11830022
1768878
15969427
10798288
12196349
18379056
9988607
4906048
20585079
22963012
10861805
19275453
24893957
3708024
15539147
13070737
20760474
21091629
872650
6880479
1002285
17128885
15922677
17157983
19697372
3250755
24839696
22855501
16435836
13806309
1651576
2525259
10794275
2143622
23355619
12806013
22724952
17886146
17534706
9860282
1327235
185219
1621381
13138411
10498610
10945413
22693242
1065431
8090263
16642673
18388353
13816902
19459102
16912039
24079129
11653278
9824094
12001371
2142808
11225153
14819569
7730999
9661664
19485823
2695155
715619
3975421
17170820
17970720
15710109
19969515
20228290
17625553
9007360
8945490
19139388
19074540
7778272
20041933
380651
13887081
22833074
2364390
13862200
13600547
24229007
7307809
22524360
7737063
23374273
9151437
1936382
7136103
19700830
9456355
23308332
20818929
21488891
13900312
21134417
8576179
19140984
7713856
4755944
21419244
8383982
9824768
11448265
3483980
19792002
7603563
13531248
3924050
14813525
13571734
3739469
6876535
16247424
7865163
6456183
14186986
22686940
18204410
7925363
5856049
9457700
7552674
13619478
10202794
7170247
15262919
1394558
12717591
18470373
856349
16226737
10802002
961780
22462473
24041807
17099225
1324040
8663481
7251616
6243620
5407596
9623705
7564979
20999786
23421327
18596380
9120566
13847235
5518423
19183866
10050015
19305781
12914723
12899435
10499519
975826
4685930
447941
6997951
1482606
4252408
5384690
366073
1666813
4170304
20712548
16197836
12492612
16514876
9708647
5816849
1117397
13244085
9761381
18328612
12740352
6092247
4082690
22380347
18269624
1482637
5168077
23826290
1695766
3161479
9018355
23359182
24662076
12324705
11716308
16877568
13485474
11454939
21063546
15064559
24001985
7814944
15216927
6912887
10739138
6730615
8869878
23920775
12952509
19247984
11851402
14923010
20458599
5044372
1984316
14905115
20890902
12706449
11136842
12637232
9729934
24632172
12624885
14551818
9324573
11498526
24465031
19998325
17605079
4266806
11162549
8787739
13782307
4759457
2651444
15960766
6962163
6524774
20573105
6142854
8302635
8385899
4393729
14368845
15565081
13594646
4191930
22962812
11481148
7345055
23289531
10775206
3356887
3237400
21380426
7658211
17778343
23916177
6407370
22363654
8740775
11935427
20906930
16020622
3574038
12015975
8466711
12359383
9687108
9556693
21826593
23653260
23429736
4287454
9208211
869527
3233536
13259836
23486447
14607813
3172204
4670432
4395692
14908024
13016755
23163522
11486074
1559632
17674046
17464516
2478094
21111872
8444821
8407932
12799683
15601222
17656090
9923419
14813019
8367454
16287767
13993520
1304313
9384904
15277544
2505390
15996374
16455552
20374220
3670006
15348219
3070410
23658779
21737454
15356109
11941401
20439714
7443605
17324278
6225369
24133987
9710147
2931654
5405803
5961553
11812169
12741264
2740904
15873841
5905798
11506544
16526844
6791861
982940
991875
4381285
21642234
11148078
21464972
19496299
22917383
23698888
1886408
2567894
2537821
6031106
8997124
16579755
18444011
7555895
24127605
13896753
19436
21738906
1330868
11640104
10146834
23700891
1098088
24491077
24166871
13734253
24448483
2762036
15715600
11283432
14646957
16204880
6593624
14319010
11729719
13072767
11816256
10295811
7346847
4628063
13892366
1749727
21520323
19322939
10033054
10229539
8155374
3388533
7740252
10585521
1292489
5982165
270530
18982134
14997341
2911478
2122353
13456798
5613975
1641697
15218843
24636706
2529965
5854642
20765435
23826411
5982888
2742108
6343408
18261440
12274440
10215330
11698974
21797453
21691595
440908
24128035
988422
24230150
13879073
12088906
4390650
14461190
11980714
10120559
7213904
6920666
17787322
11066063
24581733
17628510
22694542
8619042
23011420
3665073
7903272
11675444
21945758
5118288
10205923
10670166
6379859
19437103
21620271
24393616
12987832
14515651
24678835
8999520
2440771
4572610
1486473
24267316
7849572
20117670
11804005
23860408
22230586
13093948
24166061
2871653
1312753
10273060
2876599
21615837
13930775
10581041
11408420
9934888
17815049
9871186
96023
23660144
20202037
10634468
8969508
16114582
20192986
19050196
24369621
17270960
8719486
3780474
8050159
6398497
10985012
7389881
17927790
11794618
9041274
22295239
23587675
12960780
20287654
22445442
1952423
12582512
17830707
12247740
19573043
8556243
10399584
20708693
16027099
5505407
4284773
21062307
1460776
5943430
17634758
19558037
13276643
20042920
15537132
12521788
24261702
2946013
16725258
8951410
4296138
4943831
7613730
13109355
1970179
14800598
10980324
108012
20195283
14783844
9990329
14608848
1308513
17274688
24152507
9730527
17594403
16404071
15746729
12940417
9128221
13954285
7343309
1196360
16737781
9027526
16010068
10386433
6044347
22709218
8660277
12675761
10780198
9410588
7295036
18892061
13558918
12826440
10229798
14937183
11532725
11716644
10533068
4593629
2612997
18089275
17600636
11396546
20677092
23718488
13014642
3988063
18154861
20572303
6240727
16998219
23089455
10372529
24747374
10059457
10965775
12723762
9062418
16214628
21709394
11117406
14140087
9888041
17031181
5645621
7538832
11150322
16319354
19961538
18372106
19824949
10986986
5263392
17260876
5844824
18343228
22143570
15759876
8957762
732648
22060985
1392214
8305928
13733480
3587639
18842768
13555611
14379471
15236879
2685252
23787191
16996436
6115209
16674118
19432480
5477670
4261895
12482048
18386069
22401216
586143
21057720
23782852
19173983
87043
10074108
18802181
6860553
5239715
18205484
23728270
21757511
15720508
15870649
1503316
632273
9600722
13017545
1830709
22783850
24000068
13714111
22620308
1577989
15905110
14541555
19528603
19809463
21647218
1621978
6540040
11168501
2331193
7521840
24321522
19043659
4688949
20873919
12072707
21409702
3438565
15880015
9468273
7551985
15546029
12145476
11850778
17815714
21508971
19709649
13122763
23658948
21517002
4447371
19397205
4594561
16084892
8663742
24876262
12376763
1889381
18056569
24356462
20080846
7861572
1639462
23262039
18118088
12419374
298064
16814984
13338189
2814793
869876
23617610
23661262
581444
23743575
18054895
1456348
11282986
15745743
2039078
6568562
7506404
5367224
2323462
12349965
