31516499
17403827
28985269
6556670
20692240
19057195
5934207
13155694
38321750
30357598
45377045
25772999
26029761
46614317
9922604
29449777
24974257
11062147
4585700
22151079
45448430
24015071
17316222
4380170
17336026
38013432
32264585
21776198
26133300
3044459
32393007
24143435
8088815
32382879
40563003
37664936
10363878
27341649
23306697
40455328
29271228
41864790
23749532
44860756
13006592
32485634
8629190
4289661
22814767
23567681
43743298
5261235
30662079
27341062
41598260
18715093
3007634
7259970
34942475
36929590
32657962
12880693
36285502
25751058
2513776
19408587
6220307
40761731
29763146
26104749
14481688
21097765
23201410
45073172
41214331
33728727
342083
33420162
49295719
4620480
20077567
23951444
1863244
5398587
48964508
20474315
32050456
46770708
45675430
8067468
21649871
11154946
23011108
13163268
29922849
13856006
9025255
35352094
49133105
33583024
39034558
25025088
45307239
2057585
21549925
17347068
46231003
29512527
47101520
8221275
29855269
11994415
39112050
22739609
9499978
40645404
41111991
14745413
3068216
22575908
45819661
16859511
48518823
19577547
4199313
26864246
48567032
23615005
16770048
10959687
10788995
49684703
14593270
14137881
38798680
12408729
30432943
9735028
45511336
19238511
48814899
27171
29177009
29730924
47522955
20458128
5552232
9461461
40465994
14402697
21122496
4977589
40356612
6118842
11537068
5065168
29710409
23139553
18131082
39092193
25285084
8274450
68014
43341150
26779305
18896360
7619198
8102798
6887122
29157310
34199279
2003609
33446011
16597306
17155585
8057889
31493525
12310628
43500486
37029209
1949473
32613677
33133472
33194805
37419087
40159398
12032200
17128953
4063765
23330790
7733588
1388997
33093284
33849941
6781162
7233725
28881064
26887982
33156712
751255
40923542
11390890
46255702
44021811
11542084
21847484
23888493
24826154
43126705
29452033
19884033
37350831
43656818
39109320
27269982
17291684
34911929
11083989
35486190
42496679
25108808
36333620
39341932
22510027
25752498
46249073
27008943
41411342
40877751
35983444
10957430
8047843
5962550
6016618
3667043
45284158
36558396
44024581
28169618
27244333
31387085
36203028
41124251
2575689
7100608
28145803
22327468
49545425
22839871
23014777
6480757
31049664
3268986
20830981
38853496
31602494
37684055
982557
3299536
41117349
39337874
4158872
3566495
19571862
47151552
25523598
14229334
4207563
24759461
37433879
5446428
20740456
14584644
38919581
38323750
8021642
3493106
41375458
37887223
27275874
34609928
22895446
34009387
38232403
48995745
2704832
42618958
30776236
41069069
49428827
4514744
41103138
30055939
16558048
17406737
10165814
31004993
26354459
20828964
2244477
17573941
47562131
44791099
6013408
24234560
38062324
49887369
35496757
19041350
25271043
15165763
26102418
44359112
28621930
40774385
12050356
21491827
41043291
45640800
28140233
39732188
2585675
14370219
38763523
5614705
37286533
35282126
8655732
36831495
22608576
39697844
7086824
23753501
40334867
46256530
3755443
49205346
13597710
37097087
26441192
13381673
48449538
9298306
35060182
35810005
15420279
41794815
18607384
10298747
25980135
38998633
35067065
49036497
34223187
10007188
37820452
40898795
8527765
41876973
21355329
14957787
18947624
4696902
26754327
48282621
32378141
30294793
14503899
33128467
6099797
20249580
25779245
5431424
40666562
6831235
49392110
1529566
18615104
5710260
34847149
49556029
41593871
8809422
16748993
35234008
41393683
22345975
33620987
31464482
30088678
8019897
19198406
1188283
28605151
17274884
25618099
44733740
41669573
48710411
30138118
41720235
683838
16359608
30768146
20074279
48404656
14983895
31686211
5204961
16393746
26145223
23487608
44036472
44550823
43607980
27816007
37271160
45668956
42223029
13096768
33960842
726041
16411535
41239349
41250118
48723779
12063875
49387999
19243784
16500752
5470531
13983237
9242952
19653149
11480102
48623824
19259917
32721593
26225158
40402277
42246577
49395960
29509829
33083496
11110788
42480780
15199950
38570987
22455559
47320921
35414524
39934112
16391083
10178820
40699762
1755369
1525734
48541794
17275759
16713267
4779512
36024473
11404574
24989733
27945638
17168631
37583410
48147845
24710939
19072295
26945526
20621709
45506286
47791710
42387322
37153608
12035363
44245683
23794855
35423195
15904700
44682659
28133184
35250231
11661445
2532455
37908255
43388261
11232558
26107135
2734122
1201152
43793257
40835776
37684797
4061550
19786325
9092709
45112212
27483424
36374263
31832279
47318946
29764803
43298656
18402618
40580920
33267429
18831326
3472888
9337426
43670621
23653586
32041688
7015396
21753251
2856241
3852984
7542580
13862287
3312531
23723934
28943646
31355580
27357337
20060541
1372773
4018244
13619871
17696947
11206107
1035518
3232944
46937164
11940442
28675636
36099681
20767747
37532020
13189324
3124330
23341637
45298963
30509259
14106470
42215463
31858271
17569684
41126598
2165830
12098211
8746223
35511576
7089592
5261008
43038513
48023862
19552992
49316338
28369157
16334270
48586374
17016832
11786226
2870726
27094667
1605000
1971947
31798409
27314729
42847485
10438205
6747113
42499046
31761708
15160434
39115295
11824027
33513784
37824723
49820954
696321
6787396
10174978
2264287
22963334
1999281
4463565
35605775
6514978
26238666
43436591
22418791
17722231
2975366
1998287
33443291
19658760
24968131
262805
31137510
28247236
44280373
26481775
44567029
13336226
42969555
4633122
21128735
41475105
46143099
15562761
9669808
45015136
47635714
11850566
4783035
27216494
22479902
42057111
4943525
42927162
45108609
6424087
12983444
2252586
47862164
15960076
47009913
36252471
35572974
11113628
17111257
38596453
4874776
26173663
4061990
1146577
27460602
4929276
49943828
24476447
33191015
31266473
33566500
27236396
32256880
6502939
8256915
1369689
29128933
40632104
45432240
22038201
15561254
19467766
18427160
25786611
30957660
47557391
15535019
43756212
49511883
41467446
6910043
42063418
11578466
4028125
47990752
37318434
17123564
48798502
48283264
30987636
31502500
44920322
39619653
40081606
32900498
2980825
13768940
23880873
35468169
3497141
24541392
48963151
13928494
40189036
19826112
40675007
37366342
43548542
39908422
42388617
14617104
12609440
9928737
24555412
7786758
12529741
38281791
47408172
7228512
28526123
20041261
6150525
46359989
4487101
19803281
19144942
16168542
1822735
12777615
37873064
33987787
43337197
42273195
25108801
22719455
18301062
44214619
11043139
23240408
3413929
23451279
35298427
28701017
37342465
12606671
11621712
13624425
1778702
2709008
43267695
38251826
10251220
33423836
2243518
38530712
4069083
17181382
35894122
32085396
42593835
17354405
10208006
44519554
41984674
26565723
14244469
21515145
20268529
21521782
33742715
34834008
15173240
31697160
43998315
384642
24272990
12477332
29256498
28387320
8973456
5363736
33646606
24716783
15624571
16270196
8154327
2736768
14346754
23218102
33397816
41146772
21519115
22391753
36168394
3143885
32724554
7158051
28856405
48193801
19997778
43004265
17468269
33630346
23171240
48646844
12342455
6018827
5823880
47916700
26585983
30808101
41541907
3826034
1498275
49410886
32312060
478977
13352994
3656631
14279188
23590365
44873895
790258
31530154
3640598
6220331
13762125
47355062
17485847
13872665
8480802
44529395
42705728
36000728
11653028
48409911
23480113
2755111
18964269
46535808
38400703
34127402
49877703
23303406
40787558
19131967
21564387
40369850
33423678
9158674
19982847
15884032
35441920
22619936
10431880
5784328
21812338
42209763
21108828
35087478
44851728
26342922
43655232
21788280
7885257
11529408
39258371
34698654
39396001
38091672
32408003
21622961
31964847
24620165
25049035
27396144
23753737
31968902
6675755
48021760
45482189
19685701
45407219
7976890
17690467
11629057
48931972
43454873
36800707
44716475
20603410
24530174
8513884
33416421
27309821
11295749
9063081
11289585
17492482
32034524
42673299
8518192
12527309
36034463
3521586
11524251
4807212
28582005
44266368
37503669
27249676
10343133
15472976
9301833
5774434
9028825
48504265
6823397
17986103
11848518
40531402
17898349
4001248
1203975
30034747
5757886
43933693
1975212
24608839
5248286
14635074
46746946
34937074
24058022
7586269
47854362
16317253
17073286
16937396
3906925
32588784
4624875
7497644
44639798
19950695
4733260
23529996
45243420
7013280
33094768
13583041
38336783
16150061
15859489
44819765
43736219
34521973
4597133
31488139
47218633
35132542
33578428
29233013
36545614
2704350
32633827
2226402
46696150
18629146
41662987
27937729
39983237
39306168
18523646
43805489
34111973
1798284
42182391
13766122
321630
20732720
1973819
6232993
47918478
26382664
28222103
38770300
23632337
42516938
19982364
30944195
10844816
18710330
45303684
9908398
23901891
15785714
8725869
330016
333297
26488987
2685688
45011539
18264082
34088902
47224921
26169184
15555997
3257594
35999665
45346942
42574037
46392917
3384793
14792647
6012575
28029446
28175905
22909991
24364000
36266158
33326713
14288749
26240223
21645596
38649093
43188232
47118216
11239368
29347844
1843262
15651743
14269750
12753599
25302042
20549505
17855431
29214811
28304831
20128833
34812333
18832292
10691912
5664114
35127089
18920091
32239573
24115016
13015040
20542043
11375248
6083598
3271694
5774405
5974451
45427866
12896356
24960000
26371754
15271523
18831996
29715192
25893480
8800179
34565833
39688746
37932904
47906245
44853885
45549173
19667179
33436944
42918373
398084
48567111
31717606
11036189
24048401
11571729
32240934
6436782
265407
29089183
31898749
10998606
386141
37476994
44842062
11950457
31249359
16062731
33018360
33305461
13986836
2509073
18059907
15152986
13475831
43227029
29986064
29239502
12345566
27308542
13633897
4176472
20033935
37716122
17111022
36574254
2800889
28015296
28620047
26480502
22081376
32524937
1193829
42439647
41363796
12452456
46073299
20733190
35055072
10347893
39323950
49114103
27234346
28727850
32005628
4471660
27660903
48562203
32522681
31803065
13013832
8174131
48588106
26222270
24330124
24215518
24406241
17959070
15115341
18092268
16134061
43111350
4184558
21114397
3236572
40759859
905632
3952135
34182062
22107218
36422891
16910355
10379502
25906616
18636224
38675826
19720112
24026729
22809614
17199350
24209379
26648785
26229817
23422354
2583243
37262402
10992870
2410097
46967820
39949546
41376889
14878054
48418861
8447331
34411184
4080178
1119859
12062093
31000524
31139633
4381906
44150303
49259237
16699601
10164533
820221
28855549
34863310
22533612
20778035
23332936
35999865
3996480
19516459
48692151
2622354
18591833
13791813
41086396
47039339
46154442
7469221
11959537
4608425
48017948
9146096
46147856
8740551
35113393
37592846
36995906
49185258
4794813
1767868
13072068
27393822
6699778
11439912
36390681
22340440
26773444
41644847
41149313
4545747
41156974
34626551
28520011
31760260
15295677
3636506
16668255
16651493
35913515
25931565
41660808
40757682
19129565
36381263
29063545
13908873
27799017
8700024
34773821
27991014
18250135
8461273
20239471
28358465
23673043
40635274
8270519
22343897
25173390
43791143
20565822
7032802
872596
16316448
11210502
6833338
44258178
45459116
2234758
26629758
16144387
43031404
38879743
3695718
2234398
28212035
20067820
20433690
23543221
32065749
26401055
37062085
32950175
7631939
12542058
600917
29940203
45840054
35038646
7031980
483004
38488449
40948855
37314552
20153032
25295798
40100567
28438137
25865191
36436602
8305874
47205418
8536842
10992465
38106965
42181990
30631405
36431856
39839977
42438079
21921174
19488790
3243445
24701717
1562520
49187223
2804921
6447846
21631267
20412717
47071776
29043357
37281206
21760679
14884117
10097412
43537912
4169221
37316937
3820336
23781886
32607514
4148071
48527814
3060921
3462101
27471400
24272836
25244855
34624489
12957918
38902088
33005222
32040572
42746550
5388343
24349254
19359971
8479444
39685935
35447201
21533816
32988429
31895674
5965062
10769119
34656131
40999307
42553575
33864758
48589253
4529352
494934
25330242
43226261
48214057
39210202
563937
20991000
6527000
4369915
12585679
36521419
5256040
1948829
20004015
8000808
48020253
11362523
37296221
12769917
11791993
3392620
39305861
5118493
13648921
38740261
962065
32906280
38613530
23667459
36274598
30334397
12564347
42524714
13361122
16215472
22180196
12575577
33555113
12107900
17772020
39944185
13679014
17275626
1378208
23871458
28059338
47386296
49779070
42765128
44607557
13343000
22742728
15052041
6664321
43757639
30806016
3430835
20176360
16239459
27033849
37856228
34888024
32810873
37384995
41750666
42840133
24839751
16440414
30936454
7845375
8810521
4896555
30579947
25805481
3159658
23745449
18682691
16971080
3327919
5214248
14326052
25878590
28903290
13131962
29429527
22151955
19561303
34043865
46786227
18833105
45388058
257772
28420564
43975476
33738986
26919809
11644111
45478683
45113929
35616478
34133273
13593560
20276107
3732849
26756813
25969784
1239003
463473
47005597
35451706
6306694
16166035
19162157
11435870
34170503
25798002
13927122
15447570
28939997
37777979
37223255
36039229
25258150
8541339
21242103
29391413
16228648
9778460
27445678
35004685
44180346
31923208
32899035
3353273
42584525
37868404
17567201
21675525
32141196
17898419
1693581
5297408
29776181
29827810
23759781
15922376
44949592
23509937
5129107
39963039
8216423
23532933
24800663
12352138
42529413
2075491
26437387
12537096
28124010
40375399
24587349
30728253
2028354
2260589
3582460
38756328
9927144
5514263
1339813
48851580
14847308
38794488
47997549
6470651
23009823
36704353
28987858
17416786
15652629
32587500
30203225
37272729
42054932
20391596
2485387
16744419
22160738
2701938
49661295
25828520
7472449
33553483
45866053
12854168
35590456
14132541
18615498
15960697
28999071
38402072
3989797
31353288
5388863
44380790
39930819
42602450
42875514
35060627
29965828
12812515
46078562
29554353
1075145
5032864
4338435
12214900
37393210
17809216
13277022
24179869
13838885
40793954
49376830
32885965
9375081
29710778
5967612
24145204
44055081
1502508
36255636
29272543
15669
35360509
39841765
10691409
44478197
33554908
26958574
4702543
38747639
15500202
24291434
25794718
24640028
22055639
1055665
33927134
1027913
22140145
35112717
5877049
25818938
29504323
14150802
19327333
34410334
46574579
19381528
15451602
17781885
6255660
20198364
27004201
2285148
37718666
12881229
46005512
13592131
11639955
23373942
33462835
16875910
27526819
38817893
13643872
30803763
35890237
29952754
44736594
16279223
6660441
15885198
49852352
24600063
32405219
42567921
31679376
22399199
18026252
27476731
22139712
46555738
44478815
18869
26110173
32763751
553057
12327581
15732569
48170715
41872258
32706446
47284118
36237315
26592182
43428525
20167730
44563243
30916317
45968675
46139725
19529725
38292901
15095193
20860618
16320129
33234184
38843966
19919164
48176490
36151285
37415117
11852394
21826847
49081636
37543317
7794184
4143024
28750563
44134322
34953587
30981772
19974932
46596295
40378634
18546452
48951233
12643268
3569829
34203554
761292
2086774
42426948
9128804
43935862
4881841
18621421
22851348
22444079
43283087
4110978
36317387
49396149
21278681
10899949
44818878
37767450
22859430
47933342
29587559
468289
31554483
12449937
20221872
30108867
25773507
1498913
33008831
33894422
35284655
10562549
32573292
36655110
16320194
31763287
8581496
5063137
1344880
46667345
36049148
20037021
48129124
22011580
36469874
30865500
24573063
29062954
47164790
47140065
16269990
39375590
17589676
46515976
17370759
609015
14877148
24393110
16415642
22155175
45433125
31242394
23214701
4108686
23966103
48802964
42269997
21994468
28176023
17067638
41566498
27609073
29646863
34391322
42904349
19282739
23281884
31648283
1367435
35884828
7171048
38878062
23854016
842190
22983569
38448723
46767754
41612663
9942054
1885871
42546450
2344705
17103215
31546986
9073557
9359341
25534858
25496239
47117650
17164341
25996656
39837443
43509647
11417305
47324835
44623360
11850281
34050729
21111945
21608858
24763809
34451692
2929488
10997249
18611688
20140696
31266702
45028835
11704863
48465808
30910721
41003287
17792341
10802142
1773442
6766599
27237765
24365416
27311279
1302619
20415337
2531781
41702779
31589586
13869444
31332742
2260313
8777731
27498555
28487022
6330787
37660870
32814093
9958036
8264169
14228835
19714287
34699692
25926141
8010940
31526964
981422
30417088
16729387
47490823
42443078
15075641
32220041
46808859
12114257
3051389
12786842
43160328
2694620
28646505
32718983
17657338
29461898
21078861
32892564
39657126
37448330
28424830
11191238
19185884
658197
24438933
15780494
18300186
29057557
33939130
2506879
19756265
34022704
24113970
27300932
18475690
48302517
44308857
30844399
1792159
22813760
45638036
17957323
1587341
16854589
26108975
21349732
28217294
7205524
42878146
19848622
47728509
11891493
12176566
46094849
15871990
12214484
23336889
34992796
9975413
7100582
5615100
5033951
13864065
19572634
44632812
4145724
24668212
5082300
4464643
17072258
47469579
28036578
12877005
49560553
2976729
16565292
18337670
19141690
9770288
1284609
47019106
12940347
24787027
49187348
22989373
47228261
14569534
39604574
4950669
29936588
25896792
47221212
28171033
46292544
5285541
34813314
12650415
37649563
40233434
37114487
16850248
22147924
45416568
21505340
27136527
14202898
28844195
30750816
32122987
43682543
15462031
31419239
19004111
34021910
34355504
45530936
21552556
31044759
23738729
34628703
39516631
13532377
48453030
19633889
46865709
24003571
13725714
5189771
27247405
26984571
13366195
35295056
11557291
41023764
28885594
14224115
29037439
28918558
18493544
44044712
7875544
15020295
87731
6290320
14623860
21379649
14093963
15518999
22164358
29765859
8361125
16463701
27429608
17623166
5578732
9418855
45438253
2794239
49230667
42242065
5627697
19836826
46522855
19988016
25552193
17387008
3476689
12883065
256076
39461929
23000756
19356539
15845420
25325621
10732009
2362820
39418086
15674126
37750685
11418882
10711136
11851805
5067203
4688964
36587721
21314094
19788703
34175353
18372666
18732106
38248494
9125369
18012137
28647612
7453268
26517295
9773847
29154771
22144253
26994795
7150753
7700842
13483436
43917253
9327900
1395528
8576812
13669339
1268281
21194835
35437516
37011984
29572321
20088269
49004130
24370267
35495466
46520873
41181593
6397132
24800421
46995009
31544022
16744831
32428706
26283058
40792615
38186503
49172683
19582462
18102558
17657962
45602498
5986557
23853373
34402645
7882460
17248204
12500765
43720105
18635589
18813294
17685164
1106218
11454663
34503826
28438427
25817454
11861494
37918981
35615961
5299515
25042569
16466431
41370633
22531274
39579249
1496372
45547276
816980
44313001
15071533
14368783
29215924
35693518
14295552
36577316
14179746
17489569
21925422
39473185
49590154
12288571
11192969
34677198
7025159
11102233
721575
39209715
44170369
16737634
4780075
36516668
42036333
42135219
38706123
15242886
27187622
14309302
44955989
29268536
40267750
11221402
45519513
13128704
37155185
39279946
40031484
36564873
21243530
21381359
3795177
43590903
2128661
2781580
12639498
8753064
4795584
11164446
42607200
17615963
11609618
19325241
45628465
8208756
14690788
37850897
47670866
5974232
43830332
1401108
46299018
5851616
48469690
8717520
36783951
37881587
17786413
1895967
29873564
30235251
2955108
40408885
23831799
5641266
45236986
35873574
31133773
26520464
35069657
6509031
37091224
7376452
6961809
49783272
3919062
15308861
40063216
7756297
42160973
10077567
19333979
6273840
21499194
45945415
36916514
43965073
29432944
15827452
6098402
38038347
26651351
18869996
21703741
29515132
41419703
13422003
28598364
37372448
24130026
7380127
7214054
11133841
15632774
41290809
46946526
25540115
48159015
5123000
27443320
1541216
34648617
20204308
36579804
27930034
35572836
24908998
13525854
45582782
8859892
129040
35938818
15522006
26031201
31542712
7601064
6408204
26962632
30292735
29342419
19465132
39407376
33931186
22710053
24189922
13823350
22615285
46043314
41193870
44302910
42063849
49255283
12307658
9977490
41281682
5059041
48441497
2664879
40816794
43363971
4215744
13307580
23158739
45223224
43419172
16890764
37815582
18613299
10994055
19348557
43883786
27756380
35504995
23618280
33028134
13606437
44739492
22125718
1856744
10805279
17943737
26184880
24911831
34988882
30455122
26544643
39855532
13708694
26288486
35395355
28206516
14340145
8901269
5019322
21775958
43309536
8161383
3251127
2132492
28511791
21531347
29247855
23577551
7739024
3040743
17672734
19419623
21158520
6836489
39083864
46650051
23789418
46173145
40345682
28565114
21932699
33185020
2045669
49873857
11305936
36145361
24784132
27388014
38272810
40712790
9639394
28931355
13009312
15571370
7362923
38878528
48894005
9159803
14661260
35155846
24419104
4533629
38605482
41116213
37726010
43476579
9104285
43422567
5857868
13841285
1156394
14598833
8574562
5261810
47750214
41774436
37458463
9173481
15388212
42438510
36612959
1873793
5736813
23004132
23867819
34640439
20897026
40989111
18253328
31305765
17706303
37726915
3322225
8459131
16555059
20485452
45764715
8021792
4154107
3790252
2115229
18820488
46569777
22736638
16710171
33715791
14570137
49764094
17336812
39398852
12748615
35340064
22460792
34877467
44742963
38067377
19011687
32449841
30210350
30308478
28926249
41924919
46344230
48525905
45582066
30401306
28548733
37708747
23274108
1625311
22459573
45374866
15363475
38962603
49912980
19229459
32396612
15638513
4179306
15324595
5944005
25596205
40578878
33287981
48027663
41127515
2807019
19857082
33918658
27778174
39459148
26161253
8370116
24038980
42434982
24769470
25010496
39525445
22475
3448153
48745132
16984944
47386559
17597303
43577404
20704598
26236470
36613884
20409034
9897854
13137752
9779737
17427265
2857048
10769531
10928632
14522759
45934584
5172969
6863243
37283973
15318712
8752863
5368539
32787847
45394586
25910237
48662446
14552041
40859213
29437125
36294541
13109523
38223091
7129996
42240862
28605026
39370765
27429160
17287430
30154191
32355252
41652886
13340282
1545863
3793248
33340562
35437881
26461928
39343595
47563228
20845921
34672909
10573212
48032217
3131508
39092452
25405733
24349403
36102943
34057035
11781286
22977293
49777305
48123341
12732454
41519212
25770025
8508086
44020899
49795404
15210744
31187178
34903966
21212642
42709595
41724325
48637309
20146068
14556920
18091997
23245337
44977895
5351757
7907608
36684054
2761513
35198632
21662948
780205
43538459
47187702
45368989
37659802
37256755
30687715
40207875
6440458
9478250
5063261
25318717
48084963
45436404
45237299
2636758
37752727
5704403
35971883
34019617
25334825
33695675
19341845
12945663
9277117
31884316
46521131
36664082
4116118
42778170
9335487
16060851
7789414
38786799
941498
25733597
23597269
37826827
49722350
26368899
13750495
46974034
45245357
5323477
30711751
7277935
8511459
27406425
8993837
38288915
44389028
34200156
5078117
8729691
23560192
36541930
9560080
23011271
35372107
6707237
14339292
37079834
44991584
22586805
11012248
11710653
18234222
31479308
38200118
40161173
7357263
31356257
22882820
33949076
28735797
32004644
4482318
9284021
8811169
22633178
45025193
26174769
42911573
41935163
40080292
6265835
34645356
7625793
43575008
34046942
46599487
30437827
12801169
32667499
7590089
11927427
37626148
36004780
39127323
45760000
4546570
39710950
49302432
38825184
43870914
37456086
29408809
26664920
30346888
35970236
14953546
41593144
18717173
35641508
20980745
11351150
8744909
15773235
45181259
39503994
48876947
37116034
27535149
17053744
30995468
3953053
28728028
2603254
46745076
31086724
2016172
44840378
7254789
12835651
13158640
3677005
10624199
21677884
47723311
5844731
34110764
26353844
11531704
6833589
15111572
12867868
15717358
25852248
21601226
23372657
27254797
34149347
40324622
1322961
34306007
17950495
48238116
16091333
24795488
18762506
47129945
5324872
39354288
47428112
26952652
15629799
45162623
21843317
16951286
19497659
19950917
13215154
36714252
37150354
22036555
21896953
4725494
47716273
10088922
21861589
30915103
26951936
33989419
22422968
21822575
4248383
40763762
30931561
40038
3207250
20560039
18945794
45266974
11660829
16231700
47572728
44568887
14505019
19655638
20948332
45576459
11760244
14625332
49066449
38856257
20411883
34607791
42982432
38358922
7767774
21315346
19646245
42864672
45589513
10556262
2947087
48905348
26315491
7141611
49358293
951206
19455858
33127531
2489239
48763099
36241977
1232514
31941982
5168546
28061834
11829260
10953305
40664230
39083200
29025266
21159073
37813577
31934967
35733543
3329576
8548374
22025913
40819948
38940475
9514391
31085702
22208471
15072327
19690406
1489251
19162434
34111296
8040404
16789475
35989938
39816530
11778329
15225681
1854883
30921828
48888713
48306114
30418273
49540938
31673892
6686526
47489993
11482393
1301206
43666874
14420326
9027094
4932026
9046074
49797957
20076865
46748332
21109105
21053404
46045376
26198456
40388469
28702275
7072657
27670836
1685903
3276142
33795332
7597365
1448965
33947921
49190806
6449163
27642321
26443226
33915078
36560761
8576185
8756495
25047729
38107415
24429849
7613204
44328803
13183598
46646226
29368705
47084492
29261223
22098983
17621508
35201644
19602828
24928670
39529567
40159736
24167770
49806351
47329811
6933266
48169759
28885513
36871740
12567102
452794
2907725
31609560
14459455
44977137
16040211
31092353
48466624
1428082
28355167
40769018
8179759
48380190
41357855
47141886
4978441
10965958
18641022
42749757
24910968
43264148
36918840
2536153
19749836
37554393
49461402
40918149
35591529
30879252
20406075
28077451
33858344
4897570
45607324
35731385
29441419
3446088
37708204
24279901
35249341
39916245
21592073
9752821
2765924
43157506
40727617
46644560
47890860
36096708
26754083
45830208
47435038
10025787
3535255
49027970
21575361
17269933
25737847
49854987
8113429
5907801
207899
15163377
9005127
7421414
20433888
14559292
11797311
31625331
39789814
1045761
16142171
26371042
37041418
20242838
32955117
45230125
44127660
36312125
17428339
36375064
2333632
22515280
36583742
48181871
5292271
15275995
45052197
14713784
19164346
41132882
13500050
8227284
14037959
8361580
48400637
30154762
9245260
18552120
45415199
9679115
13869327
33533369
36479954
32560701
38756449
18783251
5264379
21015062
14077312
44132347
17497974
22504261
40555185
20901275
34216525
14192508
1399376
37621831
45197112
39731786
42686883
20022224
46204359
41057479
28156489
36480520
41254889
30678291
48828926
11601840
5061048
44881345
34639166
43526261
17267404
20788723
36864436
8566779
45533513
17300880
7710683
27989346
36660964
31990803
13512563
48584944
29408086
26959197
40474563
17577939
8312591
15813574
35654569
6618333
48265988
37367773
42881741
40451353
49474381
36652970
17609592
33271968
42001855
13076778
3520113
14519825
35377866
3893614
15389606
15382714
44709340
17477367
5315606
2566196
27003252
11774829
29347495
7743474
25009851
32732384
33452921
38820164
40810888
47809269
24377818
7857544
46286877
25221474
23871654
18834835
26133488
33855932
925840
3311077
27909636
13947931
23059943
37849473
19855387
2493935
41365002
1044372
32866076
22340843
20465143
11688151
28635098
44468828
42328609
17314891
6134829
32254540
35526615
40125974
27617007
10976347
13433487
15503242
14253605
9418019
23490012
30632409
10377132
33772960
45763593
29158235
28180911
4714014
43719792
29660011
22730774
28594730
38521856
1316823
42841903
36495986
39842390
3480361
42310601
46771898
4467249
16063422
7147236
8951269
45359528
3427267
21503069
38582358
41925966
1009004
32864375
11751875
42744141
668223
1968801
47816226
4981618
22986022
30061887
17617150
42712603
13982549
48818893
42136096
31383954
30814393
42005079
39085822
5419747
37296098
23669443
5830229
3111054
10252224
16332287
38629534
45820931
6219680
37115272
33157582
3208262
20125389
21087536
17439769
16962334
49326218
17124454
15287568
12342148
2877986
42560148
7097678
6328562
14446126
24321683
334355
23894792
11055346
31486189
28471310
24834445
37651191
34597820
18623946
9172191
34572820
19070621
37626169
28811226
25177400
30797098
48445283
20796764
41052705
5550781
5310928
20279787
1843430
27017623
17604767
39682585
2756123
2173504
37560337
13655706
3481275
37851756
22894105
27394440
42245145
23653455
37302495
2247370
31251300
45078971
31353691
13043134
19911473
22145252
42688671
10936993
2664969
9939089
1627205
28184515
41240740
24363052
29374219
39807884
7352609
42175110
41832723
35242828
5910219
12606606
28239946
27169835
17274211
16787609
49501835
11344836
30233904
44035879
27285927
38806174
5582678
36354017
38014438
46598061
46119290
46642577
7485873
5783620
29558411
10776079
43003667
44741631
25738194
43433704
40715956
7256740
10773254
43864852
12585343
21885625
36340225
44361193
16206677
48290403
18938663
22463974
45432205
9280530
15248356
29645396
21773487
39794027
40565351
28873272
23871565
21367173
19937654
49337070
48278367
34363399
13104319
23554767
9471364
29737742
2218052
27894897
44734418
15904983
9852342
45606792
21439060
45164792
32026163
17449809
23230980
20498741
19590499
4528573
48063766
19695532
2541385
49655348
16366064
5492570
32266848
49514980
42682741
22571644
48865356
18161918
38093475
11038530
10786203
4312136
24041818
1221028
8351372
29175220
2698186
11740066
33664543
47112764
29556574
14848019
35338316
25244583
38479431
33688243
991794
25453265
24043848
24944172
42801702
561475
39122943
650158
5500150
39986923
493255
42624753
34495459
44075818
18187362
10219858
14098705
13880004
37000406
44250118
44937569
4237571
11139110
24211442
43725828
49716981
37972278
2807001
18523703
22563336
49756632
7188451
783758
48903784
16205601
26266439
12641775
22306085
31520713
21465445
11041077
28041723
49220742
41863183
49629673
27884350
32198003
14767111
8176997
45775023
34055100
21940244
48372150
41263147
39675799
2631805
14671454
14104288
26910656
28821839
7984190
36124955
46568972
9666046
9528604
42225301
38703887
43469664
15944101
2457642
43555861
15852048
17737371
29921757
45684892
45656490
15464319
31702778
2771370
39896869
11258329
38164655
26130738
30081856
42938414
1897863
27932273
21471505
6924312
28250321
17249227
5299005
45387289
19173301
40693565
18918824
14074528
5104780
26217061
29454749
32838679
21417881
36634644
2234341
2160958
19699995
8137306
48614017
10053140
20704727
1144816
31660657
39919510
31790351
19685439
17081199
860614
23038204
24177363
21457789
37690870
46311279
24522210
49094420
34361386
9986189
11816604
18048610
42021667
11427203
12056159
38812379
45011044
18844807
27546117
49762193
23474893
30770572
23158839
8966761
16904
45648403
8819594
33116772
47017062
38028875
31339152
20446939
8976772
39897293
21743064
42138299
997453
11679248
40840940
4294589
3586415
49644907
12332459
39730984
33755061
22396643
1985112
28635026
12465294
21260625
22687915
15566519
7444258
40234095
48662644
38604626
38901420
38882144
39783779
17913493
27985090
34597732
11422139
38071965
27816316
42365158
23056573
38540646
34467658
10974638
6757819
21597848
45412130
47054353
13286648
35253155
23055415
31194917
6451115
30165992
11554912
21351771
13915071
19095345
21666130
20828832
19640488
38029280
25667979
31605287
37559671
42403007
2800706
18966734
27203064
4760711
18474362
38423200
25733674
10721679
34594151
46747972
42669041
39469824
23174371
47028590
5904994
46714750
2754434
48010850
15580110
32972932
14843985
1970846
40102243
44891413
6475874
7322649
10014702
23378514
1319848
31729249
29472630
25407883
16925793
20742520
18165327
11575311
8331971
15573163
25250014
18158464
11092139
2845135
38136379
45294436
45151628
24325700
29037145
4816317
8823010
36029480
3865824
43018107
15551741
39428292
2762589
6499948
25201310
23070663
2953467
9411707
45450764
24473158
41857100
35174681
38358630
19781665
379932
36143709
45624494
46656101
6666141
2055475
17687648
9587871
11418147
593020
42647416
24902866
461761
16468512
40087719
2095050
31504779
24571515
40994312
798427
36936028
44356441
23223754
42844933
36147744
4714652
41655006
19240940
5338729
39531125
45424647
6385644
28201862
40453715
21956266
16907589
38367238
28194897
5611360
34228968
1653258
11030993
27735023
21657521
46585863
17455160
11246479
36341465
21445869
9668305
15013217
47973229
47843754
36135149
30303211
2831238
26993468
10802247
34167137
30041514
9901765
37301086
4016124
4611739
45924641
26296753
24365725
47475739
33559126
34272157
36547866
606065
46228023
8444513
13859110
12670257
20628642
35878549
15371208
6011159
24218672
43905376
13095061
27091534
1805296
32927428
31273970
16685940
6621350
38202369
23817569
47565342
38277018
36021581
47219678
8430867
18246456
15939576
12846342
1851784
4885619
21482785
36937041
1235027
39567882
26410430
8832833
28544690
21749438
9685330
13502120
47739698
3906419
14340445
28977400
4772937
29894417
46752455
33380281
2356361
8222479
16082468
32315267
36223513
39569438
4823212
3723020
14761263
15656913
1188011
43700310
46598154
40306760
25104927
14253322
26713556
21593274
25397746
31540607
23208196
41366533
10413505
18465688
34639606
15279153
14190716
3613882
3540464
48086426
38931343
33941225
33971571
33061298
16719832
47179557
29138556
47606884
44823078
33859552
8806921
19517151
13927948
34791641
33825084
10223089
3268335
5497365
31519009
28514912
40539647
42280833
25499292
12317928
37085151
41589519
39283227
7939592
33849681
18100750
49513753
43664892
32529343
28514430
176288
31487378
41608511
19216370
26108934
26769129
48918471
6099380
7590988
24714874
3028809
20587903
27490769
35634438
28668804
19642356
37755971
21177240
41903777
2530126
42315332
21739296
4962561
30827131
31295214
14123960
14542157
30490216
23269876
34243309
18045861
49509267
43952593
10789343
3213596
46393898
573970
5946972
13484155
16966218
17191344
8512335
28448799
21412617
32010524
25300549
4110433
45864686
6039119
33712671
8772685
46807139
30732634
46009670
44219060
684390
47882431
37807056
30372426
18916190
23888400
16057810
42956562
30180104
23110425
42831228
36615073
35126490
12556844
19432396
14908696
31944277
49575372
13475398
31082132
29505415
26111751
29226864
26424994
36327109
37604015
19529914
639625
3706207
45981104
1396260
43827214
43618881
23348100
49828918
17893734
20839853
30322244
21319269
27216536
795677
13031512
27854209
34053479
47646073
34294819
45420397
3528361
30482884
6463519
23969796
5325373
9895097
24690562
42821647
21595809
7891042
8151487
23407912
5649110
21628669
44964425
39205137
9551313
2898590
48114757
22205492
24406561
35794201
36011517
6011050
8183158
28950044
9082924
36458612
16491921
47843757
47266277
44221442
37926431
15140052
2745521
13232707
23704053
28149939
14932138
46519354
23517188
32152028
42796673
16813205
14185896
21607313
19282409
22056614
39514815
38419941
2707537
22077582
47736233
32998118
24524940
13776457
37569023
9151126
39507111
7502761
34832716
30400479
43718220
14390412
42059943
43591665
37934746
101813
23623104
33184740
4286446
30161787
16318813
28895912
303596
24752018
3893173
40222790
35446315
2360263
20798098
27485410
10748147
21520540
19401279
37622188
37870247
19306852
45216025
5226434
20365837
9824189
34522627
42334070
33239471
26957285
23631522
31022180
4838189
16838425
5749816
25151290
24560388
46586650
32802516
38031514
7866329
17151947
14428405
13833171
19105358
23517149
24876752
49734693
43838465
39976793
20826073
32788824
14312003
32487390
43817938
16177818
33674758
9205892
35495883
19718862
8136462
26094175
30174852
38905061
44533627
23274253
32375492
41786249
493654
11508365
48920379
35075149
14544719
33934148
1679767
35195669
18693083
14427923
30924952
30833824
41694382
36727692
33745695
37147351
13867739
29344068
40512491
157831
29094386
30242090
2657920
17113458
21494948
8767961
26060139
48911439
31392098
49281324
44334567
858695
49544154
32762474
24199335
35042772
2142348
25853969
28189709
33789673
33101545
19171599
15888212
30290019
32552231
30594544
23925052
2273425
24159578
5733748
37928088
2205625
29198948
13737536
47605751
37067552
15967982
40720590
11598529
25498102
10130751
7242152
42475125
30991175
11528314
29159191
700423
21014333
38829545
20504482
40018716
33405024
6027546
19851177
13879900
37648619
49679158
15783021
28658954
25732351
8094707
21645453
5254048
19760185
40403897
14378015
3204147
32579694
12511769
45408905
49093913
40049493
45476759
13271536
17723947
16687220
1547896
14485375
28378562
5174084
16907417
35255566
36858638
20862358
28046903
419499
23851289
8633125
26754242
35584574
39022490
25722957
43932952
32343905
24594843
24270759
37893005
3738356
39605889
28983564
14336550
25510449
29812678
4728407
32389493
35823057
44592314
3050991
12909303
19175560
38860439
19613039
43581650
116198
26463794
37660103
48063447
1436982
34166855
43993126
42018170
36996263
2633877
22079035
7841584
639564
12811591
4268884
37063892
21132561
41868087
17905040
46970181
3446577
40085861
46057235
32743787
22390070
27395956
18164787
9949133
22991534
20927636
8399335
4770
27192485
38972006
1970606
42318226
26194550
8773938
26427042
719707
28178568
18746918
47567622
30774076
26953799
38210001
41358458
26435868
4733230
10265485
27163181
45294511
19553040
610086
20111046
28333510
22415012
15712806
43338761
18784330
5139038
6052041
41922317
24894616
16024856
6778910
32936989
32859403
32218878
26094304
39695358
4309155
42341286
26059397
39807517
2606884
17600806
46931091
24118731
42826493
9165893
10081455
2483212
8611524
33647715
592574
44299505
49970029
9365340
49438429
30461337
23867545
12182472
41974611
3199760
17279723
11699925
23727045
45198846
21636071
35586626
29902289
33745733
42178293
46303033
36426544
9667768
14434440
41344850
31797379
45961794
5292415
8226330
232548
21156967
7278412
10677194
27445744
7389697
47796172
24142468
33162543
2189417
13880936
3124469
20407866
29937965
44143419
24384452
10448035
25819982
48002397
36583496
9560436
14565913
9043849
17101016
40448722
21402204
7644107
38310851
46051670
28564749
12476262
15520656
39368169
27764535
40474224
36019437
43029488
6123452
29072394
13744391
5152673
22847247
20548639
22890588
25948801
46073776
27122451
28379116
14350059
15637586
47042485
16082164
11230510
19412142
40523864
20855991
15132787
7063964
14473574
39836992
10517901
9285254
48099245
47839856
35027402
3675891
31990929
5402558
7419196
35452244
33853942
5394413
44058553
14179092
47826494
40383715
60655
23427820
1804208
42504058
45110350
2555012
27907559
17312067
28430238
43587464
25942786
49769208
10502267
24697328
39872355
16383546
5245685
48658028
5178667
37855661
6935060
29846127
37487260
23630091
2455156
29170767
48665185
35834351
27756070
45317743
17543416
48290253
46177026
49594247
37590038
44297256
41493190
38148460
46085003
25513772
25718491
28427564
2700043
49908841
25656949
30977141
40433715
32987656
43606974
32253533
30197698
2161424
45687516
11563270
3092363
17904754
6386074
31873232
26033755
27555760
27395275
39991688
42981440
48548877
16687069
23861295
46511102
6646538
4888929
26946612
32546355
14531809
16650161
43309002
43855191
71031
41497109
35941074
20932977
16448996
12508215
728947
4954435
37725256
1448007
731344
19231707
42037478
34129561
30364391
47869537
19714378
12676737
2466271
33315980
24004421
30385503
22047269
682230
41757717
32389488
25569301
49982482
46448531
49807943
34015253
2728114
2249277
18257582
11748160
16198614
28894958
19412210
15315224
32994530
30560817
40439506
41907186
26031706
27786537
45165138
16924677
11977686
12481855
32024920
15666198
4657736
37531452
231604
31891171
21291351
37988409
1174336
28275828
32783085
325238
39165865
9004474
23000464
9115970
30236648
18477238
44843357
21624906
43430931
11172952
22761822
23848500
48217791
27531380
9084262
32752225
2275225
17017253
47684003
47606952
42348366
32011866
8701860
13394891
19210300
30057019
41869721
28490178
35743457
10361825
40926451
6061631
6258418
32859374
7728057
12999945
48733676
11450058
1057514
9797366
14429974
49018076
19558402
31989588
35454900
37642664
32979521
7919555
7359203
19651685
32458777
36853395
38060039
11632414
36015384
45064748
40267179
36764264
47934169
43461456
10397837
45892348
40985671
10302938
9443504
14905006
49255808
38017868
20712347
16848289
24373669
34403463
16275085
46267805
22414917
23358907
27023530
11516464
5762380
34296357
46676121
44015870
221590
34524560
30571591
46881155
31186283
4249237
48544956
15500269
18429964
34824866
12041357
27148170
46873663
24289470
9047080
28724210
14943465
26366692
36321335
27775671
33012475
18732047
35926665
39804721
36967127
11846727
9516324
37188552
41795842
3553949
39851954
35449494
28945045
49943409
15692178
24277169
27381269
7437093
48173457
41139302
5801108
23817133
36053426
24790110
12919488
162768
38337190
8030241
20700787
26425233
31514638
39637446
3841408
18291140
23873617
7665793
8252610
19006233
772038
27754502
15799889
7974988
16165397
329063
41000787
48673157
40327173
9278262
22987637
32167715
9932625
21903067
38602421
8314196
1768153
27337424
14108706
29395990
26357958
33963395
6524976
9601090
49456079
34172504
21663814
26163148
45559643
26926156
25842061
44346069
23588571
44897621
46608386
31699182
23565016
49205753
11483161
25555013
43860752
31192269
6738427
16413921
36722688
553329
45953008
39261186
22916792
5391388
48954677
43539929
32439545
43970747
10855372
34234276
11137705
4864359
31973365
22522456
6194601
23783252
39829786
49897070
7432164
18922760
24541522
37704909
34905309
40508748
27587693
16579136
47971027
29360366
32112700
14090707
16764153
29543199
31204940
16403968
6589335
34264291
46689274
4518995
31456971
37181893
38534181
26153936
49662495
14307421
31549717
2331083
7548468
10073696
17070316
42281862
33637602
14866163
8136000
46983384
30421609
13020689
4310984
30208625
30763479
33542588
43732569
4635245
5649090
149543
30214197
32136653
47231600
25305400
7133214
17710407
14201728
12112063
34062926
16188026
28137030
12695272
34704486
45712138
49261196
39065390
34321942
16425003
5889953
44627817
49640340
5340254
41714398
9566002
36283560
35263167
34742358
23516225
7664262
29970749
32922878
41560647
25547995
11590097
27931694
21179130
38688920
36509854
23938573
18573036
563994
33869793
3716550
48599980
26433094
1693761
36217398
39915170
37080569
45321124
30557071
16040624
38582809
5175670
14829051
28998820
47856731
47191046
9188900
6276529
15765506
35384898
16717264
9794701
45129447
35416929
39816461
14127384
47983154
8911416
30798117
24251112
2580608
21208548
41957094
45468335
34536167
9202788
18056652
11489728
24878009
42654014
17113827
44948761
19019670
37200919
29447053
6666201
17301504
46225036
5194082
13441913
5441130
2206355
5563851
40092355
38575061
14350228
45597217
46214078
42686522
35387821
658070
32764337
23809478
2521909
20699813
5176208
17073931
15250203
22361939
11804461
18388008
45655860
44616892
18810335
29965172
47460498
28410417
3846895
32399483
31015228
18669495
49189156
16754781
40622185
32480631
42890543
31994372
25294977
32749965
16164704
7570853
34745647
25313101
40567778
32761642
26594278
9463324
16415892
49883030
2650055
28826113
4210671
3709522
14783741
49605195
29769239
20191282
31565169
8398394
30978203
1416604
18792819
44385066
14538824
1152437
42946252
20111867
42130682
47615287
35327135
24349157
28720419
17666956
12550873
27490033
28789492
18245722
34761537
24567529
11793277
9843456
26962796
48504272
44314618
8518112
38384024
29350942
20741069
46344217
18723294
8524289
15370489
39141441
25494977
40627076
2085568
6695651
29449624
43726542
41510057
7253568
30475044
46284128
49167785
22105260
32255859
13875095
1569524
16942607
699637
12111790
17432550
17820940
17872466
11705298
16260523
40651716
12272914
30056376
13842370
22925002
16604479
4728412
45703696
17507006
15493132
49995744
8602817
25908707
19664614
32145226
5970143
42973908
18040281
378713
49287827
36592443
7532480
43828027
3885176
11970986
21084885
48008689
8543301
19979090
29179879
25965252
17412739
48451771
19674028
47086110
12305371
11557656
49147199
7588886
22085331
31438257
36543102
13569454
5320106
34934701
35285772
36928168
42152155
3469420
35087061
40646070
23537055
40871901
12434963
40207997
13592878
14520279
2475898
13146065
43486940
35320105
47929535
24528429
11452385
46050392
44117178
15440918
35121813
11508631
47232582
33167808
16029594
41221721
27953567
30258906
17883297
42154434
39866253
17761762
12400314
25284136
24312522
5664544
48983550
20197018
40886304
27448908
13814092
17018938
27716942
11211079
3371742
40947519
13207261
20915154
26861272
5187020
11500012
2066538
4260298
97032
41848079
6227582
8438010
35106175
35926670
4007977
41939071
33132627
5777451
31874730
44635253
15429986
10408989
10289693
26121854
24483669
47777920
11335713
15255836
42952906
844658
15441396
27443957
32245630
23749084
41146937
15196293
5365852
47108719
12283053
46727117
29707464
12281910
19314751
41528560
14407646
44349690
47128015
28125333
34872612
44715151
10059871
38450806
25120713
47793393
31260966
39987895
43017367
39463759
18237385
32894080
34331077
43666133
34003201
49258293
19317139
36832192
15385567
32086095
18480931
27335067
23570927
21246039
34755118
49837716
29943015
41923621
4047551
49622200
29611490
34339336
26501118
8925847
3789261
30087267
43691646
43371754
6240069
29752063
41508380
12616966
39816166
17620387
43135702
25760346
31674858
49927563
18519658
40394623
48577122
19324978
25973906
41222742
7778768
24871637
26185609
46346952
20948254
34557421
35579072
13939930
2964796
13570111
41051898
25981584
13583561
24163714
32529293
28321146
49626002
43208741
19936739
38737766
30457641
9430848
9664271
39417829
32675768
24015837
48047601
21542511
24666559
36298440
46441720
9261228
5644586
23686846
22707976
36752186
2601640
29876222
46897036
45375122
31645071
13027924
10403532
19434894
22770500
35729005
531706
46451163
43806852
37200400
46567440
43298218
46597834
11988403
9786205
14128074
30278116
43742724
35182982
19431441
22614488
19263327
32279091
12333492
28782615
44179629
29650820
30423077
4994038
4170645
46107323
49130541
34011853
46488417
35174504
4090600
15080872
10642093
8595090
9937423
4606116
41850206
43304602
1574047
45510791
6021523
5595786
38917365
40315847
19296980
14425781
37111642
34716721
42372158
16687391
1472052
14035020
32542775
18911790
21941415
14106
46377431
30504164
44847999
3450880
4335681
20951479
35686259
3379193
5935289
20298197
47903098
15526620
12376310
44466288
39872812
19434661
48324624
552359
48138813
9812734
5520817
14794778
21316313
33595759
35743857
8777128
25086668
15651201
6816158
32085151
1277465
22172034
26996513
8034207
45961440
22655501
3876303
171627
6997498
1627675
28417686
6936898
1175165
1108851
10677706
32458242
11016846
28779692
8595648
4856953
41073173
1064602
47531381
2711317
3386405
11057529
38859175
25527695
2668306
27350742
49320044
11323737
18600194
14627693
3563377
39362535
7728068
33183333
13019281
23787201
42142317
43333666
37724200
17501011
26447399
42852518
15339418
2999648
28467619
29029228
45335409
29202954
27936456
7820241
13956933
1838018
13303492
36373589
42372200
6419220
26507566
42850933
14637687
8047399
16755498
16145690
18714568
43597256
6186734
44574347
45150992
31198510
4917055
16563591
1554816
26204163
36644577
15931505
46591504
795725
30609932
40735110
30207770
6769708
32207825
16841540
9953069
39534967
38606851
44675168
6325859
48104463
23800016
17711155
11548745
46133983
16703089
1588458
49885253
36253782
36319358
10616524
11990714
40730357
1489206
27845480
39657343
46347111
38488938
29572280
15424595
33370739
6991646
30603205
29367471
7566168
9080461
25744177
21558036
31295899
15447070
38336614
24279272
10394083
9773822
13876535
44991936
40040381
36045356
40879423
22895098
15708701
20467243
16665512
21552461
4264909
3472707
44389018
12081203
34832168
38733570
46432301
23327290
40333010
2835898
24727653
34536225
48634433
39213693
4207105
24625764
28957078
29417022
35415680
27641595
41262565
11726508
25513844
14163689
40722100
11752241
4166552
23244127
40868580
13270863
2393124
11225941
49917608
31282869
3388691
48948413
34765752
20831493
5139632
34711126
39755085
30629956
18468555
16987790
26595530
18338003
21759972
13421566
129474
43972452
4144140
38900999
14566184
8216242
44358600
37760604
12372524
7741895
36741919
25508815
28837884
39122743
28930737
43227183
47402586
12241644
22432070
44809053
22718975
473424
2233854
35522689
37026534
24480589
13383670
28576212
15352520
9750251
9720398
41370468
30595695
10012218
14142847
14645363
10172801
20819540
13900370
40545210
34430075
33009905
26349184
25311461
36017810
44940953
37854169
23198769
1944222
2092695
27355428
39153518
40026587
26531909
268516
25828268
509777
49961277
17021860
42714626
41776716
19582497
35902489
47982074
19300954
3409053
15552116
14546137
3546897
17287895
38844231
18386562
27715678
9371386
2789859
28778613
14877337
27742320
29029034
29837035
23802740
48961826
49870510
29578106
28433625
31342253
43124139
44691673
24595281
40254238
17799840
42478773
16623559
9180249
22943905
23986541
21737966
41428071
19815375
20745278
31510934
27327314
30903786
5384060
16873543
15823389
28806254
35549265
21725134
17553769
14145348
11553387
43887633
22015782
28071087
44279950
8308808
10253179
12323169
48410826
3575907
19384503
46430476
32420593
15616555
48495152
24141346
32711992
9199033
46558013
142911
48475675
26716269
47228391
32581705
19978271
29127597
1237781
39329436
45161445
8351997
16008855
42732643
11705935
46132999
45899179
42996939
9406357
9807181
23028606
41637543
12211077
5440354
13378835
9397635
49930090
26311993
30861413
29367616
45730658
48329007
46065712
4266913
32683338
19044820
31859993
47060403
15243217
37615137
20506722
8427815
46430633
32320198
38429211
1436295
1219394
28988908
25396562
26678233
645368
11724054
11384487
15304657
28022154
4296704
34997021
47028826
636406
29297032
29752400
40963150
2132283
25299552
22181466
6369158
4010149
22443887
14453949
15810132
31936340
29697188
35553274
23184688
47587644
14746211
234891
44423432
47440547
35313254
45374577
13637344
3390082
35081933
39665034
7961862
21342407
45127045
34506397
47221533
29937482
6017061
34056173
15615303
22275095
30463449
24158594
30302895
46889791
3408104
22046202
45320789
40352108
32677356
21326959
1023420
13314549
11952225
40741189
3729336
13329003
29688248
6462993
12265097
1958500
19017325
20170015
36631635
34199818
9259182
33612821
44293068
47482173
43529428
20559826
34839144
22891065
15030753
7801460
27447944
29442939
7251075
8895269
26597270
8674851
27186030
49781022
22404752
27844429
3752567
1164999
28440837
38262734
27423439
6390921
25544293
12808117
17412203
38893248
37541144
10289093
13769909
9389856
24639748
43848244
7349170
9403567
47106201
48236267
18659256
17976919
49504004
32053853
31674565
47854038
43883103
46127237
38075295
15830860
23922630
5131900
25884063
119323
24239927
25350755
18047870
4421275
35527917
10700777
16311051
33291351
17033417
28390649
38591271
21322518
9616229
17355032
31230393
27493840
22948593
37661835
41202515
9591482
28133541
28204159
32308658
2424101
47011689
7265636
41500167
36376066
32227965
32281053
29439576
25510680
49672333
40390659
42138999
35575809
36779751
29443179
26811633
15439167
6916914
30854653
18794113
45015258
1693494
13116049
27224487
10253375
4821874
30607718
28722012
22547034
8429251
18453905
12889056
35823191
12876695
11639985
32850095
36282717
15127887
11554753
29610459
45369181
16255796
48381545
47040303
47739263
2176237
6981324
39955738
229025
11903838
37418754
20151324
28179700
25203472
2618206
14497812
6673620
2152487
12889546
36613740
26881084
10291171
12893833
7984857
12606155
43466653
37718499
3532407
48463224
34710234
14758058
13421722
28962943
20669908
29928031
34860365
5754564
16817185
40403340
11064809
47527927
41847653
33142449
29735228
12250738
27889692
28613504
45727124
22139488
20850952
39813290
20103059
24736389
42433578
15251730
695695
9154660
29851928
32900170
7899884
32518897
40686406
45854892
2274785
25336668
9299017
37102604
5370296
2819629
10271052
19927636
43109201
14348947
23917887
41481511
29264547
44470052
4708702
38644710
856598
24672175
6769155
38474279
11120754
37109971
36012310
38682796
37778251
9265468
34925597
30172632
40780639
23590352
10437448
13781446
38865545
30199759
9591302
47974488
49324080
16417611
22515441
41417369
39195853
9615858
48712335
2984880
48895112
10467501
556466
17600146
47646928
5218984
46479994
33436428
31678558
32239347
19125289
39646140
34778742
20820277
25457701
39909155
22839554
7442587
19694993
10613662
33242760
40763995
22748367
38780804
3121385
43967687
36642878
20691371
42951687
3483895
19812004
23163649
45723038
37896725
19950855
47250885
40649992
48867699
34468725
13960099
6485106
41054729
38935362
8764187
35087421
47486850
257159
9376881
46809568
18147186
48880042
17336505
33807786
33387830
18523342
28903258
48671479
42357535
48809235
4012937
3927653
43571801
15239113
49832746
14540844
37792186
8895826
22607503
22461344
27700794
48346319
40222676
31170869
12966591
30407532
21637435
34109757
26043685
44823223
7066561
49101254
21719566
20408481
35973746
4060452
32078461
20024852
38153411
12497300
30720120
24136280
8341814
14290795
14637969
15344000
3386329
30536538
40114877
35387524
28271205
42696010
49682524
31531447
25371216
34281402
40641110
17354118
46111652
33756829
34519687
21087823
1679345
25733235
4371394
40644192
13806160
3763577
12762437
5977221
38566027
11478050
20126568
44435797
41439183
45428262
10888120
12230950
47238259
4117236
39935585
14664524
19104057
34430328
27032806
4395881
25772621
1086680
22030249
30402171
35414956
5609407
25238477
36798753
20648043
7645605
6572621
4030505
3837887
62512
38613412
12630559
41758666
42226114
13854024
1733917
27927039
48590710
28801114
24857160
40160523
11902138
37612588
34149971
46953944
47428318
6711474
19844912
40361520
44715798
23977404
19738937
12753844
6575181
33057700
8306272
47043005
25288704
20530381
39718250
45486384
40378827
5942511
3735596
3412645
20476591
4232990
42510313
38180101
4751755
20511492
43556978
45316731
3796037
32337368
33565636
43157356
41466489
18498607
36285021
34331942
42047017
19892949
27084212
20748569
41850003
34581819
14293183
26461978
34478226
13224558
23205408
41968598
6085977
32494843
36975948
16734957
40829792
24444721
21401663
22232796
4969983
30237265
41080595
33308612
2588225
12160389
34204345
28587162
4199978
461357
16822371
27404645
3372503
27881395
37851579
11485441
12276803
19355587
16589410
4397473
26104063
17586906
35599807
31898993
18316751
5888442
3336422
36822503
45931474
7975009
18705686
48483824
38095699
33377622
43189578
12373903
13232035
24340506
5075702
39983303
43092271
31892523
15219331
7113584
4700787
17039638
40716116
31490721
6782726
25664673
14414708
17192104
17326831
20763937
14294978
31012905
26001814
40032162
26489077
24061739
7268138
10418433
17175678
4332354
48638116
38992535
49793698
33422339
29752313
27717405
39327630
26178823
41533465
7458199
44341666
48830701
21161094
42605206
31951875
5026318
2302103
6493344
20152008
5191306
11948576
46010994
28496840
35856512
17891984
16869151
37680996
44420303
29437555
20646306
49508714
22925407
10002994
18315073
7636769
2241198
2787817
13926441
42819879
27342848
24699249
34503643
26811635
6998321
32574303
15916266
4451799
39818106
27979076
36615978
16311800
47345669
30587776
47707363
1042525
8235348
40940665
19573820
5925345
1036294
30795260
9795834
246429
3264590
8493059
12488207
44666988
17890275
15912627
32276187
7163276
25815056
5774171
2374416
48721167
18795138
16340926
19043779
24701884
49200449
29683777
7173610
38659369
32970122
7091939
31325834
31077912
6161932
36905920
33879706
26946844
15045614
8479613
83355
34622138
31443375
32757214
31201606
5377380
29956492
4668245
47782340
26618413
31172519
4721937
7672718
39312845
2436638
45197686
31690032
44481205
2626323
36885866
26310849
34714060
23966783
38030087
42561743
48185154
44027738
4323515
36468211
9589861
24297534
17375513
2463925
3164166
30266199
43479637
9113683
27195065
21893440
48929734
38641558
15522959
29037398
5525242
38611472
4940710
41327257
109225
26009672
8390600
60286
25605877
42956668
22953331
15042062
17458402
29643108
23305256
41438915
40166504
2663697
1722646
36126798
36198317
40162541
45691658
34635129
35830281
30974268
32678547
16713074
39734909
47693813
23625561
44055241
20792158
40950250
47376676
20084024
28743915
22344477
34386696
28438782
45565733
28579230
42555070
33884113
45777903
10391823
25524295
24151431
28538755
38184729
46464943
9012583
30956168
42971754
48235852
29725557
14864132
7888759
15577782
11126253
48046019
39738194
38311272
29964495
37669632
27695996
16279490
39476565
41003035
25346292
29474222
21881310
43713196
48258023
45837692
46147489
19690821
24510038
45454640
105603
3808837
11228676
2750911
16335062
28898603
728184
8512282
7365798
29952676
5221167
25279109
9163360
46698018
27498064
38835857
29122382
16056518
8694693
22043779
30075612
5897459
10557808
48574291
46617666
20165024
13724232
3315421
42768507
3607286
4048780
38775169
28343278
24084865
24028373
7273177
29989955
3013498
36558934
14380973
20935634
22875931
32004605
46614125
14200726
14802433
31636730
18986902
24721425
21958547
18805879
16820207
35957497
25286027
10012451
47074613
5997156
37234604
49965316
2176914
20157488
35223681
24185424
8752205
8380523
34288504
24775897
20510103
24582646
49882581
35968608
7265524
31696102
7951505
36818485
25175796
8703251
12768821
39636418
25953624
8249404
19787711
11520051
41936177
11229184
13947423
48207698
10479142
27116633
37984679
41339842
2445906
33935561
28804922
16076362
5891393
34686372
10129719
41685918
13147800
21410790
28094227
38703812
34766259
18589213
30030569
33717468
47794958
22110757
14143273
14983070
31811741
31971721
47881243
31380038
5794840
25981247
20616928
27442563
23375762
42330658
25404919
25850213
38443638
35587777
45506844
15298262
36131057
8347151
49540454
35688013
19796288
25400099
81344
35949074
16224366
629537
7959244
35229025
26310587
16134072
46775952
15594013
4272640
37279171
5974678
30017880
32502319
4296412
17857504
32349470
46430773
17605670
49830327
47882814
43716957
2738696
5708536
39154411
23626910
27996751
40944075
34288424
34840732
32130112
38484885
16493308
20626227
12983742
44835926
33103101
41626101
48244837
25408675
28031579
45025232
15718475
24258678
17058153
30612387
33906218
26457877
42475101
45371917
12388957
41272263
2099911
1658449
47211644
35599517
29210770
19159628
17763839
7311429
43510374
42231247
32999894
28129017
27988184
6653264
29688388
25056544
34018867
17875328
34263564
7611291
31299724
24225462
12880265
30060075
10469584
2766919
45795500
40292726
2064244
10531346
2046281
26152074
35650034
28041904
43088126
34394277
16078934
29473055
49228933
37627142
19162130
8476939
1196164
23311593
31259883
6445567
19150074
10876334
347161
7570122
30099934
47725765
40909106
47514767
44565496
11975998
41665935
46209257
3560831
771884
28298785
43051657
23745639
39782133
24587666
41262635
47288972
17357016
26469200
5642826
23796297
21040682
13120255
37900099
12328267
23774642
6499274
18209888
49482294
13266241
29331672
14158836
38031680
28962614
10190861
25547489
42333555
16556639
41441454
11495624
24214374
5740316
43928053
19530333
16360586
28172883
38587005
41671624
34858857
26803078
26057182
49741710
42670002
20960380
30431168
8176004
18985069
49783692
36104244
26643679
43827393
44148412
14693338
19787096
49514552
49547027
37697296
16134702
48856832
12372196
41379875
2790597
21262966
3651564
15897713
20353618
35952266
10806543
39723011
878028
37405225
27979759
49164404
39709555
40884686
23247365
18604628
34828844
31693463
48260598
44031325
7998791
10507373
17155396
658999
28052011
43226459
15360288
17445722
40376323
4049836
6355004
43242200
21440888
13194094
11603263
46701909
41609162
32546092
19705749
43346215
15126931
27763287
32447046
38181251
44205074
47148930
22773665
4744743
25528533
134435
20645019
21912903
46705424
8024457
46916516
32401269
14813515
19624891
20793537
19492630
37367261
25069632
21252596
26390961
22957662
987483
34928704
38138626
22528710
45878339
46591653
34231292
23140538
43482639
39312977
10622928
25409384
11241179
20356197
42538732
45720751
17118454
29296955
15638672
42019995
33759953
31210263
13703825
37412362
40084539
36283932
4472518
13443178
37812392
10900390
26224020
31263555
13593552
25040915
13411357
46299914
12262387
19507538
30802807
3006697
40357316
10327419
33838021
29893501
6498708
47544855
15920084
14218766
15045402
6379719
38689270
20702478
1271487
15685072
39640409
30140281
48170305
49056192
30947323
26778259
27217240
36841659
28661590
3920906
4886538
39591485
2785061
49250606
24086224
4371329
999350
6717656
21832787
35589589
18077632
36028042
10386989
41065153
42712788
3976851
13158206
43526654
48574719
29816474
46229129
33589163
22979556
36501898
6705316
36590709
22754621
25964682
2511004
18353263
376802
24454962
16129786
10779166
8529449
26003832
12831288
25089765
1958090
42305904
33020445
17720188
34533961
28603237
30837525
23767513
13209186
17324824
49060826
33128584
20636065
6144803
8366579
34467725
15007832
40842117
4189674
13253301
23608186
15424285
28006730
30473729
17830762
10522168
29116561
8666212
28254303
22434813
15547715
27817705
10785887
19725764
48350762
46221107
39681498
1416810
27830506
7937178
45689089
32383813
46317957
13892402
19269650
5426963
42828111
13037997
28292461
25045079
25794618
16728894
9716992
21465676
28711157
48530477
18877352
24462083
31142754
9745242
47379792
36838158
47220111
5427794
26243105
5122150
19852380
28464161
18017435
15477461
21869132
16249697
41515946
31036413
34854807
21915125
22347996
42135036
3438650
39309511
8863156
29025458
2297170
48916820
16719384
42924018
24491969
37333954
16803228
30915673
25177937
8960179
45545492
8031281
23418754
26380232
45768526
46354776
5976597
17721637
32779094
43174759
3346010
40690651
17641261
42715544
39173532
46779410
20617368
39824961
35624997
14007025
34378389
45516134
42027615
38551935
36023673
3686305
1962074
17681835
7830625
11148944
19793031
11036195
9970094
14544074
27594793
7500174
14442718
43557441
21160015
36721791
26996341
35530332
34891706
10134329
9723115
42526318
33841035
36290654
28056105
37899595
23765667
25101497
24486453
34808016
11376821
26868842
8917479
3374953
33723763
2885584
46182756
41598373
18669840
10410724
33981278
22656329
35261038
42398817
14094453
26253909
49399328
168989
12540635
35558351
38011828
6180079
16905864
11363087
4356421
40212139
2745366
49737129
2830822
38937346
10759232
9980140
29238983
20868428
7534784
33690864
47618771
32712067
15111163
17644791
40785885
8513589
14367380
48548103
9760739
23638577
32737653
37223698
24376403
15429676
8038053
42139889
37692844
14836637
19813062
43203474
2875936
9571048
34203204
27788037
37281016
21477258
28193638
7017900
41793679
31444590
21396273
25341995
7530611
49538000
16935461
4771287
21262184
9809738
39606439
29258757
26284267
24508025
31787155
22761171
10180390
39047114
17919194
36330822
15442877
28364914
29876965
43649648
32758373
48473308
32730072
32827827
2733242
3385324
21985380
6715326
33387186
8228614
35228761
28905558
38650019
15901605
28030747
8674625
43053434
31143974
26555242
6747234
47386497
43736730
12581919
16781366
34890279
30874023
14653890
29461722
34211529
26580819
14981109
973676
12289850
30995976
7469563
5474436
48147926
25673249
34933552
38774365
1244582
16702998
33505980
3527586
2144443
17773715
24321198
43227460
35575094
12116335
5288295
36970776
23974479
15875514
7003552
22462422
27510079
47078300
24998668
11383866
32519562
2008534
22444950
38874105
35632932
15557536
6819714
27311593
11625122
27782372
18391122
17239032
12194623
42324561
36145601
32349385
10425262
9222412
31684602
5316699
30092737
1696601
44052676
19614148
47364823
42721822
38634411
27335995
35898455
24435426
29734609
9486753
6178284
5928808
25518888
2314226
14884474
35517727
35024138
26460371
4279440
19583724
659804
45271751
13311921
19330650
45490091
33855511
40075334
48482727
19704319
26429740
16004435
7564042
20196048
40078903
25873360
16302309
44576948
1412978
48907854
26215570
24716727
12000022
9843455
47256972
12443500
4819602
12888175
42416813
46801443
13092377
48739304
45730744
206972
43742600
13226922
14425886
46420525
4346457
17538093
45284558
32081579
13684069
23005384
15394467
5994147
31300678
25220497
3020302
43963486
28192378
36337630
10275890
23024393
7602216
16631814
19040789
3328022
31921014
20250032
128371
43664209
11826593
47946059
25618101
25090843
48634125
8330604
28240841
8461921
32417874
28687183
26474730
28907144
43094675
4488458
21633211
45933128
4996006
28382056
19191256
19418349
32221292
25307645
3083566
11772026
27407015
43640569
18559312
49367637
44184997
44243160
34971091
19533753
33353507
20552867
23351616
37832827
18195389
25793584
11066220
20862878
45817826
6589008
31347275
39321047
29623675
27683517
23879667
9191489
42009024
31340605
33636457
5560147
2078088
49503552
23398565
37238381
32486969
22059206
49421437
17955687
1043290
43442015
34070939
45858441
16972197
16948224
12050745
10340989
49219526
44753770
12156083
25037953
19167233
43472741
31920259
30630963
36999900
21828837
33134867
26906372
35659648
42488515
6077138
6052175
46945853
43661447
19201618
41357867
14182659
6431727
2530226
34917513
3106078
42522575
43990348
8855394
6501492
37702832
23802403
48108099
35249878
10661890
38220856
43721878
19837774
47120803
9624076
41021950
41342368
7050418
5739456
14261476
37961863
13425154
3834358
18714674
16005498
36680370
27169851
26176052
26420672
46790771
24193507
35083168
40849962
12227443
29441973
26431834
30049517
16073533
21301658
14057094
1342755
45956338
21715599
18612328
12068454
36480583
31439701
20416894
24334633
4424009
18414167
25976788
15724311
861066
41781992
20026871
12428411
36850642
47440806
1161759
30542167
44362695
46990888
30184245
14054168
6010047
44294335
36336440
2387319
44393128
18682176
12976392
12255028
49583549
45568475
38936489
4839092
34223926
39700166
32795194
14737865
2556179
39365117
5494796
1640511
42254600
6777338
25561950
7927610
33352667
30548505
17986733
45055888
8094440
29756254
31274103
18507655
15888996
6120412
20483324
22293514
13398908
22932609
12101437
21647431
46546911
37610543
22287570
7942491
5476640
27553459
22710210
1847169
34997423
18852867
16806779
18443396
15755172
19713589
4899949
8864293
23195445
28106711
14948411
2301160
30158155
26632410
49740761
38916495
7311452
2709700
24692793
32339152
30533699
2733658
19188991
26949649
41368242
28418728
45957127
1953168
10102246
45069379
46698873
40138010
45131293
17226467
37344727
43646911
40617001
3668480
18231703
22225091
33768145
22248159
47704618
29939543
7266973
6241773
4241543
14034584
8687304
25148145
6186902
23203329
17719279
3843085
42526380
3040021
10771418
11091404
27729968
7581174
49234574
2717118
31029808
40201226
49934552
16201828
35358829
48698763
42539650
39663297
17571072
22476008
34834555
3584656
43002643
27080391
1181674
1193947
3716031
38532101
47337864
9924738
39699162
14930907
24978752
34111823
7121436
19781453
3247066
26266989
24004079
48589628
31229388
36447031
23472236
40309109
20951385
21096209
10459615
37653273
17572694
18878558
15459689
48743582
86226
6049976
3678280
30441757
44368485
19741169
37117442
29867408
46410418
9637922
25191867
12751532
30285017
16282679
23631944
5213098
17871600
3553602
37131645
3242509
40304347
19369081
11038612
11249121
48335309
3718370
49118794
40218093
47450836
542954
43390009
11628011
24133485
14383779
14754264
26865034
1309
19308934
20725256
44151455
46079733
8653065
31094061
13679197
29941911
35938381
29246551
37801571
7854951
1483628
584517
14168889
43893013
26127514
40913757
8573571
47273315
18767686
7262358
12921106
6414755
20348321
18669498
13365504
36560789
21296449
4909543
2012413
9088352
9425768
29856779
3938824
46052361
1053724
40118198
35965166
18420188
24401753
44598439
41249824
18915388
20954256
28928907
12468430
46081004
14034407
20295813
25223639
12654608
12828469
39329654
48647621
20453184
41050543
39949018
3786830
25521123
14521572
17372688
35121382
3300109
45038272
40013737
29889865
35014460
14075543
3969452
7270406
34246583
48853993
32520997
35515656
31435750
34682983
19132087
290101
43355770
45972476
43251132
17908497
35759594
20907591
47961781
30210760
35224548
6929935
2008172
37186087
43306405
24950837
28726530
15753354
44225267
45796997
32571333
1471022
22864612
10805151
45865063
28654782
30275205
4950812
23532429
22585539
43094871
33383999
18439596
6275929
34220774
49390960
29329633
40261641
14136902
8823969
15737976
22959121
12563056
5346063
31399432
36445360
7381388
6871771
16733467
13990359
12790246
8418973
27787494
21258677
47559830
34532282
27288368
43776009
19384463
7709326
13001303
19873815
364798
6873401
28268134
12583789
47362629
39250551
17073989
46904450
37884930
43076660
33725208
49415960
46759456
10439503
49096339
43977066
30563902
15248948
1160171
32964783
29784623
38417896
45320492
37196090
38691026
4910079
29489269
31176956
31676636
35782687
21320201
43224017
38651822
6491400
14938028
45435338
13528011
23627954
2525660
30775969
37853258
5465973
13023696
21958090
36137323
14632575
7657555
24187006
48072105
49870912
30124341
17833247
41244103
28377137
15340034
35408361
6240465
23435578
24577982
9453594
15873431
31002962
3029273
4942327
41500771
34960081
43988072
31095761
35517582
17432814
14286385
44607827
44985415
38168694
43991988
39590926
40956628
44789642
19727516
32980687
37498941
14248052
33083375
32369013
38856832
20257290
17155135
22633150
38185479
12571156
48169772
41014788
24919023
26813454
46067741
32965699
7013486
7847661
23634965
35188432
14440129
33648246
13846990
10682046
33161800
22304219
15089208
1887377
7465255
40045553
20804278
36921908
12894674
13190577
37019876
43912943
28495432
32679732
41816474
23653176
41466223
45778229
6448508
47388054
33770604
30163628
46009536
13019478
8185536
1735504
500426
29445409
45828309
20157835
6195104
34502463
27589456
4151987
48651904
2901637
17745019
42500680
29827596
5022812
38604810
17382101
924260
7297605
14669184
25574069
43597834
44756195
44281252
38598220
23389159
21486227
25759485
37513337
36692928
42115626
13683433
14940140
22126127
5929024
33800431
45709530
14544354
3021923
35054463
6399149
30375955
18579294
11749994
36303518
48128629
30493959
17660835
37612562
39705944
30289433
45265970
49026592
15278749
7674584
29393739
42116380
15908955
26516538
1590366
24849171
21073028
46079924
29383631
23324764
1912477
39022498
37255493
21680093
48088849
32021841
35998872
36447775
24039463
47180517
34583097
29816408
11436999
6354838
18832855
39962367
24295324
38598752
17614180
6975878
39361831
44349394
11483113
17502063
25248921
40050899
37654848
18643697
47060588
34634689
40077220
816739
26950368
3944133
6754162
6681518
38210979
22992271
42180895
40725375
29469743
27776228
19102635
17759603
45410995
25451332
40521033
29639335
39302964
27018435
31068718
44888353
16645138
39950773
19650768
16534980
35982794
15120562
35629368
16788347
6867454
2063800
19591154
2878579
46945991
4702507
18417578
19543144
44952512
3566360
21430069
41447638
30203884
43459447
23767955
4220933
46081843
27998766
18014970
49582193
7771948
19221960
16013463
8153450
1841788
17505812
31575720
25412640
8022936
16792847
37173409
13540917
48173384
27743608
43305289
45052545
39155258
1966132
10517942
9934441
5452913
40288855
35439715
37747318
19307069
10511766
35551088
43641444
22552182
34324225
608065
45014883
17388815
15951909
42704636
45229904
49697326
18210604
1009381
20358364
31636292
37909566
12008035
29162848
19250161
42407427
9780541
16916331
16210779
30220036
19787629
28451727
41538230
30723086
19940907
366404
30862890
35170497
35478041
35775405
46237302
38153960
28186554
8673390
31451502
1892220
27301819
9353466
9603073
15002598
48021632
45368167
41763330
29394921
35993573
21344143
24977870
11314253
47159538
47026098
24514321
44141900
34048681
49032422
541386
21817293
33440222
43533901
1382908
750362
9449783
46961663
33285259
24424594
16710735
41340865
35357480
34979746
11768996
48525712
46321857
48176422
1877717
22904939
2078042
35025975
42992334
34792138
25167383
44789649
2966892
49842030
1543020
15536322
8302095
24897451
38921799
21985490
49127939
31911833
45953070
14986501
6322386
20229977
24910490
16718021
31164383
40393246
40752093
28718368
43889904
42724412
39410948
49857963
21223587
23813085
47760154
42681237
5510248
19775579
38732358
46643524
37583300
19307731
48192322
49137607
48905072
25657739
3476711
9234318
42075021
21329689
22805021
35729080
5749426
32359684
40784870
23417500
24432401
45565674
13090808
49677691
22763607
23634699
43610273
27853909
22302234
6658197
44079905
10443361
37966678
21810384
38087685
48520448
3675737
33993701
22468178
21868364
15766652
44122302
26403049
26836918
33391802
25301677
9038572
38680498
9951461
37617884
22554460
30415692
30321367
23680311
29356841
36457405
40132837
26879218
3540305
28774232
11204484
31768437
16348719
45278742
17383347
23812586
22113570
6398401
34592105
39512247
7686436
6432296
30469733
4169807
39097062
45186533
47991703
35891736
10631211
19792714
48929134
6915909
8835232
23239931
1423093
38497778
6840593
20047925
12772974
33456253
49248656
9743282
3438152
34072598
10518510
21029677
3332318
29663167
21398331
18283446
12164136
1639184
10181019
17019703
18586674
23545415
35826598
3988249
42578827
23875506
49647812
19729793
34977914
36760812
27449877
47662344
11946767
24496320
7383308
42210473
23652168
23308950
16644853
33052659
31425290
43998362
48397807
48328057
39964327
8505729
46499270
32321218
36620826
198967
17942143
17456587
41289929
41375503
9245930
41247384
20638691
11250732
43717006
19327517
38461690
32329186
32174279
31750006
47870787
11437862
14502568
26112480
26771126
16566967
47774361
36622677
13674598
42484423
19591131
48603918
29179116
48761404
12561147
44529954
24075375
43646232
13733409
19859991
9976677
31112002
20039385
31190846
7112236
28551564
27956789
34908086
21890445
36489117
28320476
46195307
9303950
40735143
15121087
15126982
27956757
45549265
1317759
22398181
30371692
2151344
30227394
28224030
8489835
48591164
32841578
47486110
18156684
44814349
31669234
31575669
45472053
34894006
20138782
37948578
28468746
24454010
4032806
33974969
46691630
43403101
33875763
25358933
48712024
22329711
32319595
17715342
10062381
33002419
45543613
41128204
28476942
23968033
42208389
35263677
49677669
29335919
13788255
16274066
3665285
39553242
29648900
36915256
42641301
6858166
47809940
22494329
16421855
15732167
44021856
10685435
1201542
45450740
9495959
30501568
30261188
3147030
8899826
32176663
48895284
20777883
1466872
3449522
22531775
25412660
20811716
8114554
41936843
20022730
6023475
13483686
10635380
16269831
12284819
38239875
35180278
22353947
46753224
11095325
48530931
23022398
9381149
27915865
40845125
31246633
24645259
18989113
10752920
1798792
8443047
40161909
13173096
9923096
3043535
6419579
32063267
11602362
22429182
27538007
8599447
18621002
4124225
5019458
7154622
45819407
14314787
30755014
36824250
31303369
1119751
8073361
31417544
34865477
15998661
30489191
4085159
10247953
31695959
48693776
47733498
41222764
28493783
8145254
2426190
16417503
12482870
29264151
18252111
48716733
38909542
49202290
21301989
40617453
25862111
2522071
25306265
43765353
2130803
6730904
27393711
18712961
33599547
37697268
9197602
9350438
32019984
20272041
14509048
27435279
48836499
17705635
43283990
10468399
903412
41254223
46916346
15504933
22317808
37271640
13704903
31156454
8854264
7440557
16095429
44097995
27685912
40877537
23959224
14868531
16781610
28721768
49424075
8514254
48756017
27380103
27098919
28401196
34181345
4823276
41632397
42367368
10522993
49629708
3440681
29300773
32888434
21349297
9452187
19795959
31522233
5237733
31048454
36081062
46941626
38692762
47568763
45786261
18150925
31546522
20522823
5649520
31623911
3061762
27812516
7199548
6000015
402510
14113544
22956857
18074393
23213014
28013172
28248437
19874390
34125353
26064093
40131345
41445917
40263800
2903706
22667746
21181993
20755952
49322853
36643780
5858686
13056549
29132941
39818703
23771993
15963356
19646015
7355486
29223718
27212889
46893512
34640620
9911882
13346376
17687474
10153976
6544686
40533468
40216167
20863799
49061785
32979356
46327173
17909188
45295169
5061276
46476184
48707692
20948089
30944120
9676300
46606712
31501406
25725286
23373994
26474373
12274209
6249491
25482706
7310177
24325635
23804481
4050431
49876778
23031170
36909643
4502405
40468984
31497875
46799088
19557823
12794356
5144818
25160571
13932132
3824272
39456253
46831628
12585871
29199782
27211724
45071428
42020769
6695647
23411254
43938005
41269558
14240841
8545526
48322449
7529170
38658918
32626656
5827585
5265424
35169881
1352373
9154319
26116672
37036181
22187746
47694731
16964924
9085364
32201248
39810064
29191515
41644640
42714550
36644486
11854869
30997850
3824683
16410890
39087077
49845116
5190606
37589570
26341781
11365243
41593730
26517967
20034101
10515445
1190725
9775830
19131667
14922105
24044629
6232388
17489476
10271499
3293433
2007008
36967482
49627659
8823754
38615259
47488980
39345814
48417253
11483820
43743400
42644141
24408791
26210900
17824388
45603920
26322582
13399170
13522820
42487874
40591293
31328500
48185480
9518122
48913320
28503119
6978701
5575225
45309051
30574164
41125279
35508128
39025399
34543405
5919702
17901972
5321596
47607804
11024175
21858413
33380024
38122866
24641092
39715528
24866033
987637
15794932
6722593
27297526
40959547
41610434
8996358
10771264
48803683
19231756
15334769
43868641
29966404
29362233
20207430
34548531
29396720
7422213
20864723
45528116
28043434
24432495
46347188
31918509
32424585
26799503
31940911
32583607
2172953
45242043
9496262
14029688
30388123
32131384
40867878
10443892
43811378
44056219
34392460
28122752
24268205
45515681
33460443
27670807
29166983
28315431
22788384
33031566
32867386
34498335
6539574
14728687
24742659
3604600
39571643
43325853
21435625
26213296
9851332
11912996
43352416
31693827
26598287
8016086
20984166
44412603
10159084
31707832
13997317
41704931
16230593
7661416
38186109
15775092
23316380
44180814
30120231
47329022
35648717
17553983
42678234
3098172
5307139
38478522
31574404
16635660
6211941
14778190
10860552
21966366
22906037
34630254
21981105
2604943
45664082
26958680
23602411
42217434
13999199
4421040
46560727
34208353
47279175
34768438
38332116
35789596
14325149
32542555
42321060
5157554
30824733
26557347
27209090
22670523
1922460
7038385
10354706
49835064
37340279
8485952
49192419
31875287
12899891
48056616
1853378
32768430
39935368
22448011
40898862
16066942
3504311
43863244
12644755
32162444
47411886
16747129
24189584
3024271
43457251
7693729
41090627
19404737
18926425
29109360
36345825
13640933
46175026
31944201
39079328
14540821
11522642
22331325
27402520
34288320
2706162
17087904
1725171
35378623
10703489
24902792
37406505
41339121
25546664
9354354
32734994
48725151
41632335
28155451
36827265
21332529
48893976
30321366
13772439
12274378
23444673
47530319
12777417
6548589
31271823
49412451
25403542
46956295
30838780
21339870
36680767
34414428
16162271
20923252
29697837
35277109
36338949
40878681
3963270
19309985
12091643
30132365
39791217
32792380
11914782
46975701
38228646
29834478
41537379
45150163
24704031
44126297
47177586
42215533
28650906
17621461
42759848
7771660
8052277
19498280
32557101
28088610
9145047
46213684
26114284
41167125
30913040
38955852
21698025
11305345
30263669
33686527
37424198
8228264
13936340
35470354
29159185
41712493
42441814
12365492
15729657
24442479
17507598
49019252
9277154
19076847
19325812
45398217
27377842
4054298
9105079
23176509
18238477
27272456
20429684
46938707
9191689
3441618
5448743
42186138
14152110
41908331
35323371
24932642
12584097
39306075
2349892
46248140
45439300
3814259
15914120
23009732
12122719
34586700
49114161
49165194
33660848
43446564
41589587
11692082
47975994
45791430
2137338
25155954
32473585
6606794
32705894
7214591
41744529
47565847
9076653
3495127
42850127
43511535
11621591
35078702
9544728
5965407
36750789
43890646
24330003
7816348
28837620
1855045
2657130
36451175
25814241
11231059
23253684
905211
39623365
42260265
11573521
24317725
20216200
4691034
26355742
3224055
31760885
15648893
22096186
2241373
12827758
14683698
1092313
2545634
34220101
46385077
19409029
4611275
2306312
38456715
11517226
24030268
49518377
43601319
29507052
15456678
29922757
24086223
9935687
4663362
22998764
16717671
13337240
35325515
26958830
29945272
15571379
20326535
46983508
24759365
23868776
10812667
46541153
10198884
17272402
34670659
43690383
29622350
41648768
22066323
29494424
17581447
9720693
27867033
29555043
46088625
27574765
43504506
45768897
22052350
6946353
1822524
44389430
23524301
15169024
42327516
40982850
7398799
19634320
20735708
4747507
22898042
45931163
28591773
34929861
19228786
31676014
27731452
31792825
35165398
48520453
44472748
17141440
35787572
43332016
12645960
18876105
33554713
38895249
41030544
32008362
32710071
5476867
24184537
19958013
35077039
9561721
9380646
18782026
13915924
49736097
42345673
43152089
20756688
49800850
45720624
41068574
7127484
15450321
4508229
12083098
2081953
27088585
3273925
14483273
34647966
20870204
26456063
24006190
20479248
44254192
5233406
15202974
32777072
32839061
13066585
37524946
10360373
36748379
44026509
45399657
3681674
27946990
10912027
21269202
23961455
6721464
36796937
37099782
14169067
16272913
13034162
10697870
39187141
22418318
8672509
26953778
42992681
7021052
49525762
31823557
45087918
13324289
3043336
5845889
33244738
42604622
21982305
16313882
24751430
34748444
37585444
1883430
6579927
45304250
42503604
14329652
30920631
37568004
25024440
12307361
161373
25920712
15122489
38775002
20150747
1881971
12456184
22814023
15091298
6309358
895834
31429617
16088543
26330884
23029651
36320028
30005770
46617393
22849324
40086398
48869267
44269822
17792942
37790485
42139849
22917978
183951
13023751
43851647
11850438
5274413
33105676
19986053
17790989
472428
42784822
42478980
8582899
17454038
22046985
30632793
47023098
39377023
26896652
1876665
18763580
37817474
13737355
38176870
38624897
39477084
31118103
43754770
21494603
19354430
39391928
35544150
44141544
9200797
30979072
48780823
262761
45898041
13818084
12473596
10747785
32760049
9924830
21845355
42781982
14368780
15056738
5469791
46795861
30106789
8924749
39155276
25024893
22913301
5158947
36714904
31902768
34362765
41424804
39547342
2788283
45093775
20986992
26807243
33875232
12721658
6877301
33539556
2727331
36616034
6724656
37226794
8459826
34297914
43002501
12993677
47781965
772774
7601191
45126377
7237733
20702406
34331198
39662902
12485697
34699275
39308944
11849402
22206733
12841138
876703
9928041
17395684
9759807
13084489
23487513
30528414
28874764
3961078
17499334
1729944
31188368
42371330
19588503
22459995
25627935
45581855
30810740
16382455
39731263
13798400
28784975
19568330
42959487
30506267
37646690
22134615
38344142
45690662
6079786
47528325
29764808
38095679
23675278
26429873
25184057
41962523
38256824
5769353
28804889
31601795
4834221
31418640
24467527
26923620
10928356
21795249
11277060
26924874
14699027
16262157
20169330
7649202
17091006
17787290
8064619
34227790
41325139
3231490
35483552
39395773
17659920
14028259
7558731
31052196
5787243
6022233
14139863
52288
8836855
20616044
33404011
35269940
33305411
6101816
22249937
21276098
24769011
35647281
16495289
1694749
19099384
35055081
27946878
41199203
37656283
37785218
2188326
45828173
14791048
36426604
10399942
19425866
14850700
40139836
15566574
689159
49091837
20474854
18384375
44143842
42624800
8559910
32102194
44234427
41164200
44368477
9018527
527164
7152530
6629895
12582898
19156403
9112382
34178710
45815729
9730451
2052486
8672058
12568498
46495734
4548841
1734396
13015209
23098248
9740021
17007127
4435817
2011457
18356010
13660727
41297320
48217666
23446555
41666659
45838693
37445336
25944880
47837041
28640223
29246484
35487921
41045802
40181924
27529051
49581549
39621125
10528849
3233358
38791700
38681985
9023559
20539023
8143687
1212606
47074894
1769217
20903843
8871017
1816375
48959912
45626948
28105181
31765769
34839163
24128834
27083581
25617137
40931140
32259920
26711790
17050829
955158
38291060
27259316
48581273
1864682
15171939
25090778
6676064
42332996
6609331
8796757
47948143
30213087
1438025
18298322
40566740
37733792
950976
20935517
6181326
28745870
43667603
41104126
8314257
8850859
28819635
28279887
42350546
24749355
42780325
6677929
22012147
18905606
28769802
29214761
16589987
45748622
3186884
30296215
24388773
40665740
1683337
39082349
33965997
37309568
24354436
33829072
4961602
39518190
38574650
20917251
1890636
28353641
19081289
24397354
18145123
25005779
49013356
1180600
29519788
20044553
27371667
32330091
3401919
31642012
43677662
20962468
28578245
25680316
47011495
20958393
46934218
47800435
8601461
20868618
36695048
34801225
1274676
5462608
17229496
7213782
35589118
11360032
45505496
24299426
37902796
20602756
39729806
37496817
36546791
8414757
16000214
46241203
47883820
137954
34818298
49499728
22442750
20896829
13602055
24124822
18588096
32963707
21402499
37653052
14773031
39286019
24853637
20522906
29678606
37558671
15292696
35606185
8876971
35488773
12290788
6535715
13803708
13451967
29970018
10623042
7895590
2380996
45269446
15093118
15493833
15818346
42355031
23499706
44373564
832546
38705373
176273
34553419
22205926
29914341
8166769
2658214
29737877
46148937
47519737
31751601
21570568
32116210
39128409
34197531
24667261
13168115
24976835
29700247
18746083
48677300
30884553
2048992
31423507
21266914
27346026
18130770
15217665
8543060
40876409
49558112
25683097
31309948
40134013
13090280
16360939
10293407
31923837
42798144
26932399
17326037
15441955
20261663
45641365
18735419
6092496
23247499
2982297
44188137
12278728
38574730
14597351
46776835
8456330
35268868
45008234
28388080
37138818
20640329
34240950
22813442
28957264
32229063
40629870
8278683
16446821
17735230
36866961
24888151
49766985
18066297
17571555
16838508
3812856
15024159
17775614
29091224
46636879
21562927
2674086
33817818
45263528
45996412
7839261
2468584
20686044
6349025
46564407
31268350
35849525
11710558
14351566
12337589
35280841
25787429
47249392
11649228
14109907
18646719
25617201
25515209
41434493
48783391
24905671
19563451
28159011
49215348
40092633
13668324
14863272
4912268
27183961
13049709
40397676
44094641
7937336
30543207
30905266
20066569
45339413
25350405
24458137
32313951
20558428
21911898
33486848
15151470
2639587
42131220
36149559
5667415
3835462
41135147
2989597
19387737
47699438
1253851
23876347
15163693
21954706
6593939
49895689
19085883
46589890
12473970
22599671
12612233
37018048
32692421
8450856
3064634
20619505
33241334
17293905
2089301
4045315
17632840
43571584
3660960
12931661
48628088
33110316
40671735
21028432
23798125
19112468
40427297
2948855
8979921
2235620
18737176
40145541
2241609
24920330
39792708
14865412
49693816
43061542
22410015
20012142
17269277
17688571
15686435
31279533
47573844
18291503
7096855
4420917
12412566
45696270
33026189
5049984
37709416
15202576
24849447
7598160
28581407
1641927
35511908
31006013
3999804
43709798
45161120
47139707
33917006
45491287
49521499
3723
8542
47337589
42993317
28537855
10123064
14689954
9620718
27873955
33686691
34456304
8193149
9876083
17311718
12707702
31372805
465911
11423884
21487710
18202973
33519628
18455963
49989158
29437421
29644818
29630280
5653262
27932976
47208340
49468252
10851507
18870624
22950329
21788475
31277650
32836514
20880415
42908873
47120504
29870480
43286095
48256952
13942238
26888498
37264234
17920569
9911297
881361
28128310
11315540
8857299
7476857
1806775
48168424
14181190
38566244
28766590
10863370
2596433
34509388
10696955
38484567
35532829
31153266
10411846
13634000
14758901
40552478
43889943
2225391
44066654
45584670
33353064
10019993
33709591
4365612
34735810
44206093
45932448
49293026
49134248
23758632
20865884
15280223
6328028
12834419
42824875
22991448
25107267
37517227
43818528
36066635
10225378
26689375
1445954
45220376
28467031
20663511
9596372
15291444
1022294
49295482
39378441
21412334
35321153
22704066
33027788
10581572
13822478
19920926
33213160
2427909
38330013
3819631
34788555
42259114
45214385
35332063
33378898
15808999
32593969
36945272
18192933
12558798
49325741
6171917
28585659
7268846
29324918
1824370
11215541
21904503
36571276
46242933
47854407
33483704
5849283
42638131
46249468
27188521
24621244
9720557
18162970
9051429
43129426
35560805
31058316
19282311
19344612
15861339
40264503
39155602
25267683
14701478
17934783
40822378
31737436
10795571
23338160
18321008
9460757
36678738
15656997
26361492
48511795
25818994
7781684
13828758
23005928
29053976
28129859
15088531
32663021
21565278
8613187
8717225
16241365
18791367
28035172
29551980
36288775
1805182
26088443
33193635
27005852
19149753
2301103
24754015
2977747
39644204
45082295
36097295
16350571
40132192
5668310
31151103
11129832
32646902
11338304
4748951
43817647
19099645
45043101
37492443
1781035
39887333
36362036
33625719
28610890
4812422
39257685
27681045
46277224
47694446
6008081
2703489
39078092
33055365
46494414
22032953
16926084
22653290
47837991
44821143
4091834
47769616
5140279
30076805
28901010
5104554
20696244
17643588
12121065
39008026
31253965
7883756
46363104
15892057
673362
25501702
39019632
7356194
41273159
18643668
32817658
21334936
20612622
23654457
27361952
20300413
47404712
36611162
6949989
19307954
21888248
4099813
15618127
7371161
21866977
17262526
26946320
9629739
31097883
4607689
13596030
49665815
17514069
10573501
32751506
6021404
47300065
42300153
46829556
31217662
22378079
12308412
39535322
6459918
3621604
40402123
9646137
39447186
13817225
36175815
31544074
32520473
40604125
10850892
17773176
19186135
40435412
40019817
19666752
6458666
29335165
24222585
21236208
38688027
16725318
29129264
42245863
7023438
17798542
23738940
31467022
3990228
8333109
16631104
43956896
31877855
30320125
49001576
33886248
33555135
12718230
9982120
15742025
24889409
19004150
49026709
4281325
23376861
43976563
17590338
5489338
43295135
2280855
36731409
14347186
48949906
42379352
13151652
30626472
32915982
23522776
35779791
21532422
33143421
45621137
25062619
37518140
29268518
14365689
42753668
938731
18824026
15084542
34582130
23350018
18379914
36139600
16802825
43766006
46831488
42422587
31276199
41277877
2266452
3349220
31996718
3789224
35661908
21506365
22268051
31535667
19332908
7972246
36201940
26257590
2791445
8857487
5974064
41513152
34256953
43321312
41775206
17829882
2898223
39962713
307941
35495699
37712128
32383306
17715861
19056491
35890291
7737933
14797433
17175906
37014413
16572481
28885690
37867060
31746619
1787099
49600612
22451768
26079240
28669072
11362040
34067391
31183949
22230097
34527627
42624640
29981874
28123520
37439791
27346604
24299699
11036826
35671935
22389462
24770634
47629753
11417991
14128157
37528044
4284020
42846873
40826553
45117073
17143253
32802542
660104
38323380
44673722
27419575
7024004
49760421
33625471
31206482
4910261
13233005
7984811
8104737
46559487
41373871
44459953
25874782
18174688
17896815
29751015
6415699
3889459
24809816
2547500
28627090
37949939
28941651
15100303
38311624
29428372
46666526
34435433
30799516
36335598
7897590
30225474
34891766
35339887
31415739
41301379
20663126
30029996
11400651
28913347
37148334
35181663
15310260
10450877
35836801
31642468
11465787
44720963
19096253
38265723
28114139
7176404
43744512
3912894
38087531
34459119
31591838
33697825
30748852
44195330
44230534
13817425
15049069
548013
11341255
11533713
12142956
42868273
26807848
24350014
22866745
24641404
19914795
38711782
37565223
32474246
19491409
11753698
36244867
43590520
32999830
5599081
36078723
3169023
28888225
28169736
43695786
27940145
43979837
5753625
29211334
39434956
18577481
35372953
28596350
13009810
16382000
22092927
27808735
37775517
27726338
26623945
1604760
4359440
47354072
27550547
3889728
33268015
49104399
18591307
4437999
7679875
46775526
26492917
26974424
2579806
19471543
32946992
26862324
3848272
9763905
17735682
10690287
879562
18358416
41138703
1904422
48813943
21341915
19311216
35634274
26811849
45670360
36608915
48744911
35616053
39827506
28280728
10855516
41871253
27418235
7971854
15399095
48551970
39926578
10575587
31263370
32038194
21690437
35207066
47780112
28207578
41930083
36777268
7947528
6403348
47896772
37498596
4700105
2424689
16352152
40306004
6529851
46249722
13293292
37418691
32584126
34326047
38644956
26191206
7945220
38402414
24358692
4868984
39323511
36839265
4867241
32899747
42713976
41591749
31135702
24080568
35158413
45481793
13293999
8390186
12445386
32530474
10202551
34102817
2176475
44548447
32274067
37170888
21914401
28409926
3004173
38309377
31162104
25795080
29553181
12843436
9714246
42647294
25733444
13365346
10832275
1161662
32488822
27995675
46458319
40089903
42809019
20401327
2766519
29751682
18172570
49328040
27741241
48588162
20312593
7123589
33168641
17297119
45854706
9965112
4180401
20713273
19934693
31433917
184417
39584059
41281569
22597763
25850413
18671718
42365985
13126709
44880450
21480573
13681044
3632364
17088072
12096806
8829145
29346298
18570561
47947187
28378546
35592997
32816168
33273972
37359010
42489829
23193746
22375394
47934848
31744568
39437750
42615192
8338564
29074446
2360890
12453381
40702777
35672260
48310523
46637252
13182599
31450524
18958001
33780083
8234053
22459456
3667359
30607085
36107207
812357
49825681
16059912
47191946
13175139
291008
87918
39064763
24921217
49021573
31751654
49045525
34139878
45929813
19031587
24791525
27652671
44187472
33136138
1020067
29106426
8102568
18462741
997766
14352330
24315077
47931925
27347231
3600500
34599692
13120293
40361012
14354814
33362045
27442958
20544135
46197900
18366346
11354518
25953932
43626003
27545879
28041682
1024622
1942589
34223262
18192792
46599983
27661848
11457158
28388682
41962185
48915910
35644843
16232048
24119209
28079469
16010724
1146207
29577390
6019874
44357577
36398638
46127698
16117854
7447180
26935521
21605343
35538401
653144
8042406
12524698
37778370
30528456
22826492
31554107
25285819
45215886
18678978
29587335
11550450
19284985
17917000
3093695
29330344
27921055
27612777
24179153
36709321
43751865
42264807
28652152
35496118
38306861
40664839
20947805
903972
24250870
32450347
23019132
12246775
48093763
47029435
47987444
49922938
48010717
8787719
7868079
23572377
8377149
13476494
3159968
25509674
43590314
13075747
7093114
25865948
2631246
9166396
20401425
45043942
40965471
28877114
34877677
49440770
421877
14508039
44657706
7102741
18281338
15408135
31003944
25573343
5952022
7276443
32882885
17546885
25395176
46505797
32365018
9080289
16755208
5179592
29949465
37087955
20654019
1233868
11704617
15733574
2953017
36329934
49424702
45787427
16649532
36106140
49975446
21653573
528258
5681845
39604508
1022256
9408302
46899447
7954292
46254320
12423523
41140640
47030372
462344
28345759
14985150
22250516
21458077
46487352
15158911
19082485
20741286
5214293
36761923
13578574
40440158
41593884
2360456
6012068
34757881
27403359
30240261
9490071
46931046
49090698
26952271
26340429
39855202
45412193
49102953
34266572
47147566
9460347
31051558
12656742
34288132
24475853
14641161
22164835
669677
45802706
43098727
8573099
5566808
6384015
1576541
23606150
33560559
3423009
14253100
42780488
6687291
9151913
16124981
42886884
20356224
24294053
4748380
13159529
16490158
13682857
40348745
45907898
4993559
17436553
5799630
22272372
3287843
39355779
2123634
5431592
165000
27850786
7150881
8610831
41966814
21825754
5867373
18167517
28792611
18882171
23060240
30883312
15265972
42970035
2514389
5735505
25202855
12554650
7901013
41778751
19361841
4256429
38410669
25042944
49325560
27011589
46349593
1396894
14826061
39955476
34118260
6649088
27240125
29909695
21635489
46835258
25944248
49200347
34688180
49190924
5741458
18426457
692542
21608236
29400187
37950780
11289440
5780511
42928384
23768427
19770117
17102228
49167323
21149280
49221216
4395415
42179425
3618510
8074471
9799339
34992656
46957526
16407010
47832887
14970990
49323174
6533010
21304551
28854018
37482821
30401509
14987800
22454612
48123515
40363635
10324586
19809117
29881946
16892485
10985842
33332347
44244593
5285109
16179124
22617817
34317613
41391337
20169514
7780729
31666262
6594978
13917967
10213968
41618042
20694009
24371960
41221537
39567334
11990484
35711963
44722921
42783123
10541334
11336245
16616916
49345608
20419362
11595520
25233731
10356369
12056822
45731132
542016
8968954
1158447
3632178
47042678
18752772
26666837
32837407
32063023
24808209
743761
1166958
9162135
23433451
2241434
22574502
10886322
21498659
16619747
49227659
19258614
19686570
4082573
9899476
35577869
43153051
27806566
29551708
35444890
18025273
32367749
24762884
46404671
20891507
3146050
40241624
41760899
9029402
44580922
10255594
3469847
39971671
15448810
32503690
30117656
49805083
13963551
16704191
41793779
37735358
420599
35845143
37029502
48299999
41503860
38263010
32209497
33977826
31943047
49651456
17551041
8388652
38526504
11306376
3458424
10077663
36173406
24962055
45503985
48462404
16337874
1553131
26599683
4574358
31784442
4045913
49555603
316835
18185572
30231468
4481842
6914510
18512864
28780430
36561450
19002327
12191750
19346325
29719699
24801072
36061194
38452709
45928266
49757091
45321074
12372733
16706293
11639510
3424260
36236391
34515090
42263422
6243347
33929742
22719590
18065202
25680389
3536185
14408777
27148528
237681
47059558
29611845
16691230
16053351
45356608
26726426
1673
48309131
9817989
48675743
49583661
30908795
9992832
44686351
33510726
3605132
32608486
48135595
23698369
22002246
13162483
24974322
15359731
42023244
33726873
29623082
44177932
30630720
1004861
36400701
23754752
41926754
14016234
7280339
42731870
40422775
32187316
40273228
8047232
17028839
26501461
34562683
12842956
18193760
47170609
5919118
4037655
36079547
1707637
34711260
5225487
2389648
32677842
26307239
30929474
11398298
22033086
21291184
7988854
41294415
33751275
3723430
3285040
17715763
48543099
1559354
23511554
22195613
27033013
46871812
41944729
37614221
17245775
2939562
44979172
26678854
14950364
15988489
27163871
26651244
19940095
11661587
39448793
29924647
788321
45410275
43014505
45677404
3296379
47498971
26460012
20442540
33162729
19798814
41796184
17909263
30371533
15231567
23544313
17392452
18694210
46907685
44648164
26011870
4210259
29470674
27928088
4845186
33585174
12255033
13608334
1762300
28990767
37595263
9908801
30882398
48996897
5559958
16758178
19131193
32848095
37351906
46764371
43778371
44429488
8949551
29112952
47027996
47163785
45769336
15060105
14146493
35752061
28751119
30375529
8549874
15586725
43834651
36315218
20024875
19651997
33549043
31233486
37255076
37319133
28378732
43020987
44116151
40504317
29476977
6337172
22177993
43848857
30390932
27663506
21008503
1383812
43398042
2457346
37079114
29267350
37517446
23972060
18521718
43500683
30612739
25854609
11629373
43926173
14399344
24644904
41281094
26877067
41546153
37753393
25719645
30628379
7830728
31696974
39002708
41169730
18760590
33278952
3614917
45734495
21664673
45547860
25971780
19320060
12289617
22650888
11272275
1291883
17945071
8487530
8846295
6638363
20513368
32490425
31550256
31421866
41299022
26019780
110962
13227593
45966422
36736128
29665687
38180644
24271139
38084460
5556271
4173790
40210666
3203599
48771006
17632733
14190777
17028754
9107068
43231812
8673305
23076121
18894234
33638389
40910707
35557941
2280564
30567609
47513425
7972347
34985046
26833812
38635905
6592689
37494041
21660410
38003978
5434141
6738139
42471469
4811857
11216509
22991295
33488394
33768272
16221705
37498098
36137424
18955491
43435853
322853
46223806
37775540
47412955
23849796
6862048
24032029
6512124
26067871
26436786
21026686
36020738
7050948
48229908
36619926
49885139
22705613
23081988
117386
37342822
677081
3315492
26306891
30099702
26498688
49952726
14510253
13280574
41706397
44359900
45021544
4957298
4237353
9028983
24674857
732400
14698717
22014472
17304935
21370447
30703691
1918881
10658366
22357847
36874822
2135342
28165454
14547920
8754418
13973197
12991974
21519169
16353953
45391739
8191378
41383732
22947168
13313366
19201793
4927024
29522912
27431630
39163652
34304745
39227093
31261879
13963646
10728210
29095308
35522892
43361289
32064389
39058681
43943367
3970028
35514134
20970636
23946386
2006322
30622927
44609297
28876304
37880659
13232476
45290307
45326386
13840618
21019389
43899389
36962279
9914094
9200727
8916378
48013726
47394749
11136025
41596409
49078654
47857348
37448470
8288117
16868049
46290081
30557615
16773893
13097273
44075131
28527869
26031053
30970591
7065958
47256449
7817920
960884
23335585
4635291
39601357
25408095
48395673
11875299
29781055
23334342
16765754
36466076
32407089
14349622
19277925
25001463
36362670
10752464
206815
14870162
21377308
33012534
41178005
25094746
48130932
10690204
21714442
18721483
30502041
37401266
30702235
32763920
41775719
39594310
11160983
46424582
27665123
18601270
35127122
22181675
39639800
5473247
46506272
24957593
18279609
38642610
14414004
33738105
29130911
20825842
19373763
23924611
2833235
18686591
39503700
45888982
15576311
47601232
13917637
36961516
8239184
20545025
3917345
38924754
3931534
37787890
23920229
14223740
33454265
32162174
2251878
42557487
5161040
45972343
47179086
35287034
24048963
28543292
42419092
46223987
33738608
11686658
10761182
4610004
11851368
14609264
19676565
39874567
15231127
49959449
2519719
40995547
5785144
355762
7225392
49192082
36102392
17426695
36662500
5116209
22052668
32722159
46221789
11054620
39706973
22560050
39939790
7242417
10450891
10434546
31961543
27936267
47715303
27137716
21970615
48673449
26637200
36744434
35993536
28864743
17247042
44451721
33359807
11812719
4222833
17473649
34258581
22317317
3494125
33926194
49676776
1623656
49925532
30941694
27888658
6841868
20231066
29961311
12540396
10654812
43495125
40986370
39368029
39294697
34725656
15995721
7726590
49004039
10978590
13987678
34861589
18755376
23346190
47054367
15797611
13088010
6336539
25797933
22693391
8221289
28843178
26158130
33813164
38337564
21856749
42670920
34723621
31011817
46994126
7338615
971908
27769513
17280774
38417308
16225177
1575882
17719203
24422619
47542242
44293687
49126742
37490925
38207094
13234482
41427037
5945372
4018721
2442916
14693114
39107410
4190231
38807668
2119928
29753373
39455356
22114038
32508397
11855603
27248225
6676207
36630572
22745744
11296922
24581282
34915575
29397813
25388597
14300338
46606022
22070084
35937144
13253125
42612006
10039415
32112271
25681006
23634703
2759387
43167726
26932601
46582401
5494108
17325717
783082
31501760
12765869
27795029
30282724
16742739
36201935
24554198
46315725
20378474
31115447
20468652
22072553
39121303
39881369
31964577
16891697
3195684
31813928
41208645
44022353
39697164
637250
48710900
20572546
32150382
4945052
38657867
34489838
7706143
26197082
17368015
40861602
34602395
48988807
24206293
31325883
37260464
11053859
47771104
37430754
31467586
35856424
27428880
41540638
42557922
47192831
25671736
17007726
47939820
45633730
4534036
44097453
1123675
37543978
46104937
6686394
7112190
28554980
10776785
16707236
18542854
22216967
25056650
18784992
30340414
27071442
48103703
16259993
36920390
37038704
43724903
20056923
47083306
6386029
27448257
11438124
46638774
72895
42195716
27703707
3562020
21159668
2090776
32789561
2258318
1281700
38973929
6043399
27067540
36223022
26196754
36215871
20537286
5333337
33355747
35338502
11974405
22539839
25311356
44453418
13193957
23655859
20095458
18280977
37572019
40402794
2356359
47776884
12623580
24981988
204422
41169021
13392332
21905154
20595338
15226647
40465130
20916012
48186146
34380845
13280520
29656543
27577592
2832568
49205061
39745301
13622458
14585929
41731177
27252357
10879808
29289478
13060846
45962136
9638538
16160782
2941939
15679394
19121338
829640
36488062
26377523
47917260
8561510
5016325
20494494
190765
25218965
12647715
5883120
37505837
25054069
20908431
9386551
46607004
46536111
9337148
7729614
3437885
18739448
18911382
30877719
39052543
9282676
14416257
48998385
12599469
31819688
47787295
41329900
19020787
33813888
39008775
31634763
42298721
36159465
16553643
8460042
24946582
6017961
4825482
19047225
34977310
5832443
41078888
17406457
40943937
4410787
40325077
23158762
48965372
34724290
48956400
31932815
27149417
47666421
30871211
10021175
31263211
26563462
10996571
17762649
30966125
36608389
38930915
44507047
26837317
32375478
24910512
12465891
21501328
7894746
21640104
40449459
32685847
6477892
16394756
4884457
11419805
40786292
12099686
34723734
34418766
21731962
37974235
27718832
48316830
26979177
28488087
7291353
42411799
19162382
29485897
10119214
4358275
4864627
42364571
8884714
10156260
14209083
18641400
35912829
24040409
48170782
3368312
34043027
26487854
27533556
13881991
33922436
38652949
49103154
22928824
16081342
4795514
32484838
30616330
3926343
26852813
41739482
22999883
49201522
22689278
29848664
36258933
333236
1496115
22561790
48731178
35464090
15251529
14940746
22378136
17732309
22462433
25814110
40924207
48025535
32199692
15219313
5673810
29759386
25336928
20740299
17049740
43067667
28941906
45162254
2425605
29484367
27718220
13624722
44644454
37217215
13487500
44353475
43720478
9364949
1560286
14747700
8975137
15952680
30911422
1236891
6875958
9216040
2735575
23956493
38944054
11964523
5716109
39159189
25370446
10175703
10721473
36218571
2973210
37123352
48400434
6351987
1715859
49617809
17535732
28733251
12792986
4175634
25483721
38126108
17847456
28154145
14910009
5299111
47539208
3874516
15855733
13221291
41999387
23142264
43840686
32020554
43419032
27471626
42280569
4598096
37900541
48629454
17887430
43653811
27956399
34662542
42947362
18881967
5298921
32309629
32512683
9223105
31952161
15614093
16260859
46236409
44616691
2358749
4911539
28586888
41800328
46774894
40825320
47452023
37479099
20051379
43380889
6547625
17381617
9495945
29099690
49822467
36952771
48892837
21762667
46043298
39249167
49068336
1639064
9611256
27487051
18754849
581943
33917797
45354702
32580194
44763424
22027687
5366192
48165529
16470723
24085937
11189692
3355664
8229689
47380893
9281066
13994340
48759751
15502602
18463590
16634165
17581142
32625816
34105533
43537069
29267903
39126793
16154619
13956163
33314454
6407225
7522942
40025429
40877003
18407147
41821744
49498099
38225356
20023335
5107820
40572380
39776062
11424412
34261254
200674
37142015
2876840
992983
31481236
47017440
36736042
34783433
46168563
12785269
10953238
34921510
6288185
12791257
8730549
27687529
2318811
40002333
38643619
4152847
5273681
43328902
5555901
19112718
17059246
14236348
17701115
21197284
23564957
14881883
9498054
45823400
43624423
43471817
16619453
15312067
46687077
33088440
39769771
15160613
15599291
30559270
892101
29243046
12607066
13216699
33135383
16407851
20298064
17574817
5846188
11965778
48738163
30586397
34952821
42864647
48518251
7522329
18903699
18802842
27208741
26518833
31098758
9193720
30495697
41604130
7593941
34181844
42542118
13307241
16037142
42813179
30407459
38144710
14238430
16243758
28664853
32637334
23717237
1125801
14795048
29312487
22541159
42947556
19108670
15693932
22759977
6296897
27591426
15250542
23714525
9617749
21028774
47569056
30858522
45757337
11191990
18907667
10359200
14980467
22617930
14681194
22721592
28640876
18835910
28581669
27055425
40428367
2443995
39694161
39153389
18424680
19386104
14408826
18874819
47549534
10913797
41975162
5002580
23809778
16333067
48235716
37515398
42496354
15030997
36967862
29973792
45633443
34494299
25633441
15693345
42759326
7206148
12794402
35415417
24269681
43701657
7482895
12597567
13533506
3054343
7857755
25967365
21604112
19592294
34968209
45683122
30663881
38104933
15424907
47531884
2856398
20815941
22751238
9088500
8444480
47613263
27151664
6140900
48521806
36983080
23211966
28929059
45098392
11394123
32698561
45134121
11089165
26427609
15712771
29623801
11345099
15985417
21430458
18327536
12505235
11261809
45059801
40854247
23471019
47229484
33963732
41068215
18318718
40590421
1800190
19908042
1567153
916742
19876612
9498055
21694990
47081347
22455598
11943076
44863734
30525049
14718125
18923410
25501675
23141538
21034884
30848972
8004437
36440103
34163256
4851441
22911627
2885950
10251842
5521727
27768996
28947898
19528970
44873563
20805852
31353498
38018418
21242384
39164719
17764517
23175751
14240138
16817823
1461057
33274099
11261738
47931112
2355647
17785785
15874946
40766700
42285510
49659875
27502910
34918902
15335475
31061354
45056644
9652471
37264755
3868371
15006680
46793626
17601960
9634288
30658450
43668692
6032259
39708704
44388772
30073698
45564748
11375713
10925742
5744847
43738932
26513439
12567588
13842162
43736124
8554364
42819777
16380029
11391344
15464057
36144611
26982555
4197069
10154873
3163569
13141414
9347806
20793752
157247
30981794
16794158
30715438
30312887
19969614
4024349
4225886
28498873
27337243
33609539
43710697
9931153
13834103
2722901
33713464
19318174
32538225
34794724
24357790
4056625
29376835
17423113
23197267
22210135
16020252
20649568
16993690
22539559
11825366
42658053
14803057
16989742
31692673
22148387
28226052
32305211
4816828
37453183
35011076
23251402
48698165
42963431
6940230
8614550
35827481
28352986
37484254
31658686
14308751
44336265
45430006
40834115
43617096
18652406
11676802
34901493
39229408
43204015
24797571
20716699
40219919
40603048
23015188
7864619
3671901
46525899
16582209
42974315
29763693
4319869
49358520
25842558
20878434
4987259
19615168
46467377
29990988
44527046
34083317
44291307
3968877
2944262
8826763
10937190
36442203
17718937
1075735
33022475
34670219
8919022
48651036
17118016
26319119
1770953
38606324
19475199
32014366
30612725
19183399
33695550
4379347
27447473
28007011
9221643
33738788
13962719
32210871
33056670
34330985
31451460
27862699
26194120
7001196
29034003
31476701
23597375
9268076
38551756
44644482
40290110
5474476
35345653
32551923
2059491
42014285
20485133
29039018
36785848
17095863
42944408
28200579
27291990
48219472
37261573
3750241
9809467
35356641
23786894
37602262
46936024
49976766
45150012
28730799
6503127
19985741
5844566
11739878
7244435
22723962
6452518
16635284
16301907
5057952
26576108
751432
27298667
13092858
5126625
5484914
28361735
36420414
43475047
36901737
12385173
5899460
24496430
43778569
34174598
27628965
33512084
4254255
3805576
33209553
1705116
1293113
45318181
37801682
48968999
10072498
35214131
39543242
44177779
10282414
13278000
28742952
36162870
18444845
30586828
36290247
38980953
10316846
32856269
33664884
33465845
44114428
27448286
45293496
40474981
23293050
1323390
38845734
3431041
28203790
6412399
9462759
12212676
21634655
18932469
1755017
34246895
14812747
46256031
15430771
28892668
1611134
38938593
43413106
39760893
8935885
29956871
45273151
17142146
2230980
14349266
33692988
16179660
34417141
28620066
43305741
10617331
40985275
33041029
24953343
31794044
24782556
12732006
36961276
15976232
11885502
13714509
48511231
43399889
30475609
36504730
48427119
5040763
10654045
9523392
23114001
49497334
2948903
20095755
36754235
7047911
10745457
45526144
17461517
34449834
32914022
10541596
21588149
42420781
34675014
4162081
9828399
19685648
45219619
39032085
35067312
12271384
47905320
3278575
10269485
39123774
35833132
4187201
21008016
35722641
26693808
5359713
11530777
43251085
32413879
28482678
44506498
47284021
7039805
3747806
12805900
38201233
49743524
14401852
36505926
20108783
45517653
35423537
29369193
17772745
31781404
35928210
25499530
14163121
40655601
1049836
37550524
24472407
31799897
7651734
16988245
5985572
2038633
10005106
12158408
31828475
14121349
19745062
7799246
28179223
33023350
41515453
37744969
20411663
16835880
11130234
26638031
7072854
32102140
42187173
45901127
22826478
10296806
7231660
9479721
19061124
46640209
5720707
41044418
40476286
29248937
4841918
6811641
8748457
9350299
7227822
31031369
17743304
36462392
26761690
31785006
25717833
2475901
39606089
4412653
13961888
39619082
45939524
43652484
19815303
47243013
4851174
10808727
42032411
49915
17284564
1784217
29811463
31661425
31638797
23811357
47651319
12363606
41516922
26321194
29496591
10984909
16194472
8519941
21008427
47897686
21255855
9789793
46709082
682003
14134648
34770253
24212153
47733204
9144607
958498
11737413
36628480
9447567
24759256
26122356
49505974
42564457
40579349
35762269
28520632
27944788
48883146
36083962
2700986
27619592
49085446
9178071
15128697
30027635
23306345
6122497
33933664
48838643
15830524
47351545
10860
27817367
18454166
41370194
27617893
39776509
48763186
33596974
22993052
30774937
19062565
5750836
37718944
15172574
40747192
25326586
10498605
14579221
18032683
26324025
28034922
683635
20808277
5447867
38033056
27132418
37164071
49280693
9816486
15318351
17677879
14408301
43060130
28813948
37656128
30343617
2443
32516091
34773694
45588958
32550688
18343481
48036952
4238651
3504191
4834787
11484587
10463963
37969466
14109681
40022695
23981099
43558503
27557633
6687220
21672768
14551684
10528916
32665464
2838424
19400281
29484389
8001760
2365570
40909064
19156367
20311619
17318653
45072432
16472824
48338198
35852972
10307536
43855612
49378282
45772763
3595381
42551151
9964288
20498071
20450059
44900839
12547458
33867735
48010838
13626352
15520864
9940630
20205041
33055609
31906194
10134522
23904017
4221287
33619947
22040055
22592949
33457475
6434183
38104890
44893978
27402401
27791966
16396713
8497040
11129622
15784277
34706827
9196476
48383082
20050433
43118038
16292695
21804258
23333997
30973141
45627611
17397092
49937565
30921193
31584777
20058267
4632310
22843246
827933
10105624
36923218
21573145
5172870
31685231
22333192
59408
2346456
38915843
35915065
45151795
24222660
48969899
31976650
12640897
43633788
32552042
46450543
19811708
13432229
31760258
2053914
38383786
3294857
7638484
13891298
3171752
20884948
4900115
12723670
1446230
17092912
30124478
40112778
38445181
9104857
25200160
28231232
12364421
49266336
45003243
22484409
32791595
39631512
34241296
15401534
10584512
46120989
42188717
39960328
30322869
35692489
43711479
11309745
30722737
18988050
9238175
20931357
49452351
24269078
23100198
1780651
13600360
47969095
27975632
8106261
22783595
33194307
7787760
9411044
387479
18077875
28664366
6062649
22053250
2808822
13110928
20602892
49416205
12705587
37732502
42690853
1962427
45307248
28958087
35456991
20956854
13943731
7641675
11962598
5228984
9622730
588294
2492505
41609252
28335036
24368494
4470498
7575137
28652926
25700602
18114900
19453617
45306381
38546971
24177331
22888959
25217923
46039764
38086938
23549796
1710715
42128192
25408409
5689845
39088445
25380501
9716956
14438683
29976283
25198119
9880852
16213590
20250197
37916381
46777378
23004441
15543777
26198907
28579846
36434741
38861299
36160572
27721427
14917176
45849930
30305874
12152707
43186832
35203583
26918208
13590082
30310819
24437327
18706056
7074956
38972968
26961374
41536127
41985428
49846481
39960415
40174624
6131235
38184236
26080794
7747134
13129757
48842927
17704190
8576912
19998780
2777192
14480076
823594
40887031
46538124
3938884
15799177
25067727
2896130
23322219
38626030
30838389
22807663
23189366
29673840
9660268
18614057
46784425
48200944
40830259
14769874
48102844
5284431
44967751
18731749
40876245
19467740
19705206
23915587
15458405
11519911
12941591
18968722
8812341
25788299
26110308
45018502
44332760
43518818
24005578
15045766
45051590
36721100
42104640
446042
3844988
1412144
44676117
25515716
49952199
44733808
38733473
37426333
25912880
34550318
30796387
25867640
37861840
5816664
49670403
16873476
35580271
13529938
1354450
21587794
17041888
1479126
18111405
26307763
29312152
35221851
13075983
32225518
29595338
11039471
46032868
39696713
31167261
1182135
18110068
34589213
3876812
14024100
48107090
23639936
25645870
26981818
39097953
25453174
23346719
14728277
36701540
18085602
30194680
23431827
21645590
2040049
21006020
46790528
29069369
43672576
29295367
45824303
5836738
8661124
17610224
35763411
10711840
14608465
35110692
43962318
17188405
11877601
26215629
16060570
19520280
12688050
38671968
8768853
47022513
33726036
5369306
37929386
43402355
29609629
12738088
11114789
6056362
47938233
41211170
34809705
28248716
23428237
13242241
12145058
44439121
18954733
36532607
32261041
39987557
42494862
44484842
21959783
1099092
46408823
26676775
47937286
18541259
38284271
20745606
41547104
23874072
33900449
12526671
41954668
13757447
36590521
9162941
35317051
15677952
45459763
27074625
8931093
23182684
35255111
11576194
6482539
37090575
19456802
46320725
12406750
20140066
37871528
46993680
37360054
46002049
6868407
5130024
9903181
32776297
49024359
40307522
23069078
15407518
17969877
2333392
8461834
3580437
29706419
48079505
19789607
352480
14160408
37715766
5867097
42580234
17761842
32561529
35939934
37022331
3441623
36354894
21018856
19583619
25328575
22836285
16032759
28424497
17799397
18019558
30383550
42228984
41837189
17228526
9682830
3592630
35148283
31525677
14838489
35361644
845732
19776334
21816511
46651750
34734963
11155293
18347594
30990461
665967
21624063
27710422
34810584
12905883
33508092
35705614
12293257
5433963
13800050
33921167
1966804
28396186
28191196
33719432
23898627
19398621
35244987
39158669
2649439
34392130
10154476
12136360
14280013
49735097
45101596
22779940
44253349
2233458
44503995
23069093
16847991
28813770
31788739
31646910
18358931
49904812
47573686
2634093
44565909
5633911
31019900
28024487
14700192
4617374
2346014
8742604
12822522
10958858
41773521
38007616
37517931
9474013
15236392
10114049
45501736
41106886
29896060
20499311
9949579
7397900
16092810
11530083
9555224
26959129
17057814
20017043
1919345
48840434
29173385
38526015
35707000
17159449
40996126
34339231
26987581
32081627
8152863
29472535
19468130
31793566
29783112
14802378
34704224
10744438
4953457
13422917
48575786
22129561
9533624
14699506
42512158
22040896
29246079
41381223
22203733
35082780
7109397
22638921
5595686
6125049
40980503
1154313
9126064
17256947
10133889
13057754
8516222
31491337
8147160
29838785
42551316
43435401
39128306
34405998
711791
29496645
38783858
18733955
33475371
20728855
43380890
36916811
40721681
28840449
30982359
22016229
26619141
3260690
13471796
18009117
11466230
20275131
18015149
8990299
37400916
2851195
47922240
28917210
38690999
141589
47652932
44048459
33794575
12665878
6153419
49445531
26771742
3856056
14580318
12537823
29900717
49489021
30044450
4105427
18613710
11408956
309151
21104483
30128009
31866932
18803711
7366474
30243592
4594643
41551887
22910983
16135912
43979162
13848864
24367519
34732469
49163203
48074921
33339583
43525984
14897848
44928308
28319786
15646619
11708044
22155313
42030078
6188595
47337032
10332907
26684235
48229794
6436663
17493262
41408259
28992062
34024561
18650526
49842828
22835982
17323758
16165038
22707337
47043755
30030952
33724128
32633311
37499109
16059530
24830199
32602381
47512801
15345072
33750581
40797279
23751846
24702398
5705377
49148033
5822273
16553287
46448417
49598488
29817877
42003519
155432
10096386
49854223
1745905
24570723
41600016
27115817
46385632
26954636
43047990
20057838
18392136
10997208
2197690
48977523
6591252
45017069
39757564
39651774
45420975
22356681
33496256
12170108
46897784
13008151
4852099
28618588
11134527
23286886
21298623
27368027
12059864
39048588
34203202
35829476
19358453
30885090
16875491
47763774
9030211
3458011
2351568
11256430
45614458
26731162
38868705
23950581
36789398
41518530
44603872
22728854
20460056
1331203
17903625
20680991
46323096
41872514
15375353
40375323
36708581
18090870
4777609
25888767
24139734
29087771
25566678
5728010
44639245
2203804
23271836
18137881
30756128
47332550
49232479
25069338
5408086
29414634
48145454
19882324
28623656
29782810
13977974
36386066
34269784
32556123
35534900
36153838
11644813
47305313
15505443
39992889
31267255
47529959
43138629
11346646
21988154
34497049
28942829
23114910
45208065
11070723
497365
28780945
21790095
7642864
48166216
5586090
40393773
23519899
31877465
25199619
3773931
24189025
41331634
48430404
188145
21668499
2758145
21286942
31712060
16801188
28280601
12276840
11045304
34203664
36572583
20957904
42105090
18647045
48512236
29946491
45049465
18755299
43118273
14505611
42794623
23639567
32000656
28295511
20030279
1536727
14051520
15082041
6331926
3007398
14798188
44240725
19148632
15737244
10598225
3589519
31296815
34133762
37077863
12914669
10216743
3126014
36261601
14559157
34322974
26767080
15010047
33323868
9380362
16957709
32229988
35177271
234465
23051961
17022835
7592854
29900914
32060865
48117777
16185185
5152047
2012801
33078767
43893110
26538118
10188552
47513244
17359724
46337911
2078152
32039795
24068048
4891143
29163259
42893271
39567540
14575453
17843287
15067708
34798701
11113088
20579222
14953401
44435627
45115625
3676829
12513558
28681277
6330536
763740
27482646
42939459
48998647
24837022
18227722
21451289
10394204
29884880
29497043
16945491
30053412
27108912
27567512
38285371
43641153
14412917
47631447
11375866
20871437
6344077
2121851
49602444
40759879
11012027
31748392
37239258
8206666
16815913
25895819
27795621
23821868
1202824
17030840
18203278
48993616
49626910
39918765
43047237
16531831
3403612
19780749
42466894
21159912
44342769
19891772
33224931
47609453
29685301
10783302
29503307
29793431
40659955
12408062
16949988
39795313
28993131
22057942
1762748
6227852
36262323
3389951
29465772
46481283
35693928
47478247
5188474
38314401
6363357
18055337
18281558
34497030
18757195
11939288
23330788
19925531
36789214
2745731
4979035
24794689
39535915
37066048
32734229
42066705
36502520
21436999
31296757
5865415
19374221
28767647
45212221
28041889
36907226
25877464
16382389
25483299
6171395
48454261
23863519
7220207
27918889
28571953
48735002
23076303
28847814
619536
30183080
17319604
30683337
15028092
29250707
40098530
31155802
30471579
6799986
20938684
23884930
14326386
30037899
16624532
25722289
40129057
32339434
17203834
33244140
23364707
18795855
43983953
47971080
15131891
8469728
5185353
15873789
10811794
45455171
21911189
12705043
19188419
20362112
20227162
16630435
23604110
46914922
14835695
34199219
2060589
15809179
27896631
9092508
24304627
49517960
3668287
2864304
4783534
20662036
31369146
29503416
11281817
42824772
12771462
28375718
9863905
415805
297606
35157550
37919591
33088365
11261512
34451276
22842533
16719587
31404594
26518358
32202323
44928034
32919243
21591979
38717349
45541585
19577867
20470428
9283494
45541510
33996227
482193
47347861
39233301
36102209
4662897
26259923
3523553
20091916
24556072
30075655
12318484
21257257
8401043
12443456
31396586
33239870
9001590
20124251
14919431
10790065
11530142
45931630
19264214
39103760
32946732
13300370
40259642
415462
32519847
22377348
49895238
12524475
42552532
5625621
42418000
2663735
20808455
26481434
49200068
14636563
45415990
20593181
32120554
31998453
49554497
30436989
21326313
31160641
15710494
15201191
4699627
10350938
14535333
27852028
31698788
27729504
28941466
3872412
8195840
29491895
48127479
14005471
7109338
41986815
21380395
22764437
23923721
28803275
40652489
18664739
33095074
40874814
38047131
29895996
22071301
43238234
29213515
37348154
38603746
33419840
31024706
42413222
25367123
43532156
43870486
19853895
46486409
26871842
17865537
14860023
39511715
22174267
1667742
24063186
2509814
3160796
49743557
29971795
25087250
6921894
12631931
38478954
18682245
40590306
2658804
42985194
24513716
7611370
28625576
46130052
15291166
29892300
29180452
8473622
8913456
6402848
28391499
4223412
2829711
9750531
3521854
718178
38173784
44630951
20200801
30986208
31332977
29704753
44112453
13744879
7375316
45557702
12907793
24944477
8747980
41119972
2929381
25541212
7611518
35326334
2919271
40038367
21372385
34901122
11461814
24408841
24941239
30943020
17577457
16595973
23399428
34120718
39249552
21930910
99603
39051186
33232253
41019897
16211636
4637637
14405160
40716514
40668836
18686552
34308732
5227745
44590329
6847930
39769342
27819857
2256062
2267218
28421219
14373502
11532908
32473010
26033050
11335697
30306974
48789827
40379306
49734797
45369588
38611922
27945852
46948220
33042611
38112174
37992511
47497666
36916792
21499606
10325048
15971450
9735642
8122742
22807580
17620064
5677250
7524235
5043951
47760387
21079135
18838853
16880115
3086387
1068138
34073058
11313725
26943192
22722673
20818938
9112400
24108464
24458893
45661395
1264378
17676974
4168096
10416404
31023558
16311167
15315956
15513546
37222296
13647532
9102452
19804449
2728590
13921620
47110945
3051047
48235762
26838977
30682902
7094566
35579359
9242121
2678511
44057005
37756265
39702280
14243857
16491274
48219053
43019212
42179056
47905581
19502664
25879033
42891294
17120592
5429872
24723272
30648687
23083585
36265333
12318700
29351321
27089201
6824531
14855904
16125901
43734333
10650357
39819012
34352261
8853666
6505775
28737085
13736450
21730838
20298462
28349569
8124006
11699235
17401252
27263219
34225633
19294728
7932551
44056346
20048096
23485154
827524
16130998
2062195
49588460
43952769
49988412
37597567
36302991
4267122
17079852
27897834
34050745
31002999
25138217
25392061
11605563
32242399
3748747
37046534
41638828
19686489
31021734
36306208
44945998
27098376
21193481
33877427
28427568
15928561
19965834
34588500
19355732
17782072
43790650
43478712
5660048
41850358
49111042
22144439
31991310
12831994
36405488
47327720
39660561
40908926
24969223
3323540
27314679
14863869
11922991
36703714
15693675
45796491
12868239
5606451
43326277
1720377
40737815
28314556
8631495
36485733
11748510
21446359
3254736
38173588
16833047
3194168
46192131
42468227
2276722
20239203
41300438
34815966
1223721
28581500
10082374
36766860
3744966
38894440
2204887
24742995
9844001
39702956
9780204
14675507
11704221
3613120
30777581
6845280
13696986
26549805
36666404
943720
38817788
47271569
6357300
19281857
3761661
21422912
40425725
32587484
18996035
25556699
20818358
30022948
30420595
27035708
5754151
32197329
49127006
7244136
2990010
36244539
30795700
43650075
10857527
20569429
36459260
48864079
35781853
40078483
25657238
40356554
43497915
5063610
41139282
20827480
36702597
14750310
27542402
44264650
41073343
16843386
31328127
36312131
2204060
39983920
44443429
19334445
37343024
10098730
46173805
8225980
37451887
45894078
3677134
31679604
4239846
25867860
13230501
7925466
47015910
41720989
36613522
18142915
38178326
844838
10587450
8698158
21656230
5317260
40236422
29921704
40252802
35375947
3688492
12624938
13620277
21449709
36070386
31675933
13574221
46726864
42782593
32061287
28942089
1974353
29663491
30875593
7284087
37377114
7307255
3254146
17238979
18187646
10023239
16576656
48789411
9236223
40096494
47571062
20496043
41651539
39809223
29958314
21945327
30054401
27071778
18895439
3061846
45106244
48130168
47018474
41290697
40078775
41694097
31964848
4252017
43585703
32893815
20341257
33323480
1042355
11824449
29689087
41084101
21140062
9663858
44236588
19064909
40354481
31953012
41856096
18033356
11805318
16041172
41588040
44714089
14952514
26816735
37092012
15046342
18658464
12002603
5823809
150624
14593565
16742417
13455156
43585050
17971071
21906592
28739129
22653141
15033393
7886480
13069471
3165456
30630272
4087678
43399873
41600094
36921424
3439140
13360936
10260259
20894012
35849975
33104476
7115609
42949542
32301119
23720259
29382784
22257436
23447259
16074745
3851447
26248988
38368795
35043758
34190958
7076672
49730216
5584823
39318978
26250541
34533510
47018218
37993725
44633092
45939210
40558622
3430954
35940526
31267528
11671553
37645646
39928924
39057543
24894367
23367695
36728175
20736364
45081369
14833773
31593071
30356493
3326288
28123966
11481762
19805565
790812
14873282
24469826
34350476
23342133
14355185
22733664
1601881
29851015
4716274
28861478
16576516
18561562
33551089
36687466
39372459
15898356
11395439
22680347
40908929
11761095
26992570
26870942
37980624
29521015
21377584
37542456
48876147
2933084
13467849
14168513
39026589
30689375
34644096
9597616
4895456
42138817
31124499
13973828
649271
30984652
7036963
41413698
13765185
32148284
39827211
13209207
47027678
35416529
38909078
5446053
31061370
23964203
11200446
25366630
49195989
28473825
44956452
24299101
28435808
5384399
8374765
16524179
2908247
18944693
4091694
17275558
11992651
28083403
19798009
6205041
21847928
5750545
12127779
25330578
28083631
27262760
31672093
30769809
11167708
31264590
14315597
4939549
14605369
38110975
41955540
41765284
21434927
6963909
9157875
29574102
32532997
4460156
29146314
37494262
28883912
14446076
624008
24546930
30548618
16301557
36661949
22729139
39487717
10421632
18060849
38339315
43880674
45988740
33499302
41237713
27702074
12421434
29562862
29956601
25772546
19853827
43102943
21122146
30470144
31300824
27783440
22977105
7619343
48549965
39273245
7625547
36475396
47542724
30547997
29915753
35328309
19500818
31236781
15797763
4301534
24803409
27868667
49827242
27840716
12459620
46478641
15261046
27068941
31011750
353537
49908373
47172439
6980596
12355864
12815231
14131742
42208260
34595821
30448590
31358262
2064693
24828749
39181687
7147173
28019190
6063249
31521933
5730978
42586906
41863150
18628287
26663013
27910465
33259867
6265125
11888890
13424013
43392198
20949650
47978617
27628956
46786540
38877429
16194906
15899722
44106527
44465958
5371586
34298151
6790088
6692001
47197759
48566338
17696048
12410872
43637825
13422223
36677106
32189049
46000605
27050779
15419832
11245455
9458668
12139242
11806731
37347581
42040553
14368895
35651654
37382469
35645004
19527699
36763008
11619721
29259804
46358298
20087530
45688911
49884641
38662644
887106
14470444
19870979
45860427
49471938
4533435
5008916
22854484
33524419
22154605
34006974
20490772
5637614
48967702
44509547
23225343
48285055
31680585
5365520
13492901
16296328
37590891
14263274
33349613
3212944
37989839
4585546
34908974
31806154
42440136
19838181
14558918
2801026
31719279
46949333
22290083
37270057
31192405
44368067
28492414
43124443
22650465
9295402
12878360
5994293
10189625
13606692
11085889
34811460
22696413
12233534
47052188
5090828
42967791
13764910
5546776
45675473
33508092
45538578
22923455
11025254
26344231
35253730
48756459
34368130
19074464
34663500
28363516
20609887
20825917
18747112
43298978
21400166
9658930
1570767
21930162
25289103
17555905
47817264
4280500
33688767
20684190
3370872
37500536
34694388
16295995
1569717
31175343
28454233
9979810
42174823
39592109
17154817
13416086
11522480
2808366
32231760
20673379
46282473
22524450
44180497
11827667
5986665
6353647
18794894
46185239
8504283
246704
34878599
30239201
13979152
6192062
28089510
40584847
27031936
28743209
30423238
13259470
43595348
47563683
43564925
8164777
4223585
43275580
5111765
7149754
33477525
48366765
33023927
30807489
45195282
40023680
27605975
37150713
42252989
4185405
43151667
3038265
33652027
37264969
15787796
3771963
29691412
22328803
15438897
34347114
41898154
37813116
12781618
361353
23250402
49660021
31512644
7102866
31559690
28949710
7228736
40809911
33118131
721719
10688680
33493272
41988044
37049633
29324143
26917032
29273603
38912227
8538263
13822333
49685455
17504223
14869974
7290045
28987035
26263035
35015512
44571987
19120397
48103300
8871089
42616673
11513932
24009716
18995070
34613030
28845744
35850788
48169289
22779926
42105569
4194057
43082154
36405304
6922613
41671890
258992
4925569
44400294
16899322
28304163
38119061
5783499
32651580
34964825
36214966
28992558
14778969
7491410
49584789
21729033
40836138
48590983
23412880
29873247
41147129
38193149
46676687
23006557
16918659
28262402
24194846
36688342
10331333
9765532
43098432
39559942
46755982
12125103
48016557
12441722
42081568
31767873
41338629
25573385
36778434
17174140
2145657
9356014
48089087
40238205
34707173
19594031
11537025
286082
33482522
5697022
171932
41128243
7382324
44569238
44486025
3839149
40361254
23910891
40859593
27806338
39725969
37469714
26197859
26710526
38872682
2945525
45904130
8834091
23519883
26987413
29621958
32305993
43979679
380911
41856361
38786906
44248262
19519316
16958893
2074649
33418854
29851712
11556874
10284947
36139288
43697970
21977341
4944208
27238676
49349045
20113978
13160654
24262036
26258678
7841581
48982651
43240144
22153841
8197573
46097392
21649164
29243000
17433004
6955299
41053054
20140412
40040037
27273910
36195255
21676471
21869454
35247325
41719898
14194797
21006995
3601615
38022169
13695041
27817780
17869207
38473850
29480856
41941419
45886149
29230547
35054842
870167
43309299
26303423
7535554
9346330
40794029
12360628
29073454
13581008
46597209
29782969
45230577
40552188
15332842
41212036
6652888
6323035
36277218
47424239
14880924
35764738
31204211
6209238
1356644
36018569
4605856
21183031
4238641
48516981
18023847
6081022
9002072
15406720
28987357
21651125
37583545
27698204
15281959
25513575
40087913
33443484
7393193
27340176
47776970
34925688
760727
29820694
537355
1168117
32944267
40428534
37802182
14065461
27184450
8331474
43960020
40131813
42885557
38277306
23348102
45341962
8222468
9980022
24024615
23718424
48422856
16013788
12776112
410565
27772617
28196402
38698505
31743382
11532690
11143065
42364937
14484133
24637449
29944380
12744292
42234621
47869122
38497071
25919522
654694
12433805
7172037
21138145
11941867
28210695
34382416
35422587
20943459
40979097
16532690
35065833
4213545
13707984
45997448
11149324
23644959
8491814
19651144
20054846
46166538
40837596
34365985
10964083
12561144
15346439
24034725
10738004
41770944
33704988
38054765
6072239
1438200
23554233
22953420
29806462
21731163
5575660
22280622
32556893
4421037
48273612
5654839
15784666
34289165
23236161
38601001
28398599
29679311
28177539
34520654
7719872
3433207
47134748
22378452
1673038
14508209
45824186
27267859
45031473
16864593
48353752
9088850
48429404
26502598
38831099
48486107
11617511
48176332
46541499
26747505
34209541
34271526
43166179
35054515
14408303
34701372
43516229
21335175
11297649
45659150
33738486
20672162
45769808
9293096
19935645
28811860
42219678
49118967
17294060
14276473
9944226
23002705
27357913
16404321
38773666
16458442
32337372
32751933
2274573
22103047
25686188
18982314
26812118
3507910
19778365
25104143
3996728
22071585
23897416
14114091
10504678
28495436
29750380
20601184
20324764
41091864
36994717
46816033
12026346
18858019
24463388
18732072
41602528
8374429
43909215
12278805
48472216
910119
7971510
26288503
9822378
32189085
7814103
24123955
11217391
26410195
48319427
49118821
36259170
47901563
29115154
22625646
35921482
29099287
41839833
27908558
43871608
21662577
15347370
43146898
3506643
9923775
15567114
23293661
1368329
49205307
25699958
28300835
36699574
23042583
45204786
9083321
26202799
4692606
27295737
43719011
48742502
34975014
2277011
41121246
31459957
19872038
21664892
15915774
20778361
38780339
9220842
33500691
10936063
35488223
5197418
19962687
4842463
8420480
40422045
41672754
29637964
24248362
4522111
39375840
39655760
32137233
16421240
41011760
9917442
43492591
10989028
20319206
6638847
40782856
23094599
39898179
12923223
40287717
46894552
37711248
49928297
33831258
26165326
20308215
37414022
22201820
42760442
6334102
3989528
26405013
41636359
7739164
36706782
12235942
44430495
34927931
44988521
6075122
2582836
38916964
11682331
39594171
16877366
47077952
36364408
37150862
35332221
25653934
13162031
16281601
37783860
23823226
18543975
34097998
19472191
25855353
31292457
3127828
7766150
14519181
20955334
16318127
43535356
183735
49268429
5213658
43179958
642868
26532167
35740662
12258606
47048016
34436186
25928318
11416714
42717976
22631915
5236901
44261363
721993
37184553
32220423
4342846
29982009
31663380
1302294
39421899
24498562
10775110
1949819
34059333
24984816
28940006
35376145
17952955
39662793
7834188
39938299
26426878
28754114
47194393
41087149
43799453
33795960
45061800
6556754
21661784
48494589
26902030
5694356
11632115
26637119
1721581
9923518
32608864
35530179
11958380
7852580
47348948
22238120
1030667
9242428
46492253
48882125
2797393
11817976
49211356
17225110
8063931
40209471
36408115
24854560
26036703
37866480
12103018
14521320
38609165
48068592
19655051
38275454
34086175
39693430
25105824
33017616
18024815
6472446
47470355
43970165
966006
48250584
9142394
5411595
20280429
31646675
3363514
39497989
20390971
37510178
36133237
47553924
22239593
39597217
4462387
42970307
23849099
1946775
176593
18914669
31443397
27432781
34049532
21437770
19424737
41326419
42229670
12320521
48763375
35822224
8168265
1088074
26642037
44810023
15494092
24414325
49862100
25840171
44273531
36444249
10484111
4225890
35704396
46545450
23627696
43822408
42343317
92416
12749163
37999659
46206207
39560751
17200022
44329911
6711958
18655804
6103247
39717029
9678972
35351115
7208454
3243206
19542735
30676329
33369401
4330888
18466478
14665417
39476551
38247324
48601830
26286978
33992644
15408438
23347206
7434118
2083241
12543542
40359347
41273886
23420343
33364490
20430202
43472341
17330850
38514154
30692136
33975679
40390026
37139623
49191385
3033970
31529717
14911592
6887105
33319364
39820073
45476263
32634267
13951109
8348853
33478034
34217473
24027393
22008549
3384988
8989010
15548585
48884942
27001364
8095831
36684927
6773276
37707474
40850900
15599903
30823788
20980339
30288532
36215198
17806859
2933663
14544054
3991804
17850262
32442893
12159645
12432573
9062900
16602879
4932367
40407963
40903024
14527214
25006275
1484437
32498556
19428661
33687017
49609177
14478232
5893739
9870016
35967459
33245218
10546125
25386408
40295105
42283700
48410604
7296575
21149115
24612685
581605
12240003
30913817
7173586
6156409
24058235
28649989
45508898
42470033
39403599
3244183
35071127
4795841
8030356
25461033
26342692
16070181
12497678
49477851
20526397
22847880
34441710
18692570
7574782
5341985
3993914
2473642
36177610
40533730
44877775
13930980
46292130
10088063
47183417
17540852
25197081
34165331
6275270
31103
1596152
34390278
41580329
4973669
21761123
28955736
40009304
36877567
17114419
6729940
17255068
36740635
49869264
39982895
4245406
30418744
27908538
17336161
30115358
8211192
4340133
42951070
39739033
1003822
15788439
31913515
43049808
8670441
18188142
14275866
30830452
9532622
23311711
49768442
47999390
9002344
31040114
33123788
783988
349276
33480428
29366899
17533873
32039043
24098008
23659967
29228302
38155799
49082551
9769341
247317
31141516
49199173
25890326
37617902
34776138
29757996
43016950
41153796
16295278
33833363
20990575
16404543
16787902
2904479
17981007
27385931
10860685
28262360
9374222
43847672
17604904
13009890
2374525
17328072
25439406
14054580
36914130
9772868
1634114
7333689
26995597
39636080
5229263
46618182
12170337
12531358
9468676
48822100
41751111
11813909
31152334
40108173
13234227
26887470
7968914
29286046
48238489
48896402
48295633
37780032
1797426
24592904
4283715
24261955
48180983
31958622
28460393
24566084
44625666
121436
14228706
13304948
8261549
9330530
314882
5176847
38879155
18341678
31184113
34916945
12450629
36644027
41650158
7388130
6745977
49320717
45034013
40378145
26073772
33807063
22763306
43982130
44429875
40212039
6652155
25394047
5270895
3628244
35878773
22056799
48323772
37990224
48689004
4376855
33439870
40656401
8222978
11528162
45054700
18928001
23283798
13609303
46412146
21564176
2487431
43619658
23530170
19346567
1429102
45182228
44364400
35265375
35470442
35611716
32265367
30578589
5673782
45770083
29098873
35553713
18028754
47526012
28137688
36358081
37690535
42724985
11292535
34377701
21363398
24075883
5745055
11749624
12924443
44784404
17113825
23419139
8271172
28411080
11445512
33157920
22443016
17131006
1985213
49409371
11545706
39608243
40597022
34681351
20277726
39590179
846057
23427116
39798406
11267833
2312353
4135586
26022463
35505980
37595455
5708758
47791257
38228523
29467762
8267198
42017135
32510061
48835930
17541936
10201570
2759038
16447252
12865930
7610573
47423963
22070774
5002716
48232634
38641080
49599494
40192411
26756653
43011122
207347
31599924
4931744
43761782
43601621
49069097
37163727
40410627
47359407
13462013
38356660
12788023
38999640
6155671
8143780
282563
9631549
6708273
24763667
637744
42885958
45883526
48191593
49782853
478610
2817533
26458967
7208042
39915394
2378393
19453842
16395784
39036902
17147311
38303332
48765790
8635824
20727636
45401016
2615240
1721317
8697534
47252590
37572676
46294429
21898230
14338514
38466304
43309130
11971902
28406608
41005845
15490285
26729116
8599480
27205218
13858380
22966025
36085857
3777401
40055168
22853433
5619089
25023224
18907637
28332833
46690011
7781303
27696922
33632293
18885913
11582864
42283885
20619238
22216388
12916262
45799605
28047879
21608734
2778923
45864971
26927235
5757641
47796124
46778569
24178564
35233484
32507662
7631495
1347594
45119857
15233298
47200282
10815700
4805768
29553883
42514847
38380174
11016816
12083170
8010511
711603
23047880
5068058
49334051
2289421
8374118
17649871
2775638
24493717
653336
43095970
14144170
8676018
40908172
24774826
49929412
22904221
24982239
35632520
24160551
13266831
7964870
37350755
11830486
36234010
43291391
45247346
19672493
19454958
12120416
23268006
30621
7250663
26449139
7796405
22450246
29195030
31002219
48816315
37690316
49345013
14324065
2137803
3667493
6158426
31715136
44453404
27028219
45471467
32418666
5894288
49115336
46947770
28289434
40087403
35970056
17550723
9984473
4774376
22875604
16715835
33569584
23692066
22136881
39953826
46093492
22502193
44175064
30346128
12011301
33633468
2387101
25406806
30713582
36180784
31055395
7757930
19383455
46594095
42635441
44945445
1671683
25118445
15539318
3340602
7513712
47103389
32955531
19164440
32397012
48096578
44146014
2457929
21272174
5913123
15305202
25821665
44571304
49352467
23636742
46698554
37399346
40164858
43261851
46680220
32749093
17224165
30086370
21665118
47722050
18463553
36756927
6690478
45533144
40846417
33128028
24432903
30066938
18891746
17580160
14442650
7041013
47061249
29252376
38586741
32148811
8920798
44920262
32139785
47328782
40072448
44976300
22155865
40163035
31436247
8253554
1771201
10756486
24454505
24390529
40579971
10558156
24459457
47249748
26237652
18091225
27231558
40297029
44557510
15141170
23464728
38662604
44846741
3679384
31492560
14531192
17826986
28293887
18442580
31657738
33292182
33985321
40500683
20956780
38483564
25073963
12155380
17406836
28238403
2572714
31382839
11988734
43722636
6918554
9179025
45414205
25558613
17116919
3939883
35918399
32905019
49847164
46360132
35986107
5687712
11832441
10770597
28160691
4427162
27044286
47356557
18020964
16527786
5120705
48546596
10102715
31931289
13240271
18874771
21323257
34092719
16017887
18087672
14999967
24268494
48040412
19615523
42104487
17801283
13623029
43679316
36365608
41867122
1380608
24211860
37240839
5451977
29960416
25900526
38331794
19109848
6241134
49069118
6752224
17024058
36036773
28513554
13115166
27354119
38406856
18327829
40782912
41542921
31323575
41871401
33102012
45697625
14344917
14272370
36855993
18454794
29397506
25215084
23918152
45450532
27387424
28214364
17565115
7740705
24025829
30048353
23477246
29057279
1831463
22683678
3902652
33770983
1977269
22914294
45118967
5292683
15667342
11749192
5857680
38828578
8699695
25500025
42010381
44011973
4913867
6076849
18329309
9343212
26912463
13200216
35548576
25715122
48702267
14517953
21055915
12542657
25477007
43301763
4656439
42090208
8204994
22613361
1838555
13553959
24072768
12308523
41777168
4467375
5511816
3832903
36884388
10732212
5436305
40237279
31281236
23998021
24302339
49762019
11804203
21918378
17443532
13338734
33802947
17997260
25913925
32055832
17787601
42237191
39192940
33059649
15657906
17774988
30991220
46016691
1100884
20865111
26305999
8430817
10587664
21241115
24205462
1107595
34339423
5467833
17673121
1248675
17886881
9110763
23614756
17033027
23006791
9088069
24919861
38126556
27710920
14617728
35728405
18613303
17575719
34047186
35041891
41651063
10734309
31138876
20340909
15444120
17666562
5242321
40831182
9004491
35369102
32623744
37836670
44125330
20069826
4548457
22252265
48738628
28817543
33312629
10815421
20058452
47016943
28130520
46250276
24618646
46998116
13905933
17166614
2993784
43229434
48142761
34388927
22827926
4346944
1702464
27011828
21193271
35513930
48993559
6316601
4257558
21731878
15901175
20937532
25668383
11276506
4512497
30689978
17714987
9509403
49268345
18323150
22555088
7200129
5024146
37240872
26358554
2417982
10914073
36995874
25667910
34481584
46706760
37479109
42567447
22875410
45023675
31853362
40880397
23534944
26254366
16094550
10328814
20686073
14183171
34544594
41543431
17607764
2935978
18294462
29543792
7719592
3001408
39316125
2415193
1499926
49337953
34971101
16275115
34292929
11033820
34066854
18991800
7147545
31185925
48999439
30927553
6467668
47453477
34805793
31726757
9462991
44825834
36823077
15528376
17401483
47003083
33654757
10464777
6076030
13277835
26287813
34405659
27249962
27054361
26957887
7503739
16997102
6875707
49613858
24970565
7763348
39399861
4906361
22655915
358471
39891026
2972381
49980468
29006433
136979
23300732
38468477
47636884
45117273
32072633
33384111
33594601
33474286
32837154
8452559
1672681
39479068
18094532
288961
11464535
44809046
38329286
11127767
24248744
43035563
18352053
48852187
21358508
9787019
28166993
42859522
45954436
9107144
25587314
16653083
7849946
44369250
42763678
7650015
40117925
32274191
20540109
7758145
33713093
13601616
31565903
33253998
49506513
1768029
49049881
37833929
37913870
323787
46462734
3020810
22280850
993362
14085496
47147295
43997867
9433741
40316839
35742494
26426304
47113834
4006732
5159846
3257622
28645338
18408082
24950275
2031100
19283303
13777301
19109329
9193499
48689021
21396925
39400274
23539022
7904060
14542052
41056260
8428789
17360258
19763572
37723998
36445843
38877144
46984891
21660723
20220820
35803002
37809481
4321091
46084338
38888390
33066798
29939589
42058453
23828148
14853687
31161246
9379315
40977471
84256
20969002
45497727
4355348
47195543
23096031
16380026
4218958
19814849
41368959
9390345
26273627
8749397
48686563
44815287
23872545
48866239
15643413
20245658
24064905
4445671
21053124
8207542
14077171
7012610
6986367
49175348
24463533
16492224
19651439
18240105
42701158
10364570
10286946
35429319
43534748
44339244
24155779
24423015
26684041
350514
41668766
17618737
41764449
40075420
6487798
19454887
45788930
1359001
38813759
28269218
36234574
31893825
18557858
15750391
24661579
1010891
31427907
31591569
7242050
23656672
49646218
21549648
28495801
34509897
39540843
36914654
28403209
11846361
20923762
14143603
13883812
19778186
46657600
1077314
15522432
16063938
11281309
14684577
12062032
31297080
39228684
6390878
44803307
20867223
48392927
7329974
19582961
27859993
9313698
44512914
33233087
23592943
49499742
33858326
5894112
11204603
5060617
13277636
17273813
34363284
1664213
35885260
37050314
28489768
27442372
1133400
15713658
37625873
46443384
9409218
4064627
37695671
41741639
19014175
30180503
22363233
3043686
3619265
43637825
8996763
37329525
6464043
38938836
40729870
11749957
4305854
41656142
2837117
83258
19178563
49612249
40315289
13936603
27389945
2166972
19372901
49509005
11307113
23518132
1295278
43702412
25383344
31486255
40295478
21283064
2404432
21099274
43588815
4014555
7552064
8783492
36716838
25219076
42824034
47145849
11142346
46508345
33392148
28952268
3642852
14473554
1252916
41818636
44963646
24814793
44264245
6129311
10368161
23464617
30791925
47981441
18134541
38184856
41743031
33459584
18823749
12445778
37201114
219919
18719715
22358600
36936339
31113152
11973328
2378720
42933635
44004760
49844420
15015847
14368699
31396058
46530224
26999228
2496561
3313980
26160065
16181101
23414271
28489478
18201768
38314832
7001658
29503505
26041531
18957240
38791276
211770
16704623
16614539
25016499
17991636
43907214
48891332
26247116
37404801
32527559
23613065
424551
17238749
45224396
27081284
2604119
8461809
42608324
7323966
39450473
36719164
22023258
26208036
48294915
2906290
18025662
35274238
49052689
10049970
41816236
42057542
6310212
47142953
20499016
47893219
39204065
22474332
29175061
7076736
39865266
36506799
20603352
48746305
24199886
8830699
47072484
43669939
40885987
21771819
38071223
36645673
46602520
1467583
37262868
28693942
6913285
3574299
9989069
40211111
42027357
17244744
9580387
11711971
39221217
24048000
23656442
6697001
36438335
6186879
4012228
10341680
12209092
10782797
41901863
16584724
15774445
26538779
18932020
19127668
13901456
30285368
15080931
16859014
28768209
15916042
21765869
28787832
16963550
20150322
7214896
43066547
39592011
41204178
24487408
23103423
42734359
12062253
35680640
48141871
33335179
981466
36180090
41126445
40468677
4885684
1149164
12734103
43673669
1933150
604320
6102581
14490516
3150402
44261904
37299644
5696133
2782820
18735416
8970575
13223092
49731900
48447767
7040219
54852
4617540
3649292
47895727
32925652
424725
35374546
18985395
45426544
42523038
8293831
12250108
24884938
16257616
39612188
14411978
15242096
17389520
38393687
36958641
6112912
7368090
42159873
49719756
39621632
538710
18936497
32574883
27004044
40846957
9483101
5088558
15886513
14726475
25034956
17449131
3266499
22279292
12590859
34555257
19533912
9315687
11035988
18323333
23525207
17344411
21356200
17593611
14816278
1611548
34862213
49871684
45038117
24616014
17856093
45042932
24030728
1900667
40900579
16388530
16999712
13978938
15188084
1215563
43764538
18328498
12269857
27910640
31635076
27118456
11712894
13550737
37997578
7022809
33568487
49900578
2038294
8346922
46625381
18250051
21084911
24655026
47103671
48846293
12444456
38278668
10469192
19077643
16307128
23066184
26044756
4092495
43983361
37047435
31361787
47461653
44994554
4373100
7136634
30223675
3817011
44949029
22586860
21572127
16390331
36885036
18982001
9775887
858270
10357078
37472078
30496148
31023036
6375134
39737556
17971811
48994026
31666608
13319820
9924473
28259738
20860315
22516644
43801901
26504803
48429269
11100009
8833517
33678667
36371318
23471759
34226536
47350848
5350944
30398943
2694918
35471685
19655420
44420650
41317880
38737849
41667027
8616212
13397888
44587663
45721748
36336866
28153292
16557051
11755394
24715402
20539593
35182859
35825526
21417139
182347
47567076
12257080
47595723
39733756
35096383
36457427
31460819
49056849
46870322
35002575
21401485
46842426
45899831
49093381
47802798
21604016
49329554
23827639
36352782
7038084
12822529
31251046
11624715
30970110
29619405
24211835
3853412
31177997
43474317
10696263
10690916
7635278
26981262
16553699
17558787
31687481
43297365
48870098
39978541
47076600
17015991
12806866
146558
36822353
13550618
16144810
40427166
43606952
8037940
2144787
33166111
47504024
25895616
25855519
32109676
10402572
38037074
41656582
31250748
48995078
27415961
37519099
41288647
44216540
583625
49827170
30506565
9490600
5155927
12418876
45577742
25856580
11389884
17200089
35336183
41939279
34066582
21306104
38762289
27935280
25166592
43163229
2850763
30792128
3448508
9241584
49637186
9835390
12271047
1011210
40247123
31429409
9034729
3181919
45633731
48587814
34296231
41930202
47877342
2783831
32477784
24994059
17673518
40898037
29720218
3002434
6633043
4084746
22785441
46313337
25476334
20223138
45357144
34886669
45667257
29169233
47672284
31018536
11567712
39174417
2171892
18717497
32363614
38726207
38581536
7457906
38231950
13153416
14918713
47628744
13354801
16165565
40984517
3949310
12462051
30525071
4796044
25501586
1382976
28672908
32937925
38093795
5184493
27476255
41769193
22161492
21240285
34197805
40342787
21196237
6336535
38013767
19324634
15434871
45445276
46772067
40661355
19316085
36881351
6086127
42938111
23618962
40053136
29098117
42870048
49225180
16845446
10542412
14845673
24304994
12253793
36983292
9104472
9871035
37433134
9126607
49000071
30362517
25196913
3124230
40595763
9059485
18399105
6826588
47575536
48924203
34468339
769498
15728856
36257859
21363375
39467585
9895638
7856384
49089742
11689319
10750207
26115951
40353483
9341190
31958627
46396971
19886220
17957980
45568903
34678154
28811557
22471225
47403434
25571893
33243116
11372340
47134600
36937202
31513994
41167968
23268611
32680890
25661645
28622035
44345257
48645610
33486335
42009693
9279689
49405540
18429834
1030933
45893065
10154227
3602835
29623482
47348159
44358149
42870935
4256243
32891634
41433683
46887016
41527731
10053292
21972911
39883769
23762866
45108796
43027958
15442687
12378882
31279418
11869312
24655360
48535269
30698288
32259573
13201462
40043129
7309636
18703389
21545773
9209418
23829463
14334113
15510968
31817467
4373298
24209909
45556668
39000675
23422592
22448199
35848058
580318
11047645
2680950
8399740
25925758
33539365
2311492
47004127
39151372
4918879
9531240
16176320
44514287
43039261
32137697
3889469
19963059
38240188
33900995
37953159
8967217
43173327
28511036
44502690
6517344
12073501
44006122
48236132
35309242
41455061
24321385
32239812
24922820
49083445
10846046
45941616
5876678
36496593
13558055
49600770
17832103
29804677
40114429
33423038
34745250
16979390
11554426
31895542
1538560
24845710
32856458
15649639
36494841
10098620
11405757
9870174
40548903
31761069
25952210
15254694
36047228
1161508
44040947
48486142
45240612
44917042
20776404
10342303
34709039
16450413
19968663
6058982
29020862
11992587
31140589
41926564
37225915
43113539
22006627
17744552
459167
45927161
30922169
23329636
26713894
35068242
27765125
43081655
32873998
15614914
47813858
36803685
45045618
13131172
31555574
6960808
34646850
3130278
46021753
49318715
48068645
30928112
27754899
2972029
24924206
17105994
8017865
39245403
631804
2704711
38810296
33718470
3386291
32718955
2662991
47159780
28374548
45573969
37546923
39175463
12703916
45723103
33931380
34399823
28180667
30434968
13260070
17555227
45729673
16543209
6791685
32012846
33150912
28064179
26001057
43971038
47348111
43686546
39321227
37537557
4487086
12105406
42305364
36637396
38835609
14873249
37688139
9215867
24063503
13428479
14377804
15274339
25560164
30707906
26216118
9373861
38490434
27787544
5438208
26548002
42230405
49496559
47038153
40860413
23749440
21548807
29277702
44098115
33595783
10667369
14049265
24000431
12707792
11008814
5830178
36080091
5057320
43327324
14103491
32590627
13258973
6257122
33790937
15356841
28305616
5975332
4977927
4071156
497299
46260620
43231095
28731424
22953369
4224139
39335331
45947725
2847908
8186104
43364210
49294632
39439186
16120932
32706212
44974584
13984373
32528370
16383362
5614736
7792785
27862149
26824799
21673433
13253972
17660621
12723135
5459880
46614944
46111564
622143
26921885
23780530
16703274
9733114
22933751
36085420
1923107
14408370
25100054
4263681
23883367
37652260
35662553
27921673
23669080
35597892
16811787
10549178
45336197
16905818
6836968
8683435
38040744
24374262
41805961
11285988
4121304
24919124
29105141
21334432
25415530
5973535
39489557
28236502
15539908
44430539
49979279
9989361
748456
26770289
43705228
3203872
21799319
21271471
17854280
33024742
20854289
6973772
27105345
47237936
46109452
47431331
9790246
6997539
810462
33700254
27223233
46798070
14052485
19733885
5836057
44450988
41812096
35336819
35653268
4113413
2141396
18268241
16535543
34532931
954348
268746
40342707
21961490
32397649
14733705
32633292
23590669
6382002
30936270
1490806
36289125
38450009
13171914
33121687
8780250
30489394
4079784
48143189
8791156
30713787
25497490
28998702
18372087
44354692
19128996
4084072
2331787
3809222
12776211
5149298
13765728
41883037
24108486
11497779
28247823
21987058
49684213
6314684
49424736
7011974
31952402
26426393
24856941
12183625
17663278
8889361
34807861
47961572
14117866
28609798
7983211
35488895
8542777
5589045
27926673
42170046
25714299
38747289
48602813
33385732
22504251
43018375
36236722
42984522
26071491
37981270
31747077
39247856
7742709
6258530
44589766
26008318
48768847
40023544
2407313
17033992
3916643
39956310
21962933
33271031
46092588
41743376
7577911
42494937
46713542
35590324
45933459
7785224
942405
30393576
26970618
41664939
17291617
16013204
12897941
6025298
23982926
39466210
33594963
9979437
31687660
30156927
2265738
35233366
30263229
19855066
18660953
5576403
30901112
35699563
10081891
1099130
40961536
3938151
48956840
38104642
11295367
47125543
43788487
38717863
162203
1032489
12479882
11048755
49481905
41523053
24666665
22037218
11758548
26034359
10311365
49147041
6275408
20930843
39965872
32342040
39905625
46821291
38441138
22713191
13887769
49269872
2421291
12049989
9169963
14821199
30855370
21365272
27418405
38386561
1988684
8618496
11490767
17923969
48770367
37389567
38469597
32430350
17037328
19360720
9176018
42698533
1379025
46346576
16478680
6308556
40510176
34768400
13897227
28436191
36132740
34782382
36249353
31004829
21195738
29983624
11236031
29227945
18122439
23674669
5298649
23831738
30982886
37605492
29459189
32307
2168123
5834047
8780732
24203774
44287932
27284259
38804309
3633252
39230945
31707010
38034035
26933071
7576705
20999972
900251
14733894
49781128
10409488
49162170
8573609
38430365
924263
33287215
46761236
47986237
3134789
43022765
22866171
37426182
705069
31212459
7566763
41700913
7943195
32409510
24643314
38346025
21616762
43681507
36114412
24739179
24830038
11898460
14937528
7774589
3553955
48700258
33267191
32211770
32266184
19668477
3323950
44773638
19786912
2611052
36394257
46433088
49664437
2871688
6882508
1734605
8440534
8538168
47764937
33753985
33154166
10827701
48837552
45345004
33786603
35613313
28250086
13170251
14994200
29296995
49117198
6110204
13355042
12991347
30530884
28584483
17813057
8969039
47666872
1074292
24333901
40613503
18137926
49143776
20075239
32713393
6237779
16633015
11696436
35623056
7470323
26373485
36864148
27315648
10327069
23794172
76736
33760246
16353845
36560696
710054
15078294
32454861
28922336
33966856
10278340
4143435
8734515
16804943
41032747
22038397
30876260
34549902
21539730
35383229
18948620
38677835
43803029
21464715
34435371
38781984
48625995
43287031
16601528
7826801
10761732
28181601
49379252
6553514
11952683
5317871
48243910
34310047
43596415
15822635
35557837
21059397
36632246
26536260
37158451
43469566
41026600
32308900
16788044
25220066
12118744
43963231
40383515
32631430
26099542
1724228
22905201
46406173
49602434
20510810
36540246
7535101
10902730
9622895
18284056
3195998
9724679
43994083
9658111
10517037
26930763
5501236
16458214
46582311
29203839
24104465
26282868
46385279
9185424
14388879
9341448
28229203
15209410
3474398
21160959
18130797
14178352
40547359
24358422
20418106
31553541
35184756
18481739
6045090
32022463
39087641
7965059
15248412
48406206
24007647
10690706
30592594
34878106
11802710
26180689
19259464
47617933
18920514
35142991
41499568
33915318
30977286
37264795
26000254
5697962
8776563
33787136
15208000
22723959
40131439
11427727
40470457
16910339
18424885
29500706
38627534
42575325
45943999
29050640
39302086
32576645
47823003
43803366
44023790
41830875
109157
16098007
14383179
37533738
25674601
41853315
45906428
15436440
44503945
13474866
13116147
18370383
17207074
45969169
29767419
6782369
39105767
48767958
30230836
10330642
49392528
18835202
26429891
26350785
37488849
46501891
22722521
4543547
11464334
34827388
26491262
28530599
38741057
40063340
44362125
8920245
42427770
29489850
47753854
22014607
29749007
34238210
6707759
41027742
24116341
43792942
46514084
2922548
7640067
49908156
21951948
44893000
11237719
38921540
12401638
45369922
25371249
13334862
5433493
40575061
24854236
6541050
49751472
32177502
38776600
32464720
38041112
30287493
8190793
8632305
31277937
42679639
9992329
26242430
27667090
46783601
28726509
10565874
41565705
29355823
25510818
5022438
5975641
18650941
42589742
43706418
32007261
9029058
10929370
48027705
26596828
41091040
21760799
25499184
2832311
11471893
12582222
45803681
4408216
13993626
31755838
17361304
8194554
49071899
3891163
40644608
1838022
45709540
19249705
29586914
25930296
98655
14832608
14170347
29895294
18149205
19245941
7158415
2993195
21336396
12280816
19246798
43585778
38298401
10751711
16820145
41205991
20183137
12694038
7849623
22259170
23103481
20851427
7137762
7401299
8133593
26033824
689621
7333602
34022096
14856555
22575519
34089866
48306302
22477652
14419594
31470076
20611785
37886472
29996437
14717912
35021180
44530247
3191692
31033509
28125455
29607893
36209779
24028596
43587925
8903703
45188508
23644618
3157029
44470650
28034900
4978399
21846047
7462315
42134485
21104064
25954398
33683333
49735762
47734944
23442929
2403984
36340656
10752658
15631840
6664813
23528982
40564328
25599823
47938106
31537201
7095400
23926094
46797653
26922446
45631891
4634768
8431821
9410729
617464
39014641
129894
36357862
25420394
24981049
42818790
48022222
22961633
25573559
49820834
35394025
20352450
49755602
17628856
13080890
6485607
837884
21050713
33035424
20298834
29600369
47530240
12305411
3206566
47010451
11718042
5614973
955482
21539765
9460753
9616779
47986838
36556895
47383867
11492404
28467476
46763240
10246982
24095544
1488137
26691324
6627644
18552195
9118692
3433806
45649419
74084
28976871
5433770
37452599
44777841
1812405
41751425
4014179
20716622
42558410
30875588
22469643
12393240
42533030
16520424
29131823
34826785
39581796
14213997
30442291
49090499
42335716
8197030
45606552
12456757
38058890
15273700
25298618
11043750
45923145
49783902
15576221
26077181
4593572
45096315
14752427
17332384
17494858
11820255
24875961
12810611
48283867
29674922
7335582
1830637
37763209
13543707
47202356
4598466
39877374
26866016
7481491
2274900
35454453
32459016
43552802
6468783
32244198
13527865
18574206
33607052
11267905
28420034
20042053
30841408
180813
16310381
41538462
13879000
8394701
20099926
36117899
11073226
28801398
5764410
21404896
23433574
4889969
18322637
23498801
17401137
16686480
27264277
31393843
13038077
37315146
43620854
13870142
31849889
30515815
21521715
13702221
2685654
25286885
46361948
41495780
9609321
21618854
13238803
24241321
37988636
33093995
23960504
13034719
38397997
25611597
48337249
14151939
45725802
18575406
44019041
15952659
34448827
47797938
1821878
47793824
20248882
4314024
42667150
35152149
42576482
30529910
40623961
4120205
37244549
49380344
22461904
17379582
11412936
46009005
26483848
41964368
38904817
7805938
10163053
11998466
26691388
47023020
32868326
28928532
48921283
5869607
24009980
28176631
22229265
27919213
5759044
32048206
31176385
1831977
8891287
16102154
47702223
49908139
32774980
18968260
26167956
34434066
8798262
8094523
44096423
13271521
48506867
5783668
37093244
48193306
4100028
31378676
39693323
43684320
16551160
33683171
12815566
9224747
17922543
28147209
49271889
33723131
2073356
28368833
31725937
35882
1788514
25205595
27819610
29211886
28633388
38116889
3651349
46778743
9617865
10430001
7025699
31547401
13897069
32906529
22823267
17007788
6594757
2113686
658425
45955847
13609310
14438043
32062714
9822947
16747235
11257410
45961352
46805492
35101532
49593892
26342958
13254297
39693832
24823897
41805709
39149536
9959865
7969096
13306195
9338639
961475
8204811
40153052
36593433
39511143
26191982
2584576
30889708
13969147
24788670
2340094
10553606
42146218
13338021
3390149
45281011
19934687
14357515
5037799
13517231
32108965
3640674
28759634
25957780
28094104
16296289
43496168
29306778
33263198
12367203
24342146
24866864
3835809
35263398
15955783
20047850
16482221
37198859
30520955
8668689
48669657
10664124
11667189
42906059
31172469
34701652
7550815
36360203
40840843
45279630
37834111
7710921
45682595
30210069
9184639
33318839
14664099
24045404
41053733
34151084
19329131
20117256
26907256
36314867
42751570
30653875
2277410
20422776
38724712
31776767
6978820
3912027
2459697
10606311
22929115
11244255
14516590
47639295
43871929
33675689
1141055
13306107
21432317
1142999
19287693
8472159
15356817
5572609
20519909
21379437
49206544
9197959
34849919
17515139
41697716
21220671
15330869
4673026
19722536
26020114
42574421
21579439
9307342
26430249
3785537
39733703
7140218
38166491
25132028
23964535
12257401
15299970
43474929
2446609
7909607
9868806
8709836
20472698
19152929
31212622
10189592
24080249
38228763
23807266
23476776
18918319
39514152
1438443
47244987
22997696
49867145
14805210
5479549
35280175
38586208
11281463
20528741
24482891
13006931
42001997
37076624
37885254
39797938
26978929
17748631
2208577
16227628
25881112
42718978
4499411
1472325
37605914
10103466
4129973
28644012
6216172
4514848
30905031
1335807
49824934
12473504
30065976
6746762
24870534
27154859
33365619
37656639
46652474
4727249
18839423
1655069
40027428
7727821
16166549
9830524
24825888
18714581
20600677
46608527
15103646
40251973
19961850
38332631
23678973
23054702
4514813
7731271
47743
20238028
36809601
13282761
3574542
49261820
1035268
47572054
33362801
44525601
45586425
32664486
9981381
43244543
5069927
36253191
31145241
11378487
35453281
17065267
38320841
49842427
42115079
34598830
14456653
34184993
36322642
26835064
39973216
38131239
9162812
26995578
13223872
47099487
29770580
46318324
8046036
33552842
4837961
15667161
10790944
7198125
29001408
4926114
17253039
15904466
33394393
30754902
4115086
47055091
29865345
22050706
1129967
10639061
3275937
1110427
42928376
43705350
15396376
49490241
39769650
46003795
29807630
7662618
2744165
47836352
32160973
39433695
2432281
49925362
389110
14579500
47555261
9894004
6765438
30731233
24913660
3424420
38709430
44373001
33588544
3806055
48759798
27573523
1589062
16285286
33636700
21837182
36740971
3876701
4748823
38838077
5641310
10868451
39483797
16483687
44807224
48361701
27234318
27645662
13365335
30101342
18486160
32258783
29818949
20158684
49664721
7352151
20480370
25875954
8828053
14996326
17676468
30859216
15353129
37801910
6623883
19250651
41890193
16352600
24946180
27542918
32792506
21239960
42868945
28419889
13753201
38638780
33366302
33976358
19928013
26503992
12895425
18536242
27006990
1817365
41904914
31033141
47194429
48209296
33676176
21732546
3557828
44301824
20541384
22957412
32832942
15422786
21675220
13382723
30368485
43126350
23028275
5695724
5212331
33464564
49815402
39791835
28357944
24839453
8873060
22398057
37813695
13348488
16861014
130458
30899431
37686629
23209740
31173572
49989817
25054876
33807942
26907165
35115867
21864811
18457723
13825716
9003058
31839971
17570037
20655888
39942882
48050633
16774020
35263826
21928246
13100325
33510765
21157647
45983481
43724517
47697002
26447172
415362
22587382
12809790
20133071
18859523
17125775
6515653
49582738
18094134
32476910
30514766
20203219
35900176
42116944
4452346
6373970
43901673
25418291
45483285
22909717
26534652
4117570
28121706
25996793
18530833
26887516
6359516
38741248
7597998
18033324
25213787
7030581
33005305
11011465
19833820
26366376
1981428
19614404
13291985
18466530
8603330
11484570
13869063
33051221
397602
23617192
3281188
19227949
5010179
47479070
49943169
25615656
27632921
41106858
18362883
29083345
21250916
28117359
32707492
24124465
23569951
26705407
12984110
41486681
37880507
34700851
3216254
6220840
17787088
28736780
14881869
39969347
15884433
10440306
26653400
9931937
3145474
16445858
21284951
49018660
3012854
40347221
49422079
37226951
35051737
42599856
38024848
38537716
48546159
44422431
46679154
37232758
31265785
7415151
18514509
1709569
46292852
20248236
15530102
20499431
5011666
24622646
1449581
36646114
6146449
27118003
11000803
18638763
694708
43183514
7635339
17750476
15012882
7932986
13644611
28509043
12126257
20401986
9513922
32382190
32447198
5957075
43547236
19614780
5763779
29831529
10558193
2867167
42108121
22115673
5908051
31329316
46404296
32523964
47892239
1082841
24892054
35733424
49255074
9161068
2337253
32272962
45874866
6527055
45592005
9913261
8680159
25501385
19634995
48572691
5781997
21890172
28275598
23478062
341727
34199337
42315013
35498289
19682800
10977004
47177204
36034911
24602068
3355711
6764335
27954777
46566868
39874412
7247188
33335470
10412901
34691144
47042690
16094371
16490522
33268530
1014110
22387581
45930028
31163708
42275055
24001303
19203721
11173178
6774187
28976450
30184035
11170343
33578938
10519455
31886377
41596778
4168667
38704515
29825434
878131
40296055
38211475
34835743
3435541
36943317
6352506
3620049
26574226
2344444
20948100
12859068
2910183
2859375
36987853
2579373
20612847
40130310
24534280
44999989
30902373
29460899
36771093
36941121
26905754
36730461
46983968
22624447
13590349
23650008
7418892
9965804
11940664
12361572
10982670
36372749
46816374
4253835
116025
44322272
32813934
10803294
36194941
2733861
47146243
29756053
12725995
22262035
30244618
4782652
1994170
35962824
5628746
39454189
32106606
15550999
2065079
13474753
29962707
27836347
40649757
2597098
34094779
35305017
11249839
45016753
5312633
45369597
6027310
40705656
1878023
43891843
21714238
44954793
9042208
17266127
12162245
20114509
18502072
15830075
47359177
48454181
19842157
24789148
41490330
10262389
39290956
1924950
38039161
45671110
29589030
36784587
12929822
32651558
2701607
24926042
9595580
49724771
15088138
41464506
25786251
46434205
11875553
6282512
30513711
37132163
45635441
5828931
18645841
12658438
9667908
4993433
22878320
29019624
13227500
39808689
11190382
30997507
45452546
32030009
31356449
3856275
15151707
46894502
185665
35076498
47599627
409586
40680406
42505490
34530854
24542594
25438543
36194544
22809438
20285838
26150361
28814310
25285901
32532775
48347523
644052
631639
29292558
31723185
45367023
3809217
34971703
16528651
42238954
46979379
16228659
12037983
208784
26257945
15763467
23387563
15550045
2527367
30525024
708563
35768742
27237168
36081930
37554354
26821835
10206514
1166440
19955154
15324110
34532591
39425231
11119819
23477475
43944129
4222549
38338996
38340534
23931242
42351093
40396163
18789325
5777551
22056497
44174447
13923948
7197518
47573115
29952187
27647813
9811386
2343582
39677079
7020368
10595261
11680571
39303084
5716270
43568020
32711498
22583140
40552289
17578027
4289236
3386762
23209000
48369211
20801419
40627441
45284754
24338695
11924121
25876838
23906274
11023033
39200175
38313999
34020371
778055
47760874
19704817
2490825
1687740
19288587
4815715
28536456
32766845
28303853
7405200
6690231
10254293
49354022
21094289
32864024
4245242
45777478
34388106
22718632
36915696
18296167
33203856
29396966
38238911
4615142
48659732
7937331
10587775
17598193
15125517
18610420
12154632
22357193
18356797
46785965
37709734
32584254
23977831
30709517
36313407
26936826
13683408
14926629
37092130
24263876
13841581
40202541
21232123
44567556
32855396
40579032
18185612
46809736
38674000
26805187
5293112
8670885
32662207
5710633
1453780
655999
49653801
39509969
46863354
10125081
47004664
22654143
39866801
16609436
8257016
21075333
4688956
4007898
441374
33543437
44801752
43660378
25395253
9311491
12697819
9550910
41424686
7558794
11937206
31178661
29604775
45100482
31767807
12104552
1045185
10991728
43526804
28069455
23735599
45642602
31412218
45872634
41446477
25979337
2654225
27916635
41471877
36187861
16927314
23742048
19214624
33572915
49560528
42939535
49280511
36679651
9051690
21157225
47802222
7253999
15216506
39223228
1129823
2113112
9235526
34692637
36767793
45217423
25622529
43309959
38709233
32976826
38425985
38506402
2975467
27350405
45469058
9843155
20507047
15456893
29721643
33951720
37624912
6704130
912801
28407287
33706190
3576736
10542759
18804399
3780078
25910666
25164984
38467168
30230949
21355990
37118664
18020243
40291802
25791355
49473168
43900771
42862668
27276693
15593620
8338603
26528657
23243761
3139347
26451478
14231786
37539410
9213313
5306300
1926476
21281074
48524377
49449779
4015018
22216179
21813073
2559088
35426849
47845151
48067752
34782088
1815157
37085913
13199921
48588190
39750374
35051458
43472657
13016947
38307801
3886304
42647015
34410904
14268488
5551260
766869
5621974
12256198
40035420
28850892
26039527
38344238
45009066
34406736
12698766
43453497
37631194
13113032
44438674
2766435
37666414
17796297
18163882
5809578
9456544
30818651
811407
17937696
36535046
21414874
4727130
44927199
29561086
26781392
32392727
23480762
7385589
47477196
11914513
12951997
3407747
3542683
32244363
33105717
41765809
12216726
8473377
41186209
34508403
10894684
4155150
43707925
35304429
8987920
42139919
24801811
17273663
1235914
22894458
17097878
10985935
12763883
36974770
28356358
1608541
1506783
15543046
12282073
16760742
39364566
14526481
15949114
37807499
30446284
6613841
11874239
41863599
3285377
47907683
16962497
15378985
35770768
41841589
42292297
12234657
40943041
12512582
20246275
26114007
21363064
41027134
17265298
14186318
20825293
37103305
26876492
30831759
45951488
18211296
1676569
27635248
19802642
36839458
7081876
17393069
22944998
40496069
39855563
1959959
13995712
15300352
39644593
45477618
27196333
48048114
14502378
27249947
19306374
46734064
26602343
17973402
1195074
29419717
6204012
48127601
41636161
49762764
20391363
22116165
17369289
42658094
44409883
1292288
34294569
37657699
18166708
39956676
10548175
27325121
24869788
26688887
12061194
38886974
31673846
5645734
21450988
28248855
24474146
26987605
28677776
43423849
41911295
41488781
15357693
20648405
33071091
6837635
12343540
31292397
30713801
29627663
48608896
14604270
39148703
42271677
873667
13115737
33224753
41914785
11759291
4927658
49283618
45653963
42895408
1754918
48831137
27740255
24651160
6290316
3359779
25662478
5870670
22833493
13311106
15503432
44585967
14133285
24099963
940818
32434796
292362
16815234
5630932
31893765
18309480
49858578
48455545
11516585
38832010
12577751
46626503
26797036
9160264
6361559
24751118
14257074
424953
17470117
10681913
31652878
20769710
12712895
44153482
35111790
22836221
35558295
31185514
45865216
32911999
4508166
984737
8159354
27559355
1662762
21666927
26178453
27950086
20134699
15317004
33044448
27902756
21199527
27709885
18109089
24108538
40754680
19372365
23107129
29368340
49575273
24223098
33925421
21914347
38509169
47173205
31486533
42398613
30904674
21609564
17604561
28064304
44118188
6146464
12500327
21596093
15479641
2919623
32090664
42019044
5760700
20090068
32966249
37523452
49900329
886664
46968218
44975120
8839933
32353880
38270244
34752859
35111095
25614691
38911666
25317720
39457804
32763551
47475499
44943250
40561391
16649238
40654432
34022670
39157127
14430868
14277095
20661495
45805907
11560107
9883858
19886085
31224217
48720892
20880391
5004073
18663270
20922926
6441184
23503082
47642786
9559437
35023763
11146133
20007275
7287416
21527294
12728745
26103290
11116302
16015801
9879193
3942619
39427958
15911419
17428080
5904205
43993742
13673453
1839764
19015083
32274895
46835525
35020053
13127164
45903912
2190568
4032908
24903641
22537214
20526181
17602642
16001787
44413168
8282090
47567506
9155452
21313236
195125
8122307
43060894
1380412
6851941
14050946
14046923
22929028
9414936
17006114
38426258
20637466
11584544
14986946
39687497
36501113
12992317
27444291
24261962
1610298
38548627
15052330
7603447
47831381
46231470
37916763
22783830
22777341
12093111
21938133
14442907
16847058
40984535
40318095
13981378
41825565
15494156
11730060
49307918
46820850
29448741
7785053
3850762
31324708
45664035
23181418
7925826
34836808
18185691
37202202
16564602
30297482
40899113
49521490
36065805
6109070
37433485
45591482
2781556
24053078
19283186
8054974
48827595
15169026
8590705
14390929
41828502
4288671
10569542
23716102
35416359
22490752
19041411
49010538
28059169
18873406
5312875
36396988
38781964
32151350
27042498
24380298
20777082
41965347
5276735
25376655
42786351
7835777
19866138
7149747
49145465
33444693
26393008
16546214
46244514
48010487
12275569
17516863
13054925
16648198
26970722
21289380
19148785
37395793
49246584
14811131
30808140
19699414
45519900
3597373
17901707
37324754
45307703
20080871
29295551
13988843
46937493
14960803
44989067
39498895
15617021
4614301
30491308
8470129
24714623
8338293
16108649
7448158
47222704
6947477
30279693
31401421
8389798
9348309
5198448
14709342
20797737
20808681
47950357
25800522
27579972
17337080
11348751
38641275
21156531
42175455
22731311
1672051
28984854
35349282
25780975
27933313
4553672
23549511
14800200
44514841
17427986
22981647
30791600
43733286
9331654
49026157
32486416
34855634
45674684
33327495
29712350
2029960
8890945
18046591
34394902
7506013
42969936
34053515
45937266
571135
33142427
815909
21586355
27040089
40011313
11713093
25876942
35548170
42545250
36019855
16863832
38301364
14266269
19579101
39080183
15052701
8565645
4438607
22804377
6593019
37797234
42800423
26389314
23692006
43775478
9771588
30212303
42726183
25231069
12590404
49013294
28416156
1437858
37591283
30422211
21107269
26799047
38840781
25815006
19044205
22538695
13846497
22966396
35636531
46365975
46913957
27454759
22632589
7629663
5958907
28001774
15297406
48801194
4388992
10899764
31076873
12795440
43700954
47525939
35903333
498093
10465960
38754975
49624976
4953288
27682014
8761627
15130613
21886223
12420553
32478077
36135154
18992359
10482848
23202526
630136
16891286
45765570
1043486
46801005
39388614
9171194
6003612
13786419
33929382
45461816
7933022
41998344
4888741
39580503
34245610
36752790
33681354
26005798
5439024
42605592
14484289
17959931
66215
24311234
6493676
32372819
12397814
46072692
42544042
48144392
6772204
3445219
13229427
45350940
4291625
15229923
49693146
44860148
35218669
24395814
9843987
39175273
27828775
48047773
22932973
40125929
45125326
29821953
36750241
37654548
7809625
6499107
34677367
26503662
26041936
23323540
33062262
21235933
6247898
38314335
45993736
36017568
4400772
17677267
24793499
2640108
16320759
14790079
31276049
42375114
22818562
18695318
33024409
21649458
8547997
29921480
38520820
41134313
12250307
8795103
38977893
34633848
9883378
40763305
26004068
42453920
33953445
44713072
36779252
45112875
15372080
10955119
6930008
31908370
47942980
27107610
44719572
17330198
38535686
18671315
2623222
39684193
34278788
44796088
17764939
46921823
42374468
49225595
7853408
10088615
20056096
37815863
19920391
10975789
10015728
32628270
15177586
37271549
16113844
27802034
36047028
38845866
22785076
17400577
708585
9360905
25057911
33053533
26456330
15195465
31071514
14027196
24440930
28780021
16253367
47809331
49199321
22809043
47044431
12427218
26921981
46769538
47840794
12115652
34775050
25238643
33970900
38587416
30179472
4883824
25530336
6179020
17243003
27535390
30964860
47533289
32064794
39299592
15143225
8206022
19129921
11895519
8242914
6574652
17850799
19535421
21261441
42160581
25718757
49891054
43900494
33728042
8207426
35249392
41877734
23890499
43248161
44672452
38237343
45848782
44802825
33535696
12529649
14564715
19809166
7360620
8142894
20752078
24374237
45429523
1046859
26106188
17866335
1193062
46065230
39393133
20864947
26608336
34602308
34426941
15620103
10925816
25007509
39589440
38145791
22988072
5404166
14098763
26171988
29121495
12488699
29879377
14095041
1940775
4281083
13004564
8565546
25132410
39960327
7336165
22347428
42701531
49170883
25327105
35359708
31755223
35481629
25786316
43202277
43109048
28569126
15754754
11024597
27822150
32195493
20261290
33743751
22545625
47367473
19103635
27303141
13857800
29395311
32215045
2752477
44738528
21619163
9131070
1082533
10091619
9323573
37225274
25083250
15162028
16865930
20343425
8881128
35699339
48581743
19259989
17927910
36260086
45493076
10091582
6071544
19308163
23207518
23645503
27163226
48249785
37153723
47243823
29035405
36180081
48435836
36868267
34856459
27367212
15352137
2657857
25245723
3403820
6170365
36254878
9860618
17350807
15382675
33422999
32148460
29536945
39048375
23774173
39114096
9871232
29215036
16168474
26585116
15942231
7871659
10771582
21056436
11686572
25545067
34859605
14700326
46071621
26771786
32088880
45068811
19924085
17375302
42730529
11338266
47690943
3692609
831247
15043308
4000984
14704520
30178605
29307300
40022079
42644866
47943481
24915138
40445736
671443
26312536
30793369
22711531
25924206
6042600
11997941
2105189
28754010
41454607
1333286
1942750
18145313
32542524
18183610
207819
33134820
225817
19057920
8163802
34166443
34867879
32023760
16914524
11290857
13403089
16351163
10346316
27484619
10165192
8605062
15968069
16821277
12657063
3812787
37768819
466942
32321718
20962602
49368688
48777007
47228334
21489209
37180363
23240474
5517762
32844138
9248470
12482194
8301177
19803396
17810569
27384683
31215353
24964212
14801617
32080194
4145950
35902916
41831645
4394756
42849075
8562751
32009943
42410392
10928370
21216364
40207307
12077985
13469488
666677
37339110
49651167
43111255
21126369
6397460
23937178
14209552
3080400
8694603
18990610
1440722
43884661
1236595
24853216
33584841
47419739
5888861
31364890
10130480
43069343
35957641
34706088
3496867
45849642
15446031
20393079
2638406
22079300
10022954
21375671
16763444
21902206
8517447
29428246
31434961
1372105
44432300
38708335
47338839
33689423
16877984
45295438
1845205
21168347
1936187
23701945
26375549
37675180
1585291
10016511
2653609
6542560
3965635
41774750
20002471
24470868
11726137
2988015
41288874
29647614
5491392
45771117
39428201
3663713
27347219
39620340
19695868
9270036
11488984
15841825
44064022
35406351
45439874
37506535
29706649
32222390
4468265
8333486
41623130
2465338
31540228
30141149
31107912
3821902
37386636
28498867
37396766
49413462
13007043
19635052
35651979
8897967
29410130
42825966
12669282
4153401
41401428
37655553
23521630
37257180
36611616
28050776
39020097
34997961
47662210
34230255
48127876
47090827
42067764
40103410
3287279
730815
36586933
38917672
391071
24819403
165744
40129367
43530088
19251809
11494166
8220561
36828667
32601250
35776356
30225735
42662298
28258553
30133619
43909107
27743591
10814379
8854146
10318394
7275366
48706280
32715696
19595342
27871163
42070515
35346583
19080683
8685185
46840755
36573745
43229038
1935647
2403682
8690509
33098389
44404995
17068401
32167595
598265
49114478
6286187
32872646
19702720
29328145
41673715
36880202
5118343
40063129
48127786
35388645
7761380
31780290
38611008
23519843
31841057
23282523
380099
39764628
2153530
9911022
21467191
29402759
5812362
29494739
9440381
10815140
39689525
32526492
49805262
20258988
46119339
25680136
23456609
30148714
867968
44827630
12585873
23942660
24253053
35005341
15837218
35764861
25926992
31384833
21571494
16154459
1528222
9169844
27295725
37250469
11277892
17274813
31908958
49419643
14197912
47461579
17121883
22928900
28968298
15644745
11466332
48522533
21839219
16094610
42304414
6489916
9137539
39157509
23495203
42937996
26711331
42900385
46183446
24766189
5893963
5860318
34812596
42491367
31296784
30438312
15884676
21221839
30359757
13833048
1260162
36811088
20530654
48421064
35920576
3301267
37484934
45087443
30181452
39000398
27631798
9432605
43300638
21668747
7984984
26686649
6862588
42692751
35645551
10309382
33669385
18862025
25208941
15515043
22384063
25214704
46247638
21796773
36337131
38498575
22057081
41123773
22541862
36133209
37490965
41659599
537838
37455364
6316042
1094009
11145054
7917730
5944972
48604803
6532295
45153096
24768415
42101775
39935461
35288074
4823579
17301126
48413535
39544489
25963851
40866285
29644855
42367527
31917405
46814368
33005752
40711952
29456044
17625810
19923885
35493909
17138404
8824506
11877915
46251340
20318287
19438599
27081931
14852358
33029174
13389193
8557379
31298702
2090704
7426885
31667577
35554102
41781124
36607466
13664761
48492894
19746841
16504351
22048140
29182527
31157330
48552857
33935037
5137338
25789887
48587546
38521675
19772682
40799946
12830959
11313734
30904730
38519778
30702010
23177935
45160353
46803677
21876072
45091699
4238727
7172123
4228977
18711750
6146330
7114278
4553806
17821628
47613355
1648198
17521253
38187265
2165453
49827588
39605760
45858198
3300379
46400022
36709131
24239903
5519882
14748411
38843114
8072482
2590153
46295189
18846599
10617519
12687588
8074836
34228557
29048583
37593020
48569975
21121851
20586100
31659641
25796253
16439191
47161873
5767213
49961273
11733781
17145491
24697393
15433803
12364516
48468499
49776408
34333926
24559873
33475695
40389394
45161439
29237555
15182945
49676011
43215160
19327745
22779392
36569663
48016162
44084756
4375799
32202296
23106262
6923327
25174293
46953967
34646266
13255283
9390640
32410286
12838969
1510333
919999
30621901
26101151
23445756
18695477
24041395
40037467
42336255
39092254
27435557
36958503
22896373
42240730
49747253
33690116
1459894
26127763
22614552
20100894
47704767
48177664
21319039
43795936
13007397
23694919
35234325
15619456
47061696
30342446
22458414
3701910
9184880
16867834
40831754
2604749
12660750
18265268
36836515
15783798
27111354
21923562
14893139
5417813
1659696
29931740
16516048
26132982
49382580
37038896
9254802
35491960
25844889
36675876
44065787
39196698
29139687
33110993
35841707
20819992
43032266
44318369
40468192
36894776
38474925
10469144
44918090
19960782
24513913
35546147
18008411
5842291
32355144
31052481
29043635
12209139
38756484
4296652
41450942
39930305
38797799
21302745
488069
14140789
26887004
14612074
28025219
27574623
365260
7332553
42473432
42429666
195930
47601040
33790477
35917638
7367555
6631781
25839876
37550123
20573399
13937176
16408876
41189038
43720473
29266526
28462097
41926089
12085792
23897307
40017672
14427195
46514904
10643389
9832190
1110512
17565468
46126618
10664873
31990980
31962978
26390451
46061990
35649476
3439901
42639812
14593144
49367488
6360637
35639155
25978189
24029409
13139678
39646785
8550300
14010940
30799536
18283661
41180025
48577843
44295656
612160
23294545
49851473
41752819
2221395
24874264
5497526
4163966
35658324
29008528
20489411
44793247
47947563
11182214
42125573
41873604
14483371
45040782
10398322
47252664
34430638
27307398
14678792
36189129
3432575
45715599
24959469
3497132
6717999
23797866
30703793
23382227
41494157
43512686
33740630
45213989
20904788
21106066
24189157
15942281
2469856
4483990
33464368
28336356
43331950
30399711
45815078
24151297
11298315
36242503
26735982
22658203
29972367
33988924
35203603
40439989
14427540
19650596
35465742
22489083
29401735
37497931
36102112
1476979
29424551
49600498
11107260
28135334
39831440
23239763
23704630
32911640
12919849
41275879
31933601
14981947
48007122
36087397
23706714
43262345
41318115
4070652
21748585
9431761
47658484
32651263
26518501
15702415
867105
30609473
28463265
18707026
30446857
18125
40923495
14840981
8059290
6053441
34707944
42769874
32770402
43591015
13982385
3261443
39657981
30887425
4971411
27890836
32003226
16730923
36658281
43911259
9532657
33715145
39510129
9188825
35785611
30195338
36205716
2098675
9640913
19076513
8823781
36580315
10193866
43505711
12106816
26216778
17890656
38869757
13660203
11304612
7607596
27957597
7453619
8891488
2670971
28955840
34677953
25209157
30815988
37318347
29639558
12552600
6326863
37198205
33047771
43458760
45505031
19584336
21402034
9535657
31464852
32259717
20945732
15149139
23058168
33230504
42897209
395914
42066949
1396770
24728874
29401158
9335428
20269711
2903958
17093184
9369515
21720271
21044546
21665537
39232171
9621126
48662800
16027393
48975393
21010041
13957222
14566369
12127978
7201556
39319591
48669385
25174907
1073085
23830791
36612244
1645802
40497388
30312443
22671274
40502030
30005560
25488854
3032265
44593012
587912
43006274
1080783
42974100
47511108
47773697
32525802
30366451
31141173
16179608
17912739
24182910
8026626
7478817
47883165
11768287
21520161
44235338
24899686
4095772
24458127
11487575
43668804
5255591
19055454
16829501
26476917
27886141
28135962
1910134
42559687
49341408
21004657
26947112
29548347
36868026
39084764
26821353
37734282
18987109
27991585
45655332
22265046
31488271
23779760
22545739
36919185
29266035
36881512
10935104
22431287
40899386
28404138
12091534
27188207
35998788
35103651
38062834
34484293
32515804
11853660
48638448
23946140
44250260
30107023
39201545
9253139
9883278
4506495
49251528
36593605
35093928
34029580
31302752
38164530
47787243
32409019
14714872
35219543
38606566
10022871
682254
23249163
30444553
43533217
24023729
34147676
10856563
38215328
20522721
1813134
42221724
5072578
38754673
282578
4423082
18248068
48595765
8877629
9939357
27451795
32157034
49715132
10295599
33595631
28136954
43281934
49006566
16969
41323781
9181964
6868499
32619154
19154553
47202770
373527
229384
6360373
24316015
28913343
28043205
13075261
44704721
10053416
21562981
38583493
42351170
11090534
25312918
32006172
35476985
15659139
37506150
10350634
2170129
5817450
30887188
40791992
49553764
14776433
12753594
2338428
14500138
27681092
16353497
49047966
24574700
25529945
63867
26704529
16602969
8734694
5209252
35570461
37712444
41585291
48490442
17907818
39158230
9859083
28552149
42528462
6711933
44781761
2094261
36571239
10817890
32784241
38142917
28615698
9913964
11458123
13114090
44868640
9845602
30780978
2522648
33947394
22717839
9767199
33902224
46242655
30392841
17115956
3496856
17415269
6236043
49356413
19627957
10836658
14228755
18380418
42077693
30803273
34393857
46349713
1783916
48052508
13756061
3945511
21918057
47870487
6107220
13239377
9256028
46267601
31437523
11573503
33909958
24661184
44117064
41339074
6670122
49395718
24551866
48206596
7913137
46446725
41599018
48891825
49301134
45894214
12761050
33697586
22704982
32290145
42236729
24146244
21723645
47189857
47111581
11710186
32269455
6095261
1232036
43206685
12676873
29653665
24767814
16701575
18452225
42194118
5627074
20103816
15254686
19732778
43649819
28864099
13888082
26507282
45482160
34148991
49665843
1056123
30715615
21555508
18766415
15441018
1145398
5505194
15040808
19932520
46642237
17171958
17381152
44738540
22095579
37965621
40975728
68903
25307429
8076593
21109955
4941261
9866239
20916301
37920809
31899757
19569258
47358405
6791039
42479738
12521321
29038479
14854420
40843678
27373996
49582750
40067989
1138226
12730439
31215306
2957809
22854279
11282325
15276877
32958890
44815095
43243719
42661583
39004035
23959399
23817944
15209865
17122019
417716
7814184
15100013
35366113
19847645
40284046
25858244
5501559
26459736
5542881
29796682
14437387
34825056
31277798
1101204
29685379
18710775
13899788
22499921
19191034
46766873
33953375
34281721
33600001
30101511
9446799
13226642
16189616
33455896
33752781
1116985
15243441
20546553
22991479
5087475
33092138
11135488
17491095
15130124
35698305
22866569
49629029
43682795
47232180
30767673
18071506
10165747
32435942
32961790
43839871
14244814
16787069
3821160
47292855
36075329
45051933
35450517
13626875
33191773
11826736
23581781
13541828
9105060
22920603
10103451
13452732
31431322
363911
42813251
24994985
8466557
9497841
13545
2894939
22521736
12178352
11946736
33155862
20404276
6623494
28132918
21479662
49859267
30638525
2964609
22447249
42103975
15933910
33565327
21159319
31069545
15212831
22709587
8690862
45216194
33337494
3639533
28840351
40975893
30149585
2101925
45674941
25008154
40306877
24490339
1923
36360859
38427311
35407636
26469951
41585705
8035826
10361436
14340001
35940229
15905291
18895599
8964778
28829749
13451076
13233513
8787239
3364628
26169943
15329581
49164819
15617886
15319960
39029072
21796116
36045966
32404757
23265550
21575511
4261610
46931564
43585514
23573334
43023392
27565365
40775770
36287722
36586282
18570004
38219915
38437995
4414914
28852861
43049261
31830401
12490687
6412253
16699042
9987243
31979030
36820689
8281057
46522954
34196724
3718177
26520404
13454816
19005959
27589206
46656569
11390743
36634476
6410034
27479500
34783067
20379470
3263961
8470932
36910881
2985497
29953130
17384182
11309132
1702282
30012989
30750152
27242686
4230476
47504904
35162985
42740441
25689784
26198329
18160408
20391142
47487445
20850636
17239998
32885073
39888828
21399276
4458219
31293336
40744834
12634010
40919409
25578030
18700058
20077328
45064750
5842960
17807804
23588483
3265209
16055747
33546744
8744918
28486721
31276121
7682167
2803349
3129920
21766511
46654319
39169364
41293970
18940184
22490836
25227946
14020856
20728149
12031955
24154599
29277486
16478945
21754854
36912582
22782829
12287301
1247102
28300812
2120918
23457484
43386780
33249667
31298968
8213709
45623042
21989235
49330678
42435953
41591053
19817204
41772322
23139924
28133763
9344972
46451464
46894638
27997659
13977099
31885119
9038377
3755757
48428566
39479144
36354959
22088049
9381682
5317741
45024438
22333908
45814051
9152939
38896193
31442486
7332508
34040574
18524540
43355240
38568083
40066233
35594100
13664253
33855846
21813117
30762930
23366558
12608084
3061416
26359618
8519209
8589762
21766265
33518295
10281140
20640866
23348932
21239765
44080029
24803188
36320921
48489831
15218684
34676767
49637006
45710650
28698258
41845485
44131663
8418806
34261025
36822860
10449017
40493187
23541974
20137597
33744741
48174791
25408955
48921339
19290503
46119265
4244266
28075467
13546860
36660974
19099528
2799655
43797381
40956485
24714424
29730308
10987511
24988269
21506742
28046698
16744708
48815994
30077131
47928681
8673676
22821279
213238
18241259
36131913
5335741
47425289
15078182
32430862
31376609
38657808
24083336
26115343
37996082
44952671
34725862
45509054
21693625
39317027
23526276
42195256
19028885
11089823
4769125
9522969
36173888
32805039
44214949
47934793
26689450
36139806
40336271
21661695
20264307
11738410
8018575
676859
23771208
1874015
20766388
36025972
5041474
40905845
7772141
39422073
10123607
42202113
5529263
16736823
22607121
12683690
2696963
44932331
21828802
49623577
31227286
20952460
2927362
15215880
26855579
45484221
30735130
35563792
39452705
48751433
29814768
3510520
39604898
38533391
20007545
45905640
37221749
49186397
8477858
7927000
35941612
29367910
378662
27133093
38210796
22783300
41759489
6452286
133965
26386470
3483977
15796586
24219024
17173249
49261824
34341520
24321739
40949928
4026025
6665651
363034
1912826
2016142
37370480
15930508
20011694
24645794
43758972
39593251
28842919
16296441
38729066
9411573
26580597
21466577
24715559
1883226
30494587
31574208
30401802
16144617
39920683
31172782
12898625
1800475
23069247
42046464
18912018
48488865
29546514
19470261
11320633
26840254
37582805
23237623
21515142
9430231
31007665
6677415
48863378
47942384
24078149
43335986
13512353
20500997
7132263
30052776
4221141
36787421
32496613
8873711
1121947
31854195
32955696
37929656
12075720
16526928
2602839
44292943
11315066
17206623
32171176
49289780
31384805
24269118
5023950
35301324
5074287
22092346
49154617
14348201
3616900
20504122
46883900
23447024
35958078
24857007
18525465
19775194
697192
29066213
8435912
42386967
20450892
34205305
18703633
6505525
49003794
35116945
44497321
13510034
45679682
26418927
700456
6576751
32492987
24461459
33539679
27728630
39718529
41609143
25322959
24408141
25588552
15393231
29299170
27658274
27302948
31454155
11638152
7440011
40365701
45798965
10250587
12090880
31087476
41216658
2227704
23462303
35174414
31935843
14754965
43966482
23176463
17947559
11622765
14870736
29861038
32796655
49955481
3966784
2001604
29955192
6229396
43864898
44537560
23125384
49872727
5366934
48587685
4904831
27512863
33764810
25400926
36284121
37600629
34111256
2209478
1613222
6354626
22237850
409602
37644265
19689111
12929892
10448662
27222703
11175408
26619575
17559973
18445241
28939135
47568882
4345907
46456534
19544072
44105402
8788386
42288429
2915479
25168562
4386060
48248996
27930075
6909525
8684396
27528514
8037951
15577440
33002762
10726518
28660297
46472615
20447834
38589613
15865511
46868852
17420988
40126856
48902281
43457168
33232931
20580645
23914048
4855961
5932579
38254840
5093612
16250531
9102684
18479246
26906014
12836269
40826644
40366173
25765519
24853038
125682
39233562
34533588
9984608
6813430
12886132
21074208
45318660
21591361
39173682
10507616
25661833
9940305
32308545
3262716
25113470
39502361
48350061
28992263
46984067
388876
37155647
37502637
47399850
13410648
188096
34166871
24626002
17954840
38356393
27579077
33437713
43278471
33791771
80769
13142929
22512398
24046459
15257970
48961945
35598195
27229864
1767230
24828390
8097080
28227173
44171038
41657961
20573097
34758696
4183692
4911852
46079864
12963895
16531383
49401455
9060045
9035830
6998112
34107914
37381564
20287879
43784384
17964841
36947901
25177997
48915051
37538324
17338010
32905227
32957360
37861002
40165351
17651327
19395739
15247517
1667897
39047742
37087223
6078864
18471845
24427634
25201978
44312606
19990795
21402656
2111078
16792516
33068458
36641624
9207242
26845717
46972492
43317675
4215741
30342853
45706866
13263778
6333399
37114568
19146572
28391190
1566032
41995844
5753799
29652742
22970798
4064021
8769083
4896948
32466699
41924660
16788174
48558753
38067286
48338080
49527804
14556078
21812089
28401522
35244020
38332167
18818128
43218830
28749676
36715538
47115000
1998443
49075293
32080171
20413143
29611590
12846504
20287826
17438720
2577744
9743448
17334178
40567062
3009756
24395829
12418892
27841558
29128803
38909275
47035589
27457477
3840799
39651100
32743083
20236129
39423132
20416197
29919651
9567106
41352575
18819357
36604101
45239215
25088845
22204124
45707899
30420006
349599
40246203
4764975
32039186
16115935
45258028
7338528
17384672
35605629
32017755
10450331
42629781
47708287
9800655
37108607
49937845
13210140
15070544
46438000
39523365
14182353
39368405
16802664
8922211
3107822
46997763
36162452
32590002
15118121
38887147
33121928
19233303
15071268
15319685
23278770
25188591
12133136
42056215
28428588
21133694
28400666
49893098
25297267
31444729
4391195
7271703
21001445
931268
49350380
12023114
34649121
35313505
48266146
19162504
24983554
20321620
30347886
48437251
8449812
35365693
28463161
45906740
26634050
39635593
22726508
5236496
49838662
16328739
41498485
14178701
6748457
22610169
45652105
6174750
3727786
24769185
4159849
43987843
20917851
29076770
12867888
45773461
30385588
2784898
3724335
41729705
47377617
28737154
7063721
15233641
7116611
49443046
26877339
26086533
4031356
10707467
36532013
20023800
43921255
40646831
15338517
2002076
38052306
18218397
17914811
18814242
46786835
42741528
18999609
30109680
33521857
7206055
10689306
8454576
10276209
7638041
10015136
1203117
921990
17138363
31328655
9518683
19005358
14367946
7910032
39260695
23263176
12125156
26118745
24347849
3165282
31615873
36368402
43366105
38083430
43849689
17941579
18020059
45535260
34620906
2078320
39867704
5611547
2351411
27314534
29966919
3579053
10550850
24831403
22177776
18425258
15361060
40461682
23345930
23336161
11832980
34489391
15089325
8440573
38245944
23957257
9575361
47147746
27327954
2680002
46052753
31859489
31828568
41183954
27584721
10071139
36634836
48736569
25328334
37825235
9980973
47236651
45370374
10136059
1016077
40496253
4961357
6036302
43623522
31069458
15386373
25479589
27021376
33439894
2179236
40842991
44869581
44486413
36850313
17161242
26447553
41027017
23305325
30168118
2432526
40524472
42796188
31416501
16536064
28174182
38403875
7958874
34661292
37101438
36432364
40973104
33887575
24441994
48867815
27599030
8255804
31645649
23301672
43047417
36177889
39167466
1949387
7404320
11969275
1629701
34104289
27310264
44827696
565977
14480733
630970
42134075
37103408
11221191
29043891
4830588
33697540
45615156
47913140
32243012
23082018
1981123
49484420
10934897
4508177
14606312
44621465
28395129
9018529
24603631
14739776
9173726
35668844
36091934
12206751
17606046
38893683
13542136
38593774
18553644
16078409
34416098
7111134
48616151
42028334
307868
46995123
16623386
45167616
33046542
29125396
14875260
15744529
49065256
35277585
37926368
27002353
41407602
19428440
47045235
13106166
10407746
34832323
24872206
23290339
8570016
36426810
34749775
13949859
42938846
21507841
48903983
29636259
32768848
32707883
1245902
16910472
37250528
22574932
27155427
18823630
759402
47723408
29718314
45612893
2617268
24327578
4244883
11759042
45260886
31384110
33742282
1790733
5381351
16936767
39740259
1945623
23704845
9038594
37138027
40868291
10391526
14578444
23592458
34420384
2176832
37173118
26586582
6387610
11747485
45405634
36534652
47370315
21699427
30204150
30656506
14520958
18858756
40083879
39077913
7691751
9202623
27181009
30625816
49561295
25537930
4779367
49786510
688537
22121449
31700131
39195015
24043026
39447906
19610079
22578346
38882981
14178846
11472952
4285958
21140868
45027511
36979746
33046501
13011689
44092941
58617
11471387
17508633
33296393
44222734
46779504
40397559
40473648
37966847
8371850
16567007
34250492
29801286
21493895
48523225
33770378
31376511
3139511
19805337
17725804
28064800
45207420
18851421
40554964
5493441
33978139
28286837
27556436
765857
29915376
42406908
11866014
6192657
29308863
28227416
37877108
32541510
8833994
4184168
43867705
20832579
7068493
24605080
1014021
18246980
9443219
36168105
33423222
48390162
16686130
24386022
19825562
39035169
2600354
11464811
44602035
11290188
48494987
13142498
38308202
23741235
26891904
35319536
13165715
16735506
33920028
4341312
9774544
9805988
8755431
27545160
9213334
5039175
5927063
11376635
12668491
17140336
47937131
15585784
22387311
8855956
33276298
7733198
8109932
39420548
10321350
1515881
36908626
4445834
14036894
25586265
4054457
46978487
36820849
42403618
45028987
40081109
10183662
46278307
28423817
40893165
23446213
27971663
22035633
33283219
35122668
21509620
25758736
34498128
30726406
2924013
29328341
2812355
9434292
18915565
34900012
3988239
36556431
17660257
17097431
44258839
5158351
26127953
2808474
36120836
38237026
43158167
3321292
17002948
3586965
12598546
11289892
34458093
24019005
18725982
32817737
22635736
38183963
23005646
21473093
21409062
41903177
5948786
20299463
39956553
10684363
33619864
41388330
11068906
8144750
24497947
14064698
31168739
5529936
46727791
17779321
30181829
6745403
3691837
45410356
35513606
16955263
21062864
23256708
13883648
30772538
6829792
47380786
5054920
35387753
39171781
42721721
14676880
16005253
7397624
19368978
16509660
17602932
9708967
43053798
30991700
38784064
21029250
26600489
5477849
36348861
10096825
28572394
16384680
28470121
32466406
32454799
41570230
48480788
46977888
37103922
45728502
39336315
17396093
41294307
31461207
29800076
35220223
38545632
1861452
23033144
23959037
48497763
40623982
15357894
3103277
48997746
16654283
9285212
1664792
19363790
6415749
34782579
40797225
29083507
24886641
28874382
33338403
14645726
6101491
22856115
37703223
23340413
39113398
492596
25646028
3577329
31146087
47425579
39561718
48474302
3280772
18264072
30351431
34684377
42604952
42663439
34753046
17941411
1041490
1312460
24746325
16838544
14360584
11429126
12251597
17451218
336649
48105765
37607319
20861157
29221858
48721789
16184167
40842244
42164961
33867133
41954659
42907057
16451539
6995546
12486634
5721983
4510092
21460298
22495856
41351214
44564558
4301463
10843343
19463223
36006355
9645814
42696335
31282867
39703476
47417578
43973054
17897117
35220575
16966407
47609534
8725267
38301350
19814405
15460883
4303164
6795092
12564423
32996092
35800279
7017201
34182388
47558030
47767661
691659
39832774
47672361
47171953
44920868
7922054
43251887
29201393
13414264
32516624
43878160
11378826
9058934
957276
13388759
5057289
13015011
41644612
21836307
19267305
38491451
46801700
24205337
11738198
21669574
35836758
39275024
19356887
43998062
32715359
29223346
10698035
8275762
21347617
13221813
35547981
45925476
29424001
21944908
48702640
12842602
38641703
14999016
25099457
39032503
26662837
12234600
6117792
5156176
37201418
44903459
3505095
29659333
28909357
8754563
13481389
7689013
13457353
34982754
3020518
5009497
20879698
23967544
22881956
43707273
8842338
13586293
29901103
31069944
2824064
34238754
36452191
8709835
44759264
49593793
21718740
31958763
13088179
35370271
36201026
49548113
17751442
20104396
7362870
34458124
18466442
25664027
14641171
11775077
34742409
4294446
26368621
47276187
2372394
7818012
46210462
29749426
32095655
42693936
24360827
48560915
13823426
49064920
39614911
49202510
17599881
9583232
1158449
13264218
31135214
44825706
344118
35427308
46742423
44612853
14026537
15206216
40494245
26513641
33716119
13204853
18919210
47489013
48282888
15795289
4510110
11508836
36418862
17854037
24774173
29451728
2183297
5929366
16500909
46564222
17908566
38967690
5292058
35494099
22988875
44568997
32150635
13050601
32496
1465518
27454111
5608577
17115882
25859572
3228288
48465274
35224181
37523225
6487455
25386275
35617071
19344528
49274176
27068515
26724141
39149510
29043704
9249843
13917323
15076473
22052388
26455022
27967547
30533636
9950063
47985187
25871685
36853568
33284439
47146661
12895739
35660144
4215028
42623248
40273573
20751079
20543742
35731932
25541389
3750175
34223839
48905909
45219724
8332719
18107190
30041143
34594161
8695108
28801638
22032544
31923018
43885344
27659680
26272890
31096249
18108492
11450565
34468089
49136491
5026589
3948982
18830416
5911068
40286370
12997571
49622223
1149714
2730891
22702736
3295268
6888890
47906966
47142403
39093137
49273932
35806736
41624103
45946237
48111306
21701557
46985076
13776244
20420993
26765149
21553266
35259759
35688419
18024000
45973554
10826713
28043388
48983467
6847815
47964540
37547395
8400190
22471957
37458557
5153656
14766936
24451452
26834935
7838636
34029835
14413779
34507280
11402486
40949550
46419525
31615369
29038543
24280779
1796302
12266161
35775026
5163421
43162374
39307465
13780099
23458791
27491806
12993111
20017631
37100024
29031914
7709698
13836037
17525693
5687455
15931638
32612048
23056708
40911372
16014770
573567
44775996
1503109
16585706
17603222
31000618
32351674
37265166
21867586
8234813
30666826
21764666
35193557
11689930
47340137
48748155
22127288
9627679
2789728
41238452
19206398
22511091
32965065
44266275
13660868
41449846
44848685
41362301
18202159
45468970
11716361
17773565
14949764
10962863
8969661
30244727
33409740
36153663
13803303
30373930
19218538
19907664
32680444
1265169
49573587
3038938
22859767
17675198
13728102
16630490
3690147
33904731
35042763
28832987
18721236
30955093
48207648
17977957
22109918
7218826
15177747
41203531
24002421
31668823
15157321
29414382
42712901
39588421
1159121
41784997
7444494
1028986
10954375
41050646
46762933
40069749
19402759
14390774
14823969
44925960
21563326
8542306
7579641
37279349
41388043
25557038
41184135
14163720
32871543
11152680
15064370
38164208
22438254
20517852
26964821
13149401
22366130
20493778
9877717
41483737
38641886
4740419
472377
31614548
37616237
47942258
37965647
42182645
15819755
39584222
45806776
22403908
33673440
43762757
16131354
44780592
7194733
38910719
20943716
5380612
42012638
6960075
49329170
30952151
22055804
45926468
19842237
31606128
37352922
22009756
24068949
48853570
40583448
41860995
4338078
24552949
22722032
30675493
21919077
4381309
22069959
45047330
35553405
4552501
24336714
49348262
21478057
29331413
13767520
45690694
1075891
30325104
12334489
3590291
20100907
44213848
25779664
25795997
2289164
15386995
4922673
34481298
18201289
1329922
40352343
24538108
37897178
4296249
1911168
48007338
1417570
22560304
40246608
8516567
3477187
36363748
48009428
31688534
38514155
15648177
5850574
210351
28051556
42325483
682824
11065270
5372764
16185418
1574535
9040575
7352920
12222701
47330025
36222575
28943119
29835610
9375331
25871266
5914815
2822646
17176557
21194877
37195348
28049370
8275691
26491269
23124076
12127892
49177016
22110366
39143276
3129457
25527362
28256191
39379150
3195317
33203416
33726671
10033379
3636683
22788908
34914793
28089824
12544285
32859882
37131522
48409238
3882379
949649
30845641
41228879
5407784
30041822
16403643
1258387
7192053
21921291
37744554
33400181
13209534
15317954
28167327
36174034
18231571
17967114
8872257
21624590
20763807
9513215
16342509
26841384
33374929
36076819
14825399
40216067
38439214
42037961
42128660
24892311
39592219
1033820
38531762
28484549
13852407
21029576
10010025
43661135
2925274
35853840
30644456
38310518
2994339
32095365
23896708
26322590
49290443
40223549
17704430
47060706
17193958
42222281
49375280
15516336
35414495
20670752
11540312
40733348
15535847
16835883
14198376
23385506
34282676
42401801
13646054
35387278
13438865
18683487
15861793
43935357
48682673
7305985
7022727
32808727
36792364
44844781
44580785
37079060
23258613
23111605
23027763
37242677
44703221
48037796
14630870
2828712
44922372
23361871
23537072
33682873
42808748
4306453
17801695
36884907
35487915
17459201
37930663
45781451
36046636
33225421
49638186
26169121
33779635
2224453
36676941
2025131
20871640
21392146
17880021
2114103
7101285
39399700
3727165
5659876
23028810
8157220
13875636
33347621
3304318
15582754
45504416
16864484
3375163
17665306
36733200
21718524
9932050
7792290
26060458
32708659
47956549
11972373
48431899
42595057
936852
14892856
10461097
8308022
19704531
38120831
9282155
17942668
96058
25895409
42009271
47263644
42334135
21339080
4160115
46024687
986113
5243268
5633857
43821615
6769179
34628481
12211563
45177393
12683656
38397009
32663469
45516870
8311999
38498617
41189883
36001468
10556384
47227854
21766146
24213945
38369212
26456079
3888484
38899243
19565205
33557730
24115131
19899075
30901576
38346282
4569875
30942986
12269508
32521986
22610421
2359597
40200942
44964758
19642884
28965410
22386749
9490299
19317378
38849033
38135271
13011814
16831931
15908077
520830
44576771
1082919
2719100
637995
11871290
10513902
17880565
42374933
1514860
45089084
46184208
34592453
2555934
30521633
41023440
40519779
19286934
44056353
15472854
18697734
35773044
24135054
20843856
24396580
3840944
33318728
13358867
43138851
39407539
36986371
10050582
49292052
18551490
12596855
20306570
49056087
27989884
5214740
27541454
5094198
430306
49747170
29483032
46401694
11259983
44934775
12268037
31695158
38040879
25348148
12880580
5195529
6289485
42007700
23854457
39777142
4978959
49135574
38387212
32250752
32978326
15018940
8667216
38933161
24893006
15496705
19327437
11190884
35837729
44266193
23241418
28608674
36401492
37281277
3505229
21176657
3817658
2619941
41411057
44812076
22299007
28639402
28156373
610812
46224333
5256228
19822837
47835907
21034827
32292294
11108813
37956652
49805708
23822112
4266206
19971095
31698444
31792473
21822922
6533156
39600336
39969440
40690852
25985705
29672842
20941477
25385121
45426483
42277328
43809576
32722326
47815268
18331784
23118680
24030569
24996989
37707783
9586560
15876128
23871141
24458822
20756308
20348117
33037730
49012719
18279320
47569945
18104853
16859540
5894086
41596776
2117308
7329051
34591285
8030601
40040282
44494517
6856996
49690779
48302980
41224138
19787994
9417495
6461532
15395183
7085283
38245839
4454207
2873977
40123494
49535631
28271279
28744650
45173734
9183799
11475513
11025257
34754460
47946730
43467164
22243618
9253393
27333405
4524233
46423630
13105640
16673994
27041081
13472523
43983809
49287109
43241429
47859176
12843072
41108298
36409156
15449660
23692853
29425128
3812079
37117413
32929391
34443914
38644464
3166076
2233378
19814318
27978270
18344095
5450525
39390507
26741838
14559281
5633571
28822272
25417919
24624329
34860754
17194543
49099864
22594190
19127377
5604636
6079232
11264571
30279435
38365826
20976538
17988624
5192591
2652149
22654502
8699455
9090130
5415216
39412120
737165
49573968
41028201
33960133
26846543
18858348
3919756
33233795
20873783
11627473
3177313
7819104
35683984
14303149
34130657
305929
14868668
2807593
22104524
8796370
41972866
4140984
45078658
11214378
36851176
8574825
29053883
36323024
36530924
1594881
30456555
26251235
34626632
2077217
19689655
558779
31899835
15986549
29114326
39114786
23689094
1638198
25965866
22762220
8010691
44527216
5696491
30414562
35485454
27470797
30122820
47516457
27609518
14340092
47593259
6074747
36610795
47026887
10365308
3824915
20967878
43481920
16511471
43752578
10195705
41295200
41691053
35137633
45194983
40961483
43367646
43796510
32789851
14369789
16897431
29596895
25960420
37286125
31409525
16644513
7223318
24672379
7914816
30763937
49843868
21155313
6442115
8765064
28891383
17614081
4663350
45048636
26242214
18750894
47938137
37832789
32072755
38225935
37345848
14342922
12587034
46921721
37510444
48191674
12569812
325120
38987462
9251188
48405511
5823351
6205761
15827945
24678006
18180845
2347673
32623652
6352408
41683820
34932236
22558501
27007922
27138549
41712244
16592142
48771020
13122723
11481126
38602213
10047260
37338081
47616315
13798356
40216093
36064457
10708117
19380710
25193564
17231712
7672433
17318721
5083986
20131736
19786600
42905793
23683335
10153149
49473316
36778550
37742635
23911480
24245470
31612436
47616059
2335522
28984832
20686436
25674806
16857553
26823504
24709757
38545093
16599078
35063587
30113499
30265999
21522621
13535399
4403165
26182599
41946465
46764323
23531144
10070752
37963794
34909755
43143830
29788685
15944241
38058129
33223679
36729380
44996898
23189639
43374957
20416217
33719684
30453830
1162865
7410733
12844512
36410387
45694917
869526
36013025
41216114
47608160
15228858
28255435
6477652
17586357
40294816
28915520
32205354
21526538
37981792
12432647
42396416
24729707
15631814
16688068
19881504
42600717
8246724
47871601
48791318
31923981
14124826
19663594
11091710
38042610
12302364
15453958
16374592
829406
47328096
22379942
10632515
36912998
27874362
24406876
46826960
18607747
26395511
6620265
15133282
28282497
31463309
20236278
12776539
47854076
4787231
49317665
20211559
407816
21258956
13611350
28305198
9614637
10717665
14028176
44457473
782352
10337304
41578622
31978203
37389587
26031815
23784021
3284995
43281176
25090943
27368210
36941121
6027590
46279223
14572182
38643995
21887258
2989998
17005950
43121008
42543147
19796422
31883080
28373893
33297595
25263250
20224403
14981299
9675137
42663217
8144295
10702503
28704001
23679952
38454417
3262440
11983175
22443010
32124257
31956448
3897486
42482023
40833202
4129316
27283592
4727247
48928362
41304682
7738503
27221047
8240063
38916521
33704538
9241989
12843916
37005921
38089990
42915508
47036402
11900454
37500784
26959674
49326403
46016713
7458085
44136534
38364492
8004789
32268066
13178008
13201449
30374553
37642595
37889154
27704727
1273740
19255923
1941156
35537250
2029560
43449061
11859065
11148050
37362991
7434881
31542849
16400352
44305538
9859719
5062560
6682839
4550308
15634162
47855903
7309679
12699882
13244037
14228274
38695196
44114750
26201096
1989788
27119053
35898869
10911563
12238582
46441082
9619096
25125277
6617725
37042430
17173406
37660384
1315825
39940475
11292000
42141098
4910001
34540967
42378809
1476783
44435951
16535008
15436675
14823952
38394586
46884622
46660957
32677807
29048951
13473601
17866058
24831715
31522757
31381457
38277007
41221697
20007228
13342595
32707012
20297059
45145042
24564861
28347019
2476977
41180318
16525580
19757370
13179757
26823339
48657203
1060676
33998687
42479567
15321572
22051355
2984925
42251619
37861476
10369993
7658196
31410566
37697665
21136753
14448779
1816422
35966236
8590241
6585532
33984351
47865978
640162
22671074
44670984
36480827
873070
34812102
18342533
43935545
46148171
36053228
17412296
38955271
45139415
772189
10897251
20985945
39461085
40050882
14370008
1381719
17757944
14808859
34371179
13858207
5834350
44099852
35105233
27995321
30214052
47711881
27133414
9163609
4283311
34341171
11730577
17555500
31317768
14636318
45913118
9072624
10692217
15483846
42653399
16684538
27817947
46187129
8535777
29489515
38540346
42589561
16439710
13683796
37760801
43986854
17185326
3087479
1745522
11191562
12328953
24107171
39284166
44662613
3860266
38476794
33109493
48734725
11174061
2432300
12371529
38351917
25114830
33781668
19374684
2683526
18499552
36478152
16373607
15294841
26619771
43026128
32640751
32420435
14090527
49209581
9814483
26075685
39399998
21798256
48458783
38406636
21968895
31418659
36130925
19846623
11796986
11905739
28855344
29777222
1634325
12387050
11491774
43104956
676156
7026461
21921991
40247351
19536675
26550063
20541493
33004934
31107456
590087
25668460
9800242
32387637
9213168
25515663
29490579
35864821
15880077
35371188
48274244
18988428
48207466
1399566
43902612
14744950
31481931
47272455
7971630
16852139
40307108
20804206
27260760
3819051
15876039
39168301
27476529
18238480
7382447
25564526
35716993
21029739
8525042
35831197
16368618
6878914
40683097
30327217
41354667
29858222
38392942
7130520
24462707
46664306
36521157
45781762
35429236
40299409
25397093
37686707
21568622
20429688
32014572
38488891
33339818
21112845
17302779
43656814
46047000
23451131
4884161
36413699
45966583
12752775
38870066
3003769
2602206
47296188
46328194
31810094
10990479
32966131
43452799
47947711
28088745
3165723
30896767
36203329
22831408
48679717
11743315
23116154
24528050
44409199
29164864
20997319
25031527
2397699
23166810
14846892
27721014
17943870
41807496
5542826
48474260
47225233
9759746
515113
45329183
22267004
26976191
11298214
23755042
30542412
38584605
43173937
30102475
40336796
38227217
6963965
1912415
23368979
11536710
17062351
11089614
49509241
17552540
7998909
19371724
22324242
44198756
20265194
27566702
39847220
20201847
42580763
23452050
49535814
25836381
15866994
2487149
40152366
39164995
30870639
47784803
45418402
42416375
9652193
5811857
48054898
27874870
35803460
10943374
38388442
12444401
28630495
40899213
31660577
8474801
30379499
38646303
39562533
19725773
41867242
15135509
37436253
37543618
39760071
21713126
14091599
2073262
5944032
27693820
34606088
20340009
29394007
15546465
20889539
33104140
24589426
42878847
34068395
48223240
908898
42384606
23963484
9995844
9479804
11907434
47388659
12655288
22144090
15364657
40512286
46562290
28838814
42625033
18164986
1043374
8748803
36554684
14467084
27788722
49442370
49678584
13165374
40887214
25238263
11175273
35773621
16649097
2790922
6809065
20527700
42752353
31658207
10641052
19119626
34700345
47723776
40352706
7007312
21611201
31959021
40258554
45152379
21395387
48896435
17583998
28833771
3893730
32168995
47442641
26271337
33292580
20064426
35982800
26551369
21026564
7138254
39083775
46010199
28427855
41176983
30611124
25311028
31257837
13086999
29987183
43263237
13067418
7804148
32056020
38643681
27392064
45719155
17574288
34687252
17400344
24259111
7025368
19803403
29299787
43407203
42081492
26186527
43605091
11920345
23459414
18577502
15074461
48093091
6372563
38684187
19062165
28168188
49130828
25986550
5577302
33302772
42373258
16823429
38554760
44109544
3024688
3447689
6807143
19491996
35613519
6967367
30354952
17109929
13486307
25808136
41410606
39960458
33459723
15017760
44086154
7306263
430421
44909238
45272203
13699973
44536262
32394392
6186021
11865304
33217066
47525427
5632408
2390017
18360009
44526135
42732384
29708559
13352750
20476367
7560008
37199753
28681021
2161258
22185704
22733853
49389933
38909245
18281253
7975510
11676407
32721824
31676015
42793593
20997510
5526866
36176379
44149021
14201701
20119211
37340238
19063280
24647874
33171138
6054133
38636603
41727519
12164288
18756881
33484302
47875411
11604160
18604641
49365908
46552957
18285988
39780940
46801896
9489909
42220561
44849275
10913701
26777686
13665870
16725656
30519132
4247431
30414995
41175939
19312886
47268207
7127323
10476369
6529725
46005111
27075201
43824979
6291054
7761644
18744766
34019780
23357667
5085383
29462242
3216637
39880324
24328387
47050290
20846867
39008777
43848692
14270651
8105869
29322704
1646561
18463587
6931020
42018779
29934811
15043950
17872455
41589346
33791596
44128606
34743468
48581997
8756128
12986201
31536129
7972185
36258754
25349957
15504213
38096299
33450367
14156824
13880670
11387012
17686514
3778252
36300334
27314049
6689449
25179648
20663906
22715777
20757839
26752036
32577156
35450700
19737300
48451993
34166711
20762961
23712894
39277752
32639997
8795440
3839660
29294433
36350008
37868967
11913348
27963496
28409448
2837460
815151
7554583
39691225
14873655
18449763
35038653
44683747
17656241
36362337
8565246
45796393
21965745
45481063
2347712
12764345
28330899
6772945
28928696
45973915
37737398
8205083
39271799
28223191
38536991
43173677
31553462
11467596
1179051
31781518
33048357
831075
12925065
18595618
14150221
15550956
37111356
1214271
33428546
23966657
27890282
5278450
2516343
20791347
7083839
9673850
18501812
2189706
4648732
8868930
13344881
20130874
11090083
9622986
5019562
865798
12209246
44450284
21274037
3232138
14863816
14041828
21316791
30348027
33611486
6165763
29008942
26846643
47252572
1391426
32993515
20927179
21028834
30598925
33636851
42636046
44447655
46668311
37246619
27699005
25154931
42834555
32556089
29297941
28506843
38096411
47894007
36271667
3889339
33445866
46081536
24231965
37976681
10356988
17007004
32243279
28522349
39504848
5545799
22076228
3866886
17114008
7403214
1068309
31563643
47128833
37300616
2305391
35843744
33383056
7496450
31978816
41741038
22620738
11013899
43047924
42538298
36881320
24268476
27049285
40114627
39696329
17567194
66582
46619814
47929475
24280388
19783667
21308384
33788641
2850187
24677831
11499556
2855219
23280910
33707117
5264174
6359764
28558917
18824045
19067332
41435351
48672837
27401991
47218907
3647995
24048200
38499478
18044720
24758721
49275345
19003812
34629407
44521482
6904644
11694449
3936829
22575635
32330995
23737575
28130961
42203796
29191720
13699536
8447226
38559662
23218691
43621033
8275034
16958215
47270178
20991048
42697310
34616272
2148370
48795986
23760843
40167493
22057619
37749098
32465682
4891148
23552231
39270970
27053677
44339518
42571666
4394089
22115056
40435609
49528302
19188531
48753517
15957992
40559027
11972336
37277283
15811030
5300095
35122165
21129866
31432846
32837998
28782373
34420006
36156724
39640901
45636730
30823866
4782662
42565251
44328579
1597283
18159798
36284771
20868739
6035292
24311262
12487717
4061808
34444860
48133256
48483495
17854168
24555421
38454553
9477443
17118478
28381159
1697838
9935146
15446566
27151742
28172663
19901792
14137495
32971506
37663040
32647550
32512302
8685456
5964410
20121711
30476390
48064457
16735554
37577989
42526827
41040265
33096187
24097725
48592308
6108230
41747389
4452748
25822203
12155521
44689801
12672989
41743444
29581475
46793646
24967311
19846841
1568443
21055110
30462502
32061532
2946203
10914247
11248644
30206838
46139789
5057688
42873579
13582298
1154508
42398248
2424977
15962951
32479601
30487186
9082947
45616276
41039144
47109136
7154760
47229963
35781476
9724533
27908968
38771507
348256
18801382
25317298
16060103
30047355
20420642
17089911
36960019
6875108
26555697
19336194
37723050
26328964
48532187
14930447
20351175
39797182
41987383
7871146
21232412
14359134
7881191
39223365
17448871
49251388
39720030
16667470
46093559
841786
18180666
4679097
42260899
5789509
2476241
5587142
41761618
29888587
7159475
30637969
8737434
10357783
37312015
28125127
15441919
3549320
44363372
21184321
33007770
32435141
9232264
7490950
42732846
15709636
30321660
46827568
40280946
35407897
49477878
12831274
17978132
32302011
24358410
8174478
15092246
33007626
25678058
7704954
7800137
16059449
37231526
31207762
38355687
41223018
15500605
9582009
18363022
26250278
6398789
48822027
48039718
13690997
19051391
36348513
34912828
47737193
24357657
24807241
37935405
36744851
34236234
12832653
23477628
10480922
6462434
36028801
6596431
2217680
23528589
34636314
43063498
21173689
11991974
9253393
36779699
734152
40160926
15364158
20519201
36897851
39619186
5549856
30511658
24903668
351696
15759724
18479307
28111134
12877266
20443287
19741236
1857228
20775440
27643755
17124518
39865115
16237038
35802291
17520794
36348177
5435092
49844839
5781681
45600477
37335109
13949612
29405896
30363133
15052863
44668078
49018031
3962143
13356876
6908215
11753399
9362813
15744296
48995407
3342644
34943354
41384550
30229096
9530325
1844433
25972381
42030677
9825817
632569
24001689
47547380
43706765
23804716
36135157
8565726
43705364
15440116
26388565
17914176
14717681
47109190
43003582
8567088
10453386
4992192
9336011
29747069
6796158
36601678
13825196
23940488
46920586
16362679
34659
34637915
13137120
40443114
7827858
20937401
34681179
8685962
36012886
47946666
4572395
48155808
25374194
6945772
6601632
14964931
34332868
21300178
55913
47545413
48150885
32469643
25168023
15870244
11001655
10909416
8443131
27303850
22519883
12199113
20890034
648309
18842599
1338479
6996386
21770801
3478318
44983022
6971347
45311994
21571628
35394761
13510488
967284
15630119
24754360
46968706
31167675
44731285
29753294
22262126
11779566
22775295
21378577
15431549
32384636
31865213
32900022
8843111
1842203
44671546
16958500
2364742
46309270
6908628
16569548
15881191
38808216
10767428
35580624
48316783
26584451
37825685
21045259
22362098
25980648
32129304
30753537
33417978
17643208
39174292
13715087
14990494
9550996
2043922
12614888
48504358
8168855
24614546
22865058
42063461
27474023
11399370
3012067
9416891
36330554
25240372
19879322
24820202
21878659
13964831
24371437
47788846
17431711
47316907
9716829
42192954
23842420
47544544
26503076
3805688
25163075
4511456
27216391
44997912
19787164
27965333
28908035
41107837
30434555
27514404
10274259
12048286
49762001
27676005
25526946
37958765
30563843
27254313
30578844
16412034
44701931
25670240
10365055
4508800
47024861
32267010
36031295
1704659
10383043
25081288
38838019
28495510
20080439
15927368
26197732
38426184
22400524
44685215
46008405
49096331
3763412
17057756
2540566
32259134
43742537
18112813
19529337
24017196
41447623
20814814
27903455
31728479
48517834
39813056
39293809
20098363
27712234
37368998
23028047
36368960
23230325
38564956
9756167
18585679
32473734
31885967
10295847
26855947
35407412
18359276
12345675
29783005
26002590
39759323
35647805
45843258
1764177
44270196
46111208
32233901
33125327
355465
36342863
33040907
37237336
7609217
6893583
25911688
4408520
45058999
32663392
35983638
39358475
10214860
16415426
42618510
45999552
26660111
35512490
20958250
1602213
29160399
28417401
33672227
6749929
4291964
29007867
37663584
16817012
3367562
15591362
15107529
42673812
363130
32833067
9641774
17980953
22713220
21147884
38349782
10012265
20298276
37775159
20515665
22290218
37353163
42505037
27102918
40181153
18567953
24898730
23312659
33459467
18122688
44454290
16239337
11691182
29341392
44790991
42675947
41615346
9370516
10299984
15999197
31756855
19206726
25684968
30993120
5545915
43224662
28562216
14263786
16940789
46469399
14469706
47285678
39711351
9184497
42571950
28278462
40665968
16152270
1267157
14520257
7327059
33745425
22306547
31430304
36371007
13859206
246824
43702217
4959446
3340524
21548631
13444153
33163856
15533958
13382243
48740104
41711612
30069227
14582331
15125146
10096456
2587448
21392237
4613034
22673700
11617402
18799421
9912765
29290385
14029071
19914574
35795172
41327137
16712572
34302585
12145948
43395868
42841304
43125838
17204934
13619068
46040993
12866758
43290160
2773516
701374
36503375
6146623
27957321
40731808
23673816
33638933
11046163
2474498
6979152
21148210
26088632
47939222
44500154
33797954
29835258
11789210
23852530
19202168
33875698
48818536
9651836
17309505
35716517
22886912
11677313
30074752
40529028
40297480
46361826
17667937
39678737
6223820
34698996
42166973
19558858
19320261
30900335
17059434
26030243
6717065
15128099
16052560
45668667
31919956
18806840
40036894
44168189
30564994
41346016
36412803
39766947
6593289
34943
49501181
32462497
44618085
15142673
37837054
49447432
25366209
17250442
14800662
22189433
45929381
3795286
22095243
49474476
40312756
30859099
14968941
30491977
46050406
17927388
47545807
4038353
8315859
16281064
21634122
7121219
46754521
21535157
37650721
28921275
1685288
11684119
15947775
28950728
6705080
29929743
46201424
3881238
42827737
7234309
33896770
33471930
30546339
27120008
32948248
2331792
41479759
17973520
21791825
39715572
15419312
342963
27842186
1712112
23004758
5365072
41766823
16926378
43134756
41946878
28295192
20468004
30089886
28882652
40494469
13067246
41547277
24223785
43367197
25484736
28114400
41293653
423852
47932639
43894360
211896
14050197
10102657
10109255
23713733
14146597
24698386
2743264
40266263
25364398
6994089
31388230
39483121
6176159
31046231
10810748
35472082
2681782
21324377
7076886
6470466
8832442
457434
19031985
48448225
31714989
45031522
36618399
38073350
20736543
35218212
48750426
18809215
5574108
39797521
47986139
6218991
48215988
32354410
38515309
48066046
45929186
42319989
10550599
48124821
12380735
26669046
22687058
47699493
16068234
32567941
11340915
38203960
33101088
49644168
42603283
24129698
45596312
1410106
42580442
44451656
33866745
17372495
17750652
49122031
36526413
49403447
21938200
34612981
474727
22095933
44066476
27553332
5584124
652835
33405540
26097768
11996353
43446413
14975013
18266642
41628501
22692755
34544111
40222420
25169309
23611551
9112555
31991110
41621186
25652368
3676858
2583561
49242930
42699333
47936816
41686081
9201426
24184922
15714541
47933920
23270166
38418846
4774035
22449241
44766643
48993156
37987897
49650131
40600088
7242148
22324765
3418917
37336320
6760424
27931440
28230429
32819335
7746862
7393580
24503958
19820655
7220352
30919772
34859160
19333398
38773979
40444375
48549797
34732245
2686861
9453375
26312589
28098713
10963733
22218942
22107094
22263970
4237977
24061995
34383051
45399972
20631338
19323963
7245737
14782338
12633096
44527637
43154483
49951486
34865573
16368218
34385367
44802502
24585804
1135857
29679465
43637198
434489
5376335
2361777
7745519
24645697
9578190
40248920
16718621
15343745
7395691
33188918
13740655
9053495
6305879
13711448
29019063
2964609
19830332
31223388
21922389
15284954
25949141
27267060
14648554
39019609
46621784
22498305
24207535
48199561
44100136
32005216
24563077
14399750
22927881
22269420
722814
33406050
30805789
27977815
12781057
48151288
31170804
31133630
16964430
29748503
19707260
20280371
40958944
28425362
41052242
34876536
8331063
23899349
46655387
10913530
23401786
7767853
49307696
30043724
18009373
16745302
23483298
35855711
35050721
48325489
35919876
13525998
17120188
39925126
29832942
47877661
17073722
12490165
27115283
44897317
8937087
44974271
1994015
18776633
40441510
4961594
16743783
33779345
46981600
12855686
23514615
35974864
8221117
6167569
46926832
39795222
29964144
22577911
25405652
46715419
4073913
45160840
24931474
28207143
42059911
7713789
31306824
46818727
48613074
29285150
23860567
28590829
754210
44822742
47199489
28896658
45366061
16011680
12748952
20559041
27815798
35141588
36188454
9994060
28367461
41916684
43042890
30886752
10019708
24544174
33944180
44467593
38333184
38905736
11678483
48687090
26712139
38610044
15263360
41883929
17940403
35011737
36755990
3426874
5502267
14108994
46415814
21798196
10500266
42812601
1446259
38442098
29291153
48734507
5818749
40899191
45969054
35598399
35601758
8691950
1889888
13524403
31521794
18280396
27364648
11938506
18128952
46543855
33978031
28572949
20674855
27047794
35706262
38339836
23926673
32308037
4847605
47556286
33023397
7346842
25303557
24247425
33369110
38300308
17343321
46806510
10013540
25289321
26499180
49371422
21412496
46662258
24452757
3681009
42622220
30446927
42083712
40716431
22434056
33970012
11487697
15092242
15516077
1291270
2080412
5691924
48078838
417583
49344283
1884364
31030121
24691786
9197825
48263834
4928549
24241023
1818033
16547189
22060290
34856265
39927272
24046801
9158635
21038382
20902328
34928410
27466009
20537041
26659343
5870956
28818804
31467352
43495235
29416788
35848665
9040610
34898674
39817690
4948786
27035137
11887395
26774669
7143242
30000620
7693123
41935580
38969338
32864615
43100483
14519425
25221844
46342339
27165678
14890939
47424366
45414901
46689134
31641897
21304836
9281706
46520523
24905072
37701623
11267645
3263605
17254217
40720667
35637283
6527483
219262
46253443
36993297
16956909
40770148
45493372
19081390
3677181
26665579
33689760
41124835
41502089
15598397
8559655
17530633
9157731
49667174
5627630
43265162
18833403
31095304
1182346
1670203
34186964
23075955
15030410
37336486
12913517
6145773
45579990
39001376
21145618
2983890
28484968
15623782
48334000
39426454
33467565
35303358
27835578
14220136
44141759
36300
39606624
36753942
6194539
43886129
36084282
38379293
41936381
21666898
43519718
11569827
16479031
22900844
6255794
2290628
9195886
14145558
20997830
16247496
38478059
33364454
23125276
38470465
22818269
25276624
41215048
17155355
23885449
17670013
9838640
9984496
45411804
46355233
27527497
28040513
43536356
35073973
8039338
23413596
30490332
49516775
3439921
43531737
935216
49013802
35848000
45515754
21237073
8337683
22084464
29995475
12589573
47428629
1855505
48065231
504410
43742040
20513580
13395651
24233594
49326784
21982140
48073303
49353229
175725
16033986
16528666
28935155
31499683
36512242
13942622
49703466
9402700
14260230
47639005
11840731
41947217
28523102
39991333
29569636
1928074
22811890
26036541
20920073
3635957
34808652
5427552
13435052
884171
25712940
8339221
48801217
38733372
5693516
15258071
15953474
19722226
5564861
8586808
40490411
20182650
23547666
37217358
40635348
16337833
39099314
20417339
44715498
1736556
27988338
32755708
28878298
20112785
13845352
44630977
44975124
12296533
719532
12063729
14436397
1379033
22265090
26895479
37053846
18901089
33890613
2573998
32484041
41344350
14124037
40297353
33944892
46340221
38203155
47082969
49939203
11319185
21376238
35171897
17856736
3339698
17480312
6276558
42569437
726502
41786428
20580042
16994777
38593685
46459858
5957869
22879739
33855406
28379419
10231418
13489166
3735881
47393480
6499536
30488299
32951610
8546879
13251902
45254851
8006876
13402623
47387222
7644489
35081704
19507097
5763404
4066760
10795445
36342028
6348890
49717939
12037070
9794064
15665392
38687461
44133582
8523238
11928104
32915467
4682632
32903134
29376574
24626259
32938990
15864244
12181720
47145958
38707942
22573085
21406614
42396915
2846526
27149378
25190025
16228233
31395236
49017274
28740271
45513139
18105831
10442108
7162088
19952276
39584975
44954837
37645290
5564630
32207032
3079108
5936807
34639647
35581460
521178
34176370
6280524
41850454
5830871
30377132
29756277
31811998
1161283
48665977
46537250
11982877
17067562
30359902
7818414
38854485
9371586
9873646
19239371
30589313
1251947
6818882
16681227
40275825
42514131
39528645
11121475
36487389
2910282
12427392
17797096
18119853
40966268
10790702
4113846
7541009
20165697
49131619
40824556
12835037
2168004
10045985
26779791
22971735
31169555
11881703
8066962
30871096
7701638
48595351
26072814
24769746
17409080
9451801
32235901
40007866
24115186
45335767
38317054
26057979
49480091
44028184
28650212
7439846
24094799
22066386
36670956
24588515
14820006
22687992
46830842
33073124
31103360
18333278
14073769
23481877
36532581
3162597
21618707
25522168
47436173
4715210
45758361
16499324
2630628
20924453
1108805
32480020
23672846
49393987
31277466
36220704
40624184
43075330
49892044
44416933
29110524
1893889
39834297
43487119
4866191
41780340
24505422
44751331
9263288
41406216
21709210
5187927
21212273
7220695
3382487
13951103
19476377
38916286
39503577
33881135
36093645
16068375
7079169
44177813
26385298
31118536
2397756
11586169
18844475
49663593
16839519
9207547
33082801
34399707
2519528
33062137
8009460
23564196
40356378
13224281
40966950
23539315
19217501
35754546
35513546
40860197
11521745
28599855
3020006
48484545
38469452
22785111
12025268
17979673
26163423
49174135
37026468
21554535
27178642
5770986
44042083
28611896
38736337
31290135
25078027
36730202
46019077
4664326
12818868
15933063
15494760
48206209
12897258
2861089
30212004
22140833
31909142
10041518
28825282
19186920
117688
13294537
3997032
38776398
8600063
26352321
28988474
11416321
17899190
26969593
34498442
27520743
22075306
48450639
33428643
43454521
16093370
32020131
7348122
47911826
17155373
8122720
26093729
6102808
702734
27653132
12163598
16871066
13165151
25952891
17511689
17772071
3051439
36383461
28753986
10322369
30300730
27925925
30481038
8478181
49280752
37164732
15635010
1129043
6346917
30547697
40309263
38954145
2163407
47876972
17354095
6032428
36286548
39665487
28156047
16227695
22127980
17933974
14188295
46176430
9677247
24090064
35478363
34706818
42557859
41094788
28743616
35735710
47488799
13400427
29241240
313418
30863431
23615513
1881027
19814881
22777517
30077162
8237179
43731299
47087470
8203133
32964263
14532067
20627893
37764589
40509752
26558336
39910107
9885456
17747122
42896927
23707580
14899033
2918985
18404811
4964618
4793909
26937691
37695734
25134501
48393907
19146546
28324895
33584779
5128879
35708406
9785200
25711831
25673588
1041451
659821
1462607
16406528
6835737
36791857
10910323
15337426
17640859
5200203
42851349
808428
21136216
47087887
27549357
48137973
4487680
21269015
10425871
14864382
25951374
36113052
37186950
34191339
30882866
36221336
45996046
9321876
12972675
6829362
33660660
36596194
219971
44170494
40271844
22745930
29890217
36370099
992546
2698867
28161593
18338016
48630239
16933385
28921193
8762681
42276723
42832686
24049127
47981185
34956110
49733434
11924360
44771998
45724524
15007508
1139543
25374481
12669483
9455332
15064384
3727523
47712309
28234583
23835775
40648563
18871761
43250769
24751430
44760378
4720793
46162466
16996310
17326342
1661912
9489267
34132600
43229480
28753212
26577860
26415237
31766485
37273846
18837247
36113554
25053439
22079535
33465302
46464087
5877322
35997905
7509042
41846318
43485909
37235143
29426364
2557398
17357904
27045769
30271864
23246200
12141878
49893024
25741982
32324026
17195749
13346753
23089457
48525317
30709860
22387507
21272145
39363546
35566802
7690925
18108838
45287741
4159630
36470361
22347247
15133059
26272684
16885991
35306921
42767843
31972580
48576920
5451549
3483178
30638881
12168873
127494
46636095
35276026
11862760
13740872
44389486
20566482
8485592
4192450
18988932
19860269
24865251
39016122
43880165
16781167
48684138
11084796
21110312
26276378
43778290
35559815
49157601
11371106
13391226
42595819
19870386
46207272
7179114
13268262
19420998
48695173
15953667
31281697
46803593
28909553
25368264
42872861
31898515
48145874
26399540
3542786
6103740
25787059
10554947
13322816
16112118
20628114
18074176
19234123
38125209
179214
43654133
24532313
3818836
49590822
19722901
30853658
6405135
42194593
19225576
31607074
19865774
2650192
10383592
22036576
14191715
7420078
46407129
40180453
29763409
3727624
33615904
1248600
18619422
1877000
46837349
45948807
38305881
977747
31337207
1669024
48932465
9796010
34259757
20938617
11382737
27626492
17937670
46674797
42311525
29088308
2728463
23810682
24991433
36049033
37191160
20995162
42250351
27000052
27119663
13668456
27167767
48322416
48251571
48548332
6046147
44708865
36879087
28504860
21370800
10166945
40176574
22054891
28656941
17604006
389485
44540840
8570008
45625825
9160356
3643927
46514450
43037859
30319348
31603686
17070895
34227923
12347449
42917601
2289659
5735781
27386034
49877424
11294613
44757777
46398222
12445701
12580158
8163010
46302939
43062650
17414386
11850399
32919388
19147195
16628193
22402458
25446398
19898722
1436675
48903043
26969901
37126401
5110895
30490767
7544964
32456675
25055134
37178265
12345813
6720889
18714317
24111984
45496888
49945873
41971831
39279122
10964789
41717490
39747632
31162682
22814847
40687931
38410809
44353850
38580094
8988882
17386170
19766962
40601004
46118821
7200587
18273483
48346887
1007551
32922480
10046561
40282618
14529042
22225694
26325615
9253893
10513115
14122101
1377523
49899750
9341460
11187079
12996973
12929165
15251823
10122904
3855344
24094496
23253879
7099637
44244758
7820898
3040028
8427399
7187491
26430525
18106668
25696315
2314306
24812117
26217261
6374233
46781778
41725152
4716494
9217046
45661006
6122684
8094574
2995418
25555638
24156336
46219243
17248359
1701449
29667802
42844632
26070188
18335015
6625151
2712768
41279608
18626962
21985988
9210124
7975994
14015737
45007006
7028872
34776180
31460273
26002538
5543030
14089998
22514545
18893808
7943451
6860412
41828055
24829899
33001588
17078906
23339134
38967379
9635946
38967275
8549552
1406118
17982503
35683621
11189253
30818442
7540852
24041002
27741404
40137993
33114828
13834499
47952687
34502005
16422021
7525286
13131252
28708880
25803633
49038410
26329759
19728643
8223033
37127463
15839090
36221093
8329727
34690648
41861993
12911567
5270787
12502744
15123851
20510425
24545746
20060671
4940563
1626628
14790813
13526771
5241504
28901221
6553903
10680323
41604850
26289653
37739372
18604271
13265601
47924121
13531679
7717480
39380849
35099481
43757229
13111959
20264334
21369396
6718315
18432840
30036080
14155356
32922717
20863960
43155032
7616191
38245952
27078791
3238923
33942270
37682040
36758607
25937389
21673179
23335414
15169296
18686319
16279894
6897535
40631968
150037
16731565
46066715
12811031
13005924
29175229
12032030
30682927
35403889
13733993
25268490
11576255
30585626
19793043
9164043
18981063
30264485
11453104
9159639
10217764
4882809
42689648
3119334
16769384
5693676
15637547
45521291
17469306
20939340
15001407
42206807
31659085
15294103
19990322
17360373
31929434
22876653
38598671
35225260
47302327
27038639
23148566
4829275
26532371
39520541
22307784
9750958
20792960
32412538
11313421
4498316
17171285
18561667
1013222
17882203
49284
16435295
28595693
20020017
44996674
49461288
8630032
39966682
48448236
2500550
31013336
39763772
42264476
46764801
24666018
22319032
48648329
6706042
31381544
21502026
723147
46149033
28519407
33676990
48608360
43716497
26981384
10208805
9193366
46558273
6023609
27195497
29447490
1997444
22881587
5280825
38585760
44436297
15764593
15392153
49626923
11446300
46339173
47749603
21959096
40865345
13118761
7582491
15989332
11256939
37427752
6564537
12164965
43845578
9151505
42245667
8279548
1716989
28409312
23637119
21699383
21422843
27519052
49529733
8358314
34890690
44667943
43879631
44154211
2291026
2054255
1454560
19648188
29864014
2987879
12133636
36310552
40351359
10779462
32978848
33950954
37849252
3002319
20912852
44353266
26847951
30041143
24604537
29216218
7919862
24340669
9918974
27936985
5523330
48141623
26125781
38717408
45102397
27274282
40951615
29612396
13627829
29331763
39972852
25480231
47156466
1291854
21774383
27743812
35197588
24094680
10839557
48111201
46011166
30611909
40100553
33303205
43691851
2271228
36764725
48957929
32726635
23326108
5908310
27164298
6469982
48534411
39985378
41405128
19129386
49769185
15978868
28847216
34415948
7541859
47407412
2897139
20709018
17651624
36254715
38439174
4045743
36358050
843477
15920213
487237
14342024
48509014
34910805
16525541
23711863
40827793
26605800
33883429
41678393
22497503
12787016
48087013
7334264
48044010
31450929
46709198
1230461
39584700
12017266
29958941
49444248
11251981
37423198
14135768
33900654
27078676
28608902
46075847
27398120
38053374
31406102
32180767
9009770
27331655
29707622
28866107
27085918
34359907
41186844
24295207
34602512
9016775
8182854
34451185
17479399
46972964
13384643
48669094
5392552
33873786
14747912
9421995
47825511
44078624
46566280
41376773
25873917
34108071
41344148
18828180
27696882
38380121
16015688
30084677
21865372
23233695
44266753
35884265
24719201
38433393
43559682
46188703
21780423
37039952
18712782
7352367
9504909
14979519
13917012
26894727
10492015
43672195
468426
35742609
16551699
9838900
45423067
49332843
48670747
31627673
18724076
36226097
5163956
6185220
21976798
713832
47353334
1964535
30958160
47986422
14029897
23042137
36939531
19364215
27203185
3691980
11536776
32778664
13537540
8732195
31882466
36753539
28959486
45449329
16389160
29154061
3527971
21794112
39579821
2000858
43229354
47655430
10106627
47864427
26536686
19292573
9524297
16284388
22231283
2617578
6948946
41796037
49189995
42151251
8916044
42193302
44844732
47132688
47052231
42881850
31853704
3442658
16213736
14505056
31900903
21950300
1033514
46776551
45594614
23224485
42306383
18126556
33773120
5838229
37839485
31395595
11254477
12980110
12124067
9142880
43082561
41489982
27008500
12953315
41321970
8745767
16522098
28196677
1764137
18040844
23043777
716592
41810858
42329088
7117225
2506012
20349510
35760464
22682137
41659383
12483190
8641976
18374560
36780556
3014259
6492696
31359163
25292822
33803961
9570157
4935528
31704293
47210599
24647179
17181959
38123929
19055640
15664490
15856606
395143
15622569
22651627
35137925
11285252
8409594
45622228
46950445
3630995
28848350
37601306
35068133
32356474
26794925
17008642
42283524
22021214
35791662
24987108
36792853
10248093
20442093
20211547
17791315
45556863
40981408
19110570
30943211
33468233
46013711
1438207
5812296
19793014
11895263
9398116
15456964
21525374
33001397
18420972
39977058
41486025
41038916
5947433
13088731
46677495
21961765
46472882
39083336
38803834
20369556
9184404
5002934
30942489
15787782
10139237
25587484
45370436
15318518
24592781
23834895
23652428
2643656
24518171
9177115
14863662
47665432
7440127
47681220
41723095
20149589
46730402
29305273
44816621
25851738
35690137
35645335
44050619
21628779
11834858
44145855
13791595
24641821
48041064
1629290
40781300
2583757
24400043
8371162
12476234
44258435
39618843
26589394
47189891
31743035
19067241
40665043
35807942
49356426
38015969
10971643
34197050
31341772
38334582
38467163
37527747
39035767
4282614
14400766
20830145
6254934
45462113
13450042
34503633
40965115
23462996
118013
29876414
16145078
31748603
30400069
22517468
21856055
21552982
20004280
9115982
12926858
8243416
44528711
23982619
31193373
18060718
6180153
13039910
38265337
27187453
15469071
2624037
10680413
9976328
22868526
557488
48420159
43121814
18158611
17967797
36010348
49538790
11757495
46560348
31702792
1685846
43725137
22057231
17121897
41206493
24259267
243710
13392818
67059
42084621
41960516
16651724
34624508
5949614
22705604
48218581
33295293
34108786
24529223
34658656
1387800
17601849
34805561
12949603
20928546
49285191
39694465
23651980
25079193
40742453
42943038
48875486
42332840
32191361
19328590
14303814
31539339
37768835
35435677
9682936
27901351
31070238
37350076
20084039
48182585
40713234
29735018
40333240
14278257
33883962
44065522
5324801
45239974
28340620
3504440
48357081
9628819
33676687
41678457
48659127
25183221
3979498
24388312
28512567
8046679
39822716
2954718
37239573
26168669
5938495
25180989
6747777
13152789
25578186
31471617
10528104
49536259
34909190
3823478
44269223
21971646
32901593
26876965
25058478
4861714
5892977
26881379
44570686
38620226
2768857
23379808
26977622
24806830
22650017
18161510
11625383
12675010
19954451
42586418
8230404
31064302
21024102
5824418
25703588
27805246
15764165
33910132
5870856
26329087
3961907
6186340
27689845
22781999
43070456
42073708
792756
14010533
3314231
49014950
816328
31875588
33561293
3133655
46884417
28897838
39396410
21909106
40015822
21143789
25138633
43890570
15792760
9173107
19576601
22483175
37578461
11700398
29336854
32171191
46206011
46135706
10438376
39916720
4190233
1999919
38079831
34602299
25494318
28013330
20942608
24487271
42962730
43149691
15988407
39707000
24879955
35683927
20284057
26542095
45319280
2848584
5039474
21031683
945179
4833174
27353321
18455460
8470828
10560152
33159031
19621275
20430464
33686626
2036147
33505960
47655570
11568078
3874817
14389744
10817675
21727119
49646218
48038744
8573836
686342
44022556
5869951
49330694
12749031
32139310
42811240
408716
34895260
32807776
40556055
40928338
28944874
33553420
213485
40456066
11671855
47745410
28876928
49361586
29831079
31419879
19459454
4977803
1675062
49171949
23077550
48208662
43351494
6282229
46477174
41211511
43049052
38540834
10377330
41869506
13192892
12783260
26815876
48740009
39211894
29114691
20161213
5973474
4224886
30331265
46382736
17981434
22323926
2372473
27019362
21081802
47956813
19430761
31509071
29153382
49413700
48918982
728944
49526263
24329194
16240029
2819227
24235983
44255936
49998864
36410178
34537909
40792475
3701546
22386960
9103602
32204730
31687217
29721641
32662418
12201844
4918764
36606426
24357822
40355059
19419240
33344503
19071812
37590435
11944721
38219987
22533983
27934611
21969728
32952082
18422082
35288533
1880677
34683041
41911816
9453646
41921516
36510289
42470898
9933460
1622634
7838613
12468516
21136309
37863569
4333852
31062659
361316
4651584
45063678
37350785
6330468
31326194
40891611
8180847
12041885
29821560
12017501
16420941
24608881
24205947
19713317
14005623
5964139
43019580
21085096
15076615
36169751
14315682
15032327
21176363
2377379
19720676
18390780
8971199
31332965
44445153
1556012
26038123
24212856
38084059
41195477
41070061
35791865
36377441
8877610
39932730
2414075
2299704
13132595
43128699
34824700
45212613
23181196
5354744
15706556
3367847
15265909
10289114
10909758
2119093
36529249
29577541
49391514
21135242
36837821
47830814
36445145
17174816
6039940
46747684
35158564
18098848
35726601
2633185
33012130
32152806
13342034
39746772
25482424
8183036
35733659
20292501
40295755
18530902
22594969
44780494
29304891
16164572
4843945
22457545
34264566
37302371
11054099
42675091
26230711
17860534
40344198
24941253
33657668
31553490
30653082
12400787
5651713
19706474
2260113
31843600
37887697
41016671
7224532
44297429
780302
18839246
6103883
25485257
16036736
39558853
40736711
3279014
43142547
25062949
14293093
43263891
48639133
144206
30315183
31733926
35548821
42393433
11906367
33654196
31172359
47081650
35668142
39811101
4396463
24104185
33309009
46839000
11962223
11994941
26718008
37554818
41315834
1750375
10450649
12549674
4474156
7164313
38217648
19698720
16706092
41721293
16217721
10041453
28144670
21604754
43842728
42093555
22125706
28320072
26375149
38663060
6267439
1148016
10136178
10646001
34882926
34661265
4343427
19373817
559172
22326035
43988217
43807952
29302798
10409117
43933435
12531842
40071866
26306090
45642558
18538872
10073066
19696578
17625611
34443326
44658010
7585526
8245491
43108623
42508130
15891102
25797458
2206291
40024918
27062083
34353074
12122799
14167190
31191481
16421174
42714752
6505402
7564493
28387555
36242259
8128772
19009071
40097136
21090892
30936099
47343814
4647223
5276792
7457231
13453982
15567970
47406748
25265910
13846617
5849093
30621555
33864536
35401268
29926761
43122358
24113124
41409827
8488759
47712529
26317301
20028359
16014988
18231432
38068018
393123
24389005
32442965
9105468
17930371
24740863
28791418
15079015
44151474
45132371
4211086
45914034
19219454
18541014
40691219
2202813
35242881
8804462
28207180
14690965
23710745
17857373
5941651
47445233
13401473
9710647
23149200
46534136
16179061
21352730
17130635
40627643
5678031
27163700
26640582
13533352
36192343
47787592
42770083
40545750
34803678
36682385
8327078
31423912
29572246
3945041
26730473
41999946
27207295
36008988
28635639
6666844
15054038
38170923
15637012
39625872
8119188
3595516
29103053
8282828
9639747
12290731
10337421
12596125
23900161
32167974
10857266
16314975
40008746
38851238
49925419
27584193
34517651
31515653
23452346
29772003
38843709
17114355
3236444
44078666
25838999
4238305
29906100
27557904
2104256
12348526
39234958
942888
24626901
42084115
10350242
24206443
40824230
28511898
45415754
23594976
45885482
46070221
22799437
32637004
22168710
29630677
32648438
7163678
8662213
20657915
19120455
29647784
26526770
4727735
42321769
42978847
4311768
33651150
15605524
23498284
42307289
2607845
34733565
33231500
14121458
11166516
7694276
16277679
24775416
16153539
1759567
32523426
11344121
6886398
16062594
13931829
24715748
4557823
44723394
1017253
28818860
12627071
1008702
29286772
7419806
29313582
19352537
7114927
42590175
4774791
5977515
24070889
29308544
47150543
10335846
26680485
34355168
5108405
33636261
10371683
4150827
1438952
535447
15716679
27296974
11854746
45644360
7125694
32125124
31375881
40629534
33016276
17237053
16990607
44345151
29119091
4823012
49142442
15328210
26491013
38266288
1007947
10358310
34202727
35248438
2997076
36022013
11276134
41171568
32300431
21468921
30317893
23566187
7053513
47256586
32596917
34487064
31350290
12499636
33575503
890743
49919153
30567344
10839567
39816006
32674311
35429685
31381281
33866744
32731433
25158927
45473461
49159017
28877214
25853616
41704334
30063325
43849529
23859509
14905559
40905656
41614357
20551335
36421717
6517782
7027276
2961093
7689698
19184969
9721216
10810490
25994420
40121583
2793197
16975864
17154054
1257473
7848613
3783340
16029730
10724620
38793565
49164981
31280765
3697330
40931540
32255731
26266450
11848769
18839824
3451274
36555655
10712477
30115678
41435925
5842964
48276072
42702056
18249179
18501119
36268673
37324611
30779846
47068162
43140299
7404106
23213431
31007193
44391669
47513162
46884598
9051744
29550657
42721709
30526217
39128927
27961576
49291003
39280703
35247297
49259846
18498070
7332540
23540343
38616533
6651167
19350
20492636
47183905
21927808
14934235
18189202
13270028
19224037
13059620
38860354
29680855
43965125
29468838
47570363
32434298
1366569
7061434
21837380
7698849
33826148
15717232
11140901
174750
21596702
20726757
15599776
27574745
36295523
30768057
38627452
29609096
43029739
46205387
38893828
32350695
45435382
39620914
37751746
42890828
34076084
4617913
27455842
7563454
43698991
24424975
34996465
11590360
15987543
32981188
45133292
34793299
49095811
39783313
31811277
32449441
3240479
7657626
37009277
35544701
309901
13981319
21132393
2072652
41390116
16820488
13179097
29741128
4628558
1656113
32483034
48301691
22327084
16708998
7195637
24430318
1278170
11349478
37284279
17959046
42846713
4350221
23477675
35936578
21873396
13979721
35582211
25429145
35075869
17609993
40189172
7416320
23663951
2339207
22387098
26939443
3560582
24956173
3118232
42638065
47602910
1116117
48669485
16596330
27938571
43155558
38979483
22314294
30823652
27743075
14914285
18945222
45612363
20175335
37851159
39135082
49819759
47689128
47610660
31595822
15055249
22306027
45472116
12643401
2102181
7883187
48292171
6841493
22692740
6406683
4332101
47232166
47585116
33169425
37873050
82195
6646806
27481735
45462118
43750684
9380461
37724298
29749427
38055958
16456926
48478526
6768607
19975287
3054982
23647471
28871349
32341907
19392600
23217919
47742546
46108384
6321808
32285117
42512962
37287797
22673966
10174449
2829015
21695828
44133016
9355220
6065158
6847554
16354032
24754131
19433541
49379408
42085638
44761972
3615214
35776651
11284147
11415725
7687396
11705633
18879265
33725416
24839164
14063230
47685258
12207704
2763999
37736695
31287038
8747124
17365736
9324278
4438586
24440176
38724159
11505664
2872641
39848518
18564759
11554406
21234685
38531611
27881718
38274451
32428277
17246862
11238453
20410587
34183839
28611865
44503854
4478865
45426148
47287256
14486864
16747160
4278916
4447640
36030531
37474497
16390337
20709514
7637549
44478112
9181837
36457340
36762258
34381914
47571633
23995617
19759842
37655430
48849817
11774687
40682692
45205118
28252615
46788688
41046601
28591730
23976897
8463354
10048679
20948359
35644629
45578676
34949975
16697601
31123454
23454131
10443522
32392570
39150708
4892530
1224443
11533716
13850563
23578371
19084584
27714731
467976
21960169
11291722
33295569
31749258
1281747
12606158
4232513
14579768
12232344
37854758
23811812
47867545
31357122
4647540
384843
31739391
31752962
12499204
10876998
17703931
13186943
18393922
24738336
7476102
2308936
21693965
48254065
40802850
24699410
10469556
7722308
23769522
15365296
14453835
45978644
37265631
19760794
45205162
28775763
29079987
29322135
36854054
19734768
16623966
5480385
49393270
10888279
45376708
6929791
19297933
40498157
5018331
23115100
11934415
38338429
29750835
6202620
41478519
6055947
39208649
39201463
40599374
18324419
30959388
45969455
851538
44206384
33873727
21356204
41590904
29892790
25195305
9780170
15244799
2204772
30498398
32365173
48688361
5916098
21031579
7490719
3794552
18683807
5550199
17153899
42667629
8139773
18841462
15367555
5929994
24789355
10161593
49716411
15256997
13486998
48394404
17294094
18281843
12857496
40473096
29390830
49514518
48532056
30394370
5444574
21259016
13151259
592363
40322974
41502219
824901
6673336
12157712
48462347
47424295
749513
27943741
19604965
42229592
27453663
4888231
23377337
4360505
3755192
18040995
49134678
20645503
35220720
30014465
26196174
20608158
14449764
10638440
23324833
4368264
37448945
14193887
36694680
49445275
36266636
18580366
24236753
32753352
9036374
8446226
29694506
35007943
14315135
36872896
11583116
23870447
26278130
14458556
44339903
49054318
49878171
30468176
22399025
8794433
42672678
45222012
42761600
22581882
18063595
10904989
3179574
3220482
29442173
7020157
22168251
27659440
26410819
11556322
35533884
47663866
10366793
9822128
36500637
46004547
36848736
21989162
38903081
7043477
15271329
38460153
27708207
41636793
39057471
35906434
22763892
28378510
44290473
45633066
40987807
49495738
49759024
49736388
33234757
18131227
15469875
48565829
18589843
19951206
4810377
30789586
29632164
35834921
41472844
45311741
30696575
17329245
12819186
26091834
29739930
7475145
8598441
34087067
7253869
40239079
11872811
23667412
26950978
5443321
43101616
10363096
962866
37734698
39615036
49337331
32920117
34802704
46377839
27489557
28517906
36666394
11538280
34605033
30901435
47662682
35182034
44250027
9355559
37036567
30032512
22651437
49588194
47405095
11821680
14649291
3049751
6906231
29356272
31799928
42348587
9775654
48266715
35420991
42148170
29940922
44542225
15214131
34253190
1356231
6919525
45492905
21475331
31278540
6130555
31783014
7394483
49743730
30076902
31402560
31545418
36350593
23243252
31517214
35812700
47308094
18654739
36634472
28091354
10416700
21025288
30519356
779206
37193303
27687825
32734135
44776719
25844468
20504751
20246024
27143002
19855952
25743629
39663290
37133389
12638542
19786648
17250895
22362001
18597892
17661972
37942499
48611944
36529351
37936975
47695450
31434866
43811500
37824051
34472482
42161350
30550460
9991800
33658026
27048375
22871692
4769157
45750335
42714335
45616711
28707188
40569165
40839410
6593574
33023946
47677476
38175485
46089554
27846571
22311252
42551019
34173668
14387889
37410513
11200339
37887686
7463633
42826706
35123133
18306540
40408219
23651845
13816807
45910525
31141615
6506351
29978650
33103767
7398155
16434923
11010619
18567733
19782223
34835683
36394768
8007586
31554912
692499
17997308
49915193
1330865
600760
3114416
10609163
858322
16161730
8491266
36263044
37745610
41487869
47398388
41545307
7162988
21912826
25402320
15671287
39094272
8040679
38568485
26830503
5567291
43193643
39378973
28016320
6299444
6795514
44182369
28813513
26683940
46129574
11092129
21026628
36380
45459827
45133606
49931377
7304757
10946884
22454721
27800046
36830056
16743183
24363500
12699786
48309990
30978830
47342186
15035530
42798894
42664295
49665860
23694584
22319205
49694646
20553041
35385696
45138797
43178086
27008774
36766544
11266934
31363666
19176715
19302717
42551448
15406314
34899501
36507164
45519207
37187523
42682792
14743127
14555942
20549654
43184589
31696392
45516118
381161
42079614
10663226
3105238
24021113
24290916
36786940
34106071
16689977
2823347
33326426
40921028
28249328
45166094
25802169
33190232
46883760
15887740
46038960
14046780
23706587
13238289
33355157
17379848
22713025
15582209
26807392
24671866
1123598
14313747
24223921
20101732
23881876
25621264
40433288
903874
13320503
39336967
49022392
23318707
17942005
2599704
8557775
2783618
48372336
41336252
30647691
3073559
43576975
26809364
7009820
43819691
7377546
43015148
41981082
30935596
17758962
28628039
46573971
28048293
39358719
41509242
7490155
19434311
35798497
10785039
21306555
4016434
38268845
5547719
3213944
4003113
22819761
31122726
44115464
17947778
40377731
25407654
46148049
46041022
38883419
31721645
19438663
12248486
32137243
31470415
21785307
44496730
807660
7080757
8682187
17647204
168071
32833627
6518108
46563604
21535135
38025920
37689675
38071821
33632221
41573871
9441451
22112275
11223859
18119232
13097492
29780839
34061774
41749231
2584818
21239544
35034195
25409884
24403754
32137542
40113417
11819960
1314943
12941595
43324533
29285652
11040830
1039016
10971990
17699526
49393562
18688929
48055835
4976052
39775860
11021614
22451309
13048383
31123228
13599601
44139286
7467304
40638184
24416875
25828691
41447170
31334151
6695799
23410458
35764994
41971832
34249408
45489062
40204979
47191883
40714798
20705833
24912884
23396082
30288286
17121861
39811558
20464548
27093887
19685088
23135953
29740752
44796137
40528515
5935118
31646186
10546998
3425634
23348337
33635373
3067951
15594615
20375671
22356950
7818656
11520562
25410582
7788726
22521722
47301168
49324830
15433100
14709729
15937077
43558531
20360450
27597235
39099696
6927419
33366403
8023723
9982151
32780236
22910829
13269394
38270698
18837343
9477588
7148350
43282902
16526965
35281734
2556667
16247372
29829068
36838784
38190169
30667909
9908956
2112423
19746056
21873340
29324629
10536908
46487694
21420507
22835002
38906368
21432958
26094943
32780993
27187454
2829074
34724580
9204002
36358930
25710284
42986631
36560869
44194371
30634078
17865192
12497736
40782800
2258881
3747622
21685388
19305084
48666200
43036689
24015410
43092462
19070285
30982765
49253326
25594288
17189524
13735601
43437227
25633291
24903975
16578749
21744943
10532586
45056211
13177741
14659282
33297055
35653905
36746796
40821696
27646708
30739693
12642217
41219332
9510702
6980431
11739645
36749367
47533746
9884891
7776453
30297038
47309102
25942369
22569959
5580781
49346240
38120828
2295339
16945864
2505484
30455942
30357308
34304345
48024830
20706926
6028684
3430348
4826709
39023353
16051200
40402449
42109233
27473848
1089430
49603391
3779780
2669718
38607753
32966112
10983412
21228248
41480292
30801692
24575734
5507783
37872903
36686448
20233894
45596877
3081165
47913611
16928590
43423339
30092478
13028482
21147916
47031004
44785334
46322924
35452392
47940078
42921971
3041693
23812655
48886479
45118095
31061172
8279222
49636525
13940821
46318030
23748845
16865185
3037744
4790973
17858739
46036748
42453900
43198980
30945246
36069500
10207601
30699709
36863238
26131285
8948336
12576388
17683846
19575968
37161356
22122625
41411691
22034572
46326518
43257507
31844925
717627
22737105
48825409
49670689
29041938
27348915
43890365
10136796
18643911
1463235
28754703
402527
49994699
34472114
9637971
45382254
34100471
38030262
28584275
16050646
42580886
21985747
2096313
23037731
26201655
32356963
13267323
37643565
14713874
17680331
47674384
8730555
21419855
14139028
46136089
45252194
36124456
38017421
34955648
15465598
45730370
2077351
10734795
36802679
29773403
46561450
22553071
7692450
34140523
40839095
14860549
37088338
47825712
4123838
24352638
27732705
38100070
48931150
38885031
8064806
32825251
7996316
24695126
29552342
37596075
45039702
11682951
30152337
45239387
23291047
46792601
37216528
48944558
40699509
41384372
6018226
30952191
37874745
44576251
28344715
8947707
11666556
23479163
4379318
34049471
34488211
15660788
49566034
22146008
3079142
43069566
1420146
16549891
14692867
32694733
27739911
16687556
2964332
4736297
4107178
14336187
49342647
49241360
47879259
27170357
9822346
33100019
44702892
17409017
35967094
25474082
30016048
24211379
43398608
2054762
46381954
26102119
35372905
22096358
33914666
948001
28136386
24596207
41213882
40469687
8953875
22650836
37300929
34741806
49319101
7054638
13615212
7407678
20271555
8439645
1740046
11224641
18828913
31760772
42376188
40351174
31731352
43981259
49708184
13177330
49072893
5673544
29778909
33134461
11465935
46528689
7108092
17380791
47865878
15827425
8566572
1784821
8586125
34037538
2058564
29003086
13075252
17337856
26701601
40229199
435338
44402311
34473358
867001
45541038
39043736
21596159
49390971
40854179
28584391
15457472
9700773
42361740
395390
49502987
21487989
44957605
6580428
2142148
21235490
43387055
6888045
2089649
25907751
28745830
48883880
23808556
18617751
11848792
27844812
19705205
7927474
46294961
37442531
42851340
31042323
30530011
32305382
37530611
5499412
41450954
26607489
26797561
4350594
20615696
14205508
11274977
14965801
13593108
33940010
35827400
18641671
46848038
6919491
31541477
4898766
43667660
5605847
34265966
15410155
21931356
11437587
23169745
46589768
3015456
9547250
12024760
33963892
8320663
31131796
750993
25136632
5024599
23719351
40120273
15404517
10217726
13033079
47589992
43669947
6654220
9673414
38122567
25703841
6581728
22628779
9563050
14465225
30406767
30599847
36153548
10141283
1791431
16584164
3758638
39857495
8991282
21932632
44608220
19543616
30660423
48328336
32046957
8326805
8419712
37784865
18755285
43587068
48374237
34042878
18319962
9737446
32660082
887787
2200778
40794109
31179647
43755041
40756715
20174918
43308759
15966746
212828
6468210
37720073
44669377
35578956
45589107
36623406
23952823
2568079
3159867
17373456
7917293
18297200
11563291
27560678
31728140
48906649
49086160
28004519
47279072
31315210
8359359
27194957
17966400
9451810
8532096
1918489
19695206
35865351
45970012
4215288
7035897
16411522
27541547
39969988
7949819
30867950
25442857
13469518
9310419
13095
4563601
32109195
44558729
39403003
25452953
6744394
42849647
15060828
47899849
42060243
11564934
26864160
198277
37978075
7011401
13147579
44485994
7175416
28710803
8754744
30905613
15644942
32520740
45312504
18466276
5415465
31184732
29799713
25074404
20055895
38169243
22437737
23347361
9427654
31462441
2040050
48058295
18989713
10486558
7889173
33561675
44561102
3871253
20928945
49280876
47680393
45999002
15137202
41018679
6801456
25674215
12818735
6028235
13967040
43389648
33806085
8900993
25481144
17866019
41762494
36913805
23975691
36211773
14255188
25408846
48896991
11110417
10805831
33970901
10935568
46032220
46511503
12436042
33724440
28245742
16206023
40037519
11822274
30525218
49191714
28489121
4590668
34156284
48430843
28911159
37749501
21654976
24432138
36144225
2751458
4376863
18266339
6529430
26634488
46668827
34463407
29924710
44214821
37935645
30767706
45215312
7417470
48998308
40384429
4829404
22649097
48268427
4024449
17540829
31548758
47457655
25345175
30980255
10013753
17694387
12156471
45349831
22572641
35821789
7507489
35098265
10342248
34368410
2671700
8904811
29687475
37189392
6706002
21880162
12540009
5209133
9579484
37115592
2922949
43923179
14197580
9346855
38418604
47023387
49013498
48636815
26279130
21047417
43924049
6613429
20141605
46578457
11448481
14145242
44341373
41056366
9758575
35787950
17939950
15797662
48025575
7468997
18738655
36930001
26475748
25769628
10145916
11330980
45512565
48975134
5084992
49762544
4965917
32460326
25756901
16552501
20305094
17932418
17991858
36164362
31201697
37703372
6647397
46178499
4968258
8123605
19659170
35344671
10293511
8550905
2935215
24416572
11984430
7872807
17714779
35717214
22979213
26763851
46776412
48481869
9344754
27942705
39342655
42571450
8397149
13328189
2861226
49543343
19348323
46510007
14570866
12874892
23368505
49311511
17307890
4870056
47719133
22637685
11934889
12290729
38682428
31887981
19042426
20077290
19761252
22693759
23573361
14130500
1558697
11533893
32815789
14772077
2613259
48677282
45199939
35841304
9876788
5873122
49491681
43304200
20919677
6180668
38510946
10133728
43447962
33368624
27699449
38255577
21356678
26058193
45116907
44109492
47562172
34733993
47193575
17320158
13459129
5788375
29149622
35569383
8954831
31110003
3466195
11461453
39332722
15910891
5807579
35495766
1608090
32177435
3351739
35959487
32705760
18631265
38017837
26214805
34620609
45142212
3402155
25984480
37397213
10646928
6108731
5019694
37896810
15568315
34866019
39992524
7525752
17688990
26780211
38387809
11336619
10568802
16112982
45969539
43948270
44770502
13320935
14911128
7423067
27269471
31462477
43198958
13991659
11091205
24983205
16687321
25870781
37026864
49419115
16083864
22266920
13343436
29191630
26039054
46015180
1126325
1228609
34315410
45066048
8282446
33332622
38141246
14246943
20796909
33594593
14284091
32011299
15929475
39582541
27670267
23399645
4768939
38091853
24135004
10741157
23439198
30440110
31667131
6900772
149191
38975878
20563342
1033443
38240472
16015479
17958948
30251470
33394502
29193401
7119373
25474745
31921633
448294
13485551
13015889
41516317
20085088
4505534
15197210
45726736
33222081
7462288
44342966
3693865
49008908
26494018
28704578
18063204
44909746
5490510
49201821
8947404
31040428
110064
21886835
866320
7923254
6817353
33237412
17867685
29474498
15554476
24969471
11663623
41551446
38552606
42418366
39840433
28106995
12987490
37019428
22826153
30747650
34897860
45815424
34912289
17108616
2538631
40973578
20622730
7179496
27820658
25242104
36341948
43663746
29584393
30149463
19030856
46113039
25705100
36734386
753338
47257253
43756892
40859653
18334375
38490637
28434162
31400259
48022394
11472301
1579877
27770728
24379015
45123531
20884653
40258488
35511294
42233065
34115815
22083524
35462580
31494866
39808325
23998164
37750038
12401105
19371002
15529145
43975020
41582057
8108723
20761368
12591144
22787053
12375044
35227891
16907787
15651227
10523057
319614
4171910
14085580
48536132
36194230
46435856
20771495
18131630
43669768
47494813
20530990
23172093
46554391
30073728
43333337
19956915
45599280
47607151
34990079
11433266
1343247
15246986
20143635
16641536
26620762
14429669
48255179
13611301
36666714
3939233
8055978
39981580
18289831
27419185
8200624
17208429
40088036
5526007
39726973
18319815
15557627
32641395
12937046
30397353
1755996
29313857
7250139
37299994
44642852
44377512
26252508
8165896
16045189
10361302
18488603
2419359
16022891
29253921
22066229
37536242
21002626
11300121
44820574
25450827
10970938
8555178
30553149
3108263
33236308
42147368
2979937
22423926
2666464
48208714
42271559
8612008
7008253
34380300
2573881
7380467
11643112
8433654
38545614
28784980
40750987
41113783
32631747
10910780
10834716
49573230
19304877
3079168
13449846
642551
32323263
44414600
36638498
48334906
1642534
37946965
20793912
25840377
21459653
14051661
42708904
31291900
43176029
39765983
45805479
25931909
22212140
31841395
13210026
18802269
27830196
17684325
7007777
9656281
18490050
31463248
34206653
12091234
11460271
43535297
46300228
40092497
35000106
659128
17619353
31306349
42652987
34095294
13023824
2729988
32749025
42844448
25273283
3871362
1311615
36964374
2254056
43953740
47008329
27166630
12294185
41675371
23653052
42170615
11654650
38647563
14931240
13674178
11423980
6838028
16139118
6847249
42034473
13183927
7050180
24109256
10691437
22533454
20458935
26496170
16335982
47274598
1945161
40956724
25722373
23523004
15671736
27302178
4966070
46505863
29053145
31114080
33639334
41559673
38359515
498967
716618
40554264
22639391
34766417
31814206
10946
2508179
9254840
22107613
6881311
30142559
23574231
43166717
43732420
7020600
42217660
9444131
15118984
2238639
39736040
46493847
48323025
40577335
46602472
40253842
2859939
33520351
13975004
783704
41688504
38489744
25553989
21075987
24813159
42034052
20056842
7937833
37621037
49591549
20770877
13888253
21211687
24973844
44835578
4612563
9501418
4384234
15726005
40682194
45364074
30749688
5184916
49662201
48841263
228088
34364129
31776417
35497481
38562383
40949824
26768161
26054330
20730670
16183562
23379001
22555915
11415061
14411359
14727662
35843748
39441517
39250213
49211247
35767290
10869210
44827998
5288561
30426129
10964658
47978129
10909683
31403313
6567137
8355611
17804189
48659466
15109351
44919794
30566232
10197097
34591589
21932239
33811113
3835667
15319591
10681523
37479819
24028183
4290619
16126443
17004826
3339396
9808673
10698528
12127842
10826896
29328091
11692153
45042512
39675401
31371454
33413937
13127739
28978573
14643521
1394431
12068744
20298032
30613893
30776895
29640693
35882413
38417958
31608473
41068671
12037238
18977554
13712563
8145445
46877832
36458338
28199550
15534199
20040387
20921953
44984091
43997909
13454210
40681301
23946230
48662148
9151534
23237853
21127627
34054134
22542707
40825801
15526978
35297938
2806140
5857853
43387480
18937064
31615506
36113330
18048969
39091269
27625662
34069188
83626
35839645
38675012
38031389
16438993
25716943
13340943
18926581
13877581
26445090
37215443
9104216
29838851
15231165
7106986
37380847
19717171
18280055
26202065
42576557
43497265
524875
25125338
47748870
2106823
44891823
38944028
11851204
43599059
28266385
35712703
8413094
44664297
34450543
6472044
40887987
25920310
31935446
5208232
12386977
18508444
10550927
13166652
12073412
31304077
32267087
41497115
2520978
17548462
24444918
37996900
31381670
46126130
37919106
10138397
2410238
1786370
43253341
42024179
20769638
28352802
10938199
46348256
9007382
11507398
34654111
32762926
18480926
17742338
27788075
30080699
675302
25629384
24398848
10674529
8233481
19164758
3402584
35751199
32050340
25865083
24383473
17100067
24226972
32511395
38093659
40261843
49062412
6293491
10314176
45988745
17736519
7364432
4336179
3661066
18157367
24297030
35145195
15605516
38093791
28120440
41521467
42771644
33327312
19272260
46951969
39863583
1301006
44705118
25672317
45027076
21549481
32335956
11533607
14780518
10229969
36427937
42748137
1865924
24396142
29426650
13588066
11668245
15191971
24498286
26670081
3322547
6289415
24741098
42022197
35870992
10502604
1493813
20952612
42870360
48075643
5141841
44657056
33336327
43480009
27552731
1998517
39406404
48720055
43274067
32985504
34491652
46380310
46388437
19624316
32752343
46634504
46850210
23340623
29409524
46252092
13360185
40646875
41821932
10156088
47867891
48359007
22573363
24154210
35513106
15804803
35223394
26339657
27497734
38479407
25381960
14218092
40929363
40424836
35595498
45811035
49042544
46707287
31114422
5826463
10067388
42771581
8333458
14883087
2556761
38030133
15128943
34955139
46713798
43762250
37544073
18817155
31424664
5540055
30764352
16705626
1129971
33155125
22018143
35988014
37616504
46050318
24437588
44782422
20488432
18609088
38447382
22191378
1710727
35108408
31804883
2284298
45427868
6504282
16298930
26093391
3500927
17054224
45992774
7026328
43496990
26379849
27073888
21612111
31803140
39356308
47063216
39708750
34292128
34669187
43389960
49959064
17746814
31593778
19401231
13657904
42781205
37090720
28157392
47182800
25191740
3661483
9556478
46882686
45763773
9036593
43355326
35720539
13130538
47972001
29422506
1610771
17090026
7642942
16026157
41663799
44158202
28796818
13389313
456319
46049919
26875006
29874586
44835157
46582635
26810293
22651531
34674312
20347883
2939843
46743584
4444071
22158647
31742140
35263275
1965480
46128783
2775938
20996969
24406257
5754835
48343012
35141321
41935948
26263586
24170784
12325366
31192108
22671027
28557665
35002324
9046117
24713321
22199317
9147501
20612418
19632833
48802808
13991234
10199687
27320986
4092572
20838759
22527061
37782276
48003296
17314848
33093670
44316067
18200091
24823662
3230515
28016995
6312786
30110739
2612466
45546336
27312051
34018443
3682638
14478335
36357877
32313881
33545730
9499710
168613
19033924
17105337
36549074
9211563
5773436
7683415
29413350
39729493
8441360
49379176
40620620
36061445
25877142
33334707
39656847
6280874
30265308
21347334
16325935
32664468
2317168
3603066
43668682
6213548
46879681
8902857
36951398
40237592
30729859
27993929
28033037
22115450
33324286
13074594
47835503
17648994
44000142
34935889
34025577
5793403
43207554
47899664
23144153
3578455
28102774
34665161
35117170
32263925
2716711
36869051
18729775
14109999
8672886
38080437
38041751
41863872
2475622
12282628
40243570
45957160
15356410
42033469
7108519
2904529
44559964
11297556
31606013
29324752
33402487
29770427
7701388
13538749
36555342
22751703
49349782
28294625
7251414
36664224
19721087
38696110
38437979
5597136
43326388
36330933
14320950
38768153
38184065
42963692
40448438
27589089
22892896
32262703
12569007
217984
44243664
37631927
2456520
11464171
23418548
33623455
1018434
43939470
2231356
40528292
21132405
38889359
14830143
44045547
61877
29609907
49612522
25750406
2113994
1271875
33758382
45692574
4677564
14079859
47769965
38641739
1811819
9379989
28784789
1696131
1931666
882375
44758810
16324850
9329204
3026928
17767578
34656568
15683567
44812835
42131812
49773428
27248256
18149880
16145677
24582351
13165947
33689136
31806256
20120165
38232921
9569938
9302875
39310452
28529359
10884091
48319221
13711719
41787007
29436772
26402997
10520590
33569638
10341261
42517154
29849683
38535169
27226898
28473797
36758620
23870059
26581339
23263106
17483770
29458458
16458738
22502985
22772790
9612443
18029437
4152316
43520001
23605136
27862803
11750903
6440735
35503308
23356760
17307873
15211291
16813974
18816697
34359475
3945797
4017627
8812178
38787676
8735443
2640230
13302786
41772464
22807645
16391665
46071426
36168716
48778930
48722111
28874784
20392020
45593716
27566941
19717649
32614366
39939973
14847657
3989858
40533390
49217002
7284842
34484860
28821526
14057155
33715073
3045040
27511389
44382502
14983662
13386917
43196298
5146100
16553495
16157058
45995297
42363647
36163796
28132274
20004956
15274689
44665539
31856172
45481437
19503981
41323378
32972472
46147815
27431499
18279168
9208925
39696542
7843489
18751774
37030740
44415211
20145485
13159520
47515266
33319848
18037880
46008904
13085455
25402341
1211521
32279050
47557394
29333119
25156532
21379973
28798791
16741727
27691202
30891197
43124616
32075418
45283337
12445207
2037749
14054463
44203788
24339575
22443348
40567575
46353702
11745723
6229949
21227380
45589619
24060086
43874574
29529763
46272179
44341937
30588663
40594582
21656388
48651230
19279219
340252
26258317
26267476
910509
14821122
43254473
20272554
16584758
30658436
36466695
44538620
7156459
38470485
31390081
31158739
18002333
49197912
10908433
46901581
15976367
20103288
1781110
20852183
3789028
17715720
20058645
30752468
23788852
13948585
12169346
32151912
11747987
33927106
20813986
15726344
32087280
31594072
36664784
5336136
46050393
24834241
1601469
20154035
49070995
35417797
38162259
48906295
44142827
14859296
24791676
49993133
10657719
46391033
7163914
4079105
39584029
7269774
31313967
25854555
27757385
4832283
27766853
42615769
39319929
24983656
40219961
48227941
10440466
15339971
47595540
16728495
16772659
11207264
15154348
5153384
19516525
13961416
12050085
33950989
49517340
47402942
655429
39926239
1132902
16098900
3967689
48609286
13233322
30546963
15469837
43291178
30468742
49863227
15104068
41196975
22648910
2677063
34380480
2236357
42561682
6774597
17634364
36423541
21347752
42448313
45315320
11602913
33987249
40878446
32143700
43084586
37311348
43216592
44978739
43116889
43301726
39037117
17930433
40890296
44824219
20517985
36284712
11707459
42886984
23261540
12263098
43782917
35638267
24938328
25283715
38968658
22664534
8581895
31121835
42319152
21140106
39183943
39568931
20819871
37994537
39929489
43580459
13361683
11180063
47009071
48178832
23117552
19342551
18030672
21424879
18184353
31423005
34275323
960524
29334571
40049128
24292959
17281461
49099380
30877356
28758711
17834178
31477907
17324008
25035227
5231943
19510017
26428680
3281682
14328951
18879802
14656409
20754582
14058580
3796102
13410109
40869288
9039444
16117416
8666201
48476390
46594509
22370957
23049621
12440032
1342123
2766679
3698590
22993620
19027319
27633204
43506268
2666743
17270015
23775080
26302518
44579600
26483962
46294788
27475854
37052491
31514526
2326591
15328840
35400161
38718442
20770047
33022150
845179
3414553
38284336
45074821
49013388
48385429
35930271
6802884
48142710
35789937
18631130
7955241
17715769
36531040
10319579
25940418
13105753
22885509
13783846
17279914
19904738
34028374
13760466
17987213
44256623
45606855
3033677
42368611
28678920
32411697
43717412
47170988
2533418
31128916
42515841
43522628
15074427
8200741
13398057
4791506
6748062
21194463
8637673
45521944
24624629
47136467
16731184
42557867
29332165
22352409
43724549
9574535
49137834
39935542
47672524
7148415
13099543
7907405
45279549
32414572
7114875
9756059
5220919
44286919
29082248
29174627
2377404
3044518
112476
1750179
17881902
45296244
12917467
47443294
30856568
9681595
237288
18516229
22205426
26865813
21069722
30857939
48731279
750156
7889400
18935810
25817628
5904412
16037680
27783599
44098754
49649146
33168396
17070106
13114779
8228138
326302
43024866
29010360
9959536
38588649
900158
36454010
46000940
9882249
33674421
28413969
44298888
23891061
18785184
7281504
6098667
22001218
45349412
21405877
1990778
7981810
25567643
30940560
20831588
24914812
17949885
23811397
44007902
12926477
230375
32297100
22575593
14495308
21579101
19242178
560989
18204061
23514833
638029
37300833
33571117
9616584
9109772
10222790
7771176
20356562
6209619
26709397
36347780
5250386
21479717
148428
22813498
4165482
39769661
48501857
20994637
16107540
504380
38375852
28284505
7999390
43683576
27680786
4682227
10951838
47081068
27692738
45887676
45109208
20386409
32270871
40241783
8835111
6805670
26333106
30087292
26148155
13077851
6030630
23911633
29458668
14333860
40329561
31436766
3476834
27424014
35640385
5597867
39754281
40194804
26148896
42422555
30108165
30165806
49082766
34245514
30162037
38193141
19188822
30857963
45441718
18505633
15726687
16444579
27358825
1246850
6449107
48639796
35207443
40085475
46083489
40155217
16752040
34705924
7676409
10417200
32067787
38001703
20647239
5363484
23325373
31756176
20100980
7158349
37921456
16732263
5233938
17303416
21470135
10647642
21491043
11230503
46149270
25844788
36739606
27462077
46970330
37441552
26997418
44996982
17649006
16080544
41452022
41970334
8179629
31891984
20050517
29380145
8265121
47347984
32992343
6243497
47389869
14889224
23700327
8734175
10627197
11983821
4574542
46939756
1789015
14465591
10943268
24829569
19394523
39512623
48263354
17622151
11550950
1526069
15743083
22018543
36931838
25046736
18350292
26655622
46179218
48807033
40449582
26131277
41765043
22075055
18669068
29982965
2884821
49315036
6384050
7002966
24049007
34280002
17124187
44783987
36876429
22202902
328733
15516437
10257132
511015
1149517
27312614
3173267
49374093
19045663
30619449
46205322
39488564
12165428
18237541
17802236
35285496
28035327
25662573
25895590
46611657
518793
17254574
28394637
3931886
30248837
17082155
33832958
716245
7035805
25907587
43115505
45582332
42816785
40167741
44373367
12421762
19041161
17549666
36220077
21684372
12001261
9441519
11587475
26097293
29478171
27538065
46164384
20663890
40234361
27044962
8037697
46556488
49731758
3343907
14379005
40820667
37549581
19290289
11077832
47669956
22781992
1842354
884157
5404748
20359454
15365044
9394626
29592056
41752926
28946059
11961043
49377884
33051468
13463087
12095945
23590132
14308118
13649484
38198095
22839391
34508966
18865734
35677342
35712037
39990425
47850197
22701682
36394176
40381980
1695013
46607069
46630993
10163516
3142841
21494778
16052555
35920130
3717630
49973992
35684066
41104826
26311949
31311824
42677526
42598276
41669856
38418320
32775889
15837166
29265026
5784597
41084769
38651824
32812261
25699278
19389731
22826384
21228451
21795432
29518164
23156977
31048085
15817721
16084373
1963001
37000344
48330322
42297582
9166514
16601288
39707461
28250499
33362694
40318805
9464972
41540661
1568385
13518446
47565352
49953570
42812523
23675425
43176556
36428978
11661601
29701022
23888519
10006052
26316727
30660692
3475252
34656524
909685
5384731
736014
30401526
36132491
35021346
32290227
44406841
29087013
47198234
66875
45091523
1531762
46388007
19867883
43319534
40153174
36255852
6473007
12215275
7019928
44260319
41066064
25358245
38841312
35186395
25949151
17881952
49110839
40638603
27683534
35198286
4013858
106309
21975401
39756380
37741165
1069163
35680402
30681384
42041208
44804627
32106462
2009903
9849289
17813962
49312822
14105877
1150311
27092390
34595641
1046394
5495247
44548584
42889051
7728221
28537424
2529823
12117195
27884058
9175826
6998843
24031327
23231092
21659891
19575004
41994658
22994084
29057458
29433331
28834945
10007423
47952438
23365504
14177861
8411984
18383605
26701400
11739974
20445102
40893212
16646372
13339553
35743947
33657167
41765795
15216776
48574997
4581865
46502185
26941784
2638603
34270043
35472586
15155904
22258733
7522623
35862575
19626238
17190082
33394675
47864603
46793511
3568453
43544535
13358780
49222435
8819895
25729422
7049243
26735931
16025630
9538188
3499928
24144846
34003790
36799612
22210333
37953347
19379972
21632052
28037533
17769405
32727317
7009723
45576632
32649771
1892967
14076151
29510624
49754869
7431869
5946979
5485016
14609879
22889891
1571072
6477470
19850403
43574161
13004621
7308829
22175741
49664106
23763276
49206766
31176828
2346358
49559206
13610579
46832338
40555
49367789
27310092
22897676
3553922
16006254
15527806
8796672
2471803
41917579
27197009
24635843
8277932
438779
43543092
37597258
4330700
32154390
30630984
1559054
11329187
40179660
20889941
24203006
157918
10887522
23943524
4294778
9260987
5121379
16339787
44221602
33061878
4417693
26070992
13626331
11098957
29010654
46850916
29726807
34102616
30164542
20739520
15876124
22015226
41964490
29692799
10437694
19332717
28578643
6775701
7480344
41873127
5057118
9086138
5277039
27077108
13779694
10620067
15818215
26592616
6754816
29453765
4649629
14218144
24646376
745532
2430034
36890002
21449715
33811971
39617739
10215141
41827452
26702684
11073469
17796376
4153586
20523439
1803980
25893534
20607717
15739466
36720803
33517979
4584730
12734332
17498519
22108460
320145
23974975
28926140
7862500
27327212
29011991
44285545
46177801
44819122
8027742
30034682
44919232
37528191
19988462
5722284
28322387
18052323
5129823
29189015
40260833
12264316
38886657
10058153
28780533
21920525
22915478
41966653
39425576
47341129
48780630
19654378
49467741
752199
19319861
12527147
44214116
28225177
34924009
36796436
13645249
38762141
28128916
49953462
49337340
12789293
20633814
24673241
7652864
35871500
16071229
13090539
41779189
27111034
15047996
46763667
37248739
15507206
17224073
4580524
10542932
25140025
25908255
1061433
15979154
47664948
27259257
38688265
45262162
17792800
17297993
39375558
6572204
33739993
8058777
2508076
10496314
18081451
9656340
4706263
6774516
40782375
31268822
23800824
31910297
24453183
40475528
43185133
26038536
44365079
4094710
2334427
36424419
5809492
30552315
41014171
28536890
33232946
9822686
7157102
41314149
48005113
23545943
8957149
16163322
21983735
46654448
24923370
30176161
828461
42378009
48456480
45658980
24010808
6511335
23547775
37869459
25399521
48615824
48627360
1598188
20935556
47752645
20301944
4237877
13100228
18837430
18948412
14558603
8527167
23085466
8049533
31912571
26527125
10180425
24572490
43982987
41716537
18515499
17357913
26992720
21191577
3983236
48927049
44093133
37380056
37410231
33761197
24623576
17026516
41039683
39914164
27056047
8576558
41647294
33926775
41434213
48209170
44891492
48252687
5535944
4089243
29465397
12239613
5318258
16475644
47343968
9552192
7612604
45253481
11308706
47075565
22452679
19477200
2384527
43110956
30255935
16873671
28155823
38020734
34006772
21142287
7297866
20389904
28749651
43186396
208080
37132291
34171167
14449962
4566131
9057938
12464299
16415594
25735279
6907300
27554230
44358151
32739527
37508412
15211762
49902537
6981427
39169876
18850199
40336376
18968200
38156158
25921270
48933458
28945747
30166390
1292541
12843222
33922520
34025672
5882538
46941439
45095230
23680737
17347762
28424544
14743949
31591003
356773
28876256
43120673
41389271
33273052
8954418
30073325
2518488
10697303
19678495
7684048
15922254
45342207
49061743
21066592
43923292
22767482
19788104
30790742
10213664
37750567
24658627
33135193
21749817
29461486
25403101
23595741
20830240
45347233
33121761
1526076
337763
33478498
20864104
33030456
16837885
36207554
27968099
36870826
8605869
46903373
22962045
27818050
36088823
46343362
20078858
39183156
41163809
12046711
48299712
19635108
31086206
28886380
1985113
36068287
37045475
60465
48254596
42026446
27624685
25815489
10117381
27932842
18144005
6934755
9040814
18586452
32787667
43611404
53496
4877787
47294725
38130264
8729058
31107798
1055055
2017459
7137407
38443270
31716976
4965894
18714985
18948845
4484715
9262597
31852292
34389312
6645236
2179785
24476170
46182104
33607626
6678745
2160283
11860243
8954993
5317579
31808844
33450765
4348791
2974991
8056218
41264582
46857488
1267478
42997614
14752539
11671388
3347199
29135647
9809763
26426859
47641883
26406164
5148465
45468485
34841838
22336521
36428180
4053078
20491425
1478658
13957227
14097913
13121017
20829321
20184116
39093272
12564566
41042278
34743801
27773061
18202553
46899512
49118628
35112839
8834402
32059317
19650007
38221000
17090030
44106318
11810189
15540385
21558938
38270521
31746252
39559475
4153457
30356073
40040370
11539904
24803121
47638878
38638531
17600804
36674507
6616670
2399983
8888469
49607728
13506445
29104178
17605190
26831033
29526467
1866420
23016467
49199467
36032040
10768490
13508530
48690874
35349906
33743931
31078196
35531721
28441927
4893607
5909392
20390318
45080123
2205219
27248721
13426387
19657828
38399368
48284803
46119469
48926039
41728071
17217047
1346476
26787507
28322210
14181239
33481083
17439399
11546915
43133269
22546651
29903613
26381397
25132384
36192040
34281911
42202835
33080355
37353911
30561481
40074151
39448810
45590230
48170097
11077180
46163704
23748704
10625314
7885874
36075085
9048738
40014824
6318020
20379759
36282466
14089039
32387365
42534687
16974930
36922941
49422146
3727437
49037829
32951292
21761010
441501
8073664
27390552
46073586
26550039
5486944
34464132
21945772
25913628
33061639
10114049
17219926
11152891
1672378
27766774
36076725
42446452
41096702
4847929
13317113
23462378
44140109
7379434
8838097
45940880
42239452
23511342
26743326
23716259
16279522
30871745
32112695
38561966
48367546
45326805
2993584
40182647
19138527
8080522
23896076
19367193
25653008
39948986
26291818
28985115
17718505
38701387
1254648
20599794
33018113
420819
23650464
22557615
22306918
36854796
17730069
6137836
39612468
6757329
19330241
45838079
15540869
39596152
9692337
20232300
33886006
6652096
26174596
43780626
16168604
21958454
2999011
24887543
22436611
46174022
6996626
16860519
8055287
1994070
15741762
4467181
3765232
46611662
36443446
24737966
40785213
27357613
44206413
1048087
31258964
36256092
21825149
42969943
36804505
35484792
17064521
26556074
35668240
38276152
8096831
28600769
21842217
21085177
19687202
10963606
38735618
27656388
25470673
45619027
25412061
30244846
45039316
47653345
4796032
21579253
21204215
16035493
2829706
16575319
16058878
5050260
3947031
40639043
44747204
41758880
11260121
31845824
24888058
22842315
17249190
18579311
37194886
5234952
36103180
6627319
44823194
26828413
24775444
46629406
825815
19140880
29818071
28459682
38824055
46466994
13475153
5989829
13272555
49762841
16073767
43350046
12828991
5435359
35002882
33938694
1713150
21306961
31108251
32792928
10519742
38149093
38281124
10697099
4002365
25302749
25341649
29362593
9058934
20822941
22555761
611487
2353574
10796529
40582257
5481047
47957517
8381645
5893065
21412958
3977979
46075409
43226465
43705331
31475473
41390166
11134941
3257058
11805171
20517271
31839639
5775637
41426722
10948150
45130694
39674864
24531215
43731771
40733987
12312894
23555300
11371478
6365060
49690578
28962507
12811868
23892445
22131454
34489837
19717641
9701273
23610149
11173378
29462946
44503481
48207760
35832154
20405274
16379998
19844843
37906606
22094009
32954482
4604214
28960012
49387307
31717417
2138267
9659669
45805494
12885359
24831876
41188229
19892550
14865103
15889889
46249401
26530178
718249
35094255
40638192
20329562
38239211
13417595
17750523
10449816
24677108
15274374
42135183
19508764
13874079
16215474
19948452
26779846
29618670
13300615
36410665
23654034
28594802
31785674
23136175
49592011
2426260
5717737
3175737
7881511
11776076
7222051
21647603
22933744
48557697
6548747
12183077
1821727
5787674
31699111
16263633
48404041
32749497
14750986
43661298
6736527
35267149
18939523
3836938
745303
20578125
45019561
12488861
6681594
38624725
7728768
30982001
28383811
29081881
19916162
9392535
8717872
47891193
47929548
8185372
17627839
7438250
40914213
16209758
4801630
43116839
8732238
17291758
25361115
21729729
39481321
40286387
14405483
7056597
36974831
13946442
16667614
26583491
36549633
42397717
33881852
34673242
44690204
23216576
36563376
16146434
23670278
25897398
46731407
33834738
37962098
34566433
8252357
35196399
45523147
4168488
12816139
3688686
19818677
10245040
2262176
39090410
16311237
854615
20767992
39612731
12023798
21396973
16298546
4353167
37365690
13746163
136294
280863
23096424
31357797
37991140
49315425
1892197
32183968
31218844
23819147
10565170
41251775
49515178
42702427
35697138
44103021
2410016
34583203
713866
43500747
12036847
4665408
32902957
32478459
42907911
29643021
29803013
21425012
30826762
4258417
31161834
9473178
18153721
11918821
16249140
24789419
38148518
46602113
43451497
35592231
3443271
25336314
33221104
22622040
29679013
16360289
14629088
2611262
44045804
42249780
45475962
29787120
39148494
23957205
14664475
6449841
23228086
7869571
19587834
29983888
6267816
47042384
24019449
18930749
18096465
41855025
26393261
2120282
28125070
22701585
9324954
19969945
18736542
14770393
9794871
45902681
48899053
30781484
20760820
23210985
32174113
22550394
49818180
18855417
20544606
13668364
45044263
34960931
43366891
13280949
12365854
40104203
33746579
25500548
18051796
47704718
26731028
27639522
10647948
20752956
31882524
11148929
7727125
45119573
19354381
5961772
298800
42209812
17222395
29734133
45432307
42343720
37744098
17081883
22846121
40119734
16171525
48771700
33021647
48079415
18310198
5033083
38799457
48289599
36550749
20652592
22348104
10899111
49441543
7180726
34187415
3680305
36094030
21010293
39463013
38994754
3136825
10768651
42243275
6157950
14407099
13468135
43381419
29086748
6253155
34817721
27604274
1888522
29290279
49261
32287171
17288409
17239177
34877521
1241371
20745737
36877169
35725754
4550479
48170631
25902190
27876580
39582584
42179000
8300088
31512982
39704492
2778304
44278591
30556401
34052759
27891494
20854190
23842548
29684311
38394778
21499481
15668347
2977454
6778879
12241413
1735794
32145881
1805591
14072726
42610510
17525688
43967222
4254457
26568625
30185675
11627529
47345209
23965961
10588219
49652268
38945261
3908858
17135331
47447901
7439551
43856108
6005992
10906412
41830817
13222812
31742341
17304999
4590159
18468971
39303462
19849675
35432466
45550656
29057338
22897565
46705915
42660283
39941610
37961741
45510777
8282903
20475166
37780329
37094261
16155777
6288413
29627639
29398077
13163596
44508862
36361484
43145684
28626898
21126267
30697741
5437052
30933960
10858802
38334549
24981786
14516220
17390373
16121254
46352770
28659011
10595898
36232238
29390235
37954362
21742772
31971669
35904882
16832370
49950082
24607635
26695853
32386156
32944058
9762147
8232541
40766491
20304006
35614416
23487042
43740442
4511668
46866206
26779803
34754749
17807218
8564970
28498076
28854593
49118207
24879493
10606903
15808408
33503679
31721294
19676938
31132575
48594037
48693894
10590942
9475511
16538840
18635291
42333439
24981191
38102309
5713433
2781211
29204729
4357600
423655
22794619
39937901
6518931
7891575
46935048
43906090
31855926
1399673
22168277
2341327
15009285
16291546
37963928
28693262
30102394
40573354
22864402
4287779
42655940
18422432
3590542
24960165
11415226
9255122
44211097
2028904
45829691
9918213
11952143
28331353
29706146
8136519
15146909
13922164
43544104
30133600
27210030
24824115
11825697
21773543
20177191
20297452
45191834
27771104
21668775
8933744
47702009
24978211
17278043
20867326
19202103
18397289
49393716
49139441
19329002
47177067
1819085
7874801
22850878
48821261
8922432
15588921
29305652
4937296
15006834
20688232
42948577
49846438
793343
7752277
5290584
29440344
37164322
16876182
24034999
23359798
22228431
24685449
7154737
41964985
30654905
16270313
8204459
28446612
16132760
49454482
42673944
36075973
30434459
17513495
11936776
41323413
21590789
1723215
1387899
5439192
28952608
41402486
32756047
2703805
45933797
38267574
23143892
37871143
4364190
6654270
20642708
9431834
21730390
20354475
4395659
6162635
46565210
1059774
16823705
19214515
30924414
33762301
33005736
21372208
25208132
40909279
26322940
37667366
45552277
19380748
41952091
4953739
47680263
39112320
3059998
3057988
35312602
29830669
409072
30172275
49682624
16227957
21683223
25650091
4441797
46667869
15676277
16346382
42847134
25560554
16608857
42033535
39254558
4214013
29339937
17086341
18525612
49344142
24227561
47457858
28987367
27219032
12485969
15582464
17307775
26650565
17711196
36872753
17181116
109426
40115271
4106758
40000047
30158717
1805376
28557293
18667325
149318
42821905
18934237
21342923
16714662
13970052
12207133
39114582
10466692
35412625
10924155
8466199
25413391
29904474
11614685
18421337
8509225
339128
48712491
42938784
12610406
39805631
21329863
12595915
13337503
32135295
24441596
32850021
15183799
11194737
6284276
9506617
49960344
4478093
8790735
25944610
21495379
18285261
11182714
11362437
47136169
34485788
35961589
49137672
36673075
44543852
5204138
37377831
3429096
12864779
1659511
25795484
8522896
33209107
11479167
44119052
23720534
46141441
13764720
33947059
36485619
3966773
19875670
14378806
26281417
22650168
33799858
3931683
20354747
5200863
17295879
9032599
3602724
798245
35279760
43852723
9956968
30111087
35347267
49312050
10043540
49356721
22348163
24004566
34984091
38585480
39202299
13315155
10429125
12541298
1515226
22668878
17437297
23112712
33636520
49729993
7114062
18342348
9151227
25488882
46108444
45092766
3982721
17768670
21291457
32885225
18163049
2745063
35364626
4778897
48378328
49045225
10562877
17204898
44378918
3679589
42128442
12639778
16257985
34391777
43791067
37959673
32054863
7885213
3574280
30730612
19354702
40835584
16778534
14842833
27344149
45061278
49576508
29333960
49491795
43844141
7165079
654640
17594699
32890898
3111203
42531347
2026695
3335672
44783427
37729053
1110445
44834765
16811446
45413710
673882
12266222
41786212
33655536
41605335
14613251
32205067
26949071
29263684
41007954
11568694
1186329
46187618
23113947
49742391
48974624
12022869
21857615
15209430
8571614
44083823
48197728
22893621
24361564
41979451
6662788
31737317
15250182
39481607
35952115
31403846
28759678
44794786
47057736
33484454
28006338
30263335
43332488
13160853
4810143
15441627
19288094
5129756
40697868
21133094
32702604
30710657
13706829
16061278
46798060
27424414
23308800
14191188
46800088
43536111
39557949
7750072
2375516
3609650
39875911
49859946
44697473
46652586
44779490
42273781
16074946
25009692
25677421
17509988
47053700
10883468
28379160
24410822
47751877
3886682
39949057
47431424
20738897
41169494
42581788
22299090
27326577
13281805
16660389
34235016
11811995
46290365
12504022
37543016
27836977
31710291
19267864
29504402
21939909
15907640
19828759
40797313
47578694
49002398
1737412
4200075
338258
725104
15562289
16739017
25492084
48803974
20274600
40469122
26296278
7421685
37570729
15746154
5840356
5496879
5466730
33164666
16428440
7275860
46352168
28038296
46778301
45451764
17632180
31651604
19069082
10022303
34294060
6919335
26802701
41798936
14155609
20640098
2049320
10743806
14716092
2737080
25614060
1698968
11308191
6159602
47315389
32224603
5045670
16156885
10206909
6929610
15492277
12664527
3568266
27599058
2289291
47859981
17352425
30158199
19292097
10170419
7373224
5661519
6817684
28067297
15420899
33688804
49325424
41639953
39775417
42127329
37882625
22906099
16635287
27510380
23501449
4973786
5453950
14391839
15979536
42312827
33365828
25773252
34596883
34541978
48953204
34094720
21240207
29960661
3970682
22997150
33966754
8846108
44343319
27589879
49828653
15922742
39331680
14978058
44575387
15599779
8518863
43195864
41831045
23493806
584942
1478678
41897341
3094600
31170683
3863167
6513306
17512578
49068168
18403657
7429630
7882900
31393752
26342602
12857189
45913552
20569594
12940104
23955440
2781426
24201828
15040535
21944664
40070403
18939543
45757224
22773178
7095390
49564409
26980333
102162
35122485
25588193
16319723
5591950
40871044
35151551
33297398
48796721
46607305
31236318
10992095
8992991
29729449
41487457
10111768
5714177
23827470
25981001
9075706
13256152
44089718
17758169
30199530
30087992
20738549
3537676
678208
481087
21227808
43527326
13261147
29341833
31151964
11329385
45420577
26654537
209364
10525145
1603292
11718499
3114805
45999400
29361456
41780831
39674067
15659472
19141115
44303255
22966593
1006121
33103459
18643327
30344599
3269558
21711753
4275348
43682887
43808731
1725923
30587130
30097229
44227618
31214787
45170460
17070509
35546820
44166921
18201213
12754385
38040892
18544137
2594923
35944326
25848347
43531874
38618330
16266350
41016632
10468437
19080921
48950235
21354323
30327076
6331006
38655035
17439296
49766585
48046599
31720916
22295398
37237078
43314306
2279038
38161018
6803735
14754543
29990449
31775032
18462946
15714472
2885497
3115051
4965650
36356434
197341
46789562
43524850
48497165
39790327
3033503
27053729
40416007
46100819
11758792
10031238
30247228
2597685
38515504
9161861
30019002
35786536
18558306
27835781
8012413
45532553
28939663
42228400
28448153
35458374
7177207
29037518
23366713
4340867
34167416
6370456
49310931
31912799
38780737
17804152
19917247
45180604
45216111
10128500
26549759
3425584
6144241
2125057
3557655
4497145
30787146
25482474
30945015
9148096
10215305
19679638
9527584
1876729
28987922
11761679
13727588
19985775
19272650
41605734
16310086
14180782
24760604
6832780
9409856
13872204
38178669
11006164
9145483
6810338
23709693
36544655
32032261
29456049
8507487
30941443
45524845
22679000
42739923
21129794
19327998
87074
48637495
26751830
42988449
44935341
38737017
17144565
33399764
46703852
21251369
30895179
17874725
28722797
6710262
6209177
31127884
12780077
45628653
40368758
36400431
36656419
11356686
34808132
659148
8570306
45274178
27224383
29077589
17567565
27816021
15995846
36908798
15969657
27934104
31526011
6611707
30652902
15534801
37985323
39592615
49533036
42285760
447061
48019821
40985685
12381083
17914037
31421245
36368035
18697813
26602702
5001138
37963211
14616190
20377705
32579662
10388280
33763657
2786171
22553870
39783424
31354122
31994354
47176867
22066674
19522660
13955837
28334818
43830475
7286292
12619481
13745342
43128513
22248574
19453883
8877888
44816335
1664775
16121435
21268952
47283184
29979866
25942717
48872777
15364687
24961289
5224984
29028305
16753071
35950945
33467057
49708953
43012344
20832523
39493728
49802434
18290967
9016901
42858562
47612033
34452575
37886128
49133740
333586
31758744
26209825
42069432
8297709
40986020
25591703
41597488
39748618
33945875
27494786
2441841
38944879
20435928
30115902
1092793
48660746
15631139
8817560
29418031
33200583
28283538
15745619
45724907
47557029
25257183
12783362
6310875
24176918
20283273
34161466
31112679
40619021
45232109
33935332
32427007
42394257
29617727
44152126
4656900
46106128
6534531
13370976
35308361
13261752
13776592
6192166
4885891
39541028
19951523
3900126
22378505
42843569
5674895
9014541
17127345
5371328
38150291
30954922
43276326
32501503
40021931
49383787
29710191
33007647
48116284
19137836
459963
28388654
5500963
40755451
20508332
18671697
3273816
9535455
27691539
34594960
49801948
29058764
38425
34220597
5670049
9763990
6965041
5054219
7712707
20762389
13357306
44144396
26241789
19837898
27293280
2330124
29124078
35750374
3862976
43998303
37093814
27521170
30079787
37672213
14331214
31276256
33985338
15894534
22507599
31800404
11885752
6455819
36460044
48910114
22133297
14576792
23987201
42221335
12536935
26446083
38468438
3761923
11555161
32647605
1997261
15077658
16401502
4300002
12807887
35782888
36667655
47680495
22742654
33414235
45718718
6543298
25229356
10497817
34986155
28395491
34633914
34242294
38170873
10350202
18307118
28927119
35010930
23669757
45748665
37668251
22208002
28912786
34361634
37034746
21225456
4226130
22370522
17244575
47228822
14369759
10074079
18805232
47734480
30049956
21667640
35416979
37758072
5258626
16512839
31897492
28967444
36945250
15656950
13258994
31130384
11362059
31880155
45457933
4678729
5704429
3982374
12619021
41784981
16353456
29521026
1366606
39018916
43660940
34530092
19983376
49686919
36705380
26383510
31242445
46346519
29467139
27141603
17661687
23049086
42242673
45546516
24010202
22245403
4993073
24214271
13609134
44631951
39516327
23993121
38641372
30169642
13113764
25701885
41465665
13879445
14480348
48959519
18817079
32689121
19429295
46480109
24152197
44530405
48985637
10010242
49658796
18558624
14409962
44187393
40649724
44594092
39523607
40167281
48947168
34722759
7357186
43011139
49955046
47486894
40528140
19425919
3313743
9259826
26598903
21265729
41889814
45035839
43811049
49444425
18550463
37098017
27602854
47368099
38014856
18707056
22999342
24546006
25626539
1045687
18080210
2835690
29471171
33816758
16008321
12171306
3395374
19715779
19943343
17788827
16560575
29527941
33653190
37064209
22969033
3196062
41988067
38965656
7907212
384013
17662479
11609565
41934292
21784567
39894056
49764835
17489614
27208203
34472861
14151119
5453245
42980716
1095523
35330737
35193467
23039341
2086358
14706272
10031719
16148145
15680209
21424929
34651677
33469978
36709243
46437445
49406160
30226880
42124035
31139650
46360967
38201900
26684360
22851502
24268641
16634955
31012644
30252472
11368529
7688054
8738368
39613449
28896891
42061779
1062763
32546781
21119416
40749939
5786538
11554862
24358861
26846547
39209850
9039083
18366526
49887284
44299488
28424444
46912425
42787550
1783056
6138131
4750728
21278279
20993318
20364411
10061086
46987266
25144207
8632344
39983209
2304493
46693041
43376269
11026464
15705399
17195394
17332242
42540264
41543270
24755163
22113077
7159926
19234154
48278660
40364179
46885559
5013254
23726798
22311243
9193790
14413827
20358843
15724336
38789172
5322315
2750155
5995751
8597218
27838783
43026457
11047024
5346538
39038754
35563300
29125101
27408779
3393382
38051236
26853357
13280497
15803486
30126589
28075491
27984461
47830838
8042218
15553766
8077593
20716338
13451032
37710739
9833131
39192044
2648168
14751618
8065732
56273
9648145
20485001
5042710
12164935
30087532
47490116
45066455
21654201
41365276
26135574
13303327
38746217
13876853
36600377
1097906
41054500
15740112
19648608
33795678
38963084
24070909
20849602
34663384
24651436
47040451
31015900
13997394
29621462
36379839
7621030
37796657
5539124
37122243
2559167
21631287
25829522
7720991
10398145
26914677
40983754
38956406
30553311
46751880
32355727
49979117
7166093
48741936
42361944
4308682
2116942
8761517
41556752
3941944
39557979
34767695
30459001
4164956
39148071
3269304
9411475
12298151
6632099
25369398
34298883
31065710
17010330
36171911
47877919
19775506
9287289
38921443
29878286
11677302
46638598
32522319
8861647
49376264
25377413
12591249
17617529
36252343
26339249
8573281
41345207
26968133
35824163
20523554
18492809
44954873
4268436
39396286
15083587
31781408
16406255
18628989
13000684
8958509
2037594
37488672
46352268
19502692
37609174
31904186
8374531
11976380
34301774
6121097
12785298
36739379
6720802
29980878
30720548
33486490
49838467
9933877
6482821
9322519
44438880
5660328
23708964
13637406
44493457
45134955
25609451
34853490
29180803
42206345
15862543
32152234
28943357
38111551
24816993
37305563
15597812
34229728
16681571
39268053
40111753
22132075
39111578
4248648
40795009
18688962
5002821
48001732
24102833
20167978
58985
29791065
37750489
28002153
49532610
3284493
41284893
9209384
11740627
36762544
25343653
47947381
22869809
32245513
25632321
21548678
4412857
37783231
20173182
6230967
35805082
35014535
16165341
10018845
4362519
16768538
48906394
36151642
39573661
3191248
48462812
40837390
31851252
11927627
27078454
26403163
23322245
2439565
25002227
49572244
43295877
3282990
36721030
14070776
7232076
45305475
10672199
35424210
8464301
10092830
31041619
19598189
22308765
1480812
48168474
42209180
11122710
39414399
42369138
9819300
2814116
164260
32339900
11236428
37245120
29045887
47076824
12792261
47994425
49804596
47771556
1550638
44362665
32252654
37248819
45968795
11269283
29892195
34024770
46900148
2420536
33740863
41763766
49310958
9402190
25027312
12535936
48489945
11566370
3709860
21922520
22849741
34524839
11398234
24438218
24554690
23188579
49524146
47116749
1682197
46834038
27443630
8774335
39330874
13363086
3053839
28769694
28041378
40701035
597399
20161973
9725794
13449716
15256631
30104626
18274652
29745433
22813963
23532426
36708749
34354419
31649921
6501634
42493835
43609627
9650606
47408483
48461544
31954267
35016216
37450818
5750789
2018746
34338683
6247461
8801686
21618690
24808172
36584039
12672873
46019253
2911674
21963161
47026161
26279257
23036328
29216102
8822872
30291278
38174044
631990
12225997
33357401
39177034
2712201
35123327
43394497
39665254
15471390
37023853
35216148
10803940
8546242
35513444
35502268
22214910
45967398
7578385
9089391
6481270
44908930
14033690
16096908
48731370
3855176
42384142
20023250
37046798
722104
48011622
49057575
12893826
46571235
42595500
26282541
10110261
19549643
35074863
11459312
47633062
7227791
49784902
24627977
29495609
11452990
9888099
42065498
39957578
6820184
32463799
48680163
8984389
26083347
8021426
3056124
13896705
1277725
31882225
864888
32019565
46997841
41498543
14759385
32576230
33308248
25076627
5860381
9861146
9625541
30899294
39885330
43017824
5213885
39520141
40275482
24750970
13642719
36347777
20329496
37443203
17660598
41611384
40403785
13091205
39867133
5389869
45066025
4402502
26710375
44912580
37478047
41371258
49110395
47472450
867136
30599173
11401854
46911755
17807610
30523132
41803098
27450983
49625195
19686144
36751538
13665269
8416922
19997849
31378654
36380702
24775064
22909213
39777490
49076141
17801788
30935024
37903228
43818128
43236928
37828115
44681628
4017919
32247344
7666989
28742772
19182880
29352601
41924468
49274266
42745169
44846374
11373521
14169393
36486890
49156169
23837153
14025171
22242717
24577662
16503350
32945432
14973443
16965083
183099
15411272
41590386
25095887
5657611
31647005
47223891
32048167
49616840
47824371
1009689
40588738
15582536
12763905
45080428
36168870
23166087
7556464
23383191
47679841
40882876
37544554
32803536
8724308
10885291
20971805
38280347
9851975
39315923
23140065
28625287
49860317
26584751
9305988
19028000
41011652
34909582
10505516
26800950
33150417
22612422
34642474
27708653
23772421
36951449
29978574
43592059
25969768
13649230
1607087
46708873
1977692
8599014
15489420
26103283
43589609
44179608
8687474
18524008
49038019
6639107
28149334
7258785
42138763
27541020
27730025
12115242
14968035
3145350
43193152
37590994
48817477
26995489
7677962
22901854
7943329
7917178
35685977
3274206
1948843
25727290
33803183
16094323
5780118
12737827
39946848
33032103
2752483
3809246
8633453
24050704
22620422
9640828
43443560
38026450
9351254
16382008
13813406
22188808
31129370
112195
20859982
15685156
48578494
18812697
43902094
12419547
11018460
25804471
14019875
36719894
22411901
20634349
20312609
18118880
125739
19185961
27731539
702792
13260810
10493152
20026238
35851199
23905113
31331843
36496304
37459612
1100568
14155419
6418149
12227451
47181315
14489891
24274732
41536829
15032882
12681752
5639753
7048212
36049388
11511998
180538
39754716
1691300
24965164
2875838
48718498
17911540
2057544
31779402
39481664
24836179
27894604
41145914
37533590
38197098
9829478
236845
36046084
9526513
6617043
35882355
31188527
17809564
6648373
47846810
34794905
22646434
19227374
24524792
1835897
10997898
44335426
11154739
19452619
13445471
31237514
26828512
42964411
35359055
27655676
26385693
11552979
9246023
32088681
21004120
22319230
9104704
34606180
47240861
27136097
35932144
33518184
43899460
4464152
23023507
6281083
6971982
20218354
23311592
12148807
24199280
19181593
15672942
22046529
20958534
4114753
18295027
10122524
18148100
4814719
3800078
25783432
6543981
20306105
1063582
40119034
2247846
13415616
30990553
28478224
11499079
14152477
44542670
47083180
30200831
12586138
36703181
38163228
31745262
6068006
31563008
6435836
6579572
28539241
3330801
22091845
20963995
16108064
26225140
26391765
40787308
46537367
5670327
43953603
16733524
41963193
32360115
45427311
30745539
42244885
9365418
2319328
9837870
29904041
29653360
12510816
4070225
37335742
37542197
48191643
22381792
28520097
35781047
11543772
33781241
32989051
45258013
11827024
882232
27412809
32566872
27286571
25248856
41061551
5842857
40173383
4893778
40555630
31363975
43001787
15592402
15342397
12100243
45699843
35065584
32136935
17181160
18890801
9007724
32145447
19303322
15159105
44869191
31657217
1809659
45492784
21581447
12438409
45914119
12212086
31931878
31880885
33570944
25950846
14534815
36308958
19230798
7475114
29468509
42593814
46600343
3520915
41003927
41924776
10694542
16371777
42133496
10494825
37910995
37528638
33720739
40042453
13729698
38025438
16399824
14340341
5134931
17234531
30275836
31927879
13949765
18279808
47454721
5781226
20682995
13141887
32157190
13639223
33456693
5033701
10670564
31114717
6980701
44814971
34859334
20155706
12270540
31114692
46432780
12006975
45424303
49132971
9288141
8380054
3274031
14383790
22114955
8656509
41012742
36072402
37101331
34821335
28514018
41593539
23246159
1832002
31677066
25370610
30654133
34530175
21001057
15481577
13840296
18126739
13630352
38321984
42589415
17691997
35
30723448
10464205
2757421
15417847
8823947
11956127
6282323
1150646
40783794
29670094
9834372
41058789
24178348
26598511
47478106
19388432
47528541
44135579
9831946
44043577
44233361
37766118
36310860
12797848
39773788
20367103
28350842
20921783
5291698
42575411
49216092
1688076
47922790
16484743
26811629
22402553
22881058
42364923
31481265
42709455
49737443
2457821
6174935
42693828
40011224
30532707
40155478
29557780
21718720
26371404
38796125
40201627
43994234
23970698
15982867
1402739
41710124
20121484
46694541
24586115
41613589
21537833
43440550
47725566
23847674
29122528
14290972
28708758
27437504
20235958
37325103
17180295
23904141
5158885
37642274
9105513
32921415
39236097
12804630
15183474
19553707
42670308
33654408
7289502
21628075
8856032
29581607
37786880
32748509
47973327
736600
41604942
8090681
7150742
36686343
31463789
34177929
24064191
11090433
30467239
26093743
44300676
18522616
18421481
22861703
5753767
1588953
13579784
11861121
42756175
17939996
19656326
45415452
19512426
22854535
21899629
21086943
46951301
1362812
3453623
22170960
11050581
48681404
18084653
36873200
48197018
32353923
6375548
16643318
6404645
17261160
27448427
31837546
19051774
39178398
41206514
32893323
38835488
15885448
14089472
9540780
45933012
8386033
34229383
41401527
41577255
33095597
22982595
3903437
36036192
43076530
7470414
32421169
32226005
7451643
23390559
45038869
7211228
30111282
19356810
44917110
9613621
40399505
18337517
49529514
31793990
39492784
16728969
12775873
45953061
31696344
17443207
24918449
14901546
34660685
29764387
14062978
19920340
1219221
19742503
29499813
7695300
26233523
48930569
7895033
38611331
37515580
1432258
11811318
17682920
39353668
4743076
6983203
48854043
14644891
741900
8697537
39643132
18228247
43508935
9469122
21297429
40274799
11011932
13913421
38699245
45942190
23873202
19508508
21880549
14836587
41882919
5692640
2564984
22631770
988803
32823912
36551978
35893375
3732334
33690885
33105222
9337825
38269511
10242156
33487067
40783689
45118566
27597117
22049619
43646159
9507942
11557599
22070189
37630684
37680314
28019867
5714233
31714408
23031899
27080982
24385767
3051686
3719035
21020889
13078611
4698665
44922790
34200954
31585540
3333333
24051999
37724151
46992455
26938518
4757456
26998831
24026264
35054673
43020976
21491615
46246332
49612253
25518436
33110896
22063872
23007872
2739624
2887345
37017577
31704696
10748976
18656280
42234038
19817922
4110881
39504217
27597610
38865224
5777686
33295523
8868288
39440258
11017284
13096420
5209428
23469666
3674409
33138279
4019690
10873648
28510818
30748024
30008514
3293663
40263053
13900496
4006242
23403249
32320061
29875216
47900853
2874335
8744688
46498706
23387589
44508537
22168243
34813679
29164413
33205910
4526133
28629044
46696753
49701341
3640967
32293735
28383738
35912342
42767333
34872411
2318363
11726884
49817573
23757959
14589689
226865
13473787
29303317
41735367
36127159
17718216
3344196
43894009
30725570
37715983
24935567
3052045
773554
4481522
49218631
25750735
24746082
29339271
47477686
38508971
3152106
5828732
16735577
12874823
7589322
19283933
42993200
27263342
11569888
17053990
31106532
30642505
34157826
37952645
2746768
40448655
10636858
39865551
43760780
32359024
3239524
16912233
7911554
25598018
17196247
49737962
47104898
49817958
13390852
18498504
41811253
16095873
35007112
33072949
17157846
6489811
14905496
30591094
48082994
38070627
45389531
28765388
48007467
37575188
43337870
12879709
10821440
2953984
39976208
5946106
38413113
5694053
34264784
5061935
44421839
15379704
43816414
17198643
6625551
16359375
41706843
29383624
12166894
13691763
37545854
43788462
48592803
18230453
36975481
32369026
13687117
35036721
32889134
49022681
44130949
8009707
29048905
47343194
39778746
34274281
38853946
6295915
47780549
23489481
30255616
49533275
3497603
5363185
46867399
3884527
9943126
19196263
21866239
22228014
486023
24586192
28754419
30884199
12289055
38548282
18635592
18228062
18388372
19104907
16983973
26287868
14100329
31668276
33748504
33427254
2325056
10272694
47003380
42912135
21209166
48535045
43390074
40632079
41728137
40203623
43243661
40211888
31400507
42048584
6368133
48903415
44364756
5266251
44500415
33165767
9556312
30767275
38823911
2158291
37456770
48198570
29342590
31042873
44307582
39274075
8312504
33175912
30755699
43309243
20587129
9306207
37632851
12394953
26934554
25018812
46409437
11838967
32849256
13174511
24619121
6491029
40653009
26420173
4239776
15365259
29873730
21042867
29349542
14934722
37726276
7068771
23088509
23645771
15489084
41831498
39700877
31436342
6331966
8347174
19135871
1413577
3573485
24000371
19777713
30908477
12227522
28308856
13351644
12011868
19530191
20738049
33001290
238561
32948724
15129499
40305105
15049169
49050783
36706746
30789687
20659873
10732182
45726228
37067869
28677921
27817117
46562593
5826291
21388408
48322686
44540872
37034515
6492093
14884104
24163186
21364582
49800807
18468172
40797692
49018701
35343370
44918889
25138568
15995018
41505612
8926659
23400546
37325321
34260054
34637805
6027297
17187384
7581400
10742011
9915495
17698837
48094347
5062252
16509999
18108910
30118080
41597655
9914840
49241304
38769469
19871529
41833978
38137510
9257981
40528159
40726936
27845409
17486269
19405621
19703907
31032463
15090955
46544243
26100969
964568
47363650
34495714
4939811
6408301
16862320
27905774
2599776
6274345
44411859
6048464
46189748
49774505
21464833
19155652
32665420
16011330
41143447
49664576
11101354
27576446
2161927
40465445
45322413
46987730
15863266
24871130
18775601
29486412
7858073
31655706
34780193
25666256
42496198
38258098
21206226
42856324
28373078
46256428
42247263
11567314
30716977
39701
38738492
16606307
33291529
44232866
44228394
29718165
33532631
10990166
24891148
13495340
43585996
35460402
11401986
725132
49471549
27007027
36706474
45876530
45378504
36180235
10447741
5761282
1710841
13822351
13180859
3327258
45466124
24606844
29479717
27662672
20639335
2608447
38031967
31772871
10136007
48016273
17797110
10817246
5103735
16927035
17380876
35055061
34515817
30355528
6442629
1129395
9878959
30875676
29631578
27030389
38592277
26998849
2135944
47066695
9935045
38242878
14570317
42839387
44242406
46006843
1932666
17600539
3448294
35490993
3090046
32076987
24198693
17863679
34804555
12157392
31734715
29980351
8476019
42849747
46300045
24116999
49767631
42420856
42033195
2667182
13551162
3846582
41387042
28091617
45575795
47728843
17980689
42419538
22008666
17693367
28584948
18653915
43562844
661517
33674493
22597570
22093180
4849964
49175891
35870695
46383862
9664868
3195621
44706579
20658364
30441964
20019123
9583573
7151126
16469123
37606461
24229351
15999478
38798063
49593367
48748028
42482284
37790611
20635211
44557834
47918396
45438648
21775425
5877319
36091075
47069869
17164552
10473003
25716712
36814417
36528009
1363906
34846326
31630657
9775334
36123075
10140109
48668383
47894002
40169065
42484111
34797898
4936614
41958130
36091937
14451071
2197556
16112341
41144443
28578495
10414296
44862945
16482213
8660666
2260505
6149502
8206156
33401131
22528747
9671218
13884723
30830998
19346800
29753847
39870073
47844868
48176934
26366677
30220561
48717127
11858131
31962096
34421262
25597326
18455728
48561855
49416219
43421469
31374511
37856438
28462338
49255079
34011697
27666691
26118561
41729232
27989146
27781982
3519523
45729265
23565635
36101259
19145831
1981506
47717279
23217010
14922332
21004244
5642571
861158
34972619
8288266
47318467
10777681
33858853
28159719
46339999
22086423
29752007
4982049
44066704
2660661
23372504
13035699
3108072
11357008
24982880
17006621
15921386
49221381
17553853
18977643
33977771
39082923
32507491
19982250
32813216
46749425
20692686
17088511
1128761
25973528
37887242
47410271
12682243
47609595
41874235
19865462
9959216
12622521
39056105
14251197
29507106
27336632
16061529
15258554
19562867
23651513
43412040
5951586
35436145
39757532
1579838
42214959
1400919
29893734
36808366
16170659
28121195
31667179
17875216
10494227
49538644
24404234
47882675
3146751
7739838
5630658
13863879
46057016
4986485
34380418
16169864
20482433
24648677
33911491
13128499
34361160
47729540
48463444
33626090
37713186
12819058
23684027
33327535
25087711
22511719
40981258
31348140
3904756
32358768
31903526
17064661
43551918
17258828
47551526
1244707
22281851
29616443
29251466
42403038
14779951
41803696
43418812
20208111
9054045
41659519
845308
20768016
25501148
47556157
11889811
1834274
11856611
25324903
34833894
25125090
23876628
4874706
49071924
17785313
17130857
5866075
42248403
17530922
43829718
27928379
17736336
38539008
2558885
8804276
18336443
8400223
45511991
21752980
35116165
13070590
59800
15661732
5701983
36502495
24809144
8347265
38611920
24235315
17953748
7978899
28409868
3258676
14319163
35398403
26264711
17012030
41392768
24659774
20624103
25132541
36147128
32719098
4060622
21474599
6386897
36845259
18950755
24850629
10311614
8496965
27643412
44185734
18054798
31290829
33196208
37538248
27084716
47594666
45293822
5947889
4022793
49702581
48892997
36646665
22680462
12415838
19653489
21182562
30646397
4219240
17469949
20214615
39198518
8359454
29148762
7897220
45517262
32846898
12786440
1551705
19993280
35607861
6529219
29268835
43624094
10918631
6672416
45573607
47447051
2394671
19854074
8668128
36817220
19117882
41990589
21259046
45629395
22619440
37519695
32736791
27067097
12666298
9265535
9926965
31587039
21061614
39743507
35024218
2950858
45695506
45013815
36834318
19113400
46465457
4458109
13847203
11248899
37879956
16235070
30965201
22612652
23813511
29773519
6519233
6538796
9350680
36481447
6645013
31126112
30913436
1776206
12045086
17979089
29742324
45439263
6365206
11948648
20316731
1044975
39227631
26569896
8350362
34830516
34640417
15957148
47389568
38660720
15785971
35476027
33993198
6372494
47712806
24895746
14653240
21822193
40732339
25393752
42333736
32738019
46515800
10296134
46662195
21459778
29527324
18262555
21844496
25837798
43473548
32110751
44811225
5970151
6508841
16096504
20385694
31606142
32706852
18132570
22304284
10672582
5183746
25681571
15706229
21880293
12345249
37123005
7720685
40572665
9917933
3753363
40470468
39772632
45008658
20124561
40785235
49221503
3668463
13249019
1101635
22501712
15703730
6693122
47549702
20932409
22057479
8087628
41175566
41817442
41077875
27005421
22308124
9555864
12138347
423442
18426859
30382536
13299957
9864160
43058121
48973779
14577801
27340169
39111068
45846046
8255533
23284693
11489322
14981325
32968899
4662606
5135780
17757627
28269852
14344765
43009389
15115173
49959634
30909549
1986704
37214628
37754554
43897101
25182886
45204052
34897675
3813667
16622392
37720596
29467189
5954150
9678699
41064585
11026370
23799
20527099
25069256
34004135
38532378
24331180
20313050
41125988
807464
18347044
47629707
36735283
6989364
13256404
32142840
18845538
44122423
49152881
48035951
3309973
36384801
20148899
49223647
9014816
8771881
1930415
5280264
14683609
41151224
46696816
19662272
29661830
31247513
13234502
41496336
24011782
9274422
42438030
11225145
38011265
27311840
8795268
37434125
44474109
46863170
37213938
14169748
40785243
41409486
14839019
7407106
35693277
30691007
12867740
5161454
36741329
38624423
38870820
31553224
22583767
49835455
35621711
28441331
14783750
23235578
4471434
11210020
1974802
30310907
29024681
29024249
3928190
38921223
23119992
2756015
2684399
10628713
48862092
13954096
4774781
20689207
27636666
5932860
8855558
17010900
21573192
24966064
43378072
32739676
16711681
27398924
21281270
29792099
31749460
10927536
36178251
33773489
308933
48304910
8267015
16964152
14155956
44470081
28750467
26889262
20850198
46332482
34185595
12939371
24398680
10794633
48843837
24964946
11575297
597633
36746729
821657
22900488
7861066
32044087
17933003
30838515
15245944
39375918
40345688
21600805
27799992
4220818
16478013
22810880
35164506
35433627
34776752
18513513
15692943
20795146
27477607
37407232
34643219
33723836
15728754
21754743
48428117
623278
7801748
5753233
7621762
28798187
8632283
6601570
17283107
8297035
7993930
13942374
19126897
9216375
24849996
10614640
45121432
42044737
27007083
14050313
1920431
22071193
22346427
44029278
13446811
27033448
1624559
16778583
38250512
17159217
19151981
49869250
28847276
12745875
8929940
31994401
49833692
3390926
12572691
22137938
47185074
48294472
279901
42837709
40128270
22008478
49659261
48883967
46244621
32964074
6797482
15979869
39938382
32326448
2602333
12620767
4034760
49786726
21996378
6082407
31377682
4310799
17641186
12043994
48808800
19257493
40580210
40664378
7479082
24243677
38817688
49757400
14431319
3082966
24753681
40942613
33927578
12580444
12567833
4068256
26815279
4248556
48818388
12157733
48826030
27908756
20686657
4504519
27872037
23769046
7561482
47024153
37683603
46482580
18222348
12027689
28037628
41178080
25556374
31266097
32578753
25243289
40930789
9892134
17493533
8977287
44653202
10557980
12425631
16407400
23028893
43882860
29150451
18468910
43693584
5066334
2398565
10280928
34885155
514397
43312610
10297600
37197786
17322550
13062453
43069857
4275974
21906762
22741741
6172958
42709403
1325051
35760712
43325174
40694801
15881484
26097545
36524178
13956644
8643739
1597581
29662265
11495756
5624754
2463389
33817244
46340921
36045458
22776676
31426116
21961257
37750120
47714512
646070
47328775
5732483
31536041
40899443
49739993
11929280
10173490
36717673
46014299
8199994
48704820
20870600
6736906
25003791
18651566
39663349
23465426
34487552
47532521
9055436
2377531
16960405
46000468
15307882
3793250
48885828
15489595
16813343
29879906
44962963
2828407
8856021
40782482
26209784
27627655
45978009
18698272
34256413
47597657
48202961
31707019
25298436
21608666
49545717
29242216
20891190
46028962
29749762
47469562
49632171
47274136
25508441
39734626
42192663
27386249
6983838
27535103
18042557
18794301
38852049
46260391
35374397
33404800
12391650
5919921
41800503
26094299
1052819
32100699
33127418
39792751
33303328
48008601
2029060
2030722
46980165
48130943
14753705
46955218
1992670
40815614
3527369
25033825
8982596
3674580
27351457
12069787
31600313
39805260
37142920
30307141
17245373
7585279
11749979
33169502
14999161
21394777
14668613
14042260
30550205
3815195
8946980
32583936
15004003
46915497
42138375
988574
15667052
49368178
18459702
17609260
25954172
33554094
40436047
37736074
46698635
41929722
47922046
14985691
8640735
31824971
9204340
35434412
16596750
44840174
4852611
24780138
40168579
38347517
20190145
28420288
28428342
47369585
46772693
49695366
25145765
13847450
23348970
12824013
7264626
36503386
29225056
846204
40044657
34289001
45762069
22555672
16888136
17349763
36949079
1784408
21814270
3251600
14352739
24624118
34153810
28968956
43727478
9622107
43838212
41434920
32355901
49040899
8092476
13514976
18964999
29396737
8287
40744894
47549838
10973679
2240107
12750271
39170629
23739639
27088246
3620803
49851912
41053340
46527380
27419456
9455734
37849852
29484457
31593781
9019583
15353285
27480098
44813628
1848944
47032183
14695100
3047389
494678
806649
14547088
35352896
7351346
39981572
1946654
26923724
44858919
6770760
46650302
5143278
38393966
4184925
12423614
12938296
38419756
6399822
37971153
48601849
2667493
11558905
47917686
15784946
31028181
4977319
22720549
37091138
12067240
36815274
33631023
17570569
4070139
44753208
45642827
9404969
37376869
2327472
13967487
42243981
10391064
35278972
19278592
19819364
4473476
31552726
40793058
9789784
48504509
40036377
7401269
21443780
363456
18258574
1869354
21179607
36415587
18819732
18446649
37080923
34851626
38547840
40087330
5551562
21355612
11392564
23020163
16576129
40775716
35462410
10767016
21589503
31197088
34949491
19197621
22450295
23400280
26405819
47790876
29364993
22301794
36421967
13545127
33603050
12424980
41053850
11488523
18472648
25297471
5458773
25047408
26456141
3043048
4217905
11299124
31680240
34079152
49385950
23242695
46639676
5899038
18192727
42131593
21959670
14778414
12939375
19088845
42265857
32479268
11880828
35137443
7888662
24726665
17155954
33359225
25956663
28884658
25906337
6001264
16998601
39999164
11617159
7204321
48922721
12933509
10355212
23635572
7700233
18964427
12457278
46343830
943561
29679934
8987164
24270122
18305972
28521796
15884250
6857296
16337375
33439775
6689376
39213178
39004264
38593600
27421575
7315196
43218146
12695232
14015833
20602162
44829020
46412203
16677099
10658185
2276665
49956851
36020171
29394947
7937521
18373260
33824865
46872029
30953450
22777316
19353093
1681444
22278474
40016823
45234712
21964754
14954599
39798055
37758350
38097143
16865708
35146266
3587009
17007435
48414811
33975053
41553566
16360592
48288797
49572780
38382391
36437026
11707318
20760862
12774967
445080
19691778
13477241
6614300
33022236
23448981
34495058
46507917
9060483
43653406
29964704
37223906
4241999
18415052
46172546
25235084
7131948
49410472
46900640
44672167
23119513
19095479
20138354
3963046
25659743
2424293
44987897
39998651
32994493
41108558
30676249
45419412
25451806
31065785
20430244
27924592
17942053
19943875
14799173
41821149
18942005
20336119
36818188
36528320
43226096
47170808
12486688
37619967
3819317
42705236
36976091
20629224
35256208
24913517
49270751
18035795
35401741
1844326
2495272
26086299
18725168
5749113
7739231
11180204
7230208
2068901
3101749
12131554
36435244
46970528
45079985
47299715
28392742
18712420
40126681
12449435
25179012
5515576
5132651
38453321
38123596
15948921
4810428
31092644
31117267
32742459
14786772
26061823
13780657
26734247
47343430
4463172
16164665
27573516
11723486
3925621
45254832
46500993
38367187
37412224
8384909
21847180
31254271
1649876
32463388
44242716
36029781
41799353
12440815
40769113
15016202
31405082
19864430
12814968
30899177
32672598
1510843
35025848
44799238
21260093
37690609
43109680
34956837
26804279
38828447
46864413
1718637
177203
39626093
25230019
17384919
1745278
19387695
8088893
36743204
2756157
9008472
21449554
44489656
12444738
3304116
34931316
29374344
22195763
23130488
9889514
16019025
28867931
23575401
32067766
36113978
23008255
26199110
49850354
14493204
24262293
45460172
31908787
7920323
14905296
32260190
39073218
45333686
14032550
18288592
20065374
40099822
24439875
33138349
1325584
47815738
26937516
9523105
12693786
1725339
16356493
9701915
28473621
292014
3835072
46394782
41105594
8413164
46193523
39760333
18215878
10385239
25609545
42310359
16729179
24488182
10104976
41316639
40441409
9321699
21663341
18068050
8805719
19033567
44885026
45635604
29513676
38243693
4445712
29852547
40775738
3267666
37144945
16376160
43054902
38711033
24646626
48581360
18826225
12189642
28462111
49740555
39518273
7549989
34493844
26406018
30443991
19717742
22799795
35533894
33013798
3799514
18006156
48803403
10303745
19547496
46482990
8035662
16842187
29987764
38189786
29073726
20414958
12189989
30116107
16226451
44817456
35885192
11723025
2753129
44449264
26803579
1485813
26254743
35990245
47061372
11539709
28477030
31616600
23468423
650705
12389193
4144180
36231809
8512449
11648837
23536882
7393836
44065236
1442387
46605422
41819761
17033836
8954768
5179960
9533423
16864246
12881687
22157745
22473556
20492582
37962243
44616070
42113038
10362294
36375780
34471862
8179501
1287103
17373603
24119931
43842130
38502400
45991090
29476878
19384806
38157435
21894830
28487399
42410380
49848918
7607872
799763
26502132
8942669
13238467
34177232
7332994
46603690
10508595
8050399
25799131
39845791
7010240
47212717
10876431
13256702
9637723
41043237
16818472
29474869
34035295
17420171
35966690
24320060
48975061
3086502
34800203
48852783
2002769
7639742
17746240
45157298
7838647
40663375
49303209
11999386
35167258
8922606
15695312
32587113
7256499
32312318
8562946
1600570
31987743
28659697
19903098
25945990
22599169
37391897
21642115
19498008
48038231
37817379
47608519
27500290
46759296
17644424
28541341
13363073
44985661
41845849
26579169
22642674
14898730
8165021
46755819
36216610
7547792
25297845
25244521
8468377
31065368
4845805
8828552
2714421
13633116
30509183
4482037
45212993
42738185
17157255
45684683
49882555
7441401
36147201
35517152
7539727
14173980
14495114
18967589
28011691
31357644
26399589
34027037
46667414
15155513
41607299
37222243
38181215
26854504
3184275
9150432
21537670
17076221
46717058
38787247
39053934
41578174
33666683
6120182
26722750
37062225
33180503
39818370
40365797
15423301
12859381
4927253
6498158
26961678
24398824
33673106
19863761
23868067
23587730
13450692
8035498
42611837
24402494
38003869
41091291
24430722
41929221
17056722
23270711
7970746
19071235
25690694
29144800
37024252
18648573
44731917
49123693
14326325
43225190
41710577
26207710
20715068
19520238
26240699
12359861
13931084
10721096
17873540
25711560
15337442
41271627
31583736
48283943
48675452
29396620
23213082
4051018
12272419
32561172
3100283
5221334
11541416
43639881
28662521
24636066
9990054
35266762
48846873
8208254
44689998
16186951
34651571
47174045
663394
41130784
39866751
10917424
39385903
46272819
43705069
37908027
679688
9155373
20870017
11480724
18303726
29811212
7473928
2858374
21420864
8915154
6923839
2721256
47835588
25252089
37354641
39625585
11199895
27827034
33875530
6629898
20514762
10531436
43614600
35015250
40708519
26018
34370483
1956314
4113422
33777434
47997141
17623878
6846076
13342571
36990787
36251812
31321894
31508948
22522114
11144656
39699391
14217914
16101100
33359745
2761144
8089002
26128811
8621080
569874
2513382
24040494
34704286
21835649
9670761
42180878
10789252
578351
41573742
18732777
47838356
18724947
29920972
2424877
18940051
46665365
27671156
47901373
34213249
33215273
27988818
45128065
27717661
7111339
38800441
40378295
26858337
16476763
17782067
44920369
27829337
20090797
32188248
39240797
12440786
42012302
45717986
46402905
31809011
13518909
10799401
11062149
38364946
24556809
5835257
38988221
40111942
44190531
33876521
8957374
28911269
19710283
22860397
45516399
3038234
39604489
17350105
10210091
16178626
30793563
20286486
19111587
41252733
29211751
43978210
42840001
45945098
170325
40937710
3707477
48495011
16217413
16678971
4120122
24569987
31699479
22344589
45425934
25440776
11230146
4509833
40603543
30675954
969219
27926157
29352480
30136741
17351303
48710715
4106739
34452321
5627724
48916703
12260577
40307341
43188570
6979594
5609357
16386504
6963356
1111504
4500770
42480126
41091550
32836627
987260
42937812
25277146
26063507
16170520
9292232
27731265
13302756
34482968
18472850
7852005
42261429
37067568
34742962
41027908
13924793
8385198
32548309
39130973
33256962
44213815
9458391
43258972
32158840
23706000
40263669
29260808
32445218
22412628
6644879
37205528
45944210
3929824
12910941
14187185
20936670
48661060
3026600
44644822
42585550
32043251
8181434
23505456
40997602
19397051
41514892
30722427
37041512
38618019
42196067
36102610
34572988
25221479
42207405
45425454
27719333
7865192
35024406
42225255
15728879
14754075
49520563
6392241
38966079
7624487
16573843
35094171
39109882
25778962
8002228
21157975
9042566
36209905
11739742
15869144
784925
6281641
17950791
14113379
41537885
20927847
1358062
18313403
38598066
33167545
2844834
48867845
32994826
160384
6807110
16068269
46854791
40770269
39575956
44033465
24779343
45451722
31960660
36864556
34487216
24140053
31612
34546580
17210334
28557982
27664135
23588423
4826753
13297596
41173796
43086654
39218131
32636826
31477491
29761040
11109930
22165813
22724681
4516778
15988519
7508474
25795805
35421257
40256178
23125986
5004403
49997526
30046857
35740475
30538987
12910360
4172346
32710664
41842906
15164831
9694187
7959195
49844474
6506312
22152941
14580074
2642303
16444423
24615094
49629957
26588250
9316518
13087979
12931649
36053191
41756781
25689745
17678990
31233480
30961812
38677234
34310830
1142802
40802237
2893476
15184934
12497601
49275575
43677607
47637163
40176584
24052902
15919864
25172737
22427651
46859221
41987911
20170157
17535349
22071122
41461464
15040957
41002303
27688045
4153457
45366934
46978358
11605591
3500883
32752686
7183641
10885387
44459179
43142741
40167158
12827298
41718224
38006448
5864519
20600383
3600162
33060712
13382183
23435964
352689
24587596
16794094
9639154
28865301
39845518
47136695
10952258
11521570
10528077
33501626
48133176
44639586
6427592
749734
15861804
9488721
45167566
49495980
17988736
17093292
6412378
9792208
21618306
27056616
6782089
32386430
15817126
22836993
28216393
30579565
31452169
48089001
19958970
39879680
21145287
20549528
35292100
34425403
24444770
44466672
41172360
3649578
33086115
43817514
33488111
20840706
23103184
46643829
11739999
25899446
11261414
48436236
17571436
42158052
23006000
4625421
39705315
2276545
2945322
19315490
20166789
46639786
28564771
10909885
43402545
3498251
39926995
16802644
40011968
26711603
32688259
995420
10216143
18760508
32365382
15992681
32028327
117055
39079632
7892972
15044070
48799002
21225330
33860788
26429905
2515349
8992180
3692626
5909432
2439142
47180461
2269701
34182464
14190156
6957226
43973230
18848930
47929763
46150577
30210009
30733840
35003737
22619366
19799034
34009018
22157987
20018323
39015623
45196968
25641947
32012771
21400274
3222009
39374651
20325720
13821795
22981305
158407
43299115
47760213
22368828
2158579
8844755
21306963
5638576
12295312
46163055
44347678
13365743
17532831
43843405
25355667
12051904
7600283
29327512
16870192
14340455
17723609
9206893
48606154
27736089
2137606
42170533
22320744
39198546
9569817
43221259
16530070
8267327
33676573
33975518
13347729
13213038
10697006
35523314
45701862
19185585
28005309
41247292
46980020
6287920
40857134
36280937
18659694
44022688
34910937
6665554
43781947
18441199
12925380
42351191
2027061
20004522
44250604
10188613
45453984
46714462
33594054
10272526
5612026
49790968
13913275
24643951
21470337
22817856
37552359
29728778
22026473
9940682
22783730
47822676
41207352
38776737
6541413
1450097
18627257
15844401
37239041
41663931
26933520
29541944
9135998
12453940
48604144
30669434
17826658
10587671
22213352
46977190
3746970
3298854
33686621
14418786
45545144
26629304
17752733
11488583
21850199
22884113
19037316
40153915
213984
48144752
49522133
11541646
1543206
47277432
35198582
23493204
6552568
30993640
25519630
46393876
13409132
15436118
2946194
38331475
2836093
23420395
31139942
23228112
5713816
41115734
3419885
38596210
15749139
44253468
23489976
20118852
17432098
7648710
29382986
37313185
8502588
41400801
46193719
14839379
2325305
48147261
30840290
5138964
40655489
44136153
34287823
716299
27436440
41328070
49826311
2716918
32553162
16018809
44175378
29751858
9356193
40913694
26055608
8398608
5565914
36508692
37111273
33574538
34993384
1229248
9760662
24280350
40342914
36795762
20762294
38431353
24882386
40931657
2354622
32623870
40725975
40986959
3331892
20808155
13155504
2682228
2019237
25486506
14195039
9278953
39316903
46451342
30545143
14480738
45646155
6237811
44516506
21772761
8996275
48890911
38786131
34493421
48212828
41052002
737140
25432197
4443020
31600533
30044171
21418186
1785638
8176170
46509213
19454509
30787007
45801758
32085519
44963945
34773322
49872770
278203
44121349
15081994
36076658
30399851
10061116
24299406
26505882
25007639
34000568
42339326
28989786
1654261
39018574
27608900
36520190
7106895
13974549
33998527
14099567
26222871
26486758
43207264
7600840
2694180
37165300
12932352
36036764
45033085
48980014
22199238
30927656
18211148
27681083
37757302
3760161
31311099
29742005
46903510
48088241
8221780
9900736
40651323
29056266
16879698
39960038
15531639
8329805
40983605
39579448
46164528
17576226
44968767
16050051
42939690
5597897
10434618
43514444
3381274
3740985
29261322
30444807
10666850
42653662
15310321
25500838
26353445
1365880
16615988
21487272
49764655
34117721
32159831
13482383
30329022
43529953
37535572
34831052
34711682
36998770
47001690
42666133
10687813
5206196
47282959
22341811
32903889
32433373
20689011
9399932
45647195
20463186
8572984
19681270
37611507
32513456
21464642
39420843
26522399
13137979
45416435
19430435
30533512
27497884
21036438
5755039
6194148
19493048
13657335
16276760
10144682
24215504
15047490
37834740
26525649
42930696
34250906
28302976
9410942
18509745
15841256
40310253
25293426
40389506
33418423
29485839
48984566
18646159
43338203
31962251
38031568
41742458
8634706
24240373
947370
23802618
36827420
11438868
46861661
33065453
24134502
8238467
32897610
36042666
29390650
47581860
18518534
37664284
44209052
11002017
39140962
1257434
47057164
32555110
31228902
46621227
21426304
26952941
25485591
11118848
8260143
30192823
40486404
16544682
19032408
2675563
25924803
22610967
4522822
22992311
29117810
44647806
42700077
47156210
42764233
23864615
6870404
40294629
27708177
24120947
21267344
14228895
38116755
2807483
48945346
33606570
27749924
4419588
24764797
7969046
1538800
44927714
8354167
7768692
690036
883634
38928984
45445019
19957853
34469846
16779479
20983326
30354390
6077736
14486178
49610595
13634604
31490884
44082723
21879391
2953062
48992967
20800764
947312
46378676
34350681
43615552
6093406
22924776
23680611
31780875
1864659
36764577
7732704
17470997
19905350
38706494
28929850
8021363
49103956
36936804
10597254
27939916
4306352
2741703
31868316
3298903
15277760
22875473
46215847
21809201
17623904
6662680
41753370
31956681
22626637
24194219
36192851
18620505
21518995
37154030
19828819
27250774
36695303
37616753
13846766
7066098
6040239
29315933
21615511
6312778
32752376
25236597
16494218
33475387
44810973
40008399
12256118
47028817
7880792
23843148
16875227
9620434
3777951
3404079
31822550
49279315
8536095
11298235
45304154
1998329
127071
17719428
33898419
28507505
27225740
27948114
23632997
9250010
13392378
18311455
25228958
5523458
34837106
17529020
5704530
18443132
27889617
27456275
46754256
24530346
30931352
30493180
44089663
2232592
24196949
24032734
3762146
30083160
42114126
45155965
2986291
29796926
13442979
42700336
23218739
43630139
8487697
12875237
11469015
22681063
49174243
9729893
23033457
1059925
32950621
26475192
2915035
7131410
22014716
4922004
42840023
5716054
41045943
40313245
11573314
37002291
23536118
2905877
16905419
38753089
29445115
43825533
3735965
72152
24888090
2719201
11701788
11995266
12832893
14224388
45244542
5076074
1377990
36009109
45673287
8917881
38913081
42601934
48726277
3674466
45484040
47074009
1195007
21712146
3434457
19729354
44199734
7587458
21677915
8099065
20564098
5362171
35957415
36006867
42079265
38785476
43662639
8591387
22796641
16314407
43403246
9078434
48799348
21411845
43651257
8173307
9263746
39243307
12066705
21623354
13960464
30724679
44689583
12781964
44247707
22110622
4633040
45473875
43744670
35561944
4637200
13421253
31273650
23905201
36179111
14215629
15697872
28452478
12226096
25913390
43028167
47153988
101541
35979871
6003549
44652144
13142222
32836568
34476721
37662009
4089655
16320474
30517562
9289789
814643
26237620
46196117
33636763
1152038
3496697
20380794
23812425
19369118
29366220
47828014
2064905
40136726
6303367
19340637
12123386
32795286
18774592
2476933
47173989
31383947
2527071
20728414
14622358
27069190
38747249
22335277
30100331
41301970
12354063
1329736
20282726
49273896
30623388
18821982
47320102
25697593
28984775
36227138
3658025
25440176
37377269
26495706
42805775
12081356
49186927
30697596
6040673
45879827
12632304
34553783
13665057
23562550
19751538
35438592
18349799
29777042
31234501
9310032
24247973
7159311
39936846
41539339
961556
35788679
29062535
1805471
14471796
42925717
17468060
19372654
19774679
22055078
47527418
27707409
25414853
1173558
21561555
11956754
30591716
42690714
42000599
40348833
43245368
43219775
4804073
28498388
43073745
17978049
28238326
33947428
40223281
14007096
109060
1119810
30588926
47266379
3652792
20841674
42898749
15405342
41876025
20802394
44655570
7350303
10862736
47453676
7647518
19604631
27530264
41116371
38516912
10684871
31708130
30042937
34623891
35010182
43841826
27563997
10220743
6090593
47823656
14264331
34534276
1018323
35764501
24268800
10988440
44129897
8496529
13864882
20212624
17620866
3603736
35369780
21883260
46213266
20319832
43996120
19640194
24290547
11045785
48935305
1636893
15133037
41836280
36322884
45264144
14781885
31664269
12402997
40368176
34882655
2905250
33344784
43571045
18096189
9594593
41842736
35724319
13549622
2725103
25696934
24889788
16845136
43826416
1490472
2371762
48245524
34884314
13192520
6846804
330093
37074832
46098190
47862296
13845720
3243774
42182459
27019307
6971048
40820738
20616043
8658782
710860
36435747
18788246
13269185
26729799
7761328
21768360
36329990
27850540
23705522
22850579
1981882
23918919
40166503
20024685
2686737
415195
15292236
33758744
20746091
12179770
41161317
11643923
17028730
40368643
20942013
3411556
501955
45540897
8223663
29902003
25541709
21063110
19307532
15693964
47177791
32182031
32070994
26055535
11369276
42935144
32990216
49022812
34593284
45647634
13924048
409658
18290613
46513076
19617130
2673310
11190667
46669940
11148825
13696401
2845459
39203300
4288277
46057455
22012246
36626130
7872316
11923804
43751615
36688853
41429300
32146185
26136391
44454205
17755484
10023488
48461871
3594577
25647918
13707144
14333316
33951994
26368672
8063934
19944325
33024812
27034901
5254939
5213267
34654061
40736069
20546321
32422939
45213085
34686977
27030161
25202047
42818699
39633075
4371074
5918617
47731073
33192867
23138566
20487059
22808301
431746
31032164
41610821
7263862
11001026
3097502
10764861
49677844
44566746
48348322
12780808
32365983
19045281
25856413
49880880
21104707
47748347
13324666
43367196
25656546
8044844
44358711
44623669
41149051
38015797
25690751
27658284
32222108
49385161
13920211
48827562
27874040
47391644
4360342
42199515
14824778
27822045
3167200
528942
30924434
43243264
42565009
33937239
5028575
36710143
29960517
28907303
42300466
7804284
12181824
19100731
23139433
18145682
10762222
37884916
13706054
39019146
17999673
39756924
3233454
28538798
6812262
43864873
27344556
14996483
48003505
25702479
24860123
33885591
360585
25454406
36975921
5347549
30730875
7797132
1695546
24614158
39112818
6695157
31464395
7584585
41773370
14228065
9060177
9704554
19968256
10004135
9552512
14033345
48980051
8235053
27135107
21152060
7915978
6362733
19267579
26172726
2263898
28168093
45746984
37468714
14221092
18684216
33746355
16198195
47819147
26010676
1417878
20067817
33830593
8985328
15420460
6215870
24769397
35876756
30512008
34272707
36563730
34745209
2010185
21982967
33770482
4586736
22298326
22008778
21953252
10071000
8822568
11256787
14667721
5487612
9057019
25284796
48667849
19511138
32218110
38946260
19694966
39759960
8682553
33892909
23904598
739844
49518309
6940890
45254580
32336775
36374026
35333837
15457875
36730237
4279768
26032106
26892918
40315235
8929903
48030188
38415697
49626958
34505202
16888793
44437187
24712046
30990951
325984
16168118
33699104
37522051
26899808
4134932
45326079
40818060
1654752
22488081
9485328
29118416
22180771
40416905
38279536
19136165
2343726
3753769
41120813
16407646
27953211
12305105
39749815
36101588
49594954
22456451
28312976
36719172
47739434
2242529
2301524
21798099
34208826
33379699
18860116
46454813
10688524
23640837
1036555
14578719
29890479
31080842
33581255
16681712
7979230
3375346
9338293
11616920
30138713
39131188
19150254
39888363
30473898
42380458
15251270
23013656
29407309
14010530
49222582
47675177
13432014
3790823
14334110
49003493
34281963
48395959
29276346
45683593
6904173
38539979
36246282
36557816
4710558
24643911
32360386
16113160
9834261
38667245
40843605
9842825
18026497
36350692
39004866
26898617
31989191
12792702
38946001
35044348
4550639
49646176
37171849
33661234
30518875
14130158
15788831
23003852
16424
24083933
35121750
17478934
19379539
22027752
23099129
46712882
9688575
7713595
19942672
27607062
23927227
5285600
4801462
19570988
40815756
6782733
4500682
22125718
7488178
13316973
23378862
4544046
33990256
49161732
18875588
14323628
29104760
45000997
12540965
21098730
4759823
18299189
19901790
30373171
46625266
33980501
44444121
7934689
35341381
1553923
21346015
11396105
38101775
7063731
24034089
10372489
44063608
41437120
12308089
31151068
23953668
4302959
49337174
47571019
2085122
46266586
26096454
29511087
22506876
46626127
34220906
11367894
10004399
1191038
47623183
45703253
42551462
14366504
6430200
44487796
19201707
15876020
39138035
46917389
3684892
27990513
34097758
7785479
7238023
2171524
47535234
13954305
14799945
15159053
39799717
31933320
10741942
33082715
27462357
2158770
42998735
20303505
4121161
3536156
10200786
39251479
1850601
32861058
7679062
46063277
21445634
7392988
25171384
1067477
31089129
49977466
5878171
30738102
237231
47212280
9009432
12140529
11320662
1128990
27933613
11154303
29014855
42388566
22951938
17306447
45469344
20766106
11379382
9485144
19217349
18471195
22252251
10795590
47789255
32395794
2675544
7120476
9130492
7523355
25772366
36696865
8098387
41699395
29796803
9752421
17698925
28777799
7862315
8432281
19260003
8306374
31506695
4803386
25538179
42365448
34515317
46291015
32990588
35524340
35670009
35701468
36479315
9705000
7813248
26448580
26192419
9662655
1300739
10737051
21273031
15694613
30092020
44138031
45110432
33867562
22375138
9368786
46399959
11151758
8455955
12364727
7250160
46054957
31035026
6764747
10070792
31424551
20334139
15862464
5022658
9087368
20397798
10754704
46891059
33036841
29760905
42073287
40331814
11565399
20388404
3885662
17748051
15293800
36882001
9692582
30965240
30795190
8581001
43543696
34707489
49882698
31555900
32817867
14541010
7913051
49469359
49884073
35234545
7136989
7462351
42943227
9862039
23663395
26080226
25395937
43144429
16421849
19140129
46487999
20513980
3778738
10466333
21390369
20436611
10525638
6546123
23801957
12367325
31364986
46340237
39770365
15916547
14551631
40061127
33581757
3117991
28145937
34673734
16222957
12631597
38117008
40349621
27787098
5537871
18596645
42481847
30361599
28670986
26902509
47542912
46297731
16984691
26351986
45948446
24405853
2251188
27183494
44646982
35580302
43045976
8521235
13397461
32832252
12811595
47024732
5472622
2246996
16182538
8919721
789807
24619723
38810940
39041918
32767888
12410378
16114882
36966034
39864347
40807693
32644505
32112562
33032205
33523527
10662227
15275837
35138240
47450741
29449416
587702
11759765
43765637
9843682
16987111
18292593
44347685
25672611
41999020
46392592
18507388
47640568
38406949
32842687
23775170
28738215
26125121
49461954
35026585
13719655
39573365
46853151
20530261
44555668
6849939
20421775
27987686
15651303
21691731
30562684
27260893
38355236
40175961
17392639
2255681
34096192
4143481
1571587
42282072
49239034
30695238
45504181
3945997
38131465
29520287
24513711
16673990
2066273
20092425
25058856
12851885
32154405
23236257
43078914
5203204
21453727
42816506
30307602
1189186
19267284
46329929
35780084
34325096
4992044
2800701
33854981
46108024
24077675
73356
13387840
19935532
27667380
31770818
17480841
17817362
35823200
46014741
11250918
31084212
9703774
22897369
16195352
12859775
36116025
18747212
28778483
15946
25125841
26792547
45382322
30324780
10813532
38168088
31934125
35163011
27400794
12001597
29599201
24517525
27300198
21097973
19544451
35853848
28144169
27504989
8451755
25150008
9133367
1710565
38220264
5153299
36993817
16274338
5779668
23775404
34822183
48538165
21898963
8424021
23952734
20054807
47117254
6869830
25288182
23705710
12781406
5267811
25106209
49743758
10322160
9766703
1698938
16851582
34160034
25839904
15045069
43480889
35433638
15248156
17376407
43616167
23227528
26240692
46231556
16876647
17767746
30081801
29711994
36374001
25566200
34235666
4023256
42908224
20270612
27353322
49432265
1448413
5587418
15611288
9037637
10521810
47086519
13668792
42839814
40021055
35352168
22719907
18509180
46991879
48035247
9254551
3212581
33348208
14201168
45490
21009106
9079761
44906534
27397491
22221184
19253416
13929236
7482882
29285368
49869421
46781395
38108272
45119352
2917536
12459051
40679197
23809956
482542
31416533
33170737
6352469
13427697
25839133
5848123
18631165
33716300
13317042
45148140
43419647
42465839
22423209
18362269
48418575
18810725
48592766
29524871
23991625
34548338
26396469
29800290
48289377
25536651
32165219
5005336
20455021
15987835
21908344
35798810
43828263
807587
38219512
44133725
7975915
42606386
47989209
34967824
33496462
23956408
48780972
24083681
26958369
2942345
24008708
19623930
31563113
3189053
41392905
28090981
17784167
21930065
35597995
45585481
39922622
47238609
13945094
24506231
23004750
42403011
26077370
33669480
35517071
38640108
28467116
23611115
17101783
18391542
3075783
20607247
22965373
20111977
36073357
42551796
25451497
5533083
5657960
10181561
14237782
43831919
4921001
27363159
43706628
2620100
37547397
17055941
11128996
31196716
3389872
41605335
20560519
2743617
42711977
24039887
40015988
28462019
13775038
26146201
1171055
34992485
24199321
5869024
24571662
1642241
26553666
37313444
19209873
33741672
6324240
20232052
11548858
40815623
13030281
43557066
26018517
48432843
20349256
45500024
272250
48862641
42574679
43613193
49836696
38082845
3730271
3552461
2225408
11807258
42087773
19049272
11060584
7731312
30835177
24256207
22085249
22091103
10570638
48842932
26211718
26153086
17742930
41402819
47387486
24541859
34612310
35033037
46486433
48509189
35251384
37839834
28212409
16510451
21327979
46771151
35865228
16625388
33396169
10399021
903540
13844372
10081348
25397584
17332027
595196
934367
27636405
33494434
39084547
24609903
19051181
15078038
14716421
26304635
23787560
44272726
24457087
41243629
10677863
25190617
12622782
28724763
35823962
38161385
38331900
40460211
18144260
4572619
27180199
12501112
5473103
32544139
9765584
10605526
40717571
12902435
42098435
49358963
12636479
34154795
17504158
18269697
36001512
11891380
9006505
48939311
38285835
16671869
10128599
5004737
26763518
3226344
49228693
191976
25622763
25415998
9061004
330997
40056696
3627198
7902411
36403104
29603834
46686665
45530400
26818839
6494205
6566299
47129529
46089827
15763175
4639548
29654848
20067604
33941299
20893163
18940118
15191838
38021919
11395694
40562115
44003873
40053958
15550414
24041839
1439722
19232835
22244038
24033135
1057403
43661970
35679049
23347598
27340101
30768306
6840023
10321048
41602222
40647551
24543058
42208385
6766910
22450530
48617207
453163
10047567
36852761
23285624
30711628
4140459
29399391
19766117
38601917
20629718
39467902
31078554
33982095
48671643
27600916
2670552
24632408
4618639
25919919
6363999
23794841
31221175
23362247
24949519
33420339
18852019
12263101
21781861
5203832
15978823
49097421
36045620
43709761
15965907
34394991
26787276
32464574
17388014
20120098
47618983
3205550
44326311
4227323
49733506
16766803
19767996
49498376
13876927
24488536
36775284
6729933
24912524
49999072
13150311
18199283
45757800
49105134
381380
44249203
41836244
4693010
23837583
9209108
15946589
25862530
20188515
17751784
6686862
38555896
30806100
42850962
11055373
9140399
24428481
47767842
7666933
15870300
16769014
45403186
20155730
48344370
22288908
10837288
39199624
49325220
19016982
17922377
41681306
41318712
3492403
37208115
29815041
17127100
27984332
19304737
32789703
31210286
31608003
28766455
36836918
12751171
15081105
13516610
23258041
45961345
45989165
25512146
184488
28999130
10992293
16526581
13287612
17505126
27785198
15097840
43379345
16808640
23029143
5733474
12047827
13303100
22941278
3803842
15052687
14456367
15236670
34611089
17104282
4962817
31489489
27407672
16584646
37043066
44124740
3733761
4272747
18809737
29790330
6082476
34658965
3319755
19986378
5899093
12154123
880199
22193828
9309172
27505704
22014830
39350229
10722469
17519750
33619741
45703582
15735456
16661642
14843629
46228772
7050985
1665005
16944415
46643362
2237780
35719488
4727986
23657151
28608363
14709461
26329706
11330363
4650479
17720180
39626328
39293998
49597581
33166909
5571916
40148409
34432597
28886164
11508445
47006226
1675556
37182924
10172465
7980655
46162824
17091769
42463566
49996081
28573301
11475697
8561578
36254349
42164366
35707132
4025824
25505562
28502222
38170500
10036249
45165973
9983080
36179029
12493419
36100126
5342725
47526494
10152878
49107035
35521870
28631001
45879630
29377251
18867621
33876204
1860029
21830504
33427621
15714631
21240997
9394795
24466823
16702599
24661554
10311644
8546409
16006252
11440318
42788925
11219882
46473773
19564081
2748201
4282938
48237658
22044161
1217071
27178031
31276758
12576720
3570191
25883887
34239
18925235
30639640
30563645
25450046
10764383
25205617
37266334
9070916
13607640
46672999
17990650
10146353
9743807
24293501
39921463
31758899
45475014
28452841
41993279
14467145
6900436
9203717
18014235
33364042
32556152
42395157
1373732
48694940
14201779
47317103
29429773
3799129
27038497
44660028
3409431
37285884
22648278
15638503
10883241
49522723
27351900
15207329
23234353
8908406
36641423
19279930
34481250
23579172
29483058
43168111
10041240
8693213
10620452
27878845
18531319
7058520
46027759
23022768
11325325
38723321
25448994
18926753
28880873
28233568
5519803
18875694
16439347
9566866
1010193
29477024
5911522
27298102
27531762
26503993
3398020
28266246
36821052
2023752
10774443
8739296
33180748
15420458
2922153
7059965
21686879
24669693
40767653
10700319
38087493
42275878
41038142
7286125
31847983
41944489
18296146
17293841
38645994
35274805
38115619
18130890
3780198
5724202
18392168
22677831
36422757
48808532
29412840
8361801
29971320
25523328
36144114
6071687
21531356
16252868
13816260
12323857
31831478
38220335
1556038
7320336
40406492
4419970
5977520
35939174
16609000
1710389
20637337
28286978
27883905
42298453
33051826
35834192
8637721
16961909
25966437
9840110
8975612
8780087
10322793
15256270
2843154
38268569
26467363
4184005
40388050
13401418
10803537
42205929
15181702
39997593
44698775
21961516
18370567
37417661
20815554
35699027
7264638
8552353
12006430
32772885
4715327
38457875
7093262
48824018
36283275
3670893
43219775
27029237
32855348
13814397
18763814
22058374
1573159
26666740
36444809
43275370
12157455
4451712
42011449
30758315
16564574
9934622
16483820
22067276
29777223
20715491
40332411
25547977
12884074
39743464
31894321
34291592
8035103
44913746
26675155
219351
36708200
26585155
21983461
15641545
22000104
14868154
10660860
2776185
29172063
19116576
40039243
44937676
36769244
6467572
38745817
45936128
14958931
46110930
17287193
44017349
28102061
7313629
42426953
43271839
2325007
2830826
20460970
409453
890049
42676362
43986812
27800858
40618115
25109544
15344943
46949583
49017906
34337082
47531084
9319093
44046036
49536436
38866640
47309205
44701764
10552125
40909661
31548755
39710499
24538528
34137256
43457786
28894403
41710744
21857861
9846004
21281629
34737497
49139017
46020392
49350315
14524954
12716559
49455442
36781968
41632583
17566889
10740899
18327391
4411535
35557115
46931950
11280246
44354152
811348
28453110
39243657
36064287
10973391
25523585
23652000
14775030
41754820
39433587
49042254
30430902
19793600
14826443
30497890
26095507
1597096
11009180
4844346
35745979
45614500
10245553
41570929
17299309
13175239
26791598
13494671
24508670
24850950
27664287
23117379
4968574
5240238
28729517
19022404
220414
48002438
21754412
42734594
29199895
33501336
8564206
33847350
38421820
30278492
27174672
15274166
5913305
20087078
44253363
41069283
1470866
37280397
19114311
41920507
27409036
9197396
27447863
49673433
7056996
13771343
15450552
45033441
14006450
23156384
8622817
28709313
37054546
38243998
47320201
22905634
45008808
22514844
21589118
9686685
48493313
38006032
20117020
42395525
31807545
47046008
36742575
9419167
4124658
11984535
25188119
26985447
44444396
27958949
26010366
14534282
5780636
11924539
6484116
16722661
41453893
49916761
25859649
12874441
29287110
20779418
1464296
9513982
39047547
17641684
32858818
35911420
12983044
1618109
48136274
46299564
7755351
48260055
5003721
30762646
36807280
27149387
3269226
3858598
14312197
49022790
6860193
41004504
2883242
754640
42660504
4903142
45468421
13987776
39956310
46561082
33254026
31025213
9998378
5883316
28942908
19009277
40093017
10163231
38681051
28847206
7149848
42136458
41013910
17546706
37990205
49842348
45102388
12299264
47909438
17423189
19825839
12243632
29110636
31325727
27348784
6560084
4548349
12101585
33885978
45958396
14565056
34940962
9705727
23265701
20610939
23780814
33295026
179321
18064275
10970811
17755666
14356809
16686727
21811325
31457160
15073607
7028228
4464153
2403415
30714818
30879985
18585237
18364358
44453752
10568338
15498112
30546435
41890973
22403317
19302772
20818517
18373359
34468944
38291170
37233764
30216602
8756842
49563633
17639692
4117217
8013762
29182846
20586158
49933390
9356984
44185762
26113737
15489974
23802116
25102223
2095059
41094271
1753701
42948930
47468188
30735104
12193938
3703179
41300510
47995997
38931987
17137463
44483626
12886081
38602176
32229685
44551670
4094798
21267112
35005463
32897851
49375620
9848117
47641364
18008813
1500819
45107823
16916758
34206720
41341321
16669413
25642041
34231611
22159392
29906519
551226
14311541
2555380
43104900
42664336
49211528
20986695
49161160
48297041
12965303
10285477
2444522
11229014
28730281
1459813
49445775
5163982
32750200
25110612
5308395
48657765
39723166
30532076
6389484
866890
28280836
23516619
3588189
41580479
24778144
1244886
9648127
43584894
46076820
10488627
12313982
42158953
44912329
4877634
3725428
19992907
14943266
48749398
37336423
44891900
1298877
3235057
28428752
19601219
44245280
2465578
45232692
10299646
17415859
3390372
20495074
37693994
39133123
42508331
9096050
34918229
49441387
48939778
45925113
9773952
1012605
19409624
20482143
40672616
6144691
22464144
26576025
45133456
39988263
47591836
15769957
25658227
8466479
8740016
15044192
35981661
46595350
29835968
33308363
30299856
20949649
43717982
16833357
34859290
229336
8362870
7375025
14806301
48164414
7878830
36255391
8696655
35678786
35009322
18793255
24536465
48302321
11526554
39174169
16242529
20835895
7564088
4441734
24351459
304546
12909802
37551477
21291036
25826342
32001463
45809821
27981651
17103808
44695075
9731954
14863463
692201
28923693
13381320
24668841
18227925
2089383
10620797
9788576
3821469
19552098
3200206
7135336
17729241
13665888
48107288
39701686
47413949
19866261
174637
11333235
49775920
43155982
10872677
20198882
43147188
35629851
20560310
5364068
32391695
7845015
23034172
36472054
1937460
27052249
167683
46519543
40074355
18797508
14939355
45044996
16955847
1080482
26676434
11748162
33850146
32345000
20096316
49985120
36067474
42794821
15434936
37255962
29596603
35351384
33457964
25703494
47753845
37309186
28518711
28011448
19818613
923222
33711837
5064143
21449524
25251647
4805043
25818194
36430019
13026031
46176464
43889297
26325679
24889645
16124191
35973121
49823822
44943477
31138763
28307644
28534551
44576650
44351979
21874240
24249393
48254957
400356
43059222
19664252
25242182
14147768
6797126
36834166
24311542
49870292
326185
30321059
30897729
37371437
29292578
17035780
43566443
49234293
29028782
12272199
23865192
25267694
33769762
37790718
33256189
17023789
31766079
35463195
28601067
45966634
9577302
9175974
561527
32715898
19000121
17388818
46262311
28762613
35228696
38834821
38242154
7487625
37062848
16931177
12154258
48122337
7592965
44537183
46934445
19562842
24514515
11408614
45940067
30062933
3065378
40440494
48192286
49525022
16212222
20596134
15629027
14984025
19091799
4374192
44033654
46146715
1804185
15681726
12452498
18072583
10483449
29581035
29534755
16358745
30738429
23159681
31243425
39414636
14040455
11506020
49960301
38911941
45353741
35281540
26026140
4916447
46264743
21066694
49973741
45381504
47837820
18640174
17683707
44108004
7385441
11406600
26998553
39729678
23987224
897823
17335167
147107
26337824
42566229
22897100
46166109
19208970
28217724
1621207
30444600
6886650
38851561
19041243
45782007
7738853
34295938
5311849
24560294
36676305
17863111
24885701
2925377
9391121
10927274
1977928
35755230
49448123
23481511
32907128
23393525
9766344
38663222
11082485
49724099
17174758
46664448
48238855
22482781
31364712
19033652
49390065
22491765
2903832
575740
18034918
8235898
19576636
4793881
39876201
29474852
33836204
20482251
30362190
14834249
15864556
32914373
41270373
8755694
49759337
9460619
31092088
38499766
16363751
20036795
2779608
43061966
34165218
1821650
40809437
36764283
26922686
2407931
25893098
10997086
25563656
35375428
38286171
43923236
7052931
15057863
43447483
37307931
38603283
19090162
4543426
7908656
10719671
29375557
41169909
29983238
14625222
12018409
25795996
48579685
34739851
9790742
47963990
8393826
45006800
5401992
3447022
43082942
8568342
43895818
29267394
20205941
26016696
43722919
14213426
34873123
43308922
274874
14918823
10989689
17680065
39273420
23152131
11415650
26879723
39055850
29027092
37141139
14907653
1504905
7379516
39480895
26022643
25614885
3628262
19132726
35480224
30540899
17461333
46956296
33063719
49701901
23310356
8773092
43700317
47966368
20993428
27135675
35276306
42746303
37376521
10857734
39453455
28683171
29099063
48818017
28334062
1604716
7188403
4223600
12472931
29365853
6590689
4375056
981451
37336864
38116291
3203387
31255693
9630613
40110515
28467878
24228830
38620208
6267342
42033489
44516691
38157865
15063112
36627221
25110819
18366131
45556958
13753349
43504588
26639361
28716469
34852657
40280716
536397
17982666
44027989
19878682
35542501
30932240
12325051
5081322
31028295
19590788
45582929
30689094
12938125
23465807
36689823
15806081
9098080
8268285
4935431
33947686
28334909
6019810
12377031
14593335
46579196
41871408
468421
31276884
10348522
45036820
46555769
4757954
41266052
1145813
47444558
32162162
16956431
16295479
10551469
6428331
27354134
42311713
9846568
1992083
14576089
13909892
24331474
39107049
26529172
23065865
40682294
35992841
49445693
29095237
17762554
15737752
46107326
44531980
2192600
15172040
27137715
44481736
32033174
20970594
14967578
44538487
33599716
8729832
42730707
10822109
12683078
4178259
31998168
17019917
49949082
8147732
7646047
6848387
48690908
10756257
48488459
42023083
26163602
46301659
20048824
8072389
32945650
16127970
39875806
884962
23541873
19500215
17508582
8740655
10854115
32487137
42792725
33335013
37127887
28382017
47018837
44309665
6094351
32937143
15057017
4447578
35819024
28569365
20000982
41951292
37779802
8437691
26530929
48819410
45264951
25800337
7306538
20980996
44310670
38434329
42659780
36269005
46246478
34679362
17863540
24462889
27454131
40085786
5109816
32869937
9882409
20598676
46499113
43279367
29320929
32683304
13476650
4092979
31527578
40814328
46771410
19811928
31797776
15160228
5377497
5102418
23710719
17387172
4337521
38263471
33691695
34603944
45254946
45796116
48259173
34091169
34020292
22470406
11750759
43936111
47402054
14631690
4997343
30059629
37705412
38439904
47399252
34033988
27383521
12196294
41378477
7173475
37734574
18523285
4100913
18102445
31654201
21908902
28933600
43444260
11101794
33765586
21765338
29779525
22670895
20131998
19269403
41506891
8363017
42876543
3941116
24309056
15851341
15098257
10639466
126000
1962262
37586773
10789309
36312804
18400237
25068071
8277537
47875724
6228083
45681630
13216460
37788590
13115521
41533924
21224271
5125876
45591769
243802
46294607
29493451
25548255
3080534
7340965
33831263
4772035
6370435
32050999
11525755
7178255
41942807
6224639
15676278
22407045
26777151
30892858
28142259
33585209
47747323
27027053
40835893
38436945
40272452
45443475
49146950
6406662
2466310
37459718
13249425
27563629
36078280
8733471
30670829
37958380
47035978
39980197
40358838
2980580
40214734
43347024
31001359
2205960
2744059
40308466
8540909
29149512
32023108
9207739
39520897
9729483
12921693
35258492
26903810
21686913
44836782
34485973
38676832
8921458
3846071
7227915
5503570
23111021
25011207
615401
35117122
19775883
39041062
11162142
41655780
43077576
39799523
29039549
13941279
27527129
2583150
43161403
37987453
18114352
42540301
12997228
29551888
47083121
38225967
40278092
38004407
31361219
34111321
13709614
31090227
8017789
14380808
14668746
4847790
12505646
39181123
35722050
48251152
21009690
32633317
14841028
14509436
44015541
12888520
13945937
23051824
32921840
42097685
35092794
27634885
36225039
44387659
27152235
40379520
971755
24837334
19126644
41981632
43359168
3433580
47472853
27496226
47873647
13480870
41942453
37360739
6213118
15970607
20014814
5789731
49223074
32405492
45780237
40292063
27853184
39018510
35982212
18491197
45003967
32015542
35863527
22827722
36260264
24859249
7846124
42285326
38068934
29433073
40166011
4791467
33906341
30148032
38776059
13541648
27440083
27316880
37576617
2909748
54607
12741565
35232125
26972024
1846944
15122862
35083024
9789169
40724051
41801595
11649156
19325416
41868348
12274005
39905264
27156036
46575973
44034156
34528091
17526650
28711818
10366306
47857298
11770592
13710576
39361903
19271841
39879183
11307315
20185655
11275754
44087802
21351010
32608480
43145243
35388908
39892093
32473988
36275863
24443903
28007209
38315720
10098967
9443267
41104449
47476171
22249725
22484896
2508583
44970024
36376042
14487687
10910226
3893143
9651574
36537122
49804855
17526005
46731731
25538072
19219294
34448031
15779840
2491914
5291780
24531356
24402712
3326453
12698925
18010960
4820159
43361456
42601933
3024478
30080364
21990613
8766073
28217282
9740214
29422595
30218776
31245830
37002310
27333431
5076461
9981948
14097875
8072097
39578830
14536859
47239199
11515334
43681112
22525646
29050869
18856734
16703839
32366177
37378498
23886964
16892602
39638732
15388849
8099107
11088262
19727541
13352349
46976361
17766632
9185530
49141456
32819798
45835971
47104307
2817070
28083194
32852208
19424892
4133909
23234084
3714708
31065969
1401875
19417704
29671267
46749118
27196267
13351447
22245579
10952340
14578682
43974521
17586981
44798872
26506753
9428392
28470764
46920959
2831824
8111893
5918342
37979514
42250191
1095493
34154626
10810932
48399932
7355865
28757686
6336943
15079166
858077
31898293
5407047
44357589
9364074
9207121
38003873
39509628
22734781
49792485
20008784
38511036
41426772
3441876
1748838
18580892
31162140
36155209
12971216
23107898
23577255
41991532
48700719
3539160
16572220
17840047
1688207
2807793
26221512
28679208
24668070
45450948
33217178
258119
42277894
30426196
8545507
43005036
32447059
48829578
2257925
14167158
31238447
10804930
39385979
12732650
28333776
35676216
35716265
34112791
34778216
43713264
37910568
28055119
38458001
13052512
46006394
19283644
24757458
16458358
18457091
15532128
12427528
19635712
11301121
34746489
2123043
26751430
25352064
17588539
24489002
44643416
23749160
3493649
6483982
14523477
27142127
42397035
26601671
4578282
45655829
3776976
14711452
37719640
19522484
9300436
19133508
43113715
10883018
35534246
36421696
46626104
5834645
40924331
29588473
25940514
11350071
240862
7097779
21047731
12020235
3228408
46725180
38162862
15376352
17903246
8524471
23289213
33778662
27021346
20152137
24610499
6758450
21348758
36224587
47956699
32485462
45939996
10866524
41507141
37956985
3602746
37469203
15351830
30812483
14886046
41719269
48576668
11984573
4390555
37479373
47187398
45119565
48669893
45257906
20472037
18075911
17082096
20020482
32552176
1483079
24498306
39759382
13338087
8831917
654074
46606068
12610813
23043964
49290819
39466986
14212544
38022827
40870809
11758954
12361775
27641096
7452770
31412015
35101009
22657208
27766848
34152691
30568136
12036544
48928620
19996719
40205346
46753266
20968274
19468055
45345725
11600338
39890221
2554513
41827524
14213661
35357435
23783578
24999278
42080610
39377064
16554379
1024869
42039139
3804445
35179891
28189714
35051309
35961637
29814174
22254432
20151656
15956552
21274255
19936757
20726404
32527445
41205340
45669455
45031289
40363805
30433388
28193369
9411323
42823155
24074670
42972656
22415573
6041480
38677957
15092891
16047555
14488349
15968839
42659703
28371047
4141221
44311736
23725401
5445362
9819030
31063780
6440511
40445580
1667663
23018918
24011337
21927271
16802273
10699223
21942044
14387737
15827953
20305631
35411800
30847219
49762926
8124900
27680304
13973493
14241322
24362779
40585852
26941380
29072507
29124278
48250076
10804431
47072283
35816151
35433255
36781240
20628463
17075961
25676214
45857383
48900126
32687708
37930999
16834791
29195246
21167366
46682395
36019951
22365176
445244
28943042
14703081
17340569
45557373
28029934
33535401
38597852
27813317
17682731
2920337
36358290
46640861
10404423
21936885
16726051
7187457
26847246
42174028
23551421
41232535
38297776
48572371
378457
6937097
12996924
16164633
1515819
36706257
10305036
7552830
29749309
28704695
34156374
5236306
45847893
23050418
40889813
24644026
46857019
18599994
27025144
48337459
32411456
11334730
5760318
659981
20259339
16525981
29309245
12658802
11040277
19125683
32635630
48149711
33559227
11981015
28261318
2438007
25213684
32201093
35949669
494935
18996077
9270744
31531155
49418048
25521714
35993723
27050772
37147146
39473525
35971856
37122143
21304672
770667
2336250
38028623
43428713
34772403
8470808
47092879
36050455
38499744
17233447
49830993
33478256
43557932
28336268
8565669
12829678
11844951
48230755
13330219
41051684
13718817
22017562
41852116
1809662
39381925
14561160
45862049
29559797
12471655
27684205
2020418
12474459
9252305
39160246
32433684
18105582
23659618
24746415
43042925
45642953
32480915
403113
30584129
13083951
16954949
42743174
30842465
43850783
18499204
10482189
46968073
8178162
49694629
31110651
47862473
1699092
38864916
21469315
38185042
22714969
35226954
5089289
30427631
26339686
45717329
31945048
4007702
21561959
42212184
15383374
25088775
16505881
23238993
8459433
48115602
33116216
40194036
31146697
17754531
48824181
49998411
34718650
44793152
19905149
71059
41451676
27753135
47171895
14264213
26001020
35004986
15618546
18682886
183267
44409241
13806734
18248240
13592417
45082131
46950211
33098902
19773775
18504918
22684765
41561465
7074340
44147670
9563076
49415625
28722270
46403697
2104966
32012728
40840001
37092554
47607753
40518585
37863019
1002627
6239623
14928547
18361226
36562816
33611427
39691557
5303433
29797879
44699558
33037278
44629363
39734136
16346193
1271665
24109228
7246523
43450722
36416976
3140807
39304241
18390843
16903022
42695996
43750800
17367405
7196400
8023190
26485455
49576147
28615867
21029324
28394082
19667937
18217661
35416726
10704617
38859117
17161976
12159336
28269768
6318675
39657037
40699615
5985128
2479085
42589615
41022708
18779648
35930137
20689645
45425360
41957920
31419669
25772178
40462728
29002621
20183485
6459979
39857888
42719000
11906358
1825066
7523423
45602183
5199726
22802824
14231965
23704512
18062173
28275462
12163758
22716539
44563692
46224306
22501103
3947737
18108190
21400203
8393373
24609152
35541276
17215619
18481778
31650149
9611896
10363100
35221994
31339991
38157281
12868452
23699229
48663110
23666058
11778220
38327528
15188631
11205970
3131743
29294794
19168843
9617523
5997737
23657815
14378602
15621603
42962690
13079464
2787992
35451167
21674058
3155908
29646336
48649622
41412747
30003477
45920922
34231624
18190638
43251698
23725195
46033994
48928847
25766203
36703390
14855698
31614626
8125372
19898085
39033526
47746040
17083029
25669133
35805557
5218423
2145516
39329269
24928118
37523651
19192811
15458163
38142414
35891368
41810777
36900223
6687512
42388328
15132599
4939483
17964799
33634952
26999193
39650031
3101402
12924184
45884753
28919856
27941162
35976148
26654553
23887342
33256253
14889487
41387793
36307674
28022116
14074413
31712601
10597642
16366836
38895024
14497194
49427320
6320495
26724223
30181762
13175476
44866583
24969147
48200257
19726104
35697614
25848742
22186452
4317158
38954678
14722245
7528926
8797978
42015345
12100077
31444305
8764579
26121331
30111146
28617106
31297425
20285098
29482098
46207852
37952725
28857758
5328944
8632889
21210334
37549878
27495212
26855713
46782744
34742090
9923194
43098146
35129460
8726183
42619427
23646115
8525863
28964810
1483700
2384169
44744458
3903812
13875512
28373479
8476423
6755474
19410983
5574994
6367093
18239656
21910988
11995458
20493028
14162858
48903055
11462823
45579761
18629578
32119767
9822104
1295916
2105763
18742438
5151200
18793177
7058717
20891299
31122382
22948986
30112697
36364651
33102270
7836673
25230079
43153522
8401429
5428925
2355802
12852393
16247229
37479035
40806045
48968283
42519158
44129306
5722374
9293880
16834918
10852993
28335531
4973537
16915404
44341552
41842324
49918189
18933917
31320740
32357903
35124328
37176984
9122159
12895800
42793148
628205
41706079
37294154
35579824
32612424
8220159
26908156
38547730
36631637
31357075
13205658
22777987
31624233
21950848
32039219
645507
46493797
48700253
23617884
4644499
39806234
45834112
49849179
21925549
37786062
29031792
36825970
23094148
41935213
10860575
37663060
49082501
47559491
26545968
48118623
32323599
28044791
4085911
30929150
21075326
15210110
15424163
13613476
45665360
33624374
2197532
17091453
43753577
24136885
39270721
23361164
2461976
16107479
40723371
22880635
11235694
31631614
27310286
25347860
48532496
614971
46976768
27930950
8765455
24892521
43337795
33393617
30277783
27505987
28571878
31233463
41195006
29847122
14967998
34172862
13819433
11728179
10617230
1212381
11737880
18433513
40191192
25013405
32840160
43365439
14906382
962602
17391977
49913298
13275775
36816089
38849624
20842018
22291259
18132188
37335392
4813130
29432411
16297827
18742380
369703
160919
24511535
44709836
15372601
2756553
49621369
32703967
26404097
20870577
17785077
20687675
35473526
27204373
35650736
47144788
11357588
25251257
29056857
157930
24255307
38585390
38089521
49433521
45716136
42298937
14869207
46507396
207501
10117551
36170016
5811032
29850023
23607930
43949203
48390439
47380501
17103243
43269009
30504909
6836303
26593194
3583895
25822421
23506562
28700893
18265600
14613654
31207115
34261622
13052013
48186820
13695182
41348324
40561399
49591130
49058509
2522936
36282990
43158822
28006774
26530776
49620134
37598602
28403714
24675840
26775738
9756282
22836150
9092506
38289792
9711650
42042841
41250580
9633493
3355303
11901040
36597046
33223819
22526504
4262880
19815529
33075636
22911609
2337047
38044823
42635284
18416410
25395051
36934239
44915414
40710243
3048711
39964151
23108146
25562222
32462845
49488240
3542615
38687275
23297234
18407116
12754010
35858126
29294959
49344033
4452116
9318131
16243879
36930810
21383502
6144101
11255393
11095469
26068470
28059312
44447760
16108855
39829576
34925250
39288710
41283047
32755576
33087203
26858040
39465098
12293170
3864856
26511115
45499681
9514685
3925735
22959636
19480316
45744116
30059270
2391119
13044233
12193699
30135602
9350709
48180320
43862388
16351299
28833750
5719984
4619498
3680355
48485603
36251394
41456310
8998379
49534534
23038232
49760583
14460844
39934778
21264119
2616029
38642366
17531640
12021564
36246065
11612179
38851905
6398591
27224563
44460842
12676167
41028211
8347131
7335114
7014310
23065776
6866094
10919061
18848235
36059086
15212855
48812033
9283817
11329658
34585210
34787449
43218700
5538424
23103912
47295655
6981004
33434889
41458846
11500293
12787243
12427688
48709601
20435400
25242293
47190382
39716140
41779376
36861167
37719829
5899153
5204738
30718004
15265388
14718308
27178977
13663077
24155500
22613545
17857516
13620692
44902638
49959874
9767218
40970887
33579317
12850865
33149485
29795592
84071
12200705
4151958
24646565
49636113
7467873
45934238
17805593
14963595
2675578
24908285
22212726
2465399
13525133
31779170
41220987
9052809
18673008
16123572
39451435
42752059
41088267
47504972
10176575
37411867
871910
6975644
41058538
46772654
43501316
8251381
26040145
47315078
28531024
39985490
4156828
46156325
26479948
14920390
34054461
28796336
5783096
877271
45110752
47433022
21879993
25931224
21677729
28221778
29494236
36112602
16840188
11818885
17848903
46530911
37020532
41372444
42180182
32181003
29613528
2766675
45755394
34926493
1406711
703110
34597668
22895569
47546761
8123997
26859639
25544668
12351962
24936248
19666029
45006950
19729992
49523222
33968789
11694631
29823480
4186985
24637179
36402052
7116211
2962361
24822221
1143426
15203204
15086444
30257799
38263528
38804961
22819993
4273373
31542138
9337964
19230277
17051327
13987357
5783262
21667562
23363317
10977940
14117650
15823362
35987642
38342343
43300291
38181410
18889560
35201578
24702374
22885072
32840267
29614634
10847452
5568801
24509010
47598782
31817182
28590633
26215183
42818714
317678
4552971
14141299
29070596
41012694
1113251
33376242
39762640
45830446
5421399
19493339
5958740
43733709
49096610
26890822
15083079
26755090
13716591
25633729
770506
47120609
6615538
33779392
6385938
9087155
13577192
34571965
6571366
40237453
19865285
3276434
18691247
44043780
2885674
32523409
47507827
42333664
4022842
31935496
3129944
39670378
24962702
43823544
11923542
48735165
25022795
7242449
33686043
44661736
11699131
6402471
21637027
34167606
26938634
48293168
14417698
40970359
6537966
41652848
31048721
44683099
41406225
36898909
1824606
29674773
25652954
12823979
40383421
38335201
5033717
10005199
2273719
44635273
3436116
10208484
23154271
86937
15944426
47939124
27170896
6204565
40177172
2594586
47042470
22441830
19685663
34377538
25010749
2566353
12308816
30866455
17950911
7425527
85936
30519965
30848768
46613551
16451345
23021492
36374497
25172324
46317011
24098018
9353492
12653598
33866492
44845504
48286312
19565231
10307426
26595133
42106640
4347989
21595570
47865881
38256964
46944259
20287051
36475495
31770993
5176956
15096435
12307990
40764408
18753491
23218320
37954274
4110373
17821278
24180388
3475249
31045278
23565224
46860209
43732699
38935286
20578867
32474645
5797921
41347613
25111698
7907341
49911743
5839355
38857393
16430846
23046939
21873345
39177993
43498547
5268418
14521118
44742469
10953124
3027672
49018242
48816013
9314132
23455838
49468253
10017359
35034269
13242762
47147293
37942338
33868791
34292085
8903898
9646488
24849528
16049629
33495270
40692197
16937794
31224148
28971755
47106337
39661976
41910161
15072352
13730733
3368008
32398491
28419342
23333691
41627162
29655704
26832400
27085069
45256802
12990977
40638944
41234388
31979745
12088322
9769323
47957205
17013398
2346872
22875798
11048668
23159160
38574938
481240
8171254
26792863
24564740
23498500
30251086
29938418
45889635
13664945
46042494
40567855
28704616
49638894
41418312
48732268
24870550
48420066
27137192
17890907
49127753
1480457
17383097
16176491
30247119
18472551
31823086
48535905
26954720
10493730
11591146
21236297
2547758
36305794
27990624
18891536
48440610
28778439
18521981
38529074
3240951
20023823
8397769
13430772
34623162
21554950
39906714
8876184
42341497
11492673
32858223
41676183
42192235
21483201
48386417
15445627
25992008
45165723
44549991
32214211
11447816
19162244
10266218
47182299
30418486
12896599
1585602
25290369
18856597
39506980
24756061
4495581
413503
26173700
36286011
44732060
2132918
35653927
3076025
41167577
20114615
45058569
10225178
15179864
21018733
29337252
17177751
44351475
27601543
37993697
20454595
9792187
30789115
23479956
22019510
13479099
9508771
18603500
39045181
5605714
38298195
21537783
30104627
12912286
9263248
45167368
6424545
32446265
27048273
11905543
46607130
14989452
18215240
31853984
7131350
34143002
38530300
6446953
40954455
8073603
21693347
25412209
27117502
32616497
12231300
25461625
32026689
39497353
9190080
42776318
26431644
12473332
4560771
14802275
4593534
39810383
36070130
1358496
28079127
21831826
5017957
48643452
12611860
39610230
44315617
45492231
3744021
4652857
5198869
4782418
89705
8756912
47521733
24264689
46528100
33896636
25029458
1237711
4509562
49060651
11823760
17199904
15552075
39600654
44676499
20314296
40534723
29797563
16822702
1524162
21107018
13895099
32980192
44632525
42359214
45239011
11006495
16637187
10528566
39628961
47627969
15331455
22746828
42338679
9831822
38983695
11177371
35338927
45361119
37957298
34071542
47061894
5163156
37936062
983220
22673752
16967196
13736534
32223732
40098646
2721227
38663933
18099269
21457043
16461587
19212852
11245128
31884326
2628352
7144155
26387122
30038278
39783577
16660852
17677779
8695930
39017353
17917770
20623145
44503885
35336607
6022691
39856090
16806658
42275067
27906328
24676872
19778705
12923888
20534305
4540534
21397135
46766111
6461352
21537003
34980625
31561130
12817887
14910177
27816029
42754993
43115037
15176342
20502746
8074583
20117512
7699710
30222819
43077229
34763818
2054361
9658889
32123250
9641244
11621000
23569240
32513296
41591803
34304509
27852169
49737925
3522251
33034337
35213493
22334253
33861705
20511404
11896588
4444955
33336150
41120640
36648037
10013575
34328872
48078915
3072354
13152087
32812943
22795121
13028757
43858247
13948919
40290637
61709
23235647
25543814
16397628
2129620
5738474
46615101
38920600
21649092
35916358
14602704
37221459
14398625
39069031
41493636
32783344
21919657
39165420
10269666
2936999
43065997
10367880
10235700
48722714
10762552
7824919
13531755
29773571
2652074
21521262
6168532
34070031
39536013
40241024
6913197
31953275
22108295
24541879
4091110
34470416
22616275
16879094
40513973
45900271
13019198
39269112
49843207
26115476
27833218
28921395
7155336
19210226
40109310
940273
24629517
15405308
25864838
25438074
36480862
20482470
4657808
22976339
21623790
41763338
23774479
45795713
4622491
7537575
16965161
36623124
8244335
32210579
6521892
31814855
17107510
49722184
45770521
6948392
7796956
36075462
8972177
38791396
1310615
36141120
43062299
3160046
30556203
10980295
11728375
37969933
44907529
32937207
6292162
35061230
19309034
15497513
28087274
34020019
16417962
45730998
6038162
20946714
46509061
2104907
18953212
13158035
13906314
9313457
47617262
15373325
8957136
48877507
12950684
28500940
42778944
1597584
7073422
37388474
3823543
34224511
41734453
16751005
47002846
20885335
46195424
9043050
14098054
40178581
39048029
28379969
32857874
35616179
21512448
28583237
2609204
10256793
27058562
23768346
973431
4979875
2714505
8650075
40569371
12817057
39590282
14517351
11611655
565053
37326560
33185000
45775072
44821860
11872620
36541150
17535985
36529908
39973547
31319413
7099619
37939339
12196956
47519364
15117359
3193321
23535750
41120574
44811123
25960488
483984
43043829
27529657
10098335
47915403
46351250
46917499
20708916
27876082
17137604
18019806
23862261
23885410
45410719
9632921
25480234
10734507
6409029
20505968
13042105
33464925
28445203
40441293
38500490
42759974
5421446
8293763
2055060
15332062
6886899
10962292
21525706
41760623
39806522
2896513
47310262
13923321
40375716
17884232
47631140
42285524
49584751
28380277
17900581
24395974
32310036
45116369
39215775
37444061
9176446
49752724
37025540
43038346
12088908
43942998
44448068
17804998
17858122
37256597
2077972
19332888
13350124
26593742
19084923
26882769
36501838
46732555
25917555
11114524
13781632
40459971
16378207
32622153
5874233
40743585
6598384
39983776
29400252
7233179
12371019
14039353
35897285
25443579
18973545
41210772
40415509
17074170
29735333
39945683
33589492
5931092
15120169
15682583
10392907
6394375
17216359
42080788
3526729
38217371
24139072
21276636
28273023
32570991
6238267
47992016
32912176
8998947
40199337
33160069
32863500
438273
20293909
3784678
41816616
152038
42363642
11006696
39584894
48771306
10081538
13895668
18358788
46926063
10891595
14446427
19194167
8380214
40476493
30300471
41243758
13909473
7169340
34408632
13041936
37390062
45038246
32084011
35058815
18075976
134866
21132022
6608341
48597858
30493122
24661684
43181642
23924148
6287022
30993108
11433724
2734919
39059265
34330236
21315160
45755398
28338186
34834537
4731607
11764387
7203140
25925999
20439712
4783565
20821169
8282767
15743631
36883638
46227988
355664
4183226
42533803
1025389
33679708
12654060
2555315
12322823
24011947
6331116
29625374
15341199
39501122
30600803
14742994
34529789
29025595
48792525
24325544
4070800
28896721
35171627
23644382
6604942
3996925
17188595
22975575
6051059
13812179
17058030
20297075
11942156
45770539
17293090
45179051
17683447
43660858
35318542
36631782
45578248
31228435
39218468
24879560
46499966
1917280
46505716
29789557
11554499
2201249
23477932
35553511
20377982
1399854
26375056
47084534
11318291
43579834
8659049
44777994
24816782
41305352
30708020
18490090
37930163
9123161
24054283
14453093
12092465
12499275
5411825
29683320
45736489
11860979
42441296
16988234
13698213
11077630
3218285
28187450
46008046
48340408
26067821
7059272
11586995
30963576
44424104
49115908
20433060
43765629
39341369
33104045
31549876
23393876
37111593
185869
48864951
15996645
7988461
6965133
323974
32206440
17825244
2647256
26830548
19297528
13401672
13612844
8022318
12565898
29504832
49448739
47582003
23001992
24277914
19355056
591725
21769719
18843385
47897516
8477891
38751864
43228256
33013917
22442304
47820024
5756940
39010151
21453864
11093175
47173987
44524945
17512413
13785706
8094092
28571278
21078482
91713
10189564
30781871
21470366
44575521
13945351
11510580
9053894
33003572
17951222
16185920
6935217
23839421
3786812
12682487
13089351
7580033
44354674
21578222
14511157
5742589
2607901
1359993
12981693
18947635
13242046
7687263
21934473
24889457
47258471
44579996
26909992
49635559
30036882
31554831
32643838
2252879
30017501
18806382
39251326
8624040
40840005
360836
7745660
29245622
5093476
1330595
43451761
25094560
27685448
16800840
11602043
19747266
44614830
17882111
32244728
29945667
47826658
43167456
13127514
15674195
42448547
4599047
29317420
7560228
11776501
6062089
26816142
7832493
21274469
42989845
4786414
24807569
15459193
39498637
14756010
22661550
2031056
27245382
46128522
28896696
18756056
33152857
39639574
25745269
2277603
14872355
41858293
26757042
17859205
1150994
40425034
31205731
31091242
46069959
32743530
16331601
5079167
15864513
3764026
10979253
15714909
27485033
4563894
36032005
43124901
25020217
13202967
4977858
41113496
7424829
9411874
31901548
10126994
35487313
25297585
6269251
792919
26680386
7133120
25604535
7938600
49829747
8894295
44892289
7789992
7329660
685870
25098570
38876865
35317770
45387680
2820251
10987469
31387853
20727516
39946610
15177760
45146852
31347531
3431645
18174899
4504375
48653690
35318515
28934248
27251574
26574909
13779997
10110690
32936140
24325818
25073730
7360831
34096727
41052345
7118014
664777
30178394
22077118
40947094
47174835
20724684
29812261
4670998
31283765
20014331
45509762
42509447
12952456
6002070
42709787
39607053
27057052
28139269
39303786
4115894
27049332
38917249
4808746
1261536
48731206
46390453
49310911
38957700
20428441
2244941
45739510
31158323
20862387
24536148
24229653
36477440
18769783
13548304
13396747
16905730
47323593
32034280
26042584
18745521
30590099
41909484
15797663
33429676
45162662
16167889
33190177
33075444
27662290
25565125
29854707
6542557
42195180
35793258
45058799
49208577
25787995
17985236
40772983
47249974
32186387
48813575
43295915
6663973
25586919
12007966
48496787
19089119
42032710
32584436
27507449
8859830
44628094
3035972
39289498
9081240
34875796
2264350
31205399
40466098
18785546
18434061
36191849
27459451
33613909
36684121
20705153
38156441
46277914
26185703
27537410
38775445
23456884
43012929
18937272
30165874
49241426
30382552
37057694
30473817
37855427
19355112
1996897
49536488
7653672
15891625
38150381
33844373
30098466
22112325
5734430
44658577
40358123
34473214
35579119
9468678
6953962
47344069
33079766
31013821
45185475
45994525
41403813
4562983
22023000
27554101
10361889
41458947
12562425
916571
2071771
21215935
7167818
17563214
27110088
13813271
43943692
3741511
764999
49969100
38043079
12620071
29597886
16282745
11763844
13908864
1268861
24046113
45687214
31397313
4178393
49999206
47045460
20898663
32164277
28796353
8701087
31945050
17135364
27452949
35933998
3625589
37525429
47134394
46814230
46961784
35474587
28105103
36705501
30359062
36211918
7117613
21377779
16420071
11828339
15395718
16129260
3256537
43396981
27671434
24473775
13055100
4880669
36821954
14199797
41030050
24059905
35875047
9331931
45545293
46961574
26954919
7724099
42480663
18658532
27856535
17372781
12722275
40356886
5664291
42144527
36575041
36779765
32704307
9600082
10327949
33415555
32256447
9805781
30015621
22241932
17183589
16990139
45949822
26614289
35697487
12908775
14238196
47842147
49429607
29418001
32373859
26826519
12968780
29580221
43015371
4030432
28860184
38554445
31995782
19409450
21628479
19078671
1678152
13220252
8227816
13262190
10666342
6376904
18143894
5616156
34370767
39559378
17867199
8802944
26890191
32503716
5340753
24144846
29108138
37483071
2359716
19388710
46308185
49312148
24731029
22415695
42244689
14546956
32763461
6235481
14462634
35072245
13160025
9609257
41695146
48883627
16637463
43641827
45862504
38699332
48837685
36237730
25135346
7953613
5695231
30020453
12938891
33097817
43897906
42208304
16188791
37371704
37898978
43874714
17312924
17806000
48934349
10918450
32325795
45523485
19210608
1766081
24567760
37358586
40634873
37720930
22088885
6973930
25316055
27720665
11993119
28768539
41819866
27365830
32181741
47323937
26633892
39726744
20373431
19480460
45167277
12244199
5128893
2996583
14976021
41274420
20716054
44411315
3056819
28407926
41357460
23815085
11413538
17704121
28216733
7382212
4556580
3981309
23205050
26193827
15459522
49253968
5301015
957825
43227882
10199480
38432492
5541400
40231118
15100843
25608462
5808396
3261030
35662998
21061520
15619569
9744753
48927464
25742005
49783472
13079029
5682225
5587158
15094886
6882557
9224170
36741822
17151121
12003134
18493325
157150
33314188
1582631
6475793
12594113
17361105
33159638
12694999
27234123
36720038
23008200
15326373
40599268
21260834
8433028
218713
6907078
30348204
22596608
48433352
47320101
32262396
45727142
32794639
25925412
33203488
27453336
41836590
37346608
2294249
8892120
49036057
17004145
27481002
12189004
11841029
19298561
19932966
33077289
37917111
30224456
30206919
28462785
40217013
11667299
34261755
1053539
5152557
35019110
33370310
25360279
27976992
32583488
22633301
5763555
39564551
30387488
35193106
26891155
46099432
3368464
49055215
49639085
46209908
19958796
25599171
15641273
2846576
43310326
13234175
16114016
8096803
38500743
10508478
2143843
9413091
28251333
48603315
17547975
46063784
17140107
31565156
41095602
2639744
16984649
8677981
11529827
25832235
30196723
18414351
46438931
39517271
19636173
17880559
10674872
5329465
17827722
32869325
600791
42473164
38416342
26572654
9262415
35816224
34290327
12529451
27660197
18286798
7078869
31051447
30323028
18252569
13906448
37592992
19577910
13469086
44315064
46425276
28534277
36408711
4908780
22953575
12854179
31330165
11226667
18868529
7997919
29560178
13342509
2344995
43309291
6970353
43322031
13433266
16293136
34819805
27575836
30666791
7922284
45199365
40324009
18424564
12146162
23498475
36920111
17852195
24749591
23734958
30366156
45033728
39288940
12744528
47163258
34161307
21784448
39688556
31009940
2551523
47535147
31371999
46288080
48084429
34566990
17425623
35146355
21563853
45837408
39345889
24716383
18910051
15353897
9970436
36140746
38860799
20641020
27258340
2762346
37129044
20911149
22368181
25337183
12131085
34710653
38458895
44804165
49510400
31590359
12504482
33502727
7032228
16483428
7841807
32700148
7785517
4098561
9840217
27736893
28595709
47953229
10060406
18863265
49883333
21679500
4740747
10479159
40192776
44912934
33396531
41766012
8903186
10166334
34331501
24932832
38600332
9008801
4907290
28622589
38965993
3125258
34965649
10140984
5903410
21359381
18741686
27856975
1193825
47634828
5405872
24862871
5077037
9420869
24546734
44974536
20001083
23101482
37247540
1876577
44689023
4823136
18833667
32278972
10608405
31022819
42299228
19451334
33352727
16813963
45149065
18040750
22231784
24814318
14098887
48743780
2620113
12904184
49681177
22916403
13009224
6947083
43893291
23512350
4469542
24013536
7616624
22178190
5742129
48049643
37849075
38851045
47651208
22832716
43648073
34306628
48519742
21280669
49402435
19896262
27347732
28740571
26313917
45788995
6381412
44006357
42410226
9254913
3887237
4050127
485005
27182994
6577341
7783208
42709642
2801828
9259682
14880614
44953626
41374041
43648925
24831040
24370816
24573859
46256059
12458999
6089920
40998825
9389686
7578245
8582907
24778022
21054784
43841646
900941
21284936
18748831
10195111
2279077
23470063
19682186
46783276
45180208
28178874
7766852
24035944
4095790
25523225
32098286
32459256
26257138
2694138
30863562
3040281
17241445
39028768
20455257
23072883
1173101
49377241
39880835
6846391
48958661
17604438
42470194
17492280
37001303
32072791
46028399
43236627
5208692
39418635
31075297
5711710
9308987
17156268
10764302
39533789
2693939
38482501
6855197
3187889
3515295
49823397
49438776
30292506
15096438
7439937
44882234
47046154
817079
28563705
44944533
36701648
374769
13468179
10403880
26817304
42874201
40155590
2431484
14628300
42866012
35988460
5154143
29380467
28160512
31214554
6927060
15674852
24773397
9548079
30112165
42988618
14056622
24627957
26433901
48963977
3622218
18012986
28014733
36358906
49104829
42537762
2751553
4847862
4696078
35994279
36642801
47182310
6395444
14148346
720146
1298780
29207007
23895373
1891637
5837695
30833592
9741788
20632058
8145271
8736833
16900256
19645489
45199512
18062417
7711984
121203
43235666
27247895
12757200
39640054
38400394
21862263
14039330
12110399
7552616
7078071
26456066
14044685
44074792
12653879
24279236
13871556
9406395
49217524
34743171
12456133
41957346
8696580
3285495
44800091
23106605
40090617
7018302
25592066
48346945
33726097
38308537
12561678
11050814
42035379
46888929
47104290
5651241
10252769
14542728
18936460
46882886
11073695
25247598
18991646
38484706
3096140
21723944
185144
2215169
8929761
19950457
48205487
3939753
7980099
2140537
10472472
42088567
11652969
3242279
36939686
18230821
2713229
19830677
35162042
5713595
19722601
25250408
6086803
22562437
15895472
43084267
22545880
24767911
24219284
1476023
38361898
47849143
16515939
4152364
12505749
22810956
35244693
46825392
24569842
37440481
338486
37949974
28162387
6095656
19530847
46747130
29392096
35815924
21033543
1884326
18400817
21938925
18732542
11066214
34025271
82100
22964335
9596837
49817497
8665591
44976027
39630162
5012147
18136932
7505647
41708975
23098424
32109513
48811436
4349776
41061893
22243667
14653837
7366299
28887003
27081333
16123691
39459723
22583995
16946905
12481528
37517810
33636558
19561860
33334539
11786909
8730190
37834655
16755389
1571129
25493121
14844405
42876513
17316420
42475861
782131
31613292
12628501
15661958
44546724
47575590
12213871
46706435
18618447
28850641
6707570
43726289
28973132
36304649
23588320
39660559
3108622
3031827
26870433
26188521
7936512
40501592
48218195
868610
3478554
28370314
42240458
40822655
16193545
43265923
5566364
35005689
18108054
7472
9336685
18703798
43979894
39907236
46534737
8359864
43559958
48935687
18987541
17516583
33670077
13583709
44808968
13365983
44195123
38186972
10434394
28664107
8213057
5183761
35312684
30764576
9724153
45105509
39176483
36669501
10572158
11500199
34961651
39015908
28225532
47230572
3605257
43326862
44452826
12679748
41152192
26362807
43943087
19036368
21227056
11810266
42900602
15709063
23575619
20112447
23827036
13339743
22379886
15951046
33687308
13103080
510828
11759488
13106620
22798601
11862668
42166418
36288213
22764871
31546837
12854981
9828178
23656343
5395973
2176746
41259260
16804498
34642071
23582937
34262421
48494278
6633106
47658547
25052883
45829627
20808484
13276027
37899
217322
5185871
36417749
28023400
24664821
32848121
46198864
9561918
24571148
6599015
21844832
37812759
13866653
23097876
38818305
10970463
27615810
46585364
44173540
20316792
27495583
23063096
49313214
3491551
13418038
38958156
23064140
3942835
39509496
45791267
12630321
48279235
17757290
11724894
17892885
37951440
35416662
32068530
45866749
41047006
21286851
48127290
7034124
28955486
25769839
32050131
29324719
26559770
33000323
36886221
13949029
1438316
35683276
39433824
32190856
3263449
29807773
8956969
3537563
13356930
44882777
32519923
3980104
4151145
28006497
28692749
28181595
45308515
36075301
38460772
34883213
37806139
21993852
35537135
5770387
44371297
24288078
13749148
4814172
18168685
46174078
37546093
11094456
3834816
14291895
7007295
46285437
29452961
21753375
30370568
9702624
14106672
6490634
14451743
39289834
27847615
7781470
16892986
8229286
45136072
14718511
26793433
9193606
14874975
42425735
17580905
24548800
49879479
9527700
8578026
14743325
28711357
40156663
10711959
36920533
43987039
16612222
6995565
43806745
43332056
26123868
48544648
44089031
7564170
7783433
36438711
30299370
35462067
21512593
29794318
24915320
43283275
22831315
38346897
6297522
32762296
15491762
17149515
29001121
24342074
48040818
3220462
35976597
12536778
16895101
37416423
33441150
22376603
27818787
36833507
49389441
27886856
9418833
17198060
18383856
9597351
26881019
41691259
43527658
38711972
27144599
18302872
753209
16939544
35202811
22534062
29864629
47402222
10048168
42172293
33193751
12275793
7277286
32265423
40685204
30673411
34062710
2376362
14470317
26656318
46266893
28464251
43026747
49081561
20697161
39893517
29904662
855931
47561924
22540323
3405940
36016530
47727755
47356067
22330477
25111623
34295530
4060706
16267589
314771
13793775
13023209
30818059
20264522
10345612
45655983
24895403
10823771
10745994
9505701
3949869
45680216
28481045
39531935
40249379
21181848
24129782
45003009
33300844
2496460
921850
38682833
9135217
39484337
13254833
19778193
32635310
30861240
7949362
30194369
41669559
8601565
22908630
34960058
12504760
5528707
49962581
1636282
26211941
3932403
48861088
22368089
2180270
46815483
33807326
32441714
23043256
14111204
23896026
32108466
2471866
26071971
7229709
10535102
10700747
20386236
32354040
8301152
46335401
17322921
24619251
5452204
21598963
38862832
1333503
46186906
48759693
32660028
44954163
4480498
32994232
37513148
2391570
12924133
27707135
10740169
48162665
8131180
27306695
34910497
209929
22638084
8823217
4688045
25681489
38612771
6492204
49200522
43410375
2662109
14736497
44960812
22699608
23541696
43620977
22167988
37500379
14710375
22789280
22491737
45275707
10932296
16350654
42554708
19907570
31828961
43220405
10925956
21835108
24347413
33354450
42434370
7507069
18036925
25819834
11760220
29153225
21725901
5441665
12340159
1729284
27390286
38648208
17923287
10277489
7744445
8205168
7572443
5326238
43628091
26367983
20474450
25248128
651045
30837771
16470689
33088633
24164263
13661087
38491557
44854777
10840377
20257252
40595725
30148531
21811957
31102950
12719050
42670683
23523026
29100834
27420822
16311348
14214928
49611568
27598933
32062387
22466969
6978120
37084548
47049390
45472018
45609006
17247300
38727157
24462102
29066046
24498305
9890757
49881272
21237829
39866369
45133458
19445726
18777101
49582829
10455084
46509533
9733119
49381132
43973519
19321735
9451064
45114572
39222531
3221544
22274478
4783060
31176137
22513267
2346090
35664347
9363360
36305673
12435806
14744864
41837234
212322
22650846
38996693
37709036
46854411
46864761
38751574
18863176
35406991
5972499
14548428
33020485
8312274
20689363
34008455
43163728
21927905
7066776
37550167
15085124
13760015
16827101
45798107
18565668
4131771
27807819
21334409
16119949
34232315
45204588
30334217
35879394
14327392
10401333
4068619
40501169
18587370
28422590
34963779
47386956
16636723
18241972
30155250
25044293
12885845
47841087
45456386
3147733
19309234
27468120
31939345
36400550
41802727
18958528
32169777
764154
40080345
26304512
32457271
35031303
20478400
5867605
23526823
13332306
30579774
29005077
10128197
48236093
27488773
4192522
34555756
23163614
10115244
24372023
43066321
29107539
16218334
26947368
5978526
24278770
2531915
49483379
7370701
43734257
10462259
23057155
7183587
45569701
22633736
27373235
9482969
29383818
45477519
14656269
36157867
24036062
44586334
16174948
35696229
16374152
8604200
45495194
271448
24431387
9745651
29221800
8422758
37106491
16905735
13542747
10219616
46700057
34595296
15008525
17084025
23938413
17675083
43251358
36940953
22350680
1944233
48993064
10822425
9629204
11492648
30604222
33108305
3753124
39200154
44526036
42565931
24381352
39029544
38328125
35539033
35076648
32030309
7337192
35139773
24422624
340522
42952189
29710690
21058271
24226163
49096468
6662558
15481270
45496304
18966572
40395920
23392534
13411887
15947363
38007905
40566562
24385815
5554807
39895947
4789186
41400351
29288384
28779300
16823467
12034193
518973
31451840
49276821
35335740
24365936
21441310
17854821
42025389
28451162
30426568
36147113
18542802
2286379
29064718
44906373
4791470
27258341
31997031
20986865
45131223
35624267
24445241
30632657
11135246
16781329
30653211
46817857
43875241
11228881
2970657
42400251
6790902
39011483
1017020
37778234
26944623
21818334
20686485
15175930
25752498
43330440
21170691
41899189
4781547
47916702
37554377
42144464
49237551
11668514
4217062
6201003
28437273
36405561
36986780
43441208
26423502
24432529
27576138
13993146
30802933
7188474
4647228
31766291
18820603
23057523
10021082
16130367
38508146
17416900
8896989
1968656
12451317
2217039
30677955
39205147
48922603
19291962
18472009
20732320
22099100
23758704
45592178
32299157
48007485
30960590
22542002
5633466
4604378
11513756
18860465
15372672
8494063
33111391
25301884
24568909
3639279
23595153
7837244
41749512
7696532
23472826
22266411
37739574
36626198
38410676
37417095
20010590
48061610
5962942
8154195
2710705
45686099
35661946
35572287
9783624
35316621
4412773
32948804
10078577
31491858
49284594
5616724
8901030
7817905
32770954
2064907
46961313
35912598
47646876
17803790
12065758
19119565
27120179
1740606
41317112
25288409
18254303
9957281
48984438
3566607
39352564
19805429
5536757
11129160
22665217
17190975
23091013
3425870
6996540
19048965
16405228
23511740
42582595
45329980
43007476
48790599
33851786
24766567
12215594
36130957
15282685
18942343
4909859
20802385
41238777
5580790
23818154
3360054
18186295
41837298
47894000
10134596
29232632
12418052
24050153
615445
40682972
48489497
9477194
43606413
33876292
40050179
20144203
44797851
27333236
13615847
33551529
20484922
22223477
23091372
31320222
14892034
6148100
4082235
11654625
12304403
11487777
24436524
10146817
13340494
46668421
34021908
47702831
10753169
20036228
27026616
36593623
45929763
33386066
31869419
29784836
37200473
32924472
11662102
37803122
42252405
10718437
10992433
37139923
43122788
23919408
37830881
19280363
44908238
22033188
695508
19621982
41608430
37749628
3540081
4092083
25804169
2714878
42533433
25695616
43997454
1358277
49492306
37713023
47694663
10955856
33323645
15003161
38869395
32145730
33185282
22714735
15363995
29002738
2297467
1920305
47908283
42423406
13622925
20619695
10777316
6168281
8256037
33164129
15390569
3616098
42055501
42185263
40984716
28373624
47987826
4084193
11448726
29862725
11852167
16162865
30723561
3100628
1896404
8659296
36062003
4768450
32425956
15016283
12016951
14138395
736468
25388750
165405
13637588
37438733
40014009
22325408
41895384
23790555
27409881
45836329
17646459
8178789
23561036
42928936
40491903
12451282
11371175
38427085
1695880
45515387
40311307
49668525
29138083
21354853
41979021
22870613
33332257
97583
35891266
21914882
49204903
32722132
21950915
15602602
41236985
28417201
37579558
42961545
30598016
25765631
31672932
29043911
43970427
46423544
24514079
26277289
3014009
40629205
12950245
30923741
20210816
9289757
23346935
35197237
3694610
30148783
15992640
43830153
47393905
20865146
36621400
12257936
29344933
38346171
4977636
13356862
24891665
9523527
31312788
10135856
20079062
30331775
14635763
25050344
20598806
17702750
34934861
14343730
45916476
38549020
32572302
26127663
15591932
15224298
38810526
43579784
35676337
33608568
8144384
2874282
8591793
1706076
30395780
31018785
24639048
13781104
34799918
25064135
22079450
20897145
3651770
6398266
49333352
412125
14768169
16988084
25739512
18937319
29981411
9392736
36548619
26029134
33028706
14873306
47564867
6687860
38940284
6823655
42197059
43698517
25757174
40460135
37084819
37417951
25149991
5988000
2048462
5213555
34283833
13840602
48327816
9131663
34354189
44588273
18937271
23310071
20208476
30623423
12272891
14600142
19605892
47994978
37644921
1074214
720138
36421902
45703928
16229954
8818731
20386855
15713930
22583318
16174416
25753360
16358142
40811355
17206379
12661341
5811213
4880010
42303751
32514368
36663686
13576973
40821874
13350587
39628796
15362055
32698385
47518532
17036949
4709739
4508974
23730378
37003794
20724694
45566571
9398123
16981824
24062672
17772984
37535422
18862783
42083019
4344095
44292360
28964730
11914177
30239281
40032087
33554975
1391633
22695948
11781116
14751261
30262942
7101396
27272574
33529836
3214870
49778901
614823
15200405
11216531
6062254
39477805
47198918
5567212
29706843
29092376
12829055
16165144
38882198
1074058
42070422
5642350
44094713
37545149
841744
11284778
31557216
20171980
48678222
8728743
12250492
24423374
28799384
27173648
6947339
33497360
6755903
15822635
19289738
40779079
32734362
48167819
49989481
17147453
41990728
33353518
8058789
4124725
1335996
28138865
25665281
7248753
41633942
34657188
6370955
44635262
47605889
346349
15721615
49707934
45137913
38717826
2725375
26193812
27998986
2937380
5645400
5376325
14735431
7181051
24497377
17325874
33449662
21091011
44734285
35165285
20201955
9759719
2371216
47188350
24388354
13392468
30517655
45394786
30375158
46898212
9041637
49841315
4866868
16186797
33418718
47468360
15767199
24621489
34808180
21580741
17975671
43005619
15192867
18611863
170059
22155906
36616100
2325614
11893462
16760568
1316729
35302128
6981784
44723323
11277263
36710506
49898311
7900302
6566408
32802293
6079631
36802862
41258721
31560406
38363367
20381287
39392671
3870664
23397171
14889171
6276573
46027035
21995497
39416609
10986143
25925831
10654390
2580956
47410499
35061148
22761558
14715849
35481664
16629872
14165072
46422162
3363532
5147122
31814345
1423000
38525711
26538357
36020336
43962719
49002585
16073723
24738928
17661716
19980486
23705239
27190178
19832778
7801472
44558356
35003674
4261098
18713388
21014422
47636422
2642920
11603110
23822805
48872432
30753794
27493365
32072301
49561375
29515175
39303082
47711250
4356049
30434523
8731911
46960314
23989231
36688355
16826870
1311355
46985789
23734956
13205338
7426517
22461834
19205551
12430476
35184585
15837035
26055049
46570491
24111632
18931299
33323240
12361314
39971251
30363151
35117127
14041729
27926801
28466446
47364141
16720249
14124921
16135519
19124212
9898092
30158009
6713392
10153110
24345319
42283831
3797364
28954207
29716056
27075871
40020324
10133944
21448881
45098710
26207906
47856836
19756748
45337341
22718321
43342295
46504602
9844305
27761368
18213516
29783129
12962020
17241977
48538479
5449317
9812780
41034669
40860132
22674544
36525498
23239589
43115551
9657756
2176162
4395720
26528424
3093288
12278507
43421381
3994568
32999861
37273485
22218480
14692075
14040039
11499042
48673394
22391204
47330330
35608428
17145129
45584113
3141246
24725835
25400555
21721082
31721326
3778512
43465326
10369618
10944550
31528341
17056582
43556621
34715231
10411325
33939910
36258974
43897671
28511659
110564
32065798
46881517
38650997
8139367
17640487
27379458
12334741
24497940
22231541
31950400
14477170
16497666
34622486
26811382
13361141
494384
11038878
24225776
42565597
12686697
12369857
37448118
35648324
49659445
18557932
10021169
48975841
17216905
13965845
36994854
43138536
5146057
21351464
40746751
30912638
47081224
37667561
46233513
12505777
45811560
18000481
4905989
23995065
42733180
48700854
20655733
32451233
19049532
47194520
32369539
26109528
28102577
3816456
32294362
36661653
44107912
40220810
28840102
5200338
29188488
49599630
23347433
28890269
4140968
2304449
46457411
23182768
10256011
10184234
46802699
9638063
44616242
10303079
16170878
49659339
19676998
26023577
16261379
1314546
29857789
19849335
29679676
14386099
23017142
48153061
24020820
28636147
3067042
1211602
34903817
46669291
30202668
40239557
40024338
540139
49132769
7692547
29041806
25565760
8327221
10669486
6969615
40516731
12109561
15136500
1041911
10681027
7680792
713594
24592020
18062690
9521212
4386628
22098520
27179739
19864551
30124416
3618138
41047117
6584801
33863360
10319338
9492946
3448898
20071962
15907636
8270788
13530979
18601066
10182671
5575064
25748243
36783426
2186536
40828638
48893908
22386785
28514834
44949263
49032297
13841934
42305790
18846955
23946121
12466791
11784414
45180384
6370942
48987403
43637502
32914078
21735372
20149289
12400511
31730216
36430914
44163273
21740259
48308777
25527409
24778397
39563122
37256730
37154247
42831871
4930154
39299397
28598435
6271810
49060284
46767553
44359534
24092412
19600746
17551342
23631599
16541073
11442217
46205815
29276457
21999040
13850059
24782109
22892440
36870969
25198004
44039659
16376691
9189369
6336368
17052530
45386700
30492587
8654896
17914247
2826060
23918754
40529608
34115781
37978337
20548534
4066005
26387898
35817376
29013494
39526565
22174501
32385545
48677519
4972339
38585252
44438641
30260835
43861757
21760602
37098775
43550161
47734591
34387045
47531815
29665913
48079472
45175491
2842792
15024511
21476774
28648868
7828927
22998715
49333133
12593060
3661294
49289765
14769955
41679927
14316138
42000084
39006657
10477598
46012309
8908501
30461822
36964268
29557715
21655228
8407491
25564332
27189013
33377817
28635822
26449522
4861080
38135976
31329383
40540190
43582129
28259711
30860586
8012744
46494243
20130417
16755837
22305435
11510709
46548963
38101222
16008664
22321132
45720387
5995658
5782504
30311379
41581278
20802494
24629093
4458598
37370440
10936591
27620307
31048275
5533065
38983708
35644976
30930342
3476699
4902210
12186343
20875559
16917530
29621780
946120
25382541
1560202
6248324
13182667
30907865
48733194
31389429
32521865
1714185
3946509
20345389
20459885
26612567
6088530
3161470
8344221
7317877
73807
22826861
3228971
17080563
16540972
6164753
45162214
4010660
16714448
11501807
10838942
39863579
16807097
335667
23171662
12047863
34902717
44716697
31700928
14879874
1842610
27321238
7203710
23273492
19303806
15822400
6751272
5845543
49935266
49851414
40217453
11180143
22852021
1999565
42116628
27262463
2375781
27085195
25711100
23297925
38240193
31391870
29536268
11838133
12577055
1774739
5643337
36111824
23483019
46077192
40819874
6157621
14221010
21547304
31861921
13946305
12974137
35231454
39308422
14346263
9705010
37898636
45976760
21008458
44241488
30380571
9132901
45430651
45835042
18183980
46155776
15125924
10462005
39183403
6656242
4586892
47895996
4567521
43918091
35416833
42877529
30417894
48767000
37100305
38106806
40238873
21797733
49366426
2827541
23477031
49733423
37767142
28002248
19823335
3448346
14160940
14196820
3239420
12900698
41243316
24645348
43430680
36783059
17103707
20521850
34646020
21294949
3492729
8372433
4408509
9262339
5003440
24251835
37954311
19586731
962758
29767617
26289739
4813261
40341690
37963031
37799843
14986194
47838328
10012675
3010768
27636604
20340459
5579396
22410893
29508217
28145308
30710565
23701102
27133350
21506997
41995506
9822666
24289978
49295745
2347858
24319961
37417172
5193143
26553890
13968673
20833547
23197994
34369457
41143633
16451054
19698387
19401707
29050695
48210169
17945265
36513876
29713025
20244581
23028390
15941322
21443639
19875522
7556675
42272535
4531321
190427
10110578
37448369
46333826
44283240
32220283
44517943
23990627
15402411
35956205
1249793
9476718
27547649
32446569
4753760
35515796
4562241
4469163
12014
588862
41590439
15812839
40086060
38389408
48435910
26555679
39789371
20979794
27493844
26023748
21844378
3390547
37001621
49434050
41479857
21236594
40142457
19716154
7762827
25685715
1697697
17332980
14724855
29922123
9299799
26959755
10954073
20057609
35006500
6973722
38938987
16608914
12928330
10115445
49979693
2848870
14976758
38347222
10578153
35058646
23007977
33072878
38179819
25492020
19180544
4174065
36876919
687618
20452226
474939
39846030
10124797
29517498
12916763
39513157
19791713
27104248
10648396
32338203
44548578
48618775
36244448
6670736
46452970
42927692
47745658
25905884
41141014
18040397
1771249
24914973
40636381
35691248
13788964
29837532
26035582
28954615
35450128
12220802
45487919
29450843
47614177
33748448
38070702
41989913
46041718
29027253
7259816
43208513
11592206
31461418
35146866
45162873
1800533
43130169
27509264
35344489
41461658
26020203
30372994
28820007
46465425
33246346
4533218
45676664
22615767
27265268
8801921
23721559
9828083
7741960
33982038
2131851
4187235
46038953
27703224
35242404
34106908
46223786
13949227
15450915
47777162
31155150
45934306
20839646
15040986
48846143
7280788
32519447
10294321
48513539
33475913
27325571
23437028
23776571
4388059
13806307
44831620
29050617
46084347
26075564
31779469
16136834
9283913
4169171
46635995
17834311
25715008
36215300
25385958
42405685
46513169
17157077
18205158
16316375
4521998
26498449
35560615
15121685
11773135
34724339
10172009
26715590
32839058
36522116
4834596
7098061
13104337
46357367
33115869
20730581
48629425
333992
36258163
44468498
21024064
46044179
23752540
11432320
29147644
36955630
16635827
21813721
6100524
40242597
34009248
30428547
3468602
601596
21484699
8646545
34312677
38325566
35498252
43545146
22644521
31186375
4729559
12936741
37645264
46577072
42951211
5506174
6122912
45811174
41517752
12516532
3667306
34593849
21033199
23195572
32597581
35539511
26521376
32030107
29969769
23755102
6675395
46411788
10186601
43193331
11372294
43698859
36063223
20799104
12002939
8128484
44516456
29187561
8718288
47561359
931377
24249873
6318589
42353761
22938569
29878860
26337647
30997450
24574821
18756972
30317812
14597328
49181704
28492181
18591328
20650660
900193
28533470
36298744
2402987
2085713
5852226
33351983
7515481
26597368
31195104
3976498
10128895
29239074
28680163
47614301
12349488
21088487
23317106
15475912
40781403
15395101
31271224
28993661
15601798
19550766
4356389
25972137
38495126
46763539
24446777
20759159
45022617
40706272
49054023
48009248
44289136
32795714
16737211
16637547
20277413
32422465
28964814
21545763
15857232
40198799
30822794
10679937
18110645
35876675
30756197
30076023
30141895
40756278
49354788
47446861
5691685
21505812
10927542
24083416
4902326
8717534
15678093
1893885
15597081
16713719
25464249
27613543
47876405
48196685
40887196
3108368
11097767
19717016
18558819
29811381
3267780
31454054
26854323
36306694
19610734
9980101
34663259
41322583
11933215
36642340
49984587
5353624
2382363
11009478
32607253
2908601
42902377
13131404
11613337
16590821
2500484
25852778
15686114
19765068
16268183
39561727
29417719
24067302
41778155
47830828
15306640
38755907
9871115
31161487
33780540
31919875
19197988
11497729
30757381
38368135
32512691
16939601
286126
7040323
21699540
34048000
48470675
3305987
37638901
32518582
27030624
19960402
24008541
40598102
25341798
47225563
30149658
30147730
18701185
3188207
37563750
30667475
47113253
35865417
21446600
8100205
43805171
36403
24561089
47038820
46707560
3709432
25376594
48896529
20029515
13271354
12832054
43647809
27457917
10569166
41391009
47915902
33193788
2297813
33013891
8591802
7442282
31328347
10578782
22769000
32524709
20783022
36165884
47165844
14483159
44794482
43705113
6732096
22904741
7006079
8788989
43772844
7947904
2183863
1586485
47335556
20934701
41134446
1603537
43888500
34348269
42090012
21005714
33274044
34641244
6040721
24694210
19715068
13870537
3607044
20707643
41558085
38562999
9117445
18289283
2596418
20646491
7536014
15073040
40099646
38949839
11174984
4184394
20600618
44085347
6227447
34572138
46522018
18697358
48419106
15413122
41291244
17645179
27138240
19404388
15047945
34934793
16659130
36127711
24883099
29877145
20175833
37930905
46743700
49294447
39920100
33954847
43610999
21313466
37842754
7782491
2728373
16516985
27463052
49607139
20034574
44298460
33489155
45063790
16236009
23779392
19983904
36610328
193282
12168080
20802548
17903015
39309504
44352694
6858521
35966141
43196860
37406610
2518601
8340935
20118503
28846693
41558630
28993583
20829981
43583271
47838735
35938148
46083958
31981516
38726833
4421335
3375187
48277523
38487241
34611774
4890329
20396635
10633036
47981631
16506462
47428061
40082463
14003980
41751117
40559271
35077067
36850262
14519466
19264922
49013342
5641986
24590033
38306600
1057443
27321074
36663863
2846214
7853469
35997957
43316788
43569011
34327382
45724632
8193228
31347461
43873400
16117326
25076181
37766451
21077770
31607378
6604355
7454332
43149836
18620576
44790003
44380039
13707196
34025588
31142558
8696114
25115544
33785884
14083450
16763518
19928604
3068958
274484
25699899
37987917
22614033
5914103
15116295
15796113
21538810
26098243
37099478
19559000
12225194
8222133
1629368
14291798
3340910
35206823
46232603
18131117
11997635
4029454
27732573
18513684
1863548
4719224
44055432
2866032
12988029
24679881
22985303
2307263
3397199
44466484
45722772
19636752
25646738
40425958
35669427
49114926
45103427
24600157
46088110
1858884
47524796
16986052
12411093
785095
48281732
46587335
29779069
34851531
29992848
16790861
324005
29484925
17844346
48787964
40089024
38451128
34565791
183094
15805685
37303237
1719787
3603629
11194921
30431298
43476531
47437878
26549936
4662302
12226334
41068620
44224046
9710557
26240816
24815600
44516901
18275489
48349820
29700773
26836188
7533524
29452827
10923925
41789359
45011228
32866963
13723114
47939621
30527640
8959271
29727451
35110943
9087252
13054483
16391804
5811688
41729825
5810125
24426660
12971830
28714009
5147268
36793323
30946496
16766099
27659396
8059850
29085976
10221280
11379280
36065732
42215220
8290584
690605
31172326
1039453
36391477
45040054
43423599
35921651
11601588
39018738
39449598
48074999
20313885
28084441
44023510
40649403
34400700
9708056
36675738
19243544
34020592
35156743
44226440
36040656
48356894
28638038
38629359
41371228
2188058
40623046
14494814
8070906
48678538
46958297
4531987
30460214
34954684
42813170
16959013
43275783
11748016
18585753
27278898
4722693
6832539
39019881
4625430
37521951
19915645
14005227
31121993
10304516
29427884
14697814
4786584
36626990
23690769
9225812
23072704
44945425
28947044
11798994
13331341
6840674
40091634
38579715
42816542
626995
6333125
22990952
46855603
3290317
8445588
12534851
46074231
27174307
39476998
5939624
7420119
20847175
36745782
678808
42250024
29355633
22446865
34896309
6197250
20566489
19411442
33629766
39363287
44094000
40591491
25524960
24851654
18268564
48535298
46305824
39692280
43625954
6852495
19542393
46976127
42976824
11792279
5087649
32817876
2749591
36414111
18377091
35697538
39910399
41486650
20999975
4508923
47357871
3379724
17321965
42387921
22523914
48737316
27144662
8807524
41726380
33730108
31903719
39514702
26908487
41553795
42324577
12145422
4684737
12958251
19758841
12762885
27773611
11749760
30056936
39948750
35506647
41938199
48111648
11303319
4151611
25877658
11571760
46443139
33024310
26906853
10130588
18198231
42589250
27137699
28688295
26195795
8856656
40907254
37571152
38666337
42111689
14606374
10546055
43491831
40411077
45180236
47717686
33801316
47462349
31841954
42254319
49020995
48052508
25975162
24008458
37224031
254091
30240089
8189158
24657655
17009370
26225966
29178049
6830545
27888618
2248970
32429306
36543572
26608050
25623137
12850003
18921961
1422873
48325324
49955578
8495681
1834564
15287983
41212088
5144092
30922955
39207607
1337457
18351890
32118743
41036106
48423498
30125068
26547924
49624264
7841610
33462937
44513698
19101961
8213562
40263876
6964525
32756987
14312414
20876701
29266562
1061552
34200
42736082
21386759
40565050
10863383
13200362
18535622
39354207
14052878
49248999
577446
13667108
42012753
15924059
42911621
8350089
9024007
27377640
18607014
7872190
15528113
31926794
47529043
15392650
30136129
39146897
36835854
42054967
10130868
19226005
25031558
37512048
20001244
39716271
18374634
11144862
13085205
11392929
6330099
6844473
3333900
39680894
13064111
45237812
21136629
5988813
46145139
20558019
7917959
13703485
7325537
9487526
9609795
37344935
38508337
49585068
44213578
29544556
40933606
14167823
33912525
1291148
14142525
12851807
42683105
25936339
18104598
20114174
19124011
49134116
2926840
44842083
38299486
10454314
14755766
17409990
4582465
13388649
17385293
25057389
12551995
3861411
10938673
36249672
46680942
30313642
18510198
22752108
40685593
41996770
34667072
5205732
30202074
21560694
13909751
18786639
141573
14560458
25416011
12966783
45451566
43198433
21903158
18916561
21238699
29606700
29498843
40722046
3680496
45152206
15773570
19502981
19400329
34824530
3648522
22214072
21816830
45586834
20689929
1664966
15351500
19649562
31061957
26424759
39492619
39278453
28061406
505271
24719322
22529062
37527044
26337804
12483882
31533880
36595992
47931552
36078684
41172457
34093676
32928430
39852253
9806853
16369481
36368670
7891615
1329140
18573271
11208622
48835597
42869763
15037568
18753871
17361385
27400572
44649726
16557
36841228
23804072
39331383
18386973
641546
19470224
10743973
10175117
13072691
41146538
3119209
22930420
32093681
13254117
32764808
44183393
39313608
26889069
12551316
1564386
34175069
2621572
47140370
43953375
7090989
34921260
6770233
46263810
2945517
26505532
31205128
13453990
771061
47798861
45094809
6785614
29707183
43720631
10948353
35300548
38928255
16523844
25152576
27626804
4130473
29111422
30973702
18082540
33899400
44310093
47949804
14312296
46966571
37939841
21408919
36687691
10869549
32022953
35114316
44186621
45204152
49698460
15481406
38988895
30538246
33934018
43019631
7388557
27825276
18701227
27235516
40594468
23341487
42551060
48714639
22426086
22097699
31759387
40329634
14079480
19253882
24687238
15421956
43175588
31678149
16098133
1882440
44365890
33609076
37918927
14727191
2493032
25778363
45761472
38522823
15103701
4434971
29176047
27139550
46856664
16922986
31797439
21550728
1795985
48066044
34812566
42334228
19366330
39446949
5317857
26920839
9123811
27132124
39698780
4174957
43819489
19632519
30408829
26858824
30947513
2208650
42237317
31203825
14621858
22718897
35779298
3571051
46645634
28974663
27927482
28821180
12797368
7598594
4332130
13280630
3751830
18735557
22953228
49828591
10388778
30200509
31767600
367843
9950205
2414686
24227351
14844430
31106801
2314727
32354703
49661884
4922443
21361999
43580526
21261389
34417543
15297697
10545977
26767251
3414250
13891382
25125299
23900155
6545511
18316665
27359606
31164449
9934846
26031198
11663406
15834917
39311672
29624591
8887298
40794107
46323391
13435039
47898156
46289558
25091320
26921901
2762317
30139833
10878615
1490953
29842482
11207586
8096120
31077969
17109654
44640716
32532910
48837274
24418511
6107010
5542945
5029445
16211504
48520616
38642524
25386428
21763394
11263947
41178405
39146048
24060143
38926188
6182928
5089122
38181554
16519638
25442635
48990853
26317396
1241165
11466912
37794779
25617675
16786296
30128955
17115278
36876255
11820595
26494351
13807990
29400200
22516677
40777391
29351652
13080471
35872118
19690499
4539073
49956970
30203579
34106825
37269780
27207930
9526430
3300141
16830131
41351260
36251567
37885367
49859622
36757992
15379619
28918473
29052329
15466734
20591557
29439459
31895848
38647073
7806820
35735235
15051229
37132972
29151403
13292336
17122671
5183905
38572064
21429618
13106364
35862004
21944373
33287148
17859845
5138837
36154205
21279291
36839122
26436807
47090842
27836489
47325600
13494479
18200037
30147917
36921775
40631665
522126
22998947
1883079
39018226
1573669
35626868
18145808
23645514
38775372
27235403
34232381
32227137
19734616
809016
36998703
13769261
12303841
19452584
24105853
11052430
25995366
43683582
25813402
45556256
31673000
32179675
42589781
10265582
40554889
39308940
15234299
17969013
10024085
34381648
13633386
41884411
15172936
32851626
2162272
34858033
25489541
14955911
42443688
41080953
32338600
39941821
8235627
32730727
18236169
29082385
4486996
13425341
18062657
24492649
23872979
19840642
6072099
44809851
38709588
11699100
10362064
27947758
21376036
26142676
37588153
17258546
22857908
49352925
1796715
44749902
9180291
20737132
16492899
7284671
26040900
29850940
4079521
35451405
18585217
24600001
14950807
17506456
8099873
7055819
40048778
1709378
29136240
37011232
4175989
15394079
35529082
48396009
29658135
18188005
5041402
47763713
31089295
7297095
20574801
36003718
29728541
17019039
37488623
16861735
42205860
21107714
12136275
28172472
38155952
31591632
18378026
8381123
34415115
44715705
25098576
21013608
38941462
8649051
28655667
43936709
7278133
31732435
42779340
24325284
23955644
21145189
32770682
33759904
37636263
6202510
31464367
37113974
9875620
49523127
25006590
23397473
25628726
11327831
5669560
38061398
22153514
41224080
35384344
8992322
37576413
6834820
39059707
26222304
29006410
16155234
24152725
13205625
33148422
27085592
29814144
43949040
32173479
4222443
43126654
18934208
5749016
11301983
44545402
12415857
30410761
48555681
14762734
22623391
30351505
3365119
42846335
2489438
1521208
16658879
47999621
14207264
15384311
20981099
30774179
11724680
18900387
33479082
4810734
6869257
4914577
41860462
26160757
26823775
29056279
5975238
44474535
21136464
34898473
40571617
4036197
24914966
20190302
12728104
30893926
20516852
30642094
25048043
11301296
21482193
42431088
42440891
3721102
16272644
43830830
37782787
35514159
31564123
24330593
24563171
20902453
5917785
13052480
2195773
27213676
15355317
32084503
21766132
45862731
44085673
34211125
34971826
948009
24352533
28316578
19064548
7170604
2487318
7515752
17680596
31117124
30678572
25892775
32098902
20548057
20082559
20779938
20294185
26920059
1898564
11531423
12985347
6455679
29187265
14155528
30934275
28649016
12319634
31575853
38639190
26555798
49092641
28332752
8242369
22572528
30869471
18829631
2060887
29919488
44723876
636804
10700838
46829005
9860691
49195257
40759721
35270480
36121640
5773234
43133133
10973339
30301490
6305662
13192176
13989253
5808967
10997105
24916250
32148791
1608736
19208769
40584317
34286732
46227616
15887521
4328223
7597782
44987470
2365604
36994712
14831367
6202585
2137860
39356209
14490516
44088737
5197670
22281996
26964995
5367222
24112445
21369604
24124376
41947409
6195115
6142282
36464783
15473639
3900342
43960423
43835748
16044137
32816502
32745267
14614714
31108795
44084942
21585327
900766
31984315
36610432
2767331
22268770
26413246
10962270
28062730
49698861
35241650
27507608
35562684
6211153
12085725
48255014
34482581
23572538
16650206
33165358
2316281
39366461
48059807
26565965
26449030
42214965
5849396
39283957
42894013
30682623
15920148
17981321
22774751
37041678
37540542
17410961
34068208
47692513
20190486
23739717
31869138
38789729
34439979
49543520
42796262
33545053
43052335
28055590
38655927
24136637
30040190
45243343
5720087
13346665
12744514
26546934
24456396
540768
34034681
10767406
10445571
23628130
7616682
29611748
8558145
17780354
2841482
38935912
8641550
43038532
8486345
27741417
3350832
21295833
20580172
30357999
41359219
25207548
1370639
24711896
21922297
9313118
41406384
43972635
18571681
11097157
3311956
45855592
14379731
19468729
48844059
26356447
15103099
8925489
22891192
22599733
19430780
19175205
46197727
5208082
31812710
10586170
29396111
41520545
22858103
8143355
32564268
20128788
45725772
12296552
35529917
38807875
35455250
37872960
29646850
3850920
23749344
1320585
14045920
10070156
2905791
10290142
43652074
5681891
2537525
30908833
16484783
25291907
20542440
32921560
27704388
28342493
26263897
1454108
37332416
6861226
15650850
40782703
47902910
23938780
40290793
38052545
24111479
37921804
39090335
43162944
15920208
29155238
4831201
9949117
42125026
48045253
17843795
33421758
25413818
32682943
42541108
20516345
46617954
1111635
9697445
21372150
47650927
7688555
12146327
42827872
1538945
33945669
2435866
7437190
7215937
29504792
3033373
15353443
19642683
45019425
7522380
27341410
25480139
43126061
38408638
33211616
7561043
20416385
18367446
10614481
113821
16864364
49933202
48028160
21034144
10108224
35181332
14652527
42080594
13646193
18724285
20162028
20483889
29244962
25078305
20856082
14275627
34822361
32963258
25112454
24452126
33607260
45117413
21184544
28576735
45964163
24335807
33140592
49113850
49707401
36086184
18665384
10516607
29625421
3735586
25126129
40829715
38990911
46821027
33762246
34581018
43724228
40612232
1372293
3611940
47680726
4255802
10056773
22023903
19701088
39263454
16570782
30230760
39731933
4982978
9084866
40742853
31706702
16928100
31861670
21272158
30028539
37689681
4460030
38293309
47078496
31461536
43304208
33984954
5565862
23051216
569124
12003053
1481820
8368031
21872646
18727234
48194312
34084415
13405076
28931521
49094227
11678571
48472444
33372333
22796357
29994913
21227498
37630244
22810045
34990889
31540325
31246972
32988217
43069328
12210366
13023504
44454806
1707806
17880025
8858178
8308162
37591801
32926509
49298055
11658485
25971036
6298555
38947358
13379628
5435773
43504104
19838714
6508270
31401031
947792
41170310
38946766
40048847
49628809
16573481
18532528
23950824
41389297
13183112
39418856
33734909
10475905
5096181
21292946
10333696
28132303
23868015
46259686
30645444
13200588
16134757
28163826
46451618
38935701
43489121
46492214
32097973
35422066
13419361
26031505
7556658
4661152
35163417
13475857
19021083
39376779
45858120
43362436
39857232
38478353
21588783
40716049
15354729
27082616
35562328
15556258
49192771
29748123
37475517
7597771
35188165
24799896
28081508
23905679
15447272
4242260
28540156
10249532
21128308
35440594
48341493
28280841
2410832
36815590
11499367
2913146
2299843
43003667
669510
15094715
30546570
31156386
22611155
48674062
4541493
39699897
26356561
27116451
30409961
5975936
23655904
33057208
17069359
9225756
46977783
44602563
37803100
26542576
48285629
262039
31587524
17440467
49468769
3774609
7516547
37177997
44291455
31993127
23219820
23291282
6723783
24105844
36653136
3395009
31867859
44240697
7905670
24340842
2485484
35033730
10974266
7646721
1642389
39004471
10454684
4728318
48932453
33628939
37747801
26941056
36368962
45716199
45561972
34329861
22374041
3983769
22841149
32824070
39710109
31556798
32015758
30807518
28021649
28704931
16764402
31677942
17119610
1602293
12454725
20693338
4365879
26939246
31817056
49035692
6463873
3456556
20154823
33181048
5271196
30438615
33945941
3899511
10626047
11182720
13163440
49422513
15094904
3072468
8470112
20080030
19442056
30847533
46809355
11522313
22133176
39777864
38982159
44634790
217598
12360724
14163360
19139576
34138807
21374138
26149642
41744198
44589185
24020734
20652700
35862877
4199171
27399914
6957689
20305908
27475354
42558162
19719148
35696735
33610867
28723258
8975487
30105363
36866901
22280280
47523681
44401967
2610112
38166727
28215183
21003248
27695214
20781508
15676553
45332277
24601923
42253384
40421592
11666393
42679993
12770892
15766279
24967369
37785649
20817865
41166766
40918339
2907066
12879038
33313713
1207588
9348623
44935954
38268836
48957188
1642079
14190925
48574952
3705077
24986389
27533079
23240510
25132290
47028924
41723171
1045695
36446491
2639660
3719223
34137400
29493047
28917343
8057469
48767518
4516766
24098271
35812370
29031859
12209136
24700115
41956019
30440099
28214028
12902148
30771587
14275902
19537135
5746719
10389703
32182074
5324774
31819332
9838249
15113744
19904344
32071597
47350418
39028477
6348021
1086400
7591443
5806843
21934593
28611628
105488
49200491
40358359
11030829
5215264
42875489
46009551
43605001
26264740
20933879
40193148
19881051
23882868
43922997
3116173
46585573
22485508
18763325
2939033
35523538
48000182
45653805
12408135
36126899
647509
41986149
49420954
16839602
7313811
35695304
39767865
45335450
14225944
44299722
25756241
30993705
37274743
39110033
18949652
1610956
49891300
8597227
46315566
23784301
32032869
11416248
27772515
10229206
4330050
49871626
14490331
230167
23883212
41819620
11595022
37590309
48473040
11871457
5704367
24359051
10384180
30349374
36857334
35692133
42587880
14231786
8084302
7111250
26567797
23936107
26163372
24856997
3223290
14452221
42235166
11623251
35162104
42649239
9729856
44357973
10496166
48431795
34438444
9796607
3965676
47499703
1871149
41676028
11930956
10453730
9402376
42904506
49854003
11946196
2167505
19905966
4373130
49828028
1952413
2921871
12701579
21992629
27935904
49920085
23544751
18396947
7016833
1825913
39126931
46526512
27995981
7750686
24482732
4522963
46089537
23010016
8108205
17984254
41362145
20225872
46577948
45288279
35835792
47614869
26221619
29409176
45112027
27501233
3952484
32343167
17826286
25706804
44332778
9315451
32823382
47127739
14825310
45645184
9315868
27849195
31118632
41996021
14307732
16490850
9109386
19257212
13700862
26250839
13304699
6481643
23886655
564987
43580749
27495112
204666
15035558
6527235
1762367
37981043
5710853
30975425
3459754
2677516
37100020
11210263
37648693
39692335
24072531
40956367
26141011
3439368
46173203
18368825
593945
18849667
2909820
10480937
17842229
38089863
10048256
38567583
5575310
8589880
6327049
13998127
35170094
24610554
33343233
24094238
29038765
31417825
49501881
24505907
36068787
5729710
48845513
30168475
39162358
38755074
28674600
31901496
8528467
2768524
29203603
37733991
3137752
19428044
39032459
49788935
47214575
26128492
5559579
8487255
15537018
40988382
408104
37525681
30885511
46922483
5511416
1051082
13667810
49688257
39666310
5149496
47201183
45612515
27832990
40284281
18737657
39785780
16625161
949131
35623420
42348840
15910035
23524719
29189311
16730594
29204315
28905042
19102026
14766640
49775567
44856628
29394256
44909659
40896519
10563535
15407216
5382021
7207451
43005731
33821909
34799007
10039259
11888752
17339689
21904715
7835067
136226
25675837
43336530
20589348
47733838
36480657
38181731
15812802
48148105
27870346
41825381
24573840
25888115
12280145
43642233
15314427
2382312
12974607
7570269
15083755
27603164
33382479
30413947
41942049
42765573
17315132
28101506
8901929
33736986
42125375
3860544
16229469
12993323
37475274
35614867
39982013
7256146
1714148
1327907
23185423
48365487
23832903
27409772
48687662
36714352
11733002
39597250
3545665
45942014
43399850
33573259
12514619
11644237
17463076
25825463
18933075
3179813
1676076
37322041
14836409
42349038
40001316
4729398
16732046
36099461
47416692
34947988
42673450
14392508
6307723
3345564
17178869
24330872
3158567
17955984
712933
6048403
49378352
26732751
47209326
19578354
38476831
8615357
15754355
40888965
9337289
21133633
33445980
21068339
9532118
16162785
24430586
37164489
7466343
9745285
5735611
25386774
46688539
34829852
18179777
14134130
31280341
43480036
30524973
13423540
48727005
42036452
6061402
45650466
20748825
12434010
20076104
47660600
36911963
5326216
22788665
30743003
4371124
49530485
25035998
36654089
29825411
29292895
46555497
15377791
44383965
31523978
47157713
6283477
36899465
46488049
34841250
33039747
11114016
41855343
28062333
8682742
5146358
78497
33035127
16278556
41904226
15624682
39931100
35889481
42529144
38109984
7122311
40391166
39327544
39247441
16979605
844783
18729926
11036450
316911
18231010
4441092
41884980
34984623
27106688
38806605
48749869
1547079
7716830
31534076
8722436
43495266
5027692
5207465
43713946
20664255
5029318
22200766
45111487
4782674
279145
32712452
19858544
1797738
3390596
40908751
26581378
2141328
15821513
15160661
8275718
2589119
15010513
16669004
40882737
10700628
12916949
33452426
46022155
33596474
44092413
39175743
5864797
46777209
11114249
12227261
27036135
13003244
37930540
10038457
22225028
39075677
19105986
14033533
39934283
39049408
11740708
33200768
34979859
10685736
17739964
4818539
36803409
29810922
35869271
28446604
36563040
43144175
19098035
31864188
24973181
1146036
22538743
1188576
28292529
23022180
36767256
33597190
49560385
34323980
47000550
13422539
13885875
28037229
40431373
23771112
27413009
37426184
39871837
28028223
13235852
12420862
28883452
10714892
27981601
42098509
34634285
5418320
11683438
18801087
4074547
14500616
29821426
21424513
22460899
3544297
45457076
31281984
46152148
7383274
25752284
33142739
9972997
8261938
44573600
25978353
7142803
5854231
5594418
45519880
21115031
3377000
26811748
5844611
39703233
49222525
46024658
43226379
7640875
23318103
48759729
5745238
43237307
41308055
21116950
18488240
23291385
18937559
10303193
23850184
42833595
14058165
22035274
37334480
39502941
14333797
7163618
10170454
42497919
4201319
26809697
25664843
19571079
15575260
7474200
5690016
18906393
37388446
18063352
29951156
4973398
49810736
27177571
40758427
32337394
35905419
30449924
3908231
18186755
48491096
11447094
33822286
32603908
26322127
13415778
35849980
46545822
25680554
31458851
24382652
22935864
7625584
9800467
32927194
41979003
13303933
33101326
20774554
7107894
31857020
49279265
15170013
43050392
6606638
28836200
2852757
1199718
7857847
4288058
44083973
19550059
27976531
32265801
34673887
28472449
7480030
28624978
40445212
44099535
8006698
8556912
15043837
40844683
11630548
24235945
39024612
27443977
33548739
1546863
23680021
4756909
49076894
491838
3512864
23973237
12461004
6285236
26311115
41899966
21664055
21172912
5459512
28850709
45502856
13293428
662782
20633690
1350394
1706244
24321821
28096444
44921942
24697333
462053
10164795
39808557
36188554
40678854
22899381
29586708
24210842
17171205
5008811
39833998
19997627
44356820
33460119
14482777
29873416
2278002
30195117
35695513
17135568
7722394
47841438
20641647
23277785
2750825
