89191442
75359111
72641088
66484333
75777431
49757152
58504447
92115384
67440493
97417416
87114894
51338063
8985358
79877127
1346141
50349936
56575954
47952212
97280864
80593520
10801412
14559431
46759634
40859836
40144616
80581398
81372046
70913380
28044480
28470877
43401448
18906863
11345116
25530057
95246042
16381808
56512951
23939457
46504907
78485244
33127594
86710417
47907337
55860961
6790783
76146572
99906336
22059999
81963070
63121791
78163312
10495869
85149653
16250139
80004143
41888841
20911038
67390879
92519181
5767554
33078598
2401334
78405778
35937985
79735331
4381438
1209986
99740047
68652193
99804202
92412053
53622929
67464893
81893804
91608975
31305064
74207538
67243472
76824789
22928614
634134
32976604
48268004
45906726
36328257
15920653
19523192
88708771
6115359
33135291
1296917
88755901
16078060
73146381
45750218
18037644
93787490
29883045
12775950
49598688
88462557
40029663
75926760
53489415
78052967
76206271
76602376
60024498
55342272
56802533
14517444
93507953
68740130
51699203
47373357
86485153
35621785
88271167
60801722
23986091
33918437
9062890
68422012
35627162
12389796
69522325
5249940
3513901
43399847
827013
53696300
75584382
26549314
48225359
95160112
16520244
81680797
68444212
1722096
92684809
71894430
20907233
37620482
40754660
74290094
16805187
82030967
74258521
46462042
73843488
76756511
56150642
59994063
43197909
28904898
64064071
3220980
72868914
45406010
43676254
52904158
83931666
61029093
60083120
78186240
81363271
12247750
91602476
49821021
47336907
22047011
76540744
90651564
10558412
4988291
82370666
83729030
72803178
30414022
82123499
31008780
44168967
34917014
85512734
9210394
20474860
68066478
68473900
6438272
67253187
95505684
74486045
596091
70603289
15855700
83540946
81028059
54263853
33304015
14817054
56600347
92102890
7417581
61732074
93991085
34960660
48592592
33123536
20036526
48747436
89914889
50675477
64765232
74976230
56519221
2029299
32881177
34261937
41452370
66999319
86405647
57008686
75249792
28549869
46221034
61109576
82277801
73403981
54844546
88683761
95815428
59207173
59571157
14031985
71424185
85498883
87483545
99767959
14823643
10338409
20782670
63710675
17986769
40142627
96183251
90649738
6501649
31297411
24490232
79756231
9207695
46655415
89416490
75117550
48523049
31083176
23265171
98695668
46491794
23392675
92086818
46325070
47348571
85108533
40806477
20954142
54889133
26426531
51962479
98035881
11041032
57900600
43085597
19167806
9565754
25592133
13833214
62111014
31778018
14679935
24759097
80782006
90483935
83089318
44972461
7457209
23610973
83696693
70637559
92273708
58763037
95965219
26867055
62036266
66504355
17522685
80334600
44387825
82194416
984649
6990712
55854852
36437249
98944252
56541852
25555148
7329643
26041468
58997446
12602366
97554457
40225225
17405852
57071755
7570161
51198909
8821064
92528450
80705655
66461907
43904798
41016356
72767786
73460834
30494562
64517927
29514275
43623849
89618674
24944180
31643838
68628516
10934025
53554294
56687754
76584144
32233804
93833577
17063553
19166914
44392563
90028959
41390041
11288852
26135543
46169850
86859298
37210003
83029466
83364647
43676365
11626716
73526542
9566327
41840016
93719474
19031558
13097243
62349386
61273827
62074895
9329763
7645793
78118551
10465123
32146655
73306488
33548160
21428163
17425976
74155033
75554334
11546043
80525916
77094406
533984
53997255
6576152
94331493
25616401
6194671
96769882
80898351
619344
18635257
15597347
8587393
2256017
64769173
35842991
87909299
55529892
76112527
5825059
85105006
6499689
81532777
84048008
40399070
49047113
31398844
40623525
29072334
92268897
25667305
71298635
75205184
76757466
7328826
94441470
88389523
56016192
41001222
25564488
56380015
25906616
28809654
45174422
14501732
33478383
78373854
14780329
1675713
72570636
43723425
89274287
22210145
77798146
92029941
47763479
79992854
65384702
72011968
59029907
61338001
81274228
22598631
44440502
90122088
86251643
12041960
86694902
17972046
37326967
34647822
68128346
51764144
15314519
3094405
81230619
97702898
59961251
45393001
31671957
58132097
24677242
10060736
31754182
94505243
58822878
35336219
29013674
11261786
62638955
2047445
32161648
75680789
22940551
97877036
20601118
93027723
23567215
77838625
27662182
84559136
90370622
22867546
32203485
49566088
53202784
33859317
78017241
76780689
82504027
99788876
42961113
6250878
67992192
28161441
49842910
20386948
64478909
67348711
9360336
85839335
62494800
53946543
264595
69594834
57889434
58677166
9414308
76577055
42773912
45867710
87656399
40722353
11405070
43625276
25719834
52173813
44594295
52395918
66241855
60514894
66923697
26308527
44962579
56620878
93826655
41192450
97396526
8810302
88045585
86320883
46974597
94949268
33957498
26315505
66560081
40713981
38586817
41874723
98505663
23583762
30093998
22253148
28629536
95887951
83993650
91122106
13588815
5615633
4925879
95407879
22497642
66362875
76710118
5428765
62029601
36510649
37972134
97217551
64535857
69837302
99609332
13575787
71900871
50342905
74748533
62105577
11416089
73597435
43282786
25087380
9498670
21718281
69725293
41063540
56481329
68686998
99303002
18436553
18012391
60543719
17095066
43413827
6044271
58146466
18416623
96862147
4956909
17167119
43573224
53661403
96374342
46261945
45350251
88292610
87371516
66431532
56395134
43592827
3869811
56527211
293124
78637747
62278774
71605872
84936776
27553406
10656757
32638253
5803522
28030032
85792680
83053959
80868767
83487925
96564115
38749182
57256509
75529740
6821244
65906452
2769364
52806813
6084474
36846636
23162528
37384416
50315517
50607002
2048912
43055668
23525637
19173459
46389187
45997019
73754514
6799515
65314531
91152561
84522874
63979388
92015288
22051912
99122768
43632978
35945618
50031703
25675950
67319520
84678437
51690385
46629673
86375676
3192608
74817008
27429427
42129276
883691
60073289
90839916
70272634
72794929
73668836
67887142
26007864
51972320
77907858
98423947
40388757
81939972
54108846
94172307
54400993
2429075
13634290
45907224
86432506
75679811
15929290
54978253
98494302
33038320
10456821
33550102
87425358
529584
49241277
43920817
21369082
15093372
90561934
94466571
85866048
84540785
76745657
81955707
91117798
57867598
97213306
79837248
92594783
94040203
67082830
11064613
51239479
72838230
11674144
18620329
46299603
52298420
16083507
47925385
60409974
25127416
3128330
63020352
92648960
25703215
67111953
62379446
89636022
3121078
55142264
4028632
81365970
53428796
43200394
73982333
5906118
42991512
79365336
6032080
56815297
91645788
16291453
56801511
11135190
20197179
66119804
924567
34189486
39614725
61739189
65416183
79184257
80455297
29121292
60564273
4479534
86641441
22270568
43027373
58608988
2922968
66720074
85940759
71245899
60851076
21393418
5245325
19410367
77123472
66893848
64542600
68269278
39932429
36881794
78945333
21459978
84644359
6445425
47494028
3857084
96392114
81994472
22187242
50030935
86081884
23888415
68742558
50014931
8973608
51698770
90478323
94893341
17335409
42959533
3586935
59934807
38286277
7623231
38250370
53284373
54544529
44672407
76564263
96721214
23915869
75447060
30222035
7520876
8659168
27972584
90035624
58439903
41015898
73360085
51591019
53620955
20007983
64735466
13961568
84019992
76943555
92584709
52580280
8736921
48064987
65092858
35170770
91313719
3504201
48230551
76967023
17290006
54082698
47323360
85938877
64335139
79964494
39694065
21994510
83108471
24074568
66648257
8831315
41422051
81120416
26364536
96309826
18432000
50870847
68207519
46492119
14831010
42984953
23257048
80688331
96233493
26272483
43372068
77857790
79179649
37556191
59160131
26424351
37282061
15879406
19396081
41502455
51332976
49648899
24924063
94586750
62023575
69120581
13389258
18611011
12726140
61556891
97020128
46071304
17939174
23344145
92364355
89051127
25478179
96072744
62291457
96958181
76897713
90214040
75490028
9004350
23762436
90193310
50325376
3831347
99884858
75344267
49662833
91046098
52314424
5958536
45777514
14967031
26511137
85420076
80641595
1578369
75209441
65270311
41562906
89412199
93416840
19364599
95601500
88655985
70777803
8899724
57920275
20437065
6710043
79063651
80611804
10288774
23776658
16392446
33404894
54420476
7982649
46267525
45944123
67242406
20076312
80412836
230879
16459470
14521803
87908290
43255068
12273477
20373551
83868517
63760415
34758007
22129538
46441110
46753682
67645321
8158316
41499535
886389
31553185
80863072
69086591
28589340
28285991
49253857
33192765
32804265
54187881
58221953
50083523
90317079
29656778
37640730
11827611
80995093
21443138
81489723
68064307
88878372
52095967
61822313
23343983
70361526
96212179
7015630
23564728
8297479
14466785
78008171
49246357
68265921
76121618
85890803
61641218
53947185
88672325
94907368
80065632
65659216
62487824
97341105
96139119
47531219
68518955
20393863
30740394
11955390
41645357
2007156
67721670
98289651
69676125
92734421
64576092
67699815
68241659
24726010
94949411
96548345
36004805
68048014
45772760
97386063
25084373
16213280
7011590
39875052
25747635
91100990
49851249
85952054
49447533
33037537
86421622
21635496
96279668
44985030
48658590
37883605
55422875
21289937
59868240
68683068
7876187
68570344
58360337
80068490
43431599
81161822
20935664
97291004
10374376
95241020
41195790
25709824
92972154
32358142
32554760
66263160
6743038
18188938
17414909
44749094
17237167
72927383
8667862
79241859
12560058
79249078
23597592
67637431
52499052
10872740
99063203
98759889
76744260
95213260
20567301
66516461
25880540
93516906
55206995
7649956
7808415
66742121
78543090
19594952
29664351
65191717
70065358
10527553
85551591
39249119
26213034
50190112
53507365
93175972
88149277
81537978
17460562
10902644
46209914
54901449
85774991
78629015
62365030
7167189
65334377
22381565
96773604
42801145
87300813
44364807
92561514
16996257
52559535
32601149
50934362
80809901
71983489
60822927
29451732
72343744
62329756
11883243
97090418
2431087
97876520
84599111
81478661
67199750
45228190
98525624
53133861
10823383
2937995
99331059
11610576
29264562
83317724
33659240
27742073
51754402
49571634
84405025
94385478
79862659
10465790
26844059
51573536
41534618
54574702
64744726
19008528
91122647
88657590
72977206
31215411
16982598
56615566
12616714
7000991
41269984
52910519
70079025
88832623
65731370
39788152
75542885
21899998
35051157
29449332
89186293
30143175
99370598
2948138
3724837
93206999
20563728
37856700
91992246
29425111
1024575
27364102
15029257
70275600
98481654
31792064
90723792
77772408
94788147
5575591
86535193
73023240
49524038
50247950
10904132
81132463
67274172
27695813
65251837
65150904
23181832
16202676
8376096
96331629
84239655
62902722
29796335
68285785
67695542
62059774
12712205
51615488
40909515
67164351
43258764
19745513
4845765
2073391
68683952
34774986
843851
18544089
51116662
61094226
94377165
25114806
93100798
78830016
51948039
54229605
14736481
25261067
15198056
5704825
54024174
42615845
36819379
4000100
19356769
65051994
88799604
39321896
61874654
68733647
19834215
84099035
2424798
40376152
37131743
37584811
24122094
43662919
7380518
81294351
9161009
26308506
86595423
10654047
53767017
72699465
69474858
11118973
21828544
71776303
44772167
4873431
48024892
30184360
20723101
79036382
68879208
24464157
33851297
65404612
32557661
61851033
21454004
28725241
43437948
41601276
46161056
92056560
79750895
14801792
35303324
15289239
2650340
88983483
88224922
55062994
21219209
29496643
1019654
72417866
10678424
76108922
41997621
21555883
82885401
18492967
27423265
15306541
14360322
46797092
30306541
39749748
15929765
92393910
43043926
33268610
84323718
21308553
65917632
96046374
42474347
64406676
386500
4672099
83552636
47211543
41592434
33623293
15554884
522288
51468752
89742464
90339366
65392117
16159438
24366163
80709444
50239282
32084257
60548351
32401010
46198572
18515079
73471118
61410247
49901722
59755420
25041009
46042957
42070349
6726034
98219289
6960615
27452863
4829977
38622972
39053357
60936702
72677587
42730027
7632524
53602612
24104645
35695447
83308134
6248658
89828111
30682253
17125102
46717685
64470558
53506236
4446772
30820885
63731272
9634804
16443265
69822487
34803872
16955627
8734973
16651019
36598002
72784360
76916197
20728163
21787433
80691505
87554178
43421728
11156127
49057995
89970955
22835782
35008146
37277434
34426216
37211599
81294732
90399314
54930689
67757161
16063962
47404392
92211988
85224380
98936977
42807417
77680254
38964665
94826773
67229921
80132260
21524273
79167682
5027833
48162452
83579700
31722773
84559359
871236
17396425
52448709
59239773
98674717
5342013
92639540
85049733
92936790
91936816
61483840
42742729
50282477
59795108
18236667
76636499
63881230
18043266
95990992
36405997
19551028
50671277
28665283
73078260
96525043
94989252
7355809
66111037
8923827
90919703
48890907
26285860
30344772
25772423
57224608
11128249
5750924
50935605
93825713
65834758
31745415
46078652
65951268
20819113
1972401
85128650
12151556
83252024
49835704
52582628
3999765
55964467
52094209
9308530
85442675
59390486
3397481
44095304
34044379
30839174
10562136
16294783
18602223
47946936
60947487
63037269
60895584
96859076
3230333
98815649
53686184
46885865
21514568
74106286
39631917
7349392
83408305
25911097
84565634
15522394
36210672
2849887
98799035
88528641
96355327
8928250
86156563
16517960
70721020
71811670
54259239
88108321
23416745
61024958
81315374
78887268
36027577
71029678
4735087
73884763
31269056
70367235
74502808
99009250
7032682
60935227
56552747
17511114
99593707
56457115
89140581
53882515
21326898
57985792
24841541
55131025
88914102
48277061
37402310
97651832
75682563
11361198
63150655
24560845
66444042
243943
80652925
57912849
4963294
99281787
9991272
72155549
29990926
26917584
43928832
47940095
90520595
13017810
67837316
51488061
57542176
88343916
17720272
16073044
92668664
93085850
81405704
57861047
78447169
11309416
28457053
67499714
30640733
26214616
77300529
37242650
54559808
128067
57022098
14899121
47923997
52619477
25515109
54610762
30996187
92831993
14345503
96793019
10775855
95886962
29720213
61559336
2439430
31776767
7216966
89120944
63809732
74078197
21736911
29812962
16134036
21973466
20902630
29863237
60309800
81671752
1955766
91525442
71499983
51282595
52558027
49519213
36817029
48905211
45827163
34685510
28571750
46850936
40236157
29928602
13052129
92840459
85180054
47702624
12630204
40579571
12345201
47006079
307259
47923648
39367466
12090156
3815854
39542191
940548
71702737
3470679
32423270
38572786
14987138
17613481
59778398
14511164
3456477
29987929
19494191
88233195
83849115
12455633
83031550
63280084
43400548
74840702
20627563
40874523
36422144
56277420
65715945
297763
6672007
20554924
76906575
78575084
32025833
36155258
71597332
25490948
91902147
84154552
80707757
89445297
72959655
10486361
7104489
65132595
38977682
52222773
43814943
37880079
45725036
95871501
68874445
66158844
22359811
82108675
53970277
20032820
20487134
48993822
37094959
17554634
81545596
81217770
74699039
53145581
63160170
65871034
30179007
64867177
21648446
68755999
17543624
575952
88929037
22230822
65930471
42413707
71665030
75994767
50568138
72714894
71280092
86898543
78386885
504510
94500054
471433
48929326
53859763
59353070
17044510
40391259
67667395
86379594
36047324
6668603
9510550
14170973
93119798
55051832
85256583
15825617
41473341
3899363
20694734
50017202
88152545
55976222
89243783
53889730
68044909
92129747
42529566
183246
43672043
82812463
12375318
20638335
62910866
45476621
41069333
80857933
82999400
35032538
35733008
73400617
45671659
38219648
91063461
95461035
16771428
9596079
12129284
61937206
83862594
40740636
30088381
87842033
53068002
92058381
37130210
7023773
88239944
96685370
87567662
76953431
43759921
26798198
14907135
53957329
67032911
24578117
61444507
60565155
84178695
45689114
12498722
55227931
97012810
96296880
63671518
65729508
13544815
600565
94705822
59204833
94782324
51792364
56548503
27760956
15601883
35576300
67538084
31536262
73786195
4359737
17007371
9817303
45167918
96464808
74288724
71557980
33371615
8965874
53733085
36063597
75532585
8430504
16660333
31896372
22919725
91321069
79478520
58073736
41848200
65913948
35915698
16451861
78226645
32517516
1824573
98016212
47345681
83635279
45405338
43505422
24823676
94512348
73580470
63577074
95448354
69367502
95331125
53871316
38000411
60982425
31397438
25842873
33499654
32476288
58143931
93926028
24352149
36952881
47116520
76223461
29622941
20691714
65945454
30895159
22544728
54601039
54042787
90263109
30793904
55018153
29363884
97110961
69506264
51576372
63304460
65992145
39983366
12763254
26589119
57635394
47792158
51650900
75245333
99952108
20630893
51393026
17318934
34428869
69276901
39593235
3428574
59594929
11365328
78416880
99822608
30813169
82900918
24190588
17223279
65810808
57776593
8821853
7224968
68024919
64207738
74954737
19290562
75161410
13106921
55476166
8557943
73637648
87256364
78868361
21264039
4461828
89874852
83795720
14983320
86721906
39933983
81237091
6308700
43807672
39588269
60826934
90588963
95421472
30558894
75801969
71476561
97134477
32694889
2697059
60551679
10858500
13944371
56335795
32780997
33521432
26074922
97307683
95234292
89321707
68164375
61586623
66681649
65332510
84410100
76031408
56864469
51387871
50221317
71526297
75544176
51186683
47829352
79266901
87560622
94026100
40814067
43267337
95674921
40518803
99335413
50040517
7152424
10198626
61372805
70753295
76595874
34222226
26139891
64724477
86923976
56950352
41464698
2057984
89556197
32225934
75141475
44442356
82250616
78018454
89753814
99257448
97484216
54013568
8594546
35978217
64267348
68020571
56119696
93978481
45805730
84608830
60391073
44256687
66301113
89914275
85937290
20027300
36100913
75168906
84763295
6974332
81119111
95812740
93398346
17425573
4728466
55024137
33665258
51752147
16122688
26239185
2199809
73840167
71960464
53770779
14452277
20515229
98790308
71001738
64330424
81971086
44675802
67095596
86477986
74795016
59568887
56692034
62436477
2148336
8551996
50910345
10144455
93652639
26805734
67466735
51952999
21042329
97272590
24048868
29569707
85480487
14470397
91056467
76471903
54912505
1401223
39981329
84998091
87968158
59811609
65210186
33518609
44755655
88077729
53051440
70586897
69690708
62515808
14919009
25248992
25938317
50417917
83535327
84721933
22820081
85943461
44543094
87720547
61108762
16382170
5206647
30258259
94529187
87844563
17141048
68531838
69301163
33567831
67371834
30003098
68946412
65952724
46241627
85566538
2760464
38997522
31239875
33655146
97405162
83207468
7798935
91047452
58521113
65742144
22409184
33604271
78345216
39835226
85549961
28684529
36717167
56436319
18445089
44727605
82207416
71888746
17533330
25263524
87076791
2750882
65064013
33530981
47499018
73385466
65548570
93748544
25114100
29902805
82898398
90724691
49173670
92560918
36250045
66854158
23272431
51608096
95182800
55422107
46968345
725859
1486610
72409209
31433573
41599217
16171002
7930278
38681369
87289352
77585512
40328110
41854564
32430722
26239065
8507553
45255748
30640375
16867565
46697991
57106258
20331633
66873777
74733400
10664815
57479336
52879284
47164708
29380282
24355683
60798238
42703981
31651640
39093584
26256978
48743618
61991695
63432175
56211354
49273716
2406748
15141033
60735060
40867836
58462051
83747072
87941214
36855596
25277279
22439721
30356335
2984911
66184473
93283263
42346785
43545
92060762
74239398
75839122
74474910
17189017
47851204
48209489
2372367
25036811
86760223
10409466
76445694
50308115
43503313
25193655
27683704
17090543
9966856
47671777
43949090
51309200
55545029
3002279
52792291
5961409
49761672
37969983
4433201
18231704
77841623
8827157
31184142
84819625
19098453
10119263
5217305
45827219
90067163
54887042
99995902
31288048
32248311
30831425
56420635
88181823
68708341
60885590
21908416
61878869
2041428
59751743
27835422
1247634
44967300
56845559
81155543
99221454
23423641
13837461
5838866
20291414
5363236
58952594
23251865
7685036
3249712
66039909
25652557
6552027
45733863
6739708
58754694
15097210
77722806
93549676
34804808
44250075
82117844
32150379
48697015
48606353
75900692
98891766
73093789
5928108
7745958
73436146
27829778
1411621
46476254
68118333
98887881
52406474
95902300
10210368
79709468
22232336
88197523
3599878
94220403
48352578
7244590
58886218
31796972
19868950
74093421
86603150
76538167
11369586
83625094
6403651
66719191
62307735
73061542
11297316
32410808
37500577
3266030
83387458
4551010
85219117
7890893
9755180
28258844
4995745
2256764
53989436
83296424
7730169
9113322
53463756
88292313
81912705
51361520
55002470
10658134
4207090
55191510
62668268
83009047
12967573
13307933
19368830
65253052
99388683
85708996
45499288
11087433
39072946
91649589
61623155
23683232
15763788
93633888
41907719
42101455
35005029
29019856
71698511
41481142
78871677
56037040
97424999
8486568
32011531
33170661
65869970
80362511
14564903
57300673
78651820
15943156
77089051
79007408
86032716
77074440
68801384
48674166
83934536
38528694
33074835
69417153
23237098
62674451
47143384
39683214
71578209
61511849
67184441
64101482
39074761
19189562
94136479
36397934
63777428
78047239
7026081
15009912
56125400
86581689
9901374
77845757
78381127
82370847
97295229
51734757
77659313
50446964
26027537
52125517
24880661
77414780
269674
38728583
83120521
4537465
6635188
87952433
46579934
95166723
77244726
13449802
73083458
76090798
75642307
62952424
26971459
96450994
952813
55552239
77632883
66237597
5723661
24459344
64830361
62108490
19414506
22182940
11859595
89377951
66942410
99375675
35259428
98209729
46573677
46011242
20808805
81916161
5811640
54063365
64428586
43882876
54932585
98391026
81536119
71076400
58183603
50898577
10726091
70941822
47994039
88355223
60659335
66402521
87164535
44934595
98867984
62825202
5233342
19522466
62941107
99461524
72267103
84998988
52003297
89293700
69774430
12611650
50674754
23867778
63875614
28831119
85258408
78802815
63085251
9713342
26627657
67913664
25603424
68974019
29865298
90097714
2190179
19678531
94797236
67098838
34542267
88587641
38852435
46619528
87034201
97084851
93165416
52353290
78796505
42730522
54257023
4070544
54806661
77954055
41392139
5299672
44791895
12656384
72289437
5631989
38430576
19244795
60565900
48158167
37236664
15096339
17984859
2175824
24446550
47956337
60672210
23212553
56247414
7685665
77932482
13949982
81603038
30147460
13825475
33935319
6055897
18285138
52709389
74911233
87068563
54184986
57051591
3191736
20192205
47056797
1645644
63937423
40276231
93835883
64968343
72850281
97666929
49481345
71698160
81713347
76346613
19674824
29581273
49759303
48453421
69483876
37741687
76790356
87872880
96735833
18311544
25344483
81134685
95991981
36130551
63575597
96848042
44871697
43979625
61762064
71654472
89480388
53113055
70785290
33988984
82163311
74385425
94319928
21346017
34129379
42248128
35259841
47297992
8786893
92582157
57677514
44989117
55425910
6611901
71961725
7909908
23441241
6136166
62509683
41422697
60194751
61094741
1883425
82554418
99338893
53225862
3899608
54094597
33502063
27442485
66681178
88964246
94647886
58055586
69571447
8102152
35264848
68273658
13285138
19916825
93001339
49608757
67937842
73903396
43235851
33826583
15578575
52579965
44873796
19077052
41804453
8370109
22351541
66210203
68218879
25478943
93930454
65633495
4152681
51936675
61134205
86218568
36080478
5219394
16305221
38307581
38203065
49087112
80657147
94307711
42150167
84712378
44703154
3187157
39856661
6993733
39288206
87135919
77891931
98689518
93578038
44596892
15198649
41673607
56300195
604091
22519075
7802832
7716097
68075533
83806418
81000579
53273751
14354596
31589465
63346663
29967662
56380263
56941554
8405248
56787223
78401224
37893702
1098362
25877062
63038195
83540444
14415949
8779877
64169309
64158430
12088359
7890782
84647232
64374512
17705080
40032277
89749427
19819375
33673464
57378465
47164841
21711784
34500697
74257159
13739677
30528172
30510413
6141560
76396163
36234290
23219333
82423671
62202222
90201049
238314
96705482
48291691
56388156
79569431
83157675
57968537
32600066
48463339
23172754
48857325
70529112
61227694
58883726
98172964
61450438
79165187
70303126
77787287
96653876
64742882
4606817
47556489
28697987
38453611
18536987
42106770
47938722
93535493
21888483
14906668
50995244
308676
41783575
58240155
38641523
19628224
60232723
56789779
88924596
38295949
69781052
52470547
63441356
11397452
96282804
37222829
13498156
23554742
5461225
88296919
92011223
18142995
13409058
68844640
60340085
20265101
59377979
47538461
22255455
22787614
64693169
96314396
68619868
34145854
61984499
11388171
23742899
11493370
95802419
72029067
71707830
51874918
50922347
77552430
25391511
90606359
85093330
5256157
43370044
86091368
57790950
60892035
28838075
83758386
81333766
1867089
41895479
31037527
71879776
69763071
35146176
26903527
98360376
88509200
46227241
66639423
62566538
93928715
19391197
69314019
74303405
54717814
84464446
88546852
2623378
63772307
27174124
98994575
33676079
99311445
13050568
52628927
54042654
9405108
69686209
79090181
97548306
48812949
10597440
70426797
28381239
14319239
67836670
56281421
19897315
56542298
15950527
21065938
89391012
47586723
35636107
42296979
54296670
68130538
99642668
58666502
54655897
17078148
8152436
79371304
21504488
80279726
77994578
14139018
49554077
39105408
2586611
14290133
62058128
79339954
94564806
51697615
59959399
95846277
692648
41437691
25709598
88654621
96954098
24745244
14736057
64725688
3388720
65722218
57193456
9637722
32895481
35330488
91360393
1298438
56256426
42409667
53397004
27030801
2844036
80420405
42193506
55237056
71644982
72165525
43655352
29913606
21715690
83110993
92890918
63786443
36521120
31616744
66150441
47885955
91862519
25932371
73694730
13419586
78005011
83625915
69639623
75397972
86077850
66852426
22773788
68424328
98072546
20614404
28610634
46687304
25877827
64456052
98533720
16108342
42951728
51527048
66616370
15224015
72253430
71910481
93519308
91116857
38670514
6102978
45668954
50273269
14661463
43125916
87370369
77644167
21055802
67228210
50164241
19267921
73686976
12279779
42433709
32981154
71371556
58483438
76167386
33137262
98929340
21141588
83752906
16928136
97229062
98557132
72854947
28566203
96669166
4102337
23752532
23584680
64147557
91383204
77798794
43149284
37440735
80355923
67862805
88997173
9719010
64716277
85088803
4538768
84336724
1601443
73083983
15219267
16070977
73527502
92905452
22209941
43309733
60294113
43776333
49151779
60753004
27251898
82840042
26145405
84853385
31064216
50738365
25914934
10857085
44215960
31852277
32589578
5823422
52719935
93624152
50484094
22282007
69290405
26907207
31676358
61982280
91075277
35898125
51380756
55936005
36786491
49449724
38150212
51610375
38630349
56261051
86109354
76322189
61069660
80982348
39999593
38120899
46228413
62192449
46511349
6089118
21680751
84215813
4702398
77685591
76182985
65166370
99514757
55451276
30945089
14326295
42098412
26003200
42675282
12273334
39496760
19452741
43110823
7563789
62934520
4985544
16374234
58619868
16903011
55691604
19139624
96772828
91354208
2914788
19539464
37253238
47888380
62738124
16737879
96033799
28939371
85743617
7077933
20261922
39501378
589704
84331110
38914727
84554961
79853415
20024267
36062004
43838393
54833958
61209744
71197908
39543451
6494060
40278451
71336294
71570443
94533519
70135332
56486595
70137081
44248471
28502911
39591270
37890609
73311330
84708933
65370070
22088382
86982731
68797194
42428307
93428255
76438478
76667998
72815480
94407825
73512269
92735381
51271357
25868909
69921137
81812089
47773103
20004874
17321262
18584233
41165522
90468858
20120118
72197189
13590710
89563622
26551054
12281225
14336109
81141183
40062512
71996350
33882539
63351117
80075429
43471350
53362616
44745764
27045892
4195271
41959653
1200682
30867682
81698682
23756034
16876641
90629786
11032895
4516806
71610868
67850320
4833103
2876417
28417565
32868113
31497861
33997994
36944017
19741006
16217483
87311983
82635335
17253568
52560453
95582926
91446951
27660812
85203970
14463647
35037564
10863447
58115061
28999963
50015891
48423785
91916456
79837588
42319154
72041814
44899453
39901175
15447692
27482405
9097968
57255899
74154882
55522794
2963268
49843472
38175055
3624609
38648255
19944190
20455807
29918807
59484178
97964597
43135458
45489034
37462054
62404644
84420428
75710703
26265571
45979345
62546529
36697623
539905
63279508
41968555
46627490
35854014
91355098
70076206
51014999
10121743
95336133
45983115
94512735
82959430
52300873
89552774
3349938
32829412
47069973
36091469
42274428
75098466
68388995
5642257
71829810
73221566
36581713
80868715
55521610
23902805
47684143
18977349
52182816
7558175
44481318
36203693
46241420
11283460
85425742
92101148
3580423
83774991
75496330
46288416
19009569
19891996
72611496
52174337
42613694
3197655
15916304
79795775
9523973
69784395
46224008
41505814
92530622
55728526
20036155
37721289
89987118
50364179
39385238
14334950
22427858
9192496
96456359
30168230
88243837
86184669
13006376
26657079
42639317
85458771
86821743
92702677
96544797
82058806
33673836
92217657
52755162
61659065
63503838
84351024
18701904
40591970
10050862
50577103
32610859
75767728
30620490
22351344
52476726
17842132
12297566
28694162
1401662
43651557
69582798
79332864
24599115
58576232
95103294
4712352
42970462
45903022
69806829
46097674
13816424
71135210
7076352
90199011
12352793
40675626
46700811
10540246
68523850
2216811
38322268
53625287
26307903
25741848
34610920
25142775
69697808
44248319
18431005
11240205
92834020
24051692
22441856
20353282
37038589
65160643
73382751
44279230
10462570
91349801
19347075
64586495
74680767
34355509
65887941
63771221
10790269
81818058
20627767
63839892
11247361
38276260
88103578
97369105
72940611
69024372
51094270
77860943
33075937
23156567
6991133
42506937
38916295
31252562
14041523
83990819
10371612
64280713
90272226
23404685
11128400
26409750
95910045
12853855
77450146
36953896
2870964
79806569
91316169
61056697
2863747
90665818
26876315
22483305
22513990
58127631
16179699
9445576
82323479
37821783
37255788
77639602
14051435
96158367
98490788
50895854
97759312
45593637
41950435
30037060
5356892
32255896
91199282
25032712
79420656
14881338
39563270
6387260
88352396
19274142
44550538
7927377
45046473
99459469
39889544
80361431
86923946
75865627
14801688
45112588
48571241
88384937
30806968
84840063
92795582
50134201
74496576
26871346
41974084
92883384
27608115
73783079
23058022
46924674
53552598
67777329
99389494
87733071
28316177
1397181
34169291
26579746
46454406
19860846
21650487
71500416
27728198
10577203
60676879
28951008
34677661
68604635
29680491
9623826
91157752
9674163
42278289
40317217
40531339
63252703
73485352
19362667
19080398
36262243
50378306
69955333
13317420
76822813
91456
6409813
85014718
46930760
7761850
70101412
2667739
44924134
63031035
19708543
98774549
9844480
57229818
32805151
11952687
63186152
77810404
27059860
40968079
22325525
40890980
50583119
2592896
91072157
40096897
5410510
2510831
39446776
97154973
82617745
21627813
34700788
54063280
24022045
14177798
11628506
63166125
91080
59162085
55066023
20418648
35482108
15749997
1262648
26014548
16830831
30221593
98151676
78562464
74150545
90457034
13691710
70315377
57887012
27510316
3268087
32457108
19721407
80014745
91924087
47363229
2639052
33188813
50505828
34430909
31652008
39775763
62808126
22950214
5334604
16079934
43165773
70711975
44725558
62009150
85144560
6835871
91694731
8913754
43840037
59522189
93611625
60696195
19186608
28190588
8875570
72681501
27956184
47613694
95331460
47132345
40122226
42688933
12470093
76327
42258466
17537943
7504379
20693905
42086037
77276048
93889763
1613318
57011845
5068181
93782674
4701808
92852415
31373540
8237286
52825611
83840591
91788415
92820428
59293881
5938095
18569773
99418334
78794333
58534501
53139474
89755429
10428544
86419523
37160668
84352253
78904901
15967419
71670942
2893650
45928869
17316096
7158390
95302110
68336825
81506327
24145071
79067069
28118465
68027274
59895393
62660560
8585663
78688702
72102488
71096344
26900041
67431107
28437486
93718734
24052168
47298696
21148423
3312608
37947258
34965793
31458300
54855773
16339050
30654585
24369607
2019476
25183302
12911450
33868696
35994706
16837452
79923632
98943990
3041444
74310959
39236903
74212209
72296054
26602839
84702916
84165926
88889282
97741900
70415215
82134220
31248370
62191694
68405802
56685165
86512118
79073815
4801904
19104621
40948566
28318424
30480852
8678181
47124588
47956625
35769637
12366556
10648348
20678783
22822162
23347592
84470256
52235430
12855841
27022334
95002388
25221512
9091440
97526070
16151736
2205633
47130532
44453333
30283207
22950790
76719710
3913031
92836166
50747427
30795614
11049084
78982589
59996960
47257041
37387314
79554574
327236
5351135
21262698
37561875
86325892
74907787
93660768
96834434
51548487
71638051
83460761
85761606
30570833
94573720
69643659
95113646
46190434
25226977
19331294
65450720
9557258
5431834
53161217
7361835
43248116
16580169
66839070
19337354
76279783
59578171
76403790
31242743
7968692
20095700
8923319
16445585
894870
68702751
55365345
1626584
35719361
84215091
48716883
7520962
22507466
65490901
1668830
54689983
34889543
96487217
5970071
61667186
75689825
56369790
61490493
5892285
33020714
87532279
66226110
82501818
35981258
84013644
4483902
51959906
78223621
87696496
29215908
87654261
47208804
25995078
31641214
30741056
90522
64986701
64649338
75338943
35559622
2771165
85661314
22977090
43748629
18892145
20900255
91583569
16671453
34341460
93187129
42571146
7582336
55728482
14082697
21711469
59687928
36699812
62708351
46846006
1851902
31705231
98477693
54805787
69900196
11150920
64856999
72638885
60799018
87585278
35827970
60977536
47831926
68106457
77943128
4567465
88443229
41665199
30530767
36411846
62495030
48522649
25099903
93828591
93836573
43543320
83744212
46389594
84150931
18390531
5902003
12070007
51210077
91183909
52188111
45969689
60263130
83989539
74646733
11451982
57728140
13020652
23837166
92082823
83531785
52188532
11730959
56096010
89094225
55801807
67594755
14899587
95292684
50971393
51916279
49238979
77391146
54238272
24086497
4032671
18596852
41100491
98705998
97848576
811384
91684540
13994661
34232205
14744887
29292484
52713124
70767539
77225063
89515627
30912471
29271763
67747885
22197177
53804702
72338643
43146726
21829392
99494752
17536691
59747289
89173089
31683851
44394725
41550108
38035896
43899374
63089403
70142612
87149530
96609282
20115686
86997272
23861598
88635384
53086147
69177346
47685965
4842419
48538763
26386088
64678495
39605827
60246111
84183756
15948551
79811909
14840932
17165118
85814888
25216916
67844286
27212256
5196922
48369271
59458179
90465867
11812795
13761927
91614348
78915410
25263547
24097539
89301141
75570680
78986458
48656465
59184091
96487259
63793251
42743491
94429252
66205506
75863969
94171676
86828137
31941198
27155029
3809561
30836868
76317273
92262762
74405378
21820536
39086649
86198044
62724136
30428807
43855743
36466916
45268302
77024231
26028361
46472232
34651515
89944961
98755072
11835812
27449701
96383894
88241299
91978619
40180694
13554183
85576660
89535086
1710742
5964673
98634784
80943514
64669441
44910909
37505059
78724684
74689953
45745782
77369585
68165814
76869906
71439807
13830230
73076296
93025906
84722160
2472378
24546638
62091321
76634041
40041895
29079693
97499865
54133113
37830824
88584958
77077688
79429992
32334020
95643035
79317179
50798209
965836
74802506
17250857
70629015
3969073
57475626
90310909
62018098
82774531
46129153
79095540
226534
33296321
64592324
23841463
66500645
50275911
40282529
68564030
83804525
43765369
74352864
27832229
60063289
69472976
51762790
33690633
63944173
8477141
61736273
79803784
64563003
48227079
70500836
3288951
40920921
62589308
46166505
77628392
67589301
7296193
21209740
49490802
74829781
34880747
96359370
28544972
28183213
87784919
90509752
38953690
57522737
79752259
35631061
83821623
6545525
17319904
14426723
5244390
24669616
97633050
3102681
98988580
57036790
24754184
92828834
10371631
76277488
55566256
20416838
65710992
6207403
11050703
58660099
49221388
40129334
29824970
86586073
46658554
67222012
56762678
77122130
61315975
5157230
27051832
74344814
23805901
56528478
38557389
34208904
49413590
79350209
4010883
5880905
65157505
82706402
61164084
68711940
83681014
23919533
76593912
39808460
48080516
80255475
91701161
9256954
84641411
9628660
33094093
38456507
89726903
71446516
93505296
20454087
94423008
36726912
15568168
46488068
22524977
4714954
88302584
47371070
15515124
56785303
68082760
76709576
81154565
49657284
88081588
8167668
16665516
86278574
51168712
69079077
14010532
80059584
52862214
34627975
98718981
19669560
47675478
36918242
63647291
52457325
37472605
76367732
21483814
87167509
17469454
66553002
98231832
60689293
24000227
45939395
36834804
38431145
44713534
38975006
86358404
58089050
61908974
72074386
77694282
57377624
24982978
90167787
64377320
24842443
73132350
65093721
67321682
55238733
20474821
48504436
43029229
45968708
67185474
8514671
54757826
61480896
32253700
87259875
65602342
20438223
45627583
15695575
35701164
57888635
33226214
69958611
99905790
4580984
6034618
2794814
72544366
30111719
63533761
9208868
42216849
28430495
9305337
52472121
13318829
99892973
3703651
53456187
71546198
92479530
46599273
79884940
49183503
24583178
36580171
90033477
87802439
95286337
42718622
35040654
67113158
11071858
24599035
94214669
39459657
93982325
43889381
16289974
80882936
74871067
87310321
97316015
495389
21312130
59088406
64672068
94872487
57790694
13848059
43177471
85615513
38727717
60533847
36411935
90286244
79949742
72311725
61268767
28090480
43049360
83058693
5716290
71370188
815173
81542376
5470931
52205639
39052305
88019261
63353084
44173427
59528008
48087253
5561800
34734938
52489551
78771263
66438341
63860812
47015478
37613443
23443362
40432247
50714786
82580971
73904196
70403738
70643670
70357912
69016529
99436256
50386249
94152661
65386635
24043801
63669519
27277823
50320273
76850649
27860525
76758537
14186566
24019493
65759166
47676620
82629724
8667589
94000747
16613602
74509183
59113958
59703838
35965547
35740555
12627392
92748935
43040453
72587620
58868738
74561065
49198099
42910122
91502185
11510244
46319849
41828019
68140287
74202292
22338635
36630806
40392026
94488494
29122628
16311190
50274508
57393318
94205490
55922426
65590886
35343676
7261654
11638005
47677673
70299569
18744009
14820763
32367437
67784587
18565358
95742956
69333155
63696764
22838691
10809618
3833985
30943882
31769232
81768451
58390446
60284879
95085951
1902090
6787592
41561730
37707827
75565062
93400415
2718695
78762999
15746022
60020694
22432812
75634066
7560583
66351292
80347260
92625667
40026700
18451711
71224436
19369442
10889974
49591491
30847512
85717619
54569009
20550968
90262870
93447498
15169581
17157894
29329480
37672908
90606281
33570667
80869598
38912415
91644485
38419594
42734125
76334985
17351954
12778489
55944734
79603764
21010173
93797499
92834202
72550770
29603330
37299762
50172175
31785706
42986321
97020469
92869536
48533083
92517024
35522868
36047926
41490179
57932765
10900291
32751781
4670036
2181732
63852985
97231750
29681467
93803730
93405188
72985317
80549273
82736972
64004032
42786075
26277925
59711264
89918673
93958086
47448193
81276658
73045234
64520940
75847692
85084487
35717336
16120201
40409129
45247715
37463968
83486650
39854031
4968017
87159943
6472342
81205222
85376114
13891516
14378147
46512962
10440958
68263595
32738682
4192049
46722482
99982368
73634131
94304745
28200925
12885664
15454274
20343706
69447974
70160880
15377727
18471196
98563074
50763840
83130655
50002800
19865695
21995702
46254579
17247695
63398289
45520362
40504962
64641801
43294693
824092
82011366
89812668
66473453
87089818
90855912
41843912
25124068
59394828
79479857
71872695
69219672
2680751
70704457
54291303
7948919
24690994
74224189
978488
97427708
63136633
37744894
77148684
25356819
35193543
78753321
30668388
74860174
38299625
7272771
75686367
19282025
16670325
30780347
39519700
30123496
75399993
40420074
84227250
16092188
60434158
30435096
37285425
44472733
50132244
48783911
83187026
79746927
64274761
91562971
71690967
54633222
67522414
7394778
5341915
58721527
82401071
96996049
84875704
14473291
38713187
30209694
33230353
44371364
86618317
34174944
18160276
52251253
52601519
95573906
46908656
56151748
43992162
3566380
58751356
58591315
39380524
31800475
64761198
13404275
47109334
63922530
52486715
49459469
51110359
81833759
15951759
83931585
63321300
94186664
24951323
55119011
25841722
38632822
6820836
67401001
55823265
30229294
65213357
62641799
51975898
6520980
42282196
60553115
85190775
80444306
83475383
39069146
39858139
60216355
72590492
10616153
98249076
57817285
92965351
41937119
23646820
33687651
68707396
70144142
93465273
98062091
62531950
25116113
94113986
29139341
61866850
56918394
27410413
21900373
73462150
92240671
74958401
93697775
37593982
1695797
42996152
27421096
68474668
37360062
48677088
33854105
3952592
78251455
70112014
37049461
83470541
21790339
63330555
51486238
86607487
49350133
63580266
71126678
50434658
1707068
23357584
58099921
44717376
43488223
20920431
32289820
85133629
26092475
21769046
32582859
46534610
33646619
80665242
83334751
60811469
60138146
97861597
58030003
95609212
89561311
43228529
45516601
32594992
64959839
65971285
77417937
61456633
28469953
81606648
96312727
98652797
29154445
92678836
23893750
67110058
61782703
49284251
65657162
76404279
72855927
95987904
72227086
77539215
94830707
63319388
18324272
86324363
29006450
55850619
91051052
76563022
71947995
99764416
87802841
29847348
95078973
57749220
99352276
56353319
80264544
72277011
21232573
80348855
4402713
30836587
35866936
76393353
75589263
25089555
12619373
58551829
45251780
849090
85697317
50825088
43700701
42568653
33730361
75831450
18866120
75656775
15308634
34866575
74429980
1650427
43916870
30683189
66641602
70587177
29976986
86356486
62317657
26403199
53918982
69980489
57948539
61522218
77819381
19334820
14669312
93887184
4792726
68419673
40434355
37505325
52931950
31509273
42860880
30420582
87996577
26102101
1260812
29064301
54145477
40388134
71436152
37971638
92866708
54399269
20915555
88697161
36312757
68393367
94402948
42072146
5952914
28655131
17416327
57159042
87840561
75647383
79358349
81078886
67030238
48250702
91369690
93152987
8362946
2409475
68441192
81234103
32400123
90897279
16966398
92927621
41638211
31710132
90415794
52256747
14785241
184745
67148795
53045296
7900699
75424753
42523424
58615519
42680374
4523548
36291205
95176796
4803551
64294874
31804767
39798669
11532725
92333562
61222926
13609204
79349782
60957362
15640683
35794363
11758701
22594857
7222241
1454713
37502387
72467114
37652962
3010296
5258413
47060102
82902187
1699396
1076074
94453541
18844217
68963834
42222660
68154829
30143587
22131072
21446762
42211975
90754197
14563114
92889399
57104991
16437521
32044459
91957265
15465939
52441176
3521770
81016464
80419666
55259021
3687144
22885656
65378147
74085819
40509937
4882622
97247035
25340464
23035258
75803088
78157293
64151087
12620353
8174272
90163193
62932110
30913153
62060771
61400814
22316130
55374281
25494501
41933893
57104091
72539086
65172411
21739143
46496244
8094937
82973836
72806196
48421273
29607594
66633487
11039988
36585653
92035312
34932041
97913781
63288702
27560261
98806143
54417203
57108670
55294980
61709178
37556322
74044971
23069117
58051496
96383771
76530018
41193211
69715513
19418490
81009188
78400793
10892256
25280846
22949293
46641834
51767670
50039834
37624627
17704626
8940540
73824170
6972230
2230117
88339044
75647648
69099262
48513456
97210219
22264830
68892418
48795459
1160045
66775097
60170412
88113191
1349179
33354814
73568389
5634380
46993699
76608746
31484371
87058073
47728640
58729311
60781121
86747344
62379789
13965144
52324985
91191385
2621051
3214269
66764242
8612506
93108795
67904778
75274875
50695640
97227002
2895913
60760863
51117893
70209492
23016701
40407859
69876977
9224252
82078777
39420575
83344882
98169018
36182707
79950548
82000896
55058292
50769991
61319315
2272995
29179700
28592064
68680721
42840340
35390640
69759239
89657740
3084955
35524204
94134471
47178341
19247933
79192671
18880385
21760604
18037541
58792568
27649640
48307114
81060340
94417240
38723165
57354268
29556350
85811954
27517330
29553972
8280675
71140769
47492370
43467965
76402167
3438926
46810962
68314085
43074679
61549487
51604721
1779784
66541349
2633086
28264951
4871863
54624358
17601647
77898127
58806022
69834141
26241719
72141884
38273324
44086083
70618584
87057481
3071541
7079078
42084725
33206955
65158182
747993
57263035
56367897
66093526
26704122
626722
24857838
93753123
14910356
34180118
31295588
94969843
88287598
27589005
36051440
30936986
5042581
1479668
34781794
82456041
79772023
85822492
63299841
97720272
23462323
67173416
75162924
3590350
22388989
70055101
98344631
18794382
2715832
94592372
81057902
57856922
59268553
25400306
68560279
49599714
4429169
24582195
13264490
3276900
13026840
972644
45306330
72894977
5046015
83284062
40951232
28409184
92157882
45630604
44151656
73264452
79134586
45031878
68199790
67834197
53127915
97309892
96694318
122397
12584931
23697325
18534505
89089798
2445656
45185948
8063664
73650452
22377045
46857319
36364977
43622584
13018161
76913056
36986837
58653887
29788233
57705314
34357211
46533165
27422072
72737184
67593504
4331450
26572535
23733121
90050383
9471853
80612486
29175492
12638253
74267454
19904141
47117551
25807064
91412779
96273289
60071319
91313530
16959172
87054870
34439696
79925975
71414245
40699262
91493761
9962619
57224307
62945082
26804601
88726466
83008976
25304578
46863278
13832499
65037138
90499462
33653348
96153403
64243997
53166739
87348535
49715415
82389139
75263776
95076368
74427803
39834425
4847633
43835405
5057441
88661952
29462504
49112686
61927500
90602470
99416669
48730643
40013797
17759083
25596555
67965600
75839237
68139734
27243411
82532275
34848345
6750442
62978623
78465274
51195144
49708138
91675466
2578230
22197493
84594788
6342236
75918095
30113077
32156887
87958118
52892599
7435086
8456679
42315359
89053129
10884306
60229794
50949487
24497621
64735716
10270840
68672889
96184525
15951649
67161660
85911361
65481115
78594818
46699075
17584996
5788243
89247135
54024990
92307725
63430193
56236054
75314281
54563026
52953020
84096499
78229917
90755884
69511048
58679957
87347492
23052059
8422153
92419260
66364785
88743208
34673577
93437201
93236172
28438214
2455865
7772542
22916068
11595593
17668585
43900603
13693469
38817300
97054779
84517817
27466587
27481979
8441060
60828825
72726654
12508940
1142356
41638243
89514542
55625931
55016717
60742076
1538155
14531387
89366268
5561088
35689482
57876853
37380263
24251810
61008040
34094584
25386027
42915348
10788478
45707524
31135576
30019341
79420941
78774189
1840145
30024795
372709
79545572
45495522
14990098
51559693
68139841
92622303
25302116
5458344
25353170
19575376
25444935
46660645
41859179
1556844
43274400
29752052
24114718
25257801
34569138
77685415
56587013
1881510
59065600
8599086
16174560
93203406
8337618
85998268
96662605
29837641
40108249
67272111
84077061
7165326
60033660
51830406
89706116
86430738
92840386
41234636
25272439
72547571
87178895
94186961
18021520
38876481
53592398
93840834
74268201
26644175
98524145
82826271
78859019
59028312
81620566
68687819
75866046
39568225
3605588
34225660
24311895
38148987
84220859
55629560
60152790
47596791
45270340
7110148
53138669
85436393
42384142
35389876
91328274
19437762
40285485
63906537
56191610
88571730
38226592
54085706
50034404
74608454
24994478
12364539
62178250
37697735
91734214
36958498
2980022
82228511
52204305
89746189
95068390
78002680
36685913
20120420
60894754
93909258
28792723
40672044
60594319
11288495
31965245
5743736
60540645
41274011
40819531
1057387
41963522
50963894
2551191
6612851
62767641
29849783
52565945
80167365
79719883
44773661
25183396
6726038
99510016
39974744
18093252
39430996
342679
61084536
280298
51786520
90913784
73357399
47792665
53943999
21118299
24391302
15973628
94793048
90108447
22243255
82227126
440345
72493771
33501402
26663925
85828661
91579341
42163623
93498064
70715971
96214387
50673115
51067830
34807809
27088007
6198306
33068992
23873183
13527143
32200652
95784121
99359843
6283240
8023282
1749267
26829503
17132364
99310819
25505647
7794543
58177165
36507872
10593184
23904185
82354078
98945904
52184732
43996854
17166451
13807358
59189419
62409073
21835403
62311965
56938703
72972608
48498086
24058334
7653745
74990611
11962719
89764348
46661289
24356410
75731063
91161792
51925124
27805279
1385190
36933861
57717692
48943788
6053408
6275535
3506374
68390655
69307558
30948866
69066669
39978973
71589594
51280023
30231091
16523221
80398765
19562305
53918470
43274460
95399177
81834242
79411376
22842155
35073961
46686392
76335251
38710280
49117099
81590209
51801034
99422518
33894988
42060156
76752611
60613381
64558354
98916953
28909781
25433411
69062124
30215081
27178618
79219368
22863101
15341328
46690377
99936453
15673184
97759824
69838739
80493822
54506119
80483550
6247410
11570639
56244309
29035472
23659483
74357647
45608329
28008673
46736823
34190766
56485269
65743426
914144
68005499
90171360
11909699
897319
29857527
15202154
15912580
14647410
65991410
73721907
65862861
70428331
4901262
51399279
51578465
377862
92786741
2461925
21762443
17123761
27263159
309623
96819276
55072803
69561719
12424624
52582557
29727301
79154272
72190151
21360295
64408700
22054909
9461229
45800957
93621071
95493455
46215686
99456442
47675114
9884776
1295254
46719496
45473841
78712446
43590541
67531310
84859229
90365704
18961910
85227012
42682718
56257846
9805101
7923062
28386800
27928290
77621881
61505792
1462017
45330716
30542495
45042216
59074153
10834102
78810969
45758843
48371418
3536454
83273055
14706801
40433291
75162751
1893140
99320983
60512748
82311131
3481396
76776105
47261552
31892762
8170971
72905038
90423664
63583331
65521763
47624153
33847922
74680349
59317606
31981607
23925631
44763404
31089772
53222794
16216441
80174037
43888614
88780729
90741971
28556773
83990826
35989737
87808198
87823582
42091904
84131537
82713831
46634665
38335597
31936805
7075831
49709533
5782992
32183482
93561032
6518267
52113168
70345907
5893606
36904075
76183046
62731400
4637358
97949317
97211047
61439103
43671912
84532003
11453338
43477155
89320046
33050574
8636906
82422977
5262616
29661761
50587694
62992147
89328345
84011648
95810184
94589502
5486107
16075899
88878875
34017938
209565
4002781
71071335
46901040
30171446
89673285
71546810
49222029
31332328
83439528
13817159
98475890
11746434
68678638
66407197
78885180
97184343
9307307
75185101
7919999
67030809
54476191
75090041
25738352
95424268
88476796
92820357
44259351
30618518
14243650
51974111
31107920
27166492
46155147
21593243
43685057
46083104
15924777
60999614
19061542
39846889
11489894
77798617
69907899
96562660
43291465
92592528
11881315
66049823
7757586
35833818
34542552
430558
27946280
3331774
93392458
92477787
1215271
43870566
90880415
69836475
59559700
74781542
94075106
70046876
75584297
85149963
3814838
49071971
21574571
6227192
97758187
5594541
21768515
99559903
23880472
84059215
86399833
2382188
7611610
39746916
75764788
81792376
46835794
94725034
7513458
22162865
38219915
85339277
16542960
12879854
39163910
99358299
81673707
50279939
91975032
76654724
56389226
50794130
62370152
98504215
97203517
41799713
34614366
41501850
52892001
87397304
60649321
52426259
30323970
6056274
47749215
16492256
84891165
28639589
78335168
73853057
65141329
77840836
47045967
67750525
95309835
52559266
90932769
16492294
11523621
64302408
85316203
50490395
42364772
95389688
61316561
50438915
10024529
16941543
83393982
63345617
25339588
85416487
46736157
70551724
74742395
85620029
56885488
2512804
36071777
40865923
71494011
77143656
28246906
87699020
32773264
30762196
11928800
87316990
37275485
22574980
39971453
59049445
2735568
15211959
88419002
27083893
30362907
16375382
2749386
11716858
35196171
52512918
58703560
8022082
80974761
94810102
51338828
18757319
68723712
56697342
73261952
62608613
17764951
4043615
50644542
37493946
21132110
44403517
8841862
8987449
53176960
21643975
38479346
42343919
42892321
48663461
98273189
53717895
64506499
6820925
83199691
66111810
75023081
92347930
90112862
68874114
53134049
92379869
60900518
19333364
62815036
18292419
18061042
1192978
62935642
70406633
51510474
68498249
46842512
6064501
75400013
85350872
19681
8846013
3654609
98738320
83231660
85889356
17322967
52040505
57300087
56407294
29232341
6210023
63549190
95861641
26970868
77361032
71125481
43917732
3727225
23356879
11930467
45546243
98231069
16627755
73576968
68410023
55932717
43492753
19443401
93634595
44085154
18614872
74614529
20088486
18181049
26925905
71415363
69386859
97723208
61785927
75848202
70667290
19046742
92263294
70848197
40779861
8368842
19685375
51324290
11992392
17214573
85698461
32715287
29753937
11302032
93394710
86536974
69833213
33863476
96713936
62821908
64063806
42314698
76107806
8155968
80375412
5121789
8998973
78379773
53303637
24234768
16035264
54727816
26310695
80040157
81401767
76865552
35670659
72989023
63556492
92326632
88869489
17195931
5210149
75366768
50343946
272742
45111209
48585005
65059141
55225096
94392020
84246147
82031071
33599123
17323964
30388787
68220873
27839520
93822761
14850382
82917800
56913265
69645169
12926712
77740154
94191586
23585684
52113149
43290200
85961360
29041543
20043527
67629555
94149342
1736242
54720612
81611084
5665139
96326664
28935008
96423913
48577618
41515921
27775640
81254800
93815632
51871995
30227904
94039026
53094988
82695190
36156899
12881907
21759884
36412272
29531620
96510929
56005414
81988455
4072375
61714269
66808158
30557863
25482790
25931117
95064938
56888557
46073199
90876753
12734215
33384945
20518995
31120746
45501146
35408560
16992358
2519054
71130085
29158762
40801750
56773969
90078103
32208381
85818845
7224076
2572941
17734863
33845004
46597716
91086224
53442699
25933180
62706934
97056232
75043113
24077967
17192597
99899937
83077187
25355028
73340911
61677456
15478708
43913934
43877042
61165125
94440122
48858443
33620203
54408022
30032415
22742360
16838136
45193323
69620354
72924386
82352776
26349632
9823154
66185588
33305048
91991345
36596083
79141548
28050761
37725495
92280715
6932783
75732640
8793091
77847083
10813235
20174798
43375193
40581464
20420452
5244728
48113016
2732461
26530505
88954644
25577910
34767442
91135236
40659000
66021684
72932166
42654914
81037869
20791540
63772462
57450294
63312542
89274221
25757121
36679048
25787500
63949494
90534086
17711682
9659085
62213277
67001966
56375915
96240220
4759777
72423199
68719507
28000681
654998
34014189
18955817
30181537
47980810
72810565
77069248
34173597
24113200
16827716
44357331
81588593
69009881
42522290
90132760
28827234
81445295
67396091
11454160
31123774
24596044
37870812
68904377
41857028
82535572
24685525
95055880
31014353
71692986
131721
86557262
68939063
99091235
42904075
48847788
17618344
77457777
19582802
49152828
74342338
88586679
1710711
59005728
50606224
18757279
43389471
73467135
44334796
18251897
11466767
79992805
58531056
52516118
93234679
53151850
48069482
61771320
16907975
77862253
94940136
38768520
10621929
55539339
89264057
90095721
33128542
99466995
99450196
82515923
21931532
87839220
65801921
76578458
20413812
46171882
14466231
87890387
84378218
90067142
54891532
269389
22317234
60618673
66423900
72075504
31211455
56164652
99040402
22421656
48976584
18859460
31514819
70973019
72745933
71544956
84974122
53287182
97599002
64327911
75774183
3730954
9042073
60340059
81961526
88019366
72205600
39490338
97381483
41585535
85881365
38810844
40950352
72904043
67007984
35636471
88295119
91224746
79580553
15489650
35399514
17836024
15174462
28504271
56276562
69130902
94419600
89824371
3383483
9705009
15012337
25321644
3899925
56657419
67161890
63711444
50217686
94140786
20556890
46362465
63445422
34559041
45786275
47912161
67783033
85792575
9188342
73727549
92512131
31285358
27851475
11919808
51514425
32444856
58854716
11828664
77724344
40648938
19743179
35362343
96990023
73362403
57999035
61768026
61271727
57679371
6637269
76274989
96505897
27773880
23267201
71133908
62498551
14954588
98304284
57736126
42627355
55675404
5261183
82461583
81209623
9491129
13720710
81125343
74907932
5573289
19587814
34069763
14417761
71762791
26771019
17701951
23940809
10243577
91009233
96303119
26070544
76615563
64906656
28675558
52451881
64960834
54892377
88372772
99698098
69215090
3537568
13329053
37818675
97276599
65630134
94314222
16433397
20194947
94959030
46643346
58953096
362106
34727137
85004405
95445879
88775451
51648608
73426511
80703758
18970608
58902233
20071207
3155558
36728555
87088702
57221315
98868079
34889013
11550717
93138047
44426731
46761257
38645325
90606741
27678600
66186640
16602586
41547871
54391419
80675024
32390186
27505354
42511123
23748596
64425646
82207064
87285008
26951703
24895878
21948190
63331206
22300882
21962161
19618898
58785425
8752157
52461958
43442495
29069136
45337599
93339112
10554545
25691511
37240484
65046797
66623556
49592400
57117358
52019609
29623099
17499140
54496106
48294301
38299637
7832583
39158336
89838762
28929395
80468682
61379230
63314043
24030000
99953842
74249906
67826247
82206989
95005556
13465545
34968505
39145640
72244236
27395261
36142060
29595043
96003466
58987974
33176951
36808361
62987172
5994678
27585809
78627457
87255465
70243123
89285364
75006169
68953785
95537444
95843951
95984974
96452410
45029630
83702748
18547883
64508381
42316563
59223755
65695442
23830321
1872518
78437895
11882463
33489012
60771557
77663211
33778558
9192813
72061706
36802049
73327263
43817716
89564308
85910498
87852559
44578925
82237674
87596498
26789442
70494731
89781325
41680858
57229297
34680561
53394531
2393837
86329991
65516030
62850950
17172895
35617457
52493716
66650799
93614037
1614597
8731035
68116730
87859469
26415543
80010637
9794821
84513149
55212082
91228176
9039686
24931542
37502305
28249350
38747592
73067810
8169361
44034853
54579799
51551882
55936400
88600209
48406279
36647183
44095510
4193981
83522817
51257282
82961256
67574076
76182095
15230897
42177995
56367240
4933900
10469302
43904954
4347760
45322623
54224968
17083149
14860998
91593562
35341560
12448464
13941045
58259123
3364927
7642540
62383219
45940647
46680767
34158630
62719933
26619650
27896155
30766558
94688741
11601516
74472307
20131298
90906854
70992954
8445127
11244289
53605724
18250632
302872
14275600
31831581
24894462
92045765
78969818
20037290
94880891
36811859
7668270
51532637
88905981
25134715
89960806
575315
80495499
136434
64712241
45088450
39229792
46321222
73192833
10401576
91147060
14362802
13168078
75641172
72413114
23538521
61797573
35685354
28641231
59642443
43986396
91510245
22981866
30015649
54515219
39229589
97221725
77779100
72471150
1315376
81987537
69623721
57355359
6645892
82142913
10484944
97293161
26608465
90313083
2240380
71634480
34580258
76445054
68404047
3431039
48708404
95139327
18759367
56489599
21092771
84102306
13425592
88268553
15214058
85417727
30386199
54150899
27690473
69169948
50934299
76283114
37314544
79602651
99258780
87100430
89184997
89622661
60885265
39159246
62301894
41353237
31966521
46851329
73780761
44405414
2145631
98435198
83987883
13791940
48847385
70674080
72938153
83644540
74727589
17884898
60834598
77535226
70351997
83707157
86551933
83856470
52731001
28254289
77691981
82838612
87617653
69769012
60298372
20773924
59062710
25107077
45472526
46627887
25133101
58169563
37410731
18974902
46188064
3162234
21148956
93598117
42267780
12575416
83207356
16232718
7026536
79397002
1697268
25303157
6243852
37605763
38122618
9679427
19855047
90794901
16131559
98358783
55060499
66734925
17861907
63309568
88847712
74481660
80820850
59758205
87081063
34242540
26415478
46576287
6733138
7028249
44036902
863922
50794214
1241403
45784150
39011104
6219351
84483535
49800030
39609530
29421415
3511501
12335041
92212050
12134000
37692592
65550846
19124262
50251957
25472260
15323073
38888398
63360352
590809
9417649
68791449
5752091
75090077
51861054
23762332
15735203
10755925
6148831
5870859
93870088
77274123
17299608
60429463
13659580
62393498
68027743
93238086
39843544
26439007
45697373
36410096
65479803
28444621
78407734
18023435
8221259
87394805
57807210
75055499
97067822
73455658
29632980
51198725
85499860
32010331
75747003
34077942
67167908
61254853
45998650
63755734
6632083
19729453
34623931
17760124
45944611
10093111
13964042
32500115
32194341
14862980
43274767
11174535
62047430
28662469
14745268
4903295
68626366
49950278
21791124
33615648
81535234
70754907
40636934
27181844
45194339
54454290
25649821
12638098
5062837
7788761
74472126
10567256
45510381
75805021
80196294
49658200
27405566
94824289
95303346
9493847
13495977
94026873
56190972
2460317
36392362
99273628
41896525
58519526
67487481
72862444
32137960
6992805
68945932
30388669
37371845
19454703
54778295
15083295
22225804
9601834
68626899
13282671
66443991
77413588
56690816
95771925
57049758
18016301
74174730
38403372
4247627
21628502
39383061
42991278
49355135
83500770
72941547
13054218
45151547
75318417
72721525
98274257
25333050
63457859
35770581
11758604
21492183
99925238
47457017
2513482
2187205
72157661
33658996
71088645
77759711
76603600
81839919
72358966
37222061
87386303
15308711
3989143
38128336
2827330
98655045
12891562
34471171
69056239
79731003
95003203
1262906
9306566
60847161
89047132
72585027
65384464
56769339
18097771
91206435
34423851
79114046
29448822
57031414
78177901
62052888
61757236
2040418
21434063
36364369
19353396
83283758
61185496
63569212
15787084
81331790
57266604
62482548
38083436
70004540
2504794
47825714
47670280
93995564
23156068
6887271
59520993
3919704
65282960
15693996
71887153
90243147
84817274
49356544
10243192
68991703
5602711
97002697
17876089
19237858
56844523
78286779
37265670
31407629
92283176
80813665
39516340
45001460
62354695
58812132
29166377
98515461
52320511
19947765
87446668
13663339
63490791
17297653
48878753
69105172
26522650
14721943
40627251
54096503
57359061
81976335
72445558
90611646
91455816
42371090
4461825
5064166
18476017
92794030
91566432
91861731
4422024
52031616
97699402
15298945
58476174
575548
61872313
25808929
2688675
18812396
53604883
57524688
2945158
78832499
40857900
15102418
95352209
80905067
23633471
57602273
76032100
22612547
99653213
81738299
91769286
14905430
63211460
54366632
96987900
60241977
37376595
34883691
37561072
66724836
30354231
28386339
32935742
81999401
12529625
26239259
14969012
6758217
23389289
6539191
99408194
30881231
54847626
38733963
44756957
22136298
51776297
7283407
49083590
68459657
12229844
37484492
90225225
34485321
15616578
51314088
58113529
33779262
14114310
23103516
26145216
90659916
54385674
68379843
96916075
7657138
9622527
79351413
26288392
41989914
14174430
40777716
24750510
51095146
10040110
21746339
48240821
20727824
54688221
5811027
23810534
35601605
73105821
13543832
27284410
34592481
48888656
80394755
12218833
7304298
26885747
48999660
17805541
43191652
172945
49964078
64628618
53047860
99571465
4196923
29299631
49122652
28947313
26308398
25664078
10192180
95111425
1355734
79390082
38185436
15463318
36348147
9831050
7055561
81288169
90684403
70865317
75125098
59718455
51722556
13881648
59265666
28409069
12977901
13987244
59574369
14028385
65263043
40477571
9103675
34341850
83330844
1939457
35151255
78131541
75127500
41500676
32029216
99106383
70867877
38183656
6329468
7188394
45405961
55405646
51442286
79369574
4959438
6672242
20105066
85171803
93075383
47485973
50410502
68811954
404948
85102497
57496064
45586708
24677846
11913713
31063200
16791722
62188471
17378249
14256805
42864826
52955053
99590841
23124645
86563496
23576551
53552737
84851149
55853489
55747873
85658392
36665418
73195762
54411967
26051611
63421924
96849447
80843087
29791920
74745945
4325676
13714617
87782586
64261168
24410299
66543803
48566193
10972656
55829600
57817701
91084525
59257799
50776982
87418140
32911054
84748605
3987915
24232695
98316710
28671587
53127628
22285635
97659236
65755509
82202960
22322164
14019877
38232683
73821035
95576762
55838160
84365922
40005678
24205877
28652110
90195236
71782559
85906102
31618347
63060930
96942529
33679374
89143280
80236711
62159783
713645
74268860
11531328
76403014
50513503
67184907
42044838
52123704
80207997
15632875
83263361
93087429
7276173
32135096
65191320
74219166
9414285
1417328
59543256
27311859
90597076
99397974
46297520
56351350
61226593
74086333
38490958
3314985
89690696
75363373
52487428
27893408
94954827
94971570
47811968
69249008
17489339
29516274
50260536
90807350
50840784
71537686
43805398
32101223
60482169
18717147
87354098
61674762
12796508
12643944
77638197
84150412
30205858
95710939
34397670
29843639
37307920
14539836
40578320
54580292
24188580
80913591
66515199
25945008
64938078
31451391
84155317
83076514
55798660
8807717
30147077
94085838
38868070
17498618
89325553
56668784
55783238
85690060
92565430
99440175
51389359
29257585
43838891
52501639
60556048
5234221
79981174
66664013
86559130
65772550
38672045
44222039
31120581
76602661
19937949
35838266
82472513
68345892
16515188
14560953
4958541
58272662
49367209
61278245
75148802
97552678
47845590
26942515
32582102
64279067
14454973
23932239
62023363
22772112
47619091
39404619
47225983
90455048
10109927
54248521
40511705
32094364
871405
44785579
59980624
18505079
21807211
67766013
65520341
93899773
12502248
4434257
87924052
20066340
62884212
90222190
28984906
65530816
2446501
75802374
25451497
34021112
20314922
34323379
58856450
34516856
60168362
61307252
50601294
78640280
75324546
11964750
29186080
85699393
45410985
80937741
22154210
94631235
25619307
97907720
62650258
21931151
61665781
80957667
8072816
42575317
26936936
38542095
4195629
59164845
95734296
91035616
46738049
56184213
2830880
90870891
28320498
97078287
65946809
94720447
21415096
27631714
94091130
62685946
60570005
10340720
43601257
40476335
7139025
68335467
97722961
91933047
86136721
6571354
98328466
94097244
44822804
96419240
97814523
38041990
24840378
70069147
62322512
562265
24234461
58401079
51323127
74734786
18487378
64624604
13046528
61841110
50606165
17020387
94810512
88667952
69811708
28585356
64974358
78549216
53153571
7396101
61167247
85096674
46912134
73275962
1862077
81847453
59213868
62313678
2900374
57746401
39738205
71370027
13147283
60620638
4191940
59208468
67373037
61150054
64521477
30590764
37864005
64451546
76511355
30445175
26897044
35536866
97518458
42916603
21098084
4191582
23525266
11820750
52699153
38949851
10406486
30800233
94030203
35125936
59345985
55503131
40967223
24207714
57440473
35517678
24097249
33162681
20892957
36920954
97577754
11394564
72826766
1737731
39014351
45794898
29911891
52589583
26427494
90645366
81915117
10411167
24822794
97895930
88281599
89029837
46267279
3436381
41120558
27635179
67877741
34520753
237398
68367204
33097440
63195211
69374360
9728296
72518214
99612935
9619838
10098813
88479334
60581270
2929380
9077676
77918809
18713720
29638171
16526817
56149271
78615361
75229276
36393645
7929185
27766521
27125650
98030345
64138307
4810869
36414483
26843070
19606937
8061812
19121711
17746876
528940
59584796
80023457
95752838
23162814
95536384
19509139
22542125
87348028
9146576
80767435
10125336
63386486
2959742
53000063
89531329
42820106
4913828
97387666
52443199
85682071
258642
17874454
14346946
41733968
30189286
63886961
17832354
4772857
25252496
92432241
1189011
58014370
84438047
33738091
39043248
58017887
82062331
28972966
15013837
4955835
63791041
49407699
72172727
75457008
96697074
8782249
15390902
31309258
92139262
72480776
4040630
30073974
94996891
46938303
75911244
67041496
77304172
19898548
95883280
37067350
74672517
69313569
72871203
23028480
64378806
44400385
42471313
45368389
52967248
64577689
12928516
23761654
72202274
76541334
18720035
41453869
73569212
67166365
10434354
66499408
66772338
99344342
92006652
32270436
55947718
22145661
47874911
43578757
86895704
77086862
52299809
32925327
69765251
8008280
38293213
90893745
15663537
66792400
46751591
12005282
83607992
68325314
90969205
12844183
13515503
99419862
37291627
58153904
36153753
54254287
28756985
41954555
72970835
23981185
10425119
12723477
88068582
48545232
45472171
10275882
90313965
55700386
52568207
94380820
57694414
94039974
59321717
12058222
65317913
71928489
42140139
2467631
81820625
20970632
6642332
77630543
76008988
28994598
53107793
44276956
44452702
14393800
43064791
1532093
66037353
77111748
76457871
47948180
67178453
74992564
45424463
50138992
83990494
18785160
70977625
24534584
66434182
93786212
26113729
26526837
76313894
92114381
51583257
88800827
76135616
7889318
26216392
84286333
97270155
95454345
4544766
1849065
9830502
17613226
29727049
70135249
86955810
77220910
53251568
2976533
74257728
61285941
29878344
23151576
62530578
41843048
3387656
29776461
21758108
55782117
35684630
67670067
41987075
13021027
46278798
49155660
51236618
33542974
60797030
38061557
98966578
25749172
37770900
23156299
94323983
47348464
2747193
83861320
94128186
22367411
52613206
53122765
48869564
58081991
59800689
67878357
23735541
50889212
26310033
98345651
7295772
12616572
2948942
35982555
30306489
77865300
41197745
5337023
22035567
1985258
81568677
1973296
70429327
61363848
14850198
58450915
14128209
99222685
73134584
16989583
43809005
72941211
72986674
49940789
22694390
27386546
75630708
34572217
68882382
70678223
11625341
14627024
72534610
54946272
12841625
67134211
50937044
41935263
1112935
84796822
67287235
6266744
57175179
47752469
1816722
17685457
2773332
87100051
58708220
54916571
40247077
45108288
63536805
57050719
71027676
77427063
14402808
80210572
34458707
76177715
15192721
54964165
99291440
10291916
60718829
56271434
25983369
2891160
77532491
5639568
49798174
52891132
72110434
80231059
69885252
51765844
62431923
13004453
85608772
6157211
69744949
48603838
82438690
18467743
28628220
34263624
32072750
62389180
2007871
86826101
58598229
46227797
66594593
47682902
63373135
69839594
18887742
21682545
15548633
13738211
84945210
50275426
23131708
72810633
36554893
48096136
91786245
40547672
25587230
53234759
18606750
53337292
61002487
41186963
89384940
72986517
40795997
3574033
10955388
83163428
30633417
72611830
29726718
52702635
55930886
74428623
79901853
74463872
9936811
82512271
18475475
69203999
87360262
73043468
94183463
41169574
70908001
92137464
76696942
83087703
52449287
2778413
98715145
31961682
40790499
93569687
9141999
36477268
93378019
52594589
77585078
26946149
1713902
86443454
65781642
23421664
87559013
56594863
34418417
53616338
58330236
73327758
9816438
42466112
94487310
78197518
31974559
7885644
81749339
21319964
57691439
6380234
10235295
67282620
70753563
34609505
54806828
75367819
31714747
17110280
78160439
14241312
90853121
67860423
72166815
36560416
19869989
60810634
16701214
71523501
15721187
91698541
76646195
55531272
23307408
23612117
15352426
77704836
10135794
50937541
16180792
3684125
64252640
22345741
52207370
25902930
38160190
70141009
90014092
75027927
36718725
94705863
4405375
66074330
71508158
95687161
5455592
95668267
90267402
30573228
64558537
78687428
97218267
9606744
22659340
44421109
83074692
68202294
41822002
14317611
51942790
18294312
27499480
13354266
53867813
33396441
71417917
91515214
60155712
1920326
72958478
99082770
33982188
33667202
9400132
19386278
85411989
71799484
68132890
91058133
76862985
97374167
78353538
85166711
5540641
92547927
42590278
46245856
99094654
67980120
96429810
88688561
87016630
71665004
65634139
55999715
174963
57517241
26522428
64825034
59168868
15221982
89914500
4019734
72215849
37497524
14054531
65549702
82316868
96777454
13790060
8649697
21039556
73848813
76807611
10641968
3558041
59451520
45622586
91303572
33024630
8005840
19502265
50250002
28400891
21327182
62204916
91563613
22441409
57438641
39567150
15310676
21302944
71695381
99761109
19501096
39859504
31223236
65301324
63312981
31966487
60207083
66726830
91347830
45520040
16249385
70069706
43070971
75490545
60928066
85410065
40729384
34895752
70064912
3740211
97056534
75761038
24762798
72782961
56029758
17453047
86351053
90457931
42700079
24990483
63647799
80598415
80982529
54887508
32745839
42250852
2876896
31197350
76072053
36671504
28646999
88120986
41563906
51889771
93870127
66020924
47966577
7806794
84786074
73333967
67376802
80247887
44486663
92861442
24363069
52062136
37408556
49681238
80270044
30724542
96857459
99788180
84731261
69279656
89600047
22598311
6702326
40363133
89208271
65226091
59806462
67518259
8719397
87975741
48367847
13665719
43757891
50279371
586948
24935609
61167056
33385993
98433978
19863246
19239769
70990829
27944130
80527470
3065156
383649
97391391
15376041
48718214
35249509
89332634
36464901
5063006
36663706
26874999
65904929
48816694
39030304
58951252
10415713
40476215
92398144
50461029
65187526
59615078
98908527
35600887
11578112
19756594
78978808
34035341
6994538
53845832
29885558
62257831
16274259
12254814
96185982
63693822
95665882
38239098
98482091
87093727
38411945
97361796
8598783
21502462
74028083
12578179
31766734
3400366
23474534
10820528
97873255
51788691
93728263
62492175
46469319
38577360
68195736
56651861
25286382
92207160
94781276
28157636
22013775
86247735
54070229
1671912
25856196
10927921
44757829
9311994
53829888
56031653
56106011
78572604
18756107
81938331
37912228
73886890
56721874
66319836
56531195
47704786
20598824
56475358
98723944
80208068
19555924
32746791
4741546
55803036
55251137
98391735
21309633
23360685
18169311
43900699
54494960
97188998
20823685
36144828
25853257
73369286
99512524
14802820
26656902
26940739
95956004
10150154
27653727
37377094
10073232
92856467
69813223
10505009
72699879
42637370
70189183
69163740
36103832
74287444
49668600
1720925
61279530
15900044
40697318
91370185
81747783
34665955
42189163
19485065
26426460
88780289
16159355
230726
73944722
88806611
30198162
426026
60849601
46768021
68281974
11568434
42321802
86570648
19085075
75357983
73022663
97388947
75709927
54220789
10349657
13492138
35154466
22427892
31626659
34382742
17026689
81691580
94562543
80204735
44847012
78108701
14337275
36404315
97407245
25167319
12690174
12855054
86184895
66765503
43562921
13021657
38741412
44921361
64641905
86188313
96447811
29683556
31217925
19173289
22174107
52709075
83241861
96676037
91455736
28176853
12466705
9758408
80070611
78299056
50014162
3980856
724925
96392050
38080795
74655901
6129410
63262177
99879244
38736133
76724445
88921597
20512885
30073961
97358588
71386872
98841669
47769802
45689389
23197457
51871425
4832163
83110338
51509679
16998540
22095679
98196803
70185984
72843821
98970154
8748082
66025788
19903592
77131144
35353748
89948214
70900869
15419182
5640703
68030811
87652463
31903222
24552765
59277930
25860136
45108038
83357473
57216587
18467700
71728902
10915006
79958299
26165789
77556222
5445391
95202616
13149017
88458256
27107590
63503880
17029241
64736919
32978425
65111036
18930485
34511815
26884676
53474036
55057117
18534621
16517430
80104896
180646
44895986
41925083
85369727
21651404
31035108
63561451
67851556
5895402
31248343
74161255
23581278
59089417
7266073
99953418
84793272
6977981
99536083
28357066
3838671
40970418
44053037
38905770
3582541
45818899
58785482
53194543
61222887
43360332
11761802
36274076
32903672
83165720
45286880
80296061
70791912
6556898
12212452
41592418
48265083
39985198
57933952
39260449
9434061
43691104
79953643
7090952
97247316
45053883
50071351
37026539
5842698
46925134
97631333
61357841
93133200
65414318
33669248
54741147
30842243
69859829
23955144
76559813
95645534
34559755
52948656
69618664
88910894
96093001
408341
80041621
4307357
64651200
96168904
95871072
23051968
49291529
83054083
46292526
89324560
59479635
48804738
62081009
14118817
56685905
28468755
76286827
52571307
68597499
27368713
47891759
88488116
8076547
26743488
95308959
78810410
31040178
43799106
8412301
84801432
91340670
50579249
60842972
24759267
5568593
16335259
77380844
97094933
31049320
39605844
47200438
16878776
10093488
75277589
17100442
84075935
51270860
35910300
69767715
71091382
12894623
6528635
13085436
99019914
28605719
16643154
31905482
8681193
80626970
96348160
29427819
63026335
18439065
76693396
69126702
34314727
5400893
44362632
42349781
77646038
8128738
2733508
14522663
85795939
36867621
70240665
98801281
5198768
83177357
63317432
41304877
6241602
17214074
54189507
53680589
58362470
82914138
45956620
16829814
59787109
91283885
22882637
81645199
242761
95683028
56752523
38180576
23674981
46093258
23608404
23829503
67808523
61801922
26990727
50089768
74613046
48322147
79115221
28131188
21752994
5235780
74466291
60317099
67637080
66496773
70786004
4610263
79447827
50857581
74163841
25358335
44411905
20420326
76930274
59282833
5496990
85783993
31646271
32024150
78106682
20172650
2371697
94059090
4100116
96876893
67202063
42635749
32599052
67351611
72253032
47926883
62696008
69075360
67521656
54256093
17581037
52569495
63272665
76672890
70010390
92437021
70071575
30663784
22846945
1370399
69694654
59165664
13150070
58936263
76716477
61599317
40220980
81580629
73444333
67777350
76424151
43394137
96722530
58142202
22046029
21667816
45209444
26013876
13568748
19397188
84829063
98837139
4309947
6284414
77413632
92975969
69098222
81784512
48330044
14865644
38992364
60323012
65699065
12458898
61521802
59477772
51450116
65801912
23239900
34036437
2945774
40088755
91871212
3828786
81223617
57874578
7002538
54948796
34460459
33171245
28539133
52270287
10693543
29674542
46997304
31346984
59023450
13398767
29285093
93656955
22432120
67902794
94508210
96999969
64037309
98052981
76499872
42030189
57847044
55552381
65732984
27090138
59459425
37880713
66778011
41894573
48909323
98699297
90606313
24113152
60153993
13097474
61639553
5030789
32280555
93878481
33935438
63025192
26382680
7816188
71563773
64387978
52449201
4695701
58894821
53456173
2895600
44384871
57489290
80049509
37498247
71803083
44266150
41193372
38479619
62445332
89013502
42303235
90289252
22664528
12340829
86237187
57520482
72757661
67191116
44249236
11330933
32771761
68396428
90229804
77565704
28795140
8562324
32140535
56268309
31264686
19023738
91896891
9689074
78392397
6309949
53245263
36953238
28883328
74942691
63294293
31021058
45583289
89505051
42208948
72424653
53764274
23480298
85400629
32334753
55415011
63403498
19851854
58205441
25664709
23970687
44293032
71186040
21110405
48773283
33203506
11240069
29091824
61257497
2987092
36709877
30827888
72476513
2999057
5617473
50420180
4957516
36482261
93035286
34192098
65518912
40170961
18545139
33606454
96056019
97143767
22188881
10506134
96468249
31045615
75958890
738095
18894754
99094980
18431115
61092538
19664519
5750896
65612494
8415764
70902416
76334502
71040327
85861786
46131563
37489107
37713306
99173761
91301837
39091659
33702381
41210225
36877313
13361085
9078041
68526076
92593173
37148444
71440755
22225056
90462268
37363039
85200198
97289597
4993139
23815942
53191009
39926575
81593267
52082996
45324698
5434866
23639814
40945701
47849336
19340036
2988852
38529446
15867913
57801542
89615407
4056813
89235762
27301070
90839174
37367924
15548908
41890322
73676529
98702016
19706561
77450136
67275940
27539049
4662834
56064186
80678244
43560067
90489620
64355298
4826378
53774317
86682038
5057356
35324283
12725599
15198548
13668349
11051258
21501096
7193735
53869091
98886180
87778537
62182143
85281434
18581911
31974272
3976351
65867615
52172075
99359558
21968362
15833460
17000442
47204745
98564564
47600042
29840936
89057502
91004299
7076542
98065245
99374810
55316269
8541147
31876017
70834803
3778291
2724727
84162641
2829931
30777124
71235111
79567011
62662202
33579583
12143064
42991848
70665970
30345001
73123830
96981870
53397483
40787120
71368643
6131175
10874652
41430460
47212796
94395705
3020593
36614415
16029815
53581164
13878414
39689891
79741741
90343694
34128722
92720326
13062155
49025333
51887976
39560613
84972830
70879820
78502509
92239242
42348929
59709976
3149288
33637771
25542751
22755052
72983692
352810
14219521
83202265
84033786
26710257
62113568
35767020
90576598
71769732
70555072
71540115
82905053
75698956
10841442
45748264
86039063
76075187
69238037
48117466
1202992
14535484
67654611
14135037
90466678
6201009
45854439
61191006
35668678
90160795
90554544
42699869
4752761
42937602
55511235
36075193
46957130
8317553
58151178
94146627
27229105
72093136
21021255
36738031
71149193
64997548
93992211
73362768
27674667
91830974
52550775
9971785
69589832
26252480
25119642
18892305
87943820
43354759
23353982
59539352
27941367
95641747
74204122
64678236
67376105
76609802
79534182
65112728
46934328
80231005
37101313
58196170
67454013
44624198
54048432
92946887
7109918
1902785
24625508
71087665
35922967
18513391
6888810
2018723
3214822
32722589
96915343
5208261
37748855
91873147
40421396
91513561
86791631
56916699
67148461
78819699
76699009
49276095
80650917
82757911
51416555
44935395
36307473
69448657
23918320
52437836
57911666
57119779
2164390
1647390
22237148
18978803
44028154
49447832
36494066
74643211
67808607
68749654
25787414
49110832
2940632
6904083
90257324
77729355
15519100
4448941
35566004
35165760
49126085
16695001
6475165
4211697
65049149
25808793
34030707
51161706
19633084
70069480
1386013
78872615
87964706
94158367
88840573
72847020
11444522
67324423
21477538
24456961
62970455
73731205
25866945
56252202
61862247
2975124
74889624
8872813
80345775
49687662
76289227
77313392
85750314
32994840
31746998
88903266
82103259
92928404
24809679
80641454
12118646
84098209
60069197
77137776
35732971
92519369
39981446
97354558
44902396
7839429
46566368
4871885
58459717
6834623
9119851
13868476
71654401
935047
3437941
4976650
92631305
61947651
66472628
14095300
15541157
19686605
49782658
74401735
18143315
9978981
52029572
28195235
40445257
68567313
58334775
70100307
18324694
54819912
42380150
14549781
81217387
24948435
20827984
70727230
21311085
38281824
5230649
52460794
34308323
36508996
79748914
80459060
52019827
46294255
36205605
21425520
46566636
35978641
16633074
85593387
23838476
78959579
26196938
66508095
77333646
72609919
65448740
33932337
68875513
13102752
65423507
25056115
840052
16469284
43186927
63529134
20955122
10984350
95764076
25702823
33049816
95296309
63372632
66805014
60454923
91616003
8533027
10776833
890168
19900104
77032130
27705433
39589431
40569699
10449963
42568183
92141549
49871480
7835806
96518849
63054350
90289541
25193270
54961825
87150715
70904296
32303145
92508797
21730089
98611710
27695436
60344113
10394380
94627782
42041065
6465736
74525196
40648529
49620991
87731701
80722517
41619602
93135059
73598123
53804685
44059005
95047978
5821757
47969718
20070315
8681537
68607364
4900492
9878318
49376853
28223661
71794742
73270190
36126108
11939642
44850294
88718379
60638602
14478598
4311379
20196939
36095354
44769737
95046119
54146265
83707960
85435889
11684088
46173401
10201665
26260346
91804394
2543924
23806137
80284378
72676277
46557960
22635595
3094702
81082470
68796722
64691669
40206917
61208453
97569452
48841608
20994085
43528563
73614356
15435219
33605359
30930551
73639487
28728367
41802960
40270844
93752903
36860246
78304870
26180689
78409298
50558319
79253781
11849472
24459517
45682270
94131569
51683338
84965228
62178289
69578259
71147061
74013649
97111618
3570626
5859052
21452704
2325137
98965208
37783679
5605542
24553108
92262004
77248540
95245424
27370003
93336400
43708481
39966779
79627571
90877374
55963927
16386351
41724726
9888606
40898241
8722397
89500669
9789935
62783783
12378481
7487194
94892087
97303099
61301389
49619520
49757970
35929731
81498601
22651690
23101107
26332868
12177868
89864614
17992891
13850132
43301055
58928706
77176698
15796781
67327948
69870058
83143341
27218333
60682306
69897650
92445714
11471950
28391617
90463688
2606966
78522550
41234220
98238075
6722312
46676592
88172874
48551673
94850383
77546431
10248960
22641997
38812250
28362720
77733084
66524731
19884867
74187913
13593232
12823394
17566072
42749980
53378694
5597983
5167242
16009031
23879675
64125654
66074886
18733136
29701289
7823802
7397920
29501836
8570878
44764723
11638726
43555615
74794686
74039283
14490671
4118907
9648111
59137905
77246034
29087022
75204289
26732101
95480905
33120923
2306232
36079770
39704246
14636392
88986967
29642701
25483994
7090450
47321872
9211129
84607881
56200095
74128945
64302580
64603220
87690155
33760919
37559668
80706351
92427367
90837611
21332718
99735433
96766435
91789921
61494209
7013717
11020575
99282685
23865066
35393789
88361590
88377228
7773278
31852473
20187725
21615787
52167131
96210182
87169899
50780555
73958378
29297169
92391673
89629657
77048797
49694603
15033376
78762095
50675917
824548
47733384
94541901
44380460
29655920
19300888
40841786
21147108
34851625
14938538
95666409
91824724
87774942
82966224
41615
13545145
3475517
83290388
79585675
42121746
16156116
69582232
54506753
3250336
15044808
76239550
42696717
89550267
10081401
88695609
94219068
79339362
38390590
81457048
94062164
8523988
3851773
28281992
84379974
15671508
52479938
14237199
62507255
88985505
41302517
38640117
36623719
5743801
68951466
60749876
36814429
41118134
57174167
84688438
12948689
27277698
27025199
59554257
27325242
53183931
42164014
62662232
56256453
86232250
68575516
89124721
53234782
76562317
66155085
97605816
32695479
29628724
66048987
14238861
10263722
76829320
94075708
88866436
41277277
16161809
85531125
33398426
11713918
21609559
35874250
40151204
56003643
44670174
32004571
13175220
10044122
53021705
34168640
10797900
4546485
69451294
19214960
49147735
17867395
9868644
27403244
53263389
63140135
77406510
44529634
22441869
43168637
87979252
56291211
52460267
35132605
29735927
6036662
63966743
33116707
95575169
89668288
42633391
53638686
48534953
31209544
31165260
99883985
30566185
52373996
91956066
62453558
96823170
14713747
27906748
75728990
83068922
24051003
99782953
79534148
81061966
42531168
98535108
54924699
83819869
8126360
97522107
79906258
7481867
24846258
78997772
69786818
13908007
43548006
37880631
37974960
71998891
56276543
63881498
19844146
46457044
64002245
8684368
39042056
66012291
18845873
5563589
51288005
48611705
50916565
29668053
7535159
86033903
55791508
97182801
28531150
76017279
2872951
99500614
29613877
40116732
34292973
14675696
11800365
46309566
5581135
70061641
4757995
9089754
19648887
72746185
48762208
8699076
62377934
13368627
69454041
2644189
92206042
36662418
88137462
34268141
90132184
3688735
53256247
90491132
91101220
26616067
11160609
32874225
11477212
40823165
1634533
6611678
78090503
98017605
21265104
38509147
50231661
49426447
52217328
71243556
69942298
78396046
32195031
86456202
49924314
97152847
96497491
41925705
81854218
34148959
35682426
21376871
15126623
18541844
7567257
99678976
88096513
93941043
16848921
86734123
45675630
22989190
69541526
55630435
61951670
39324177
66609872
95635238
14904869
33696395
83245918
30809670
96378116
76520158
52331080
16937737
22158961
75255179
92747512
73188844
24306458
75316812
56591982
91078738
69176613
81156706
37473465
41567439
22517078
3101679
17701484
25673117
43985859
49657215
13513939
24464661
42714708
82904739
54762971
43827259
43394955
24378097
28304951
52279444
47977750
31815780
31432156
91087921
63146435
88063383
2741073
80020309
84752447
68485920
43000133
15906070
64316085
19457631
22602960
99526618
55490643
56313654
57213493
90307570
93680617
44617822
37163822
27223991
16666989
56016759
3655545
38933099
69569734
33636720
96692794
2521209
64343247
40902837
32896961
18160230
21881339
76055326
19012563
14191357
43819151
6576589
43715540
2267567
57148252
9339658
67403934
319198
57226891
99511908
79631902
61716452
24083961
85317941
52852948
33464837
43357309
85840807
76992068
76212052
51776614
46995858
20671212
68371441
3285607
87429108
30610389
54144538
837648
32478708
8341413
38158596
67314260
36429324
30871598
251213
3607702
44986380
56045858
21784860
89367433
19151870
58883480
94307763
35842979
12236473
49819098
33810549
63340210
75615075
78423768
23401413
76027891
21295443
56246130
66630812
54280068
1260097
91431336
67219447
3311107
1330774
48721986
58396538
9210425
52326860
14694188
27084396
72443755
58138398
99233116
492300
58537568
4914462
40169494
43583184
67412632
79075619
59856959
14442656
76547396
54541342
38670980
14361446
69323707
63341356
88674404
53420836
52963263
44737595
92490417
38487356
18868177
62095883
62613088
17659630
12019186
17946279
61859530
52105198
14615911
22258918
83717298
10449060
76492600
49286557
94047097
75952268
44624989
5809214
46831958
67618956
40815360
17616893
59606735
72197941
99639585
40489870
78149885
44018482
40444029
60609490
23411045
3277933
75785247
49778350
6056
88138081
82578325
18792659
66065906
46043558
88851496
82805315
14780128
20645159
64029492
39222651
81665616
61271140
17729929
5191733
75617391
60170324
55171449
58050027
68186180
33433960
10039117
67798284
7258538
89243659
6193193
30510860
82027345
16092929
28006593
15611162
83139814
51017359
37812533
88084297
11195474
87249043
35602447
99510269
20113638
94960389
30399035
696209
79152568
64189756
4684908
15759255
67825897
51710337
42978826
32964470
32445477
6510098
55106834
1227096
15781567
93484034
94453881
67414271
38663764
76173651
14049764
46659377
46469825
67761853
63612420
2900583
56439504
58518675
37737875
58775320
75009795
13944166
28033773
83431269
48300704
50871524
2121416
9857262
51629800
18096640
93323835
13530135
63925094
53028140
34295643
31856619
79816009
31005944
55160793
43610191
9780332
11414489
98394788
71212982
21910669
70002723
77180011
35980164
9909653
42008605
61873761
51765603
97946347
46631967
26100222
29784020
93001236
8251552
21788199
78283239
68258135
12468541
54587342
66477846
82921917
44029097
95532848
24425751
44102549
32152835
28431822
2858345
58595065
28305611
86101033
79023232
66391837
8504835
91092325
36908537
8675096
9954618
4724851
5957379
72075647
88449175
87672665
96711569
5228514
26675883
50375696
15887167
36769433
70915233
30074506
57272657
66321105
25592943
56313112
29132449
29129833
90066804
77603080
60913537
75254089
44948567
29471512
59050574
7788157
57494657
38622561
4681548
53081950
97904353
3175627
19534656
78382956
4053322
24570822
88680879
92336522
38772230
87454582
57930811
49489698
27733274
8145393
24326453
23095573
98244218
22208771
4540687
61011171
83421363
64915080
76358208
76035914
70995733
47982060
72618939
99091494
42513461
74463505
35064172
44854437
17268121
89694182
87055048
46463988
52976034
97436720
69113033
79930239
28158891
85745431
47647603
790750
38386769
67730370
84650889
39437107
79822309
14675487
35386822
2050157
36246443
66536897
72726815
96607501
21287683
12588341
52745687
94943576
81398663
79262878
61193359
6972681
93148524
52775748
75734053
50348380
65652004
32183022
42215681
49553638
41370264
43811300
90467606
2002841
62036437
90285607
34971647
28279559
97164883
61931615
34800917
68563028
64404677
88279333
97882985
95247619
23007775
69571765
37037352
56358917
37224677
74691606
84085606
44857202
62452401
64751367
32087012
39284265
7198684
92289983
12094996
28881351
71611022
77529955
13786972
87424680
99470634
27061327
42016779
22327052
46136792
45252296
23977269
61076925
1526052
78228347
36268356
70809796
16385996
8039928
59479156
91813308
95384474
46678646
88490884
81009376
60131371
64423296
46852207
79400691
23937982
36975404
31082850
85731646
6128424
3211095
1819949
9093366
24857401
48744633
82091721
75442108
87279819
82415761
6885540
31674660
20669981
62250904
59705936
46927533
90395063
1923030
21023668
96342657
51247188
26246904
87087044
58385756
99364828
27964393
57346675
33198112
79890643
93083298
2683998
68144315
21114676
33433508
2672352
47416238
77934326
64161280
92400908
9272016
48024987
2701322
96126885
85823848
37338183
52973588
44631666
739103
31397923
93926271
18351065
93592082
54666232
82815002
16392971
97131694
37518464
92631643
90200399
29085994
66209386
21492385
51643449
61538510
88183084
66492772
36419456
42237534
98416816
29084474
73300810
71722795
89624308
49607498
90548125
82221965
86026497
19401033
50101793
27014662
37170475
93054984
70808587
55038024
18502383
43023186
22084289
56465328
52167027
59833366
95530805
83840849
87656587
47914308
62715022
5307984
10342423
77683881
61489881
7962510
16699431
29107616
96411289
96179553
70734298
83836943
76071318
56558578
97278868
40970554
59014209
71447038
41282532
2323478
84952750
76883705
15663140
98597328
92617101
97800797
20608422
83548056
72544006
25800393
58003003
97555434
51094118
15172677
51215363
12951394
18808066
35837941
28688427
98708112
34214873
18972007
1961110
19922532
82434608
57353944
32422484
18563188
3251134
47001202
18729835
73204012
43454092
78200327
27591288
70147393
90296534
94740491
40871502
92165328
26955129
55677955
83778888
50613913
46179136
9482256
55016273
14325136
7543415
6752125
82282804
52814291
3287143
37883646
38636599
26770870
12159795
62202337
82328936
28007979
96846956
63687361
4275160
93624640
74314371
71934144
28652677
95040643
41907264
81275813
85478256
33649522
91304549
99690234
81976374
15999415
52421986
40050187
99406484
88747599
74331075
34122301
74771993
30043252
35970600
88176804
55423307
89582830
82674734
23714983
48417413
70512656
38452123
51385009
73827557
90357432
51493509
66631491
88893218
52389639
18933754
830668
45338958
67062445
81728529
32029582
98860607
15696569
68928363
84265574
55296653
32955743
5208346
15690763
5239241
49454211
24058271
50997876
43791832
94711135
24055284
1818822
15620201
94443145
29518979
67321774
12380723
89542578
37826646
34911111
58240418
96675007
96283942
35368469
62710605
31028303
68963941
26396615
31056792
12043977
24873034
1755679
21229305
77066373
34711734
7370489
92932929
24846702
5028273
86472138
60902464
41681878
31356511
60904350
64604837
51303274
17427633
2848081
60894340
26341720
49845157
66046348
99632200
42186203
83025826
42625900
32698787
22251363
89604502
31129737
72736108
94506418
42481003
16703264
54729681
23604629
74233442
65044127
14410287
11906381
24591591
84814478
30204557
28834765
70685698
82616387
28050738
77709424
94901144
37952359
56692694
15215999
22154992
33113510
5033991
21417954
69662939
86630107
93188860
40902377
96157349
64909230
92828591
43848275
53269490
63244604
11395113
90950114
78774965
82966839
85227500
80239324
4391346
23196966
92847865
55180319
21818749
93954467
91534164
33371926
82002306
45138627
16921680
73525360
85373050
27886248
51724675
49061945
7773735
89967614
18105696
48948218
2266105
73879121
9627063
68074568
71302835
62268104
59817862
19675936
51186326
80069273
23453924
27491840
92777276
36077015
66759307
13387480
3358278
7423796
30314337
92201575
59806956
12426971
28663353
74396437
22417570
81623945
15115981
25659963
47997401
20442437
69903790
78498330
51783961
95588993
83354003
84488424
27614668
99385769
83620643
2721359
90436834
89790139
29417940
13070643
15284349
79069885
53932781
11134924
31483647
23645670
11307120
51952277
41655803
75005184
5241666
2594349
57550385
65793875
88632376
66086387
68350034
34230184
918994
18404200
20419010
53501811
21633979
46399249
591309
63746429
75250566
42614963
86234698
28179833
49144406
7984327
16935611
47860353
88620247
71721250
9345367
80418122
73290753
4816591
15707632
87082162
68745704
19226312
1598994
90364734
39439389
83015726
85252306
20272827
93913325
29195474
73385120
39048965
8025552
97434306
6474563
98254995
43851308
15386438
54270149
19201190
57853335
23291171
47289098
79091906
71584362
93945163
24280394
43069407
9180089
45827610
10579104
17905787
71597007
77906767
50365794
79521859
1824684
69369152
21093392
95758864
15759567
3111036
3247937
47011544
84658282
6800663
56610944
9894107
98642979
5858430
68866802
11444173
96158177
5466153
13133811
16797167
58253268
88485830
49945402
81667214
3435295
95228137
55999017
65927772
45443044
13758920
81924562
42997550
87009769
64016976
52924752
41757916
9854945
59947430
17175056
95849323
86920994
83708312
34259790
22453872
21145222
3329997
42234788
57064741
45984429
7956067
29425696
31173558
98243733
91778991
45321714
77606959
15752751
32583400
39314286
82677706
60908234
37502904
39119004
35388222
92004359
66391955
46205114
60314497
77936447
23383509
23278349
80089314
20171230
77386301
53898740
87198019
32440330
82067540
88071751
96957164
56657931
71576739
13292660
33616391
99314105
25208252
2046285
30079297
36830534
31995286
24256740
34948394
63156378
32768780
45643405
56704290
67051988
27172423
31509913
84922368
42830337
5808585
98163818
53688186
70326978
53483001
78693800
41002861
78691688
38845083
20770379
96888713
50386023
76446547
46265829
97318358
80755217
56695347
23166382
80288280
78341209
56368822
26055415
1825119
41247572
13545009
83752057
30643285
35350645
96046922
42573890
14391373
10483169
25217621
99579724
90760843
20558301
46676850
99039161
72108120
15258965
27735530
50746529
59142744
73383243
93706903
71941307
19448019
73600647
82212842
71918676
33280236
46194971
18072449
70707782
64143631
47479093
26405472
91387827
69672040
65310213
18618171
18296077
70901085
13167756
81608434
54238864
17184306
43803812
15872593
1407600
952777
20895608
92082935
82381271
69753148
91821133
75736650
6880066
7537789
74908166
42770242
65787571
59292937
46013326
55422933
88566158
39543489
43313840
25901606
91235162
12006328
11605096
41903076
4944222
34306779
54759626
73730289
35979031
4792348
70221749
1238647
58503841
23402987
77714733
97876978
28753678
57798805
30251253
99667943
42895682
65043671
75429662
97381427
31947010
27300685
6319902
4532660
85581534
71859996
16218509
65204191
79027469
30175568
75128699
23459787
64001637
40713063
74919286
54361262
46080532
40394845
34833273
12510317
43459699
56387590
81616273
18233523
77227801
4410417
46329655
46665810
53990691
75092689
76065123
10121074
23053530
7492310
52260305
53453949
68218512
32727982
15888602
14983975
49989417
89355234
85721289
35211958
95519194
82316865
96078775
40054435
33912103
6834413
95011439
74792763
15524247
94581671
35859923
38708935
1920641
41621355
93532248
66559520
82777638
68839003
61093161
11792435
35181362
1852019
56570937
79725680
75269917
76092834
60168767
10247859
76321044
508607
57879572
72439717
97626552
92573248
73153222
51074528
1833111
39044301
37513417
60605017
6272774
42220199
41606374
76631809
47738429
53123429
13046750
14793046
75091372
17442794
11698680
12305984
15937903
20148562
2307736
83405797
67336884
30300148
43722675
73848633
15507117
23761310
14583880
52426439
35502775
24305586
35005665
84002510
89859044
80826802
22137016
11756021
54634288
62721523
52531339
45232132
42146126
82249494
56414313
10034927
61492911
24668148
63500536
62766195
42543367
35162960
15819349
38399651
70916761
18096160
64740471
29661067
38994960
13203082
22365285
3688174
29984016
80272471
12798494
96137747
7770343
12634420
96427416
36194505
7766038
60338321
91334009
23976098
5715835
97430822
91019688
78528868
98249097
91187645
81256027
69382785
28570944
60371639
70596159
93889842
65078800
70341310
91606113
62784985
89302169
64399305
68670565
97927769
72393642
46064885
37050460
34531271
59676531
63047075
98071862
69428881
14663054
37068555
39660853
6475943
85061394
80213410
84979713
84099809
19828834
66699577
16948646
37859829
2098004
13317197
82192497
67869307
39634961
99913257
72260602
86130229
98870790
20909446
47342544
16709856
24056440
19502951
34486688
62405185
41069934
44506405
41743010
93687915
96295721
24485216
7794401
85486614
64194125
76311411
35133829
43327960
13024260
39215616
92975664
38142744
33296866
80592820
15722371
93497521
92202885
47368668
94071657
68217647
10613888
90328752
30036349
47453406
19163176
77160473
31249441
20149407
68383268
1664310
30035533
44241975
48459993
41148930
41651645
99408903
33885007
32887426
97726738
8865539
15266226
22547180
78800800
91488769
69340395
92893295
56965539
94998623
92518169
94151442
22672565
73190177
95254359
52293532
27632284
60035418
51836418
10078071
64780678
23133951
95652518
66746003
68865885
16854995
65039270
76526933
81242060
28843027
65534461
27472007
31581341
29864004
52064008
31279062
16353092
43672875
77125195
60756472
69696037
17940894
5402252
90968414
70997408
25179539
25599195
37381704
45182198
85431316
81374004
70630804
23332836
32502608
12895258
27046244
3701545
50487321
28591190
12981258
8546115
55258053
95736216
96587853
10433275
42172875
53247991
11851882
66935783
4803517
99407666
93938421
32156511
98442722
88605837
63222075
58572253
5288200
85929544
81770462
52495320
72328140
38693445
42133849
84140309
57855704
49850162
58847765
91325896
90410077
90533755
10338269
60394194
34987058
19298513
66226586
75928390
76233561
99834071
45207203
27877229
90620096
3141507
21613876
34700777
34465403
58678321
31020128
76689477
33483920
69863204
78636409
78018233
68703832
95428400
18822845
8210702
65950329
80099803
43638861
9744085
90209191
80808154
82300025
36823210
39387832
77993203
58976642
81945334
42581732
708708
41221002
10295916
12368240
1475340
94723494
59464492
11655733
87488498
57639842
6529555
14627701
46887025
67341856
74158646
11815101
77150444
26032811
45077455
57180698
30702672
96396581
23415724
48279126
33749301
11137643
22621595
81359689
57970715
48439512
32706534
26987977
27463188
51359750
87290190
35429245
5730480
21987749
84285291
47613679
92138477
19095325
84255142
82352133
53442416
3806056
74742950
20735824
62838493
59459189
53068344
74228905
74842333
34978936
42726187
33889132
22538458
57768646
77808398
19794641
62859332
24313627
97445586
75340307
22737747
67303637
92436520
35312775
79439541
11587150
69996440
69297066
76530257
30970206
47578316
99925452
35584248
13503538
19980066
42200489
83939255
76656052
94001634
81207911
54773207
29087003
4399083
79177477
11396440
64607650
97774970
85793183
98593965
69769208
13732027
98148836
72436830
12202750
63695655
64355626
63053410
94981429
21315193
85761603
60247703
91486097
79410147
86207549
80004954
27572528
90767760
48491126
18587199
25965891
28198480
14855147
16655286
86432054
91887461
48567651
52251349
12514683
78742343
10222168
60030880
94811917
29298692
30727706
49314809
34960268
99143385
44428057
70272816
59502595
77725889
30619671
92703887
44139573
31088941
34382525
47406224
24781929
70268665
93014903
85136712
43711615
64373672
12714786
17103302
96357531
74121290
99832195
30126092
48558234
19428058
90605431
50240638
41952120
93027108
95696970
5041590
1488529
49856205
14478872
18836238
34979892
54008902
59890500
50370155
93888893
35615928
29234299
31003139
1212558
44414451
51304325
38356122
55071890
26644429
86514659
90123550
84400288
16977370
41699558
49211708
68150363
2188978
91697587
88092014
20942567
19669975
33220060
18077814
26924093
4254419
67023302
8275266
59819936
25927394
56313200
37294471
84740121
35631599
14953606
24908823
2397865
5218769
73871384
2415058
22688462
20105251
97099427
49533103
56393025
51214038
44507142
82215108
60779576
10680115
74185540
47783606
10772480
87866709
70140985
91723014
45727908
10718148
36003712
95823428
97839312
79173654
66335113
33649448
74699827
21999430
57623403
2043829
31308495
62276893
19048138
74342061
98194687
81985427
85662479
87050228
44044002
12932102
32473963
55463544
27526535
80089314
10666276
95982675
14575816
48645906
82920601
98944457
67853357
47580420
77537781
50100930
68658865
59639570
87449172
6207040
47673298
69050207
18490184
17361270
65103789
47971261
18537537
797041
93913471
35164163
52506973
54481816
14382305
53486068
8693082
49805166
60268098
60246956
71778527
18650410
87769842
51785788
48055524
42339056
63846376
11482638
35030883
49793008
25369535
45273278
93762673
32792167
48808966
32894147
85050176
96405771
28518545
68542339
34902010
26778739
20453723
49499264
38566390
70357636
4778760
5794382
55577660
73044381
80897921
66060610
19964406
1696790
83662263
55953084
28144872
46835428
53423842
58064573
18275558
16209811
30803424
86332837
87045560
62202398
75443462
8520755
57911696
80181714
83737512
16902328
47716813
78251654
14911094
54068169
58207032
20944973
39814363
38274475
29843990
67230414
24224135
74820642
67147469
70017008
32022918
97627824
79905495
43817364
46692142
81964507
81053744
41609114
6828436
34633212
83203835
94682933
67311495
70648696
63645251
99818620
5650411
4482082
17972267
65576118
1114170
28988477
49803918
20380050
85614325
94948381
88078645
53848140
21106801
44228946
52006925
6565533
44119995
94031895
38796787
52368827
68149663
43366580
12835790
788979
99970384
46486034
66491873
97267137
6506994
93791053
53151477
79041614
78101776
17355916
49277124
4305649
65096824
20480376
27901625
1759099
170527
71430978
79593696
23290462
84085087
52073368
71025433
62201475
11537744
22998913
76234669
22906311
25804101
70232672
75017113
28864796
4927437
61023354
83136886
49130651
13049873
25095969
90051186
78929930
88289066
96081821
74275757
88254067
72111161
62628746
90076294
44987750
37279611
12884530
97337224
75729179
51777108
30387750
80259043
76254537
17411220
46808069
5886449
30896758
50953910
99620124
73507175
48660994
32053828
8148584
44491859
98291701
86665655
76726599
27845390
21015422
60766954
83076367
85466360
90522377
6243159
94917650
43836435
87004495
47085388
30213584
65180962
88248884
7542431
92077013
30999602
72686804
44497883
7485654
57222616
59201034
90997732
46581402
61881203
66314746
49401471
47654646
91108910
25173535
92870064
70308648
3448375
40568116
91746739
66049527
60718992
94962452
40914551
43429851
18634746
37890068
69497148
29479152
98083921
28690218
2573467
6328998
94234223
86094469
77369789
93171083
90403301
53411709
75852396
36433812
69680770
22349040
9290987
82814359
3179119
96205164
24881194
7427196
30929952
24026374
39169738
50974888
31734165
79074081
93388651
78362260
64365070
65455125
56114104
81154430
36642862
99251197
9233301
66606776
29640442
46739106
72201159
58215467
18635046
69742555
50178288
51282595
29040732
75738213
37949263
52758358
11968995
54668973
37667096
4616911
51933704
87447899
36179562
37911394
91714008
50176079
94149025
7263798
24531410
21149413
59731863
51346904
92203886
13993563
89547880
11495852
61570345
89718224
63166885
55267259
68325279
76729624
10216021
38862260
18234014
27343035
73466954
41292391
22033260
90924532
43895851
13562944
86875234
97472493
9447649
90750908
13074795
22610800
5614809
71784809
48083822
24251684
57215120
96228756
5483504
4131517
9872112
38062964
54046677
81134564
69231808
1279674
83892443
99930347
20208283
95853284
78706589
4908073
38358300
94329040
93720904
97846757
39267843
42478742
58331660
7772533
74117778
46703750
73160504
45602765
88858091
24870283
72247130
98868785
37432024
55940112
53350907
5850762
19161912
23201732
91135531
31813467
26283585
47795378
51432388
3978423
47444821
77024696
42031179
83773624
85254074
58057002
42944553
5457064
60703388
44240785
94500696
26886648
65219887
89964301
28496636
58019546
98571005
89221511
88203903
36472464
85806323
638102
37238029
63567336
98446426
91213674
13154431
95791757
75657549
28857912
63202811
91468526
27648561
2126484
53654623
5357808
82500603
8711718
81540577
53699992
59882080
74071301
71540840
86775270
55676807
17738666
96431417
68979243
6821994
26285991
25477648
95745428
27435204
81639708
89417845
71915605
45372662
13424694
13664647
87266451
44483429
50359721
14668287
45649978
49538198
22809903
75766689
83120486
18903253
62810419
39083616
95163226
95160848
10788666
28034110
1271939
59036514
54045919
23926752
56138600
65776951
34541546
67322449
49164597
76262381
12210361
49838099
9812100
16388161
68629396
59452499
97614667
28807456
40832709
91138585
34106824
25857133
29397790
38896031
66373604
9369548
88754659
94348796
54077506
2291946
27963507
13695565
20866535
55254104
87749403
82365205
55137761
7964259
71753779
99875903
67266678
97519746
25551854
77171645
69635775
15186039
32032941
11990747
96975835
73856592
8229702
71363877
94107868
44477544
51474192
91915398
3874117
60687268
49243473
68145748
27358532
97250170
56523050
22494151
49051790
61473482
28382352
4855524
72008328
11905535
98644109
47395699
8299159
84404044
46323406
80137159
76033305
33613812
58554381
41139433
77246439
64298938
49402026
24526981
57193875
60851541
68938609
27380144
39653304
2954146
6414473
25233827
43358696
78994628
89248698
32050176
65035204
22056406
59507097
78113939
96038948
68746062
21121594
81240738
44641728
39392464
3177184
48582158
50574725
95060967
60832965
38612238
55960661
76376750
75222731
77117911
86715954
97564389
71161913
84520382
80321356
60450296
6863949
3357167
65754941
17838956
50534789
81867902
18955967
57988751
19513059
54192946
61176014
1480790
40210844
4639284
1238512
53178966
43497892
93000940
37452342
56137850
66185020
57934116
29432035
58944132
95232141
18413490
69452516
79348046
53999073
62893061
20237570
99829630
68018522
56070315
48835975
72550872
900722
77098315
29481828
51701502
34989420
77264342
6494817
32601173
24947193
75055565
96082879
54861116
60099685
65903167
57566215
6267461
62910464
51190740
27468765
41858349
28735932
50755952
22943811
98095066
15652728
8448332
77565849
72159428
89797200
17813958
49306706
22826038
56578098
58660809
12217707
21960473
54733147
5435953
95967862
82990562
80776209
81557155
7058329
43241283
86189329
81249252
24348825
69769366
29891254
90180908
67042784
24934544
14058872
69372836
30292512
55875659
36525651
90492347
53762950
98866453
77389280
34164482
26248757
54331707
92964839
52950330
75151585
88588019
42356808
57587265
2363347
22626620
69914575
46775144
60304397
72318117
60660669
34521613
42062388
40564500
34451845
76903238
77175057
42706122
79327086
33232799
53299945
75339740
22562587
39666937
64208748
26512861
17060448
38004431
86811103
99120973
57100070
46969233
9527680
48904849
91263880
94447623
27379223
35851711
75222518
64461461
71180390
40334002
51874572
40311266
41160474
62773479
74778489
10228808
78993375
93521993
74268412
4751567
43094003
92167792
28767099
14443710
75347925
72102302
47221901
49590270
77316227
83471514
31058134
48221729
81715629
10581501
53057074
61613591
89560910
16948098
59133898
87856908
62904543
6229739
36843987
18152641
84426058
78836733
40505191
70657378
20165189
22702594
49536731
80039063
44204374
98521118
20420226
53326408
79845180
59359010
76908792
13971288
14318357
47642784
70815885
37943360
31064368
82164684
52479087
7807902
70846219
10655190
42378572
69358104
12680405
10443445
18439141
99821902
45514280
92013810
6344378
89446293
15371025
87932724
29049951
47667892
91490772
22982746
39024597
76400630
56586864
44812682
76981957
2157791
192009
36469834
65102801
62719539
13787447
26907012
60947426
50963492
3743017
85744585
44892618
27033265
97415089
33040807
16228983
42828191
47685953
88537139
99492285
31667368
46304260
10657040
53380259
71140739
44172942
15312846
12265816
19003490
3824505
99413514
2037140
93489668
66295905
56756092
14297901
87938824
78292811
9543860
47219630
85762941
65265355
26142884
52659032
92286092
68836538
99266333
57694272
74147669
99153209
57998791
40391342
53831269
7260216
89764172
55729771
19957876
30407831
64501630
54037508
53393318
89860657
69095709
64059838
50502324
45145323
62296921
60907701
89814584
92826755
97651907
21119550
59354574
87327332
4658117
71605350
80251968
97253067
65552788
59152125
1902659
98677772
24641254
48535052
6948644
46331563
46868973
38756703
25090255
79993787
60615035
50841246
15626534
71077502
87409993
64434466
38331901
5091449
39930061
19793237
29570637
61379262
87400522
78865671
82198375
98661221
55979346
64491769
77232598
25172754
50873872
99349936
93008095
92220830
3554324
38721639
24610885
72749756
86790176
84822459
1562338
11075116
38769759
18930327
50850586
11481219
56354188
63407750
88854010
34002658
45978648
85099429
3732245
26993917
45999779
44760387
52516539
29365071
99082186
4531412
99317979
54123684
68087794
40502851
22771541
92535442
69140160
27910298
23902853
76562941
70066262
96011964
14128577
1751794
28699288
63101839
93982910
57667217
59878449
36677756
61612810
94299028
88505454
24464338
59191415
99607418
15274800
89275140
5554443
9492989
67322473
24059261
28747233
49050228
17373444
22738958
15136369
14209265
12820472
79654141
36900212
59433073
26942741
30043230
92846882
88095457
96365892
97043514
13464514
41272974
23212672
54193530
39536757
96840484
93684336
57887389
33102549
89170445
59828175
52341545
81929866
25525582
98862304
44073563
64325850
86289108
34653255
91477925
36261543
99691463
32302041
46447258
46247029
87387896
46726295
60970933
82664911
3492569
76852426
41715525
21172955
10618068
17815888
88788088
97022799
67454119
69365266
66298069
16018780
8779563
16171193
90175467
90617959
97849068
82378255
83587249
59294733
24677069
26155065
63388028
61542522
80214270
78655328
20506522
64649304
54844207
13729261
23940890
25281324
32374500
61422194
12044606
94924070
64239012
3343521
68046459
20899878
53214146
72474459
25907723
31539815
5348684
43644138
3204986
75347458
22587197
70420581
42907261
51266030
27340052
34882205
26218644
9261999
88416509
64825099
65215251
66973249
67455431
18935746
14359972
16692788
74784100
10673649
66645920
16310273
84158665
35997490
76215913
66819694
61539215
91846285
62240387
54659529
73622376
99087195
77199779
23654805
13368903
78851459
99750908
5534252
10314827
13344120
76835936
19405666
51423751
50076773
68112978
14817334
75895508
53369047
16238056
19799256
57778235
3586162
56800504
4006893
19096884
75728011
49827016
41054898
72002661
91701373
6874620
10409364
47368099
63911372
69222577
92239781
12681898
78356254
41329640
39335399
59177364
97915656
46503562
12649093
13834275
99463655
56896414
59000179
66785934
49980768
31846289
10447875
20737541
32690015
12644314
75561131
92882339
22559782
89938111
52702744
47810408
75515765
26922775
65335313
71006656
84306147
54504414
77656493
58879261
81691876
74633621
97880570
40207280
97382204
74654883
25870840
62902380
56284756
5510686
75951560
55568517
96114772
22572255
10358922
714825
13484037
48341006
58750847
28611124
14259465
35716109
8095430
11158174
32247592
53624170
37986534
89951002
1771157
25526437
10165328
90697413
16123861
41626263
22737345
28449692
25800891
25324188
24250954
19974527
6983592
4211242
37677244
99183363
822198
75403390
45366378
13868129
83289670
13232636
1195461
47040419
76720709
67242196
68236732
83101511
31648324
4847901
13478871
24464200
8835632
48949893
16283939
52719760
22102007
45389865
77919691
90903314
29768976
47006414
10224272
39391810
63023361
5173281
18336258
26789983
82592657
7357350
71780123
19812141
75358750
60147734
91925641
83777601
28624792
29131029
13891944
6955790
34453272
7455159
81100254
81687432
43781335
24313144
17230493
53443582
14505210
27634824
27111529
95348531
62653877
83731649
55028045
18844065
26747228
90538045
47021501
71723806
82990678
89400179
69304811
59688682
36658563
57511513
20799524
82382298
2112980
16575262
60858150
8596785
86014525
41113078
82148785
16459454
75762192
16948348
64545658
77384876
34664403
2104539
23880388
66715539
13921069
80409837
55426587
23437732
16293627
30360650
81363828
98499180
63846116
44747231
60416827
79531902
98744174
15302162
2451363
62918488
81428902
85370481
34249445
91690294
90472700
64642747
96368704
32379176
63456382
55742006
59753139
30257718
83328132
20541917
95369139
31763865
88072168
15440472
15332598
48983714
85263736
32756453
79730563
43601239
62538087
70417062
28206080
28658617
89983117
37816831
38006716
74115351
42524684
73337450
27360387
87370305
55511655
77365867
35468611
34986587
64592229
63331634
87169371
32342164
36449479
85325467
86581808
6115512
11396381
69203002
81026116
37886923
69760737
83644789
52342218
63970860
6964567
29505686
20760595
57596459
1701492
63617192
28902419
67162389
76638265
75222428
76994306
92434442
20751584
64943870
372892
19738010
96870243
52255434
60651954
54494387
82148131
65787371
38521773
37953982
47880015
10394402
71937622
95257306
68363870
72475015
89750015
49062136
48510283
34708987
33525385
40057039
53483756
90518633
23698081
27868981
79359556
92647137
99517154
37129020
64449855
51769415
69305012
5807773
28638516
76501320
72799442
87851415
26232878
5911883
69337467
69999021
99752961
95726817
27278842
99877229
52841028
86630692
77510667
31907085
85734831
39735865
78031603
36217193
81246234
35145442
83996405
22970680
74448191
68127413
90379823
28862591
34306666
60887629
58208925
74951401
91356677
73112320
57351316
18172113
94018367
53712335
73249890
86000847
39934722
20085086
51362749
52085081
78859683
20573493
64457929
71446625
7191419
1451557
24427216
86618109
68270420
31129241
72025052
44358474
93789463
72284498
59347697
103262
22392150
41526144
75517089
820971
92015349
91714070
4618979
96290988
92607947
25980995
23389671
60342822
70934772
78810554
84254615
73872444
90013572
20203622
73493164
68722221
77560314
23098538
22192850
94543921
42458052
44697270
11529600
41214146
10521384
68312755
52089383
89361708
8180733
60978561
56099696
49346725
42975672
48577903
81489382
33672153
92193219
44249384
60103141
22126935
22255403
95927383
3669542
68915311
52977243
11808403
86135622
33522498
10660239
60091018
25288615
25705597
33421835
61832658
32339081
91166669
51354059
85568946
10734834
56741395
43048432
20690710
47697970
41649931
5325757
34583033
62881724
71243244
58208435
77494911
89060834
60125739
3686319
42210871
10952661
92335673
1863000
72563165
58846179
70854806
76497482
58484559
69621393
98329020
25841300
28815141
66599466
28164380
23517105
62496642
85408896
21084051
95231762
33460672
78075751
79911812
5218764
32356789
71562022
91268188
28731690
33005901
37380159
96716636
45739399
89149432
50385144
22299252
61597208
53575008
51811295
78856405
38747900
72013044
13656343
22916609
95966768
35330597
99916695
73726242
29307944
74062911
55160
63231174
35121000
18740180
59760326
78849067
82164398
38801623
58282073
5330011
6324113
49451766
72118512
52180088
69411901
87640532
87616217
90753884
29886530
92246487
62176273
62983432
68687832
36205878
18031141
46185026
62940304
3367272
20783905
29620986
65932252
22944017
8014630
33775346
55874170
86974934
88404187
82921891
67667811
51803200
35657074
17478657
33542990
28537801
97218980
80475550
60999933
66961876
67696491
21779568
20671148
51830977
33494912
34184596
38561074
95728029
71597353
26874789
16836184
46804883
38548321
66134920
18447947
16992911
14404045
96027475
47881859
50715303
97400346
99060311
90620195
83141892
2955816
49683300
75166744
10331299
81004896
89002342
49457169
17136776
19771256
9083485
7621862
74517213
86244030
61205192
74771687
18123609
72002976
26464481
67323302
2449064
49651216
69950304
53389599
60491234
72277724
10518455
93521918
20508532
49117092
87180926
6681395
80512401
52402271
91235481
12440740
80091500
29501744
30471169
84558113
88937074
94065405
68610753
13527546
25211043
38892748
66329947
17356325
79607899
6686401
8530138
39176622
77482974
12220991
38580759
94182496
83628524
52623488
58657275
48564757
38377324
47462247
64035786
16680008
36079618
75716627
66988085
20921780
62792998
63861598
51505420
30765876
16725720
72913734
40490969
89466992
18524867
38138909
40015546
63945992
34493709
86822241
9349641
91796997
2992886
73296027
39033655
57987219
3970735
86007327
56495596
52640712
23693916
42745854
49443241
9852810
40489234
38819064
54078809
23171976
62043489
76481150
20103322
60418174
31347080
70358901
52813647
37145790
92099145
964327
21326177
86846467
66976794
60922136
40208691
44829836
69648609
78626222
80759002
87966933
92227230
77955864
77886719
24729676
19763589
47557444
11335143
84876855
53255548
20404182
14396747
95017826
38455241
42397090
76501616
679459
36266633
56342301
15389917
50877917
45498506
27764867
51468264
88888766
75992085
87164959
99560302
2512032
8202040
86546113
21239166
98042923
44379979
6181561
46781534
64760250
76077360
40804150
68976811
28969163
55256120
88438306
54681967
86905343
8397791
39417992
88124671
87139633
55653616
28506809
17225262
66792554
11931109
20496060
4466899
45631083
17721945
32319954
94086604
70807956
66287470
66540820
52386765
18765397
28023917
12169231
55859465
64812269
58931507
49059230
2462809
72132843
52191686
71237780
59618331
23603624
46457147
90500978
19657713
41285152
49375190
47476771
49635577
32825197
37079490
77015308
23686434
39335060
75299954
54948150
42731376
53921499
95874038
66019668
87791954
55440252
97402910
30531031
17521241
12269487
24542989
38552707
18497854
15441555
63116546
53726755
34584864
19933180
65025607
76079975
14476903
86100616
31050671
56853228
72011144
27790098
53844579
4271051
60870656
28753737
97494517
3324392
8918785
64621607
10855564
47567941
15755822
38071475
64603134
22053614
84319427
14617837
24636235
1556132
65995116
80590128
85721881
13460834
6728334
84012576
50565667
39689503
73446261
65950177
42256771
21195449
2289486
52301704
51899821
97263648
93389646
97893504
18638111
20229953
7985616
37598884
23964985
7042343
36597418
71009000
68464434
11286637
98229149
56116887
11051522
96565083
17594612
26849626
71493910
80964458
75895305
49911883
17338907
24629078
2000657
99444237
8631371
68670877
21570551
32757114
99406835
7304031
32340795
56489954
20713812
91189046
9693985
37892142
40635686
99478879
22792369
54225596
26764883
18843429
80965175
7191652
80246135
1014738
85408399
36860859
23996243
87636382
9371877
94724912
25108508
21685589
38840187
20214787
713794
5576125
48372743
96963292
82514483
88857853
47473367
32887952
31068106
8277348
37649459
19816014
4288350
93858264
6071615
21690673
60151828
57754671
45977614
56412059
75970409
91469328
3219633
25825344
16640594
98403447
57096250
87675933
30325592
67830131
68904353
27938271
87485651
21916629
80341594
81628595
1071823
29826671
60643870
5225154
23311650
69527534
51654511
61826600
35727670
45096985
50844103
85496695
71392459
46273011
86362160
47749496
40399439
66033792
70606101
66346158
86220809
70649015
19258810
52475628
47037893
47130466
4273441
48860829
99576970
10178902
62153186
46896087
8996779
55378161
14174288
16164992
64186015
36634411
13025083
16926574
74444475
30994910
2229855
64392337
90012003
95832737
14154480
66424102
32260520
45414809
91673721
45739050
84429428
41221013
83553813
28993900
33888697
34154765
46088959
44928859
40819542
40511740
16900294
33636589
83275879
66079263
2746690
17051629
8438064
4477632
64315876
95707739
10999694
18909118
78774579
87211199
91642101
19369834
48694083
1509539
26998759
11846663
33225381
53736850
49288666
24612833
3855113
54409306
17224524
3033174
88031183
64787868
5011713
5796651
55238333
34270230
83286630
40158638
23686772
97620706
35704190
69158288
48052547
86934907
58508189
8535456
90072359
47488311
37000777
1971169
81714732
27884208
82336457
45332326
75740199
88672563
51494868
97251028
31752816
36397570
62445700
39464999
87346696
73910775
88171495
31490915
91716017
8271043
47009783
88099363
50690455
54419119
69483792
50535836
63696780
10224243
22887575
41116764
69250360
46367582
5970995
73245163
27233617
81522860
84498480
35636669
64773004
88974916
29897394
91664293
59000777
84232634
81182622
34901723
75366171
89790964
22862874
20260144
4204991
85352958
84667371
60837916
87146140
51877371
41094284
99764899
94928845
96884589
95673017
28202863
9334092
98106197
12773753
74242983
92074418
64346080
43350895
67838688
31581691
84073514
99976529
75292921
82277765
96118331
75220834
86081
8327004
91025020
6610183
91809809
1612860
12067247
47579982
20064105
36616188
69365448
22647853
78228970
22189754
36870180
98494786
96337466
95417063
57415113
89508115
26417404
91740966
51174726
94353787
94419328
23189845
98430850
4238566
11618454
68231214
34251115
28247233
43572533
86416889
62802218
36144773
27081889
77009711
16099480
74223878
92603819
61000363
52931292
27681338
18312015
92210418
70323375
74116975
76090820
96881898
70872723
46115661
5582337
98833805
60977250
75158800
18339958
16284740
9215521
60393012
49360384
6681096
8141892
1717888
72628833
64431991
29543687
86177561
19754160
77929204
29806207
80331556
78170265
53938411
12036097
86094672
68359867
71954107
62211626
67815582
43088106
27800292
30635039
825047
71486024
9099096
41891838
56346526
5512335
61216528
8296540
46772384
10837117
12384233
88095602
69804053
1298595
21056117
10922664
4196544
1177838
76781211
56273672
27918965
40606697
88755782
38938240
36436596
45352754
64553676
6901383
44466169
54097813
59225971
44966074
19614222
15136110
943850
97318799
6374761
5313128
36729925
49927452
65852064
52520252
63634719
66765388
57430046
61262219
78773194
65579686
45631133
60163982
39303609
84792624
1155021
21161249
8567046
37040013
1572512
53096542
58544526
59089098
33019690
41781590
9040152
4068758
64074290
10897492
82873852
9295824
36320421
58494250
25806556
80845841
19605683
21137830
8493508
38860795
63270003
91399964
19750233
86922188
34992517
14582843
66189556
97751410
21710773
35235407
80904437
85132573
25973814
47172493
15321072
56368695
12961079
46628827
22539970
27922251
13188835
80056006
34353728
58718361
3911150
28071706
93591912
21194110
21718016
49080471
9706431
85519604
66011601
47746059
72620513
61221329
94849204
6326233
30522187
33612428
28945615
17545637
61675173
63335222
99972055
53967424
98765396
50534786
15445093
63911759
35639294
69759758
67886897
5887126
11363551
14956693
41307710
80720477
82494156
17060355
31094597
86074758
35808883
90458829
69119928
11589421
15005871
71202931
18007462
99767857
2864614
97309419
72320536
35732812
78543135
25322962
50291668
91563411
19487191
59295303
3219972
59390429
20612160
85559617
61547937
37847263
76198381
11721027
44283439
51096208
23256294
3751471
31773815
71546061
27208199
25907628
99800610
28102397
30755829
20101049
47634577
96834836
58660139
44093304
27999703
80669340
89946785
75163738
6257478
41733938
55565955
8423560
47838672
52108224
52228371
55873986
23708864
25152971
61257693
90103590
5904426
29587272
75607153
81242054
19001270
64376606
62548344
87598302
59065891
42105937
87664978
2743938
2427041
27266471
12333378
59739339
65655069
44797380
70293006
90667605
32847375
33882316
5216578
16262034
84650488
36465846
66424229
55899785
1435572
36589337
5095664
31710177
36958820
67406246
25141451
79970528
3178823
5960615
54100145
24203126
69166751
90296499
62237415
2258507
28169126
40061277
51815487
38786926
83834731
48913034
99259686
16566102
95055036
8417327
25446894
83985189
34740114
70572669
74006455
98822882
78478885
32939803
46613257
71615061
18760517
68878551
16971878
15401391
30791751
82634702
27062223
96204657
3930638
59058948
95836089
19156496
41950077
63953674
54502476
833829
38122962
34811775
82289287
77421364
4327439
96083227
2551283
88746420
73003918
55845319
18794929
71891219
64502367
60606022
11556915
41391250
36251406
96440458
93785258
86636452
57469507
64038530
86852338
91756258
75338349
59442551
18621082
90058493
76666588
8761790
2750999
77717638
93633159
44804990
48859324
38384646
59315242
85179032
34709517
26987361
40283004
10167261
59120404
23335907
63784724
84665299
18641545
95440855
37352032
5586763
54732100
80861707
54266198
82491206
17366124
10261505
92964704
48944489
37279678
93316694
80647986
42958230
52498741
72167819
26106610
75204395
75165919
63441590
85340164
3047594
91184073
24170702
81196256
45393820
40654819
40806165
55203356
28657117
80764032
85611676
67510643
41650748
13759729
4249382
75499054
16532711
50124071
84126819
44215026
90137035
50561697
62759791
7630471
86219221
51708920
39094261
63762616
14394667
87098436
71156935
29167012
72759865
53507366
85938566
56560170
60414695
94993896
7210246
74451959
40612843
7022493
60583088
2101046
45711287
79607809
96401741
25765041
44764404
98156402
47795335
18275696
11095644
38077651
50628235
38179889
12890034
87645611
62178968
64075876
7115954
30869699
31929116
83711183
67377221
60019741
25249329
66486205
70047187
2435848
41589894
97141112
45581743
44121589
63051078
71781836
4464801
86102083
25839641
7485989
2889122
21588534
84327693
72709653
82294883
28987557
53332140
20083525
43895464
98343920
70099897
72398549
37881682
89572776
3388641
68391486
21992341
27589310
61449439
50089646
90858497
64865389
56993310
12206376
61263499
41681586
32845885
74477030
12356791
85457135
35507437
33372195
47240870
57135660
9026052
93322279
12753271
44555134
41605092
6344597
37312254
64085244
38530586
77926842
33038542
77706196
40439616
54271742
39798578
1955031
72201918
40512826
71607190
35597947
95386589
76025083
50338606
97333268
70282954
65922804
68072765
80678842
39640934
35444685
98632436
567578
74292080
89426907
45237468
44237063
82636421
1018847
32105165
42789470
44961532
60330929
74076389
16387015
38340910
66241861
86007831
29720807
18375675
5712879
1588044
33117003
39641949
18297895
28423714
65628934
90832830
8741996
92204679
11815919
2193272
4588661
42661735
10875945
83547029
16132083
49656994
72363581
12605881
3150994
83975947
77340660
68997614
73580252
7690512
80582627
46651265
82096021
71872552
85165680
53586107
43359919
51526760
74987498
56294155
24408189
38782128
77293249
63341181
62735053
41141851
43836095
40293135
50028697
32362380
1553079
30099196
59680281
32771240
60882056
7088765
69113268
12459347
37548869
31807364
44699963
77232238
56518026
60688554
29997285
94892811
26186310
72009715
10807619
24349000
27130850
28333158
39259724
93035928
63435072
90980580
42929673
83015658
49801016
73450624
70812608
29071537
43210692
56039416
10232010
91218859
7535858
26539707
70888202
99713590
32978880
19682078
42736377
69631133
19018700
92900304
43658366
49972084
58903906
16456981
39921404
21020680
69222844
9290147
16750759
89155172
98530091
98422479
23798194
58423696
81446160
74217619
37082529
62904160
69195088
2137462
79523492
18145539
27915952
91042381
67701334
68427222
63204860
94846885
82366178
75030166
97235958
81616002
21003769
45207164
73966343
33469518
38102238
67117113
68109629
69957599
17185368
25358599
13852728
913989
42260852
1646358
32928257
89115872
36628239
18434758
29818489
28116951
62335906
38440
18221425
91231818
24547120
85072525
17870428
35655211
69133288
12849376
19730826
88033001
72314
18366741
68324630
94268831
2566917
41688479
28173201
15090112
12797405
66781982
12635916
10386870
13941974
55642680
30297311
94217342
47460636
47472793
2844318
73891398
19114338
7021544
70779544
46966650
26347822
79625725
76349331
19450048
34781037
71894881
27147401
40065702
21778173
10630859
96545788
71452712
92675900
1031116
2003351
69521698
44994497
93735347
75405156
4693329
20745662
99951632
32328388
19435003
89578574
72284199
92021233
37216217
31344083
70280793
20081529
22075480
51173061
2905030
79754763
34120586
83203289
58027150
66556727
38653773
8433868
97909422
3783251
94214050
48878711
77957394
14586549
27006916
61947719
91552828
16536865
81744957
55189057
75255300
28147507
26290951
37816790
45593636
31578445
74313510
55146709
43459403
58988716
79426086
66935587
21780925
10606157
17945728
21105541
3230549
27898231
87064517
38642798
80378919
31326673
19964460
81655300
40594840
25908756
24385153
97855402
97172817
42287709
15115242
88516931
43794631
47965177
69439140
5896856
76001967
25854769
29449638
9723015
99650485
10162291
76984408
45200142
91788749
40359861
95328790
80048413
77089013
46180268
15313232
89945151
49827228
85889868
15026231
27154309
85571088
8666763
51485394
22677206
29349924
84498934
71514324
88786445
39535936
51095655
69989969
38264955
72516918
75462422
57910980
13371593
8009659
36287449
59575066
69983530
74044145
3847559
23767901
69901264
22288699
46687281
91901818
47432739
47033209
69868493
59039298
40072167
78757035
481430
41564512
10408708
58376625
11002529
11112900
40629759
64068216
3577445
1728304
28499737
15465306
51024607
31407342
13452576
18910114
18944825
45495493
41942954
78144342
38125876
9117982
87496719
72015368
73818171
48105177
47792017
9274205
76820166
87586759
70725933
61709949
99471026
3098609
93031375
21195172
80881913
80211561
67216233
70543854
77899623
38215956
39916587
26907280
17373218
38795938
76779407
76439486
86978582
39112486
81934685
57452018
87551383
94597603
7276070
84860450
27985729
79995032
54742790
60042576
21057643
60592710
63002985
41859904
82512472
51681544
85979430
17233511
46697812
74559781
89841634
33057216
26816617
69503241
24721935
83325842
83666274
92849359
54941866
80406654
52854159
55795019
61488285
2068503
20234165
54781492
62985117
47881903
94428006
95158303
72771308
89804503
55543746
19688969
4454637
81164106
82539
67314923
58560939
74979748
54566995
88314698
62667018
62932085
55658969
97373889
87169744
32442920
25187962
49255481
72332289
96460239
93011459
89200064
4768871
60699509
82356869
17668001
57499015
12445141
95797557
9748481
33494426
7196229
29659109
98430907
43376835
33198127
81593194
5512861
33542123
13850625
1092864
84006597
61694090
71185283
17863799
15126554
61534615
90776505
32190806
74518506
78276161
43475348
17795976
56960130
30510657
65557267
47348156
80250079
58061282
53417332
87960951
64458911
6216540
8241852
91336818
55325190
26344354
25278844
84571853
86329456
33016086
12666088
62888446
75389517
88780228
59790511
43866233
73987829
87766605
27163968
86526023
19536899
21567677
26629769
32461222
46112981
17227831
82028632
97388504
19898767
63522993
73274715
34138961
91284892
80488841
84775564
94136908
8776160
5734934
22380866
14023555
51722228
44010767
67047372
65713642
74567506
93008580
15216793
44386948
37818377
91698458
97407245
43740168
53089689
14158137
65629566
44189155
96441680
49250227
38697934
19195920
36033671
30036913
21923317
20394448
31154758
35651356
90654525
22310373
32853370
48966818
21563413
59366244
79745876
26774581
34643062
25252193
9594530
74791266
5887263
48977968
6507334
54855914
2090629
55639282
26222866
93634184
87057777
8936200
59257035
48882619
10088880
94488730
93107392
47366511
85208228
65591936
69358975
10605371
26926597
55944532
96678754
88091041
56268289
76962684
75824475
81086953
32100824
44133145
39380135
47090652
7059395
83631351
65482999
17571917
39985809
87799653
82115564
95375339
44447441
13902146
93356780
92292488
72169503
41512159
88418456
69103208
60041660
34064048
13915924
16860582
69370149
95559842
81783512
39043210
17432127
99867784
66139194
83193253
23089992
41724540
75672962
28415355
22568190
13496360
57909446
79040282
38607961
63048911
14348954
24834956
78998220
38058244
69460241
57804212
63859331
93890963
75831726
65485269
56766471
18685651
93251647
79324753
32509739
42316998
59453196
4987114
49996618
42635206
26670414
47847104
27885956
27002441
23403439
79156240
82436576
43537688
86044818
75052165
7159626
79651508
49686207
96700579
83861799
53270486
51158950
63874103
56813491
16554455
89426949
7205965
71726749
4593841
54518453
72210871
7043566
77677114
84678296
95852949
12023966
42564981
25172520
91996426
3566734
24674011
61962550
36427026
2013477
48875533
80098788
15009623
48317451
45898509
26573862
18590254
19609380
70060998
95734037
39954000
62897494
25038110
12062906
63539664
23275013
56328577
43185458
58077296
84657172
13946835
54211743
46086506
49614718
98316334
22263724
59440569
50342071
34821763
97767448
43870770
17367883
97781208
60357341
11060093
2038595
70174438
60370929
32302011
67754135
46645142
14437019
3334103
84797557
12791408
33658543
62117117
21018755
88660980
25671205
2472968
47388051
18291336
86785643
34226182
68318274
16552442
80728328
81063482
48092152
24780722
5952097
92895691
1679350
44428749
61663725
51093970
76960608
33234104
51657895
5666421
98904003
83307332
45927780
38782897
78066555
13932118
43607031
55206513
22397387
46874535
2440370
74723276
5986980
67035597
51601056
96807430
53335622
26751453
85336535
29547848
29730085
36902814
79437186
62557367
71147674
11038891
11948018
61155521
30416166
29054699
40166909
58354655
13543539
7738545
6482873
57248401
83233597
9424801
21774998
41671350
32930892
55987565
75863109
27069337
1313506
55856017
47235948
92851697
94218486
70836158
38340121
96409323
4322226
10617193
40714038
742649
51906729
13432490
97536190
93290705
68430305
10500549
12026822
34715932
53481153
76631380
59868425
65015727
52521567
58425884
27647441
80490584
51119832
71571592
57681843
88642662
40231398
27640286
74014920
38151296
73180178
98055326
73809202
73399050
18610830
64925208
38613651
42438604
69287382
62322585
75606834
84736753
70470725
63964347
97081993
59598203
65959537
16358937
89875299
23592951
41738403
16172581
82401081
17271525
7633792
15847674
21330133
79997009
10070802
91416430
98605399
75880068
54163476
9307986
92318653
86982598
20912276
60626132
3646948
90562304
99456359
27068403
72079614
40521828
80162226
71558659
79310127
35712019
73903650
75066878
60034072
10151383
98631679
83023360
69467532
7079465
71956235
70550329
3073530
97033856
31390088
27330362
69904008
1714527
77142609
8804112
38343312
97948819
43927214
9333235
83941949
43601103
367711
35462309
35413105
5296197
24624506
6347637
87451227
23864699
48774049
34151649
29544280
15084555
56747175
94219932
88601789
97596497
47038906
89350215
39700972
24627155
96312719
55752597
3261940
84055165
44160259
45718021
28522533
99636929
9650216
33274959
96112568
27673342
47072740
39079940
28544867
47619679
10623336
11432807
39647042
89697009
74213684
91041331
19726032
11180360
57869050
11410263
90363301
19252314
55157314
11540170
68196769
14145307
56263925
84488932
4147965
68035712
90971855
73596609
11738391
17756706
6064685
84801247
82184120
97435251
35479866
66392884
18339379
11200144
60663703
73187125
81090221
22360702
48603992
95751621
6286127
77405202
71796721
75150635
49798771
3965797
31641473
37563915
61580355
51438922
55694767
59348258
33437143
47702992
93519339
88439627
84018972
66694938
93156293
66243356
67387132
61955154
52365757
99262269
93150368
63878697
67360610
95141421
57944659
53063384
44376570
34860224
9292090
27226751
13352069
63763758
37511679
46156014
1201602
7957407
9033655
78665152
93356875
72844091
61892138
62243097
66085985
96076873
82079240
59765075
13054370
70455635
61523665
40940224
2549042
42489249
9671083
43622517
37078874
86354274
90660398
62980683
27169632
302721
56818121
87774342
75722828
95945767
6944073
67732514
5233565
21959891
49255124
65230301
24609595
2525785
87242078
47574863
22979362
83460448
65310509
53211606
73839840
83192038
98707523
36219458
47189037
50385925
93457458
65346261
88213511
11137740
79858865
3348319
52445146
69056043
16636057
93582374
75825073
52466057
65824472
16444178
9367137
1735237
64830607
41844463
5216346
651428
54675738
20302431
7328008
33679261
54974997
61589713
68350026
9931003
96170676
94527263
28787672
95181175
23469819
43253036
99747067
96020465
29961954
24346398
95029635
41468666
20345776
68136895
16135345
93014818
62782493
73462969
10500332
45833133
36792535
82464734
19832930
97788765
47256768
97343686
23312390
67238009
95067426
65181439
59113855
46580482
8574901
10776305
85125270
51566855
46166810
23452552
74854179
6681355
857053
90147960
67214684
1544931
25215512
75049501
244831
31688156
8158231
7489954
9532533
59172517
10756423
3348323
48407304
40004727
78149801
64072820
78547174
96321236
60353388
21889379
49769734
18643075
71121885
33562185
73239761
28374930
69407792
3603034
94619838
9235474
72446709
4020777
56927513
91356952
61577281
47813038
44195813
27123656
60686957
23021910
10420906
34337722
80456855
87401758
51040607
67164829
56900237
54273724
17546624
92860389
27487002
54210864
71341670
57478966
72719459
47541193
22678331
32547150
10096802
65044785
47913624
37248611
34206003
46297421
18904424
12720266
59673820
79069400
54606185
38228344
99236472
4844926
58539524
28474800
44740067
25166390
55680235
64717856
13940080
32132032
49706081
46872224
42125580
59767636
9049938
29884196
36054897
52835808
65653853
39207517
14760788
22093141
5924915
89951081
87029070
96628145
83638475
70219339
14317331
43235911
19225297
60246135
51023037
51484510
57350186
67749742
27907892
64166576
59814242
53815025
71113143
98078600
44832963
298833
5745724
54788405
54018750
32128332
14173049
45997434
66468767
10929585
33875916
24719612
57901698
90960100
89644145
70348499
63873206
95339590
63792875
3704770
13663194
20191243
31593268
69675689
2223322
77000809
16442591
54175452
84332970
66577851
28682044
49196812
86377263
15881792
91250888
94656960
14483398
27741165
35942590
76475457
95773031
1381745
62188952
37683923
90673358
30370579
64141513
88714849
22284683
51046883
18732502
14082349
28450628
7254338
84592121
28894675
80703570
81224912
17340216
28474268
13332080
76633070
41368404
32260633
50787287
96922965
19818116
96967952
50768768
19324753
76234758
16637424
78565661
79317723
50647229
48102804
92094415
93336184
46738668
18729599
99380049
91932612
9170415
98704080
92527485
233036
26391521
18363430
40306378
933523
19962527
36613874
26028779
87347479
79429095
41954119
11825998
39862737
42003103
40910732
80019354
36487649
99168853
60804342
14657338
85823362
8792280
24403887
75035523
58059564
31575528
16763180
42465022
63499499
78549031
48212278
18561072
82660375
53052037
53158225
33336844
54189975
43660036
85048102
19780925
53330164
95232212
7253156
99384490
54733120
75451353
48930355
32557042
83386717
61596153
45039186
41341909
12922993
84644723
91316886
19991063
14692383
21997731
81753309
35639969
39472905
17260416
35031688
98909261
53849277
41136683
65906595
79290084
95066792
37838497
38787450
71088991
79599681
89776518
57422822
69917045
65351482
37359586
84579404
28132615
65273944
48512016
92479353
34138815
13901260
74640118
49312971
47557075
69783978
89852978
1585223
54117524
72044277
64877665
54511551
96854699
13356208
80077846
93442104
20640086
559680
48970223
48294246
48629278
60168233
70092757
18010244
53878277
42404595
4228597
55641803
40649848
79405032
38511629
4185006
36528643
80409087
16189306
96242574
71906491
5829166
13692281
84296429
1985150
4045320
1722967
92942050
75691857
17917552
95016449
83285167
73411287
17758589
50220799
35508775
76612702
55565787
76111129
84810966
34665196
6987793
45401084
49029288
27975355
6876697
75796485
68126216
45800704
24951940
3661045
50533893
5492672
66355662
50562911
49643345
31761642
15000364
46558988
46267010
23182502
73968773
31533958
66674457
17440419
79782697
98739834
64722448
48835734
47208385
77295824
19448464
45539118
36205582
90230320
77054274
84677437
96246973
11006662
4545963
39975460
96957581
8614809
89430104
8003344
5667686
33832644
53394381
69052846
98439115
20191758
67924768
96191613
78403901
31313512
2499763
67202424
57375209
44313195
23559229
5501966
21364613
26775559
11840068
94789359
21910801
70136603
20034302
41311988
75116067
63823810
82564986
61989571
86562825
49206259
70625536
5708569
45860497
25436661
66458434
79778796
103488
88302144
45810642
91108011
3891069
28622375
43147384
21979594
43587576
71282718
38352900
22633132
18833581
87303576
36908341
81232951
9413616
37791542
68211486
8471228
92891980
18156311
48969433
44027929
25395575
88626535
21143890
46504035
60394827
19970056
28782195
447018
76422935
2780034
12335044
50852025
94550464
51262173
26191776
68034835
19498381
6832507
66387904
84753599
19731286
4279752
34913562
34440308
63439402
28858525
22996643
65867299
15749928
35382374
68226704
60204058
32835952
12716691
27826832
65043311
77278327
98384156
19337297
32619772
2942872
59011346
32931625
44264963
74698429
45844642
97453945
23808853
31037801
16389341
38141660
31473357
76407753
84080764
37147825
97516643
97283806
29242984
23943844
23287960
92971365
99029159
25988078
46581809
10922232
91435456
30941223
82072262
72121702
59900233
88828929
13876409
55820502
51668794
67832555
31776293
35604758
57067449
85906698
26337644
50182530
33476051
89716154
60674312
78433744
18330010
10461808
71535291
52258646
90780130
63189392
32258750
23181465
59303747
77831842
55033745
89916891
35269778
90854587
51510333
43211299
17706169
5917311
19913803
77548367
80715021
41997183
70633945
35504624
18032163
6685129
3006523
80193268
4070693
42616745
85801659
6732838
57625246
65301116
63999608
35594986
90863844
11031675
42665725
39227761
66243822
8423089
33984043
83518586
30244590
67618799
98059497
37776500
4688500
99293423
94869430
57969253
42986694
52948565
79802604
39101205
85945653
54361523
94405238
79186719
36131550
47769277
16923067
83624784
39698942
82727215
36896966
85933272
49202084
33447199
71790084
51898360
34002143
99097661
57342479
79484503
7573205
71657545
19133444
81786293
12368593
46649661
79967462
79153412
50972846
38897469
44943157
31607600
43374869
83466962
38645659
47318328
80558643
50195015
51783547
16550910
25564343
74150324
921748
95665846
20653497
26393431
24115401
12637460
6508137
38485488
67382370
20254191
22194938
18962377
3278370
89696235
80670878
67755200
99633488
733685
3510444
92480180
15300868
11748073
83648882
20976126
92455802
36943474
87721102
75013113
71157074
888484
71883267
79350103
12149583
73311304
64692570
82274933
2903620
48723696
40454753
72309097
9668729
15209039
50574510
67402800
76664663
50760108
85483392
3037800
56468127
3529582
75020333
50253201
98874267
54947774
50282608
98777338
23897870
32228204
78161803
87750899
47221506
41098498
97812411
11273925
9793886
60693260
87318574
24016864
70237898
60110144
47489202
70061135
96663369
63230137
94850534
97113028
81412256
96906475
78840432
82580273
76819230
45384259
13262648
60943931
97209942
87979758
23199854
20514654
81363877
24769893
55816958
24168225
10874181
46047112
26213255
57685763
17674714
56448671
82373300
77662866
6971857
47308350
57448483
3867863
66005533
82066476
58161282
76323337
7691546
47575599
42272112
25374635
75462815
63616747
80646889
68356034
4948351
89275562
58967423
65347212
62043254
63690513
96126566
66299586
48296311
35855334
21308829
96998840
48522658
83294850
32782982
20894402
59209039
48871668
93409787
87658689
32133618
46312496
11199564
81019410
63395980
69065696
90347041
50201037
16319315
98625404
8121781
37327815
728778
39279273
13480834
44768058
60434383
55538723
36601979
78836283
58772935
75750876
55717304
25493529
58394474
35349151
18700092
48178577
18504243
66236261
1948545
18773234
69412136
30410594
96890726
71872504
9638655
46934401
47730320
21384683
73274358
17755192
68377062
43567139
14450446
37757998
26850624
76141605
58246395
91120855
44796651
59399496
84888474
24506867
24467184
3753705
81497574
82398036
45496216
81480078
19932594
20305365
46650609
27957224
95990769
19388460
23080861
37962872
59023553
3959277
38448230
44272881
31181685
96301188
13630046
58614193
5483332
5736059
71127294
28991038
34923038
10028368
31481958
79330716
8744988
60549957
51605795
80786187
94892346
46289848
73293850
71569480
42936918
66590908
8984924
62599580
14178575
24044815
18380172
22176009
2582713
84666262
55985346
71916928
72495066
6864746
32643503
49235672
36685127
3716022
97053839
64844775
13710642
72017621
50814203
23977320
45137989
14055662
64915459
94974643
97037558
32232747
38608760
55550103
92405827
49435382
576225
99239699
67813867
21626437
5363339
68141391
21962445
96837310
63313739
52517423
25132686
35394607
36473066
99913302
58260365
29497318
42757496
26681818
32024998
97793622
34481156
38134046
61312819
26157820
7352117
50742373
65607181
99918033
24242230
36342585
15468063
53288962
73923147
72384213
74554411
28059935
59630345
51362051
82306635
43487236
39948470
63864499
32961540
71779105
28724543
37474418
54296142
37771842
13854896
81468077
89758908
30267983
50531298
54266767
65806780
66502352
21518665
59071289
97261150
75624276
36315620
80117139
55535284
25944410
45859149
56031221
92281067
19622220
93015383
22031750
87965496
66292598
67435705
26672599
23139198
26506804
17871250
89282926
77534394
69176838
60231776
46323122
59323541
59714798
2849822
93921176
61547661
36776546
33926715
84915462
45692718
11821473
94686830
8608967
93266695
84957578
530782
20930627
30822932
13041911
44277583
66384982
31951594
13572152
85030781
89448841
27534824
1778043
1159920
41770672
63352306
27918194
9224195
22322450
75376728
88009673
11567441
14392186
40735795
40361727
70387120
87770705
2380833
1469825
51456429
40067169
72193019
38873236
50769952
93428279
7681519
51684686
63304738
98679638
39897545
99993248
42257200
87228700
986632
5187215
66022801
33786560
17593825
48031538
58998635
1618568
79888655
71907178
81329585
46613533
88976028
47163723
3284262
9451876
82439576
68415719
34651827
83951685
17787597
38904607
45870854
41963101
38952471
14630981
69139352
37504914
95522296
28575945
24003132
60272695
45352853
51243432
7037280
72991511
44427361
77410305
16018452
75369807
96471257
46968802
85446004
76987878
47716389
45988918
98077902
82303382
58684640
44544398
49006930
50467538
61877462
8891673
1814015
63082493
37929896
88239026
15678095
5371198
91252243
5274776
95653774
14435690
62190798
42374082
26935118
47417975
12877743
85193593
44046034
90739957
94267740
44703944
84475668
80968572
62620453
5863957
2492623
62815750
50754387
41919177
17313297
96712677
90919161
57137159
15000802
61362018
96049204
38770162
21027960
94359061
25894867
77016998
78705942
70205651
32422190
15368154
72881618
35710056
26990374
57044849
44903737
31388714
60804662
5487935
24728154
84320944
54498267
24489585
94490476
75406844
69932122
13178833
2815303
1678091
67881218
21260787
31083548
72426595
54538144
21124779
28464892
96514572
63504376
7558463
18408059
63414343
14682181
37540059
12268783
1084347
87686218
96163999
29993748
78966114
59535260
35114370
59974667
96051135
4902641
82259699
54000951
37249070
12870415
17405195
46062270
50767969
26200239
73100121
50965614
52117643
48255773
15893265
63345162
37462535
61209148
61523906
21833198
76241154
14918029
78212469
47863580
97815154
48702800
29740836
50196774
78611865
94358453
9883634
88289146
8386743
34889416
20951191
73066239
35337736
34447590
47576198
94177596
4541050
39457182
10438115
68432975
88738225
71553267
53458077
59628724
97182973
47466785
63517929
37073191
1115754
22765644
92372162
46860064
78406964
56798624
44004766
41165502
3221822
45548025
52311853
80911555
71369642
4882951
73523600
34162234
64128724
16489388
19251131
14415918
74680510
1616738
37524413
1690463
49012747
14861298
75293048
30273337
53581584
98926449
71259147
48636239
4327185
12136367
43949924
41955478
60251512
23997647
10399178
34807806
98446558
1138138
4082365
33317647
61340369
53716861
47233211
75879858
97597772
88801668
96062212
24017540
31201721
29306267
79535593
14240744
2299713
47593364
98742868
54432288
82836362
35029005
65807949
56745331
77079776
17167195
2777504
97150170
96437872
94847712
23621375
88374128
82715496
31897583
9742613
47905488
4433852
74128432
46360297
81964968
81865458
74744795
6242516
77446494
75093934
33278889
45131593
87866501
80735284
6522956
8359558
34292582
68027629
74194953
90038487
25365366
37374942
59272474
33470850
23587079
2224764
67302282
97390985
55046359
18195525
86814558
93256550
43978850
96385830
60731092
42118974
44184946
27816325
62344608
99269635
89502564
20736799
54211162
21316952
73542715
6013489
84096179
71870634
12750412
21975440
42409025
76748730
52870001
54316890
24799218
69314639
96022047
70730069
81687009
90559763
15691267
19080346
18907370
2817821
67660775
30441768
18214678
51422366
91283239
12514048
76987470
77617928
21898115
91324657
6450341
15977979
89612302
37161519
80614842
11377828
85893993
21055180
76331858
18302230
73537942
33540647
72129255
59270248
11548260
62288921
74860270
65264522
72905756
19216649
49760453
4571807
29386768
27304272
3987934
38557299
69714970
85454257
48096975
9592694
39809530
77363941
60811246
793421
80439444
91439316
91482939
83562224
33302187
38156865
39430091
79562830
4092119
74565235
92442810
97695107
74938270
5286059
29567700
90831543
51410493
65781236
52731447
42451353
28573901
33958453
1582481
93477873
1775970
67307696
94266549
53032066
67176727
88558372
93577773
57617967
18810454
55237906
16369353
35551989
72294408
56624559
90341863
21868864
80751652
4252259
97073900
84540832
83921619
85475357
12577980
51112818
97241096
66306071
67197336
97699006
78751691
8932346
59286826
22439633
80933053
6349723
66253341
73986729
53452530
43354845
41942582
99929138
55838223
36471098
22781414
19219473
23954299
66912028
89632773
21665399
56209679
7076216
37665473
3487834
88050440
93694381
68137739
63277012
75061595
11911700
94508655
84521959
4681285
83869107
39531790
49578435
28639844
74762254
26755983
24388550
56113550
5108464
63291366
43500303
4211806
80393629
11850002
67053474
62238807
48763953
31762259
81440091
45504140
77147131
3018189
55947913
61760666
70990643
75926533
57088259
99759989
73242702
17897537
59219034
48910130
89613618
15471136
14836
81242616
54691717
8407944
45762661
29610710
74141402
88545757
26051368
38034660
14647932
76868400
13321622
29001547
8404208
71718264
17947538
74817385
47601787
87491905
42268660
74342141
85798531
88089829
87846325
97147715
1436010
76461396
54161253
37891741
91581394
6953016
16857935
2775351
81614136
4943983
99749770
77957576
15263827
9492317
98221387
20463475
34446339
39553022
95024346
71126783
72138950
14441371
92945412
70765728
56235666
88526157
71271961
78885639
43794316
42489554
47242150
48568178
55563481
15745525
456716
8302386
9923342
17896962
97993697
16682093
77744156
31862998
58260668
36766634
83578860
29164322
34336990
1406719
62856030
49758456
68899313
59269575
87718127
3610880
5168575
28740798
47956263
84610243
79542704
17955058
94126972
66344100
94618517
18998535
70067844
95050093
31384346
90080761
41880127
31185898
42982868
27940895
60771851
17409168
77839630
35091819
57940312
55365005
38711541
41580438
28493710
46533516
19217327
57641571
34841960
42141390
29269274
67732682
75243346
67357984
4081172
55365077
50739843
48303999
38553817
7192201
92097778
51432164
78713436
70307063
5430142
30069279
47023603
83282305
91009294
3371703
75910889
86553851
87812905
53631558
1629474
10008822
53158442
72231071
33146676
57602189
41301390
37484526
76872530
23842382
62550786
26823793
38137766
13257616
79668452
3746857
51074331
33658945
57529402
50326719
10734348
94590436
45409538
7760446
4637985
52984556
14390247
98779969
36616475
12986629
71627023
19172359
35131569
89777639
91264453
59966576
15469335
65160073
66425567
1381539
82065103
57203074
12216422
33119416
77137051
17618502
57583143
13634075
5190033
60766929
64040835
19965090
3132323
60547675
82279176
61824423
76966525
33876176
97052848
49197752
68960716
73555745
10994718
54536460
74122966
86246637
28225390
3093117
70663792
5545432
5095284
2998224
36544922
22255196
21912064
90658164
42104263
27897190
30414054
34467325
37095314
91302845
63208590
82732858
78050481
9453293
10967596
55915322
32880829
33004489
79365736
68545317
69466254
70782185
95348962
72037005
53664373
10832035
72222871
35118180
30968504
19136100
94013528
1993123
54515702
47003160
21602042
2588994
17977556
57865012
97507912
47684662
69373671
44731692
69331903
95581697
28377351
45155160
20518820
78408783
97592258
33382832
58998812
9745852
68070258
7884245
46297391
15317749
86552524
79934636
21358477
98336332
35769033
86266579
32076990
41674100
25990731
2434219
47168989
93739433
62093941
18427903
51933989
62476407
65453558
88049239
95829442
20310955
94183387
66572961
66609705
60234580
62615689
71015409
45238074
81918657
50687370
22261025
68883926
50892137
93109291
62408021
50348430
11394724
51806409
49404008
80989392
19792019
53581747
93448921
62860428
65729505
82682329
16293369
66145654
18944662
80238986
64992276
76850867
85921476
96993289
98872821
77192342
99700276
85871992
3642572
29506366
299825
55868746
92937667
37927429
32082887
73232831
75593747
65659036
63782871
90109761
36182977
94017625
15740877
92248139
56191539
94072325
72315433
77976900
83567022
81878383
60726809
33874216
9735176
59816403
47073847
71074076
65926841
45931515
21426182
86530077
73448897
3516534
18696401
88504642
98669049
15581461
64922420
70108876
30500159
27906721
12670505
53184144
28061663
76220682
70788404
22468264
62323009
30191659
78740328
92727528
70843407
79621515
2617052
17425844
45195547
69867630
81944457
44354587
53394192
27335850
47624526
18787443
28398257
37072911
46937974
15627135
95487401
46437832
49568356
71335862
53402734
98154377
11381940
63667091
22581673
64357805
37498173
26207451
96792477
84284543
31872780
76237074
56090136
59620786
43931224
87130100
12955270
51795770
10460413
15472349
72957509
23115324
62211219
87408965
93782574
5405452
21968656
70660070
66922536
48466239
79595362
59917467
2994139
18065813
65091851
54873516
17110417
954233
21287934
97342823
3028049
535795
59440128
25976388
60203192
11205770
12375760
18197661
7458099
15212282
5051305
93030086
3764824
60627979
88196577
77689470
29424561
32615190
44373060
15488238
29097854
16904053
87175582
63711494
7054663
84397356
74932374
8152321
99220999
88910556
82351194
64961435
49552806
26510813
26016535
33816138
88951008
16108355
53116776
94176218
36557706
21500596
61120643
76361739
97092943
69745585
89634571
61755179
99022760
23854563
52400473
71417063
4921864
28803698
32318556
16100664
32285001
52803335
99530550
72764005
10014396
872076
86575031
91442679
12582238
26303762
75101074
32248956
70816111
82637978
70189385
36370878
3499568
91173306
64103674
57722313
65725391
97323260
15092153
53179680
90751143
76494341
91820600
81047209
14142416
67118801
76147217
81549736
70681784
20922516
93876264
66880637
15947250
6278621
33510163
85643327
5836114
25372510
19530045
20479599
81995433
94891804
45714682
2471720
33982021
78137809
73491423
44260556
7666673
89581287
35180772
25282185
83288743
36397744
26899235
67910517
12532238
21376150
46349224
99917998
615892
55068953
77243084
90068635
39346662
11545604
69573901
32784064
79828115
38791743
83208272
45791555
52916408
51023108
74186498
35321742
44453594
51752232
9605837
37622974
23238491
86425073
85417809
61712190
99903863
45630862
94353921
59463455
78957682
73776150
14543415
98713855
32925527
19121670
52284868
79595169
16285123
46840814
35035072
56350853
8584874
18519539
98620033
24736740
33724394
75542819
82807813
46862507
50414559
76667831
66264294
60492002
6496963
48447735
30267468
89978909
72540810
58874100
28638217
8781145
99884415
25797679
17537692
5135786
84373186
91683491
27929393
19465361
36422678
68162181
18713569
44947797
95016313
29982984
89127298
84273886
98261622
45151401
80038265
48479484
62769770
55130226
97645813
12234949
69621956
80333293
93184331
79935669
53887785
9502876
24490828
76707886
76370303
59544549
32837612
92616407
73366984
30818777
99770932
11800183
75042690
50536621
11133206
34516177
68792342
25696096
52756718
98751025
47779203
61898822
44304060
29773603
96284603
99964977
46143672
81992082
18194196
31486931
48353724
82928554
50473387
87032976
95455989
61068432
13663073
1219855
97103834
31552801
48094654
49109882
36125985
31673268
34476808
3923910
32784001
67458805
80354524
44438811
38171103
29628239
81303729
38647064
82155491
53916333
33002607
65972387
8747234
29176333
44319308
69133977
4860951
65421899
46507778
76604030
55112937
70104227
65014234
97796803
8649256
48975396
24290785
32847837
8098266
39306142
42165849
86057657
87899496
77677797
360913
58789864
51132545
28500185
70472731
40194951
29231893
11222797
69306322
51886830
12695361
90542334
38234300
15710781
1480764
63667927
3824786
18205592
43879627
12962779
28295391
60855743
65857755
4997766
69159331
61266037
74369878
66647139
38705866
68265694
24909352
73504903
39339058
32435161
30589560
4857137
3778405
71264046
25781589
31908211
54524772
68454875
70212347
758506
99786794
41921961
72311250
80901936
60391335
33726586
74092440
75083946
62930371
38377469
47081999
38497705
12359570
38885716
46737573
8261437
43917978
96508054
94798224
52295200
54251298
87842623
25467170
11050667
26990985
68216482
85818471
40907755
77864042
95897812
90808829
39334376
97368099
84243913
20938032
58789694
7328161
10468618
84003470
15436293
90166089
49777538
74072677
70737481
63383607
17690330
68811152
55775906
91618851
88064274
36211720
68131054
52735134
17676717
13130517
24135997
64897415
24599261
73466093
55295611
98458758
87655597
75404886
52153766
96197701
49726021
34127639
75398809
91130007
46757205
83422052
32984905
8277464
45667739
8301439
66780067
62884174
91781079
41894437
87422329
46046682
62847180
7365422
55430831
74111591
58126738
35528161
70519437
7426245
80036124
33402725
39448344
14123056
24865485
53431060
8404286
14548042
3975423
63378599
41791867
6339722
14147629
20100300
1681691
92347992
14455093
74977324
50115000
26791421
57658563
17848761
31126178
47819685
10185510
71657779
4854864
88302254
85612531
67923225
62102409
17715771
78278270
48115974
58965469
59423982
36070133
79611517
11476225
87954925
76661852
13248709
9988470
66731301
72401504
40907484
21304044
69775666
50710676
85123944
22412410
3292527
64914355
6456509
94523956
73741045
1748958
81167579
81254266
22707640
11916299
78153708
10129334
77660813
52662893
11425150
76019265
74329795
63015584
76464914
74787113
94280598
85415995
57817873
56020170
92952443
31994662
92449826
45780972
12398528
8487845
17999571
79946215
36489965
18678448
19256005
141571
67001314
16298166
87993317
29863991
69947302
22697456
36665144
90467533
13032248
29169096
46873261
51993606
36907742
31045196
85462893
73281302
47843153
22616778
11116518
68369731
4499104
89355320
27617845
45019058
49806948
92877029
53689001
61272308
21464560
74053795
41477713
64840679
8432184
20156519
82245694
62131355
87457164
11477620
84699774
17530738
75623684
59945362
12847437
24538353
98243419
33195145
6422879
12234545
1116234
2946822
89788435
15347426
15378330
3025613
34919841
38598769
85323799
76207015
12616667
1310878
43296966
81984488
55879920
81624360
20677416
82933828
49166465
58624984
14376757
66351580
93263261
57941988
87570866
22380639
78766209
67252465
87689435
5402091
33016897
32786865
93727895
25939080
82149675
28078906
79268379
69933483
21255209
99466917
78391138
12090547
25820280
23627678
82681156
26952663
14460124
80814034
37615995
14812543
19273183
70849724
28885501
34687929
47658760
28026963
51715171
41846066
27137872
72220948
93179355
51563874
70796560
39473767
3689794
75332466
97105885
63756716
52037559
30632035
61188742
72809523
70802574
80312680
22424859
69066399
28547715
55545917
81512243
37881050
88246346
97382417
9913525
10998940
54180897
94152174
7567958
23521164
76877280
44408587
59957365
67729029
51240074
70138561
85674944
17559380
59294391
89715301
46078164
10984076
93496665
38571959
90865090
74855765
33941366
90691485
34082230
23861747
94869967
65655541
77639250
74170178
1706993
88711315
55031668
62863899
66548347
76514536
54726394
69912774
83614744
26336201
89262752
996616
71380360
85019664
98859041
5681415
25365391
21952574
83976461
64828289
9482362
50383776
85561136
5370839
15521338
71051139
64057022
36735448
68376322
54084678
44736340
95877073
42462231
83382979
16389931
14818157
78447877
87007206
9255401
39247605
16348584
81598699
74075896
15386037
36100562
29621193
23791108
99855019
21029959
8689292
69674719
6447638
55093441
9046166
38529466
86807598
39752137
10534414
50776351
32950820
11163168
21256710
76281009
1129543
83784549
98223981
28953194
15139395
2467369
46274365
44171315
11096004
50527783
52333795
94596736
83623159
45213037
49203149
63032072
44173941
98409347
80861918
62363689
82558626
81945889
59483872
94157300
19128973
81986797
57438814
68124046
66810923
41082744
42746223
29599547
50394583
66287191
33331980
30644250
37870702
49596651
26449680
56341164
26123532
88919460
50175069
82720965
84323862
68660071
88795429
51840329
86024993
68754388
15069486
40113786
28539477
92283448
71286401
27992817
99351181
51534909
1450108
59618690
9353039
41742189
98409707
54278931
23461636
50146235
22251897
76345782
59550236
69799445
67373662
76896703
94132714
41725155
44315140
69174450
47355780
34313260
89237134
75937549
5825242
89005227
1523599
16843603
22466326
42908300
77326681
33463106
80128446
35674139
90493363
1019713
27535533
63950862
95222185
49670529
39399294
60641362
53605751
45772669
35291633
24070601
51052489
39339466
39880360
26131038
4006972
5360402
86594795
16695018
81799391
35905304
47264546
17366137
20790226
87268785
5361832
41483053
14879540
14297453
90375904
90610656
96930827
51741035
10351554
54484457
5727673
54921814
87666455
41818284
47040506
55768978
83971077
61635437
51537659
75774526
911356
4728755
92202176
88995966
93938803
65777220
1070834
58995180
44762422
24795072
91654349
55069456
79523155
11267720
16785155
63693236
5624312
16823423
6108007
22191345
48888006
64883237
82310625
36577901
398316
59358831
73775762
59776479
30341735
53840509
80523661
41395249
6278000
38784676
6974030
19007092
3250885
16089929
52227026
47684119
86304843
44970131
75285135
741184
59624583
67115712
93239733
17586038
23642556
39569042
64733888
29005090
31274230
43876645
90513771
83491210
8122259
30422065
86635556
96461643
29935219
84844662
87914510
60490856
87211825
89023699
92819545
8406278
62005240
68560528
56247229
84109851
30458166
94698280
46215838
91321260
51555999
69155986
13149377
87402945
31980502
81785726
31568930
82014904
13354012
67540801
38061627
15044409
43994359
55583110
85102203
72288752
79575430
88627119
59190036
64146931
22502175
30008950
15327531
86999411
77755653
1050793
38259191
87406788
17462563
7157643
53585584
58441101
48223634
78985442
28606847
77698977
44029357
72440639
23493452
41414393
40698894
30448961
96088953
8763672
40020859
98648901
75629655
1912336
45349913
53763074
95549086
4472576
48192592
15319971
84572467
60674526
91280222
46781874
52974012
7617027
44297936
85164780
65405749
70749707
53453399
68596341
78489617
7282927
57126935
89765703
62187485
2730900
42002595
13647076
51999973
36874993
76975332
81275505
67542635
76162830
123607
18122435
61769609
28483058
4818294
56369186
85720320
25254353
8535527
60131196
90931299
60132107
31682198
97079869
90569944
88122238
75951036
99880416
78929645
39120163
33312147
84080311
25009529
63587682
66286916
59792730
10572826
14444752
87222874
91498347
15011399
541356
91605358
48910615
46444176
65047879
22384992
98949306
67474525
85203980
52114022
91239940
97390880
54271746
85165357
42908625
31029914
45403178
39915827
90358015
43927996
6766423
2835870
95987129
13563543
37048932
69023105
76287821
86630103
84717637
63913113
64867817
94118139
36467365
5202090
81850604
68761926
65160759
72304587
70476761
65796222
68333282
28442886
95163592
73112103
70876343
87741938
11435746
62935602
61067376
26573824
6454098
40707732
8262456
41644524
76260759
58996189
59686601
76382599
500044
56114654
56434812
18028184
48870611
19203532
43796553
72862151
80666722
83202237
47460367
95811467
60889921
72420156
45880658
44839620
23689052
10680338
20096113
51447070
79212821
98348712
89727100
67196104
81593080
1223729
94676833
61164567
24390904
8662233
7627677
6325768
35302737
74515485
5079348
23793924
82892409
19329638
34886129
70608946
63887149
53458393
43251850
8114612
38723910
70300509
64521051
11127523
22897257
88319518
10702653
74870684
37456712
51777982
9234253
96215246
61002607
44018838
80680819
51929094
33030653
24296829
54475069
64932256
22664619
37532301
3450723
13132935
3283027
73278911
13051643
55810515
71156989
32031057
1241035
21158774
71311504
49315736
6007618
41657084
64332188
54228711
26100179
26401620
21424822
74322664
22913973
17646856
6735036
89493018
27716752
11996674
56525802
11366466
88057054
56586366
65844051
48724062
90385629
95290719
3693189
1352786
73414811
69490695
8327022
92779821
48506436
53390325
91226267
34496926
16133241
65057878
42966678
99959599
24169402
95242258
13760064
60757030
80702678
62251378
28546019
94368618
32725970
72683239
86505885
96322447
99280379
24472144
56401595
55238502
33157185
41178278
86723744
26406757
48219928
17437141
19606372
74877009
28820202
55777490
61376565
2516731
39878346
52609624
39679620
59374271
46271590
46435895
53836255
10127578
93377871
59786711
48194371
523784
6164300
69500034
62244144
88320485
1824433
54894573
92961500
76508930
8743036
70139848
95476355
77503085
83866780
33416727
69072519
56232042
59469542
53030407
20292107
67527997
47930933
39434194
19007862
54800843
21454977
49339680
31569127
59402424
89746970
46312455
83505305
44541695
82714296
26486373
33422548
12287306
5659974
85217316
48098196
83195698
95759592
30417782
30998383
58491002
54353014
31131908
64881297
39163644
14818108
67003973
88523412
86884883
58185019
53491030
86837636
1013858
64363863
6601879
31180096
39941214
56592821
77352556
80854664
6212643
47265024
29827380
24600611
89879479
90219103
37374506
62733066
87219840
42987272
83319454
7399760
15010665
5156871
37288229
22284673
82190183
17555327
65273686
31883467
74875140
38542005
68726360
80108921
6312692
39881444
22041075
87879424
47815508
19560151
19505055
37123835
67833245
73792664
23721058
62680408
12270830
24220044
14014175
17918088
97983541
85841976
87580375
95227447
76823360
73715060
14017477
20303414
36134707
64249849
12439242
92635313
78973244
77000093
63429076
75377459
13868196
32619650
828394
80892013
98237785
26378078
11579071
11520892
85953187
49345988
28733371
57802420
24625573
76441875
96201252
24480326
38117671
46421925
59667631
40416986
86330443
58188544
60945616
21004580
88665492
87386915
13054785
72247876
12419187
55652900
94424629
27378758
70388262
65545889
95004741
58639228
46299778
23984620
58160513
57173313
57236858
88126369
55889640
42125888
96104020
30512479
68573857
26812114
84189022
27217471
97687035
11532354
93368161
30439490
39343392
5319551
67774825
9701494
965914
22643605
62160932
36984172
12057998
31423519
29602483
35766526
82361533
31163055
31944042
22863590
65490049
56307957
72039046
82041912
70206760
57156260
88026378
2892055
12252717
55487053
54145851
13378795
82033185
87794875
75161663
23515435
83201917
52656653
10772344
40376348
89613006
35195560
28444922
4978103
46899725
34068565
73522888
24185384
67792646
3130194
94066293
80096594
13046701
32091380
7826772
60477490
61424047
72678730
31340351
84273734
151132
48746285
12530952
34080926
87258334
83629155
8585185
17979084
53615097
21469472
4608364
89802942
41916635
92273474
39484595
7630319
29932234
84153718
87811964
30196171
13265616
89517638
12601269
29191024
11940364
99719601
80662025
92645950
62262953
18547989
30117825
17052767
82788793
4757007
1563734
87930979
65954600
26022409
80451384
76567122
56904246
37361684
34570223
33332355
49890409
51748932
41175035
20965317
24862273
30601393
99607292
52931616
13124592
64292827
74423533
35740250
74954923
50306982
23481659
7009145
16494319
19166630
13360629
21476951
19481288
14068623
8656350
35711068
57489328
9245995
90700864
20356167
50446309
83520462
8153298
18567343
25956436
16580394
53204894
80400282
68696092
38853252
99371557
91314768
39536099
53888344
70015525
85861276
77374342
71179680
37805360
87394217
38985984
37916507
82077793
1115198
88987529
19868189
69687441
9431234
25910695
58425489
54518756
7799753
63017737
89156747
55522005
10463122
67786700
29612486
63761669
7987807
52257874
15206041
45244988
44435241
93540658
53858675
96817744
67724659
86810741
47519038
36108232
48278156
65624509
99006356
90958433
55155323
3247356
82845242
71313236
23475170
75455251
42604262
17219040
33349945
34492736
65982264
68720375
67938390
32078480
49234324
66949909
19005470
5807371
70851177
57209978
61711229
43116146
68841912
65538675
24678358
88736201
94263297
71968935
66294418
64571648
45866511
94702269
93137035
85119347
42887437
65316434
30708957
56560854
17400005
66155718
18108424
21383607
14783484
56207450
12848609
28026048
69698088
58016432
85055429
84215779
88947223
98283311
33150569
58342760
52247666
71719890
2423820
83808014
77552539
97794654
75330622
12142368
45102748
33397836
79933612
71657192
50507226
76927194
61112809
79298050
25766240
58285008
49103707
57126026
76376132
49458021
70766744
35984846
9678361
70682128
59554475
67858229
32570851
36296832
6432029
21084146
39146986
85214016
62570217
91717798
26095449
5891955
54756162
22669383
26039802
99324063
28443252
18141363
6156239
3431833
26108128
40839611
63511209
62569296
69708899
11236699
69070349
50731017
36092478
22439620
96401488
97241877
25874550
32654528
90088219
45445453
43699626
38474550
31704041
17362855
82598179
30650289
5824604
70151378
60504781
52859300
46451269
50288170
58523753
78847138
70143891
55403854
95667855
3946684
25708991
72915119
94658246
89020622
34553414
183166
87347941
92293638
49179129
44279644
25066101
69048663
16540611
16186780
43012561
34290701
68331337
34555071
9475204
4817584
16593327
69432750
90892203
77245948
37089111
71050167
80017272
99887486
88904117
99660259
30407669
41887874
44554101
98806358
50038143
51020925
23942174
22809392
17986642
40043820
94560648
33350178
60088586
81565024
32281976
20438298
98381105
78869613
31873514
66242704
54832630
58125212
36297983
43704246
90148182
47213101
79878731
57812469
86802457
88110584
30424482
10869380
88741922
27675823
26488285
63564135
19238425
37255713
7945753
9600762
17304924
43394870
1316725
46404378
179271
62079330
55544620
39016318
2741453
48623668
37522510
20645358
32648155
18256781
19977541
86610228
73654955
39397965
43999600
55736048
23897731
35834588
51670611
26970105
69316196
98344399
76312636
36800210
83894346
65916841
11405707
73681371
20793257
92621573
66173853
35910496
93004990
63927751
55435032
52045983
68215904
82799086
9668491
39237857
22722601
43043008
70261036
5021936
52009499
71611829
9251859
79996003
61736861
58317830
22158025
17943772
81853897
11078178
10140648
3574916
71254706
33323342
18868607
17393263
29053005
15787246
60187840
91728694
6212857
93313951
14206473
26346372
33751827
97468854
67223003
29097985
88904460
47681068
9465836
16453041
51200333
12162875
52136976
63671369
95862787
86131725
67238060
36024075
66091875
19514846
44811812
82461601
74094118
37447233
30296990
97528378
39387071
67651241
17937493
71957537
29740568
77390416
63490496
52121041
60889418
69839356
56121338
31924642
58957181
60511475
12662225
18144564
73294369
59387328
95218931
34351583
19078391
88559927
47106646
40117782
17125252
61197146
96938321
64326765
21464652
49376379
95597920
36812996
88604534
85322814
70660514
35437625
56628994
55687413
71171775
1584731
69211945
41321636
88805855
89092589
36957079
24733780
82769875
24589046
33791341
78714069
77231933
69757568
33999844
78258227
5442517
85575450
49596497
88073800
41422834
7813806
56896516
53285574
25585848
11404437
21883311
92223506
48503532
38443193
25792530
78400587
87540860
44143302
375319
27885191
63518080
61669267
98085484
32703365
86635024
47172010
86791257
2405743
17911047
51800415
35017520
73979135
1209954
61070411
21124681
20696110
46509415
92790330
37779666
45486331
1353776
2490766
99139693
661262
54601944
19287458
22220467
59653294
22897454
52292069
65375134
29650948
14156417
38538225
4891743
23365904
53216102
77783409
25985940
25111836
79670349
62382371
74595368
12464689
22727928
67664432
48661689
44178139
73587891
4861801
11023884
33422074
93720729
12514552
24974625
50827837
73037597
63930077
72124914
69975159
59221932
73345602
58014695
11140434
84876319
56132681
64168112
23260698
51684413
77470417
84104337
81193482
67499690
25330696
41756177
54328124
32681542
99658056
59691688
20787069
90363137
20457845
20899004
186482
87574544
54670262
16138565
4605548
37841125
35050918
38374355
52468428
79401488
13373821
4621204
2767339
35793942
69788140
64620834
73368353
79629079
91629362
47175539
525645
39514064
19121734
12949999
51237701
93929963
90551999
8079224
10494219
31022831
38803787
78721923
55462774
84843324
25714735
1303578
98003518
7239347
45505493
63245361
10473901
21685203
44958612
34723284
80071434
34478228
74757932
67533797
72041826
5551052
63864000
88418543
58012519
70500060
71134645
31294691
23817745
42379528
68826741
64956025
10535535
98464665
20736403
62842934
84253854
58300286
19873300
79817295
66082858
58441263
57984240
53253787
75773187
9740718
26099791
11609696
92963446
42635173
87984636
20869437
8763863
54704432
18209882
75667533
17274489
52362366
26926285
51569816
67040994
27439254
60139243
69215624
4647965
20841605
50259251
56647680
1707627
81878344
815263
37228796
8002989
31109676
94180561
90412353
62867665
49811703
31103743
87404999
18461493
65986625
42733729
19817351
51139389
94924254
68752717
57353301
42178042
15614502
32843770
86309084
6946572
31315038
78001467
50855505
79599911
79965188
35789101
99308693
46336845
84765235
12314095
74010915
83506680
2283962
45176302
28127025
66275028
69079169
72545356
14114821
50510814
99200032
23559670
20697193
65147322
66969953
27823085
40451326
9961960
32318804
9694370
39167105
78696220
72537280
53136084
63845760
30499265
71402620
59566306
60888764
49021867
83652201
11840016
18681813
15556662
67581099
72670584
3925720
59512573
59457150
75732571
98508833
16367940
45285829
56210028
52068085
57474266
17608754
12646166
92189516
80428113
8121118
49792117
97099304
84118357
59292417
1698313
45221682
61026312
76499702
95308400
38904134
42779176
47740559
27866468
74486023
89288829
67783268
59635551
73943214
98379151
28847266
43764150
84334260
44708320
21834407
77779162
22151404
53047313
42842021
85618953
14487040
1896208
11997281
38111676
74860168
22171693
54756468
7676684
34864419
90293700
39474060
45873811
34860571
3057356
98524330
21672873
28012974
49786997
52209554
28498329
99894302
85527837
11716580
49064877
26878251
70630144
67532523
20237775
10671436
76963326
536697
42711015
37085527
67670172
45378240
74816895
28048833
87885332
81460180
69826775
24120796
81281963
52279778
88187538
14198505
12358826
89812788
66044419
68841623
70356666
46139523
19344803
49847123
41868305
86580768
15857757
41714836
32666966
87705201
94732496
71994607
67043696
12496512
30585056
61532870
64740534
52838481
47874235
93506985
70120004
16514294
90883938
83156173
61741806
56199229
71416002
23566661
81704544
76821686
55846420
26406486
71805809
23738015
62832520
3439997
41604141
63293893
53135921
5886626
12493421
33298195
69682624
3971421
56070565
50668312
8619964
62370804
38714865
28911498
1159653
60939867
9109146
65040387
34053960
78185785
18869594
48207859
17262998
20241241
59060967
80219869
31092204
2074829
41618546
21856488
16047656
71704314
38296752
85158433
52914463
61706973
10416649
10690684
32716976
64457280
13197502
90242999
980827
66535004
73826953
31660235
63220131
88012895
73676273
94066623
77652224
18654678
14797605
10538093
42935076
58540399
71406284
96341499
6969613
59726681
81672518
7986048
80177014
4886405
12679828
1878510
49888181
24578004
16629978
42585852
47198929
93380949
94672766
95064684
87139525
68995856
50263246
69814320
35037374
47019997
57005642
51118486
56108000
41267976
93786825
17892296
84509199
88961318
55694385
20441580
8205607
50713655
18981800
46371647
16091050
81654071
27898528
94106425
14737266
98008185
32382405
13383147
59973939
44500633
30240030
95376999
16718959
40711314
99066572
15872285
95394558
51701995
74271782
53433041
78096663
42240575
26253715
13245921
85303293
22302846
90146042
45075203
2354439
70142476
42638491
72167864
17581072
65345535
15589224
2033754
11357627
89120004
61150568
26889697
58363994
86248109
55506599
94606099
43682059
69002984
21831025
18093714
48051839
73210740
80044786
96836647
57633125
53077819
48211731
82521281
28090539
96078252
63419451
21026237
96830298
64174877
22633501
18115043
36227680
53341636
62691106
72194940
95813633
79608938
19642140
10141859
80117635
6298602
53836704
50385468
71152055
1316660
66562318
78495630
78341875
57369959
40364733
53949705
77467705
61719551
59907508
25243039
36354182
18367813
73364282
9423309
95951329
70360286
50719934
45788238
38975231
96755566
26487013
82075927
32769805
68723911
15488629
5897176
6963138
37826116
90307209
98700234
38072092
51237638
76293491
16025459
179889
63833844
27745145
23436108
68685804
59459561
40340133
9783657
6655867
94584008
76850158
33635955
24429406
16063676
95933686
67476668
63608034
81276856
18630338
77992518
48810233
15413971
47372130
51501372
78257284
94979826
99745578
87976966
62484867
73989839
65115267
43856358
68990006
87904576
32164103
71575136
90901868
175510
45577820
62016741
11339698
77180794
63399961
91396736
15457413
85571811
12057379
50718942
75724998
48228465
48446329
44015979
26854380
70148611
48904967
99830363
86185461
65022958
33872135
37848745
41917892
48096301
59981242
85808508
85177340
85478168
3399606
77344246
19783467
16596383
20173552
91099466
10284869
55088356
79893385
24372932
71172894
86737107
83059452
80591520
68054634
38038171
91627583
51966708
10314512
73384733
36492342
38093528
36566733
47949363
90168316
24443956
51222742
74668541
16589470
50907077
77535317
55638143
17317316
20326367
88218638
68233901
62361990
80300424
80095768
23506585
3285824
79705800
13943017
69300711
45437136
48808311
75407357
43314840
18436783
31448145
74440714
14877633
89291382
50210523
68006474
93143121
52392654
32462174
47738667
66741588
20658780
69391552
10387832
69428810
61321340
62214496
86747504
16994836
2144289
60703258
21923556
22454688
96979123
58954631
67093622
23759353
2834479
6113431
80820551
53451706
68700557
32022845
39686918
39392685
7165556
25579016
21584689
94869244
25094887
86419774
81242773
25154548
64673848
33258582
78678
62730768
59317425
43853995
88720536
89242585
86334450
19049706
81115590
17415793
15779072
36140451
87294582
45958036
12127920
86021330
94863289
73065730
74662303
44681286
86450714
18463761
51402199
73019719
55932438
30294434
80435562
18897364
4945932
24279895
48309354
8333938
90107525
30979926
26055600
45155423
59942981
10942016
18544419
25757834
2126978
44182468
1501525
45889946
84778217
23633769
65079322
53220793
80549521
13083148
73667051
44345990
98346051
40319993
54698477
99735575
3908416
50724920
93420132
96776155
18115735
3470513
35339941
35990924
44624288
49762558
56812387
65008834
52859331
61731104
68060027
9551514
21833223
63636800
75581806
39789032
39868160
34703665
6828003
41757170
41850769
91038608
33529196
45271713
42500921
99630738
39717119
69097362
40481511
51490367
99010124
19106206
70260344
38736637
15523576
47404343
67542502
73893471
81418454
58858742
29545780
75500520
10919779
64028693
9898444
29017024
59928265
40135070
35644722
5248467
19063122
93127321
31645387
35727310
70004744
49722845
90075745
73040105
16289260
92339485
15932192
10453602
26763530
6443070
63202212
68575950
6970278
50505929
68058174
57432728
87777603
32890218
36343119
38368820
24330416
92931558
42632213
6973357
35591439
50081505
66471014
62608509
76566459
27726059
96214385
35424274
36725835
11759745
46845871
52692778
74922900
54259356
20181615
35244223
92503807
77636529
74056791
69059799
41485508
63191489
60866077
28562500
17129585
63959264
59749236
38796856
40807793
64397213
97230094
11398333
72942819
19284931
58064989
94113334
44977852
68944359
98893131
39165308
12751715
77416709
46885535
29151610
47786622
71143226
73177241
59523917
81733940
61612568
6036018
15528332
32274643
45613876
94823276
21024400
14854422
68265327
70966611
73853106
83595972
50620195
1484429
35579338
79381243
77189214
47217192
7547893
54242872
57596489
63459823
66371626
4042099
17537706
70673175
87323976
41694270
49624794
37942340
80483560
9761225
10423714
63652410
19626707
546312
91255189
96212364
81384947
60065083
65871919
9951668
28445431
85842746
17151249
32819636
59997755
26294574
11428388
37410744
72570056
91791968
4825153
98983611
97781552
51150873
9211852
24176236
25953423
21558516
86009471
14672317
87498508
86425691
11657838
82507230
28778810
31440207
34332337
41158797
68321832
18697696
85243513
52879783
22516722
35536740
94753848
36476467
68035050
47762332
41853526
42882336
82363579
15806873
38113950
96248790
33866900
24452109
28584077
48922180
77666752
63744792
9253039
51386454
83316235
83783678
10570356
92288198
72571877
54148279
39247307
66776194
90810996
25482778
72846471
8008104
45905635
64480903
12857043
65604006
83774505
17787501
86953816
26388243
4959922
78907795
35244885
2111045
2442057
13239598
47122084
99488261
43931414
26098920
84655912
32820113
5833456
50379406
89952516
48430535
7917610
59295097
85986229
86566057
73362357
3515154
7408176
99527465
48993910
76712707
79934489
25881629
72741469
53604927
58943680
1890739
83277534
9860356
32980546
72154137
76255019
31898422
97148790
69302051
89818054
30007423
33011047
7032562
79648057
29557350
6125515
55982579
78697699
42945268
47017479
815855
13391411
30227670
56451580
29777630
37764670
43629689
21724401
36493922
5785369
32550924
29901000
18313616
24848103
1188433
80051500
72971238
22406379
28532703
87613297
35980093
17610930
96019717
38130773
67229072
86233173
65946038
98689960
53498648
40308549
77976529
92183646
82891440
23425700
96828651
28611937
7559624
40186393
31602620
37599103
2230041
7973957
11417871
57884113
51043179
69259
15198310
27709300
4717700
44517688
8724939
16859798
60476381
13512763
44008138
25861749
13595426
1569951
3941474
76760564
78689685
65963115
73085087
7519212
75210316
89939201
22287377
48392957
51147747
62049041
67466427
65462203
83933637
72883175
74643882
51923332
93607397
87224423
85963627
51976063
21784655
67589145
20798010
46156218
99384387
60798840
74822289
64337559
44513374
71162767
54256026
39385742
52129446
54206755
75616847
98748377
45320038
10668896
51198576
87575034
55138820
184617
25237253
90630533
42818548
48412122
69021234
99225831
61421481
82051158
36542293
19813073
48783861
83410539
53620251
99794674
28350576
15654454
20164227
12868360
28251589
96023696
63502990
26160284
51474241
79543199
75027931
92123348
96571286
50719336
31482604
6978694
33501659
41921924
53060767
23363453
4419574
88719458
67236398
86762292
69832529
74859761
80665505
54430084
6008262
37919816
25367214
86006079
39802198
2499079
81160965
64370083
97849418
26937985
2275451
8229239
86603993
50734810
74744813
51244891
44995650
78368926
17910197
93839123
63760379
14459536
42523665
23135315
72233134
57942481
68425203
92393075
59303917
43700225
15153311
22263981
1013136
61483615
7139388
9046957
33860678
89933300
30168132
87726507
51044838
15983377
33576604
78109554
71880262
20132377
10429128
5420525
35070897
67077215
20336984
4826540
13528596
55403191
82585876
85487795
69489399
4835982
95953031
87279798
46821441
20593269
79305840
37071266
58931161
49384986
18100341
93363005
33696435
48511229
62869711
92253520
31697458
33494767
66032869
60058718
78408539
43851390
43246201
84565696
58152863
82133674
70821701
14741837
24493740
29239827
98937938
42464586
35886343
53478525
75406043
1934040
48811905
29155027
25164620
54627033
33130880
1520673
82966578
85302170
36693650
54964607
47437282
54413788
45709822
98399730
88375318
42288583
12756245
77354883
9555429
83482101
31210206
79974421
78491925
20074086
41089
84921366
46060850
34096784
29139953
58217526
3581512
37313179
75341034
19347517
51020628
3794464
15691814
65107611
5085446
80265685
45431064
27086420
81348755
73508724
43472794
55266721
29091214
81360956
51654819
5878297
20362551
22942949
9983456
35693596
19386412
7749129
49733753
76515855
19043403
93016371
50057928
1576608
3973225
53371195
5331009
80927899
95805314
51168791
85092277
54797574
95417000
56164121
23718657
97270325
30932926
70812871
85698771
49839264
3899696
94901121
34138417
30625139
52970073
38321198
410975
14724077
48970893
51149225
8113373
15752604
57683710
17372129
99685451
71044388
98868871
96874192
29166863
48265129
15850129
28308242
30131489
82256923
76277036
13321258
28135638
31448976
77531086
17438389
21477153
18897136
79447402
94371459
24392033
17859185
94726388
45697353
96035660
27246108
47805421
51257734
96838184
60750447
6218732
12526319
28067310
78013810
3562405
62369575
95918514
3425439
47971455
14778015
72143310
25962214
61459063
77543373
42172191
84591997
46090924
29386934
51842202
13163921
76952054
74676610
85020901
36425969
65787410
5516413
34588078
86613504
57563566
32872409
38269306
40308777
60218022
29642854
84936354
59593395
7256922
65859059
82047118
88102503
5396637
55840668
28699279
33775989
26462890
61862001
48793960
49574695
45184952
99239023
6059871
97236677
306099
30341517
94341713
80568450
43534852
92730247
82310459
40826364
50918702
70106089
33318331
45682772
22619762
77322240
84855417
524167
55085072
67290142
88033612
2234328
85198331
68991409
45473792
158608
85215693
84712874
9250710
49814558
19074268
31709926
22815758
15835197
90971357
27460100
24200692
95278119
81389235
20570242
27503844
58380232
49733510
34645989
78210197
28758280
129573
66800660
83898174
20270459
31257395
94575181
89211075
95381052
86674142
92030912
98647774
52803229
77069815
56392823
85388642
34530783
73396827
96845712
77237889
98338639
33335784
5269598
57319575
74472902
66675638
39783205
72134413
38964099
82593875
61040066
8655803
8943463
17968066
42818971
72713629
57945398
39441627
43416163
19419057
56176119
58981164
67651659
59945537
36407665
4782540
79295342
57119592
86766420
69856548
75149499
25209245
46668020
88118584
3661419
47666601
89774089
5890511
56598867
75806159
47294051
31850341
75078616
66162400
97813915
61658331
98717942
54432091
9119178
15996441
80057398
92470725
74899113
73828948
75797090
60464883
68274720
91927166
38544710
6500905
94280907
17777079
64238665
28845418
6001103
20302186
44008050
60140266
11229169
41954472
43991385
57936470
14964755
79748553
74238149
36564632
40961801
27926641
7491406
50033827
61668207
10883541
50085333
1962571
77036213
13361227
60724501
88986501
77537695
84907797
73866488
5874831
46260514
55086088
77643780
92432053
70049489
61392273
95259763
5349723
46941980
44234811
27173491
27578019
89019833
76717411
10812278
70992687
45415293
4585797
41769531
25520215
80265075
18013941
75243936
52419440
89481438
22671493
5615691
72863944
35757083
65206392
483033
30008
68986172
32470406
46601658
74748346
12693439
21040328
54171358
73732436
45247176
99541811
36003725
84432492
93380142
2843762
85509596
57602266
87854441
87542211
73933001
8741558
76277608
96690439
46909872
23003738
40746549
84088924
69351015
49466216
35295633
42678709
35090276
19238999
97637599
27218019
14682499
20430538
77879631
32326873
60684245
47722703
43177787
54534854
88491175
88680363
13861935
76833787
933064
87761319
26824199
70172490
74994261
64976543
8222480
49441458
55209094
78991123
21156091
85704008
88400922
8160659
94126882
96424026
52446985
43979471
65998416
30519228
19788813
35290189
74301786
44610535
14442923
18832720
61450371
1929137
71861003
42420161
10979129
22243927
67810468
54792851
4956228
36312994
14226917
6981616
3570024
29949343
90333786
94474145
94523284
73526069
29857528
57538297
94141805
3219605
50389692
32801193
86057711
84110617
60359866
70628666
56790754
55524809
60208764
52445127
69770120
44845604
37851708
13267779
55485329
8238747
43028506
27780500
16659232
33230605
99624888
26718997
45342482
98547452
58901866
96003075
21165935
71097713
68811277
72092563
27036746
66621705
5116358
22660713
62982637
32748623
9476324
4072533
37889800
80199702
60039838
74247539
43677011
58836675
54024449
6413218
30680683
16531446
9614068
20167417
22562991
66751295
42237350
91003913
3039978
32387559
81318125
64186388
84913197
85509535
92415860
59762447
42413165
65958281
84968891
72647223
42494160
69587255
85521487
91354878
38842980
16250552
88271821
36499856
46105297
93666721
52387930
61039458
16205271
97706562
945835
73578393
71228741
98072246
19462668
76854210
19659855
29113693
93763485
33542238
58308338
63584131
14167128
61506446
75173153
45018129
48571907
17446903
27417923
28192195
20471261
92972646
3740265
64600122
85066313
91485012
42474532
18520520
97714088
3721718
97732075
62768425
88986570
7949629
79353535
22399509
41010024
45537724
84785721
25355078
35779413
77118354
88963568
51630323
37445108
44565837
40258656
82069697
98175453
21494430
69696307
29629709
96134257
47167202
11140604
52862448
82308238
7633944
1267092
97623265
94885657
63240670
51638463
43320199
1471039
27309833
11056454
52962865
86948318
93215202
78639065
16295985
95516298
6597249
49659587
58122572
50403313
75102407
96177474
66024742
96359263
29281024
92457377
40987059
69782923
96578343
39386716
24925661
94156462
98481764
87472105
61869500
78592914
10561848
14450166
34665137
55683512
50804835
7945209
86860471
31144065
43624534
3143236
71142417
45098554
35478800
95232698
68969417
38006859
48307118
86557206
28067435
66306111
81569996
35550815
43003006
18263113
39905745
40498627
53612205
73243315
50254779
90040213
47611443
65490908
69891364
24521851
25430041
57987451
22664443
38678441
52388728
11723802
50273266
98964921
28481351
50367337
3308492
76712743
71658827
24970953
78188843
25678174
33750503
82249656
51940640
99795685
75869019
78048836
40532142
39709622
73801801
5411773
42409848
49120310
81580911
32209550
54574039
17951475
5969892
23050544
27129316
75885305
87960672
99502243
99378175
89765840
10866947
71314026
91897699
91902669
37008471
34002310
93130920
44893620
52243766
26870694
55264424
42167194
30438439
68309589
73657317
37159231
85803044
56712431
18759100
62298452
10477799
53005783
91411219
66359793
26549787
39452378
61191677
26078465
89894462
47179926
31489379
36570451
38011782
2140902
96513712
2763432
49915621
61853847
6389649
70389145
87583744
95256541
67691322
97169501
89411115
76297677
14522751
15993797
87936823
9207621
58584197
44475001
63427871
46895935
43468568
52535587
32753898
56787453
21302744
76057089
88359524
76147196
24236321
63869622
51267866
89743445
12605577
46967003
29599783
12188073
74995219
89130684
58733313
72266817
54398381
79499427
72217814
45888963
61220949
59996268
32985519
9558754
25218167
33924666
62477155
56987404
83796383
11497182
41128701
1649723
23879294
5113539
17077502
55375261
80690292
6368943
56124757
2275698
29680726
37892372
89318433
44312889
16837293
94238698
43687784
84404841
42791799
37313013
64156175
25832634
46989946
82169748
63772007
2589891
52110203
70353200
62082989
43966877
59774744
57341577
75953325
77218681
67560910
53144664
45439916
62509425
94714452
553210
55071984
13100659
19151847
83731348
33335787
68043838
66356666
99307940
94052889
80368295
36444510
53820185
9018576
46295337
46431280
32647731
84199313
65747360
9641283
97508166
89503973
79925211
87629719
21856692
53408650
21129312
17435795
38139864
65321148
54736720
23105311
16769541
19261338
88223810
93444330
48088731
17425453
51245050
19493792
28577024
81569559
61650777
83359807
22511189
85180316
75802745
82496276
77748647
80741352
22897451
73418100
62049701
10863995
51004586
28667801
59033438
41684439
17018466
30378890
69414955
55889317
29787095
30854890
79624974
37533302
88097497
23144404
21639267
15466879
54204918
25516131
47261915
19992358
20902258
33604153
54100053
85795134
68621764
44160161
22775408
2767662
13367691
10853202
6112031
21640243
6632523
48262575
31699282
82018267
36487672
8646106
45307984
2508725
24703663
544863
20236133
39695925
74416039
54341860
90959948
2571307
21617289
38612130
9427803
63190291
77842119
33011120
20364720
69892228
71075023
92214512
57440297
30346828
54461044
50964159
39953429
6376176
94112921
21916483
83028516
55661550
47896175
73696904
33587636
29662103
45386417
61890601
91000075
95457178
11000844
2621501
83643602
39094437
72011052
28873256
45385675
39958280
95073579
92898711
51375789
74784482
97943277
10243836
88466253
75696311
36052215
39863694
91711693
64163378
62873768
22979721
85735284
71476282
85715900
50790595
6625706
37605046
64278577
40429076
25732116
52363135
99316696
59920207
71064124
83173249
61939187
66280917
6615661
95819484
47673416
86550234
33706127
36312119
4791819
83219118
6144452
40244825
28543049
47805561
85597507
51852977
51027486
49891421
4466365
75032582
12347444
4456485
58155083
75844353
26279376
79499152
45367979
62045539
91001641
20269007
20074852
50750476
66645324
9176828
27424414
41627158
96442369
52868840
39949716
23823341
66595735
45911546
7054685
20630233
618845
49372976
49299573
38884030
50932599
54335677
39709362
8276812
24078336
7704498
27570052
25443765
20778088
67254022
94705279
44744165
43301821
63595601
27542458
26112210
32569882
49082291
98922560
70669749
53592739
28802971
87216369
80148211
39538024
36370309
89803834
36624549
75059832
12776740
70405169
27662907
39310038
95535338
69684546
18575282
80268433
96904297
27795444
1211602
55567313
81726421
81961807
24465387
62411232
64429772
62421076
78144595
92342199
7508210
99362979
20699490
66412192
70127763
42637963
26074318
99219187
20782417
43719545
51414987
15608152
5284417
15571611
60648215
59074242
65881369
76868209
35499202
52921418
90702905
51543445
20711805
68751252
44721650
38992286
38495128
54345084
66897880
95581924
28663699
44509942
67469558
71087105
4737019
63477255
55560795
4624799
80903468
45671103
80638763
40488574
56264050
43261163
60950675
62425444
14214779
64213962
34376238
67864103
5892072
98340811
76457523
41247852
71046107
98583182
43834943
38480017
84710044
52328873
90558536
34173476
21460733
43017686
24373010
95036585
33604190
92595805
11391267
25579883
29930548
66066302
60300664
47152464
16516946
81790049
6033206
35002704
88660065
13863739
34194967
19658547
13194785
63083285
68328818
99445767
25923698
18784875
50987047
93984000
60006496
92867552
99886476
55645256
48053327
31274591
37385247
79705691
70090368
72162677
65561367
38444360
61454679
32501286
71135135
2178036
20691220
48849480
69531582
82900149
6835084
5653833
55537587
87122655
84277558
10365110
87829241
45720309
77532802
32373896
2673704
38688256
51000237
69504794
44010975
83445881
79260124
18167659
38750315
31973880
9990748
66012313
66367284
50262060
39543392
53484144
32965635
97950801
70602767
40162509
51135649
26068659
26929798
49631475
16000078
4028982
51453998
12573507
49510688
11037613
79641142
14680646
33300852
91111515
95954736
18083400
15699178
23815836
95635128
27101985
9387171
98726603
93107693
51878250
7018472
37852600
40288035
83260436
89783139
17358868
75903414
25934086
49525348
72353385
45589699
63811398
91124772
95249646
38280676
61643073
49231511
12516147
74545257
58473904
29643129
9291328
18374093
269516
79654796
54079995
40813946
58396276
71835314
18436139
59218929
79910281
97582182
60715750
53790686
2439123
9159130
19729809
71079673
31429674
78400995
5113546
89584896
39375710
57767441
40993479
72006065
17995116
43786940
40479466
99903942
7488869
94466870
57230359
66084015
382053
93802245
90928555
98602886
9725825
6341080
35771077
36763273
37486996
91915734
66987341
20302488
47906633
31776993
49051317
87461452
30894835
57038195
4665399
40553706
54693020
67799828
4334859
42583724
42774636
33325375
72359152
80779833
59863531
56037661
4181000
5125038
147667
79251627
82288776
25188693
67016063
1956526
84400603
7041736
34104793
68324112
26978690
3530176
49672341
71494780
97813723
13305311
58073921
55533733
49586644
7479816
88649175
32747789
51025920
2185140
13715865
3539198
59145349
93695034
19558701
59311045
94115636
19031136
61834450
39068422
17175402
18523344
98075896
9997875
72684179
66794093
50792590
4096927
28920840
89251252
25584368
39118000
27833939
48593203
3086184
74351040
12147789
62159921
49937215
31961959
37680715
7185849
54837578
47206166
16036547
44937924
52683847
52678715
31335044
37966715
9184758
48662593
23252876
17444526
78182987
42368546
7982780
45180570
39082348
18987565
29852010
27322811
42495395
90008842
89479072
83048212
74279195
56749244
1223752
99873085
78385571
46877633
8589022
24707974
77834046
19792120
41948251
32933877
62011367
67066149
16801624
4793221
76551271
44718760
25086733
63745593
75485461
87458951
72784908
29584522
97557734
3472638
45447693
28006733
94308216
73013103
64731036
27779170
16086223
2584431
48717294
64672128
75573814
12327873
66203333
49065394
81397222
46278371
39295777
65910129
79948205
3700071
62027171
87450300
42760407
14027317
75125285
20668472
9244648
37169811
28364957
17688060
39457514
59520680
74538917
12610253
38421191
31481267
72615414
11219555
22391400
59047755
54811485
36528222
58831380
46786235
11587593
46464044
87568558
67694679
39418941
79599647
50707302
35422212
7923637
87456720
29601845
41347997
37720357
62630557
28434602
48733344
25742227
1375548
55441003
43485963
47726056
6274958
940474
85074727
97901666
35607871
24161378
26759095
38481365
89865868
96408575
18249808
68903139
74725956
85954437
19851253
86523654
16897518
96378288
8053916
4843693
82077534
98168408
13750710
75429751
32029495
16638692
70480369
51227822
45682565
6786241
27483385
35488206
52260498
16907754
1474575
60745296
35766903
98419584
69229268
7138511
93014105
37164292
85991987
45588395
57163279
21996397
32331054
43680723
72743931
42898048
13079556
8087393
31131653
79113227
41645046
31142360
38963377
41160655
91417731
2223903
83829178
11407131
49675749
54898668
31866797
27346803
70401707
24661688
96462076
84242746
65070310
24715409
178441
88934019
85161684
16751388
75996743
76471746
24791931
70215139
6659179
8252058
6936491
87262410
43006129
2863420
52747980
68142671
44423760
37107884
42044359
54642558
89937462
45338101
20815656
10137476
46323269
3693016
45945838
53273059
58842753
69567984
34475077
70737782
70985592
2323746
38195526
10216514
94780458
20393696
40381163
37632087
58501978
20505242
31364920
62327001
12720242
95930427
85715012
62539736
83099783
44427501
42119763
18315253
83120736
76086671
93422908
61901362
22529931
29279362
15209645
75394270
64954265
2547910
75166394
77444294
96469050
47887081
5793850
44107039
40105485
41824959
48829015
17265777
67854018
27850015
41567185
41407231
96275876
41048420
34430436
39135232
36144775
10941834
75366061
38497418
54994755
39199419
901093
71236376
18940192
49834860
2722869
42418418
62874065
66298964
20914600
62227773
46204978
21545533
40429567
94097924
71065058
27587177
90338489
37617086
38847354
43589812
98939400
21317069
25851356
91251834
93726162
98438156
21614024
69999734
5019831
82078897
64871404
45745587
59099153
20120309
2209126
85809835
67054133
46562066
66363294
79723577
78698768
5492683
5650968
9856250
61396400
71920905
48754767
84159397
12764926
58910822
6199166
11656850
28598237
89795837
9201932
66598196
76918392
18759750
33030451
1482331
26248558
47423161
73140020
34954237
64339091
75828391
60259199
88084803
78623540
76085476
33164102
72857156
73143273
64805343
92407117
25524725
44744073
87363547
830654
24820957
12217028
13661169
16942811
90115163
92932567
8471343
48735843
66764880
90948621
79721404
63325027
84105488
77931424
66107452
26281658
3009808
34435969
27483386
87944254
96057432
19579161
57064647
93035685
74898111
89173194
18970613
57398156
15091017
22896708
86849167
69825227
62926063
74428840
26720052
84794777
2432039
84118500
75406731
71885059
31789491
45432970
85931422
53398219
54606535
1787369
40970132
41137911
90826765
16780071
12602300
38356958
111598
55093661
39335899
75207874
77488941
48903357
99115429
35609484
92862100
88967649
67249803
2172173
56717914
94738927
44276724
1783546
63278123
14582573
62865271
51261660
76723030
61362079
60160692
42523954
42038907
58772865
39803466
82720264
8194779
2623685
9827448
23621727
94598747
20391948
63344824
80210218
33887386
54795357
66986222
69559095
27291980
71034894
71466791
19313314
59487205
83306447
39566699
89621126
55376252
69342791
83259023
35559281
12133659
8746797
71906141
2403205
86518365
45803815
86657999
71755384
13690270
75323839
20284647
17399808
25978575
29666939
41050965
39350716
9330353
64282822
20361470
39784740
95452506
84258283
72971770
13267412
88086310
95132196
972052
33783224
17891101
93351288
22653700
28737859
59556416
40643461
94294667
28942959
26874294
97858885
59683478
33869265
15778954
75804495
61685818
79090444
91798151
20912805
49109358
75991397
84209236
14089445
71654285
71217586
92687802
52082440
86542950
41314262
84060282
63005065
52470729
59924587
22783232
76025072
72390915
1181213
63364371
9887077
6574162
6888318
11449934
77771470
8713539
95637750
18608948
68193992
43153067
48151729
5680312
40722285
97821788
37361153
40363609
22777780
75227328
91092854
65438832
79612719
54530102
74115354
93341499
22703796
28977073
93440526
64478725
24084164
68889466
93053086
12538484
64245755
33119468
37246785
18747630
70599658
12119261
41944572
94307302
78304837
13883834
41756431
44862024
88025813
77495855
47882801
35424829
79536254
40195024
1135676
41235940
27076019
36975324
25474406
19777503
84031149
33712942
79551228
76763987
92999394
8071425
3138569
56063691
22502533
42396185
73350534
87927742
83884122
55814137
60766516
81384908
14766443
43659320
40284477
29196019
66882958
95110350
53169463
70064559
92872379
61539200
90925891
57777125
77448351
48171572
83443129
88474957
91042266
32006390
35626569
3830189
14466679
13876414
14638379
114738
68469112
80459653
25101100
83286328
96736910
72745340
58064035
11080106
70858613
17485551
41891647
84144054
38449172
49080707
28554655
59049612
13570211
87151289
39650608
59318350
31134590
72099626
77502272
66199411
40426707
52228817
81930825
73085628
10199118
8195301
22128897
48328748
75391224
31505437
888131
29551429
2612879
73589489
42684965
50893824
65461832
89430497
76263950
45671808
93477702
85232499
41448326
25467547
33934796
41327427
45220520
47196684
44340222
40168290
19529168
78529118
85920191
27352048
33610783
78357833
30025964
73769279
26850494
657741
35147836
83400748
90352466
56818908
11753880
5579556
67663298
31498125
52051518
26398467
24788362
70119914
31924396
53268592
1623540
3151622
17773324
90594200
68354781
84260507
39756310
56003128
40908589
7737536
66606070
80192027
94365385
24786154
55313316
79849944
57795500
55161064
50780421
14584014
33271012
22949148
85646907
1001989
82895473
97998526
1261018
84458883
76726108
32035425
30777059
93370011
94226505
6956481
3631273
74946229
84090014
61766782
80300605
24590200
46686632
30094249
89638468
58212926
63299079
2773387
10162416
57358155
50548623
85148793
38455238
88803418
59647571
78969983
29333969
37556216
15235983
28088388
41407307
37034007
84501408
27849701
40713322
10190966
76134058
59045375
44991047
92701498
20158599
68309750
65040912
44107264
56250990
20909690
86511882
18163890
97622818
1884027
13345112
32568740
83732116
57380540
74327912
95974713
23522154
13188934
46991568
73532481
63457958
8747954
30990650
52346344
49411797
24933493
93981627
46465951
25278674
57713289
24368684
92133446
22858890
14173845
18038937
48959163
27430458
46963610
19572203
977484
67035215
8687911
77284004
32659063
22489121
74344226
77058779
98220861
42770395
66685184
78075165
33752490
73184983
64111851
84322606
12051826
41994229
87677252
15981665
82416644
95821705
88057322
55499061
25271558
67685876
5059604
49654023
26619906
83273062
73057154
32376141
61759991
43180358
80177348
18749591
67049586
26649792
89800452
2187045
86937611
68490765
69790085
4439480
2511511
5739842
71698939
38993831
91616393
16334141
36980809
6544150
24766065
82471858
5556555
15060175
36867090
75217715
2710521
6485753
69174893
69270152
68827097
12498324
14776338
91525133
67089651
66600431
20640434
70249358
1822280
82463521
63706439
57213519
68768113
35035708
75929326
18433481
89959271
26487150
76564725
74327820
68586072
15897815
22303353
69696105
72465435
70773974
57814156
9483765
81934163
10880649
58378082
3275136
9811821
13190133
25019102
84286078
84913135
15978996
5070264
48459986
87153538
70058557
87330319
45915898
93479817
80085433
70262020
25166391
14927574
81820476
92924248
56881752
1924463
26070115
61503029
42146327
83541012
79707818
1375434
26941934
89603811
43895319
42982151
15171481
56876853
53333592
69247500
37868646
98946765
50444812
58969552
38452966
63196572
58744847
79180648
47675847
74901621
94076569
216497
12620234
38154914
87850203
71964832
18760537
98288083
21767774
90222098
91221892
52477125
41112382
14549265
78820090
90958863
87888648
90560293
26581311
27260580
34848080
4147601
48407094
87436321
58743657
29831741
7509720
19764558
7889916
36636497
98348254
76615617
8627695
95794923
34186893
49093670
55278964
63861459
50122705
97920235
68337739
26100053
86541337
50378541
96764930
82147106
30406305
84219451
91749550
98986524
58931344
30151628
82634669
61762777
86964684
63112671
28202843
30561841
86687354
35385240
48222269
61496368
12365005
49966798
4922073
35702301
63315643
51951388
92471608
21171743
65013423
95179269
17234422
42878907
86661696
57225002
64243539
39036663
46808498
51403877
76582120
54338481
64764679
42344247
9134955
19930776
28232655
67567065
24666079
17218747
64086497
8390473
51422086
36707675
81730947
2680076
71814706
25981209
49559166
24696371
91624638
92910892
71836885
84423190
57655477
41313125
69927513
30878720
22872708
43497837
79657771
96228129
15691094
80147526
19992413
88650417
8523474
86829747
56576440
90459795
40775113
25777963
73851681
13964428
24107941
59633113
83477465
12732210
74650088
24782920
87105881
79406192
44977406
32442704
52694152
23000013
5461541
13138735
70322563
62634776
99628846
26059233
8867956
75366496
64908998
58945942
75507545
72744952
4460680
35936725
80454565
34293240
4674443
58316598
16562257
50828980
72761408
10997471
82976169
61081595
74071439
51039015
75617842
89066768
99003778
44799642
31502971
77476370
97123012
18140049
79314845
49305317
3680471
94773976
52201192
71288520
57494840
55277739
91712770
40880260
90737895
43762326
48304023
23922907
19509958
41143209
32284178
98660877
88484941
72770911
10028538
85155650
86041165
4634094
88380877
85513770
41120926
31008884
86822275
32712819
93217135
98221875
31036392
9281563
47688489
69541674
15039911
31577255
64660283
4371161
63611391
17755824
28121779
56519747
59370860
57305398
74539133
78895349
58717988
88070191
53862208
25565462
88708404
84886634
27656566
88724795
63715530
57610867
44540954
45279366
5772653
62458103
18972264
30909371
30925049
93860713
36063311
33321075
43421403
47610920
23331833
55421030
756924
13096843
44389577
25363049
8457413
10591711
51617028
76028387
48557412
28218740
81436313
87872892
36363763
88887423
24670909
25475939
67757663
71555836
10726424
18176208
17179925
30758982
3795704
37640144
73871149
26249891
22932592
18341539
93587297
33588803
55590682
1624908
69842832
50302625
79780408
71183799
65912463
41525950
58756607
10733429
18205269
9901826
44487096
8396667
75906327
98515278
19378533
7146103
61218949
77891341
84805528
29702597
21173877
21820255
19149935
14841674
625078
96236703
14446045
54472007
50733575
54488482
64240856
4041043
58084189
69031381
96134844
39277521
18336593
32023263
98062963
4710283
77803993
97472273
71361507
44942218
37447044
90740187
18976135
7160174
52996913
52089982
48014714
64762082
39673679
90285717
87344576
14293306
35398990
91992555
90704549
50315805
40506319
23475225
2374149
59249203
9712051
97935534
56745581
449850
12935686
62558525
94343254
19380546
91245710
17673
19668157
290077
74739983
5230271
28239086
47668365
6754226
2877042
36529691
85151252
17965539
88511020
20100416
68102586
15859039
22166961
42334668
1585171
82799573
63404161
27310794
96943359
89459301
13292955
65923245
87184065
11849856
66374096
88413809
4856021
79017106
39567755
53461863
49595800
29905252
79399802
32665491
10523980
74205044
4442976
87074122
37201616
85119450
2239313
44214266
60478816
34499755
40709578
80798151
30099711
26839388
18549994
4304301
37890944
56831670
30523787
77797913
50351765
77200208
61309427
90812505
50732996
55730225
38051166
46899787
52186904
25354006
87961713
88347054
70290269
18147866
26733335
41068668
52831937
28284166
23773759
82068772
6277956
97901552
26152036
28547276
92446623
65824596
86656711
75223528
98925461
29842055
93628018
46116270
85375980
65328066
13664684
11868915
12618532
64239243
55032549
57700933
78134013
19446107
77382930
79306576
93167052
4479557
24425797
30832218
28053511
48698605
60070507
1548815
64151898
9888932
68434592
9120749
97777257
42552456
50400411
5849357
92317792
35027144
16283075
75212842
95971450
45117691
34316770
1477584
89731726
98805485
47348613
79067185
72712418
3315382
86401096
37523351
81273485
5670915
95182005
84663438
57658759
42067535
79474971
37246055
60396952
66110448
61569197
10722983
69721082
45841956
68163495
84011929
73834818
47219081
76527433
69697074
2530798
81983
49653273
13435165
62691835
52076055
17943421
30771290
85528070
14976846
85098919
85730208
86953644
18338894
48718192
4748266
78585643
2395645
38134405
55254785
68560814
60276361
32846116
51121543
9966072
42323519
84245618
47887721
53725571
75182148
29087028
8491648
25946575
40250553
99276474
41819503
97712723
57677601
30720596
78125707
35589300
6702446
8638358
28010209
3437181
65810416
19729140
29311827
57081153
77340590
13952367
58493194
92680371
52734857
51768040
99017135
82480608
90942889
90944012
10722947
56515066
87862169
53393565
96966273
63458361
27547092
88389413
26865583
87196040
84778767
94725891
78552383
34405520
86938474
24037427
74624708
89751770
90111132
87738991
28192238
29278270
92535531
20748534
38613408
28707758
92117769
59422596
89595882
24893931
40695524
63676201
36525838
19657935
96185326
71118991
63936322
19737827
94828805
94438190
45072177
20072073
92806199
30578432
89769876
14031704
15149530
15578650
31090265
98771037
10252039
44128828
13965534
37919414
1007338
8037466
97738975
22568596
98420490
18154218
14948036
31683812
48369037
86567656
30205942
35351796
14383477
31552375
63099609
37596056
57769585
33695778
8026502
15721231
25221518
18010678
32717443
73630217
43783220
50352021
68581608
51107619
39415240
60865363
67154851
49999007
47028266
38566801
90879059
587668
45041241
74218094
25597065
39250825
49562838
53362037
53216839
89589203
12990459
21373057
25554829
61134372
65651384
62153892
70601119
19680854
38684776
32696666
15260806
59032138
5632903
28086410
72773362
88072397
15806739
92476110
96952000
17247143
70684136
23511383
86763310
62943128
68178809
19481578
54019316
83150622
7844207
45196815
90133618
46079262
92156732
94479899
89849624
61578891
58576915
15165952
94685004
3027258
59326891
94494630
52947102
97359776
56074144
86141552
43534597
94033382
25690520
13289128
33453481
59471264
60368773
77837055
88892511
14729149
22681300
9622450
55415422
20492049
62625667
73321895
22155624
42905499
24488140
14454718
93923544
32329048
57778037
86567777
49756010
13370583
40143522
16337474
45976777
55407919
76020048
72467656
62033330
39024372
28318282
48435550
34524229
42747595
88717750
81242007
55851587
68639658
87246734
82655261
60333702
54348530
5940241
49308113
3205467
36468782
80705754
76951817
14997164
28215081
95493047
28295028
87268200
27304500
69452608
4597356
31357423
87766149
93149428
29417450
91545970
62286146
81213365
71386
68353233
22343457
31794891
72088505
70679225
63828209
40918696
90133026
83574275
83548978
15796886
98479697
58338662
56549569
99203321
92281028
97040773
3587208
73216992
64280350
10475595
55854292
56192395
25260246
54892129
33332430
35714842
91721353
69857403
57527021
60362334
88558724
65422275
96761270
32004253
10204870
86231660
2661465
27292685
70978045
65119622
39761527
45095730
21487602
32600712
71712131
78025374
54797625
66894556
10375124
73797302
22323994
68803795
23382229
57562109
19544153
3389871
45328618
68291197
30495433
79447632
46864529
46381954
43581975
6843325
88247681
9831674
98001651
8592667
6300412
38553920
78940384
20217691
50823275
73327000
26427970
21210952
26528649
3466576
42469446
581435
24400773
8966905
87155260
79790892
12041993
83931129
45702564
43948108
18549376
94449240
84939441
63153653
15855190
21816492
22849741
79726118
65793064
13447796
95939454
74133430
56483074
56254677
46828348
34861166
94316034
8766374
51352030
81561784
3547644
28136438
83735221
59118617
57819600
69089045
37389870
74458595
72565070
89016496
74587124
38391503
48259422
27135327
12101225
77822174
78607642
30579482
41126946
501613
22226194
23637832
27372894
813546
47368440
98851467
29706116
51969131
5590082
26064138
64259859
3893968
86758557
6808107
70735418
11722703
87080309
69461690
83462767
65182528
7943608
10935891
14188421
48063820
91099779
40876395
89886475
35962523
83574402
40394845
27202487
39322751
46053021
5691523
28077349
90172334
91575814
45342195
23431994
27037613
89932705
67128618
24538814
80981757
87498634
58060669
63849333
35825330
46899387
69170416
81836817
11354895
72633585
54651428
68695195
91408644
66303620
46964124
26816086
1641646
91492654
6155581
98166093
36940980
67755109
60530835
83039577
51349280
88055923
3329556
73900939
87943757
97573286
33351076
73131895
46220313
59447973
54677295
75798170
26307129
31112526
37885812
7375534
67930261
4368214
51930032
20752962
93259490
7325827
59923396
79591814
21874225
69504186
72834849
61120285
63831534
26226420
26747123
2471234
85061402
3475825
5314291
30316164
30217121
77210518
72163522
53136391
8034940
54425356
9055417
92578830
70110400
62860319
76969913
14151591
66621701
64597256
62143443
38542909
77470895
60519968
5441912
857425
73218596
73478961
74460895
73974191
21354966
29606645
13913903
24996617
37426332
50898430
70778703
80100496
92072155
38408820
32449098
74619007
63866238
35455351
53442402
71816169
47128259
14579282
79019973
49859739
11512481
14971610
57808070
89110469
61992748
92873420
57535222
75135853
43916702
54096341
77278140
92302569
90351629
88040555
13831960
180953
54344094
82275002
91482767
1526783
90881775
24673155
71363335
66368566
88869820
44029893
7913355
8872284
30017923
13173310
74920888
26839298
22913008
40492939
48718605
58180211
53414841
76708349
33346442
20324963
31417089
39508156
58918553
56318939
41927175
10021306
92374304
98992948
21662920
83001947
21958948
95029283
27603437
44385555
15177812
8050403
5141312
16748059
7276554
75799316
17888449
67935051
15502633
32656162
79152808
46298799
16517006
27389980
42055199
16249208
32161724
68419848
98078079
82941728
74558194
56714747
53991675
40103138
90232600
23850631
80829743
33010598
12277566
82840930
75944354
73234837
38932235
4491222
95051271
3101162
85391445
37216210
1711397
20077541
26159398
7127023
33616513
46524579
28225483
68986395
81482440
12036895
12283880
76088384
29850282
59810955
80078915
3815199
80062310
43728924
64704812
4762318
11982680
62010317
85716129
26691186
43076650
9026417
52683251
71791575
52034547
12936391
2299238
72131966
81205690
6308655
21608871
11723755
1874294
81246124
5094696
79764131
65190406
3928719
20453587
69794510
77859391
96548794
65154792
87984096
28465413
72107204
11525484
7135079
82556511
50182868
48538985
84533992
80450090
71621182
55663780
94775462
35174303
58808247
27633362
17388896
20100971
53965853
59232945
78610933
36188461
95007740
18572075
32497659
5614234
96419240
9546920
54900516
16255800
33265397
18703435
41392004
53106490
10822891
71295005
72802229
89941622
45577207
63264358
29269872
51781051
15130751
13655675
81868867
93812577
40300915
80158218
7181366
67829464
96676611
63926456
65368074
37960183
26032699
59822670
83831492
52232953
78833586
39033348
30328335
42536343
72721866
21398407
23537011
73345815
13367771
7629318
43237251
33134812
89190943
32108771
85253385
4679417
95615794
84444146
5849876
16793313
36329454
9114873
76306064
19291328
94953590
61369061
21004207
45141430
69720312
11184840
7488761
80904168
22297399
72031488
4713951
24376244
10909445
88429659
51078774
92549543
22863961
35408988
25140684
84303575
37674821
83742895
35506260
52434515
28468173
84477896
57949008
27422661
25676313
28534865
18327528
55355187
64368586
38372781
441170
91987510
86968957
50915252
68516818
85571092
63783557
34934224
2262081
23899818
19502908
15571335
71559923
89965474
8214194
7747049
4857003
7541916
27867477
67606974
79816789
30126392
32865469
44121868
31023305
72821418
4316735
89710790
27711829
48096030
60857405
89441864
66906445
98895404
38612171
28083893
26811265
60965709
61564140
67093880
15662486
13695141
8598661
10624039
52015088
74247397
61951776
53229424
2988018
95397648
54938958
52278446
66623495
12946393
82814663
90561334
86561416
22752582
83312882
55309479
81084736
95435786
43972389
81123678
78198637
66350971
21337002
60147153
18490251
38702970
2210860
36391170
37621265
14357259
89419478
48459382
97439581
13766440
43720
28295740
75869024
63461054
4560341
11396594
28074733
55082797
89260037
13041572
49557259
20540243
30291425
20731362
75314580
57788690
16357863
59058326
27963673
10053841
21760651
46134054
31891562
79448608
13674543
77162154
18984184
23688855
65393473
40705407
63010884
34974937
30880062
54308383
47005976
85855880
66017290
74410625
23257829
56147971
72491441
84808926
36486962
66257594
83800646
12770917
36604828
51641689
60594326
80259349
25410067
63497474
84003117
43767199
57629152
46436425
81636220
31052445
8389985
13040748
7855530
92153081
30878441
4039457
89571350
51639323
71280118
52955299
59600337
20733293
95367271
92336761
64113584
27608001
93948555
97703101
71469065
98009445
19712084
20299852
98034156
85949958
37925558
97592218
48848170
56448408
41747563
46066398
66339860
37837116
44936351
25784750
51840395
17254967
67931640
38077991
36248528
96489703
89399385
56460811
53359377
88115824
39810280
94718579
70937648
32725712
72113365
29029915
57192967
34811672
2705148
31854719
11149394
41147618
31234325
80215930
8015149
78941071
68446708
3073702
69691453
61424651
31844103
66630850
44936126
44988217
10673857
38771451
29294586
85702874
65366437
28213102
10264183
68055058
60817144
82125729
83072862
79293851
70826707
43952093
85848043
96300022
92777291
34710182
60982447
75995606
20378728
19208713
40562214
60881662
43069656
88018179
12743975
88854609
64449914
28810314
13984000
33842440
50286712
94644104
10174528
25432271
47228855
52425824
45345112
20907555
54742284
75576659
25212832
8181773
14542811
7450643
69336417
94852635
71371650
83027476
4734347
11550842
38373781
36871950
76752471
292815
46013103
4767618
18184797
17145650
39711957
63438674
69708195
72870665
60796087
27651207
57919872
94164374
54743545
18290448
59589484
77234319
32679710
50537493
75625376
38956633
3610100
1767027
25807154
34849995
10013391
90697497
34558216
81598081
27376519
83236387
97830571
10369259
26495511
83198699
95303
84671360
3943816
52315750
5780972
70014859
9594554
60233864
29787228
9772688
48732003
30175444
21040979
84142932
63903829
11105841
84291467
93246304
86135421
98809281
83938084
89595421
3159427
38041713
15748528
82973898
68798761
73731333
9572099
30403576
58388167
52794830
94533454
11023066
95626363
42907784
5353694
36481666
57154066
84178582
889029
27496943
27745628
52184792
94033632
10953592
75568960
22468143
8181254
82433017
54947221
7725078
21384122
79398802
83374426
65931100
57688789
47710008
71668838
65007698
69483325
30360348
77775697
94693352
1809832
45434746
6300804
18915098
10175783
5106933
24782426
40667163
45060633
74287951
65681690
56826551
4528771
84339118
90555734
61799871
57765858
13799758
87866738
25461490
61459307
84202460
17375952
12181033
9294208
64372889
89831423
46146640
64933422
173843
28880479
81244677
33652584
81108223
67051984
86727831
38599850
39161828
77422554
91337939
81012027
46388468
98783561
77036130
12244060
75324397
95444237
59554553
69114807
16664498
87368081
22816394
15983366
54151011
62212722
76515656
99223286
78687581
110083
21577958
99146684
4855118
90427150
50925734
1222418
18611373
27872484
18091673
84535854
1091138
51995013
90195647
23079810
55394904
27909359
57308729
81554786
57544342
32001769
43603223
48090237
7118442
26337050
70782287
5441429
49335216
76971933
53864515
32137304
50911745
50984234
62175107
50487113
6517767
81148884
42046736
51916574
66947202
91071585
11044312
48087368
37269427
3368701
32380829
36679254
81554669
37164033
23559139
76452688
16768805
4171628
25602279
30829491
70262883
94692191
11300890
17174655
42438131
84851049
56247058
26852039
89885316
40730878
78382973
10886957
47755658
73276466
35482420
82833947
31259947
56078631
94639350
85236388
66148800
395134
10914818
66481429
49625764
56043479
67438014
53870651
95594613
98493240
20222871
18837770
86727243
56356026
52349293
20437826
85221007
53023075
8739347
57953866
3255529
33028091
34935730
82937285
67207135
27459076
25659781
96811908
63685139
44385569
64746972
61715579
48303963
78086213
75039931
40997418
16339828
46416433
33272828
79194224
3806063
58489606
79577281
88489158
90279350
57029596
61474485
35354508
39838740
47204167
22603631
14387885
18053034
61993672
92790016
33196309
15933538
90069306
80886169
44459377
9370206
60391212
18206805
25114423
45818744
71430562
66329163
45715776
20616848
28123874
42199885
4309477
42084537
73964878
93654750
91301069
11748314
98941357
95766179
96055706
69051906
88816183
78484311
45165960
92926110
41453990
50571626
27744534
62402734
39296429
28794830
6782423
12887066
47548295
51847211
83710920
10084101
97894891
99605536
4471105
78431923
7628320
68522962
87058586
30387508
34289037
65032714
70973009
13255782
17243735
30390819
71278676
15932140
11658087
8808939
89092982
57725673
19278807
29578297
4959045
73748757
54189675
26373833
93300565
52259944
38422739
25935186
36986909
72923739
74427201
79469191
31271360
54271874
52613090
1253619
16528471
50039723
34650746
38467773
6532844
57231733
21508558
29353347
18235035
3630481
40548211
71123164
10412685
14449622
54320979
89756302
51988995
46233772
30394381
48838915
64594822
38354956
37139768
55321514
67881210
54441216
75844041
63071012
90116808
43883955
73097670
62109550
68746582
72580659
34835490
91243276
20694974
9344098
56215188
75236828
29928866
45959933
50651621
35099168
81005545
90007384
64472306
76450112
9541633
32662408
83068791
20500674
14518526
48345039
12752534
83312193
84998263
5962620
34619583
78778835
16650260
62836631
28147965
16776480
76394685
14037015
14618743
41835222
91922179
94653673
14572571
40369634
32775123
30851670
82631538
72543811
87610662
68784939
4937316
37118878
92156168
79564013
68848913
83323470
15379434
53377663
90737128
41661867
89760819
90552379
27489315
73516594
2656858
17811418
29088657
90628639
77623690
56404865
92743918
70186480
65214113
55691362
32380734
26501638
12842170
67122729
55928760
97586656
6259262
43558281
39723559
38197332
24946313
69751991
25134653
17734515
12706407
40322651
87579640
44098384
46937536
33971671
63670272
65903085
15654879
85102732
19616663
75174536
64961487
52108276
5314813
29485790
67370121
25838155
19232539
19746410
75776993
45892285
37704589
38172717
83252917
76634732
16798923
38965941
64948483
9142229
94699903
15457587
21164254
27547521
2477039
41567474
62438006
30066239
90592874
83642581
62175380
67001606
13351672
67622129
45713906
78229312
12531976
13011514
14760735
89087551
50351258
45641198
27367941
12367824
74765435
86652322
93628662
66286789
59015477
48068331
65490890
25950877
19172623
4499013
57050517
25623577
66433523
91641979
44702993
3289259
15615307
25064473
86800344
75522229
63556256
31685158
17079937
33290111
78453685
78377224
75753815
49884381
33125796
18624181
14048181
25641323
9133688
30587625
43416808
51050563
90933518
3051419
71743546
71178360
13176480
42056119
12054014
38576518
43561668
33650420
43658913
17153103
55987689
43543954
84023193
35318239
13517816
53753058
49236916
21356044
30117359
38632435
21938105
19696552
48835081
37058600
98567335
9544548
52165609
31478868
78420493
96882501
21113191
40077623
94616397
97183162
25483536
85247678
55866403
154073
39194918
2662745
51629938
14399544
74437771
42717559
98829856
13798349
6930887
59652586
61279203
66713373
28437333
59909877
84230096
11823569
41363572
68397996
32716675
28958018
65948543
48095767
42447531
29403105
87655011
22247030
58844368
29710784
56708297
99403743
64796700
80094288
75686664
1963722
99526026
9449889
11878000
54796720
62003233
51553602
40522382
17685471
81937245
32607652
48209734
76384600
91023421
77022210
71390420
95177822
17417263
55479253
38803715
90593833
11695642
64538204
5048339
53227187
77043487
82062689
31945573
39655103
25650671
81247767
96651507
97551711
63120558
68216123
545615
7658236
39232705
97028574
65057442
60184815
80895387
81472444
57344293
71651904
63943852
58751555
35219514
57052824
68909553
14742826
23319632
93141734
71466895
94452616
94521268
1811180
16155901
10918572
21274699
42145930
35052313
13364965
99017959
89689766
43794245
41184891
96739407
25287072
44975818
48015476
30813553
610337
3567769
38550425
13217125
2691381
14582650
98241686
56142509
45642492
28391342
91423059
63221468
36845043
42788086
90802064
33796537
19390405
33235835
29788315
19491912
1044037
29059422
43630525
84136013
17404847
65751632
74717760
89841938
42260804
63043430
63658723
20713710
87415339
73791156
35548042
1753402
32418561
68129339
80063540
52729594
31557575
8339755
78614037
68668702
67713857
28534822
5199447
13996771
67249712
96583433
43831863
6288292
16892513
41156772
61303532
13074628
8706236
53575649
6393734
16101067
7006340
17013009
99696134
63879264
19667970
35313288
93649075
17205760
42767557
92466151
31771486
24478629
61177060
28060162
5160725
83338646
47078601
42516814
37220281
99691427
68577813
35252758
83005718
83686213
98033965
84882158
75037385
64794041
91787735
77901789
6175228
27924057
98463381
33105326
5778780
82670988
90063740
66622784
20100828
45817555
21979657
95365174
57401284
80417745
85093063
42196409
74739720
19664866
94671007
9661020
71118202
6100746
95406204
29004469
67785343
12018885
83665147
29307795
33137888
50958351
27327700
12554683
5348461
43239973
71595144
34955456
60756600
16955322
96751457
36317984
59104079
93824689
86290099
52666466
43341270
84720727
49553995
35818625
87903659
29709411
97292876
20457035
35228445
90583271
1494368
55555071
53768758
37003266
53702827
56707897
55484781
99479708
72911150
24240276
99544521
52969350
44413123
67512657
88355668
76109175
86186222
45568967
87064857
55726281
75559126
87471425
71076807
36460224
58533942
36501691
51264746
55826695
28353077
94786651
62314135
42347439
55369315
37459114
32839815
86006353
71943870
85682213
56738845
87530791
73489735
87880337
38568187
21222008
49788221
58613352
3351056
63870702
24600675
30709507
48860089
60483344
74710932
12629856
8066521
12822283
58487797
79436188
66429556
82314906
45100612
66770211
43841035
30494286
5113287
68887377
16119895
49377393
42464203
21349779
14664100
31473997
11441100
62564882
7742773
59366205
97736983
42340511
98171281
87999698
45528414
31581496
42663138
53912429
30497407
70302283
2861007
25348325
58387400
41841493
43951023
1302985
81391627
49367930
72958473
53742657
20976331
82896985
51034460
49188028
24287006
19837005
11793018
47730935
57252549
68380535
24590366
49940334
15278778
21360708
38452888
93419371
38808013
80109321
56186265
95467033
7201974
77471000
35344265
26223478
95776801
73261521
24107070
17307982
33227704
24341986
64369827
57843172
44516782
94005672
76624112
3315830
94618697
57347665
44584481
94989547
25458202
49997415
74786559
84721085
15199256
47179562
67621364
29209652
14183998
67602313
6175284
93960785
84959752
1866578
12428537
46703875
57665129
90872456
9300898
72670920
93370931
51964292
26211690
49948355
16135809
13164134
61689727
65631778
54057285
83002843
54295588
57565281
63288118
21612508
42917402
34196245
34620931
87907608
56717953
48047406
53742865
63253295
371171
59161378
63010978
36201672
37340465
96410405
41636828
61547851
50984898
28952494
10384786
63482673
51304702
35326135
6657283
46646262
21431614
26955911
7587067
77757975
51911086
69724033
57337465
26337146
12285660
40004465
46695211
33198847
30725343
25585796
716882
52272938
63524980
87107711
21740053
36931880
40460815
23439029
76462842
23539599
62435939
3076288
32123438
82261084
43921084
79475244
76615817
1026464
41556188
50077716
71653876
52871085
16755842
9731182
33112512
9960704
83424123
62366939
3218184
9094402
46781634
38667177
15430233
97794888
10279750
28067819
73169107
11326964
93731863
58617675
15633169
48213201
74968899
11519558
30162724
6808740
86423601
73491757
67781157
25533734
56907816
17982954
4789874
96966015
78926606
5832544
31352429
17552266
34792942
62077884
19929303
23220663
48717058
40116817
77726681
57847760
56490593
97850692
13584641
46145264
12608719
28768788
65890273
33068924
19375511
50469125
91767176
17456358
92461428
21119076
14206562
80845826
90688343
62769603
64349461
43315556
51325412
95771469
7719114
25001923
86982388
88440333
86747028
37818317
57483827
51503367
50963012
21210986
47618732
39588779
33072776
660261
47457845
2426453
89421637
6323102
75926360
54670132
17277839
36061745
39298310
46751661
13303201
26138900
71881039
48491643
37278238
46321145
74592798
6258436
74512252
22028574
76940468
89339263
76456425
99674081
44445319
37691792
54397571
56661346
99831815
22407363
44373937
90115777
82705821
99369752
85777603
93449861
79710883
14413291
65255295
3272781
63945307
17203482
11172203
16761616
17934212
83738143
45862660
48142163
90827464
82593143
96526641
68801838
64969014
47521467
65111938
9077762
80222885
33533377
49665114
13683375
6454834
96930437
68057963
67049940
14118872
41476242
92999193
24053789
71486240
5087786
79781502
84054695
67982283
96152262
33180165
11416029
96200463
43002427
25776652
21088162
63206003
46754643
34311677
89811205
80705288
2732743
64494760
18406877
71947208
58875424
67353758
45592412
98726903
29470536
32673772
4843980
93009025
43152692
4829795
41157959
88586715
9407795
93772718
58695057
76474759
91494594
54702142
39290215
85749885
10594151
1943546
76678659
5084532
2168675
40271714
76098899
58059013
53804806
88482206
25367491
19263163
50086918
7902072
13104251
55363176
65608165
62403656
91595936
95795592
94722454
35649623
99528974
42421453
64191369
17499905
1200703
89834320
44270297
25157651
80731077
84495967
40490860
83553530
94115413
59996009
1130187
19294216
20395269
57271410
77479502
16870513
11711910
68796500
63628520
10506367
28545674
24443171
56146764
52692374
80785403
58028581
52523576
47596029
55335878
7136973
24429337
35139655
19676756
32367834
90971713
8151424
62157501
97797504
84425556
53518536
12266083
94294350
29588199
716724
47932241
14794140
93569375
46692746
93228533
56540751
53649136
52385163
10615857
14683820
61028585
68550592
69968823
89898371
82870608
86573751
44866573
54886678
41652894
46390760
18415940
99898115
83819705
13486369
30491779
20802706
93840719
76689281
38594149
3250366
27375454
72072637
24455557
96120215
59920583
20468368
11774323
86293826
14262012
33495741
97411036
79612237
74549351
32325637
11101595
38481566
35979254
33377656
52309420
25678116
66955547
33733770
30883124
62445770
86178088
33222182
41808279
69427517
55062033
86368522
8845777
75882344
70472175
98281083
41897271
54556763
26382413
4582617
42886392
47815000
24195410
57240060
9107987
99509052
17672018
70426001
95012003
84203456
67268725
96846527
1488149
71154525
76889603
54457665
3647061
52364336
16128051
3072538
60379492
13942170
98025307
59180024
1073640
37348723
15266636
8723826
55329732
74987257
545075
20087242
34171478
41457476
76437850
95285254
58294119
79485910
12762436
6212673
16707137
45042674
1495972
96359783
72433796
89837524
41430416
31961370
89999960
27379078
65948272
99567838
22460413
34788118
4947062
56746946
12108446
85999088
39447665
519822
6599252
28759090
25535908
43617853
9921204
37408622
30327600
97047852
93250530
47439405
81788776
71704251
22494757
30541891
59082745
65747138
64619270
61480840
4405065
87422479
37059421
90235281
10780430
73997225
8212855
91325976
7354894
15084212
10928085
5615358
43030802
57676499
88941262
3478461
77913548
18131637
35796133
20660248
9874670
42083818
92442947
17182570
16918755
17054207
72196672
3517454
36225522
45888943
51854189
70196495
33854215
54508426
15733068
79093622
18909631
19462628
57581844
29243980
77401382
51154980
68853484
47326194
25617992
28957910
56941788
99166687
6919792
22504995
71693917
21914892
78937183
76296160
24285424
19655147
52625646
27323596
99524652
41721277
12266620
84584041
48484707
34750416
97359923
82900477
46339249
64752045
93752630
45973045
96902402
72994030
97360141
22759861
48147755
43292843
80776883
26214379
56785319
57325526
59453283
28050180
82617284
46795246
22508411
8723217
32483316
472701
19450397
17237033
1679477
77815194
28860099
97445546
49101841
80463784
43454285
28772124
66104027
7176403
76921005
86496928
42946207
52523468
67836514
83867793
6863585
56188827
27645553
17052945
25559892
46471866
43004416
52060976
93384913
89710612
83051108
22843364
67865497
54729442
79515243
99061074
302742
86437560
20805555
3191027
26236596
56671286
91544738
33232762
39868668
84411048
73766784
18353370
36802055
44616379
97614653
16100774
44746635
20137681
19012006
62775861
7541241
83897451
98705203
36011217
47381433
49690336
36546423
81911357
23131081
85955489
30285020
22693312
93057656
20114975
9091043
35793628
59054559
16690734
19568138
20121534
1199768
82429481
9619303
44921319
49569465
37973675
32411586
86280848
92771832
50490246
34578347
43099429
95170048
40044092
28833137
33703413
18445299
29636803
29275472
86958916
58624239
89798388
21782837
5749890
34522584
31203661
82435880
86819425
63994549
53989346
29550203
95529677
90535602
68368612
68583093
50024780
4250036
27774714
94163101
29529048
63175376
68502313
61378363
45089671
39134840
66072856
23971425
88900047
32212162
49280324
26774901
67177414
39229876
71032433
69570664
50175253
47423181
39762135
32647219
96877232
35089181
68029023
71531621
28784517
85578178
73838283
1120981
79755582
13408158
58792115
52115866
79565718
37803104
74564531
17975408
68513430
94782075
54993023
21218691
32119556
74323316
47648150
75697129
23675115
9504430
95513630
80799198
72197439
62439709
9277900
31812338
23149856
64423891
84735108
27681060
77119831
61670030
28630597
90888591
39541500
52172725
75916937
85398245
69821040
82567718
80552774
39888404
45445897
43467692
758487
38371235
58174644
92119853
51564311
55077569
70756176
94322614
99983117
70939929
77373448
61099509
36244843
63092186
57404247
19959570
36818185
83535275
16834871
32083655
20058252
71699143
17247885
4168286
6809389
4964027
64230684
23915795
15336685
69292085
62705311
4716982
41633427
41520624
36038865
71388617
71856471
52273862
79696632
26503411
5436173
84287631
53160151
80753505
174518
759115
92776461
92872042
18951788
75712329
27161354
35918671
1123835
26981458
1799035
2933042
2674195
65160954
56164423
93880723
12963872
64048829
9081649
37888934
14555353
34261953
51924715
67680867
47160256
57370085
12037220
80811664
40525233
14375636
64946991
67550837
80626471
7620252
3946310
52605977
95834148
70331627
71101523
68046989
11543621
83822947
63432721
54811390
5609163
20371343
69108310
53450976
94457472
31018427
12656130
76232551
52367197
37257260
55355244
18995068
4355082
77562367
25737324
33363336
3772503
36792415
68027582
38173223
62038357
9038390
8667511
57391540
87440967
11115874
21166657
96316738
50122915
10788896
61880148
26976983
35690932
54803534
86478460
98536051
47513094
51206599
44093097
73062521
75504251
48006034
36912213
16003680
26625187
288664
98846882
21574930
29422357
91301729
62839744
88403685
85236436
66196393
34307646
16144419
84579282
68008191
8495248
39885342
74106727
93490225
75809765
34782940
3431776
60692566
78788468
66169469
5343933
47251962
81805200
59368528
19290562
9663202
50702997
77016937
60381383
55769730
3563555
65825593
65017828
86684662
10193507
552238
4204265
32769084
15125989
95118701
54934046
57727582
76428922
99673956
50059307
89924140
15966046
73051277
62602238
44208371
28233717
13441194
20356424
42753135
77305636
57170153
40400068
86485932
9184424
48066467
14222200
7741222
96861262
77216224
62984559
77258591
27373582
61027365
82061104
94025098
38334888
92108288
94694981
63673725
85773504
9351015
47046920
38512080
69643306
84917388
44204251
4310297
35287048
83319369
98375781
8275840
5269503
22607683
82478236
75688385
35098980
2703453
70777226
80366004
89818326
71696086
46412025
76633587
10174153
54399981
4913352
7229755
1425920
21194764
85176620
62050199
79658965
10635954
53766489
48662755
65128841
24057229
2915131
68957900
10851272
83478597
94643213
54618394
6755969
69831087
95706381
79434956
71186335
38523600
5693196
25330728
15950211
87697619
79203844
4177990
40868606
23367782
1822932
77163182
64292606
16175082
12878305
49677910
43007536
25771222
87389849
9461174
77249680
96528093
31548193
35944095
60385796
9897903
96572573
40799802
32680678
13173078
36536579
6900970
81156318
68224017
59779486
19999353
63345154
19666008
7692455
94584068
96832750
48181684
42114681
72575237
47442838
60698744
41903571
92202362
60097267
31193176
81432026
57822828
47298504
6452411
78734509
93563160
64623106
19508599
99114886
77321199
91445187
35579153
29182768
72260893
71918670
37134678
84720718
31267662
81595719
75799556
21425018
38344448
84987490
96013358
71360988
37541377
84897644
25035300
10833047
66390579
56284739
40195435
47256268
53519111
53344442
58482468
27822894
2406109
47032629
8837818
30528422
77873917
83629922
81065252
66072334
80748138
52588295
29750571
25304843
67658964
74037266
54229119
78357140
67804514
74106971
3740330
96772184
53158948
57229611
92897658
94078028
89310398
32997256
34836399
20444248
38445249
41766030
28379940
80688488
72999337
45224108
64275311
13540230
72991905
79971362
74474463
48078030
31363706
16516993
17059441
53772666
86395009
15392325
1219439
48890629
15366091
62132193
49968415
40661163
65100551
83752469
46391772
37088854
63297417
55954933
6486960
83744816
79000494
68161531
93508331
55438607
30369071
340904
58759841
32926179
82730918
9745962
63879954
41437488
70014826
72609407
11133798
11394194
30205823
12447198
1295025
22295197
59461892
88460514
48499407
75829796
34562810
67166927
32416320
75904648
34460393
23029449
83281134
64091172
21261431
65771208
47240539
93900839
99062850
44046677
58170398
5582295
63188279
78528301
38054936
72502481
12928304
56678365
40144752
46103028
59018509
25724413
28220937
83292383
19910707
1823016
94337221
15367785
43293283
28282603
80277944
45000359
83974483
91940526
74993073
7328953
12313597
47893575
72657264
11990845
1275498
63974878
93242180
63709288
31815828
4675660
78177232
95915044
11997921
1073379
16830533
59676054
6415335
71293092
23186423
72275798
77339072
98840870
13725908
33711480
25103397
40065002
1191556
6990089
14136083
49401637
93120112
58708671
384479
68526286
48374949
33006955
72865630
25144145
90682988
92219243
74296081
37415680
52637235
67028867
45096464
8821729
58450480
49774025
75028007
77393298
68982413
1603101
37148997
31559709
15356697
30591453
81540413
33204463
81405859
97907616
8364423
82552735
75765920
64721189
8102815
494754
31841478
62053261
21979275
65402003
23573660
27442546
76938045
90714055
29598707
40599611
2754877
28335278
99641873
60236475
75042619
56349647
16760759
67824379
84665082
41913542
81222434
13069477
94050471
64392527
25082811
66144188
17920658
81132816
43494185
55522064
1453791
34478336
98295942
40065311
15436088
4696485
91060506
62384770
21049918
28267171
19584604
47254326
63420394
56970364
25686542
90666018
85408970
14424760
1905074
97451184
90078640
81073660
1544026
66087917
80665145
92839558
70088714
1245708
67304110
17511242
54868270
43567386
241003
37568429
89228001
14557505
63769439
81954128
31265512
49306309
37246556
72820466
40299383
8165406
33891096
28204929
96071924
91227026
85102253
74308996
27226510
57005069
78091173
46085813
63321039
13525288
92443958
96405799
9932901
14378142
14328045
53701685
17036759
25339837
1269095
58247133
82751597
51536923
49700170
41134638
65698800
36034673
2399589
44217545
5480048
83440495
35654247
96400297
87751571
54892894
56110305
70862590
53451676
16819597
97001487
10047492
21450370
28754898
84566186
83040442
7916924
45431430
53633978
60368295
78394272
45037184
60921480
90698022
96740486
73303049
40984928
32030565
83398294
87696333
40468926
90021494
9024153
3485561
19610950
1180973
81995073
66958724
55270032
87991779
92420754
54679291
62676622
97477388
91186046
5001070
35085392
54462684
53170137
89407457
80819750
94750806
37001586
19314178
4170630
4609197
48585646
52742761
66819322
67130729
7219462
6487068
92453631
33643632
41744599
285826
77364779
6516103
55082866
30625102
50477566
21947375
74082982
53916215
16482196
41315156
27744962
96261360
93803854
70254594
28220600
53065162
55252214
40097029
39400580
81402664
27683421
58738318
1592617
64284435
21916922
42482394
25654068
38533180
33639285
98702508
88152219
66002430
97706349
70699960
30089934
87821763
98110993
91535497
5220962
10342158
62556241
96476183
98455604
87611034
99508814
72834377
35350499
6140784
1306551
10390074
18873152
13912896
6841713
33939307
15052089
53808211
8243319
29617496
73624641
72585253
97813067
30419629
61853472
57615961
99663398
84626514
19847442
5541040
75057275
67011146
71736344
36911565
30917524
54200304
45024437
76801640
83467638
46116386
70236499
86514761
2918094
36602232
88133735
8633561
55101369
39480306
27789600
37081059
74093671
24542057
81992672
84131893
50539526
93020617
6330486
8454680
89924348
58804501
4574865
89376819
67863718
51374218
86469785
98840226
33568
61564678
59328361
90175683
50259301
40173973
94809709
26341715
11824319
82463884
17201679
53899245
36785069
85307540
25804476
54240970
49684482
63091810
46913462
53394515
45234031
88111475
69809271
19620802
36543826
10834823
41811674
67951116
45069226
83247203
61953270
29224717
31867693
66401465
67028078
28677680
68171011
25266118
2578525
46173870
17781025
4375685
27961782
90350765
34355569
57755847
45857688
57032032
33517750
28960485
8517876
492724
41532135
30788316
51193958
88426257
44426696
1849540
3689928
67015545
64061384
26609177
6529797
65112203
76369253
82785665
5297529
27112554
96331037
70158976
85329516
20565768
79882108
48023104
18288636
24708680
78061210
69573190
37746630
26385493
20211503
68957505
26098706
35713848
81210984
55798982
78861060
71912419
49604897
35733825
28342542
77867389
67673149
65338998
23478069
69185802
99713558
82815062
45542268
69273744
56390606
89164588
38488113
11328248
65960473
11525543
94098325
44852828
84137572
13001763
94052221
88990337
96525361
72299538
75454283
82568032
95380716
42893448
39352928
4678633
64072262
47921682
86820051
89265965
506620
92019318
64601072
69201822
80922939
27179275
37628897
91325687
81993313
49981457
65724359
25392565
23015804
88258390
1070370
90792914
5428964
24513655
84905204
29828567
92491615
89632141
65810599
44153688
24631722
78504006
27704239
85290755
63550588
85054174
88518494
12592138
52228114
57465535
73705087
61489765
75352941
67579859
5524
89902609
20577302
42402907
52388689
97487450
87676737
15085497
57781566
35987999
87795099
95219244
80780164
35174109
37050254
54523340
25044510
46167057
92289334
62023766
6401939
7891278
56681849
17649565
27118205
58457801
89483045
85581891
87139332
80656348
33700708
19530278
71714278
59176121
46817542
97868742
85298421
92634136
17169372
15908951
66737336
86584213
63701327
76521651
92938631
94325284
67051899
80341483
70331123
79286987
1025485
41932542
23798770
80542327
99491497
18542460
79521624
99410795
446062
40931374
47915417
59381298
40219842
59290863
4991767
61777392
9478952
77505336
68985141
20521638
87265643
19132259
91194353
94620782
7063308
78247232
83156639
65526317
23434477
45693134
27670842
19015623
65819559
19642129
75573323
51110649
67908821
12596821
59344994
59956594
29948190
46831021
78757191
38982378
22874054
1949588
12633554
13764401
64614612
39625742
5588583
13497448
13313899
59928162
11256846
56633768
85553264
89858766
4134860
73252218
1778562
87637456
71502116
33403154
67381844
21017167
61622531
10442920
56145893
43096867
36511500
35235826
99588764
18417425
60793834
38143183
6854137
13959954
73014839
73856976
19565195
83079652
61927160
56798595
38196269
53432751
96878166
93637339
24019266
36052752
574076
48659321
45363655
17755363
10145498
36074966
32710230
25936882
96617358
28588338
54921764
48546239
53055096
2571783
95354922
71222990
88097997
15262512
23738283
82621266
51793427
28979576
19340993
80701601
20346238
29591843
15607215
26976922
75021293
29512957
17405156
22752414
88053734
2102897
37202800
23139456
84273881
86393171
52501692
96635731
45525882
11691484
48135872
10007354
46343795
40638703
21594188
97114009
7996627
91404137
59106150
93617536
11370156
57271844
27708244
38282438
134064
73548957
84147897
27542325
99486903
53237401
70471082
53430200
75238965
54598012
53530403
85588468
2712683
25807605
2745516
87797770
1647546
90363150
6566668
58780241
20158272
35971120
40361796
50155001
5229740
43444054
54117770
90949149
5174752
42270242
50727981
99485277
43847298
53326661
82474035
66842529
91663315
39405062
17652928
70309464
16093144
45725875
16119339
58017106
75579007
67528536
67131494
82299942
65315856
50808500
91891370
62609165
81048015
62244156
18673610
2824936
42687131
41557155
16214433
59558415
31608565
24767886
87627430
71662635
10445355
4449175
87692421
50285611
95506978
20817487
31192830
13373650
85428384
42329327
83410766
54816767
87959850
51934814
31192977
17006458
51671349
80283036
70504772
8892334
20833888
82676720
22377213
43155773
51316725
1235772
83869297
63365329
37794361
72551623
51961480
64029290
31453334
2154391
60571091
14060533
36111519
53361881
98022915
10768010
23386946
35626968
75304459
18060329
94680964
43117131
17247949
11216019
11765262
22341572
67372844
25274946
79779095
12811329
81221260
947555
5746264
60217326
58151587
31440767
84325813
52178530
37214539
9302214
20227729
893726
36735669
70915779
72495064
68495813
38793671
89370070
60128696
68622852
45037830
54184309
53429953
14064570
72195342
8278898
27568961
40314701
42765663
72398203
15533051
61852514
59394924
89713346
83929471
68455284
32615532
39274033
43599630
41238373
16063900
92747787
33572359
5742096
3060144
35686678
39725786
49799913
480637
73584247
90922874
77252886
95891327
91714678
44530897
90043674
11503928
32330343
39721663
43215931
93046736
41262304
92618360
48383402
13264257
57041084
8414876
6356907
336003
44142104
61351928
72372286
21187862
71424738
54933161
49503216
24234489
82391115
2971590
31329992
93227
70476500
42534126
19607704
20580428
47727905
46626913
13889716
34986504
92662913
24433106
37139358
40912691
38603177
47755475
40359836
59581704
60448974
1305041
47654602
25979583
87217490
15416355
3959270
10744514
48972090
69978405
22539113
9708527
17072989
23811662
65891499
56831532
84371670
21506891
60473111
77963280
1282963
14808294
2486446
95864638
91136198
26893624
35050749
91797819
69364819
24167330
50812794
17398977
93845378
82243889
15853381
55380839
56737746
6092271
18494428
90363530
59640413
2790280
11892150
74608690
93393591
54490867
51417103
15194816
48447492
18334935
35032645
79103714
74185628
76971856
75881117
93162818
89597065
16655787
56228275
74362812
97249074
74916884
1729917
46040159
61167460
35183462
71174636
97135548
57337296
14409956
65950715
92014037
858503
94478936
912817
21518325
37308215
41280232
4747
99968969
83388935
30244425
17539290
79306260
84411862
76925899
58916575
13924856
7280183
75310619
5162898
17400544
94258343
34870705
13701617
8775964
65551065
78668396
18894165
71747958
98667909
27442195
58642727
92907961
4598064
65507085
65180106
19742968
67348515
48417097
26052611
25643829
69294000
17456249
50196990
58475565
31227987
55142272
27509398
77227425
63156915
57533213
79057832
94652070
46167433
33052626
83057724
56827566
35307471
76867878
7526109
76616457
7295234
90046801
80864930
54518557
54151856
14632919
78970600
10125417
6959817
18345666
56272318
79332463
74976140
53030516
21059027
6586062
17114717
38509560
814282
44868369
87792123
46537121
34764809
46820017
93906325
16328917
10439944
59225764
64459348
2371706
33203169
47753479
82569210
21855535
28249855
97450888
29291405
42828437
64320492
31105063
67091587
91616886
21429489
58792495
20892894
9906750
30860154
64734937
40083173
75613437
88810322
13816987
74079695
6205158
70448371
32533600
67043941
91832860
67566558
47415608
54665165
7916116
47943529
91354501
40552666
96932337
96048721
53140390
43632060
70789082
90267521
2981024
41683031
34776269
18211169
30895473
71948363
21403967
99424461
33458568
44364218
49968027
70538800
74130252
79222792
12269650
32941477
40260843
29106386
23490594
22940421
45857452
43494898
63314074
62903489
15682684
99565467
3554254
75222520
98158941
42273515
36065171
21958697
44180446
54841682
34341
79190682
7835355
51877473
94647369
12904237
5674828
99871474
71794894
75093324
47979550
24662440
41823044
23943646
93362133
44260314
69612713
26432526
18191080
79150956
66652528
5857194
93388030
43124255
25752830
72464812
80531258
57966732
10930616
76823755
96781466
22972651
41897481
262584
96563963
39595130
16314525
20353831
84930126
51658674
44248049
31892569
70307856
78969951
54154445
26224310
12438401
13866649
65931044
23437351
36613803
16449900
97918298
50548851
77042924
16097478
44134125
22963626
78499152
78258021
89145152
32581746
30692114
75643123
87271492
15079343
68700109
22324667
28719109
39025214
74583302
21934557
41910120
81740599
63545495
75056018
20206829
90136636
14029768
36347353
31340575
60490189
29277943
51779416
84161701
95641325
73189096
53835685
89722348
86984567
132675
28666440
58526691
31803396
84758779
52026114
45891941
93004361
72140721
86264126
35153571
72902452
5415803
28051427
47951171
5846254
74197469
93429326
47383773
54347545
23663275
91601834
36782499
73846549
45244801
65760884
2287460
90820484
97074554
61318313
31583571
61594200
75511076
27881307
83004904
71552626
46056322
56881514
54849153
45840326
71863280
73230451
25694143
49695276
460368
61139056
38149996
29817519
88289268
52424336
42457081
64443037
42138279
25066702
95734130
40491328
72658284
74789260
41570655
93863299
830735
46444926
3217987
7109480
39785636
1441309
76347947
79102088
5638730
73650715
2268887
67900771
98585626
99183036
82178300
48759130
22726373
34364939
29206539
51242818
63357977
3896096
4650866
862714
87697009
82159
63565889
8654861
24403902
59512413
11448203
68070610
31810119
18349064
85416976
20718072
3637559
14873369
99410378
17427453
41206377
76972387
75435401
960912
14508415
99395048
4071293
38537314
5690848
94427163
36529868
82328890
94347433
46179140
22185796
28739027
60290608
57310105
67709574
77741036
19235728
59010692
57260548
24631118
10255813
34156189
77371852
94905792
73470933
25746443
92323306
41315842
711529
30861876
56341134
93913395
61159438
87573566
19871156
50984560
39034290
37486092
36053237
69258357
38162370
52735417
59286390
82096179
15197710
96331675
3795964
5877092
99714509
2845580
77809127
54910071
25855853
27508822
90704442
69728558
41723149
79082448
97606686
64846867
34913765
14379256
85957989
28837466
47497951
92093653
4709854
73721485
38898247
34713346
73062441
91553845
24543437
39933669
32610639
17638848
95579823
17253156
29850503
10341179
77385567
5455463
77173013
32775190
64869974
62924154
60987127
24201515
71112419
72703632
31384177
29286689
18278297
39828723
66018117
3999103
75982944
64250595
23720406
26173768
36285031
52631058
54073751
79753078
49517566
30930709
60428421
25095276
73933754
88354863
64812992
11737549
36583739
46222865
64261319
20667433
60850792
64490422
62757382
94039352
70886938
69709353
15242976
90964409
78684937
76972996
88867234
63077149
25152542
68161613
99339197
98100516
56390820
27108011
75447451
51399003
81933907
13747996
13114063
33479791
45337410
2171985
34133199
70331278
40169283
10830909
2014371
72416327
62340809
74391077
5944209
4525430
87330744
46680649
51888094
53176454
36100039
8797612
929868
35812901
16863069
4109618
27467575
49859219
94586174
56597563
83140835
2654244
66149047
51759229
64327969
44387586
45335915
75940657
30450306
21925110
69063434
52735275
57516963
29898046
74974128
63563758
83732463
7893773
68793326
73335608
35474103
31585748
66237632
96294982
29603708
46663282
85669627
88213573
50883423
75466361
58557266
80476198
71639619
74175013
99330028
91739013
83292089
34674189
98860279
93490846
19427163
53942846
63222791
59343066
92456759
2019601
24141672
94914191
76608230
48085504
85093041
32013001
10887109
42899256
17080818
19663023
3112691
37686948
93847564
13564194
66168305
9073650
82047152
82049698
92616256
88112960
69047276
97904059
97176462
98732908
8337237
54090159
11467729
43647877
18323781
99719181
64684040
99745735
46789674
30335198
1577692
84068431
93091260
90705311
24054218
85655496
19817169
95579372
54778409
57869537
6863690
49390814
56999875
15664389
42251342
55776384
75907734
18370736
966708
97049710
84256433
67369270
9984288
80105948
81579325
22645794
73816809
18374610
28497178
86563496
76243768
5955065
26382107
65447039
30904205
68492678
89307813
20040565
54478038
8707159
73925008
3225230
48723799
56568017
78051128
98078934
87810640
78424828
61574836
54374976
97584561
67689623
16203071
6916245
8557219
3610093
97764854
50972986
77197910
50183782
11755108
73807609
39795119
16963473
25309059
75447804
49096423
19673832
12881264
93385939
88543385
32572755
32960862
1027704
80455862
76341548
86060544
9685535
5181633
35101195
86629836
70225556
64295359
14619080
35795750
62308192
62420744
69595595
21794600
68480677
8875100
27972531
10883424
25045289
70990003
6355370
62045360
57305332
20488525
73883824
48192133
66992152
1890772
97521960
60608769
6501165
83144908
97447342
89307395
36750932
96005595
81440079
96712359
7045449
58077917
5575202
19355624
1746175
7192491
98493685
13687046
9577076
46218668
24971566
44389655
25705871
11733793
95361440
10056120
10764628
66100689
50544541
60924250
48120820
44653246
19606145
48464806
66858778
50877152
35377423
82461881
89854595
32861521
80349916
29714420
91361817
34814793
90578669
79697353
88034700
49312563
69328913
43180732
14809770
78248957
3947227
2686032
60920999
54975565
91187169
86072782
35067594
88579508
94598035
25661082
4579481
38749929
86595022
11598998
64204240
98204581
54530529
7276483
14502854
35925232
24495239
55805748
80770623
1873459
61836169
78786446
21531498
34035207
21978795
31220988
56052277
31674822
14120101
38233537
70004687
11288405
92031238
24845482
96514755
90372478
83767812
75156722
71465740
32030894
39155074
19601151
44206478
31495158
15668789
91740397
58395473
37510820
85777146
77210074
12899439
83706340
77291422
63053224
92436073
42010342
55366533
49960652
55493710
37496014
68372862
92279871
37063190
5033280
33335043
13942262
14557134
90381804
87932750
30028454
1128746
14873890
59154991
8107719
40885474
48143473
64763087
69120138
25097078
61249883
46723791
85636800
43465137
29550118
78639996
35074747
49683251
77498562
98851553
29620078
60636087
46501317
30342674
65229924
2502866
49420293
76773231
60954153
78684734
18204412
10134952
52306270
30243032
32629536
11747351
84549649
67159574
32951241
90337756
22163884
31903650
14921418
54023687
1933869
78813101
49722894
79255803
91314860
23652276
75258165
19195255
95640203
70836053
13879635
88237906
5885012
23012209
31469340
70326132
53117846
62646315
68019683
72423446
31810247
28052406
79626992
27589993
9184046
60813689
30099513
91855163
30912705
98223032
42091275
24240778
18424679
34496662
17078863
22427414
65496682
6336430
38818700
75216843
11308988
75610225
80862441
37366091
54826292
84694781
3333197
21233659
76377971
36313297
57958555
41177900
17072590
68094645
23821971
27359408
28336300
97631436
81587015
98539888
72290520
76137827
35940206
3607337
56830334
45715549
15947530
3671543
11092639
52055469
86814944
71653826
63054295
50816188
30292241
69994726
96319194
16887162
35258550
87520242
22179689
80326754
7182892
18697671
8609512
82032870
12556740
21440847
81937049
84509743
66192408
87869688
39544485
96249198
33285663
34800501
32824503
68137913
19135355
13113907
12288722
27037324
329088
57711571
59684340
14874187
36168018
35168616
44208925
35083734
20918818
20525800
95084024
9952478
714387
8044795
31975960
15019321
27334628
18069171
59769018
7290495
34664949
22073476
76549124
91611205
32060106
14045190
20692775
82364864
80881971
31475039
3939180
50808926
35705242
5136364
18169583
2736041
28481098
91920074
61223360
70395674
39990503
36034477
43695554
60742414
57026304
22248524
81404420
76741063
27423831
47025113
69016867
16810844
38511285
49389443
22748705
62545780
22038192
1424336
37680631
69779724
11170112
49587908
61545038
19044961
13535113
54131976
51621508
63325538
69207838
92448197
63352662
82193783
82323384
51520516
93757840
72162808
4662820
80031014
6566124
34755418
79867091
69049097
66629195
49654867
70932259
22990914
90735535
50555243
56778251
94846350
71756761
27429880
9763871
81948759
66361876
6553286
81785138
36314515
43380913
58383396
77009494
62133863
9061413
10980973
38605213
28546689
34769469
77527138
63262737
76606132
65824062
78811176
16342387
35174733
22221376
68137557
93038997
45912192
50667094
69092599
22436729
49375583
30510104
73889018
27688803
5520324
22796889
25035057
15598853
1347626
81057907
24617951
77214767
18441509
4714941
94180168
30918009
79768171
11404382
63858261
22666207
33036833
47836134
58863517
10107857
16906662
24039320
15224091
16824584
33978059
6926298
16306117
8088477
30948086
24841056
90706338
42011574
9137978
10007802
40386151
87271514
65474113
23278544
596464
67791585
38890740
83674158
34629072
11514031
81273205
55849876
79329077
95247372
95596564
27229873
58300943
13460368
57394470
62924349
83918643
92175290
58496093
351575
47907534
8671442
94831098
37404517
20150474
62964543
36288850
2688830
76398669
5029610
21317424
4297886
12148654
3701283
34263876
14581826
91903752
19357962
74441180
95993702
88983996
11857256
98402539
80977482
73521681
46814918
99155276
17097444
82595443
83331423
30272527
99732040
20611298
22144371
72908956
62644341
40317943
44189027
30575676
16037574
72532678
72864490
15604636
73772105
20159239
51413507
95233171
90908024
48335149
95909847
33940031
39880031
60891655
52737993
62242442
20106255
67694588
71742429
13811078
15305111
33813835
87482594
36341167
45111965
39650179
99455053
30383433
25880956
46084558
53213611
79963732
94415035
84990330
6490489
90627288
5626647
62750948
3170659
54541451
81539520
7736829
61256675
41483353
95381211
88607503
31653617
61053613
5475922
83390990
30873157
65976992
82242901
36423464
45309987
3582220
50237087
13001744
16738458
35927263
29151562
64322147
80338330
27442737
92750882
13557715
5034132
87826546
63357660
55696718
66864212
3279231
81290869
14842109
85769810
16698406
6309015
69358667
51089504
66772246
81489456
58110879
30967451
67067314
91379459
14579085
81724884
40403119
21613648
77178877
79838864
12252353
85126274
6795229
53794208
55572959
97320251
88452209
70402223
36693194
98746423
97240562
57450200
39926264
52082293
92118083
63434760
61718980
38231603
72796421
94859555
32616471
11638427
31571508
17620092
91929513
63141703
94126854
81954247
89043550
3189694
38099440
77079138
50581099
23325900
49363017
79895839
27804931
22686666
65273216
83212484
56119438
26834442
44142108
72676892
43748441
61967915
70534794
10208830
31682196
11850758
12351627
99372694
14026758
16817348
89204553
68587539
55354475
27274560
79385070
74294801
6458803
34579555
60139052
42916335
28235575
94675055
43330759
19788242
66974866
62868901
66936999
67912768
53412297
51617194
89635874
12319002
31587196
69442807
76229848
63560418
91905945
19795558
36080322
59714313
44392906
96374269
65215545
33931144
87490965
52458621
17933196
64559140
27371301
95078018
52181289
74191091
29792252
14883275
3316681
84446999
38774372
73586506
81522565
80116225
85627525
69968495
61030115
90565914
87063239
34475513
23247046
32133664
15236765
93418315
63909579
35142385
7597401
77026257
41923417
52214622
80057543
38438487
81497814
79361172
99224368
3486814
28881642
9187678
86651019
74249580
61568588
75824394
77940862
47412388
98917092
98985762
28379509
44809344
53140557
21056702
12223073
91761172
30541424
68056115
1150284
67907243
8189781
51942070
16294343
61569308
91505731
72745569
12260398
709308
34254352
73452820
40497801
23124275
52345404
12678510
59062714
80076126
20421380
57310770
42507714
72651803
24263335
82794331
83082180
50574068
83853570
89719568
47536284
64586636
28323948
84258090
29403712
78104326
46950750
6072833
1959432
11966072
32608719
97768976
71664801
19904341
30227773
37255815
9190235
91153853
90985093
75272338
76183639
82915116
46189272
57903705
59012003
13478578
21581860
68582588
13790422
93273427
26621515
83000212
95223757
39901865
1922946
50187282
38763652
43550985
40670834
10719689
23974806
68358961
9445296
92926070
71939647
44486696
69164
92076182
74190021
95384013
83513054
44172198
938090
99099015
62431298
91687356
75076687
69860540
66170554
53309229
33218942
83173959
3182086
27490672
29340151
5891914
20710778
26484720
97669888
15605009
32189654
58282138
10656634
24683068
6633180
85278154
97357859
7436783
23787777
36809500
87051430
9662126
88163576
41525151
29634696
54121781
2202120
26550006
49503637
66484437
49278472
75682637
17413900
90403143
91703070
20744349
45213254
81508742
1173401
76091440
15506970
39768408
33963512
14507697
30912926
44405863
91246891
52268191
22431964
38299279
86294868
96821882
83483602
65029475
72311015
20206947
36915439
64536330
29184670
45454160
60139114
28782774
24973751
57762035
95801197
57991769
9087198
40023712
36331416
55177500
54286387
31991446
46666348
44158771
53263947
55859080
77360386
57963851
82746746
90772638
58290474
47541978
99010631
762367
27219957
48221035
13737414
31090145
96226837
85953557
67086802
76841845
80350717
38227639
27420388
62807715
48732550
33559079
61788677
50876567
95278970
56431578
89577205
34704158
13568074
73950783
4866355
44259664
53044399
20271290
56472407
40630090
10628151
11260635
28235218
47426473
10681351
57082560
19089139
26482381
33545021
53527707
3054394
48482890
18597952
33654039
77070472
67296679
53762853
25145107
52401182
676521
7803425
48471451
32109138
81136127
80785973
6323154
64050795
92606340
77894870
31583247
17324999
53734276
71638568
44120838
17411554
97126928
80227481
66060440
17845150
37515169
68202228
62868622
77380644
63029780
46149320
92048109
57665130
26943008
9344083
12538962
14042295
4167088
36547536
335301
49343428
37043828
50834005
26096412
94520932
2656603
69326414
71573634
59143800
85395711
40800737
79499293
47589170
73810501
94597469
96317629
50319555
84170400
83478332
2066775
73063461
21576725
16906987
26186359
9584205
96839220
36117783
27032730
99437837
52896690
49683793
46336376
19903120
24730231
29305394
49388191
67238399
63084560
65781830
98933508
49086907
71283086
8732917
59317549
65412980
11562892
87272396
15051772
39335469
47761033
89687025
19633875
35135060
75292231
65872431
9916580
46647642
44273670
23774557
35942576
41518987
8089610
43890080
42830311
17228712
57698831
38563696
19118272
92208367
31391157
46192988
53235063
59275929
61066586
77294175
37351713
42123405
29240969
23381091
17531334
40518166
28176130
83998073
12270609
47913315
41714879
83097458
35224173
97486982
39674513
71407381
43031866
28587932
59813722
52575134
63067419
75417449
52075602
81874600
61933317
20142917
69606839
52096935
9259573
30235971
17380230
11971
1903006
85747139
46878
87292889
42244537
64071575
9493372
23940666
32043409
11356517
96256405
97211481
15644987
91983397
82423723
24113463
16767840
46807029
4691299
7146280
29743744
72075139
43828510
40803413
87705176
51337742
33178650
80644969
73893788
6962644
15672296
74830561
2855132
88533824
66138742
18087944
97425209
77210131
43253920
38199120
27153664
23529433
88523485
34199525
5632934
81280433
60075588
49837456
64152771
28358003
68963889
2115381
15836975
95860304
39936473
96594776
3499187
41307819
10881041
39410969
41302364
35801711
84171119
93867728
69733049
27392782
76474658
12750955
86253261
73137933
90159192
73718441
63503492
5338507
72702375
6387110
54216886
20359591
20397507
16064090
10673595
10122104
19632190
37933616
35604918
87690030
70777675
42668348
67555189
82754634
20171088
18992821
17393375
51545839
38680896
65908129
19493553
17984368
48931271
30151831
13085887
64221750
36637144
59414518
84598589
57750088
75344194
80517389
90204942
47684036
48316397
67522432
47638593
59241109
34241690
57006000
78989211
28051042
71233702
10800996
87053125
29737619
56024270
41185405
18271109
99270026
64645070
28996130
6468707
45281206
52850402
44650721
32628747
18078164
60050948
90629929
59136615
48187040
22028414
58074708
29385906
97809443
17166226
74140367
62876439
71786438
95821976
71855360
40496081
97511646
44799177
8312606
13917367
62299362
64689937
35807302
21687937
55746485
1850695
7455868
43327657
11333542
2481684
97609760
66644316
45250802
7236911
2234777
52158990
3619674
87351222
94990097
91953198
69207199
84264933
46709353
37808309
10160476
47012231
43083362
62535634
45504648
21694258
58740414
5538716
79984764
36100848
52622499
76272578
82218546
77856173
92873129
15269637
21806804
89394696
96114388
48004058
36730220
55309419
31063969
42188385
32690995
52384389
18926502
88120411
72787410
9292042
50130772
58967864
67576916
84523295
52536534
94443103
84642632
40242981
14081113
80248559
37248625
49319309
73287808
2602711
13477578
71568626
90121968
9273693
49408667
41046796
7810119
24684936
63781524
64540798
33351926
25317076
87472494
11254174
4414649
27868583
52819756
51435632
16535199
92740339
50075869
83369367
33858639
25574643
68828432
13579414
45289421
37080102
85651609
985390
97063193
68804909
22740433
46198624
2424100
83988380
48206294
19185628
12137400
37188253
30980466
34792385
67995573
35324651
66997387
51274217
80416527
96980170
33619087
59206035
73927871
82951929
30185144
578034
41744487
40845936
74718524
52470737
15106847
93120118
51435705
31434617
46670140
32563262
57437218
71171419
13699229
69667465
88983641
24211295
2437142
55942708
91322453
87838378
74747326
9259775
91850439
98077565
57607670
91272557
87754262
66871926
80353466
24206821
69004942
23022653
24123563
23288501
13118312
56087047
4281201
50621977
27464908
70527217
8953587
94238585
5805770
3541666
59670375
69677280
38725133
99533329
69928697
55265897
86221729
57654313
64013993
96758261
14473859
91693602
88173359
81527971
99295410
83226036
51268271
90879375
82620312
75121095
1124731
24694880
19986052
30382241
12499060
70239492
86144090
19221108
84666367
8270091
23935580
99961810
21867612
28024878
58704172
11775646
93575532
79486454
40247498
25113203
29911104
72041309
19743118
92012349
89502791
94089891
48027799
85958995
4370644
40452703
82565164
77023394
30905837
8668736
2091385
86110659
92855056
42035583
37375870
23173164
20824088
99530700
13758783
8759450
85726410
580183
23104860
64951364
55684724
14393215
67826585
46072175
13527435
69924558
6583617
60094655
23442898
25094320
50943924
78979930
37590398
55248930
11789569
41980688
16449145
64451345
57490252
96897814
13843961
3470122
11428249
95624652
98603692
59861102
60926282
18746474
25750788
34596627
57967698
390585
49411610
26809848
81578395
19420960
38739117
56105717
25492892
77464260
35843539
59276684
62684127
18530580
41018977
87420294
28783490
12774577
38541216
9126094
20201657
8458795
5779771
51480498
66299234
99217782
96661964
48704464
21073130
55308439
90771150
64819177
77512948
36319974
60304273
72961467
2474994
55704474
58727332
46211784
78025241
77685562
46664301
64261533
65989323
40279658
44694251
6206477
4412823
40989716
81824900
19578317
8449079
57945661
25527306
49320942
46622385
19065106
26372518
72047395
75478212
25176785
4366847
90408801
41915965
45587426
21032576
10155056
66792762
40819520
78110804
96790857
37410815
66413025
61070923
17575285
91769698
39755811
42996234
77779546
13680579
49240864
5171837
50061642
39910284
63149692
37041632
13438547
88436866
75917232
71749075
16585017
2567349
91980796
65946208
27156788
89159141
63544280
54275606
89100117
34997221
78128360
64786211
8227574
2373579
91511678
15324322
59811959
75910181
85791349
43189323
30344232
78025991
99761715
45718513
76652861
28332978
95285830
26781734
9311421
67708935
39825738
36782010
93619003
46667431
93587025
7369293
9793286
26307108
48893041
14565608
6902509
39989835
57813971
63087925
49568255
16513273
2585214
4142425
68550211
88435712
40036428
57750570
31744262
54992912
12800888
89458895
97851826
14282031
38541558
74937179
45790994
29112712
32181296
46924407
14296149
40423620
75567661
87046867
67024670
72782809
82584746
42652836
7325640
35539439
51939266
29264756
42110126
85210394
4232840
12468193
98853496
77880376
23076786
43542541
38710624
85269678
27028920
46887091
46485268
28653696
96949798
81642650
30196490
7583956
77850003
85425542
34465153
22763038
96287106
39991072
81233200
89324487
61344568
21294442
11131076
30186068
46254730
32708452
88955990
57982641
57291454
69996910
59984151
75456834
11019953
93655381
6675299
65272435
94502883
7312928
43286764
63610100
92656828
34789233
75903025
16603028
23979691
57973810
33528774
93112805
57104077
971651
57067084
56960267
32511104
42108789
33559789
17587820
12086280
23673828
15518098
35588561
22110618
69895226
30118565
42074656
72450774
68058539
55748763
50157366
18936421
66029203
88202124
14513613
4068367
57463313
56635250
49997833
2848901
19165548
51990258
96238419
82239711
80667112
84246305
76059793
76579081
77136097
54028702
96220772
84954019
90350826
71849169
14900675
19686647
97192914
64064399
80122714
52278771
54599231
93055466
31053809
31121038
32673467
50420898
27128249
16412455
6980883
90392631
78453852
41329199
61489593
11408172
59824603
67307226
61482104
92677048
30714527
42107086
60847217
48993860
1072015
79402318
48465584
29502828
16527134
64775477
76436568
87738744
82886230
9627929
19670528
94794772
72387957
82242682
40769660
2493106
84905982
67077909
48795856
29605997
55348786
43204292
19458363
97618084
63749099
71286608
77862457
44769108
34111684
85580603
12087204
8769657
69970469
13325600
52170942
82257473
93557489
72984011
72325525
30301068
61736123
11474461
63459146
85676504
48770534
91228224
38438086
92404276
6186193
68683559
9351035
5098668
61381181
82875409
15286060
24301714
10363772
49955820
1644817
55655992
83997814
10178436
30520374
49563401
45510235
28591882
35787147
67671711
15927698
31707115
1108312
80038152
38609200
73767272
91330009
75341442
71798779
76786719
5115395
33736901
35431012
32244198
50078785
90181555
95007993
10735180
58760314
27557500
21156070
50744946
6548031
86801635
64465541
80949289
67439235
57876797
24569871
35406873
67935566
42558110
40017274
52330297
60232295
7545275
6527879
54044917
87279985
15421645
24519759
15215372
76030992
88492092
59769902
33825754
80597269
51084768
90393485
15594213
22003331
21624589
80333167
34742063
14592178
2488123
55141786
4219382
50961929
9231163
58365586
75106662
73899065
11699845
82027438
28628562
73441319
63045531
7405473
39809843
46164026
16280660
85072740
23217362
43446583
78854617
8365157
36134198
46908000
61202091
26559212
35592842
75521659
24349834
58258963
84526968
33918389
91985931
27879974
92062886
73042339
33456061
87064061
52319124
41988990
78569624
92847718
62861778
93277058
55942526
49926982
51016680
12932084
27456166
58609041
67937200
73554274
4731267
11403867
93459957
23668455
93204799
23197710
46548660
62915728
90680796
6994743
8735540
77496519
65359620
34896021
43782448
78109553
62450103
73182761
10955355
27217275
7973045
14442539
31542871
63899336
97071646
9648321
32104727
56196816
39554096
88883277
50030468
5709432
19937914
76480132
79841242
75730295
42169089
71385032
14048572
19783944
26313439
82751330
1757016
44261504
44992463
21066763
27788411
27748328
44918781
877230
61073650
93507592
61849766
70672868
54878467
71731754
17112603
55135172
75162836
17339068
85074070
92237346
5840030
22180714
52572516
70510283
59685258
33732683
9793415
58074471
94905671
6692044
36830683
74774302
29510087
28144896
19836349
92309047
78948069
83627495
82696741
98813153
62538756
62438859
37971557
53973525
11490749
46633855
94856923
47067802
53521729
29212118
63356438
39536636
41591590
41063904
9005144
29803901
4848175
29457234
14626592
89402992
80145862
434178
31053806
89143349
18271873
27377446
43361857
24229629
28353052
55165278
46436178
13881
88484601
14329061
74869291
63911371
54525973
36988913
84170889
20536072
95989947
77743403
86532523
95167521
18305843
86630733
30553948
27158794
11499511
62092346
34359926
59239605
82616817
10494914
97466626
11381403
84038815
46069711
66671908
84125379
70309556
42628156
98719781
59369656
72067107
21323605
51583737
70992944
12292784
55937558
18444019
77010726
4567367
4005265
96647277
21734645
50571310
95346948
32484073
9782983
50652108
10922504
15043749
3463236
48443534
34936023
26170117
64206439
73162102
82774056
89935259
973712
28221346
5535760
25894179
10518766
32839467
14883361
11483101
86507060
1648883
81246681
10270937
94915490
74662929
95776741
77364044
44216576
41867836
96814671
44593248
47191722
79753744
14078967
31278435
1078229
65892900
17662712
82858648
85486937
22638177
31927379
76018735
39725851
43326554
73718596
23633669
32705925
73547332
87429921
69887377
45111645
25150549
57894692
77220850
85369746
51554962
61013463
84555766
41304714
20895257
68403432
15788925
473509
53360329
4858576
24365541
54327104
1765101
26184085
60403346
35928872
82253345
65429731
84891871
30166000
35448936
38551875
49375064
12579896
49422984
4152002
7568019
84651623
88816170
64053307
59111188
25458816
27062685
32921299
40135266
30453171
577263
65963900
14946019
28360801
11865989
46309650
80864594
52088733
49053664
83230230
53535390
84796483
75609734
76527223
14773517
87381886
4263230
80245937
14009638
49034337
31258886
12343330
31451725
69594171
69823582
95957804
18706777
67985404
12023540
69498616
8719336
9099714
22360554
40054928
65920111
7029195
51846521
89884791
34061448
97227536
9048304
83916250
4474835
31181582
27668440
97252634
81828729
11345455
12939900
8768113
80631916
43386966
75284022
99179271
5467863
44895997
1428110
61594172
2486079
50528277
35337631
49699423
3227749
45243732
65145363
27056843
78708848
23981637
41677736
42685029
58268309
11939413
10246167
64336232
49845906
73170962
35258984
68515428
37180272
44007843
62229232
65741794
40983084
65808243
78504790
95948467
10388768
30124116
1787049
20425778
37643182
14025494
41557207
82479903
66362902
25570147
70574597
77058296
14326229
25671833
22363161
72235311
89713962
75089400
44854583
33539648
43222263
80853279
59581056
72521884
29510183
54205931
70041796
27667989
99615387
32377429
53424476
20020041
57115187
78275002
11762684
17068135
26622505
78077784
82534441
96018909
50461020
96855855
25467098
79931564
37532008
82103667
60880057
26260449
3224694
74480137
92345243
56771431
62497100
23232476
64265623
31240137
78059560
71619088
74246017
97944666
98238395
66803531
62204251
81060727
95548824
11553385
66314361
69120740
87132291
44562134
40817159
80688823
39685043
61713735
84532950
34368020
5852852
78698603
12926890
26434800
5747285
97484621
15423383
73932047
35316955
14826028
2889547
48656325
90724491
46957904
29075503
27823260
58115230
57029584
53678273
78625685
74493042
98122917
78626310
46740579
58918702
28831874
77475522
31317290
28786840
87504203
38489344
30248423
15774934
30143228
37194597
10661011
42887175
22540501
10918215
72951042
40987730
13750531
93993873
50191026
82160093
65154400
15132742
6348298
4503218
96549796
86389302
54560787
213875
27490735
74984375
93917426
59981399
44104535
13000767
54693927
47260009
58213768
81806379
16715420
31888433
32944146
12547661
52763040
97336322
1934140
37277958
12611554
12712037
66462724
97317395
22779921
73526000
64963072
60766202
8477758
39470391
29166943
99919092
21686990
92762245
62218975
95386401
90508808
66741003
22243442
3944184
27433748
91081799
71563168
68099727
32742909
96570385
27121754
52152420
74159118
22919741
2386010
53098034
99238590
53383051
82109358
36151522
17256676
20787214
37515596
49840652
94007514
78865535
67197890
88623584
98391228
2106326
10459225
1226626
9451065
17181780
25356884
74309940
27530726
220007
48879697
16525359
43455008
28658270
39154184
56711416
88293488
83375951
96157815
62039938
56266821
31097223
4815481
41294151
49294321
94363999
43488104
39806761
25492901
8758633
93631692
47663661
36561807
37678926
23329147
35032506
41701886
16764396
14530185
9497102
44023797
63000064
58288111
69340658
62925217
1803726
918227
27900813
34433866
40571694
85736760
70135667
45222147
97616473
78915439
1114995
15908895
92936607
93667510
3571474
6748111
15191067
28646797
48340653
26707278
60838294
54863161
25931619
82968550
75685760
84785328
88406118
25039788
96055721
67846135
4543113
1637652
30500186
82778014
60018406
14212179
15340752
30552134
87124257
66055544
44496992
93242177
33153062
89287313
96714027
25020680
17219900
89142443
20312904
15115428
21049235
49301042
33459289
9569097
47656199
31959026
75635775
56164168
95296106
68384874
43463310
25263159
88836073
44982376
33071586
6340846
60624765
86332506
77908855
28566538
64364247
9909574
6532942
28100888
79616135
85985476
10919070
43822799
72468976
8473704
55333944
54657459
95295749
9184968
6324640
39072836
3288538
12281303
43443194
65872285
57926515
51319449
10314493
60852348
87243606
58341115
39381746
68595879
1911273
72802846
4813623
71337667
49359219
32558699
27187474
85417156
68597462
61406106
42332539
23533942
20973985
12566658
536504
86883197
26597851
37910686
49357788
38416049
3654652
94464283
58552967
18380869
77088420
81015324
82217643
55423628
52052245
749484
13952333
3063392
87024268
47968780
28035721
60531068
82209006
54718981
95412786
41141127
17015225
51469518
21619357
78405295
52354473
97727205
30568335
47870255
25242305
4583715
61133248
54229137
19647979
14043971
15985135
56019972
38746309
12600676
67179622
77486517
24757856
83574609
4112883
25977148
37145731
88656681
30876703
24572247
88859392
58053615
14814901
3858319
56218294
13145279
10785955
40260317
61172384
29069377
79595255
39996605
51355113
41180648
93311074
96712022
45542906
84504762
8743525
62994734
47244350
17706891
63322616
77834946
41619419
91711688
95824332
13491769
78647948
16266250
52349766
53522281
82413653
3789044
53960496
90184407
24759741
3178299
40751577
25268038
3424619
97822701
58747762
90968995
36508050
88881489
76892112
57379003
49393843
81525289
95595484
26575995
57132682
83246222
92814600
34441747
17203420
17171661
8585519
38667691
97984642
95560088
62346626
59557221
17086241
17370097
73774468
72634772
80660717
18802012
39559397
72545412
23443206
31633784
74964421
18184035
45162962
96100162
140728
37158288
11399487
22573588
42100045
82493409
55494699
50601494
71356512
62396379
25962692
51054289
96826259
22005152
79346509
47503771
25435698
32413714
14291310
14890590
32151775
94702790
70698121
96066185
45081022
25123757
83895022
31128201
17856423
48546965
82125535
89714215
21414157
83058380
15040382
52345672
81142461
97212828
9046814
42663173
84650333
85486111
33750377
23975533
83549559
23868108
1811847
62998794
55862872
30675068
43081989
37618784
55866639
15470321
61495622
25004570
47496213
99856704
47039116
77770036
8112106
36767312
59253758
83656808
39607208
65175701
39987591
81987700
7815452
35877353
34018344
55594800
87377764
41838235
69564786
77609792
21063704
86558223
52377678
79202858
31773359
96346129
52168986
82530863
57041545
63753610
15365050
48581465
60363373
13430978
59094938
38750873
78865871
37387163
73670238
66916594
70780539
75942989
10993422
36884324
98963256
74134850
71114446
20493296
37920352
44918806
47742701
8057710
11706414
14971668
74039573
10554006
60176864
56828473
64030430
41433255
51720847
236114
79139386
23448609
47620184
16006223
74174426
7866582
41276056
3229010
79747515
82135054
40915740
99545934
85674060
3798886
74514025
68368703
13684625
9622474
11026414
68243876
75540163
56630927
52141402
18492171
61199406
80327011
6415178
21298238
15498566
7802947
26369400
43485372
28355147
697443
42700413
9570844
86168101
15973795
26657218
88433333
60249300
66584802
4440856
81546801
21155992
50852039
19867305
66477681
52804059
72057163
80741479
5744105
13894814
26419081
80388474
55992379
74505738
45432514
53496355
39670488
5662115
21248227
2998663
59781339
75353660
59888748
69942235
87486338
13832301
1623124
33610750
55140509
60684377
57094163
39301359
45608384
90191400
87922195
23389609
1044069
59525037
55978498
83230095
94406939
63797723
55542000
55024550
62440020
11255408
26666238
48348771
29162924
71400646
93740320
98652371
30170637
9555538
95783080
7993661
2847466
20414908
76689562
58363397
89656303
34949448
8144084
5342410
95008333
83645189
67799603
16110492
29740217
29626704
54916043
77781753
97751192
97195935
99127626
1142563
52355577
88097973
45748630
50068311
49497244
47261890
97413173
71856019
49570376
99953534
95292218
72506297
77881672
7094179
61058411
29905197
97468549
34095813
45722537
90530941
79560661
42580275
68900303
14921239
34649744
44229754
76415864
62456009
83211313
84403120
49277971
57987897
15602101
52839367
34892024
81939672
33606414
55807158
29860380
8712886
82597975
28161835
43711520
32622849
77403255
43652424
95328465
64059875
64809396
89901223
80601150
62696558
48947286
82041318
54211480
21234036
46317870
89902041
6807322
81095981
45142051
89791038
56504584
40738480
73760484
3021631
79261861
35629699
74088330
84938102
67082515
44148490
37668047
65804340
57119356
19319456
91876744
81358951
40230915
28102157
48651225
4316572
51701496
53754519
38054498
9155331
68283491
8379274
59812770
56001390
58105663
64762518
37750756
75790839
14189417
42348846
61125186
55481301
67118828
92516788
89354343
27106689
89925520
37092612
67378831
34187784
15095446
56123886
20844198
99242649
43393366
44949550
32541435
33172837
61333967
5887230
16278068
36529908
9859318
44607841
13189477
72350371
52469508
25595630
77634078
24915182
88378302
97108079
22961596
58695170
57124805
78096280
30834916
65347458
94162470
21297842
1052245
33559281
97194594
66367628
81847689
44508770
89764322
77865750
63147966
86743613
66717502
56886142
74065284
62288311
48442145
99367650
79451498
64810967
74682852
42463864
61399091
50734549
36949069
66257107
50610476
49059541
85500997
64163116
26707460
17039221
33114674
45281251
43032495
6015216
55255481
48757971
12237661
18080863
89859928
975014
29065215
58187780
11511683
24184137
12378417
46156285
20422913
45735392
83219776
44441114
51615214
8062483
51180195
50074368
96471634
80219
6669309
6397539
71970835
91131962
52063077
26860436
28401451
48545517
93284275
10358510
95844955
26798648
40746553
63295763
79022828
36228819
87292619
69368351
59536227
33156202
10111729
3942547
3176858
42418226
21022423
69241447
90651093
95224399
17716899
60871580
33502851
5307425
16395002
82741664
94683947
15768148
49411456
50018815
25808808
55519388
30889784
28339910
15082755
77024693
66717239
89556832
94763717
7538029
17286692
95604755
48643819
91141888
20012684
71728249
86793770
14891136
20868206
64622867
49872538
86052278
21091051
90820447
44305306
1691297
21763353
82018498
76667217
48448627
70254297
71408069
76601138
96584200
24407831
13695016
97259255
12022649
2919465
76857164
75957217
27782270
39004291
75183975
26611662
74424395
18841537
83420003
46086750
97805501
16562903
94023876
58164005
79275171
54227491
80226137
25864282
35725029
14207038
83970248
41324274
56869946
39393804
59282602
90550642
98332961
34831729
71929502
22615289
76057092
69447653
42540906
15707163
35059628
13671174
74567658
82828228
75874951
95157256
74642399
40893046
44567277
35211010
9650731
67753267
71424685
97528226
29239702
80092591
84886568
19070591
7140087
24773456
92716243
9305779
19445544
64777426
92748207
16944549
29448215
85079692
59125756
12382420
32474614
47159724
14872831
52649062
90755993
57375472
75478940
43898476
53824661
23358632
69944407
66653880
43515980
29266249
22531034
43613918
70413681
36491372
11414734
61321605
57062933
48981162
25816026
8175812
12927909
47724669
72157548
37141596
55901158
74891311
23829472
67907461
85609343
70114831
42384093
2694869
47669019
56852575
77090524
85082208
36155731
36147407
37604274
69345254
7479186
8407238
33374420
27731484
81407272
38226669
37166803
94434532
35391432
50599766
89096201
62489223
62663993
87273916
30206687
13979723
1177366
69323852
1276503
77398667
11413251
23434870
38904516
24135776
56359546
16578510
11371765
18230124
13625944
80622813
46133643
20882192
14937897
32537354
44154088
51422005
8217279
55143668
28024820
38288302
97999877
86082486
28421178
67031048
26165549
16607295
61903137
14298162
80517968
91186913
30594078
14701582
39219318
40709966
60963004
77100329
267337
72713955
94496521
66775718
71775472
60816647
27050462
17208537
71908777
90403775
19326489
57645878
81849805
58136558
20143164
19584006
85579500
31601395
52333165
93426186
84232468
48687023
28337450
68132073
36373975
23469935
71512030
71013773
72726643
57524273
71426985
29044403
94442185
58394352
24854159
22812627
57994205
90505640
76756710
30938413
30616322
41129736
30190852
14626156
92316009
34348243
58909636
19756465
97738595
9169215
1360174
14492545
30158041
13540885
28638746
36021053
96413977
36924192
51733453
9037860
87758529
98333632
42321555
18255882
11350865
20441521
30570464
61979755
36396137
28971821
93879103
40025294
99470730
44363553
46579815
45096263
90086620
68072291
53132666
70142515
67750110
56704297
90496425
43089512
57600526
97978110
73260420
79824645
51563914
18075065
72198216
17877539
67688740
91612496
79334055
9723178
49302675
3458204
30705331
14822656
95890448
26428546
78130714
87847042
18804800
30551471
24665096
39446482
56562224
70287813
35404053
50436864
12253140
36047663
25120040
81970337
28569979
72080223
8513222
53767021
77194710
14656466
3296754
11759552
82506318
49729958
34424753
13398566
62276189
61068732
70686899
65047654
43914058
56299772
80517893
76422141
90491710
75352228
53650986
11730941
86038443
40221716
9136903
80244628
18303118
42156010
89966494
17960227
66972520
54855585
50483320
8869019
69153153
72689406
13155919
81690318
70705810
94469820
81013146
56540362
77315003
80156158
69206840
36963939
45104817
1926902
27529285
53688227
18883016
21613120
42462951
51778973
5104371
55619734
73405378
61798812
29333022
58222105
61266760
79567775
19602118
8417117
9197117
47213433
74527607
78912373
14905639
41765679
35764654
76018258
82053526
70245702
95116735
94549820
89201982
79188832
95149092
60727912
96552773
27374026
13175548
1176955
20571146
35239827
7454801
7541723
32673660
24007847
86027925
4474617
55660084
22513881
77529934
27557641
46772967
97614889
72299162
36076138
45004533
11506634
41994007
24439967
69090071
71463015
96718728
30680300
31525785
2923860
42268841
28057233
41424860
72911860
18188162
81980210
85997080
15251665
98234793
71569352
62873350
23386895
55544841
53340473
78648462
6643485
22204103
71154054
60494425
54445171
33181837
94474282
12590238
14181953
78666461
83386585
41980874
49947628
85545271
57645867
17338227
20172147
5933271
39525186
49671264
77811092
96643189
12581025
62012055
34492200
94509023
5809393
48114096
62963208
28528468
2124852
67549520
58982079
89746099
78135239
73720307
52475017
20456180
91635797
21291033
89558762
79091889
11402835
60270125
82016453
55331095
67775392
56902084
40856969
83033874
93144162
36826130
4717753
50482457
95717553
87667056
11417948
10632566
55988006
56324110
4244507
98710334
26471833
36470429
94011907
64359723
16843889
76114160
80248297
34247530
40172013
80466949
94194684
41619951
25987305
13083771
34256587
43928389
90378269
33963500
55710706
13902365
8897851
27256691
6479850
51551941
78204947
70160738
76420063
46278443
47768785
55353723
58074536
80765611
72588258
1916637
25189583
28733310
88689291
42128866
36766149
76939507
21649271
61349819
36480927
2376236
57984577
84185774
83593251
65194897
7657212
66530115
70983781
55352124
21143185
35992523
16375680
24339399
72477031
52348249
48926897
58075296
19607175
93167706
75872835
29825916
99255235
82667328
24164132
10488333
23851962
16851873
23534003
83057627
48028195
97424136
36246770
97207773
99530389
271298
86872705
60483972
54284386
52566876
57548200
89625702
65639060
68901359
71196888
72738700
47972582
28368688
60021429
65255282
95901825
33351383
95411133
47452940
12907070
6019902
68678350
5103425
65866481
92089914
60532876
52134988
25122219
17152693
86480256
45720963
29907821
93935602
85100067
3562758
98106459
63074325
10982749
81074806
56345937
22473255
25287036
88879919
42491853
52236033
49438183
64979812
68583982
93198524
73203224
82329333
75280748
35071987
36871598
90988488
83926212
56929727
45165980
68029597
41632764
9804883
29775288
18390382
88425493
7223962
37459398
93414374
66520247
23477855
51456464
15234159
12080487
44094263
92464529
53894692
24858606
14928892
75242740
42070151
59294326
88870179
62276953
92929090
5077885
23830884
2325350
54309717
59592592
22179638
72309295
24712892
78438256
11050579
16596459
55742031
70530237
49978192
47899805
64569076
35314962
88397630
7763028
74231540
94370571
8247381
21132525
60830140
96545488
75312877
37409143
45852268
72753316
37104217
27031061
66051632
22291170
85111665
9494733
80540159
23979542
21764251
98160172
52699410
3122810
74109991
64460378
5542560
33124733
2685558
44486929
95378600
48389110
86416492
23650596
3490062
42282073
6916591
18531911
58785744
90245729
85442076
22387685
65002114
57844560
11758675
9787080
73523712
94431326
39453304
62517792
16708038
19654912
50310221
60533574
94607020
33356088
89629382
2144859
44365839
61812765
27421662
20376217
24757593
33013853
45923151
4564988
11561822
4468986
2649385
60728186
93235313
24432485
57794968
93556896
18572527
15802908
45211941
55555978
36184393
80460917
4165550
62833545
46266401
53068987
34067080
42287702
54029645
99232360
57218525
82722886
62157054
94307919
24053902
35341166
31310703
11572123
16914426
25706182
74472306
9606229
82677188
15408478
99274110
18101227
17237174
19308970
31765266
92162437
9162295
70689537
85526537
2275324
34522798
12302214
40372976
92403515
88870872
93732667
75434871
33551179
71881841
61409792
56965843
48433206
76085248
48827289
68280515
32963428
71380129
25354000
86824367
92061421
70879719
7218778
19482086
10490032
46533304
43736483
5070330
47250246
8032322
78409718
77071794
26583529
21700603
21795728
46157496
98626912
37987990
3460940
45249890
94803526
84352539
85408088
530507
66877285
76134031
26067430
90857219
15638568
56634624
99356538
45551695
79820968
45815318
35469416
61142771
85620204
42895668
75933958
57112766
85756364
15903071
99292337
19390560
91604684
78048118
86307883
83233718
978349
21197017
62538962
27653878
18263285
22515184
99113274
50461051
43777150
25076981
18634128
22005642
22269486
4645677
78784342
49834859
62662221
23085843
85440966
44317216
42132621
69185620
33893691
35127365
86867449
99974978
3533008
38948065
38448111
48885303
827396
52740446
55780644
17026177
46768633
38377881
65050329
52216447
40475012
72685470
9152214
32940701
31563022
37788720
16840902
65529385
98140293
34091031
29305180
15330665
54738786
57021254
56920968
51181948
29354729
48582864
46648720
17156485
183583
1724277
7656216
47833447
26675687
50394017
58122542
41438000
40021097
16924573
34549828
21001235
33206317
41895435
12327666
3327701
72361894
73543468
72046800
3094096
68996268
67244239
87049892
13304709
2264208
27160389
34988706
9343903
37337103
57732183
34082774
13683471
10324943
42483951
42493435
86435051
66872283
53806364
19935337
50821770
67898799
70649017
40917862
77580943
37193959
8438943
13710576
14068500
506658
28088055
41815491
95074993
82348508
24590500
88205509
16921831
39874491
24558671
57343326
22893292
88659211
62269550
24219264
24786628
53618887
92227345
85518045
84211932
52163298
91219562
72478712
80745438
30359181
45733970
20466356
63593338
59026646
77661177
45920377
36938002
88736165
38305781
74749389
49141333
90034759
17488476
52617681
20707782
53486380
56188691
56608437
6364466
97164277
27363267
49527911
66198212
38666323
31523524
49610613
89669540
57239457
11596220
20317757
84348214
42566485
82088270
76786726
63563755
21173810
80275086
37538799
88232586
81793852
6971911
74517486
10708101
38113894
88214664
92968365
91112866
68164626
78803099
93776812
77653803
71369618
32289084
94508974
43789810
65348924
10287622
75348278
97810253
19516008
82635677
33494029
46480804
41239264
74775019
18645408
68489084
96057648
27064716
6728483
21187575
72199409
18946024
57229514
74139951
169584
90822091
8617478
9049021
69728546
28444691
72276575
58923914
48343481
75242457
3315346
5964195
8436618
55682765
95303226
29653781
20535200
37720583
71345147
24786918
15419264
19548179
42395028
60831247
33447438
80664853
44726738
26125851
35615620
18207725
88662301
55681624
77030628
30654746
76846662
48738996
32944969
36932154
26131891
62325158
23851624
40993381
74706081
16169183
57006843
221845
2718775
68812579
12851444
94279463
23888214
31387643
78975075
81053680
44058632
93948612
20461106
99017125
26327928
11062378
9683651
43465428
96968211
38788688
22282843
84229198
78639355
25815174
66935435
52041007
983332
90629928
23900204
79364389
70132716
10861393
95506519
40632821
83622672
85646483
56756442
68159231
52072661
45406403
43793645
12909041
86566458
9701987
13941589
91925616
81163187
7089375
77669863
66204463
16057872
9622927
92679310
75322825
1549831
19567505
37973829
72390970
31653043
45900289
90780942
9596987
50689105
81263749
70479998
30278534
91794695
79726414
96619172
22334530
81409975
1765164
72100554
40539636
40686070
92093263
92363532
56203211
15637645
26234605
29809178
97525782
1955824
54415481
97752140
81167246
59576314
85952673
16573595
92985793
49385119
44782959
65598422
85411406
78157896
63316426
87152337
15257212
94532513
47587959
98972379
55738597
34338087
45707834
64143310
7460902
85896192
70480533
15879994
92724924
49760695
84955153
21694483
19916682
35690279
6078680
58484344
33599654
63987479
88625681
42459835
14604966
72442482
37938670
29031339
63041197
95753101
96194345
36875220
94595136
4085555
2392065
58730308
62329254
16080204
40322717
67725994
91615443
29060716
62610522
16293852
97662189
35011508
36792952
77220984
16760409
95180400
85649430
39188108
19030738
28521807
47759164
18227565
37686211
89167586
42430311
21080568
78420199
11205358
63891659
83542582
15473439
54506492
84236061
69506242
8758001
30814797
46291980
21944088
73124477
41133167
93240528
44120252
54856080
59654232
69634519
90155728
15398220
52378873
59380646
24441548
66290347
53877496
27025625
71687647
20823687
76198684
32274293
1939572
27342193
42002779
39721928
22581003
21599313
22405433
26879749
32380456
24428709
8870509
44706094
53399688
40031606
31650209
87757407
89606860
1738910
61139456
73155360
51046908
85726399
95793790
35475619
59793005
98041277
28317273
12033901
86614661
36857850
64252843
40243176
90935878
59278461
75710648
59365490
33345871
56930922
72593429
59180646
99680235
17959550
24488710
63578505
16649468
47275687
99243860
95344432
50888949
65382624
45594081
15553169
45897023
24450308
24145037
42991073
16027777
85569461
36386265
56888019
13734669
67071336
20182097
21488856
64096590
80600916
38451342
4068698
69748666
50660924
85430926
93437043
18312168
72414662
63623857
71765359
24445225
97001978
69001661
49624327
86478123
35675379
71422917
69338799
69639789
30594730
96124351
15946849
45786369
16031825
95473867
36295374
58852881
31050220
91531488
8591721
51355117
5724351
28655564
81675732
62853736
91529764
91355617
27571043
14587022
45608552
40863306
37911032
32939536
94399498
4567498
55873337
21808701
91007575
90114556
83562516
8786482
49021469
80852502
26970472
20257575
14455239
74728926
85975416
27305356
19960692
28665598
90711399
23451624
42341659
65436709
48010963
27430610
2445110
37054106
92892420
71254135
12426454
80267306
13693495
94399851
39813542
15415567
76109996
14401751
35364291
29027434
50459330
74591794
87815654
72947435
83907109
55604885
61400941
20281979
32133793
40077418
8692844
86841272
6537788
20757971
47071957
38535406
50213438
74220582
46563874
64314353
48097643
86119009
62665681
59104896
31854636
27524197
3816264
29100631
57257663
53643135
77539637
29987959
53227020
51784714
3651177
43211551
32798859
7655361
74846069
85501471
23754958
37251680
25017906
62886534
70285025
69226334
75535535
93663484
29354920
45573466
13684439
47957565
86515222
59340569
20301693
53089426
72445174
36432300
49496028
20836716
78786569
40274089
61832415
25731889
24931896
90971851
99975657
99324420
42284914
91632674
36104862
45933139
61784762
14196010
90372065
76962110
94668169
80087074
50456118
45855220
49672902
4216106
62193681
63790186
63953863
52188792
1281048
42296614
78595549
35490817
48251248
10228964
70093014
49646440
69360900
12442464
21246795
36331120
26966985
32657436
59423133
6117059
2937322
28011489
27558932
77477039
86134353
21361323
69304255
56487852
44376457
62295356
99570154
42031815
89476348
51287478
50593919
97102660
35304001
38235539
6589300
91572850
56984545
45858062
52075689
16344599
10722995
71319077
14335663
50694266
91244836
6433448
98241266
46233221
97005801
89887360
60248432
41905662
53964216
68375767
97490407
31875687
80625032
37442506
88996500
17618330
25666524
70968728
25410068
456471
72479423
46292531
79001408
18584653
73813473
79874970
14571696
91063351
47091395
63305551
28181409
35775803
55822462
87772851
75725970
99748832
80901377
86240273
20957863
23897445
38233239
69504226
56208514
32363021
69287105
56204646
27828148
80674699
18468479
81990031
19987914
65553579
67327832
22404833
25574087
53647536
35819486
34109489
52871533
59270713
97382882
96138311
45169089
59790682
98167329
69005963
22702102
74843632
40426434
64968375
45189064
63853865
13596673
27802264
36081242
27538525
36636893
80926162
42763686
45750307
77189085
22744016
60167067
97822852
51833978
7144201
92483741
48659416
88001410
85453033
84817928
14297566
72579960
4145396
44751795
36696087
10529430
93569704
92098324
64199249
34879499
52126293
96998081
25301485
7651488
10004498
96454837
10230610
94526131
95844463
41449994
175192
60109332
42556189
14523493
83445993
1887093
50460676
12178682
83580144
14318313
8246179
19466027
12927069
75282932
12021394
94036552
69262405
82625486
4714110
36610442
75580815
35676867
11613588
42526114
50792199
83295825
98437409
20082936
95829003
20689751
81449398
34823973
26721658
30811944
63291016
37752623
65963260
63387344
78050428
79738401
75331239
28547484
56323891
85295356
91807030
47209885
62142622
21340198
33886569
7010815
20434320
16032927
51569772
8656984
36554446
8563168
59019340
37127335
81336005
174080
54770746
81578963
697466
14559812
79700556
24442890
46753772
72555718
11518847
10064904
1595593
81112934
41993086
41119659
74921773
18794860
822514
56709488
34173579
85780398
42545916
43354018
783063
9939985
42049370
68407312
16978439
36385126
8131487
17998325
37946588
82372674
85150242
77620813
46727004
92686390
91927358
68252204
45536731
4011863
74601563
82730968
24088988
16078592
36262958
54934684
38062068
18572841
21197613
59134364
39411849
41684662
64289051
84942183
12803239
51389889
701481
6660408
6523220
46963874
60239713
54793665
71362669
33366572
9972911
34790891
95434076
51984858
61551799
42212311
90172378
7754939
76581273
54141158
18222692
86815863
78265700
79721920
3860079
59454307
11873622
79809006
80165663
64353102
22049788
29351473
63020232
3578791
90442258
76504221
441287
33374584
3469819
99739129
14731642
38708100
17901778
48242350
76824844
93833695
80942659
69486854
60683799
23764546
36220103
68714718
34302147
90124601
15599247
41289288
87881250
23119890
786756
55902211
41568089
2912667
13185678
99434792
47293027
65323167
14712125
81541724
5767888
97214093
19086278
93914884
9975502
2398301
73249284
11631904
76542197
81222543
33448411
23083000
90819928
13849074
437649
64288984
95805434
13487652
98887354
40692340
54337464
64502059
17302505
57588364
31819828
21919608
37656854
27570699
19554996
20559909
80464448
43558000
84237025
45164575
89607634
83739272
42302373
99296274
57592064
19970060
80945639
42580722
52398515
42412694
95063067
21071527
14261926
25977757
27517217
90303805
77571321
83689803
65838071
25859561
49831544
29383985
52786835
28883769
52682291
73238595
31449066
26369955
49981358
60946357
76446081
81458311
45151466
49370383
96813773
13923855
69573964
55547002
49696915
94348333
6832343
60603467
57183925
69065695
92022318
13859214
74270211
95487532
46597411
36054336
44466040
94002612
8525091
49601814
31045640
78925154
34500521
86414398
80613577
99781268
9611254
6571529
23237331
19817067
57003165
2494672
33678835
72261728
7354533
49597565
76673300
22234639
27983077
25883639
69218517
38648560
88755046
63681744
36365087
96673869
97885050
90964756
99012581
73572049
19326806
43014838
57569219
56951904
33865927
88719714
72017467
90812953
71840734
64132060
75009697
82361762
10128219
25974796
18789581
94738162
9148261
17040058
76929315
25551260
9242312
61824688
89144705
49465670
50307164
9841464
57166126
18805527
80311196
55507753
48738823
22918272
28826137
53305013
61695988
94665620
56123145
66054882
80269515
65956255
31119171
74758247
84840519
64426414
43122865
58623853
76222218
76666049
53607258
11317221
81012937
95016535
8969305
58780938
15630677
25000936
10063382
2124964
8516762
33883298
78904884
16413071
93399211
60708210
21936640
63331261
11270547
12199228
89339144
65434023
62047625
5042852
4807960
50443577
57813640
96652554
2321949
15331110
85301282
13427740
14790427
93387165
1992708
62702548
88008221
94115302
90148007
84772178
82898308
82817157
97757062
69911188
84564159
749184
74988250
40942120
65667424
19316811
51957186
361804
15473660
33456627
25281956
19140348
72245361
66907333
85472865
72673930
98170839
75055197
55469916
28060547
56284330
9789601
26857629
41405084
79854299
92727381
42255471
45613262
6886908
18092553
30223740
45118579
75276707
70478647
92720586
17648608
57462492
29078988
78710600
60808312
62009835
54810466
67317344
60629888
55642023
39873778
82975534
95755340
41210921
56934182
47088623
2599132
17007111
38527714
87829435
84372895
91121675
12509072
26903948
64353906
14794023
71404850
28606769
18828570
85563132
32365689
98085080
96534528
52849553
10640935
3928636
4734537
99037137
22949146
57157590
72938113
82968796
75545109
65769608
40947847
24055700
83134626
90612290
6156161
37700481
30305272
64013128
88387332
78466389
19202430
68087689
27532060
53395157
18020773
75611670
64395221
68124413
88423933
78504895
84596024
58865774
74921554
56776996
75577615
69364365
92968883
64899455
94244163
10811344
6334974
67976568
47614156
19500057
24199835
11571987
83463408
93225584
93835528
56479099
45979157
50746145
92612173
11408459
84120667
33109219
20414165
85322810
54245670
83569570
33419994
86809535
84008541
86114902
62107644
23574371
86418069
77681902
7674321
49027780
53302715
85958702
68139480
64835311
74453131
58993916
588747
39104418
61632494
75360145
11167798
42679980
93968880
43767018
53229321
17615051
13557729
45149678
37240709
44289609
31910090
1463343
60846424
1941406
15877398
82109330
18058431
87345850
58575511
89352235
77524277
71464728
68534252
62766403
2935430
43099755
40849781
17590495
90531449
49577200
30248784
71841897
13837091
95833403
88510616
92430278
13837887
98509262
48904248
19641992
33205674
29619136
37379634
20636696
64821948
12202169
16454293
12865859
50721824
99005636
396778
24095958
76815603
34089129
67188430
15141779
57416989
76971110
51274434
33629139
21998863
46258658
68789956
2687892
20209558
50938745
95787754
93802638
42096782
59638133
43043950
70576654
3906532
7579298
45416653
29265312
94174947
2287038
29104036
24250774
13275315
61807861
60630724
51504037
74686848
6133996
85649770
99879885
6594482
3373311
71223293
83552438
80078615
23227810
34188362
99673325
7106870
93603335
14906276
56014575
98537449
44429253
11091568
49070889
57206918
89207617
52013935
22939248
97572167
63037109
51408984
88408421
61999926
39597731
53054439
43902206
13255701
72434159
92850207
29357888
2414545
10494283
99921342
38697793
68534630
78243400
75801934
71850448
14456569
1673217
90032852
24738878
52013638
91514540
43040010
1044550
63125898
49086056
82291473
36818908
30660171
28623655
9231728
62732336
28899907
16250019
61222960
24325502
61083726
48806254
50651184
84431775
27303321
28241958
69316854
34374876
60379074
25755414
46787232
41509458
86223631
43177864
40330653
45593565
36252727
18274582
71536445
38234555
35349070
78440188
3138218
49181156
65671488
67395834
91286562
74829493
28828649
42470883
10871633
50236547
37148226
17899036
37601895
45290204
51655850
82581545
52710535
88112378
60611862
84216180
29837805
32796973
38121315
68788975
48035856
53273925
72336647
46113740
58458780
34707066
86798901
98747218
70050056
51576517
81548584
67708060
39698991
9770905
59208615
1086901
13902328
79225933
83554101
80061057
52788398
40130141
88843837
43508630
37895409
29161329
95850211
71019165
31409343
61841894
63984901
70203680
6277611
37036150
7000032
49969716
53765325
8079952
79118311
71725227
55264527
711444
54498700
98568298
36745140
7845985
8374584
310922
34502949
64616514
9321052
63616995
32803468
28123688
78759555
48984101
40473121
82787197
73521696
37091166
56589854
80312176
98922945
99319788
95264757
44193016
21472692
9185483
73270048
87805658
41236814
73057329
41402103
72628578
69840194
4785681
65782000
1494582
41249878
61546177
2222417
11813487
32987733
88447139
95111207
92892276
90849412
18163565
53971352
25978292
33564303
61807757
15367427
2757597
95925604
18382930
51251992
98750085
35372270
61893748
85267838
82404546
71920104
26544434
55135541
14008503
74126415
70025122
43763160
70905037
28267376
95913358
11689761
79482468
77381335
79466287
71371082
79761424
28769999
61796413
79702078
92294865
38846649
61739914
35777401
83872096
98059664
16373600
5175061
55187851
1483866
89810885
71994956
16193166
62090892
80724410
82831476
59216271
31909200
67255419
45339815
97289778
83892267
43030524
69311927
89678055
76932489
76286162
89109899
39894085
90488941
13555265
73194920
52264461
3371234
38880126
63694080
6087865
89373836
86139704
96619487
67068383
78715949
39559077
36235571
66806262
70004104
39570314
48250327
84744567
60264976
73958027
17889318
41585726
75004895
46994039
72175632
17939348
2825962
77503177
35776405
28073211
68874032
62666844
72198382
99112385
93536578
75804491
62082256
88435912
50918651
79348724
77429557
47664965
4633748
36739621
27676491
78618866
99161471
4588562
24109223
56133954
95890462
36449147
75208299
49921444
24022378
43305674
32732260
85888048
97495544
58326499
57275546
41407356
47932321
2256941
24878183
25258576
64474022
88021951
92777883
46621674
17962708
13851496
28609226
90008469
72848500
25843239
86543270
61641108
27350650
55898684
22334821
18698175
54404615
63126358
88164403
15598941
736582
20970810
3627664
17513741
75336346
92412634
1976927
79433976
24054006
6735068
35017102
31305573
78722276
75951152
28421106
72909143
36639706
25442555
50684426
6747851
66483493
68079796
57502411
97794910
10227836
12459246
23011982
59040174
86609643
73379870
13089699
56652077
83131887
72485920
23180584
37976211
5566003
49575669
37815991
84938722
54608340
15961604
3343747
94437287
69173466
62449308
85986771
14477328
47729809
84895552
67162997
8212741
16584413
50835363
8568712
62261601
56577234
80476717
61539790
81874748
45198960
26502052
34236292
20552841
42512096
13312779
59920072
9845293
13159953
37866519
81572777
47630849
21276146
2221406
47478859
18612193
67864120
17935599
60162444
67871372
96376681
71096273
99653356
65831666
5796113
46393529
73774284
44545787
82820912
83316706
52028050
50255926
38554640
22982101
51477984
60313186
86951420
18165089
24501769
78852767
62178293
23400035
47060262
80060073
31887732
75057824
59713777
72853850
62767640
72144711
33115092
94205461
83880400
3045678
72788724
23721389
85956617
41874098
91650527
7164331
52568789
29925554
15383049
79883228
23554683
58034879
70516350
7963347
39869439
26687671
83112057
16659408
50350444
58202284
4036846
80866518
93434291
74350799
21511122
29127686
68982633
14644085
43670869
53854637
30811206
66082471
49773437
71101990
76310274
26543566
32679726
13626109
79900067
12730668
86496179
68084151
81521027
65986521
25244879
38232785
77811141
5428674
74591284
6005200
74571878
98814737
15125896
77878049
79693441
19436542
28743172
10160545
84442122
58703819
39965811
33453220
30759408
63985007
48877360
83910239
96415931
20325872
51464154
90544992
42296952
8455065
23928421
45229632
70898281
52368449
91407755
50867397
8142852
23922968
19126074
81313141
91138419
62183675
86407199
60925121
95772896
34705817
10206544
18540348
3067921
31834724
62550040
2475133
2046545
66347877
12042900
58240678
68333392
84698597
90667867
9896458
86550263
42761508
45652536
93442942
18448863
20999398
82072960
88854936
41262878
35428901
6491561
93580154
76027521
76251254
73206199
8649165
55175390
23302693
38815899
59539704
48125328
39044809
37405405
5655862
15824433
679333
91817206
55228566
93377870
60624203
47035590
14355748
74057480
19811067
99340766
72523918
72788122
24143147
3800737
99709689
80446085
54836940
16962300
4711376
6303132
98414769
65141152
73686148
68235462
2639863
7070533
809683
77526566
9655902
85344164
96108349
90013939
40753937
3984894
62523055
49614699
34856065
78881476
19133942
9320932
10605613
63233294
79041453
95585452
52067427
36887548
10742446
97512094
6475165
75469618
43910133
58530558
66141467
74772997
41294028
65207906
35027679
79181641
50615844
81506756
18420834
30979490
96407597
84262529
19411725
32568659
39767136
95136965
56579347
7941671
11096272
1483017
15277557
82646250
60904706
82878485
62433295
36875844
19046969
98336969
25996002
85698010
92806913
54908052
6333550
25539494
73409814
86237712
33996479
10698642
18840359
68327525
55386478
37065970
86516961
10655017
78863551
20766554
40041773
7166961
19467668
64349904
88399470
87692074
85619651
94929578
69689784
11834083
97101548
34806070
65845906
76139717
98586789
53599302
38734050
37640567
75245266
52411422
73084455
55695306
78527582
57984181
71642353
24831879
41255278
72584729
57351670
2206034
83895997
96378820
25859457
71515256
82402503
48487282
83231809
6893703
63904911
5591925
17444021
17516824
82962435
13892530
85636255
13783388
6688963
93612007
67232584
99501759
76210646
86695141
46448214
64463320
7317035
82607703
34192941
13080041
31310123
96467612
33208302
93281372
64498961
33048655
78443397
29405304
83439408
30311486
99077720
28293339
91587096
10583492
29362956
22950656
21405535
54740069
44000760
94765591
52971794
7570723
45190673
14460055
59087409
42998907
14778863
16772009
88745699
67357580
20649471
95562524
25292846
51479871
49521976
67466133
63129212
91458198
73681950
72951943
66878904
69460114
50583834
73259958
36843563
33070270
81464137
89526318
75601012
94068519
44903124
40036168
27736057
52073955
47774157
77477105
47580617
43060152
21805897
97135533
473675
27304907
63030878
44285887
68832748
9822779
36363499
29549075
26456810
91709135
49096349
82264645
42828125
19715627
42977282
234485
15783975
79635504
49758814
30947543
75192787
20459459
3896274
38486858
85314128
5622673
65106616
26099978
72572614
76707458
89214109
64571022
88010448
89354973
22990684
29606650
36272466
90202113
90329925
21361050
83987534
41532376
6518214
63875204
66997330
2375254
94809037
55057956
50078736
71518822
8221138
23876003
68430995
95620155
66355421
62368388
47009154
58541760
7114744
20624651
55602028
17247849
72484828
8358284
2013113
54819904
34879060
11623074
38422058
86400634
11425206
91067060
64406714
91759188
26923873
81683785
54917700
83083843
30478230
8652267
11791373
2196923
63817612
31243237
96819555
59557049
48165601
9339980
70596556
88889946
23038088
26010327
19767180
66040426
95075110
26917250
90851383
7229971
14231065
15609530
85309233
60176223
30522684
80503459
45983602
90477127
85041694
60639085
557887
44715322
76313048
26847478
51893107
89044790
6347728
70602725
78264195
81652907
93157321
13491322
27130677
54285380
77066655
33756706
20821204
76694790
55813558
29560213
80434724
11396539
20151232
11349178
23274710
4066900
27421582
31353955
73011027
72034060
23586185
83097766
38356834
42692546
29702117
29374670
15272377
33772730
95687546
37461072
70798199
18302590
18033208
47650581
98875591
55750861
41689975
18064901
59725223
4402654
86205376
75288902
86159771
65152495
36642676
31617421
53317823
66812652
19469423
60012317
57056585
63844353
71357963
42210164
65186044
14231088
29069061
72976955
71781603
56589745
73010262
79166428
54587014
7422952
6364478
18708018
25371997
690514
81289373
71048554
6042917
88265342
95690958
19265047
45043339
48777192
42185163
41934912
73956782
60955476
97181553
49504660
82668534
9170081
82868165
84340385
67788942
47717447
73701217
8903885
50653409
27944062
54547794
8216043
35689721
57929527
23712192
24545409
28195671
57434582
49256914
23647450
84071015
85080163
4484958
27282127
33945603
18177419
36274802
56516409
93950684
14228384
58850441
97584767
98047274
90649669
22342834
31578708
45143602
40133767
96981640
78274023
1085207
71003455
64200685
33619047
52329939
25420456
57398217
23049312
47349468
47225037
65425782
78793345
44456120
17499104
14133768
72611178
20404738
40358292
22973581
59656809
60596487
10517161
30693268
36136778
24702562
8049582
74059574
32362983
60354444
10964536
95715500
67593850
88831116
50464380
83679316
19669853
992663
69457579
86435169
38863718
68560196
21978018
54455708
26858733
64367321
41567840
99729555
33009374
36325142
92838258
37694424
56858335
67138027
96643822
30273016
82061360
10918237
63945478
53352350
85960783
77975816
50802755
87220912
51231812
56075123
91297486
55382545
54000714
69403109
65407187
57055534
34890380
63204271
32762257
50810291
76368174
17650090
69689555
34796958
90825263
54780134
67603558
32282594
59150855
60069011
19789119
95040770
98465340
80719066
13933308
83031268
77201763
52255554
53887737
44596956
52458190
23495012
82688745
9513760
90059552
1274058
6691484
21780392
43696887
49965344
8393770
4823418
13600594
66200456
78823143
29853314
71446139
88756153
53058910
7907255
50870757
36392403
48316860
2649779
24824246
37096997
61081937
49168933
51761788
20336713
33891367
73945483
45610808
22627290
77048588
69548277
55709609
57924558
57707072
92034964
93755452
98517518
45822866
4461849
1217047
20741702
95566180
48901699
76725102
7491232
6000985
12824810
59991189
82643262
49023809
94066119
24938532
56541145
52080623
64642321
50651276
64295377
97751555
11776423
44125945
66425509
83251021
91916355
46085922
23888923
6424782
73958450
82802096
49984934
48082474
28430333
81844380
58624538
91357345
23486694
17883817
86303954
11021140
24908455
43020046
74860997
56604019
25113445
28677133
86075698
71661751
82229650
78834218
26326402
72612920
99534779
60064731
23029813
65695796
22143610
99784359
82154048
14033596
68764351
22075852
93693559
23782083
22976917
59082421
82284809
21131030
11066586
41124460
90651131
43011317
22714205
56577435
4049776
39168268
2162244
17067258
57556298
12222970
98661822
19552402
17544049
99697448
28786247
6564216
32619498
84307549
20163067
18413286
41673919
64522501
6872420
47717286
96295426
13553839
39458136
64781644
50435238
24801635
32607411
35320907
57211930
90310776
10376481
12752300
71531929
45647296
76919862
32004365
54972032
53432504
8253995
85060698
25134273
58464529
72433195
32541654
61249118
13909542
18334803
15958061
39904392
31613820
63950106
76493919
59085406
36859916
33100745
53860607
91415651
21553696
35064237
33127472
90200564
56787100
10723949
92274902
2591265
72995309
32517497
40297639
73611228
42227555
1640506
25456428
33240592
4581438
60257386
17315494
44526245
92864952
4997384
224567
91971967
93895418
57203012
54574149
81299115
50218399
88386640
35291728
57719539
36212794
91097687
58141404
22849829
85773656
66960935
67447672
14867575
87476779
23701732
64759318
84625366
95648109
52080195
82724973
65286013
42414215
27515065
90417830
79447628
60812574
37625001
89832368
90446279
78551038
20588827
66430197
18813045
86897251
61246244
80053778
49322094
5377711
515579
50235471
5938437
69720138
81402444
91792223
51837383
2274920
41027324
62988696
94188135
74105128
79556618
56020752
20165112
86939959
31775127
94789746
90244056
67354964
95004487
22813934
48876802
79604066
29836831
52474584
98692868
82594405
3842971
69493736
68392387
49097821
13543697
67217963
92247704
17562765
90791854
48864107
54527862
5153818
35621030
48595227
85686751
15273933
30517921
4371881
44246553
73377945
87935835
112660
80629693
13819584
31032380
31190513
21652704
16952253
19600935
68445857
52278407
8674952
35890618
217921
60188918
3397911
63886081
87819321
14367139
60280879
36803943
72386630
9470678
99689051
78596602
22630842
64074130
78021253
25943647
86673812
96814064
302402
18277411
51790838
63071944
92461342
2295842
25435778
86869105
52185015
79638747
43550232
26186152
97718875
85272305
77120737
40569928
83412639
24405975
47998019
9982406
83580512
90236023
85556884
15095018
18697232
29463473
21082897
32144621
658805
74717986
73111574
76615397
38318038
44690849
3313701
83042690
52738596
91531907
15477770
63545814
645709
7380669
46540273
80865682
15569097
28969015
82625648
31512583
21293009
24097193
89445949
51647016
91744249
86505150
46244261
59360826
60388040
41128224
50923744
35703685
79819713
20915995
11320492
44088999
34578166
85810970
93990571
87452901
64236538
59298485
75220125
51449346
29743967
92758928
77098096
83872637
93677798
26921564
65980532
90849493
11130274
34001344
19882663
8126608
93320501
92168367
93313951
35314317
87140164
59696570
97851892
41261854
49355202
85282331
59406744
50467765
79878294
50285370
84597525
58555135
83146299
42798170
29868418
74286914
84929604
86465531
23612111
28371557
37868538
39976756
13551395
23444843
34884581
80682638
65968576
38128134
94848489
45932272
58521377
1588419
103897
13929585
58919348
32385308
40719069
23077893
25252543
48151662
15247025
59450204
17868560
47744514
71453308
62537578
10030271
28883018
44847821
54756464
31812915
19408658
95777372
79583288
45225649
68829116
72285458
58028537
90477576
58286587
66273628
15461479
50822403
15993673
25978692
23699533
23665804
52100248
17503498
15036339
49982239
91983354
44279520
67047331
41377295
71807458
28933671
67503066
94207458
90162427
20943009
90513859
90750183
37346793
19888518
44136178
32719089
93464476
79168535
91001116
53661197
86222703
10871043
48608411
73240012
55037022
9425270
75938781
80711076
82333925
85523799
39415668
10779168
80463490
79355446
82583433
50260428
83960753
4243293
82450969
56151301
70659098
16080922
93477934
40876629
13691721
20944961
4365220
818609
75778228
94915441
65694406
36525086
82364933
85550315
77704333
91048329
87966314
29532238
8681987
53292116
70189824
38522417
98527596
69679511
60903150
64187809
48240304
86531216
90197527
8601413
48282562
95406904
89508879
79876323
31492072
80485885
38769237
46761216
54232719
90306050
87829208
75628367
6600744
67423099
25612310
83777525
98997674
69541895
67415284
22888430
69752134
13265876
41828389
48489028
13828534
83025731
35277227
20687299
57349019
97603436
55805517
49409468
780626
65088392
35340489
97708497
97278253
21028186
17584171
30738241
27845538
57120049
42938763
93086213
85470537
97686741
67874790
50456796
35063473
720786
49672109
40114225
25575577
71147521
68372379
28338757
8649163
88187513
63189474
14336332
44845400
9069330
99954201
73794974
99873576
69873800
18547807
115884
7719513
88617523
1171231
66315304
27526441
81347758
5758507
74918746
33692380
38292660
40183507
81085819
83251261
21553268
80889166
58403977
51148851
51798941
61775206
60685387
3776516
19595781
13777228
50911795
53255614
10950813
22686066
73500215
36472948
40962650
20881876
8390235
214844
29319300
99865749
32260019
23825224
71866097
9191970
11872780
7368380
63277850
74874766
33071781
85382778
73170314
6012510
97624926
31639750
42281412
27745416
65406263
99762260
35888019
1870643
67590682
59525340
64614457
50840878
65772958
95805384
41946736
59504319
49601939
12280511
84335486
19430699
94472711
56329144
79900893
7711898
96767293
75014631
76628316
31823702
41841322
31837995
65966748
40439687
22078507
64414302
79472853
96903313
94220293
9200215
6657772
66750893
82356529
88988044
93159366
2878948
19020557
63750182
70331978
83043544
57899215
59234502
80569682
86122491
15196501
98750248
54889139
91409142
66242698
78427154
7043707
58935381
53296141
82225709
31650330
21362312
56841702
2833188
36913862
38821088
82493479
98049268
98460074
16886431
7653674
52936439
5658630
48829443
57833657
62974563
49031401
82566497
37261723
96827569
79536822
77642790
83723481
31148331
16620475
85032533
53970553
94163230
59067562
15350818
64641594
3790423
23658006
63979546
19607722
92097898
71758786
99845044
63228118
51684901
49984193
40493276
58049972
81891451
21694073
98459861
16557483
66083376
302374
33461907
79958116
56959034
88156853
20052922
58967219
13086783
39739321
18711964
26004167
94626516
53711864
16224675
52369097
70490044
35039559
83101594
11449374
50606340
31148721
98009203
3338190
17719874
92999498
67900343
85599795
82168641
91388377
28197813
96094199
59049390
44418652
62360731
26363177
64184371
8862388
73838967
87419960
24786630
57524767
2733218
27602103
30751263
92008652
18203018
29254259
86048686
37879328
38617278
61731341
59229996
14091553
7135754
26053159
78605871
26799911
73338164
54111111
71932450
37643233
69128307
71397123
56121784
91447392
61614199
98407793
629131
21198123
80993865
36427360
52652621
75379461
39090925
28978055
10190067
2067274
14121104
64718752
64050793
88316500
66843573
95522262
72765522
67442808
51396552
38900439
52364638
61275324
90730990
57944843
19580794
51855257
71368495
68062289
14215593
5754552
18984767
76546599
12935545
36100250
75852751
9593454
13975261
6273565
946593
69562562
67667238
14112290
39060558
69001152
818243
22630020
33956755
48416271
41936231
13219435
75189822
59748531
41154653
87540318
65993547
17604314
40842940
86546020
53102649
13433371
96786099
58183472
15803975
14795492
76901821
34321302
45205174
45853094
88861356
18962950
54615318
85766553
18635309
74647836
36782451
50017303
723539
99587231
98299022
58485705
35591913
17435518
55314214
97278639
85241190
85164696
85702819
13280871
13785865
87742324
6315995
34567669
42421290
81414752
7392104
78670758
30033775
51841266
37332398
13710242
68005423
56931494
45773630
85212042
22020226
12282461
91567143
92469365
59533667
26523779
37595169
84135319
72849190
27407816
20659370
49186210
76243821
29282703
90680822
124777
62324895
29618808
46365398
57865039
2005089
37473429
35108528
1694236
4512290
25721764
94453695
93934066
24544605
83881855
80661498
84660037
34693687
4460160
73810950
1365516
64057767
59110324
88160734
18044199
84568716
36752627
60507836
37851573
26709962
28940861
85671734
48868375
86878154
28948553
45273027
16520835
22673561
5456220
10728313
55397094
22569383
4565987
85517535
72735111
21186295
76911206
81393944
28991386
21017963
64640600
11450320
11328244
94059932
75510710
98085667
92406292
43996045
45417084
57293682
71703393
40288680
45358817
22558400
92863236
51887408
91494059
83576824
85775150
4039100
41792784
62865177
47617194
59147825
51769176
47831699
86916848
66863603
36797803
6308117
94362626
36579356
26982694
90756456
15671596
17443351
74032696
97669523
28911098
60292914
68731492
63514134
37158818
48237366
5620471
3067350
60060068
42660631
83159722
94049752
26466428
48811480
11484553
36517822
71658817
56289304
58492708
17621280
1688655
57995001
88138453
59409078
59792957
64058550
24707528
43991376
3857434
57946956
86484192
5501817
46703320
79387586
64892165
59430392
92253828
34111711
68792981
99925925
17086054
66864128
57874966
35096678
2134963
7111661
40742711
84438964
52311206
60805698
10646410
54270370
92358465
49010973
12453572
49276622
51409648
71440616
47401622
82245135
90200684
41791310
81345078
17631476
31084448
94591502
87668555
8124449
30118399
81505793
82025533
16255289
15996836
34262366
79045548
3640539
56443523
28096958
58021455
85887569
27721497
8727359
54450316
34779998
85547125
95153588
57586734
73832712
78174424
27977202
5999130
58969668
69023217
37581293
58148906
57978682
99267956
82087244
32146972
64827434
83601855
52365705
26911491
32257536
92960123
63024594
54366431
55528694
11834449
1412455
82006687
84093209
8012455
6567918
89494819
12043908
35822196
32990267
38351273
97964393
91886452
71799484
21715314
59785221
36452004
88998915
74922173
46909921
78174795
12779269
64568853
49127560
13204149
33239855
2980116
73507432
63604612
39859947
25176255
36556969
46073363
82069158
84670323
16853845
7992533
12851405
69726703
59625151
66332204
93976349
27952413
48326366
61644441
81242046
64956734
73013736
56544198
50184546
97220408
70752952
57020142
1139992
21464436
68339232
64939323
61005202
4347308
30015930
38697272
55428300
59983566
10762767
842765
19495611
33431805
22293287
42340624
75739027
39453464
5395136
96901836
70967750
69064619
81212936
36983568
29378424
75395386
54443005
9533919
42088384
88942899
86848758
38957564
85703244
46010882
51147987
53750393
61672458
37963596
47293728
95857483
38070325
61089385
58843791
95766047
63510930
98244158
68759552
71418277
88488488
15237027
68688346
2484006
16760188
24394219
91161654
15505418
89996493
86373046
3847103
48638333
73321865
677396
28567153
9129486
95373846
50310481
84778488
38927921
22519178
44281994
4141170
41987614
33019985
79027489
55608826
30892758
84862528
21641776
13228775
53688447
17347231
11003057
51380334
44609184
51169370
20485420
68579508
41794766
74492255
46810333
21065050
61671227
27539038
38674585
78777327
76786517
83085547
85889364
63578344
35804883
62854134
14309643
44440824
81348624
21496895
31788086
59722282
23328880
84963691
8061513
32987448
98610434
96721249
88880162
59081043
54261847
37253265
2138356
78057994
16656133
75465411
61172519
94758174
90144002
71493635
39638327
24015720
2576610
85372202
83615265
93495833
25630104
28966866
53238310
4503531
69045506
86248481
46388763
62626662
5148566
53192383
67393053
76191694
50974274
26310817
33089379
38805848
58967182
68385691
62126643
90345143
93451986
18999084
5877205
54491966
13761667
92874506
94861786
69076016
21163539
63684836
70256342
23325680
85565201
66003527
32722657
15856160
17173378
42214447
54097414
80127802
78019560
51783315
90910653
97903917
48567665
42122227
63641774
77768365
57729050
26168305
96307676
77055736
4904319
78868930
87556004
88809233
36360635
58902624
65855449
15657924
70004870
80055961
58221532
96790029
70813626
78702732
87736780
38150600
87762317
60321717
12817179
46261026
70020206
70014764
97928849
25057535
74379564
92782157
91932149
46108121
98720095
52512220
91241646
16424012
14338394
24218106
96819934
13368400
54086068
62064037
59936387
62345342
61385450
96136685
27950961
97517372
54942667
19261678
30119562
50493252
28448774
3603814
59783241
67039854
56123728
78963511
36358359
73605491
44658944
46319907
3203259
69956932
29385699
48687186
18597942
88298062
72802503
34516491
49109323
11932732
79508086
74408352
37839883
71159919
40483051
94701142
29704442
89492091
80027914
5786501
50123267
80287598
56252017
96643377
27824953
98581367
3767289
85603343
42103473
78089644
22847946
3081267
67326526
5323668
22685228
78955941
32934052
85997749
53536189
3051058
70665384
8744910
19171964
66423705
35693215
38301189
88701854
99451318
20733489
42198115
4567182
96756499
52056181
29931903
34549729
3776218
32906032
73275977
92957187
38760915
83889756
58650863
37692458
67377079
30151310
98796184
35168327
55340327
65426996
7956015
54757826
23653989
79550267
83588287
23993276
39780801
88851272
1463192
21325075
76907256
37591587
22731430
8690049
96333224
34151998
5708494
93812957
47484711
14133403
38319975
75442749
87812851
42418327
83891454
32405399
87993468
35573438
87980280
16661037
18640719
10885532
27636150
28798449
90720021
39148321
72861269
66793326
34480214
47158212
92314496
38438350
71286952
43916948
65494510
16026041
85377294
58219381
745590
49099640
9049857
5340379
44589572
43037780
91746316
60118589
52815200
68611488
24930680
32336599
51250161
12798285
41668110
2701856
59015445
21561211
66325550
40171439
89542369
76865045
52662212
94541881
18910610
1301096
28978998
99678342
94986053
56455151
40436523
4472594
99131751
17058725
79522530
72024698
69230935
17889405
32428285
63479560
843244
56929041
85208464
23806415
49824651
4088263
42259334
17732633
53099902
84361330
56947249
94739297
31306319
18237411
18803407
80470476
26791029
20109837
29711341
67015018
26860228
28136252
33232500
8411272
34128158
4007222
49648524
21490404
16505860
13553570
38068803
80552962
2886191
5453624
16817742
23889442
97352399
66243651
74568461
95050849
69155976
27788
48552474
73499574
76467827
90290218
23735008
18515671
40156238
87336513
22668953
36169805
90495001
45507645
94608317
84151939
13428573
70934236
78917362
82686054
26188333
50304147
3786354
18361807
48991803
74485451
99724409
42322889
13983547
69079593
90102208
17732171
7919033
65499650
51876439
77772514
80843617
49245694
89107810
24870790
82047494
81752853
57200909
6036951
23822068
11922829
4726305
47753344
31169651
28498847
20034899
50066553
69376593
8800412
34854874
16505311
92234269
23059005
85267752
81113358
95454981
53754265
61780853
29837750
45316144
28669687
53437676
26918871
61659900
89596007
4165336
38197985
70201163
28237267
39070185
78628198
8950186
87086875
61797333
90009751
48192865
33269709
2226526
6466657
99587222
8527297
58070079
52432342
35299258
73060858
24082608
82342058
59118375
53733891
33422993
2139486
36640120
84225529
78352180
93189964
89161995
18756538
65324250
43620115
74692779
14457761
53940686
90275935
77083333
46096906
79899177
30924927
43076781
23802285
55455625
39082796
23026393
84909809
4786706
44786445
40277067
64829421
13732521
9462671
11061170
66853110
75904382
87189727
25799718
1066123
12321999
12156910
31144685
91573790
83699033
26471235
65648866
43715580
23108782
42439144
28696513
51073941
9461203
11893891
74301539
16566917
2160351
76256634
44162391
99451419
77559462
32609549
54196831
40191097
49078132
63146242
41176064
73318539
45571417
26814205
86469117
66167027
90425239
96594808
926290
95233713
81014259
76214181
73540328
21477099
94475945
96365919
41625646
73562684
83113933
28953212
66772941
87534842
27037627
70272969
83764268
63532268
90608868
26466553
75597218
73897331
44361708
63474104
90604700
86434888
81881309
42463155
4595588
85206128
91379588
58926064
14679118
73753620
4901307
74446273
12283642
97743322
6658814
82669106
50627258
98343955
153793
84799402
93004144
89224945
87044194
30434353
7591229
26823954
799687
22374285
40390693
62919281
61404011
88505348
15107920
88238106
82503647
25534564
86751133
16699122
76518090
55998249
89194204
3576261
2490206
80684223
7235497
1648246
12135725
90173984
72275302
51458257
87439918
3283670
96095485
58740124
30496818
10029569
28701070
98865782
13916867
90250073
22050445
58699161
47142924
37434274
74960537
27083063
11337731
84351223
47547039
1624739
90422826
56131044
12346011
60928051
41882563
71800103
71776441
83315054
7302319
24313094
30538611
7770458
92818750
7259255
6826005
41598978
78718144
51883163
84298393
45185690
59405361
2016763
64156041
8311438
52273090
58838103
64744986
21731608
4815463
42283536
55929343
21457162
91282478
23130314
16255666
45226294
59720193
98140275
40361099
44408162
30651806
28674212
45537072
38656476
51515920
54834161
27307872
34677346
54601606
60126956
65771868
18918574
15617751
11721710
89481882
86681766
48510800
65954709
92944045
96369945
31900028
35021633
4828824
21154909
82205803
46279528
34617725
63851156
98702818
42699429
3669303
84649453
63800219
6361828
92606772
66728013
78504444
91338757
79773233
89743868
83033659
11317242
79433780
59931080
79362961
22339786
38796378
53410188
51483706
31265889
93253411
92317530
16175440
76113523
67856744
84356865
91702127
62935546
59708726
53656840
74173865
81195937
20472220
72267447
89150250
29955125
24283481
57619683
26293758
92190114
20382898
86136121
84481172
41722506
14069981
98773572
31676276
13871300
18973104
19320260
43431687
90986642
77436827
78835249
32124883
25627
99600333
67372947
33355842
2264247
28674020
73504673
92095614
38862415
82730968
98704534
90454451
46264227
51655315
54140122
35313180
86237417
7645412
20117983
52158812
89574364
162366
74517335
24842446
64260434
27070436
70059974
77296872
458794
19056841
83940853
23173286
69421364
44302731
23212957
80461475
40968831
84488552
73354711
85393613
61250916
68913511
53174773
19105305
39761379
17822966
48717712
57735660
63620514
25487539
82827596
90408083
89407007
59647513
72784569
54264735
38148877
58169119
68778865
39612659
5982910
19596772
64472431
31295671
19842260
69397004
42917758
68511275
2022595
53265722
84761972
9616328
84168402
35357008
18447157
24488494
76320359
20791597
4456239
15101535
3919258
85152713
83515120
43749788
66571877
81002704
50058817
11748001
27258531
11115784
63055025
83454405
97228292
92146023
2914928
62260205
23078947
91127782
52288917
32567881
86131952
996778
95921126
59299020
88076925
58926162
7292157
96137249
6939632
55812214
73480898
38438155
68822034
24222407
87952009
94344850
74782940
47694929
54465940
58095973
26284045
70971192
6567787
15875024
75230768
39721969
40827901
30007219
16944360
79629408
21216706
63679056
54016549
60324191
14987254
9446169
83834658
33000396
2868741
38942857
48466742
95772136
41314276
62085604
95707745
20220340
55045698
10280782
84085225
97969566
55552898
64697675
36821296
72301804
34266299
79830988
21189553
42288033
74285086
15271428
70316311
97001598
8893710
93570211
31943116
88345165
19692574
26123461
44486807
96804163
66406370
15116096
19183257
97162111
27224623
98374877
11141247
91840460
81077369
3165832
35375766
92826522
22574748
6482335
52384031
72233648
73865899
35827976
41042959
19745678
49185635
84519340
17440157
82076607
79835982
11219303
62461065
3920655
60743918
5530081
17396519
86182094
90042926
50085551
46182552
82381123
3112146
2265557
14506261
17152839
87481851
12917195
75602089
47532775
31262314
71119159
26699131
40812286
88207490
93740444
53948201
8848250
97789826
57604519
51428948
17066466
71952141
89969227
18666525
80976050
26581570
28333539
32694847
43406573
71373639
11965220
74726271
11575863
89038946
19412424
91796001
5540844
98612443
84633550
44377914
35059763
86340138
84048663
47269352
18560795
20997725
6636696
97992291
58928508
67832694
97676585
16703077
21745231
230868
29207183
89417510
4797952
33319950
74283327
18193393
25949498
96233738
2498173
93554596
56625268
5327666
66746042
38868348
59089777
9832108
68823629
93348591
55382646
70938130
56616257
46679167
10403205
63631111
65016388
40795673
20487654
71137665
68308836
63342980
16560927
38742083
38209219
66311926
70409777
2530534
63603550
15486710
37519305
62663680
81577673
5855243
66462029
23733422
66464773
85739023
82396374
37801070
3902290
14687838
74367484
68114511
83359182
68246315
62979054
4115279
26041692
66854966
46367796
85069720
64121875
27027036
85971936
54499617
52981143
12572442
36507116
67711063
54378455
55212823
31444627
49518857
89924470
50239459
25792927
11988682
45926156
54275614
10012626
17350391
87464667
50613582
86803700
4029830
81293562
70597913
3093531
64097701
34546852
95668475
12871373
56894455
25456935
74969421
68158261
14040286
58019691
23434455
4084818
99211454
1912311
14187750
19192402
53716607
79190675
93957421
89221123
16897641
36242681
61318380
95232857
59567429
63380733
19121691
17627253
402253
85869388
72298168
10890440
18905659
17986773
41113016
57444957
28607075
52088265
77338545
23192549
12582341
70167831
2012587
68582090
39528146
7586114
91710862
62467597
85789613
93951500
2045309
20181979
73758392
30424113
5048058
83673779
42383432
23794715
56944965
87392138
63064809
34654732
79801980
26814956
85676844
83169252
16437852
24112161
73882310
8983452
37978872
87093401
25453104
3673720
54311265
77099962
34778978
64065184
85985594
46120436
52580943
4363243
28609149
74220920
8878046
89518135
90551885
56647623
92419436
39423809
14931958
37916736
69783971
2679632
4787996
81955938
36888068
33864177
39526826
36167643
49994254
64359742
53656921
85876865
9078137
30318221
88034283
23489598
86632472
21709126
7861521
68450126
8946737
4749294
58276980
47208588
37554120
4605875
45528772
95562774
83438841
74359609
58167717
29615137
31037301
44705160
26607958
17460964
62727519
67008320
21795290
89086779
91663929
16538841
75655680
92227957
64825100
33889905
96551446
41509900
53712794
74840943
70397955
6363341
26867335
61850579
70753546
80766206
52772619
45217049
83959544
94217861
89478419
53544975
15483856
4985948
92188950
5996352
50654460
48103707
82262399
8631254
76764573
46956719
22725973
96227217
1617890
75968004
12581443
97149792
40279123
34565259
24919126
96018751
13614701
13366689
75757143
42442200
1066736
38345493
20270212
3985415
85041045
5537335
1613615
58841408
16318790
63516234
70883760
99848899
24639861
46112842
54684239
18121705
17367501
33797369
12661551
96126654
53688267
43373827
93501027
25807000
49084675
83250924
53796987
59402594
48527861
6952169
16259532
40139396
93320416
17594353
73896883
57841110
6998108
54401010
97606051
7628190
69791412
28226642
59739224
28102429
4748002
31747269
81302668
14680681
43260711
14618324
35265021
47596438
24949065
58305234
39206266
14776674
91919465
74413568
76493673
65669410
64312535
889734
33833936
65787033
4993711
2195704
27212586
22828184
71599912
51691789
81580824
51444701
92771467
29984326
41958335
7559590
24195365
25836218
91529176
2695674
74388420
45777785
30182861
3458096
89762393
83051202
39361784
96611154
23244284
97757772
14071602
10090824
47386646
82888369
12884845
2333868
28445696
42447864
92949809
88150619
53438299
21839908
14243213
79330383
63135388
856221
12429708
68437045
13767715
4113667
48614981
22570419
51481197
34648431
83130663
68601394
88781215
30539364
83566975
42154959
45040220
57504457
64214517
6214789
27351200
60638065
81232258
95641133
44882668
25294864
58161094
64502377
2765958
94099451
45091984
44953185
12123517
260125
87001804
27223643
84988614
26053063
73419789
63994886
35128128
99739747
92667747
27881199
98774659
87000084
49748661
71538458
13552736
26569548
35912077
13874780
80827084
71869135
89302533
4384973
21835454
49546258
28024574
31784590
48020651
13208333
21173183
55969901
48010096
1595196
48132830
32547587
97001148
52354705
61345917
28701069
51235623
93060260
79080981
56312358
14919041
9318276
88619874
41318905
67159326
83356413
26420047
63335975
3273312
55227875
90900930
22407564
49275315
24043513
83450906
55775034
15632331
71860421
88898920
81895791
51032382
32283492
62430156
61341499
81107671
86624745
20372230
54761330
77788184
21342676
63503009
14980110
93541028
68130201
28967785
32824511
72735123
23515419
69488893
50863728
21645410
394231
15776245
65413498
41388009
74455800
70112471
49521833
33304478
70729813
25331787
78871335
37747264
16452647
37339554
18374818
96897019
4254652
93999356
81642910
48163407
6672515
13820413
44690572
89632994
11820970
88686004
85082784
93748936
67313117
66373188
32851338
37102737
62018043
42663401
11713380
16947779
45764862
74432073
20658829
82953568
2021451
61581713
76700865
94153469
84969235
87960334
81432624
49948343
36440173
97173380
25383015
97492983
37754151
27517819
99056949
95349486
98230096
11306205
44576640
89707965
81740144
2591852
7580040
42600571
85890034
47073807
98650601
24695188
15425599
40570381
52661657
14360158
99963086
95582877
23839599
22616653
16692112
52223587
26441805
162937
34369327
53741217
11229026
76482808
63465549
43051565
83488336
57236962
21979657
4985175
52799822
95581924
64213362
95368287
32960847
67492527
90921204
32376076
34634026
89187305
66085100
49935955
77656947
48584432
85538137
46621976
98206427
51781866
64183553
23141383
29030158
88998068
26897056
18085618
12714790
3447087
35527745
25534956
98392976
32410977
1421889
36938129
65674132
48157791
24248215
38618325
77895697
72113769
65002545
60901251
31713725
4121596
3564637
99960655
11405669
57475163
28971826
39619673
23712211
43532322
98931896
82255003
75360448
88776944
2280437
93465391
86767684
43630944
11666476
82017466
78439851
89478952
18271592
70146774
15553188
64405094
55744957
68661807
7824884
48627498
56496955
92099978
63791736
78455032
28737789
79040446
89713652
78832773
45277879
15314512
93901334
45551058
7999076
15681934
38446914
10971570
32070668
20829385
20266479
72223288
7494067
82390105
82933712
77163627
46795928
81616127
41599138
89447968
22671126
60904354
99556563
30120387
84191180
52122416
12664625
70388637
24136962
24488651
25838017
5168982
62488562
78334418
76990835
88597591
12951855
31688481
53445468
68809202
42926089
98871227
83845962
37568134
71452190
63722604
92179799
98192211
52198179
39152644
39872334
45275658
7905342
92515584
14610463
30332310
66766063
99053201
27253584
13967765
69587017
44251182
14732685
53751498
80218024
51422839
72620818
91913483
1413253
43714116
64403639
67530688
61937660
57540749
15670238
1418610
12912628
7562318
80378231
35830709
60142766
77705876
30037969
45858320
31559302
87726055
73214270
54306936
64138261
74202716
4475075
17743739
86683232
52126186
72002995
4937964
67909004
86489357
93381889
31771738
94692278
30250448
94999624
86053190
69645227
24384412
31597044
48195548
41029444
1792055
30747988
57007580
55877908
72455400
89382564
78806144
33184218
38127714
93025879
84643537
49147425
6125174
77816389
77936422
23366004
29627036
54850892
77761
67177324
89360555
97548868
46045855
19475591
84851723
31595634
84715747
75523634
38475731
53178918
32279848
28976828
69445792
87173344
3083868
41659367
76543653
40536401
32935632
87461599
17929071
57574577
89656902
94737709
20330155
72810007
46684252
27828973
32216434
90948742
36312321
55695760
20081579
39011268
73374852
75364973
21627047
55272460
84531276
87110745
14569064
11308391
14369033
63287587
35641488
78728648
11116016
91924203
37734056
54533191
9580106
67483547
76202709
7193939
93087772
98536864
9607504
14757384
80245958
40194250
62323985
84488583
47796128
4945062
59354052
93226791
76307579
52832667
80936360
41656187
89139282
6977328
46607707
71802678
51856541
5647866
73007570
62654843
6982474
36229519
1577426
21152495
44669589
66171653
37127050
65064681
41863972
52132605
62412495
39175442
26861580
46322911
42217371
65655401
70805031
20026533
9283605
73941534
33960530
5545022
87309606
81749426
83924675
99853823
22620140
56407533
21345360
72926113
1490955
711322
61156552
18908713
9007612
51317928
44746550
68719737
90968519
34464378
10602097
81330202
94294335
18921551
32825043
63756305
8265340
56590553
36425451
31949625
57358267
95988518
30345283
95833020
6726796
77616085
90875188
29756877
60436117
34391847
67528630
71787487
78147404
61348549
14916931
844723
19649247
21323722
16873242
20692619
6892503
32785049
42225600
67769896
89286488
82524752
41753290
78084159
12272762
82544256
15141717
22636758
44305279
44500042
4016775
48570336
98304857
63841303
88572178
76307429
60575032
30753089
52259138
39997360
37668023
10927959
93450989
89278199
99269438
82660061
70257011
90747478
19628727
58959938
96946315
11474863
47589100
33789583
91553551
61423969
54937761
54011364
16442451
79365753
18384470
55240676
36677348
21829525
37372649
76552470
19341636
12184645
19331130
62253314
93177606
85637795
86943579
87225594
6542764
38040206
7097147
92321406
67104134
26806511
58688936
62227460
81255435
79172067
10615469
49272834
28781640
11746393
71849251
2372024
78047013
36449058
83111405
70505807
15994997
25297831
55977906
43408094
84186222
83666272
48992877
77537908
91174978
14049211
85010030
24038656
20917282
3466693
39162319
47751935
13648884
81803716
8690910
99594805
34161528
64497533
35034187
69633810
51281047
2662702
95384810
95163284
76186746
66757568
84458278
7081650
45526319
31506892
67579928
94066750
81197767
74557775
70158957
93195411
62659561
75329047
50872090
87189092
90850589
13583328
63817137
70181691
58642042
57457872
14603257
6619526
88197636
13191441
73412565
61771196
40408900
46453171
96424525
45756697
71060736
76088226
84528106
81160541
25794602
15339889
65384995
93587251
28811859
48246721
25037294
91751850
96196689
18952018
91692931
1290627
70858479
48953611
69984018
66934438
2371827
92551044
60790199
81109049
67693661
38750033
955729
48821123
16500567
86336590
86882001
29312812
49684838
77891733
70505103
41208724
14203131
43294383
4038240
95051874
69884484
48538768
29580175
16429516
56797241
65677240
96526393
95413512
78207831
15807190
53465714
52080712
85783521
59744888
57455391
43259531
64021506
44077017
17028648
84073678
91915256
45338281
86131860
70355432
80136322
10228852
88112483
73017052
31874956
81753395
84589620
59026254
63501544
19943589
48847145
28395814
680392
43949892
54083238
7612229
78702866
81386323
7468913
32977224
76351105
18206381
31637521
32756439
43221750
93315910
50061795
51052370
17920318
28153177
18400072
10605494
92974833
27322339
19775566
45406612
78743009
91907412
69077667
27024816
35384449
95126543
34195658
60240101
24599135
28967703
32925916
9701091
25947895
22759389
41035393
5839410
31906989
98045536
43914810
66832452
10393905
33337279
47868041
62877034
80601794
89342537
38975992
13062865
85207904
9182024
12523454
59500544
95512183
98170928
83698708
13486061
1926810
96743225
26038944
50115960
52115283
1415416
86485601
89385945
56845658
50381714
41545315
49559939
24645702
16774497
77935813
3662534
57063387
83197205
53910987
36452906
84534639
90748722
58821845
18742505
4289160
98566272
93929593
19053674
16907719
5948465
43352126
15475850
1309660
34631903
5074570
4140196
66821059
50466828
41697452
813942
38802597
4698138
57100293
61153673
48883665
85122054
56635516
70488831
77308091
34722187
51045005
59841357
4206859
88019857
43941847
78102832
76886168
40877316
92504775
80457102
64693522
77914550
55236366
82448094
87629465
67751483
10153599
930282
69404347
66913006
79630683
91610606
15938144
60784054
37814581
69593598
27180927
77442210
8046978
27497835
68861074
35581151
99574361
30087251
68447839
84942828
88424013
67078581
2436116
42416034
2402046
57226906
20304600
70825742
50431636
98110922
15797300
25076566
97126868
56454120
42862259
22155727
59150237
16847031
59550146
50628597
64377400
48402824
59840576
83502139
34246597
64023160
43871093
13905405
39729016
3798101
75674655
22731890
24486631
78777383
56948278
34414322
95161589
28753272
34088063
72527651
26580659
16040597
37399577
17245036
30843601
46984310
16116908
12457598
39514218
39355521
21515319
8931865
50595314
71209968
40059368
88904870
7444168
62217317
22320626
76488304
48407473
42806542
32764906
62250163
69473661
24644353
12182001
73700294
28836105
63801041
47304771
92391797
86639098
41319137
57865678
19466787
86223415
38899639
36416054
43657442
90293423
52517468
45657481
55822947
19206612
39185657
41799540
79316360
44898115
94759796
67199649
99608377
35502203
56779115
44731976
73128586
86640586
84166603
20745903
16902761
35580429
48198719
6992589
84650324
74727332
79260764
90992649
36101333
23489085
88221190
92928751
69400840
80228585
72384000
38777621
32167952
24086778
33525239
57509393
39941646
72757548
14405735
6251132
21236708
51724863
10027686
11396584
97873468
52681503
25941104
34407713
50923045
40517590
58834062
36970692
70498370
28830765
76973259
39225256
26674038
24050920
38814830
50296812
31711302
45195038
36629225
56992016
36409025
82814440
779393
38499693
76374001
80658956
93924103
57648193
71611480
32161437
52031414
40096533
92421181
9183361
27143715
90203492
68790588
67998961
36888712
13348948
23499214
8764325
65985517
5456028
734942
61643693
30243308
65040796
81006120
21833179
88538595
23755456
36858423
48345374
91234008
34067773
56355845
69337227
38156555
73031498
70734142
30561627
85029932
88183338
98350926
37155868
20973763
16736554
65357756
34175958
14248620
90371895
51962750
56871516
71157023
94873168
17485846
57096344
75727537
84594144
41024917
69193302
96028358
89778620
54094793
78964869
51508888
7317290
65934331
20150064
56595275
4664248
14665467
79277898
89948122
40636918
87848087
71287882
12872281
95333782
39840618
24911479
30099340
54760402
83915918
142105
67008300
42318732
91339412
59870293
83764416
64806549
5216943
635172
95414035
72636960
5712109
82450803
43831658
92608377
90848087
28761423
88677456
95497427
691489
67821009
81790885
61804911
64981783
74636952
653133
23249678
24859938
78267676
64988834
64998997
99215838
12170803
70833958
13630171
11429963
21144125
91640918
40071974
90388153
93415402
65560938
97044598
48044873
79536684
33782134
26668831
4846752
83580692
16831142
16139038
27456625
408762
2223860
14882889
86681352
11071087
12880294
28856359
872685
1895209
72179222
40206086
27941238
66756133
64637062
11409955
97252511
47299445
47601873
17509033
2058211
82987678
45153088
78789340
80921379
53431781
41886863
91313512
64751229
36078185
30243920
99263615
76338365
19549129
91745479
69126717
31605811
87456738
10121866
48245552
80869997
23380502
40055726
86243797
23672152
48533378
99568866
417045
27586761
69733660
84105630
65466790
53394678
90911225
74258522
69251499
15390928
55446534
93269545
65135874
15541134
21520034
99892603
9749153
49700184
64719181
95407904
12257320
26490563
53696963
22725321
63485887
62114797
30923565
44291131
65292846
61389399
39690022
46471500
23129231
29300166
85042238
85688781
15022018
99302044
16501851
81726897
23462854
3514012
98588194
73764899
8358933
18131653
78557178
62135693
26414014
24770566
41592872
69593944
30261387
17323511
21077675
38054408
93374148
2104785
92946774
47693314
39573247
18453641
91305702
31396718
95862325
8822222
49818086
41724212
51542248
68504933
340607
48448951
75095653
9318481
81794005
66684283
74542015
71756216
87566813
446618
37298516
58755882
79584806
47206336
71521263
64646310
45627203
26998257
34628596
61470181
76620143
7471849
12332491
1025893
57987759
65038036
17280459
11868175
58757475
50600315
32878530
58899327
24629956
56631003
36969097
66962834
75909275
15037822
83345926
10162379
39442579
22104472
68292692
94076441
60534364
17489598
65068714
45280429
38780196
70056908
5738471
63775408
60877021
58367655
69594373
56483382
20291372
19976537
85946411
97792840
16962697
19022703
81479903
43941608
24714320
69458413
97325518
16106824
6428754
72989024
34654693
21299401
31397965
58598725
42638952
80161749
47269374
72869403
17633186
95674603
11718320
15617384
18281893
96962991
10414706
67811099
17540314
91921571
66272089
99636651
21301639
51093873
45099401
10771280
99386406
30670466
33607148
17963023
20583619
67632790
48519698
77230955
11712266
67675024
37608162
64272063
32749670
80704008
30371925
28522169
27252923
11541881
84159241
89085738
9194765
10524070
65345070
2833449
74008896
38203103
24013163
55095977
31777903
76397179
10248242
57032088
22891908
72992925
61592495
92454954
93368472
81998236
13684581
14873601
84876174
43985812
59868951
71761941
12388237
93245002
41556791
12090301
71472657
53133743
93210596
56253008
17985109
98465358
80894863
89841844
4115256
50831802
3747811
85813235
69790338
28877261
49448461
9858964
50478383
17376865
27044904
27338159
62934297
29628383
49679940
76196514
61551323
16615485
99899892
58372973
82933909
4664364
7709988
11136824
38741972
50498382
28724392
42543186
50954565
79872020
30566801
82202306
19052747
44067989
95331934
87057790
96593961
15591284
13780140
27332453
23374539
25867739
15815077
84045780
61928201
94754989
79875631
34367958
33657696
29793265
76157917
71828921
66056928
9185120
85605832
51423949
89708148
79302607
63104632
39744398
28482755
60976686
34562834
87689386
4991376
23297291
66792273
83605067
59462579
98361204
35900502
74213993
91420818
16003042
44718331
13794643
89295282
67206409
5161602
20421176
79571789
45362930
81415508
36124514
18953013
59618569
63294951
76866103
94112952
87320647
59238409
16571069
98285328
96887071
596353
73341044
78092864
41304503
53541289
32069105
80083597
30152001
74059260
91392167
51512264
26127036
17063602
68900151
45787431
80756262
55358049
25449676
58612621
62571492
21651310
77739584
2119543
49551453
69545117
38695211
34899753
66513797
75737575
81533976
3583886
36312191
64952813
88414534
2831289
54260106
37942532
11433140
42181291
47661274
72988477
25337366
95594020
12310590
64176024
94575563
88788868
81883933
33520194
98347344
42389166
82220198
98565135
53551156
39118967
7017041
60299349
14375571
71581009
18867230
61193623
21372323
89470458
1749867
76019845
9026922
99167808
16765041
27915343
13935404
27268918
19573687
47464003
15882249
95466683
42144868
90975994
1973367
34919471
28994686
95580937
73616589
20208436
4032324
49165469
22219916
31587907
23994335
18784258
22913983
74168115
17125955
47147143
26641146
8106613
45789640
78833899
20912967
24053848
65420356
74524947
42162805
21245368
12206444
34122915
39650823
17346096
25997621
45284236
14071514
43040813
6397851
17154007
54390509
11729778
86047482
28651530
83330486
9220392
46382676
10605271
83212727
91159761
58910526
76557310
36915522
4560019
35543676
38612119
18681926
67536216
74502438
59627849
18508632
31303808
25950960
82307361
76166865
40209517
92101291
31420860
48741473
51611642
16436067
24563805
9181040
95610718
99502279
94606791
18813079
92609899
82399818
62772665
16636926
33460701
15073481
36557804
97589921
23496215
38741624
40487515
50587650
56521051
43828092
34487806
61217480
33583279
5985100
18906282
20555292
73403546
90784844
36002066
60757919
99104980
53779426
42917578
52712595
23308535
18364419
73347825
57007020
52567605
48819487
16326053
25161358
94450931
9320796
42708878
4451934
90391386
27198456
19252025
47410322
11020642
17981765
64577990
93865018
52626362
88633808
54857888
71179653
90186816
22860176
56433731
67612205
95870575
49442146
2533754
48873965
19229648
34875240
40755927
69635792
14084143
37121368
13098650
60451437
72580969
39515109
71283113
92086303
64786951
94521358
98004394
88081066
14067142
13307362
33549587
20730592
56780694
69962196
43695218
8636000
43230919
21721537
10611929
18862584
22262460
17162157
24498766
62635081
69900156
15986299
41458554
84652715
71732898
21299369
4772604
41930750
13742919
71432731
96752679
32692424
83650537
78090468
82170558
54882349
93738494
21781158
405623
51354118
9664126
52676385
26114657
72829442
15361161
3462359
2286351
70888533
87890156
85839168
85247711
95071162
30590703
40156487
87092233
72092983
24713900
81294208
28910235
54735797
77015388
22231641
54524273
71961594
75286144
37022576
80295451
65816935
66273554
94403224
32605413
13571244
23703417
88882988
55362244
44772157
75547193
3276605
13580773
95958884
15915995
89712431
7829770
73100961
23269766
53284642
31216918
65036203
15772520
37031058
29120466
87376639
81130451
50769503
85709193
90206547
76599745
58122225
3991150
1642755
47808971
90527758
22583864
96519435
17287510
50585525
66595402
59258275
90918184
79812308
85461999
58708369
27702423
77832482
65190744
63628100
79512315
19439951
52689408
74793625
71830021
88386603
25542408
4472200
6192061
50475494
52882971
24834724
38356907
82745638
5689140
88423587
84117749
30956513
71558154
41932937
77179812
27974413
71366043
52119220
35340190
53704286
50229187
28311134
76200791
44060042
50892412
59417259
4422627
53877249
13370953
16337449
40489804
85957943
76351842
53578121
65181276
50137093
97334520
41253466
64808643
56477200
3808040
95015925
89566434
45947490
92710606
38360512
42095568
32845556
7080130
99124708
33078071
48198241
73503039
64827592
20176303
43968952
18287978
2278875
79649897
17386203
6286034
36583776
35589074
72597683
88540318
33893175
87971858
88893814
52738049
383288
75613320
94308849
57202198
55899362
86823309
35772575
10455114
6848828
35408089
96927878
34255175
71044173
349788
17156054
70451687
74244670
73575647
44368999
59684025
74952006
38396549
37855841
49931294
22890932
63189050
32422248
81173790
43104092
32379730
99105903
47550
24873041
91894435
446371
508231
88546657
94432442
57967971
35701074
63026117
28611616
73586223
17127262
19388979
29273079
97284002
23152616
47333917
19061589
71895161
86897676
88641046
10767118
34616679
37926335
45600324
16823799
34749750
60850367
65928067
60089723
67088462
12577952
7715309
19623197
53948887
70083564
18505122
6085897
78396246
85061657
91767504
99576826
65459233
4623941
8961811
78657079
30357250
30598462
64900374
22807587
85037105
73212485
63321840
15007537
656935
64175882
4950078
22879934
69604556
42933094
6239404
5911197
77337878
88488865
16855437
99571550
53743143
4385642
22506644
64441366
65473563
3914450
35767823
61221495
15368801
44278689
98136422
91650895
57231474
88525168
94002169
66271311
34611168
35523074
79720199
27715565
57512712
66321233
94958724
27447810
59066370
98323644
22044034
463840
87727790
20752020
77427161
11504299
77829520
50770551
61382892
10507622
54579100
34027847
87057446
30660488
97046152
27684083
93146069
13418360
52009590
85148522
86325494
93361751
83975930
49977067
94376224
29069752
66877732
33964049
92087082
70623954
20764843
4046133
46347999
78109560
99449140
46617764
23949694
99663345
53439636
80082455
96385196
1238927
25768585
10658525
32962966
92141965
60998082
34165581
23237083
52592074
20375969
39290177
98138661
91552070
66934475
29541783
71611629
1835003
68030581
51188892
50567914
43818300
12777523
52412381
59147714
10941667
93001666
19615077
62876331
34345589
55149354
62553635
32162980
63960338
24872292
85634606
85924833
89908793
55883417
83297186
3953205
89240656
20920543
85041318
91891230
68337849
30900446
77785181
45261402
58119402
91291468
87487012
31402534
57064498
39402658
5378990
59499708
18242324
56071606
20339690
65148091
50719377
78865527
73902711
93957271
27791697
39365040
92161346
33535009
92781296
14056837
38497085
28743536
75307284
67454314
11534308
62744744
22191049
91074035
28137217
41242417
7019689
24086397
91833120
85694194
71349103
18330748
11574476
56557326
94474129
98478175
86884122
1259406
2614607
80845648
72006532
26287138
67794432
85397934
60148604
3660170
56814304
29118167
47217251
9227774
68682653
61742140
83199855
30169622
2305781
3911816
5368221
15895117
35221744
63348520
58538987
23581120
87277683
16532259
82626346
79493305
31242016
34129339
94104761
207482
7413966
17339959
66549757
48820352
14380082
49750272
92498532
3409190
12526691
45868236
90815360
5684388
46619278
23683962
33723347
92897842
37242838
85159542
74527974
5620703
79322557
70542190
50809288
48051132
60991602
61787364
15586837
96478054
77438891
18101184
82208955
21924889
57234011
966766
42371690
95411563
10995707
89597231
99876895
21910433
12179363
83640776
965403
11475952
5497164
77202345
8492203
49897574
25495389
85283299
39439490
32210984
45102540
70910448
9648873
28593721
48217408
4925219
50834932
92529073
8042418
34332125
67937948
84336968
57403940
96488468
7225827
56030846
22284248
33031988
17907117
25943532
51875302
9918829
74818245
82276269
72763231
65423046
8264365
23590904
83332501
18524041
5400908
6421246
36652852
91414376
60711311
26978715
41367267
18308923
70616584
96146259
99745289
23309676
11895385
99054199
5257082
59744534
60944006
69311543
84706801
73579295
21510915
68965903
67822884
59402362
5884068
66765634
93817010
58907645
94838381
74147619
31450675
27055395
39484375
14467686
72320149
43624781
8296257
93133546
38506475
97572801
61943900
68801664
81317282
15225664
57648523
63273909
74530703
18232722
38116076
9133768
83242489
58137669
46984057
51824195
77845165
67475171
30900191
13508211
13041890
50329797
40054542
41854496
83411303
70555677
48970185
6307698
53462871
98335441
8905854
68323630
63668026
74591837
21539588
19607034
22761581
78806976
66140169
306516
80591773
94366071
31310664
26136820
60088409
46763977
33142813
20632289
39933606
84075670
89307572
89550203
14452093
10966595
84367388
5907204
5212755
49050778
93916128
46289050
5106126
1533642
50271786
49099640
63574908
88968403
99360100
65360354
75924318
65593501
19195663
52015614
76846058
36595958
78326775
54141017
91417935
61269391
28444369
64116445
46139858
81778532
70392709
30783177
10391813
97608815
24092169
10021354
69818796
56820002
11264466
14886769
61791295
89404894
7137030
30984421
31070487
9910256
11514919
23900730
8875840
72084644
1838098
83988366
56666176
71172458
75268193
79279944
72850312
10478935
14461762
27418766
97412156
49684824
15341631
716010
84925988
89147153
24291927
14136
15276510
21245747
58964988
62127876
15479063
39020527
34412235
25458892
98518185
6616790
45524915
35708751
6368989
18787843
98239244
67727327
95734841
93994166
15247232
94504654
74634901
29758011
10342324
66873271
23045274
26738339
26633093
54836542
78962119
49432689
97430022
2434003
43689302
57436486
21123023
75932627
15732843
58708507
55225007
54651845
67407402
28808962
38830725
23716354
72953165
9452710
34107015
90916695
23466260
69699620
10224682
76016547
34803806
73083133
154375
26735630
8174242
85750458
92310199
14302993
57622933
89619420
12684893
4083248
99486505
69870090
73076844
46648891
69185837
59960390
60768285
85402623
61696304
10181494
23855955
51268553
26528482
16288597
76780289
63777739
27043917
7608981
4332271
16319657
7432267
14868893
17656270
64422275
37660929
84546708
50011121
31597726
35761074
28517050
96034698
36175767
48655849
17134489
83104367
26361319
96519105
84698843
69961377
94494707
86693037
8475493
94719091
187121
82818734
26918507
54416449
12589981
58257854
41004413
48891944
86004468
23483214
37149012
8848200
23705247
27732332
38069262
14630990
10012100
22667335
12531776
62404752
63516641
7450924
72068151
38963922
8467076
46013620
83383914
86107385
6637786
28506627
89966860
85884885
28798779
90318917
82974595
40295062
60832764
99524868
43721784
79648498
20019440
86633351
25157927
53265624
11051003
94382379
4769608
62315472
84098985
35699584
53524968
70468365
49454867
92253870
90712575
97206563
17286733
24014973
13360059
12062168
15432486
27295740
98463319
24554787
17257698
88813743
58796868
92579006
50522824
98162697
16262680
81504889
72438491
95436388
86228460
43368070
10667917
67125749
74824956
92139640
48081812
34013282
15105168
56408036
23472780
28551792
10865523
37718596
22225377
89450767
4976866
42581327
63998219
32886908
64728829
77708128
42794962
88395105
71559556
47605111
30086611
33352632
96580815
90946572
87178339
8438629
75892125
90977875
50316320
86700328
79248294
12609497
88484202
80379703
56663105
6271491
42453053
68262948
93107827
20026974
15047363
1398843
25823659
40266223
50799835
89274863
62458682
62193277
6957358
50827402
66919660
64077719
70457654
69976162
84893190
6198905
50518217
72172707
86358762
56534439
57593730
73263116
57934596
75255240
42333812
95652922
78628529
46098820
88443695
55839225
3296911
68608083
38226559
76746421
64680531
39185404
42424436
81154747
27448844
28778058
38896888
79266670
53734511
4416475
72229815
5737549
4701286
25344802
84867280
81327672
37940169
67125373
6634851
8157068
90724333
60098809
11831438
54244932
96439433
76962469
6546376
53388053
56380325
50290175
36404658
7985799
62522203
78437691
56741474
19238085
26971932
76194668
66138905
36231515
45043200
94619639
16141168
8326711
67841176
46263221
47671211
8364488
5712788
85087102
80074214
26627669
30071786
49897688
32302639
81402716
16158491
31178108
58080331
98190467
95411863
65396621
94823173
57631655
38459200
56962302
59779425
35081932
39283867
66478588
76666323
65295689
30185115
17904938
36757929
55260265
61732752
58145500
59363564
56728806
52129176
27998863
38887214
17148145
77536028
85002252
88262334
89842658
63926764
52263379
13964294
19099382
82909229
65618846
66880248
39365484
60323486
27827368
50337608
38325435
79232073
62262639
81277919
86886450
76209028
3679735
50534332
22017224
75448104
31654604
67508320
72831595
89320220
81220350
49816159
36969646
95346160
87731799
47272025
96035241
30178847
50726644
89118451
62417833
27065225
85065751
6829566
72512129
95269006
71044390
81468197
10329355
58323257
80644428
15710134
99942743
57647039
28370816
64581404
37327116
97905117
93265082
68390074
85375928
19448572
31819623
65878748
6572249
94415731
84269663
61704160
9814288
75393471
35357241
54191446
25835092
12739131
38660910
35007311
68878755
59311819
70546945
12250860
44937815
54670189
58881144
26091821
53392633
45912532
7487398
80566679
21605120
28762386
34677060
74901904
39460861
88280729
66544264
71471129
88072754
85037503
53108672
18926207
75840879
17325414
95348283
84402379
71479190
64900271
93409317
13567381
90207754
42250485
75446247
50291122
33818638
61130178
90305141
60865391
94539606
69900546
35335519
52778645
77709484
98341057
3334279
26144725
13188817
60235980
82762905
5458089
72148800
72215336
19190616
21536700
23552634
25296180
33373757
34281973
18376080
52762665
39780844
26018281
10162743
44974239
24650431
44244662
7667131
74188254
31925407
20239663
99075374
73416752
77655134
64683209
28936430
26018439
58732122
78608060
98262682
59284113
95259846
33598274
78733150
8751879
5908901
83179648
18010183
72821205
56297610
4976471
78032031
34446013
74706536
21349160
56483762
42426832
61407420
57015703
32958771
36165884
76704994
28380207
31432584
51105575
9407182
14335358
30818365
28137161
29353724
12066125
39911718
76642626
2966824
7930282
37041384
91546288
50071127
19657323
3161943
62510852
65755026
91664066
68449387
43235807
29009381
89915361
32694054
35912115
59663028
64180561
7383394
46891180
88224664
76218248
83842137
30509115
96628034
38194058
75240702
27898581
9130020
6284588
95675103
39882356
61413174
77550835
72519263
5473064
36294303
47144540
7976157
13052132
61829489
34502616
65798890
16518760
5041069
82253589
26264018
5365563
41485711
26814800
4571947
64544747
59397765
65233777
49172036
13548276
53862330
58435802
76329343
49821027
62312631
43319158
9787707
43667511
14052663
25854197
80781455
44089725
19304919
85482915
64501294
13545473
25547480
74568584
54762501
32817691
2057863
63329477
24615859
36851870
29006117
62074921
39166733
17157116
72186629
97343941
43849752
81285957
7238079
21965185
89503213
5652042
1763474
62141547
77316189
23102709
38830117
23391609
87794983
64884863
34983347
55292843
56201740
21360752
48018597
80573626
53306914
3713628
55868680
90121648
8903552
82861173
28291425
45448579
26669353
6232612
26936242
52306420
74182370
53343956
63741693
50956377
78334294
14322574
3024658
32959066
40188861
24948046
78829893
6863267
8234716
81040620
56983129
70603164
44676163
78363941
6604099
11751137
19737446
91944260
86631403
32875094
6949559
93702566
2580917
42993241
70441756
11401379
6492006
71435030
1386964
61433564
23466223
23843078
39387811
319935
94249006
16962037
15939473
14785536
54600948
29081959
14034599
98727042
87277453
8285040
27314632
10291804
78099161
79738923
22512973
66145702
41525852
50353745
6054447
25047893
39621155
55823592
37524897
73266836
75537903
80012386
83469968
58749683
11984038
14062334
49208826
90973718
98030903
54231358
55971149
88062389
41630319
13089507
99535356
64883915
57840796
33158561
77893891
39864962
70408670
91698054
59270365
17586670
24923839
29571887
52600018
49763475
69001437
66215747
5390946
64459752
47403725
985441
513618
34382364
66056682
78173529
52697843
7170402
70306185
25254783
42841480
14050725
20466061
5635997
53807728
77700140
38369069
25801341
93391698
63536495
85800889
70654135
67930318
34727293
54197150
20297538
74856867
62463525
20510509
3987126
46119224
5379152
66087495
15283978
5668605
77150148
98925574
16363094
48468647
95719407
10861318
21833633
80504442
91390403
31448732
87159799
73411952
54452889
44999635
60788923
74108285
12984785
1022397
76410936
71876824
8070869
23431353
86920732
60046252
94069306
77753475
50288647
16119490
89399790
77630705
61573146
59204683
6500922
63499680
14937603
53016421
43128997
40580106
8893428
29692938
80540375
64282714
4848824
70350031
28273789
74112006
85424241
1225806
96606848
35677012
30487009
33290116
99847805
91432139
94734804
34202202
44214454
56948672
3126392
95754041
15833811
72846156
39335367
32195149
64130009
96184682
43382138
46140553
69264678
62661333
95026525
78044734
69938130
41727980
40634853
19855690
76765995
59847974
27324036
79874269
23824002
57705129
86357181
57303147
77399172
26052344
82264376
45550380
68739402
95424426
54183850
98681541
10703363
82007585
73711191
59332109
87713178
71148083
71886148
66171897
36651809
36264896
80551088
27859406
27319489
59312350
45892633
46582269
23095433
73395731
47429989
24685372
13100012
4171328
1137964
82222116
29444392
62662681
2140220
38420225
88022265
84455901
84665654
36063390
76432577
42896332
50122040
73070117
18514719
33965462
47491446
38495019
20461439
9802040
30572358
21580805
13051024
14818724
11446312
47784354
23408929
2507682
3284635
48862315
24195177
29956980
4443864
38868716
51340637
17628975
67705967
81408743
63450755
36126354
91309148
71513856
21960767
10984755
42955605
4520748
18593117
17479076
9664478
66660231
83979813
83951240
51077043
83828910
57681166
34264303
1732962
92804193
1629764
75668583
20963453
30445978
52728053
13339807
94136992
35260604
50040232
59748451
92058043
28524603
7780774
47570721
44529824
5062852
93722916
38758521
45935860
94453395
667914
49558930
57411680
46785185
37263899
3821300
89974701
22166845
61011066
23502137
99243765
69166926
95165030
78186416
7483671
68301634
1131194
88883869
46619361
47513366
76226675
44574739
77159811
32999696
41181226
87273763
3598354
64375988
66842558
54296526
8650372
52609655
36566673
42299419
86174769
29365855
30575631
24033968
96795490
24790859
24768761
45839575
83050147
48785666
50882923
81647555
6373439
72182023
16867114
88668470
39923134
83127843
76867620
40912390
96332617
53441550
51444241
19350411
52283851
31006127
27930728
76692136
11580640
86729180
18275516
42875715
93207543
32369380
36345004
81655580
74154983
79022438
2493077
82373923
57967164
14068357
4896000
54500970
63205881
69448527
87322451
21071773
31046128
41358682
14110846
41500052
24214427
36859887
23936036
92331447
75118818
79973223
76026618
25247420
2090815
9870473
5332462
33437565
51706202
60724252
86305992
69098854
25650267
4154210
61965744
10251014
716301
62402213
30344384
78098002
63692085
93448046
21797648
54665090
27940407
25625338
4440989
87136028
37705634
31268595
57640222
61424522
48053128
24555529
92276509
15404447
29726381
60342053
1745093
36427396
6378893
45417326
58182631
28760449
89953340
54572715
78242460
96503154
54868797
13309838
13703432
96858239
67074761
14112968
77124228
44466526
84910926
53516601
52592195
94874007
79031355
39700439
52116688
25224054
73495250
10362293
59071495
46613453
20499707
13395864
54930075
1663445
99043847
65192479
72275314
73618040
68780892
51332470
45213794
23383392
94764255
35131215
27567641
20320687
82162086
18050707
79315980
25517550
50980982
29318913
79587138
74768164
48672628
52475134
27018577
73796512
99044254
72680992
60864986
25791973
60594181
73681424
98103049
63434145
65694758
52251374
62431412
8933782
67082265
53742222
28219183
29515035
78299655
8816057
95039813
73409250
86554269
54702946
59310760
40700295
10898745
9610995
1575374
53256203
5511640
41902023
66656271
50118983
23320935
30017881
87736349
1505587
96648613
25446741
4782534
79539129
88365793
72337408
99130616
61130466
12962037
50953779
3406132
19702657
47228596
84814348
63661192
86169172
24447159
45527581
87923595
57780884
81873548
56274209
87729941
75092119
10452826
88232216
53977632
86322179
58656164
54486811
35913508
59298421
57114059
51877246
39975886
59227992
26623638
91040344
91922382
9851904
76140068
11107363
98760652
85932373
32185424
47343836
30414467
41230603
56380780
88111892
56021958
80407967
98417772
96304674
56613271
27186599
13429592
6267012
5769358
15118889
12950996
38529851
61898984
62631797
16043703
92907443
19159712
74380562
99300935
86681562
83634406
80136364
37194638
39057136
12130630
22930369
46693854
84950083
54639784
95578709
90755323
43815653
85812804
51552560
69728538
75627879
31016742
75833700
15149758
8395796
96807858
89198730
93050719
19709329
84047706
40070411
50942763
8233158
35373508
87458589
36330872
33279154
50060354
5451171
73146823
27214378
6388618
62576564
56622796
8744338
96103104
56761512
63248949
6623205
61660966
55274178
42558293
16299124
52140172
1150653
76690827
22738272
80685914
12251834
69268713
64958821
21270907
60345841
21184504
18950666
7010671
3309963
32451361
27356539
73829184
94536251
62828184
51170288
29543764
2569886
3734621
36656926
88585827
56256790
23755235
84685710
69078797
19193977
24159925
3337674
81641152
61092448
36846131
4932855
53149874
18667012
68850126
90872620
3614101
53440506
21617281
34550188
76177981
93097195
7234212
70321893
20630753
96239312
52066805
99951761
36687307
24129231
46508931
90500798
14453329
98791201
44746785
8332094
14865593
44008475
16350999
15192108
4238751
72101721
6095576
10637479
48149254
37456331
34774363
98491441
93315616
433127
42743815
91673230
3362732
45580732
76113884
40451265
48850337
59003259
82825222
18986792
55659958
44598304
30229809
13979455
74293220
32064348
12962818
29745814
41274949
54868230
53742562
14977674
89771628
9449422
6836448
72893854
98300217
56341611
34739488
17797866
44951951
15878307
30330603
98500586
71241296
26180550
4999574
16063232
968687
80601052
98438493
51264970
57115656
32404272
7189975
32288526
79346839
3221982
72491798
81156688
96699902
85442660
94151583
83295865
96696822
94404420
81821356
94117557
43973660
28684414
81221344
95647221
10581038
42850583
3007136
50744718
9702232
53735561
60179730
54745650
11802005
52155532
39045849
13555277
64644199
50665011
23831116
45319026
376722
84631551
27508867
78781540
92381668
96864779
68140873
60585016
25398825
92948421
58212831
61618362
49818420
41539464
86030729
52957554
59517280
12919859
52268113
4365402
73902886
47243029
50203586
10106409
62714527
94131053
74940007
28386260
55134906
59455026
24014353
73766248
74266606
90016230
65385610
446245
77490962
83353799
57103988
43745718
89311603
80365933
12567131
15481945
98298428
50234415
40283254
10252822
96385999
66440180
79504478
37994980
58497878
41342448
88127037
50680664
30298026
34025670
48536451
10601795
68408801
55283266
60820484
23135165
90819722
50716349
31130318
32185215
3780332
22944682
35283999
27135336
75844119
72564793
57841503
94914706
73100805
41772368
80396749
24413481
44677567
39882174
20955483
88037652
83372931
68547901
45016683
25621121
29707703
64603691
39733876
96622986
14835234
45174103
32771967
14824089
31493839
97066109
5398934
88526848
22274271
22718091
60610882
69135938
27494553
74398597
81622104
74217662
15060440
86498720
33559694
2839461
69911061
53869206
28913157
59489
39335258
14365212
1113313
46733373
13132287
45068783
71532269
33407268
74298314
56154523
1323480
42580815
24728593
23213415
69528067
20673158
39390323
63935430
83546509
58091033
21602993
44310168
36276436
55560685
66442010
96367600
85772807
96939260
28576278
10194784
74360251
54118625
35125833
67882937
77931476
76703044
9818412
70436020
47175813
62004684
40973030
66809822
25112460
11816089
10037493
98161411
28801207
48616966
25041324
89302058
91285371
5992879
555196
10773802
14904204
16052802
99538732
60759654
74748977
78856802
82108182
57085721
63719806
98182919
85918580
60303946
61142834
26161123
73980863
9978192
58680865
82582354
28923131
74663651
7095483
91016022
97163750
38474991
13416021
31473112
18058926
10451486
61760870
13766378
90293556
21127981
56393344
96427373
48658787
8297425
13835207
24327901
22458621
31855527
91987634
26214389
77408371
58399552
5285112
29619767
61501560
48321444
90280886
56681971
72461592
5948523
73750819
62607077
72396923
96433560
67634343
78307068
74818428
51072733
43703334
90052334
5585333
21488495
83030919
26125780
46701773
78314762
45337456
10338601
4072082
39745904
30449725
390212
38866288
41242164
92514547
28153085
31395540
73141251
59296960
76346192
62381117
6699350
53831311
51543195
3638981
59853633
50731748
32648933
7586498
988621
83165207
30600039
35709326
11744353
26259952
4969471
81789088
56630002
56873127
86711341
66917742
81928638
66902575
47792886
34546938
43839251
58510170
33334065
59240333
56355070
53800429
19254061
44737235
88676124
38421739
70948384
19204422
32677949
36387835
18553189
10142204
81305779
96326800
77446779
92500835
57051661
40401942
14030174
76129083
86433357
46684436
12861665
96110155
50269604
85503813
5931722
50466061
31647688
12815464
87480885
76046297
2836780
58064787
51958029
49113847
21361544
39353187
61702284
44288424
83265716
10043534
40448013
24126011
73492738
32391145
862499
4988195
62547896
36370563
27523616
3318125
60297303
57512233
57474324
17227062
42805888
54407378
95799624
3858100
86192292
87453034
52160040
60238340
21883430
42645464
99193339
52410531
5940524
64033507
75613140
83375636
2163626
27379025
69031496
41412013
19029482
72128518
29853703
94563197
22977624
50655012
47433931
42789998
24170402
78018423
67112699
1335316
31480629
5508925
73906261
2409286
11477694
80211769
26995639
71948895
6859762
93808742
91872170
49178626
44394259
21346401
2989572
1080178
96567893
42739205
40526451
47024560
84511278
69864759
6387663
93704371
47502224
91985399
94567693
61139886
55938849
24359038
17381472
75743331
71141523
2849754
12010618
45414050
40491805
25433793
28623407
18058284
9005158
52884542
93598516
24438024
78561927
47190987
56358828
42528425
45373174
39354165
70310079
89399455
27877718
7015379
93067864
51665728
31886937
79016042
28979801
51523045
68484934
34248183
56572398
30386565
33627056
82154768
68441560
1608283
10093665
85982680
7393491
16231244
95828499
65761667
7737424
13161237
46623491
5025216
71353829
96376275
66880238
83275032
55304816
14808450
14471161
36579260
66664016
69915120
25147522
33449806
11185949
88694635
36064391
88840115
70679889
97951733
65659457
22009915
19926187
16507376
51337203
26386423
6180727
89284586
57388265
12242152
94928374
68861333
49813618
93268636
87870986
98638526
24406038
32524170
94456738
43522066
19803929
47289876
87923175
9238250
59115581
76528097
56471618
28532011
64071248
82106161
82054342
84026388
33566127
97427226
35836649
10777516
47516346
86202856
96804251
93520705
49742402
37790033
62437393
52325249
37006834
58298585
12657402
94908872
70886252
81771842
49292244
74422462
16189679
3736684
88814121
82239872
2386973
94252428
51786203
84253931
35676005
730664
40588338
2010652
20775960
68059405
62616534
60641042
19928365
36085606
46518099
62740603
56182943
67195379
27978420
66627951
43401411
73450510
27642964
18615037
58555323
34417959
21337181
60578894
1721115
97791333
57292193
73087782
10942759
62180978
25818154
87433881
38585087
86930400
23405276
7098156
8099034
59909937
84892596
30620732
3951093
91292239
91976165
4481208
29563496
90092104
90759874
68908761
82517601
7797743
66917857
77123790
81368561
77962116
79050263
52425879
31501293
29427689
97492413
78144405
26330857
43339192
65075881
79107616
60101260
84595712
79670522
18089279
62679281
88641401
43190746
40966820
36145420
84737919
97721044
73704661
64362133
11398299
32671634
59235595
52138783
58996619
10670806
38477857
42926979
68861808
94628904
54777477
73372443
68829759
32834860
42170978
70693205
27586602
26013273
75155883
5585914
31813266
33649525
74235476
61825716
73376228
31856843
31916212
25324235
66237345
38607476
13614254
5444282
78164049
60057207
6928602
64800203
32739748
17769014
93546785
25586382
24887664
9733940
66385463
3391898
98635700
3931276
6483437
60732089
254684
32373953
11299558
78308965
13999825
18863701
6266025
48122845
70101636
34073654
76098283
97369804
77702592
14628427
76619859
53486423
83831871
76426619
6391160
15041742
81624925
6591350
78542588
75874587
74971520
72539895
1127599
16977726
42359533
77022659
39453138
47543777
17515559
74618061
88372509
86729458
6123257
56925483
81567433
63303714
65706993
91233600
56897267
55161477
14938641
45853884
86895062
56430178
47474633
42620706
2798196
31391545
15961600
80385672
24473822
29249547
45514136
44368936
52752293
36920424
59407792
18117067
26621579
69711551
14705315
73689993
75587632
36271979
49197684
39308883
14005250
68667042
10971232
45093854
17416780
676928
71733896
39391750
69611512
78071528
59470226
40338098
86489681
82076637
64624200
11671833
83805123
28794728
18764545
12422534
74583254
81108767
42797736
22461245
84992087
24851873
73351258
57994118
23934393
93695858
81496866
75734313
10378995
15196270
29372176
88957530
73468329
99215388
85248183
41407249
29210180
39004076
1977276
53662845
78788557
51073247
30940017
57823600
86775181
1552069
76405195
52604775
38141221
22552242
96406262
61341400
24415354
90844121
80278288
25839875
83493171
70279407
62841366
48888703
60940799
92336122
34391362
23648792
98548181
97842273
90630992
65457595
30899511
57742387
37254818
42102939
52613029
88876586
89680087
6704936
51049971
57954291
19583500
1384460
86434699
86824892
15156161
24896908
32438509
88682858
95863224
46885069
60402845
93251839
24018032
9136167
39916862
26275909
41758437
27171796
39729222
61956475
51873679
11425027
99845959
47898237
59897314
66789012
30788086
9810926
65553864
28135220
39013290
96123798
79502496
17276629
86715439
2236820
38200519
38485822
57558665
99368646
43070222
67317342
19245222
72105619
31984664
36742046
26004248
92386554
95980457
69021876
15176476
24208233
41486420
37815988
7458063
27537297
52351047
15045874
84847227
75866679
64353098
12704056
28393732
87352080
29333591
24097940
56417760
53620798
65410181
60199284
47603903
39843039
50404651
78513384
63171570
10400607
81604895
31331114
92178848
11179281
64303532
47609649
92910343
7417323
6411843
51057036
60163102
60233672
30705966
23856133
65976682
49299223
99384691
57229504
8352394
69711501
18485125
25984867
31965244
57804268
13498750
99501055
53322494
73800196
15415383
16986011
95240387
59609217
827047
43562981
65385249
72954551
80502323
36048441
55100649
72203492
19017531
97634713
59180016
99577143
33831998
74368182
95988142
22674631
32145862
61579803
42975019
5095344
20926719
13826565
90669078
38665300
58408294
55047308
28533508
909327
21683396
8300888
44199051
79638085
32051891
88330833
80076461
17140366
19423505
88883815
83213643
26267957
62505937
77497454
7878933
33750286
50660501
23249753
65540411
94473109
88398008
85092869
50951218
75025228
57317035
31875236
90188767
78955122
71808193
39491556
94364741
2532341
9377919
2009568
77405014
42605940
25984993
56704994
62212476
82920696
62724862
9737314
11238231
78363322
37126394
90687345
99666621
46012364
65692224
16722597
29779094
4052024
35496434
44566083
40275858
8337158
33075353
34604638
35363217
85598496
20062612
33625497
9138007
51193546
54321883
63877688
65071923
74571904
50384866
26109140
87702019
48887869
92318133
52291546
59934432
20138522
49115276
39500748
28491008
6875976
87893394
10319182
71138113
4864130
55786409
5089323
33792373
26757528
11053377
10044848
41905140
62522428
34307129
98966705
6621100
39529668
36069376
15978447
18412668
90538755
24169570
88217615
57335271
97216070
16962681
38661395
51898047
3380896
73162709
85229163
59146107
19913508
82615646
78549844
84916855
76038098
92049065
82221362
55125529
91559555
78956887
10012542
93037400
74400333
97167619
78548535
74631577
35160614
47568507
70612298
7718530
17513322
31005263
66346174
52221201
37401487
36641100
91806598
81344
62051314
94052167
34258009
27158486
22400509
48996426
38158214
25595778
1276516
59542984
196703
49228921
95043128
1752548
62026082
26449257
11764102
73544233
3840363
18296931
97339872
73979152
31357839
10395357
32434000
97479523
9827993
68070859
62410872
33334663
39347248
85790356
81726414
30158558
49221549
94415535
38845841
94750172
36174106
41828780
17595633
25648582
58903019
80833265
73469060
78146353
95013152
76757263
98362939
11646947
43616954
23312570
7136798
25679663
18600006
82504464
92041723
45349974
32310133
78478162
50963296
13796045
42050671
38082881
73176816
86860697
36502479
81147435
14916767
27592604
8910001
6409994
70391218
82037327
42600026
57157005
40487207
56948278
6562817
75701439
94889221
4109535
1557539
47007752
17968131
6145831
4848197
47271728
61395446
66798596
3502296
18934701
98214129
21785642
92508229
97878923
64102304
42620663
85165184
64917040
20799946
17413407
47773099
95948128
48974088
14335782
40180542
70198185
64214719
32219377
97289487
51910333
35035436
16183864
88243201
48786691
20022033
93086788
84390117
47067354
13631161
53163103
9585275
48919670
22805744
67874934
87924348
62239296
89936726
53477347
10322720
53824144
97701989
63274753
93910002
49047357
63152924
61950640
58354682
46288433
84612177
97263032
41876139
17870046
1164091
19381073
14631620
61268037
3706414
59018023
10110070
72084468
35067812
275222
78961780
94333650
60487408
6762348
15017764
59931404
80344781
8605406
97968594
63262342
72221259
29178126
91565623
58170868
84728611
12987790
60766397
72168002
40714043
66586528
78323445
55083384
19425479
63208481
32153092
71575881
87763726
90255782
2165497
44879357
40976264
27913709
28898946
42926192
14706778
82059975
25193651
45716356
61345791
35448537
19265730
89867905
23614024
61262687
27492143
3876330
96297336
59121886
19902730
90373100
31484477
27832740
4522913
19054166
96808324
5200340
54619752
41440159
42970895
17972508
50917837
1350934
96439485
23862123
47255554
87924788
80479305
90757705
42139541
84195113
81637820
863598
53722536
51164547
75489727
99027084
29607696
51720861
46935459
89026785
93690946
45014409
81211845
92594034
20238218
47996675
91103189
61075077
83827297
55117792
29309638
99899703
69815071
63913864
13989484
52856878
84802804
93432600
68463820
23497656
22435645
9408126
1051374
16273499
63616617
46414784
845704
14283690
9418959
33731524
909252
91398350
52404403
13531294
38230186
80815875
58355875
97102786
7240176
59764297
61675992
78222687
4569150
58535083
92012942
81739484
77510759
84538724
68754440
47125017
92217526
36292829
93467898
65697583
374063
38744881
12363143
94600577
21442672
89353656
1379014
49197462
6586711
44862766
50272370
70122008
89205691
68480708
53869554
23328464
79723844
35393659
69854886
26636215
27222351
81737087
76290686
22409766
75000720
95067593
82060491
72955905
63332387
93953352
63952086
91213419
99917399
6491242
59326560
20870707
86502733
74732401
14158562
72595510
79219523
75147609
83008926
25185213
54762091
93216949
9429336
62868327
99680785
70207353
67898626
21530499
752633
12140898
88151256
65713750
34452405
14357960
8586649
65319509
71358414
95248703
47770534
71911397
42776851
71574922
49045216
51910576
92392986
30332320
63861561
37351089
36012027
89213041
16124913
2224172
7482228
63337155
15417122
10614319
79001247
71083696
58773380
60761157
32303813
67041193
38169919
32810412
22484377
31312339
34592457
59406234
68289985
25384728
65890468
82641425
36755112
4284154
82688412
5043432
20076316
89480637
59751435
54151462
24008858
42053515
40057904
7065351
90573661
38922412
96919174
5832366
59222015
38156356
89965788
89060977
93441684
9153651
38002760
81525289
50392411
51075360
66561822
44433118
25395876
29505114
47418211
89919344
97217092
34569699
89374573
75898236
49919927
31794879
80807931
33073713
69804926
14514459
7125343
42030144
61723187
67707972
84640095
16507126
52317499
1312126
30911141
56357751
82684432
23397986
12348188
18899900
30889838
2056437
19750328
33230282
65061015
70606474
75553980
38533416
80009339
96346293
85644996
45026622
73460063
55822750
24142153
44406726
2562595
23512239
36403853
39649229
6755078
83626806
73309432
53253925
25254845
50703963
22588293
81236129
31110684
38365049
33279111
26556265
88031715
71970374
94890244
43793387
79990687
75181130
98664928
79622562
98089943
94226777
38270822
64792138
42168989
32374547
8040238
23961040
6377759
40025757
69545242
38215758
18914343
84826547
7864374
1900442
79703284
16678982
67847862
42002919
53990449
94846230
75636802
23095786
56135424
28887985
33171755
62345032
64354021
70048335
49543375
26136925
31310988
45947034
33284547
60030368
37006432
57702729
71480539
18831264
69906654
44699750
7568152
71163030
61391318
37883884
60222388
58922793
1828773
33530741
93356386
31795643
18026660
78309338
99319751
63088699
1983195
24041836
32210061
6171521
12414073
79424143
4649326
32523429
5443991
42763865
67303771
82763988
47199346
41936726
96391230
43088655
4707443
56528941
88591223
48490430
11304030
71160067
29557432
88938267
82929584
27689048
24837023
67807976
7759114
95979346
61056112
22473097
38758418
52590983
59265645
12510892
44594174
9687821
74127976
92909026
54752286
65113250
52112201
48746095
23226369
50723403
60199307
25598323
48054788
85659159
62080102
24966775
44862682
77884362
41432261
7917136
15745533
56401024
6676157
24091390
2392061
8239089
68961789
68173979
45101899
30207350
79138039
95027431
1148560
41909906
32613860
93554750
56075467
2793037
75196073
42578950
54616297
11354637
50739189
59640291
9732578
11658228
40387217
50219767
70077913
26021451
45175473
81186936
65794471
98142401
83118781
57787376
31665680
31915198
73546115
56775867
89148588
46088180
45930151
63363302
70300044
80361835
1272809
81838492
67293903
43985853
6525514
80399861
53091617
95351370
49479421
53912447
92858255
17537537
48049597
67563222
6979438
18911833
9865584
74751872
97366375
36882842
42489531
49111059
87122101
99554286
38577151
26436024
947470
12215685
23449680
56179782
76260771
80842770
92393091
10573925
33432780
50418788
21195530
46375984
22470015
81010129
10075596
50094223
7867140
26410480
58800567
59420511
10838031
3579650
70582182
29320417
25436041
65281220
51939130
97760391
21279486
54983712
64526383
9276138
76384773
78634107
31540941
82959960
58280952
25395725
73002715
14153727
10476654
95852074
97472215
24517410
9212271
20636312
43559090
46766083
34748539
49582140
38398278
84968568
90488370
87651252
25952199
20204505
80457678
1445841
36091664
85651977
40588314
24922479
47754881
49863504
87931575
76201059
57752550
61730506
59817269
13982022
55773391
56778427
49496362
85777930
26864125
44092442
990480
24646751
97690255
31386316
20836721
41553817
29138133
37183157
42359278
64258201
1916323
3996960
51907668
66807188
319091
78478728
25838475
35351203
74696522
54721938
2970432
38074442
38946056
16528013
37658864
16800898
10683020
43721810
31365628
40762584
38656575
65275102
5245985
13687416
70393364
12817627
63898649
39366068
6164686
1690578
8146484
23044789
41768561
92085419
59381936
97069231
65147249
82173490
80868025
60624854
55094506
46656547
85862544
1578330
5571769
39330940
19704543
15973140
83212410
67372700
46759794
35674254
43576680
11009454
52790834
5755979
47004955
91265791
11283672
42671349
37166723
85589943
39082926
31632302
95475233
93848835
50661390
66779960
98937458
88988671
33293877
25085452
91763735
55762933
27105319
43911844
7747753
41231407
8748848
44775587
76708167
5124883
36494777
14642161
99897459
34053537
61245482
6814148
65369725
89985217
93690255
95508775
48509063
95495296
36201310
43070777
62302665
93291652
41673196
825468
76883246
18978975
31354549
38330239
9024371
65883637
3739548
45574093
62200380
73440538
14932192
37070409
2854899
11512577
98397928
36885964
12399021
96668404
74484833
8732709
33791331
54077816
43585796
45679472
97088261
22386960
30539293
7772112
72298119
81016385
73572820
40586199
64597665
76366118
51857050
84642176
76536620
36520696
45140587
92408574
9529594
587137
63667697
59694812
81155709
72317180
72389030
30392524
46814058
25752038
59814181
9152635
96582790
15381168
38670773
18430817
72409758
84055398
25751341
48992813
36251389
70670927
66949702
20315822
2398348
45642099
11358200
52936960
18727007
54726465
69759551
59917386
91185125
23143256
36678453
40853421
22211189
73079871
30089695
47156059
55963846
17324581
37860920
77862053
48067903
8998790
42820598
25582223
54863961
74798327
71510483
33512506
49166174
30739100
42500078
44992328
13368800
33067984
21040571
52071474
93359597
24757939
18276971
48905765
71361558
3323216
19745828
41584622
45787693
68139526
82868226
52596844
68583460
74469306
7280793
74542715
97170287
53370623
5191663
88969605
36126516
5383314
59579318
89422515
34159234
10346209
18553663
18689776
37838110
79972510
16150157
733146
49523781
64731538
63817216
42259002
63937246
48890862
13736534
56647711
23866620
33605053
90600183
51881987
37288432
65828174
34264106
48770169
50637173
38201526
55763192
30567220
97051412
91352566
92162450
9795880
75149604
13051760
65724486
51114858
29131936
38934290
47870051
12237504
64540650
76738618
14998738
47800816
81776956
47702724
36057703
14558325
4844769
40202069
95697629
46262255
76810771
61908155
65513548
8534748
90365894
83746621
45939758
60636223
29678985
23229273
78374532
41373608
49929398
82023150
48138649
45159041
46638102
17390825
22778259
65009030
81880943
48389041
76997199
1085263
86768077
98599814
54167006
11551376
40733911
54614468
66140639
6661973
36643650
24996039
45250415
28329313
36534118
73838308
60067924
17854602
23931119
43304656
58982432
67648177
16180411
50890345
84772651
14781229
4921017
45743148
51507813
16785640
42418920
98636041
35271927
49998041
9062062
27779209
16513622
76531123
46858882
92002592
66614041
37015707
79489742
54086810
22179860
7348414
5052424
34192033
49615550
27362611
65162035
93165297
91349865
26689364
14167585
41105918
75009819
67879184
66735984
44694105
17404822
36212242
4027917
93185332
54140250
54902693
18593734
2492939
87147465
45820261
33535046
31218884
81839704
26520657
37722599
8704748
47781430
45541164
88719585
81334098
20152111
32295152
12694530
2962531
98802228
44278255
97626609
12218876
53894114
30887807
79815951
93616456
38714005
25359562
63875281
27706673
12334486
21438202
24261358
35829664
96136367
71571102
99883076
27299815
16748598
51004890
83737563
13353390
73028369
83089339
57073485
67164375
64687832
94405884
5801308
55543894
59244492
76790249
38810783
20647499
99836448
10725223
25893456
25121480
98559058
98100890
99156774
13361914
84258965
6133024
67854504
6654776
22620148
38292872
84078739
23239024
6292750
58631545
29672885
17127268
5920169
78416299
99302848
58342929
79230078
94073080
55893780
27610295
83394743
66871388
3972375
72557271
25653491
12552609
6121796
5512330
39921560
46669318
27524590
65595328
44178010
28876582
26959446
62678834
54761096
53536822
47944030
95218485
47109448
7609206
30862649
46356626
7692052
96035641
84560258
81929441
55188621
54392650
29163080
13921018
66318621
23696830
82150909
65697323
68679754
54225987
57321214
65047541
2564441
44507423
65462243
8358167
90936870
24830614
367004
86943910
48390627
98238686
7160513
13746878
67432873
60355221
95385142
36542320
28124314
86559753
81844017
41305142
80957330
98900651
15735367
43382933
20307653
76191084
90034816
17287741
93603116
73189352
25240873
88634137
2342323
58323373
18097640
16736691
42796294
58013454
19776018
7037179
34905306
83291457
82918772
80092849
9344150
73342775
72693717
14497958
43806691
47165234
82000763
33045640
36554449
45973218
68281978
87277895
28881413
40818914
36433144
28310785
55217730
36642338
50602505
25286527
8494421
12446841
29632184
75954816
13835258
38519241
75204035
7008666
92051646
96927498
8568649
33851307
9512633
58906745
51255214
47869390
78257813
91488921
52960211
18078826
2337649
98298682
13825961
26744610
1461579
42251650
32914287
27291951
54901062
5908190
50736597
32806279
20027710
75252619
79128880
51236
15228704
83242411
25447046
94929626
69088310
57434988
77774181
16422744
38520826
45362270
28246480
50505339
18342209
71441739
18188193
44391210
17060815
40301567
26438799
90020254
93638430
65778108
94173100
57822915
94713315
73149297
87498378
90809816
91137679
60401383
31774166
80106905
42191493
31342615
59031009
63436840
98069331
39328741
56374019
98961301
53643421
42701257
51229945
14186514
22709194
93283134
46692658
75515046
923390
91248082
22843829
65340321
28718204
35665177
55118450
91289902
1402873
93905302
6892988
17671751
73680999
99659493
20330891
90797550
1955571
11369045
97583209
78186992
22605528
85655368
44533241
18108645
22668599
60729120
16133299
55975424
11612020
40740383
49391771
84243607
23183020
37494463
79546750
97005743
82521145
94170366
16691541
23145097
15436310
41867997
31074747
75995091
63608382
95248523
71974917
83368619
3666979
50377707
58415772
46216304
61071291
15296219
62955165
26509617
43931167
98212165
17074256
59912709
52581545
51704271
65268629
73968595
41168896
55237979
90619800
45512124
79346629
58983268
21566399
41892951
48591503
84583081
32718204
28975320
27264202
7625948
78725397
97762414
22503028
35597477
43128385
45215498
71121446
56743455
52150280
63579812
58317039
14661699
98072270
52016956
34900961
43098537
22072087
99386149
6349110
81039887
2125080
40617989
54846655
64995061
76597170
98641729
94182701
95199580
93834180
84122567
46514808
19452721
22626856
89859083
55587076
96356344
83372954
65999402
96630490
98960896
41697911
56465811
24356912
30598237
51702436
8521178
42060287
29380450
81364727
95150548
11448779
7670590
647657
91272571
30207957
28078046
42871072
66213026
94324973
20007298
69323388
46304581
17727676
49370987
4871452
28985579
38733550
27206270
26450595
89650838
11486394
92964222
75057117
74944292
9914738
89652251
74891202
88656596
27533127
4047273
48112583
6737872
85343916
61730064
66156384
42641289
237085
35532375
65722646
79458849
89796434
48190780
90622344
53935532
50656461
73382826
29206421
67142339
83772928
90003343
91063849
40164685
12132336
52983180
91830586
76317740
13075470
6146543
62971304
33972667
81297879
51039793
56443085
19511159
93901754
16537599
67893583
78319320
6352089
61973866
73357047
2966086
36956882
19960311
29594095
33464623
92445179
7084353
22149918
29799657
95527843
10966731
43791218
17645254
99564204
55583357
16834605
27106774
29586852
62939784
13145768
90121717
72067205
89969013
87274066
96076059
26738185
44160924
56844639
79817003
93239280
81315543
31374835
16802809
82090693
25304688
26822174
13887209
19854100
80116513
34467269
23735365
85861829
15616090
44313690
84644823
6100421
12479447
84769562
7924488
38203362
86863382
32365222
26507182
96243975
35653812
16309177
36786632
20789786
65276336
75662310
49811287
11319722
18278346
5480964
96918206
54356287
34123722
65646730
91712648
44568949
86745699
67078263
99579042
53055240
12035696
94817607
94176223
60474201
78164162
89501895
45399469
40022065
36996801
51464126
7791923
21015000
73831962
62934478
12774174
71476247
1380260
14163750
45637727
60905415
37106181
58183379
81902860
12556428
26058276
12131154
88719726
74914174
56805279
93110961
7324971
85121962
8939877
18103676
55006510
75138697
78556455
43722984
53119338
38250106
87901218
5145213
4249951
23461973
30947488
43748261
77430328
558263
14718526
29473274
19851865
42008856
12461943
16535609
48675420
28458291
39531778
59900274
85102129
93130667
66386232
5006675
72540346
76433671
98915222
50991041
54083618
41660500
9133854
35941726
46493783
95218141
72030843
11172945
62262573
75545639
58912050
2568010
95722051
72267808
46182187
4663827
81398299
3488704
37986548
55218960
38015190
70347835
86413675
60005079
62668552
35523994
8663279
58356837
65870465
49489589
13234124
99232413
31604337
13320381
15460149
26289191
20122088
80255923
93841758
92162390
33236295
43452140
8334073
30478170
81711129
64783270
54314950
39551420
36280203
84968485
83940879
34111713
80584600
78633584
42340240
77577744
98655085
94315128
42779730
98454793
9168810
3005463
47093588
34148556
51539306
87352820
20678634
32895722
64627842
10144377
77337503
12404339
91093097
7134432
11815157
70968409
80121463
29966837
83045789
94186235
61738758
61924691
13322148
16224407
15339285
18765001
87643239
12183906
52106527
57096057
59325203
78710199
93452822
56975553
29021378
33522440
76924616
37381992
45361459
35919226
60091190
36259924
96246051
40609155
92449056
46713584
84916833
5801829
2585107
21328952
90836358
49693262
50907513
6526599
91052509
93582705
20690213
97339588
53896538
73909971
94457855
90452724
6476456
40459885
53663919
92395114
9669500
87022148
93285019
72157041
18346625
2909319
44196156
40514836
20523778
72743341
1990397
52324049
89051777
76723213
3205742
53124419
1450321
6443613
90851363
9135516
98055674
31724745
12977137
12947557
4864476
17525423
46440458
62106302
36800682
42965486
84540897
3996991
21434904
60523850
43856927
78342260
41298059
57610495
65443714
63569442
2223432
95577114
12734844
62496729
80615502
75282646
84164457
4630321
17442171
29211884
65271585
52057834
20056279
68180098
50211431
15952888
91715080
18091244
58465556
67764095
14492652
98871649
99791322
46285932
62285401
38182743
90909406
69166134
13886714
18037544
15323916
86570804
23246104
5536652
17193643
83805635
3824382
83603944
81228329
1194142
13811822
29388073
60216285
72544180
98084010
80546767
72450625
95846509
24173109
50818492
88962938
21160238
26710649
92657430
19411709
34988536
83829013
20750402
32384968
72898356
50636127
29907911
79142323
42173300
23108986
62476245
59415874
49309563
39147856
9338335
21531101
57521709
82476639
28773291
22820768
71539187
71329437
69863693
22856136
41094627
4947520
53134604
76959444
30588758
58024901
96373171
27564095
44234654
15701481
93578177
65595487
49740844
54311354
73973406
91652099
12867599
6760106
17522851
60087325
86587825
42572020
33994553
43395610
54477519
19650312
23205965
43694292
66349722
55477172
95125167
36176187
1668835
15832158
22521229
92883943
2290731
91504404
31795172
85808083
95354711
3907266
99711514
10720174
43515199
37459054
75973097
91369495
79604004
7244328
96700854
75003976
48663346
96326065
46364018
99964530
78576096
4099786
30227031
75642541
70773680
74173481
41612601
12365996
73960863
93093976
47100120
3756203
8224728
260238
90938659
94476627
21615772
36565927
58581702
22861387
92307885
26336730
90473815
74760899
93487765
51296945
61648793
46553465
34824873
82323587
40250081
75863079
76072024
2127184
35111515
43626289
49709508
17248263
69475600
38989248
44081597
23455265
71194452
33526392
15743858
7449280
46310847
49678726
69316727
89857327
1167870
51759638
12001980
68560113
91931689
93588208
56445201
17756943
38138282
63605266
25399673
48712032
83086527
35488203
20236780
67354804
42726136
2437784
12958222
33621164
14428476
31315160
12240195
67682002
9661236
72034471
51081356
49311923
13029402
1036184
35113010
17892702
88795640
99236122
42319082
93282219
4144049
80624778
89964820
64100007
60531418
71537250
10235450
77255764
49410956
81674639
95652239
45248923
39530323
14634018
44733745
62746820
20552350
91614829
27461939
79852557
31916246
94825104
82146838
96539309
26722648
30085021
80710593
99471108
58006060
98086423
21087055
76993410
18611388
95576347
38425233
93702764
75694191
91763979
57173908
5319409
4450521
28498783
62036548
50757436
32083895
49539112
58965143
47235077
93218726
92041189
68295955
16699077
32816718
36390312
27399268
32894586
81593749
64679057
28756031
56122669
8136460
51398218
7980867
56222346
68943136
9161139
15469331
91342767
50921254
26643997
88937273
48419078
58520466
92821741
23030910
23596086
57945158
33833936
98718015
90351230
80770842
67176872
70614229
49292546
22319071
24076351
46085272
939102
73316602
57094737
42481594
53312282
99867802
61515015
10689738
86884250
7468321
6017949
55106216
28434446
53310579
1426396
98573797
41375284
98623790
45065958
77948553
57142066
70190041
97864686
63522413
55490472
84382760
85299193
92371391
83596015
82845157
11201405
24690461
5061689
29211799
61625138
21517539
26086138
33617781
84402275
16297735
57989502
95742510
42657636
88395030
47937944
92693119
5927780
59519404
83588241
62930485
1740321
72893928
42698796
21798698
10890040
54036112
34852657
27875668
34871333
20043046
33042408
44820218
17284931
44175313
57328306
39519142
4658627
68493589
97359823
85636464
77728556
57171809
75120020
7208698
3981099
87990474
26725730
26204588
50968951
2677675
87045370
23844110
48731140
44280387
96938676
33264825
32417547
96136202
43472491
47283026
12860458
3937338
58414983
79016777
90262489
75248101
22805142
73756330
42643849
65429397
72015141
5344575
22114171
6919073
11385431
74632961
24750462
15142613
35579553
72340988
90749127
6151411
60110275
10686624
68218156
5687785
70599448
27381361
41715816
84824846
68118892
72278764
83620991
13116486
25162704
52809068
25317410
10424142
81698033
70106606
53217653
93898126
14798073
48456631
15568503
2660432
2100940
50667476
30875338
24605596
28683883
37957881
41232916
77481712
21526544
74043001
16789101
85890153
21239486
93560506
99170174
57562310
68487719
52181177
37071430
41124425
98595910
2796112
48935115
62739053
10560134
19562596
41151598
3590503
32219042
27907726
39217937
93339407
97860063
9173519
46013211
86403625
3716536
72193230
28412228
99695382
23757825
31477993
58330614
17712563
73674575
99446604
14342446
33833952
65275799
27256471
61369001
21256515
42901220
31078418
23872922
80206267
2405738
34944538
3962356
68207595
8324500
77066837
8167529
60588198
1304033
15322194
12768898
88982602
97450047
11218638
87406399
226170
30882957
45414317
40298079
60564146
83476534
2439360
43531052
78464924
89739987
32217458
86231063
65643650
34523995
69521031
76262930
56032314
21762583
11520154
48782156
70155985
66318824
8472516
96449474
82363179
57891961
75365242
66567880
70776836
63323612
73626597
34494206
87915925
55451712
2999126
31078600
69712744
26680981
83336041
16086202
81483593
1298129
46063110
57184276
4932871
2143417
93706100
48124462
32332420
18318471
10797599
98725063
87765419
72596616
37392622
99091626
64076212
3541572
14206073
14436571
2183256
90120411
90521702
89509525
53512101
58632666
22239796
89086585
26336529
73633337
55380801
61880445
46572613
40223439
77015414
30245918
31504305
96125264
65211789
69348281
21201981
96382325
74137387
93947180
55107796
27589598
42613146
70703440
46090516
63736057
50051490
51057569
5631957
79891335
45173121
28703581
31013483
41281183
42308691
83333817
5593636
68410658
96793111
63429553
20691422
46693913
5559038
16610827
20163123
81120600
83098755
95795786
24101849
87901429
96896203
9080465
65994061
14696292
1652606
13157769
66549549
12018129
44045282
2988389
8568816
73966906
44088461
78118081
12725258
7314910
97811761
64601091
60067951
26363851
99980617
81312330
22349468
6913040
11689260
73063054
41622987
88387574
11696580
4957314
64270537
23328431
12225195
45634794
65136041
99967977
59197964
86829752
83889296
3387605
16302202
85605533
70375220
68551539
70072807
24034623
36901520
6932722
46995025
4273239
84932151
47695254
51804134
42319445
99710912
96490912
46478754
15250596
78127513
80088477
45142075
92035970
68311442
7335466
96753605
14158062
96848798
58809233
19358362
23093276
45043304
79423927
39041750
72420740
77508733
38413891
24224138
41564728
38792063
29937222
20254828
4705554
46783862
85270381
74833827
50367647
37834511
23625484
47559824
27787266
56576162
59959368
23285397
5033089
84625493
64668962
37487799
23357535
21010524
83579941
18688221
63169368
78395758
19884277
88385150
18745604
13019796
89380650
67835704
25564403
19095509
88972901
65455163
35892584
44050806
65512571
42056944
20651801
31739049
54926478
54711116
70672845
35706444
11227529
61606732
28801729
38899850
70179898
56379240
12578460
48782326
12062892
84677468
72069899
35589545
44554687
15302784
77034237
4662603
46421891
91517654
4151013
39799801
31216078
88676170
71858264
77306505
13335181
42668439
53967631
54973828
5297096
26791005
70418095
75811272
62792273
31026354
72352998
88024615
80447274
50369423
8936034
52016098
87871074
48663183
42230614
43047110
75589409
22056727
50827982
678945
65001676
55506169
18804359
46936493
75999
88594418
41228397
91860257
48226904
92043408
32508700
96703460
65745916
27631535
85070740
95206433
94929190
99810037
14175297
59474544
68765060
57109148
61189604
74323873
78360396
38191805
85396268
78924728
13356667
92195908
47415285
65401154
5363369
45680690
98234779
35133681
43334902
6787604
22597032
23725100
70764524
75706933
27360442
64373836
12314200
48089697
8574656
55282071
52435536
48454875
96909168
40132424
60461
82955880
82262105
10950668
7397524
9200656
60748048
73014149
89048315
80574078
58771692
63753157
55058491
18599274
94724844
90052877
51109022
99725596
22489736
91669427
42521567
83993174
60711961
87560879
63555006
91642897
77818149
90616126
85156269
58343406
52950097
56788333
91662083
47259906
81216948
54823536
51220513
89648292
96782231
46128486
84189071
60871113
225419
20528434
24919937
92620094
44843076
40118958
24784003
30744319
94117439
73884835
10681109
57975588
87236654
48304974
94111643
30288275
40445982
14498323
1890162
57043375
87514078
96182935
96473750
87526191
63620913
26968174
69376749
5248792
79803570
15883977
37501800
23690005
97435679
39697453
98217137
31132964
59097772
74968355
64925982
78189376
8033978
18987533
10447442
23883657
53405348
76266659
27905489
57990823
92091967
92073258
65445766
38571971
88043469
39000457
67695801
89473166
4415939
87599176
38890237
56525755
36577931
12726484
69321942
77334427
14043556
65581915
19334822
15911794
42388826
43074689
75628777
40076141
97817367
69328939
33661569
56509495
8308372
55239616
39721976
79007074
24442867
17869641
30167622
54966427
96625453
70741535
44239934
27279396
20170433
89995876
61124116
19561057
65199031
72207527
36019182
69923749
2988957
59234396
56319214
13444384
83167186
55464928
87430259
6748855
8511824
77151228
66732237
68613240
66735020
44555451
93057084
44591924
85922811
90510960
67450875
19920082
88390708
91182586
94190297
3321525
59755161
20043572
78202457
31891538
19151359
71019731
15755130
85023627
9995645
96350664
17390168
44204550
11250015
55196806
46884743
38245864
55092696
98796908
29147104
52951818
75763856
89546403
39627801
52622195
72525618
61492957
17631399
12032375
85190868
57139727
66498704
9515139
76252544
21089482
17669660
46525547
51354692
88539034
49922288
46587014
81159687
73727803
31269122
22775973
61593350
13864242
38004776
94460021
56599094
5993254
91861432
34671096
59884961
14221705
79177356
1942383
29855173
16286155
98185358
84230904
32622066
29809681
98147460
77682244
16211471
72236825
99218103
47712741
48906338
76154992
21078295
16296354
23154334
65391426
91277784
68761412
22539523
92374852
61087944
23171082
1934640
84779819
79830860
50109022
29410003
82212438
8835104
11161428
62409071
62534219
77011731
69042609
8656615
79110765
44536413
59168816
53774425
39004827
92934342
3699515
57770350
7975013
18760210
78735178
76336633
54647584
75896923
50537242
92400071
26111006
21825850
17689183
78905536
72105202
90760941
81701954
67522466
92449395
74014350
26227145
40290161
33531622
48337687
12791983
92953339
34376700
27282328
64827969
54507443
8052627
26995793
18236655
80977978
62678162
36527379
35954783
4111875
2330456
70937212
46425336
27346924
13460765
56541289
22545644
84091093
43712442
74942853
38103420
2926595
43078406
87184392
47282733
80474498
94538723
86318561
42184726
36949537
83682416
65488182
72137705
80237721
35241875
74682288
31356204
70173796
68423847
70013705
9165215
15274798
34504062
23059373
25804417
15576797
27737580
32148389
89327707
61723693
92491792
85289150
14027341
11637200
23879463
6569775
55450690
57733950
88039671
94880116
12599384
32121627
60644521
17557705
50466693
60441041
130099
65348124
58968674
30549321
78636743
964879
18934223
68617563
57039446
96236721
61783314
39728324
59978628
22320852
3966128
91113308
27110884
76413073
11805618
78221004
21950678
16731854
58224903
6776370
74874106
43676696
9985057
69313321
66607768
57078039
61182311
59350927
84259378
39194322
97130944
19381418
48510136
99168617
79601062
9407276
10279947
53760871
59690057
24310053
18911256
87003300
62593404
54614966
3204101
93940009
96784072
16812455
52724415
23639228
69143139
68312258
26593809
18344276
1902849
37086125
58789545
9498370
63361849
78691141
94150128
90852422
26119203
46092732
35625008
55193806
50010176
67996276
98386153
39146602
2296692
74804570
8219047
97583702
65383178
93411924
99098025
44880677
90058028
18795505
46270434
84311061
60932655
72019106
32141715
75766780
5602038
67806825
86457056
38181492
18889862
30458646
7035277
85380055
734622
25126753
47074825
14048927
39695369
72761258
99651467
18647459
4467185
5604016
88516367
37142718
13109776
72208020
47159316
34733818
36130468
10053543
61560184
53350845
29610624
82415357
92004929
52588312
91313993
3506140
37580770
56070118
71221186
34978472
96378160
62221081
63914226
79890593
41078038
9149450
63455167
34940900
18633511
13235211
50222713
18607472
95129817
86743604
64950478
57416346
15511989
64481902
6539236
33411186
49735122
83467303
88301677
13635112
17188493
27944213
49745585
78157610
71524513
3684115
94792413
82388047
87063885
76004698
45322669
21047190
40585095
1764869
19758830
55818954
22579106
85299022
73990533
46338048
88308090
94196880
73061172
88297181
32950764
71045463
43505749
39579213
82629523
82416139
9323120
59395202
39746506
24975069
35586563
43474528
47260068
34679989
60294735
69857933
76937521
85196964
82585503
89170327
6823148
27166629
75766089
27083414
97264672
11438328
76769918
15032454
85352496
24233098
71586189
79580129
16757370
50099820
17679190
23913079
67805164
34209111
62124142
45144285
15599427
78927299
65279758
31952814
26641778
70540180
57009946
49095610
13775164
13184814
36209153
40208067
74079189
66101997
30629733
19091424
3900943
36024651
63558596
40211469
9310992
20972983
70539509
12336104
35052575
67836837
96526862
51350274
9543505
48081811
7044023
72225368
15992344
16141967
37478587
43896694
46478135
93005896
52286028
96803330
98177584
60739233
32781017
3763085
66447502
79890667
87884113
52414310
30506089
3149416
96919561
79035581
21605435
28484608
30477597
74781385
87541939
57817922
73016175
97057308
75136615
43327785
29322
11775687
80977814
94752782
55202916
38317224
13827040
13999770
45236004
24201091
48549608
92759574
70691125
60919663
80324501
40300597
66127432
90161670
6265487
81288898
72129864
90214841
53846566
76261043
54467597
21458112
15797827
15801428
13314397
30854904
14206173
70853424
60572033
56217132
83067564
47321388
43890888
29348296
68033786
70550612
94830468
28784846
4766184
79380623
19263728
20900865
67521553
48753471
18961225
53444221
10636553
23958909
28125724
84852796
84416621
56999284
28915482
36720492
48912120
48568925
57558613
67493576
36529340
87656912
92227521
37861228
75321784
51772355
48287885
87076500
89855737
64308690
25959637
59936068
92135719
27036170
37492453
72850212
59496350
68894548
90083708
17671569
50740631
90664937
43021627
65882217
20643184
64583446
43355349
16521460
1756313
68237271
22583320
57704700
53556424
5349932
67651301
76705499
73249863
81532721
18747344
70610277
17389658
10694962
76933480
97331870
67564322
22630882
65640510
83028431
94011336
92506333
77066302
20780256
33602023
52360647
83226437
34318804
92110000
8943003
61500416
97854416
57552076
32770229
38411993
12736702
15547493
93133595
80060600
60517757
86826109
92293438
93114174
42189762
96021463
54326924
50841666
84920113
45690362
61219160
80942708
37648767
74091789
66925473
12942151
12873496
38200405
5714962
59745601
80722170
59940257
35096830
98141850
19400429
71032309
86940899
3202074
85738813
3232273
18602221
85827133
91121240
35505693
88534025
14081080
64127761
78782396
87212659
72471431
75695857
89027683
40542251
78198325
66177763
70097264
32760035
60372215
95678761
18025947
72850912
94550262
98125745
85261012
70606016
32317319
89721905
89461874
99177086
55875791
58996637
25107747
22745450
77975406
58606341
97083439
73372483
45770526
83558197
10841395
45565895
79076953
7368957
40700932
50798833
24063176
91926991
17491198
85542304
67813667
19982182
12485906
13939576
40352844
84188170
1802334
86085
35165085
1945993
1017272
69424466
27897775
50952083
50748211
97828462
50266925
62887727
9425882
29857525
97267888
98580944
3099303
14382184
19798311
81281386
32610228
51310260
82719039
87914667
66505467
81506231
94516940
6189225
80304103
45781512
2302426
73568175
3917140
36509495
39178440
80831633
74642944
24736769
49311929
31657369
11952953
92964590
44117576
72470144
49972792
55845142
67446372
70010588
74178889
7727611
12732131
62101858
72611902
72827303
92787126
53168364
18025533
31727948
70014229
16921427
55850370
46384048
99257624
82525724
45834869
80792696
51960244
99974982
58484238
31483354
39159954
97519581
10666304
30937776
47072300
76320219
49221054
6523069
75530122
1823450
38132683
62498518
58188793
80444682
9431787
77323771
25739797
43651228
6919847
4861438
26598416
48391132
52314721
95199900
35767079
82155023
17291954
71497959
53659812
60700183
8739547
68476633
73416268
46378829
82044520
43809100
25474369
63241361
61025541
95046361
23964350
82653375
50137176
54146307
48194700
21738314
44524457
99505210
98088218
42023469
54828681
53172740
58970219
34747051
91964061
98240781
72117922
34104734
46166314
7204109
65581179
19996639
64718516
20010575
24549903
29855636
99536755
806047
48963060
97885247
39876584
55485152
59662762
47018118
21462172
30066995
13546993
52823516
21687014
90824335
57881478
23236001
26796483
72445985
60270960
67756461
64674509
26060650
49503431
47587939
18810055
88413892
4472581
20076431
11945141
8212868
12245703
86659417
2106025
50557754
34859517
30376434
38114436
78784915
91232627
30098883
39413923
59184638
88408782
61658625
3047164
79293792
32907767
86067701
72268130
57585297
86427278
44826967
81630634
39862529
38841613
64361727
73860970
35283978
54796062
26351843
87383396
7369597
33393366
90568992
74247935
41672729
99693075
29629495
35307337
74614291
5651847
2750370
57815151
49657677
79509152
55188178
72759970
85153877
90252543
82741197
17905536
73538001
91428622
95612584
99709310
65926994
60664012
974157
52394209
96855843
43825282
67256044
15927415
81004054
46582978
85182828
33983761
97937261
66794213
51421567
43023207
28175929
66167150
36685122
51360135
14494384
35280250
74207448
63862822
62666678
93409768
4860861
67227290
58934877
6357513
21455172
74319153
54919561
64772297
90380104
98677541
83926186
8011803
58152756
54437651
61693078
97203399
87781248
30143617
70500974
55053330
59005322
51092224
24043745
27463076
5706639
18319897
36915959
59041627
39844743
73638234
91129258
87346719
21090876
35835783
38382717
77046906
99711401
86966525
86149547
87545776
42472872
23590919
47537039
73717688
92594241
65593323
41424393
17348331
7366846
7224339
75641677
43629976
31798288
8633911
78854565
13410522
60743056
53675981
5633839
45452408
17463833
45794079
78866008
44548124
572688
99620148
92825023
64150637
3600906
9926128
68933255
33094719
50014371
5329030
42517189
82772765
20398795
94514871
9122221
45969651
82073352
34934064
38236429
28201611
72435284
4496113
44750251
79043360
65760906
47432552
14960677
6284782
19713210
69228047
10555238
27033328
76610188
40740275
40460217
72215029
44779063
30562277
40569036
34687397
79663413
88608732
14991671
35606713
98914824
43208709
32824512
60590061
36039932
67363585
7603887
67879142
54589147
99604338
49878048
99740971
42512673
47563145
58837289
46593445
82475527
44628484
8868764
9880484
41703453
13418729
77924812
91383750
96134620
30806679
75843296
35935177
54098576
29476865
88168679
72001155
64763855
1518004
87096808
14103008
10638347
21151108
57278464
84423829
19133881
17462793
82817855
75301536
52361588
17513670
5294780
70255428
12701324
35897359
48970081
57985343
42048674
25289022
55010513
90405294
12273070
3752291
45786377
94947492
39186612
69883746
54472041
90049242
19511539
49871994
78281313
11051552
3772521
78740604
64287374
90236796
10541450
22914168
91410288
40128184
61806564
9175344
92621202
83182121
56302168
97905371
90825474
10893612
48569540
80190684
88913657
32904605
24577558
80541489
45620734
86469562
63074838
12734409
1522042
9569804
56702465
94175979
53918013
51891315
81305027
98757458
89017552
11724667
72232720
24083419
92907205
5309087
99461804
32936754
54303911
69069690
14924782
70847385
79539755
44028375
17803511
84164451
96521903
76376694
52167313
29399451
22838493
38397099
1038800
58899422
44271341
41045178
67638552
2430504
17156540
21929692
30409653
19288836
40686638
71081106
93290884
92849569
3925325
86695810
89987141
28451306
50111381
50789326
53950586
2492097
73612766
71720088
72031660
45192638
6685105
46731186
2018633
61968074
32686532
64699321
47758760
21967703
2652557
39932732
37859365
39278671
24923537
22782916
90566225
20931092
86104897
79354623
60396275
23840702
37601213
96733857
38832680
81487564
97156375
40893827
5473321
98138402
33858037
39203288
99347413
33253311
52378797
97048313
29828862
31223110
60398476
64610028
55466696
61948370
20669358
70469813
87854863
85212767
81217124
8831544
74939663
43635953
34846064
76976059
36631646
51102239
17124516
37193387
54313555
67170256
79322670
49668640
18258665
15129391
54322809
38084080
66532335
26052018
55262234
43728296
91984743
42827959
41179088
81139484
84192924
6895878
46926581
72163546
23126102
32677042
85286375
3593864
48377333
46573450
84090842
56183494
82833478
67918445
70117952
19344682
1430387
44991078
32276447
6928193
13536684
54836678
47155229
77604343
78474794
58958994
12157523
26100427
93320024
6782483
24241999
83939242
77278649
81656823
35602468
6973830
88514176
71955337
17990300
46418253
67585314
59317878
84582860
82339987
77201171
69023812
71659485
47886715
52354777
99516904
58959251
63048434
38183758
17511635
59643652
29045826
2406217
53958472
84540450
96562308
70666632
32902868
47284948
23974418
53987987
31873626
17363472
64704124
70684687
72043826
43172529
58992992
10640666
77008958
57074257
2543192
51505042
53381292
24185861
4620484
46852618
17668169
94974939
20346103
46883237
835910
72556930
37880482
97341510
7705852
78799589
82344590
3386499
41910371
43272783
40359658
52077609
8496830
76839792
48118626
90053601
605076
55553981
85506819
10320424
76359191
14958260
13206978
91560183
44336474
15740990
6751404
86417426
99044798
18355310
67408093
9090234
24962693
20745993
4455783
58167865
96162192
44192500
49266878
97594926
625185
90261976
8530349
7371625
35906790
29463301
54330026
28392661
96991502
54996392
23857049
52033029
69994332
15401547
33407367
19142406
17758835
39644533
7318098
53081405
70235257
34628682
63506641
13618879
95665215
8860244
25514572
48116547
82807363
34819174
46504876
17679423
70486566
17069053
82582936
3758485
65039635
7598716
88390635
40900515
90140638
94572931
49294504
98339546
52767106
56564856
39463193
60736288
43299782
47382326
38750446
85853812
90564282
59593299
27651761
86825092
7033528
47501834
85060382
66666261
46152372
98920137
81644273
62260971
77663814
57055694
49583155
21244453
98753455
92696391
82629249
65679323
13129232
75836255
85321802
1842432
77675125
41558484
19978800
15794015
68397323
7516173
15503944
13528678
59343049
10236912
67476937
21097037
99668414
76781765
11043134
56629091
11135718
45799001
36655764
82371839
24342836
58228859
40780337
35569212
29679275
50379071
82502918
92732173
63315919
39128379
94206444
72384866
30287266
18916940
20958934
49226387
30134293
65676491
60169026
50610740
86282093
35324986
26840491
31272289
46280437
23163835
30907754
5626001
96490263
26185332
38785411
79930475
33515975
15201876
74484494
8011557
21826612
20690819
19185953
30729626
91753366
34671216
27650580
69769962
82347317
87145152
70432527
85499626
13726341
61858154
4140323
2562021
85995125
50089532
42310455
89698453
84555247
99896878
31864485
49113162
79225809
5152611
98063571
74864536
19034666
17416398
75953952
28566514
16290511
9818476
94057479
56371404
8974563
15255675
277513
45436038
33625154
33853526
43405760
84663485
98998605
52544044
7384697
72937247
18911864
38709607
30513874
41309334
70232551
57978093
29590144
17018226
34928192
84415144
78814109
65159933
15958142
36508088
77122469
51457921
41878679
25521742
47386455
30269775
3961529
89243345
9363320
78729885
87083561
95956358
17524739
73366452
49263693
61820892
45311108
2208857
24623825
19032170
41322985
28103496
6010493
76976623
11369684
28149787
54620882
80594369
82093267
81942816
78305320
22211128
91388702
36574276
18283474
34101685
35015300
97858762
42178263
83525791
18838536
36869210
95284510
91642475
83029055
77506148
29863010
4892941
16909745
26320987
20627362
32854103
73250377
95053119
13282655
15259584
55864302
9530987
26139402
3513045
61534851
95250943
81770830
16375372
57286839
44641072
96462230
56574630
30709122
19742416
79926611
20798113
59693727
48770474
93646124
36689967
40741259
22037605
66792613
85796664
20001444
9151380
66746090
52090248
69282087
22759193
67920968
75556479
94359215
51189088
67911985
98885806
87038513
4344565
75601174
48783666
35688014
15232234
99905196
85117565
92879863
63660354
20753093
76932949
64066542
40024630
70314000
9811738
39728223
15627105
68828369
23098437
30762696
17386925
4298370
6547629
49872820
35698076
20356910
14189804
58672793
62884198
66659768
90189057
34502747
38704057
88914801
44210114
36201259
85078471
15181585
67923914
35916457
73675107
16617971
75747043
92816855
28354019
23483240
67791581
18780744
52485114
35609086
85625384
52281265
11461215
61269492
42344099
76509442
46437074
18101595
96121310
24592138
13586515
42339208
19910821
14604506
27940398
65310534
96916166
80156165
84407270
74781347
61333168
33272323
92099605
5826484
75048030
22215949
96098136
484497
77160768
43131411
59808034
98728230
43591790
4316988
8912346
39433763
72308325
90594691
10797587
37565215
83201076
44590879
1655423
44946791
27340788
54355131
98191871
48595660
80719300
44348041
84097031
68299467
76339219
63103800
21884092
59725924
89365560
35159705
42122104
94066205
6506857
33500675
72797440
13369752
95029198
21427870
97866842
14679269
3155805
8227322
67230981
37499006
26999639
75822587
46973675
83089437
7850267
48272117
8321411
98209511
94242443
68562745
63323266
93430067
49831352
80936183
56111460
70298104
3268552
93633211
25998093
21505594
1153878
31471105
77460908
26311182
58474100
2327334
7006178
35516676
73300878
58310239
12730370
73979297
99383380
25182404
92484881
27092532
84868332
76039678
1251453
75125206
9265937
11504800
37330464
22450175
84891293
53070119
36888101
13184336
6401895
85156190
93202665
47191815
60681255
97442071
56691453
5945917
10208868
2912305
31241737
90401147
5968366
20339143
11357653
26718687
24215600
32532993
49678502
37146140
65846627
46867955
93667131
33222375
69293729
92448207
40188161
50698287
155610
66506738
20784564
81947667
31927544
80917018
11073677
6336772
50262224
78336093
38886273
25885989
76282107
19689421
46126670
44689351
4905059
46668933
92794391
5031994
859732
10554569
1013365
81725497
17166050
20214747
64847801
98121890
69608985
80385537
95265619
85299131
82974346
27952988
8610724
99191671
48125088
95327919
78931847
52278419
1729138
97131125
9480916
30659888
97861531
13636065
56805509
34456579
9338687
20128177
3503416
32565812
5294228
75403727
82732759
4665663
59463306
520046
95458435
12677828
51205049
38823635
66938923
50604788
38797646
65589309
28545937
51147046
34718572
62216159
70119555
45745067
7391242
20051909
63537451
91047075
53933030
17974779
89482270
39440598
80211320
599632
12888923
37635380
59425324
31929153
95392597
30098856
65460485
38289323
11055502
70725543
36918380
34499499
25844572
11532550
77653812
54870623
8817216
65735612
8062163
33121261
42973336
80209217
35595815
97664999
18293957
53049402
22378091
23287089
82021323
43689761
12882502
8691238
73460610
49750922
68537070
56173563
78252626
60207850
18957174
69433200
49086318
25603608
85380278
77373877
35770957
86892173
87793090
13540668
55802527
15318895
61035426
12367243
85070365
33253055
7205337
66093754
19333361
86885361
71268111
94329380
82365444
67724825
68223018
77493492
5698577
28424923
66280148
46909874
10122192
135236
6007910
4457101
14977160
72460796
75340518
56797019
78976812
2697791
41478838
24925736
71440588
46487966
57096253
8812939
10063814
42187133
7937445
73525273
27304820
33630402
5459789
3669204
19443027
67637650
6134509
18653892
31878081
60334725
68585083
50428985
56817933
30787000
13419410
69536560
57504076
45569914
12641629
8834815
16773636
98966674
79861198
95976221
56031549
34581483
61305989
11576107
47636095
17092163
25343436
861634
97287121
82060831
58028367
84061399
84023561
33885284
39267171
15945298
37122899
35534582
64018212
81524175
64018644
2681747
94524584
31672994
89660420
62105572
17429213
41133577
24748979
65323503
49600658
86512312
68610261
39140312
64935812
69868466
55967816
23898691
29476915
17208685
74680183
86383245
626826
29130953
62235317
37820469
59165659
80306222
46405307
52783286
45416309
77287881
96716864
23482869
35176028
58211100
82132796
42951864
84296200
15963071
18357698
3997366
55166874
90824074
32170119
52637040
26163605
58676880
88568254
28459546
55320408
46522906
93590339
88851191
9578044
7137265
75924635
9721859
84281645
59395795
87996012
61249858
66418238
93681295
81096704
20389648
97215564
31754182
30052583
48414022
25514781
40530738
77807901
29277364
97819317
82187710
80837007
17141765
34972288
61729844
97712457
31687941
82105742
99729424
72241888
89622581
43826998
28652651
46968996
33042796
48421070
34216006
78118246
43546682
74575315
92890657
41563635
50921095
94905166
93598409
79761139
66267726
78086840
34317922
84691627
27082703
3813281
45485341
78208568
20358218
24817048
26960971
14827892
17409889
35421292
34964097
17162070
8527821
17196884
96817453
36301854
81905620
74031688
27203620
43391712
14766217
61789407
79406940
24508635
41943094
41954551
47231425
19632773
45963612
89447054
23846127
87878841
63420581
42159030
18701737
59222552
51542671
24748439
646311
67492124
98809203
19956314
65480711
16112452
60094811
4694118
44091721
21877742
45960686
55274020
73822971
74362941
45266378
65784815
73235299
86998681
88423641
80069494
71788454
15929958
81779525
53225554
37024169
98370145
6172269
411721
1124196
46466858
9154548
95388230
1339032
69169330
5989473
27974321
32516167
18147409
49389922
35223511
44631608
86790607
82522908
63166369
91944662
48371480
98302922
35594006
89607462
66158660
64224342
84073208
83863308
75203456
39192309
79064695
92422290
4031693
90527172
38637746
68612930
4213190
18430150
50695382
61842251
11542847
32191775
21445840
38909410
68466948
5346737
81879139
53448618
41266750
32495538
47652970
15244365
91101332
82651396
10317240
4495856
78405010
78249745
15111722
7892900
96424124
92982770
20990816
27682691
75259243
18067062
6014219
29797206
55957999
15723914
77518999
41183919
31187376
21033734
23477375
69043362
88221967
62224395
99327982
83590
16837982
59425233
36138147
35397024
22537064
8342706
39946134
42172556
86810086
67993757
33338909
62403351
86614190
17390631
60543053
86729506
24887628
19612520
13869428
45995464
7701033
45191760
50445491
15675677
80295364
31667819
63628298
66162874
76733062
53053270
54709999
295645
5750222
635085
82950563
11200803
79488882
16902433
46186880
43892861
31461298
46827881
22960745
61964098
28447581
9832274
50085764
28608264
61306889
7415185
47550410
14391154
9604331
29443980
21886608
70887526
73462159
22451797
1546357
370382
58144814
34728766
92739036
57240203
22292553
62520245
52574953
43242217
89278327
21701508
44052372
6164144
79457581
20556847
40861030
19577392
68115068
96674294
70033590
20582297
47111467
39101999
70549935
55589015
42130195
30656801
34565004
45200045
25050752
71051917
63203192
21679477
72591655
63996349
67869265
66426350
81794105
49854347
89496841
84319108
62127475
56645895
40241232
57087955
19853177
63722772
33120595
54037013
46194770
63843759
24174146
51164149
68023891
59002120
31996032
15612391
82354674
61050648
89693374
85537369
2355728
39873695
8296895
4729965
94257779
4556955
11345692
6039552
11453372
92802189
44777006
86043951
28390042
13026259
73443385
75326491
93546780
271186
86168632
68329266
18630394
86998826
94335310
5588572
96808812
92491503
42508091
65220287
30191961
6362021
36423351
41290859
82561047
4823804
90620697
26545635
16543021
44723009
28122325
70032051
22857172
98174131
43446315
23286507
70423616
84215935
66525528
73980331
98160490
98289625
77992229
73342241
80643435
61313250
44147693
93488026
75427551
37466987
42601287
27228165
6332444
44131568
60833223
30134795
7146464
84933219
31302720
55660715
57799747
52457139
14901170
73214039
45413454
73872900
92096739
15882448
96745947
96082269
49631383
47820593
16391036
75684091
21126381
69387104
33063014
10500670
89649702
39348351
80732691
5328499
90411736
82054895
10495456
75320592
58084853
99001331
84381111
74794717
9282135
89669623
7952829
99683620
62036333
12674732
98733833
24747129
77897224
74373679
32138113
3465743
23874633
32890367
65000562
7225974
68142546
66184179
44432042
30973632
62748355
63097907
6402300
85705139
59846766
23978124
49802914
70740549
12534234
94877864
34397397
63451782
36521567
25677283
92732767
13293881
51930638
20921110
9305087
18548922
82847685
85153877
40268451
72925569
59979527
60493451
56625794
11953672
39757141
47231040
99491446
35916011
40678142
81043941
89774605
37036614
11767318
1696301
77377098
81665315
89488572
7645207
10221656
30373786
61805499
73434588
8631002
95178826
90114526
45867333
1721740
20281777
92560655
39199839
15184362
55832799
10390010
53337348
79093466
63757960
1793558
66610074
70971218
90100487
56284303
43269556
52451138
68402347
82955190
64963262
6528012
39716576
85524582
3800349
8412612
36503108
60427165
8563260
20286723
2695963
54836509
80406492
66684345
2252793
49725089
1099750
70333512
9576479
43566851
53387903
776896
49802438
65376631
33916752
27636875
92176133
97828094
36578004
62363647
82547642
74469097
27857736
58053392
23141554
5284690
59356382
74725857
18873077
38184429
82368014
757065
78258201
30304418
28939034
51458830
6290813
48010837
92357755
59024913
25670719
30226880
98868888
26643888
4921127
59334843
82317395
89786204
30071839
62591701
15585664
15976680
40974040
99988091
79881639
68963279
72491726
66969418
28180636
31665811
22004100
2337409
82626138
45190912
77608957
36734918
55881312
22777182
67314334
9989976
71141950
92375788
26285805
78635522
85164451
52896938
6018051
54773025
7598216
39572636
79590834
80577390
87362099
57774016
61035132
44189485
95224293
18678026
43274993
94886504
58647585
79784430
51702229
65169836
84620839
31022737
78139770
47861224
9146137
2024475
84943046
16714571
48706213
25851703
63579317
21742022
12375784
8689237
85334187
46588434
10354532
38946230
20250073
32780094
47528441
15524292
89990676
69884962
66550211
68874154
78003412
46338995
15973931
64478354
22671988
93288799
12854091
41004869
95097306
17629512
18906477
2487155
40224483
5270291
57947795
10379153
45881306
24693462
49189519
54087874
72440734
65386378
62062251
63567054
25636846
76361779
66707115
32193196
75150404
10554406
45716829
37827542
99232848
42973995
97014592
41395904
38244068
61739331
82498487
7690435
80368606
78219479
57099590
8558377
5606543
24799490
34591754
22275018
41006338
48895680
66952
59969096
16430936
11549720
9576979
46493762
10421733
34297309
68935648
74664276
37368687
38018538
89794685
83950463
30764509
66719242
72299288
92152112
40201344
31561920
54231996
88217240
59913412
84637302
53235583
92586148
25250447
83258421
95043560
71965559
97792775
28445465
35296387
66858440
67849220
90447117
26261000
2067782
26133868
43200059
53874149
28806541
16233150
38688624
5035166
58770555
2575605
18681862
86752212
75766173
11645345
26799643
412773
59381366
59055464
69523692
20382547
44997489
54826281
55434057
57134060
50858209
43451640
3775460
22429509
25706349
60036646
46255920
56921784
37290216
89173152
97565757
16061702
19092843
82835241
26290527
19724466
37814444
78447956
65624888
85187021
98116416
43014901
13905892
64151096
68238279
87733268
68056065
11711231
37171166
10578151
76680336
10653904
62712032
73661446
79819403
72591962
75459337
64923836
65674353
15101289
26825641
57162890
34020558
12509917
99115663
38672359
76687259
92706568
39400127
60705199
68005701
65205292
57100530
50409456
78562825
53842540
15244248
1525363
84203668
77179304
90422827
85938357
65566557
80583252
25913810
77763359
30940144
16442789
50396972
68980892
98329688
5385414
8495178
14083598
15235463
64848341
79327923
96065101
39751530
24776650
70600189
90132005
38815056
82723344
18792986
13133940
95695266
24156755
10609138
93607454
7946670
41114264
90752319
73476184
86711489
88489824
35040981
68324929
39200188
87215502
40565207
11607896
19959223
16740912
73819553
71197749
36518772
43357373
33755405
7102983
95462090
49221455
97356189
18199227
45934944
39165024
89680732
33865413
34532222
10714290
30938785
21719577
77336568
80613223
89136412
51764573
32416923
32564599
99515508
24266732
49692841
12287473
35733937
56885188
69252227
76691573
10707423
29790503
84137699
78280749
72456756
74713730
49379432
48367719
98048139
62336923
51278591
14324343
13205571
59471279
33707586
8420342
76839221
32685511
94813493
54196331
68483978
42372109
86255919
16651201
59460009
18153177
33778780
48232796
30918441
56389393
22376250
88988003
30818533
64922722
20289652
89979451
3174801
48649028
44858777
31422432
72890177
6386384
88087990
57090643
70863049
75684890
59390253
21368539
53975884
58360515
8671049
64995454
75534317
4439802
49524667
18866198
12472823
28338667
4150295
24771213
3987271
53095309
51359377
65330560
58737348
20230852
38895082
90799490
58817569
42987754
63365113
24849471
39177164
11295223
84070587
29659434
47487769
2449951
68821097
79022610
85842756
22343735
33119577
41658868
20513641
15537060
72553101
87328044
95604822
93190267
36580117
33026618
39228654
85890156
581899
35402931
84601041
86369127
16137804
99467438
98724006
36629035
60740430
13130259
65201530
37923230
14774196
92547721
85898897
80775155
58237814
31672244
58822381
53893118
39403470
55927134
73044154
56214321
89789478
5947235
81706984
88192865
31110053
80416678
81674470
9814185
13082517
8968505
35152272
39243340
57293204
13835105
49754435
54719074
59132967
62872423
20275061
57325656
86234866
51723032
81132650
69125837
84699404
97139802
57940484
76455201
45224036
91513911
79730949
75065256
43703373
73933147
24307241
33480416
70494882
74184846
45320029
74335000
27628780
88142691
38543429
92124380
67472112
37220779
57951604
4998611
70744225
30414724
29598473
11751666
78189439
88546675
78068749
61140154
11479917
30702557
20159734
87002788
23651248
69091748
12595876
82571342
30634991
92390963
85540478
5484126
46355876
85581124
37040020
20459096
18418413
68825787
35558103
12985884
559818
33149720
47967192
71850689
23925986
75010309
85348454
29980923
8478897
45656218
62326712
4409921
41696978
91727272
58267167
18409132
35815757
79515186
76145782
15429602
77559544
92319154
42659537
70821459
72251086
24292031
66942022
78535618
66716511
32834697
25124438
77379724
23563939
59336192
36536561
81906093
38879935
32587212
91162063
3855010
45612971
67391323
75540341
28585499
86052035
5200771
97571953
1343391
7920293
26677962
91910201
31767237
71295914
46340291
33587030
4216713
95382124
53515207
84352589
12345287
70942944
31197526
20298066
23536347
90660332
40186321
34446752
36148971
92363462
13474226
94068287
68217622
33107963
67622750
98276521
19043162
20046718
56799749
14706500
97069052
1920304
62323933
7946887
19311796
69465858
60385452
78566884
94400869
64639465
82939921
87169754
57203989
3280054
62522113
6069710
28957756
87277499
37939746
51576655
21348141
80351704
84602955
60614228
7679745
70843494
80829451
1994425
95357115
47186491
5462830
20313945
66362800
47091631
92066039
22092422
5802090
24672248
58056209
60291336
88482666
24886514
42391153
92219656
12838680
41397313
37362980
76008123
5136020
63685064
37249025
97140721
75840930
99117522
49180965
61359156
17166631
57200726
52739017
82970598
47557357
99808777
33207879
99213897
89574359
82405808
50973003
88628548
61045925
85696020
4488860
99192000
49309032
1461644
58512583
78707861
40820484
20316115
7248488
29607028
24302846
32673498
25048033
70371420
51385560
18470699
46018638
19219265
24101767
44277088
31971639
51132463
22644189
36799752
20894114
42758726
68368284
16944038
8852488
93765734
18874866
43162030
16277441
74623320
87969497
65416106
73773215
42546870
70639064
65979131
64373953
2217816
53068571
41135997
40295868
18363823
13232739
799194
2201555
49027288
35501968
32438384
48286199
24914315
83992746
53570678
16551085
21880483
90932947
63065111
53005492
70374335
57597693
62609657
21978948
28425054
48222472
10157988
80772045
12575406
27571931
72266992
11735062
71803415
81789825
92791498
9964542
93351139
65424430
31310176
11298804
40579316
18421786
90404492
62740830
23708359
39659443
41410072
29906679
19699990
94308144
69298703
17998319
49293752
12587008
21521683
39012473
65602010
38700576
45582821
83074360
84078853
15361829
87397344
78445986
12220332
75673713
18458815
60395573
73295218
12664213
82465251
53076263
84272114
73828971
82721554
5324098
33480309
35500341
21604828
60616336
45779049
71594548
38177415
61223271
1649820
55170262
69754996
42812296
40413960
253544
95441533
15172816
40312652
80506586
59072314
56404752
65935057
90679500
34001598
69574865
89965329
47756190
33121120
24272800
36975803
48640605
12458787
27686107
99527593
11538722
91579450
36920129
17921908
92202782
13246435
17403899
90650798
66824963
67621185
91073057
83043947
57563005
85025345
9028585
75338612
20561021
95333776
15756843
49619497
5635018
6826259
7155950
36231592
33951522
68031381
49827653
1772635
34916503
71064219
16209908
51733569
4819380
61131190
50730390
54382289
80771457
72951696
38774474
26328309
24649878
52235665
38572032
7864015
33747810
8726177
95929012
48393102
32970651
83059136
3274684
3310160
79101484
93880069
98680977
54996718
37388273
81863146
81209019
77730885
57767831
47429516
79614314
51708952
85806826
66304300
93699571
98333155
83527897
892282
47099471
31082579
61267318
92912082
23476283
78237153
17309788
31812807
34618135
65894618
66531319
3317076
21006124
99479266
78009780
65173587
1598253
20253551
80576103
10109124
61503633
31631793
9297431
20643390
1024080
38220924
56385686
59477494
83967363
86722250
75125376
20903353
99576373
2645026
86808427
70160965
75151578
10782696
32252992
48994384
13998583
65840508
98952669
34602661
87346098
59621175
11188911
29991731
34747233
96805423
70389481
11725776
15582438
38187423
69577261
62492287
15726296
67178136
44360605
39103685
4385432
78030313
54071688
73075496
8273851
46055018
30577305
19072903
4576369
606882
77447521
99596043
19358800
14768701
37450579
80412204
65231433
20628743
29242388
8645312
2070618
94726961
95623097
4484777
14289300
93772378
15404782
54914678
55035133
53406523
9085493
45436576
43150476
92522219
46761742
75808097
24100384
11146336
38218802
32889507
66182924
89360449
40517939
82190340
2763432
68116519
39431398
59772346
94568281
69592518
39164287
45302485
2671331
18338243
58231647
2613035
79264011
74987004
76498024
1082103
1417740
97647758
8876986
72025401
69805110
43338615
6540419
54945490
73919859
95103381
68845375
37674541
9526104
42108339
84868428
15792234
72677217
76647497
23400413
78783218
96080401
53796439
32228545
28555323
19934961
86417660
1885115
83057990
98632510
24119225
81920971
18815638
12232268
69195607
60986040
11544196
72356288
37982406
19157392
91149704
69143498
44643916
43274787
96559401
63297042
66911646
51159292
92920175
77312286
7379732
40726892
83330486
53315528
85805022
84669795
35482625
30085475
80956346
8464540
23539146
3825407
30057642
96490686
39066721
73641357
94082353
2762773
49888262
55163691
34998697
61978941
59022497
74185917
72670259
55691714
10381635
45631972
77289692
17254890
71893494
74298363
94847336
8645964
87732905
92405760
80288483
45741120
93726961
435382
76503841
45939154
79703089
7558333
85870980
71249093
60557812
67483252
15878510
29643694
99476923
28095542
35338858
16702801
3399267
22687859
40711305
36157593
65745514
1146568
790334
97905259
38468676
97560874
61765080
48602448
9793044
24046707
6362285
53640784
65619305
94840742
83078786
56322567
13585179
54246716
62602355
68918400
9027778
18638053
49790788
73537422
83596352
77151794
9640778
51752542
66110729
13847690
63511365
64499263
50919944
50934005
49332684
95879727
32069384
10365248
17358627
81815336
1006774
66630176
43441074
80112555
37691935
61814651
26345834
92039265
17084889
99269054
39397984
16264020
35859210
22224472
41614955
7997077
42136169
114511
20860777
39573664
57028650
59172251
85691959
15846991
11434995
35489147
38841723
72502694
88136229
35712608
24118358
44435557
29082465
5521190
89987033
12671554
7968507
2001188
92082255
64893620
98722885
6452075
38771429
88641402
13634792
92248830
56774794
21016679
28612361
38423868
86832264
92457005
61472012
44720543
1421799
29628104
93617176
64894395
11474697
78601882
30295917
73546691
11420830
89583097
79155590
6868158
12478449
59052310
74643629
60700104
20969791
85161221
90718713
79420996
59540354
20266578
48412703
3162966
51432899
92784834
74958250
60029091
32677372
657298
41660698
89485172
7122773
77404222
67004242
46459522
25704216
47233785
61667977
50376369
82736749
40037997
90165942
85002702
7817630
99599525
15257055
16850137
38023953
9358691
58541894
88183545
29747783
33284647
82267719
71260220
20042909
31338171
18484284
54445846
412431
69259791
67973328
66520385
47542787
36693674
96266292
45945423
10837843
43941929
4374542
88498586
80755350
65977349
54577807
2119201
9056400
69979454
21846526
84260264
4108952
21962842
88520515
2272866
60818258
273775
43160196
18813429
6102509
20144512
83507181
15162095
71428499
47918965
20253245
84048650
99770065
44392842
86835849
18355284
59419541
78408188
61011316
16570298
66994523
99585097
34194239
92649382
51687330
68962657
24534849
93959612
54598301
20027259
87895335
37321717
52509226
18253555
34378782
32690169
91441000
50787477
16891360
35398815
8670096
14092504
62361539
14028142
95845030
57885538
71060875
90465573
76666833
15785221
7825202
73099322
17444990
49901553
50358437
84668495
47677696
57181808
33480841
8578395
75770404
81270364
89123115
55554312
87356512
15008540
36396464
96793052
31517603
5889294
11940465
21080580
42792839
27696305
10493329
66789748
49940709
67522625
65826792
23460635
92501547
12084322
56826710
81981801
2614065
65827130
84921034
34632709
1368251
11832709
82584925
9578617
66207668
23086156
58505551
13389286
24172354
8096988
10138903
61269739
5825794
83523246
49535256
16722804
54950228
95442012
60089182
98172078
8813744
64574459
913896
37202816
11707630
90458647
73684816
43324498
85742341
99621317
85551717
56922657
56214683
53612512
5916234
41334256
23376975
92164568
8746102
19084694
10560628
83318368
56058015
94908714
70169847
67236683
50540945
16522403
97809657
26866061
481588
76142520
81565753
72034747
89725329
56876614
1894190
6000293
47844078
63857779
55291319
26007043
22501976
1412593
36928021
72369973
78789265
90518273
49080887
90389283
72198778
21178591
54129273
8277039
55662287
69620949
78899871
19460266
68796346
62891826
38149316
60143461
40639948
19710677
20411460
65182649
51629513
4699921
71160388
31663308
46368683
41706958
29288413
88048616
83100232
76288377
60274212
2059874
92927074
3958493
64004964
15016522
94366179
47426896
57942063
18677514
48610819
35458379
9516311
52669893
69091094
37275653
78279926
82458799
49865867
35953109
17056356
78691054
44926732
85357261
74911513
71591131
1701439
27788071
9338409
75852789
41172750
49061728
3165880
6326870
71823244
91089747
76632192
84326147
1265963
74707866
48335665
5760634
45404337
75094085
69865195
12485770
77551320
27139543
28223998
74892294
71080789
34280217
38870779
85107730
13405088
72639748
22629057
26422270
64753930
82890291
52323078
21918118
81825852
72941564
40790184
76159125
71883124
78911613
18719604
11266452
66972867
68688980
80250330
12375530
54964919
69803096
87388187
61825737
40373276
65606144
34309524
32088635
9064869
49028135
28326539
83384523
36376791
21899149
46233138
33692764
15962035
95244723
53578428
47825134
85290720
59243455
31369514
38963054
37230091
98115871
35940667
59370797
37433451
46626865
94018547
21572722
28894156
37847531
48808829
49494725
97345724
52264949
85876055
38226786
77451019
40360804
77338468
29227438
27766103
18568215
96735610
11228429
21567727
17970724
68418483
20693063
241148
72647383
46034070
85226427
57520141
72458125
69134882
42228053
73296757
47252033
55231816
71876552
37350289
49090254
87058822
36923384
56332714
41603565
58407192
49285142
36160599
69404168
27107143
82418378
28264249
74116936
14268894
19524544
1617337
41864076
14026817
89162315
70030213
55795498
17372130
70318485
58466491
62417480
92638585
48243414
40035108
35462035
22777842
86961208
62056236
84264906
98146225
98730244
14664822
35944122
62686219
66676662
7530297
6128216
80885511
10785472
31544497
32411880
24308003
55978695
82673243
12963095
45278047
68979121
11851466
555194
44638087
53427963
47743332
97693020
70053592
14441464
25422661
42202456
67762817
29995011
21906537
71910632
69729825
17999795
9445016
53289663
81709423
31580644
36513180
3396745
96625266
25873517
89400493
65537865
76429170
56552563
36642084
1675585
96056296
77244435
18062175
54310666
10742462
66588533
98460149
31725740
96854358
72831445
50909837
23246540
62082031
55800629
95641369
54367271
37154709
58574647
36669236
9116433
95360395
41338705
34528472
82295798
3619833
38366648
84764327
25605512
78300475
11765692
76736372
45494536
43105472
37159022
44481629
88464417
10325544
33046574
47446544
89024838
77758869
31512065
12322826
42555166
34040254
43771272
33315787
53823348
12588023
25319158
4953456
4040269
26873683
34047764
14358164
4129479
57027042
51925291
20841464
66973239
64400744
56517287
51614293
1022316
95487547
78685771
62376469
17155908
16936948
72909519
25376781
86951025
64235621
79426292
52685343
35613106
91363571
63979428
41703131
17596243
941009
35748336
32022225
19703913
29812896
53360417
63822671
81603031
5680141
58882445
61869523
41826485
16932178
99884250
53954222
34906166
32629454
95689952
14960995
88866842
28655900
24680280
26705649
37783034
18181451
92168090
32490069
92895197
34876567
76166939
24234267
12538223
11238825
13791224
53527492
41809690
99323248
57103528
94032220
29586155
3521937
22664697
50332576
21000337
80555016
64586983
39985435
82432666
97602534
10713585
52200659
69265141
91547377
42816750
21436045
2308825
28256311
28911621
77288699
65056828
35784108
22599052
22073271
5197547
12353213
55427541
20857647
32995183
25646461
76869442
14981543
93295633
564103
82160591
46237722
45317697
39483417
33977995
71443861
79483038
99597681
82298792
57370751
85298578
21413462
98479392
88594498
12562101
5407282
12277827
69947819
99228494
19784653
30225654
72132450
29444381
62171399
33246451
9742115
25568046
17512965
11775332
59947743
54959476
48931858
95363649
5476315
41408736
67987484
18067685
6872420
57916245
99809997
1945399
76082863
62045715
87478386
17952438
6645729
77837019
33235064
59303121
21024262
28678276
79377724
55271901
52467742
89155545
18689045
49756637
73666606
310593
2608823
77578574
9742488
76816736
41197922
56410765
25219808
85811972
25689903
90875927
7823538
80532605
93358715
5029190
87398289
9197963
44964576
83683460
77554100
73835377
86884094
47828099
77111621
81294377
51465188
95987246
61232259
99794502
10776352
44277016
69805052
39388508
53907590
97974570
12710776
68637254
3602054
56242095
57565692
35067771
708556
37312421
40807863
32077165
58223894
84413794
82908006
31721818
46602523
28072070
32657604
79135860
97350155
28355290
194004
45127173
83387550
16732474
28562837
80531108
49363743
8430797
77648336
11856678
27448490
95571457
9437808
60200610
90685940
39721849
92374408
38379825
81219985
9891423
62068084
39304611
70645264
9711593
20103260
73898936
20726627
1347825
34557395
2441366
95882416
61715614
9763158
7988937
41908985
21141056
74667536
85478648
93955868
27276247
26250732
70152355
8505894
75396718
99836811
88596752
28084139
46451876
53030186
99902376
68456045
32767092
58527756
12903030
36776209
2689637
81567252
49242307
80529153
80428638
37737520
27051248
33519083
25339059
95933452
51042937
56209881
47541142
91864939
29126629
95113657
70981731
64126678
30545784
21574478
72623891
83366750
84300103
58523678
81476927
95228432
69593685
33412914
84161957
64634517
84844959
6221535
63461068
76494252
95408355
35074236
52974682
42724013
56102847
57742437
39725993
5645470
28684030
93563595
35535487
42341209
79644086
29530561
2459501
94337426
2786526
4285564
43909554
3481111
81299311
46795103
53424507
40186413
83269095
76908237
87795159
9686108
49501643
92456557
17814262
35276040
39498273
92448139
13081470
88306012
92383142
30891258
37372864
26824765
18703902
51610529
97681768
38186322
40142990
81850283
94417301
65904637
6457995
36580228
42350288
32302692
73709999
64396544
45350227
2634079
12704548
13518903
89792356
55679398
51821941
51529188
49359296
31205656
29092100
68045301
84349624
43022391
78900052
10535414
33518383
70285144
96304081
88138459
64078020
24031259
12440307
58360453
37660135
67674562
86420346
4880349
8673850
38699285
87656110
5001541
60385969
23668849
55365033
82380867
9343221
28977739
67483872
58408850
42030558
94363382
12389826
52000020
47659344
13818966
90727550
81222463
38611291
63502947
27161651
7216548
39162655
41761023
52341538
97751446
21658112
368814
59639892
32874161
62724026
15107202
37295569
24219019
42313186
9758374
3729746
20003739
7508620
25630781
41107012
35830824
14690654
38787566
13268776
99660648
33040467
87824669
86801055
30949784
91138411
12761731
5646662
37059268
59952823
44869296
39843313
34882234
24744745
86725682
66299606
96190051
42584884
3561404
77340689
27712517
17528310
59711227
36274199
99383733
65335646
77777743
25603000
49034340
84084592
96053642
68366821
5251745
64499715
92416898
95350360
21300458
60241971
1044556
11864649
34541939
26557535
56159661
55800630
7157058
44349443
58725579
35407743
81554820
643924
4072597
7743873
60853076
80993691
24752870
10011667
87015528
56905671
65423197
52449519
84694716
52286291
84078181
1460769
572773
56999191
1695929
53553010
47234066
34424825
34181493
45027275
95839993
96362570
70280281
68438836
55291136
97806015
67655139
14053268
77521877
94832605
73301473
63969994
84167203
17389683
96450579
48065526
27800754
631554
52330842
26248989
60510249
15454006
22155804
93486110
68491669
85235762
78371474
8346794
48062780
70090037
57953655
15799188
99920187
99399357
40727145
20546018
96260625
82428102
91728021
84454010
40966300
55989490
15409703
27376523
93851183
73960069
50570038
96775518
31180325
10477146
12430212
95002457
31950182
74690309
57923552
73918009
74228177
3950428
57382232
22387253
31461096
1001220
86404758
99609557
79118900
94564637
77557828
41690096
29336318
55200669
18096620
8897215
60750269
77893794
55247341
70432681
46163334
75464169
61042967
61483321
12332804
85861569
2557862
9251313
53585127
79761063
39027048
87834208
55166619
26568545
62833726
36888605
46719129
1904094
90333363
57190067
47345323
82220527
12471062
65224429
84152603
64026788
51461786
59155514
95037774
64983160
97744521
27141367
22341678
24607674
70307570
72288864
19137283
75127903
67188634
78917707
4172253
940841
84165828
69555460
58141715
9215814
80263144
4669918
62331569
41646384
78293955
67940056
29347645
54638169
90386262
79164014
18124128
88621046
69093642
7526946
81614
43047523
95991449
65870159
66772580
16291644
57879928
31275023
31753025
55907477
81296413
96354072
81783574
70834518
76860246
89712637
27914157
39869150
69635278
51606948
6744680
28208982
24822974
30573189
58917978
11379916
87604018
89082140
9915470
99886020
63149606
95868490
48301081
59933526
8724084
2956913
72057285
67646848
96983708
26848449
57952067
29076064
26926879
68303611
80226762
15081980
94525608
78210684
55552062
10757674
47522868
94477665
4438145
80186338
90821006
29329481
5813886
58922716
41249546
19596431
76687209
86919987
85493283
88970991
50570923
5835380
21568523
74251130
15194103
87356581
61653188
5051225
44971651
64710023
64438992
64932074
32625440
10290885
57408231
6709338
56877504
2380131
36807793
67413965
30114044
26189688
74638653
98311783
54372088
35273422
98413374
23384713
99048977
38901935
13968722
72857623
9753702
9913646
18779200
11928287
79216354
6177734
80706355
62137588
42774222
29472811
61811851
12246552
46077116
15906618
96438340
4324324
29946366
89161327
5391180
74411670
70799415
57769476
96916347
41567730
97967696
99345460
47769639
47790341
54153480
82348522
37387917
3293818
76473410
80566532
8110264
76500041
87964301
48906353
14661571
98427059
69054374
17011018
23838868
78004746
99309746
43181508
58728180
7688900
26472056
24707502
49331453
8082705
2233987
48156587
30340298
56425135
22631404
98711324
68857582
61055119
71747404
48891453
44720341
57069967
31539748
92478083
50816347
99565936
28128348
86124965
83520216
37358736
88498207
4397193
57848763
13036360
75908956
4159696
97110742
9456960
6476621
25495410
9924143
97356754
45663982
83255193
12684118
4919864
29085693
31546050
48258307
40678666
58779097
18646659
78496031
93987042
83285835
68295314
34681769
9334297
14016740
19899831
87079256
87097920
40120524
99874519
61150803
24536306
77159258
33484031
61904809
38899752
9087136
48295993
29102809
69201175
96768129
2317909
79411319
55379832
5370120
92866460
59648946
20591763
572
30499944
25381983
51796670
70837046
93186056
97689004
66309557
77117042
34425181
21520373
28300357
64771291
64648600
36157895
27789955
38293838
41272172
52772190
68551173
74495002
72942143
37901961
87235890
61889574
5908254
49155756
39741915
31662613
61861856
10109493
40001563
73082736
72846442
76301509
96662275
34421433
44938498
81904395
26522127
25349153
58347926
52975683
11603647
73712756
67779201
63497922
30131916
39800961
72511873
83528715
59688051
30808176
79466228
83798430
71216853
55111558
93585169
57183126
43124839
64293349
41733716
21512847
85186803
94047816
24476338
15492806
52166119
59099319
11465506
70210371
29381306
16248294
38945921
54318791
57737024
25068656
52296641
56885205
63343727
9719883
37752445
65498746
92836498
36224707
14793368
88399783
6606545
86937997
30902600
91480045
76504144
33601058
78360489
6753465
15594140
61093839
66472328
60842127
62819045
37704117
38495838
68684159
78206809
3025923
67961095
346328
27071278
15394385
13447033
76085847
32072577
80054894
20157300
55669972
43425910
9136375
26656101
9041372
68370221
79014863
26586425
76742536
25237508
61011335
83818997
32132349
81236313
88827703
51802311
24732141
30046113
37520141
35404139
87846420
10370971
73111292
6966448
7952085
86427914
73957269
14036937
3537900
77927648
19395512
46173754
28222414
26925867
2894531
45125425
16149350
55025596
86109715
52178693
86456357
66893477
63511931
55448863
65661818
64489474
47683891
99000447
36643480
53168415
32211867
97532569
3322751
51787705
8195135
83183030
59590516
60724523
77073895
49910597
89618682
15916521
10009429
77891877
7072093
55806135
26344452
69397334
70675388
40546007
62044633
48132245
56092487
62147154
7052688
8037697
75246352
75393698
17055574
37672641
38100879
2851633
46814183
15756887
90492572
68830888
95795051
9031353
35985906
4671558
60026271
2971260
56759120
40413049
44304552
34982283
34775367
90263235
8706065
69256495
30308175
75456825
81191423
49041686
37872550
57319372
49501812
34819364
27873071
4896595
6660478
69908979
18676452
28434358
98094585
4314145
48435544
67446290
54220537
53300720
81851293
35088030
45581430
49246042
68939930
79940295
90175975
88547033
88625626
86499991
84702731
88456253
19542208
59738123
35380289
11669788
44695233
38632344
65621172
78681052
66009657
308456
33239237
1218267
81692085
47013920
66212032
10749512
91111800
15418030
31575653
91865354
29595228
5009094
35095280
2937422
21091280
29739547
25672546
52280141
38735523
47708876
80964360
46522601
58183299
47989312
42925000
99553484
61844346
14018998
61484052
95467217
90935203
16427926
32362952
1317197
93806414
55646634
44368161
83212887
30761563
65869701
10388089
28291391
90780087
26130144
25411459
20998202
2802795
19838593
30230413
6346249
29875190
39609504
26541623
38060042
97789190
6590686
59906604
19390595
19581700
94120564
67374189
89724509
49534388
65650637
82778560
96507357
48651411
84273613
85366240
56909700
8241895
65221436
18692235
19043748
83671184
55112950
85176603
13590543
37280437
70254231
33226929
69491549
38870882
87926765
7857902
7879936
44957485
92279652
49860723
51768796
79499140
24234441
50282531
78671693
7479017
84253965
24274857
48849371
4328784
74581105
45929390
54866594
58240694
46343387
87927487
17526612
63966051
70674661
67422270
36050814
30693017
88181168
25991974
53513387
4391931
35013378
25935116
17944632
40961323
66760464
73197752
68188504
84631280
32675781
7289005
65198590
21713172
35973342
62000159
66526772
97278608
24597332
59349598
39882929
66914268
83504994
49080058
12439498
73448422
22445186
59703112
41399485
65377264
92517811
7040405
75347752
32418898
6563667
55890741
74920160
54193838
25488655
98159686
46529452
81709805
50738199
43428808
34768188
46616118
80681849
11147560
78248978
6450338
80161524
24615525
30648975
50395682
78230971
56954945
2214580
38616742
92020658
81503863
24230322
11064809
2995082
19009695
22876862
20891726
73623288
15601488
2648247
66572389
31924002
53956137
58018166
697640
67355717
53393414
40518832
37320888
38763522
78388288
35316349
5725343
29160426
84574672
92085057
99367922
80807379
78859824
28421949
73426249
32454276
42251142
76497950
28471454
89022855
70168648
87229214
82772620
99301720
84797625
42954568
65201861
18707585
96067480
11028763
6140854
33609020
71268472
95192796
43105992
75203011
48098894
41690982
1035988
39455490
43033188
87943224
82536999
30868174
70874007
74493295
33271544
83472209
82448199
94521250
22467017
21604488
88016150
14641103
5682361
83978730
79066331
17031763
29055536
47228937
78908476
41070547
61370089
32463974
49620433
75638655
19958849
20672056
65893610
46188406
73355384
28514581
60570345
8955527
39043378
78431134
22946676
74751959
97109343
48412551
53221423
36675679
2797797
18444373
75894985
4342212
67584168
50174440
93243361
87771168
8342364
58587505
32084579
45551009
41062887
12323243
69429571
93658068
86059349
59554653
36658702
64956689
27165736
71887303
73632869
15016287
45674242
16979520
55488483
14686039
91503354
56050596
51905949
70999173
81126657
27658842
40300317
85519219
56973684
18405566
84718797
13496883
77212974
74668362
13633623
4745508
87499008
42812179
97132282
3325882
39076708
37884144
57798167
11556659
65349848
80315026
44440048
5880416
79338186
40642183
65456606
51724199
34759578
61871662
80762090
23117583
2134379
98950217
82245998
46035546
98218775
67740555
31521065
868980
1774922
47265308
24324578
90165039
41989569
76118353
21261075
35846517
37395790
91750684
66015624
94884323
29389906
47969381
80934454
25724115
18195057
67959494
50281828
48991303
36701577
54322176
5548636
61561261
98056395
6914764
2011675
23161562
9307604
84101314
19532416
70601588
20125511
89128554
4292150
42033132
75658981
2153155
63543172
57092843
55451161
84552199
21086748
96357199
615956
91683140
29228828
26676546
73691880
59806053
27401919
30373820
64897131
16234157
11820390
84553936
69974464
72775258
77283743
95209934
44201801
31974278
44015629
40943111
6602186
22857024
66507132
96233024
43521654
73047283
18638199
45461887
11851656
89923280
97560161
77687060
93256782
57682452
42487035
9453889
1232201
7145970
75470496
65124566
51448057
55273754
96601789
23466690
17064461
50238741
67113757
19478819
86867865
91738287
15564377
66853509
72250791
92840092
73494814
27013453
52485593
37160855
71550242
34923877
85499076
99476584
86456155
23104311
80574700
766723
96549015
31835391
40929688
99224158
25242862
94068650
14169082
38862885
32278127
32128416
90469147
84472783
78182118
52018386
48901598
71373154
14546803
95418177
44266344
60706076
4685702
95740077
33954073
41940824
48420232
70937644
50531554
43173486
65092681
4208515
64261788
11859097
90037488
24914219
19615249
9781913
25547035
20707927
21278888
86628936
33625590
90627557
61769902
7333893
53152080
61604350
5762796
16923479
14017048
31197662
80774516
73088108
43180386
36284314
40701413
94622206
82179754
53854964
32485728
70038875
1010904
54383551
3170020
94942355
43560362
14911742
71144182
38075646
11775827
37250446
97326281
28612311
57988497
38905570
30245633
19843712
69912172
96957813
18579731
35234264
51558849
42382157
92780048
84821446
71204141
22428843
25235610
2435144
94251744
97851672
30680919
93204687
83232967
84469281
59820163
44663833
66571815
57755283
4311703
17629209
65601741
57633608
53762157
24841346
67036820
84628280
53904474
79684206
49857505
73043084
69935272
53866231
15513254
67072082
5222785
59766243
73014560
8262440
12789008
68696411
20240377
73070495
65161018
19597765
86976964
42892139
89438979
58056582
64488142
54437029
39382764
8950284
75397300
73276878
73591778
4721203
82906487
14076404
78133987
33620887
51806180
3837320
32396706
67690263
27238602
20421915
37383518
80079005
76999053
15135864
1096376
54016466
75992943
39940030
84074788
84051082
43655237
85319163
91917161
69412212
5979312
88770385
83107167
19234407
86024581
1637472
61685828
91912996
78563276
73422147
81065371
85151787
18076631
52842066
77030741
30436235
30989359
45116534
35571080
46084238
42167314
7380924
58739435
99382515
82519899
44198413
93326365
71066152
40327141
7081463
9868275
61536468
8245483
5905627
45936636
67755294
4912933
50427990
8413890
3538482
38254261
28011139
63675462
90192717
10802014
11243593
34340488
27040422
69408873
72104636
52512392
21565520
60824530
50975013
14823765
99936328
59244885
76353906
81386816
4243143
47146448
17269928
93993307
16141722
23938199
53856191
90783771
98291500
78152979
28720947
42182626
51867544
42589524
73612656
29255123
58842632
48151854
66270901
75718490
24241653
51964985
58105658
83169179
82529361
17047131
47156882
415019
14045248
49811794
34218399
24226537
75578744
23600055
25762357
61308613
7022866
15269538
51678324
2989852
32544799
62832463
66794724
93362769
78946317
38590340
96366445
19592160
9461747
87400178
60664032
31004236
3137527
66191349
3706917
87673027
74179445
84429339
15805188
84696076
49632253
55415412
72265007
27180801
75425518
71711366
57767101
61161471
14508166
15221113
88685827
32240256
11522583
10710276
24339432
25050184
38868042
13153960
54297816
53640389
65906861
50028872
68217705
8283111
46760085
99637725
42953033
60713074
40211463
13041418
68021541
50211265
54138396
77731551
55345781
80216730
11046848
59596811
30475793
37788196
28769223
99201032
75225262
65627607
23287998
84205534
28557324
21182031
777503
73305623
20841446
89803891
8531995
77094910
35297372
9717627
99073700
58013737
64348100
99230441
73271316
32385112
13588609
1838574
84429320
53266442
2974601
98567477
63654346
74404575
3872588
50288593
91308735
86775103
31855499
44718889
43847748
84903178
51905671
17348025
79265174
86885614
23099168
32973092
55636814
15796118
7340905
19244823
69308337
94496719
67479791
88274299
33894990
49025471
60175315
4924874
43306044
57131499
96471828
48658937
98456998
20246856
58764323
8718770
92250576
17536985
24581042
65110275
83376677
67827782
45644406
47100226
68436737
68484466
44883555
31600032
95149692
8596262
84849759
8024843
59110174
65861455
37116666
46290387
30464422
31255652
647693
60161723
74519265
22850088
66667586
44604968
59207032
14586243
36541503
87318877
39739864
28126973
256534
56995793
88668691
55457919
98580919
77750331
41040229
68815501
88500947
70235451
2982679
44646937
87451997
99700055
73154311
89689843
77527854
48284401
45773529
50553195
69074134
41394807
38930903
9816671
3619079
49726133
29571003
71201316
6490937
40670694
72499403
68990409
75838271
58616326
53629055
63713829
82423628
25213335
56521282
70720086
5704177
5589841
94832199
90002627
12212814
57267030
67954817
16922472
62174610
17735850
17030001
88017557
8771520
19022011
36765259
12818010
49974991
26768414
87748815
42310058
19369446
66213197
72790721
56731298
51709216
85706499
14021062
23838868
69410523
94317340
35718805
15021732
69228604
3008268
2586697
43878436
4024921
53077840
89314392
29436536
15561244
87552065
77912551
28196294
52955995
40043141
82933467
30352813
47309246
72639205
22085857
53070034
50865336
29324595
68186337
93222903
74781907
86548709
21406758
40808923
61546380
70603178
25694664
40421730
73033527
27891676
78290194
95763488
82176375
71592565
33893035
5196668
62989515
51267379
86270504
86091778
78874202
68189096
45881575
75423749
50910365
91697379
97452523
28744247
76374738
60293574
43551380
34378175
27824354
34745814
7426935
73677860
59887303
63977776
10705786
82208348
61611068
33817679
89683896
84869073
19736889
28525894
85478476
92065195
27257021
83862725
60884506
19064223
4604629
54555307
5370761
66305003
20971519
4190732
32979523
81742195
73402606
30679686
55596188
41231414
10979524
22801100
57481659
24258174
36387307
80718594
94317052
90998527
63011030
89825321
21456070
21099024
63661716
7424834
47263912
968414
63215691
81695743
4080566
51294393
48586555
33181526
9253422
65279279
44236755
22364399
20232385
28393803
61685442
8416227
27591905
63637185
74286427
80940651
23706519
34357782
6909020
40553747
10145857
39957135
6057274
22551236
40185668
78503228
28902866
84430670
53575675
75004909
49751954
94710015
73982622
2027737
74004360
10659473
1559350
61208090
31639792
20756293
52862008
21717172
8574433
76372837
81745062
9784694
69424031
23783464
82023241
54256758
3384826
6164128
52752242
31071559
76346835
77051656
15915806
65378287
52006917
94981643
26194624
36335146
20292508
44035717
61172040
96327437
11267237
329086
12665452
65805786
25889389
25609601
76051869
58430713
42341711
86211644
50588383
45502183
52128626
92476966
84333357
68289902
31128377
21188015
59611770
9784595
2420402
37316125
94521915
34059428
20259784
26060352
20427270
47559396
43128150
76775362
34807954
99364102
43601658
99834674
70800022
46833910
98879392
82124413
26434832
75188092
43081356
78848855
223678
75050586
31753791
13491061
46052996
48882636
59272284
7930402
91910221
80706817
1859842
4302363
40452659
81582283
31264442
13704380
83503675
99570539
5631949
11624352
96648523
32141922
42039164
4880484
2142409
55011574
25112078
31849213
99478855
95903605
39492005
48078250
49698329
47316744
33332854
1263712
69450604
72463649
34429095
46362470
82620022
96330190
38694481
53318707
97554820
72948358
98261145
83714285
83764208
76381066
71325113
70639123
7951362
16669318
64439113
26575543
88398895
61956951
54412915
80047482
61310524
80486761
43437452
31322368
9914681
68861674
57212104
79019228
36830993
70171563
62674251
79145378
42878489
9755991
68269167
5963962
12681554
23705807
18422178
13057116
85398930
48720653
85973649
39098570
43141143
55072032
96345925
62176327
1107725
84584641
28060413
33578732
51860197
57001097
75038392
52515802
10734821
67898570
86170266
83857706
91062302
13418262
86923598
67937308
13798428
119972
17856615
28315472
16171541
44702043
85684013
52942061
79731491
55519924
82451563
70146318
26475952
99143870
52013354
25432959
95731716
85590955
52820875
25703980
78456007
37403119
63280726
29529044
71637570
17247046
98576821
45055113
85665139
88008680
73886454
37461710
64932785
61609237
13293185
17460577
76910460
1396080
25592032
13576065
1674871
19395424
16800067
21288407
72542060
9285354
21401038
35720239
35117253
78388739
89670921
77180971
76638381
11777708
17531314
89263566
89597452
97100262
26915833
37625912
32539925
92372233
55245233
58105405
63030534
7895562
94802988
50878173
69249458
9462108
45988632
80872046
70802727
3757451
12143805
40904368
70404296
34304062
8554978
39658156
75373084
59603274
37147360
65954799
86156788
40960327
43128439
32878297
55052781
58376857
91617082
25394356
51452762
2897900
64749195
60526403
5827759
79588466
3747964
10222260
48953932
41600711
33609879
27490444
6286087
62628556
26079834
94845309
14386506
49476717
5971648
47697975
55810756
38624699
53348656
53201087
38997971
82036011
79649621
24693421
53634086
21727553
81871660
9984878
96734145
69083410
4540531
35347127
34410154
50171584
20904320
14048741
25865958
66050314
47280643
19698265
25995788
65757284
18695312
37945966
64828811
42863269
17047680
1684799
76508544
91163939
87514577
99658055
71063434
44284379
44199771
55521831
17903366
60464642
79834675
62441105
88745084
50900130
5052822
44535882
6912994
36407990
15744554
60941080
30529906
56432528
81446435
87853575
8335692
12984170
59214641
84262589
91469516
63408829
99821937
19594975
957574
46934359
79954649
30006581
42687353
48601655
60528618
36197229
32274104
86227656
17041054
36375476
84168114
11716634
81315822
61580740
88353425
88426798
41362409
75256888
26001878
7387968
54760336
55480520
31935933
88286936
1015403
8520311
77821361
50057852
34245086
4143176
61585277
36365776
46859045
11960537
14170890
74949890
94238929
23538434
58024665
3344583
63104818
10780329
74315536
80489274
95297220
66198549
76737552
21257948
63100548
5717227
75831935
65986503
94383896
32301700
13613460
99313077
25414685
19539980
9578643
92469441
48763454
82298251
96339998
49837074
60485879
3429050
14984846
83643550
19848656
1580808
4433137
91174312
61416221
6130271
96815315
47171807
76885334
6999310
31722004
58209249
2222010
15227511
97869424
37961661
83234386
61428189
74013791
50831054
13005670
21183336
57156627
81107861
64125761
94319430
94539823
47029434
75405126
63874750
23214914
86785171
79164741
36514922
23991721
34955858
72844208
18264229
45890807
58760955
47769033
34351618
36261082
98271445
99814200
95389247
10674078
50240120
65377744
98357218
59933120
7014103
64847703
10654480
55698793
26991460
92514594
6412008
73775628
67143566
65107926
64484224
44668796
75535142
36717727
65772898
75205965
20405555
98831393
74338881
21168101
52596613
87606713
87127675
63007450
86002515
39412792
45727143
79916560
2468560
55160158
51023070
84723799
74122205
1880668
52526503
65420098
38054421
51620110
32999981
1932385
99870992
9234412
33910780
4008648
53624985
29973986
71267967
27492903
94652044
96820132
50146268
84328078
7149077
83117239
40626228
51692877
28867846
9104040
44024498
63010010
53310110
90428771
91503978
69148843
76392728
40349018
65523240
98500834
83044319
60244369
9056764
96788847
39981855
67247201
78756471
9121253
12902558
98122749
48404330
43943963
64414376
4588914
97580103
95414078
72808343
57945548
81195089
12709411
64030279
32255035
17803193
26684454
72660062
73789741
90466964
45070210
85830873
22193503
98652591
38689116
3871507
17744112
54145613
37384852
4155049
55449411
12748013
7406000
65621883
15175615
66651048
80160646
2766105
87249735
82442170
93955709
20120594
66001326
38063637
17770114
37317852
2593632
46425099
70699728
52016446
98320510
95775558
93022223
70646139
85256286
56856802
91058552
26022064
50024192
97467580
68123454
11611002
5251124
85665524
31789769
92680867
16043793
12036823
79634163
21774737
35869212
44103103
73671270
35423086
75106343
96329522
42534558
63260733
63381615
87250980
52634003
8536570
36399488
45266636
97350187
4798545
87280688
61488813
16008291
40903980
54054872
78860896
26804083
35485121
93488623
26919623
21542536
63658440
72757663
31047342
15198131
33948255
61859591
28214555
67690752
75250202
11570581
50899234
23542539
11670608
27592389
19992291
73322998
8166777
85897638
52476431
73854822
93078889
25720678
10722658
64969298
51300876
72658293
10779856
98834794
88388071
61786911
34609688
3530391
18328085
87242419
32244151
57496144
43380006
33380048
90968614
32105242
62033696
43601252
14055809
82700478
47283145
86033348
85336937
15390364
7744143
67326545
80216588
25756754
10994558
58770924
76218281
11453034
40421278
98478309
10628553
28741489
47758642
71024646
5459342
94162951
78101947
34135598
9517135
37299809
75148258
74939427
46866216
64761084
52056970
28371351
82843348
27498963
69497285
5054540
26005451
77281305
51626035
40479006
38832422
73382308
18828076
62240398
47093447
29934035
23186376
78487787
68877693
30540217
49533776
29334559
45242217
98365322
19180949
69371721
34265265
58510944
12556281
77296294
58977489
87211830
94333803
87498099
57722349
7868510
41141186
77039254
19965117
54917273
5702799
49496140
73471205
56589530
29247564
79434992
17721814
94741777
91554074
40602671
75438037
8946020
15680248
66189273
86689162
64376715
68757582
29852146
26650506
15347567
26331344
91478548
62901433
67712815
73396697
49199042
83738473
73336853
10177730
71545827
41803195
79531783
7407418
65974721
90642012
35191095
67709575
96528824
66978113
53200608
28383181
86500743
70034415
94152954
38718851
79659827
32969081
53938158
72779576
57564849
26097802
61735464
74380013
62885200
90516227
58919680
14213718
60671732
95308724
43518309
49158741
56704770
95485172
37436106
56875930
78942526
81037962
42460595
90236146
48510550
37861404
26213131
38159987
27701659
75508007
39414041
50874999
53416296
91078019
64610543
98447
58124906
98056531
61545523
13426818
56891606
70712618
91198447
43925068
59142194
33125798
4297388
14559023
88163433
61829025
93023773
61302846
36283264
26862259
21925366
80845313
87384468
90744156
46449220
17438269
78984410
92931216
59711235
58856615
74107365
36937756
67828406
16330079
57693763
8366581
87673529
17810470
38175489
85402639
34570681
25735216
97975928
55597744
90120220
86046938
63758626
44784464
8414408
43063412
85558868
50710719
83787195
43326284
26072443
25108698
19835729
93420527
76992360
42313651
45593483
57672670
86416031
35798820
299944
78104985
27249917
44650359
42474940
77144500
65704610
94036758
36389563
3752337
65308322
4375487
28228261
49903422
35384504
61293931
33898265
57501361
54013236
16378322
56979876
84143463
8356902
7519638
96756627
75844563
90339224
54999228
25061865
65521680
65490903
99769917
82092021
22796457
70391225
84633023
45426720
28589809
21962463
73161324
62835894
78527107
50334044
37308134
47934955
70269376
73778687
62844158
78448225
17057546
24526854
46120438
19974064
40832068
25746873
20508554
558808
37734397
94928456
75447450
58036941
63696308
56063830
20866680
21306068
2849241
76297411
81051647
29867606
98470807
35142718
37913461
66913883
94752094
63046055
77457488
48566666
40010318
65311412
91933025
4658486
9497311
58122090
57258452
6696834
84128487
40907567
41435291
17348236
18386024
37608340
7377264
55738138
75875202
32523635
8983935
40854181
81677567
2758761
77550822
87639043
91051121
55040555
72462578
81648431
88665785
40771427
39710374
9207999
65341856
17511342
27227655
75829555
13577913
10800233
11225458
93111342
4268116
35364843
68866238
48336223
25880877
40394286
86752516
12355071
75050484
75080000
37040058
23070087
31365108
19802937
30411282
77539756
80757905
79807579
35793805
6802727
14893620
93216130
70286524
18630960
86261352
64676164
79021646
20205786
30856247
85534645
43154786
41237026
1001525
60281390
49827557
65377711
27001097
5678120
48189723
52149149
90959810
54022275
616287
70258750
78077683
14658054
69666027
57273196
89670947
6576362
77531164
72831956
33327534
11612530
36127204
84290725
1814663
47383586
46146891
69983792
79526986
24173914
80569776
74189511
3851577
41764246
34873922
19665616
7359239
35468698
78379287
96983820
64338396
63010830
10818973
54870062
92533512
53334591
156117
8971009
92999314
3794370
8785590
87531503
57323874
94027661
7010309
57159309
45566551
55889077
74628613
83003198
55775136
40700656
61410551
55310533
55036764
38297264
42329666
46768349
29325128
652467
31862757
69511569
89323207
83929661
98002759
47981637
79095178
88700679
93968923
93517617
3086817
22237359
81325259
86798423
16169497
7909530
94952369
70477972
73917432
94616635
63720831
42723435
7621949
37990512
84032012
48295844
13147301
87581180
34317437
96286412
76171901
44095335
90426394
64714310
90478141
55700469
23943416
37267931
86284411
64836966
2136646
99206394
63917441
974414
57832531
35442383
67221594
74654963
51742876
60714028
16592695
48266674
26736287
65003128
2455550
2914329
48154934
25373781
32313555
75961252
77423414
3216350
26571218
52972095
59724305
82575708
33099078
23029268
24117577
78389768
51974684
98288204
20534973
77752246
63792788
27996661
84294827
44599961
39339790
18792337
602709
12559655
68425703
52580466
78298050
92027862
2857130
11232943
11794705
42651086
87443682
87149159
25492002
82177601
92724213
81139721
61776194
96511748
91169696
60918258
91229354
95569881
12529235
88229328
26625996
72338908
2598048
29346868
51708734
12001734
42713280
62687324
91181044
53160293
42969583
69055863
74573066
27953483
52085923
13800706
18635170
62882562
30712607
17751877
95476867
34747388
10436418
34631392
17363452
86578083
84733467
93654506
31589685
15409933
91109820
34673991
44586465
20532629
77758780
78022933
23753554
76669091
98039103
19676990
38855134
48565222
28319067
98309541
5567556
79035999
46227663
65384016
49332074
74699940
99778584
29992488
76835855
69238724
51417533
27351955
47357086
69324217
22054657
48355346
41926121
38609387
29609914
33265045
85659899
35123071
75459170
6592299
98087069
25173063
8028761
45918680
72518905
51706325
49811400
66596368
85441739
96087073
8587708
8235147
53987882
78082920
50416882
23540095
6901959
43239597
42160126
26308347
93028720
38992739
48178056
11509165
77225091
42444115
96726410
22855399
23824875
21421193
40251802
6430479
20725393
36624559
28916808
40939515
79983263
32112558
8719291
28447460
43464397
75800692
5435644
1301922
2624145
20852837
87659215
30015262
71105095
2017610
86459348
52847934
51175020
16159669
43655463
7688942
69552928
48818213
74268164
34806816
57195239
31035703
95672530
69738341
94121
99999228
22733105
4174454
82478871
75293241
50946068
43762497
94982894
2990991
84693474
86776718
22350729
57982963
25226156
6773778
79821769
79533550
89706061
24710666
24071931
18690188
6397151
24839827
82795416
8764615
88095062
32019358
14593037
38351946
94406325
81040319
76989513
40387057
18605468
7111657
10055808
43795338
27952951
47620050
66413884
11393851
67375064
39164975
95407085
18546567
86722514
30669896
45521895
49640822
89084238
21334842
16667373
2686824
97498254
377948
7216492
35955057
57825407
16012052
79303100
81660820
8853343
76940069
37858401
2173222
93482081
92951854
61004782
8177242
29857564
99519756
39868389
32449910
90217591
3667222
11775159
17637746
6641587
40929608
93901112
75648948
18520958
21183693
30824790
78447117
80835064
95322301
47714389
16243255
61819251
81981617
44440986
50242919
42569392
8497266
26714395
25823282
42707497
29290915
13949405
42540454
5523354
53087816
46934536
20215383
51267547
53070786
10465225
77403669
35497981
26852633
31275336
16194019
17634238
93956337
28657034
57578886
46767245
86301810
16335908
52932429
74690078
68087416
11328124
50074308
83949148
22448548
69344501
37803754
90403865
48727592
47385521
96237393
72597253
70716320
75859387
83263219
22334161
45418879
39457839
51229493
44064719
6754394
79737860
87531176
19706527
17540107
66252183
19498334
27533268
11823054
87390265
59683546
52651598
31837630
1559561
15875873
26008367
62800866
16001239
41281105
29031477
72788813
9657752
49911208
12857320
44993195
94820189
46755086
38606047
6787671
79305541
745389
18893295
56411499
51908281
20988193
87715189
69100227
55390299
21631546
20425450
20238704
7260829
96126535
22301839
70989334
75128469
5705694
26066863
46245404
84435936
23288414
51472788
56610890
96444999
98531709
18129796
5608325
89769412
42343603
88454148
75061729
90120157
68848669
93117885
11476389
61071955
11632728
95497878
85347226
25665290
73847026
31908512
77120329
179399
56635797
67036762
855714
2629225
6256709
67391726
39859105
84384006
23554859
39725895
12673973
21009750
31927869
77055477
81024170
45082446
22150712
22806942
14796032
91764384
69334276
13826367
81774288
56660698
37485792
57690499
65043896
70062538
16494316
53118762
30400178
87880351
99217544
99072433
30536351
59673915
91494697
68729201
67134388
26574995
44452422
60710541
15376025
38496672
95831796
78061241
25872275
8236901
36575629
40299481
98050832
96435585
50824479
91105069
24069527
18834218
72042935
98702188
19853008
41407177
95972358
3703949
77618374
80017837
42669581
14002871
27145167
7744446
35697132
93308112
36735156
29950094
57945714
13524886
38520889
84733748
87005588
94017813
39866318
93295950
62988033
56900857
64998751
69382737
31045963
97664152
417088
81850001
94001629
16128189
5066187
34331833
70894254
61381589
2357863
33469895
37112392
33043071
2476309
42623775
96809919
78850994
70307666
66123692
69456885
74522437
86817260
75441273
49599361
94851157
37896502
36905900
90978079
85959364
44449070
87976622
71632786
90233620
54488463
52165853
67129431
15229176
82819156
46559571
58972155
7876861
244245
73274746
80356731
94603604
87194608
10773683
96610954
66749222
61823049
96312280
78039237
17472973
78524937
20360830
23225842
36040002
32772444
66988100
9990313
41255176
17981606
97265394
7325517
5388894
23358967
36012625
33430887
3857100
72794705
66670606
47068637
2986720
59382033
23746246
77358467
46516971
45518321
2550862
74994324
74717614
54078699
23091538
19061553
79981946
68965971
44725100
51224127
20274662
92076
41706404
61080665
887616
36135872
58617760
47855491
11696285
27807041
66779010
86364116
38276957
49138424
80037137
5627520
55083872
8875441
23680317
66968642
50393584
54625054
61120066
30867668
70233543
39711589
65232202
12731904
14862002
46438408
90670005
15833642
31468097
69193076
92347881
93650025
87136991
51917793
84243251
29314367
26685566
61748111
19395891
11765081
43565096
66907963
54531760
95981123
82164157
47680081
74376331
70145648
72312154
72099443
44363617
77000463
62403742
14184301
73365664
66051106
47215267
75710245
6141200
31631757
21839332
49081904
14827489
95635628
83080672
23197007
7482392
35439056
36122963
56838123
51797999
69276832
74813725
27676429
45466977
36769976
25230879
73076887
71154097
39526580
65890800
28364588
46774784
55096550
94004063
18122007
1462706
76811359
75511767
49260652
58466799
71526403
74063090
81471663
11262777
80061935
68757932
55745751
39464604
51759884
96556449
40200975
64658618
2695461
22908241
3543551
56654337
62838850
90452736
91811111
94937669
8397286
18865819
35706334
1474299
73386462
3995860
66030484
12890475
28400073
9233331
13628897
62831978
5847342
46329197
90045901
4105204
89210094
87941912
11713975
88954726
54183933
52787794
15265560
62681407
58342722
77501582
19130844
3712778
12568488
30643822
81130844
7177087
11603376
22546589
96332020
30090936
25529883
8172643
37149094
25010482
54304858
71973984
77476352
74881005
99345564
91385615
42098611
5507607
37062307
61296736
96718100
80052952
74679528
24428246
28399386
70622773
41218575
79719934
93874463
80658718
39003826
58590982
29946059
48753971
9348246
44853383
96234383
35490200
75524854
53857335
22687847
86363902
22522802
20207001
16693865
63079031
92614356
41459842
69207828
19694852
32081174
66455985
23907753
87861783
6453221
82302704
83432584
5840303
59882178
15414939
2172964
46961977
25631840
7215421
93593017
80050676
8628398
76021025
7927169
30885662
1685282
86830369
41239829
14214970
96827443
86528554
51230262
61758386
4733793
5038235
65112240
21358384
21645439
24460351
15510820
61685458
85535480
81145927
46339897
75208576
62222579
60316226
45622365
86639495
72699758
29997955
33746160
78815193
61330024
52434179
68050891
23416342
22284407
88089135
86487533
5511199
31567038
9176307
98591702
17682723
61627788
64837027
48799162
25877498
25811679
87578820
96454554
40044996
86291668
23570371
60125069
80980917
16017975
8549555
36621570
43635720
47038461
71698146
68329087
58864600
20460218
52906838
22602141
73174425
36141987
41720478
4959685
22543411
34976297
54899816
25314819
47281968
63963223
99245055
23259374
78359562
18603426
60337780
65691373
10402471
85519775
39471903
4715883
35603793
92474131
58802905
69288607
97458962
8574173
91005410
38074360
37053984
68946319
69761704
18469375
2733118
27188762
91925723
17222860
23583943
46531442
96406138
72499053
28766370
37162173
94869411
91557829
42286973
46629163
51297947
93855062
90889730
16527571
27961987
44913694
30187617
45431157
29829304
8922631
7841521
56183408
22574082
71465
60305905
56675624
41711061
6856850
80500261
1493494
29016300
92576070
49632497
99429123
17459724
27569526
34181850
99953432
77095363
42273442
35036958
17563642
43136900
77626671
54466956
4679530
83093427
32385986
44840052
85229332
25145583
51933904
10077008
74227214
2015926
8177720
9336837
27238097
55852735
52711645
31320078
29767382
29955189
14828602
92174104
39239011
34641963
56022885
10484358
16397961
19852722
85978767
40771696
31456852
49142304
26313377
72349478
39648774
5866915
28009631
94304022
47798377
24445283
1771597
11692729
88506098
41980197
42371035
72466999
24840111
4810906
23624085
2688058
88102196
4751127
83566661
53312597
21310486
9273674
16339765
52204227
68579941
3267445
26791506
62849954
60450918
41931261
75511686
73843456
76459697
93416969
37743272
86014331
81725145
80964828
26896210
39029888
64729905
37197965
79334235
21213051
3927998
82961542
32936980
41444753
78240649
15676946
89395904
7558126
73577194
14875957
39050227
31221236
83393746
84787445
14486398
69604555
37996102
61612710
74152920
51242392
97538183
68921441
12325129
17443250
16546349
43011614
38237115
9348825
82672320
93833469
99383805
34052706
24362297
20432542
17125685
65473415
72702482
27823088
53366916
95694583
72552774
2709055
42419378
47813452
11642720
97791000
5531048
3987474
13664443
54835541
20657885
10826450
85500374
8141758
5684901
77567401
7509955
29919717
45001019
57127092
98459909
51916438
10354589
95114672
65567386
2995558
78138655
18910186
68254968
34499383
19220224
5153558
49490340
80385193
39553062
11008457
58446838
36183193
944687
94706521
41148521
55428965
66883004
36510453
74411987
15497212
55213383
42666883
91643233
92367598
22095766
82476784
90035642
95109817
801871
58287693
5154784
94857780
17699552
36447088
50091090
36697034
12013315
69360882
81857724
46224922
91135112
34455362
98225730
69690149
16999622
26354330
88676781
20327162
28198934
97581380
97683873
41252004
90223318
87043100
9142700
42368146
14001247
13920269
81900371
52104864
22249479
85635810
68237740
922137
31262712
93158671
90825879
14623101
13190552
9676364
71954301
19618468
52503350
22446926
8354710
57520445
86617992
266629
59291912
18857586
76418524
17153517
17850435
56147597
33434553
32618714
35990279
9003279
58772318
22367149
49342237
89012726
72913277
65047391
12640809
49417272
21639111
8874471
58868348
8177228
77816008
92420728
16811904
18546666
9461776
24202794
63002687
32039563
24804825
83353276
9079837
57443528
3868637
59829470
25129812
37741842
40666005
97171171
5458914
85147036
40271671
19633697
86549546
99007327
28009900
21716323
65577348
40347024
89877698
75571228
75954891
7310779
46550577
11187877
31361377
63527243
33628909
15590418
33757311
85458766
30986109
79402324
38122645
85367669
5448190
84582025
3907771
40321609
64121813
3554732
76937043
82246373
87178917
47616726
29811075
71231719
10650274
50116549
2396936
87696335
79506568
83175238
86940432
20347777
21297391
63492322
54575497
34066459
17927369
12060960
53317072
79661995
64757987
77537619
69335418
61880937
59937304
42813518
83464876
73370704
15932461
31211727
7804869
84552989
4407670
8115741
47192355
79637939
34802140
10946121
88215841
56530863
66496369
84488685
75836727
94075530
83360817
56367291
87517137
14464256
38181500
978956
98002903
474389
15149626
15138677
21171453
61501791
24286273
84709967
5519577
55460665
51486210
12272511
73839592
54860055
48134298
88779250
56755406
3336187
84047000
6072463
23877561
567505
27887238
44127240
650447
15304093
36809518
77306161
48413730
36958767
19613403
3416099
90337651
87996550
67156282
37750917
54460997
8529761
68641817
27500448
80042049
37104666
15949325
13974070
15883178
78093036
58536578
30930150
88941547
44709070
88478211
21380720
52590455
62462881
57291551
69169608
3128669
75967778
49717827
29217135
12323337
7998257
95400050
91901456
10008896
26914055
61143964
68201780
60047780
33144624
85342997
27001004
17603293
94598902
367431
40915466
46266064
54481825
33864885
58307960
11877963
66753386
34689202
99048981
1017528
75526653
4784721
92310227
43629907
83142967
62880728
68762361
50059580
54211474
86724607
68070844
81813564
53207830
14110242
66646623
37865033
31304702
84422098
17306587
5981284
10977153
79843172
32365691
14902811
54195525
84205358
95189247
29958996
94270360
30719306
19102555
51890830
58087477
10389787
83896772
65896240
9324403
17308956
61484675
60198756
93754163
60464267
8752767
54339448
73665910
96917878
22474134
31359318
26116965
71491683
8520407
61267621
68559260
96731841
13080912
34660530
36206395
49450235
25496453
36510208
1379797
39085009
15091773
56405122
46719879
8867189
88280649
84967264
36485156
70850240
19497076
86337841
77722528
78570370
72202409
80521384
2102404
40015182
28900244
66791014
72958304
35199586
26713779
62121766
40202985
82708423
88115265
13960855
94284721
25082167
26776772
42122715
29803735
61729936
49487744
94845839
24015090
81140344
92848903
52996271
44803617
37113058
11251312
41396221
40938071
81556443
6951058
17749603
70403406
49541715
16454693
55599095
38747439
3739632
27449483
24388527
42490491
34611241
30556540
78292371
39072705
16129784
29832296
38969255
3961834
90406864
37988734
28676656
32711218
67137793
90152099
99709766
84336438
9854352
8901629
80422897
99856076
63999619
93045596
88039577
52316608
79954745
17808410
44578113
97646934
34497306
55272639
29945216
92945934
39306814
66206058
15510073
45738212
47525560
47733014
36973196
1910788
83526822
80048389
39211499
72995971
58947657
26341023
25782077
15258374
58285672
1904502
5246020
95039905
43669450
70976406
73742219
95584106
58634796
38113434
13118457
79457173
75730621
44659862
40345173
34396695
7393250
23556383
43054232
9515405
97546223
85461059
53733588
26629657
82903697
39330728
5670125
56410708
95960284
66625600
62627487
7632296
4480222
29329092
68186500
91237596
10538047
5594567
5680082
82506808
69187009
48652436
64160651
26173497
56205462
90615940
17242661
32189701
85003611
44552908
84604390
64147124
61603824
75757646
45458580
33052224
82479949
62898104
54983870
57913032
37724911
60300360
59582138
87074330
27418840
71727055
13841829
63500118
96587064
69224241
47600477
10115185
69627165
54441030
5969636
59514047
62226354
20824712
58699692
82648568
52562445
70053763
75869436
16577824
3202050
58363976
85607112
48891666
10508344
9767408
22913831
36199248
43874949
80546513
16864262
61265495
55129242
6663510
72450092
33159627
6888154
44181535
65419927
32594625
65894759
84952593
60539703
69606929
90587434
17592733
87736356
1258681
14280760
10995170
79063369
67255041
579089
14098178
77775773
67497017
7392435
7527333
82753787
49027532
77333620
29994016
99343977
60575540
68895496
2971075
23708364
2312939
58941596
486263
39396536
53021907
96431367
3077911
90055208
85174086
12937729
93711688
77467148
45528117
62663364
86068137
71872521
34505753
89202387
51646416
7182068
26672136
79157471
42194799
29213224
99149857
84169306
57219566
96674702
59556475
29050681
4547299
39474726
36676791
90840870
46114522
90040336
1571057
15938118
85370501
46407777
26701566
13900875
27789291
36163562
96586095
76732549
22195701
855574
21669204
29298161
81956331
83356499
16269656
26311721
8332104
96449959
94762267
77528781
50253998
98329253
24557353
4340721
24304502
10586528
40135020
52834438
80940812
46000950
67724187
75624326
91722210
24547891
78477877
77718009
22243354
20949995
26413583
54799107
21926503
5159699
83030775
51895033
76799521
98651697
57151304
5201507
57690482
65859534
1485531
19494100
71006829
43537388
44338046
64232366
41515207
72929686
38945138
80246536
97879834
3012389
37987497
76447688
49825629
1641887
23775129
63822207
32694304
22448290
48630790
87616049
20338247
34918964
99136687
93534550
75518472
96377641
3822457
54416968
8841765
18879523
5061123
66613825
97400394
89349020
96139575
44296439
90312503
18910568
81350577
28907299
25398587
99083577
64415052
4975707
76394123
92132605
97750847
82055952
57552384
67747597
46196309
69190391
96406994
34217952
84044507
12124426
93673040
12078273
2710997
28407618
67263947
21915074
1416582
60974654
66725529
46345714
17538631
69309698
33431755
7882327
79102020
72413229
55623866
27638478
72071229
79078101
17593156
39793565
50222052
20240742
27687820
28679082
42780155
11841559
95810319
75691292
42721361
12458068
10538604
22604085
68225484
39327211
36407096
2784967
74899082
65096389
3821004
47828893
82918717
41738177
3801075
30131469
76071823
15915908
7618616
73583753
95440813
20058903
86375992
53974385
50957055
10245364
97222756
97497912
55102147
50157495
14800466
5680417
34345719
99548265
65354703
99314812
65045061
23790873
34825367
62776555
14465304
89447298
46029784
99212838
70886628
90413108
12953053
61334811
26866708
22791277
99510608
50125874
86348409
40670450
71398895
38527462
79755983
43345782
44553329
49513502
12323796
90003675
74426436
76773241
56760443
16082846
24937467
19048040
21659276
83890874
39323666
95877325
64494256
32980113
48418419
34359239
65001585
50801718
65556893
54884210
82865408
49369500
37000772
69258268
98126765
92638138
29765146
35150710
36725369
14562611
27230575
71753489
13559547
22338452
61682174
95888620
33941680
48754356
77783091
45739730
27282165
3828404
80332098
5788289
15337438
11252723
47646757
1118317
67392624
10263083
43714960
96379276
2111764
90953010
35574521
67512975
54735538
31605742
21281932
49172576
65467922
91490948
67476906
87977729
52321541
55844052
19202881
8413576
79286918
93595584
99025454
96813493
5757185
71384191
85969540
38395056
63017700
60759070
74080059
95481600
92534264
63204947
83635269
96457589
97616834
68288529
95670384
29777578
84337234
21484810
53048325
32491038
9066174
89528931
4229713
48930396
14266631
97211636
88026959
27374307
81402413
46441231
55757841
82200674
38447475
14141950
8348471
70900878
12151330
33953660
63838522
74255680
54387441
59038323
47488460
53756763
42771029
94227514
6653200
30117290
80146437
24238606
58799270
84204378
3398630
88260156
92679020
61803547
63667616
39060247
67105417
62144416
3308201
34034906
44325160
40871225
79053128
22773994
64157725
46088470
39874888
19665103
69928043
5916040
41555614
80891441
54509806
82645352
13323262
25515565
50636972
5801515
37979200
8743724
61417332
76558406
19474885
25974693
53021494
36244024
22811759
93130790
67654161
2871108
88132475
97876803
468997
3328541
54937609
26096220
79108023
2998901
48518897
91704305
75997976
5588973
59466945
51986825
51145313
96580592
55697039
84529641
5310477
64557027
65009322
58617826
51558211
10900875
83845295
64598026
10920049
79898986
43121764
13234608
70377618
26242940
7532641
42990365
23184225
33703339
14568596
25431006
86901272
7022311
60018640
39116286
8631594
37487953
72528952
43432940
49298248
87248542
31372876
42748280
75647858
71611976
54364348
50337498
58984182
71660304
41371478
34648673
395248
75049236
4666611
53279945
28162162
89610708
81525449
93962831
67379688
19424311
32171381
80959180
58133996
36361077
91701486
66843792
70968015
71627548
90500819
67660837
77492391
27881801
65859803
40210581
30493483
25292134
83694124
45302039
83663106
47908034
30792698
16285757
43485511
55681597
24657547
9644475
34866689
8521116
90112226
90992759
85703119
23443163
70872369
50771919
18495793
61990079
64175018
9551343
45349172
48077277
11264058
44595632
58807662
44306255
65062354
69324848
57461069
54359078
98905644
50029521
67122084
11438506
1620939
23092335
46277390
65536007
463580
81228367
45286959
53893759
34683407
87215787
99207389
91881138
38617162
30049871
24770624
84244846
41081655
78782452
50636082
74605405
49116706
69416734
6067194
99271672
62477432
98904085
81155966
98097722
50770856
45871944
99832976
87857332
40324008
85732185
75211003
79550402
35561487
16397640
34960658
65794628
27300757
79557174
67802142
24733124
5726850
60806008
67784519
60746298
74796554
81304587
74013644
86033587
34906135
30915451
61754312
18645756
67341730
69850696
75031872
74278921
66179058
63755415
78283488
13813262
94621005
369145
22919144
66844037
41731745
59738647
78959947
75809681
8778412
46215835
46200203
50309973
74632113
30460869
91827591
64027225
96219813
51332099
82812573
20424001
12936734
84924322
88302991
55456030
89817273
78102892
42275627
90518365
2963807
49305202
69745557
90963812
93518130
23813007
63839174
81997672
79571679
83090537
62378264
3466327
46338288
64620374
60701572
56585218
94187901
24295842
95832257
62329525
24270407
1195944
92974368
90555129
25713136
40431820
88203102
57462677
88708376
60148617
79068510
16835511
90888419
44571989
29157203
12929242
18262130
69017673
42735319
19914002
55991921
53798436
81187674
21768205
21366337
94094129
78138584
18119168
6117043
85283408
90247051
12925616
30153286
83998086
10856823
47277775
54771937
25283589
57282611
46366078
65897657
56563630
25878854
14176430
30168521
90814526
11510700
52686691
12016374
60122258
16947564
19173208
16701489
81662002
64719395
60636059
62565056
74996226
7055986
10824948
57447134
97237697
71499206
95624949
78110453
28043456
2722068
6580655
93038928
904591
45680248
3343324
92054779
77246935
60384763
55141124
28073641
35648139
79172057
62575860
50093261
34080929
1922477
73275183
25518855
36964180
50691698
5886943
98077628
18247278
86198258
11288319
3355586
43244963
10335180
44699295
15984210
80584243
81906655
69099332
21014146
88682729
82982804
64565959
30115295
89338160
20045227
22913481
78957417
66305461
3540498
35976754
41440815
75587746
98843043
89901882
92754143
18042308
11540709
57269136
77011221
5963906
69458960
23115202
52048518
17733937
8199064
80516668
89634727
37426405
16941543
36148939
37881593
3457314
66686671
92460755
89728115
33475120
36635818
61467264
16057521
29681458
70234672
74015982
72807348
85668546
23346513
95129214
75353730
70083047
42374491
84086801
68632918
63818831
21833363
71241894
86275830
73970063
87210181
79392112
34330791
43198885
89248940
5433737
19826145
3996956
92721221
32919794
48830189
33822216
73617210
98473385
60180346
36109729
28729320
95147261
23495526
81468681
40705213
72338919
6766632
91472122
37522148
40859931
95832293
87355839
12404062
95690078
24281825
5968198
66379851
20978191
3359003
53902939
42287906
19847520
42866283
45156829
80727347
64851612
28071928
29027983
66638107
53633290
74657749
14549087
14585837
853550
61360790
30824362
83536565
3402350
99011099
94467389
21385346
31332493
26238807
61276810
10052262
24132198
26631038
52153065
3487837
38733518
48058474
98441639
12613471
16231351
82712252
39436330
35420902
9329120
78002169
71885329
87372848
50057154
67319685
91690146
12542752
27750121
29292374
39215251
75011796
77138382
37853135
64691701
84862252
61970922
39641029
54335523
74245932
43927397
81636115
22037682
9083025
12581398
43950575
33861174
32183827
96976604
65687639
8996492
57482158
50668384
69149725
68084855
81522387
58201864
22003136
66962156
70721345
7688339
1577139
542968
7001341
72791129
46712440
47732349
17041419
35738748
31382369
63628206
87352550
70277666
32789506
71914401
28652940
18309647
9404802
33537922
27055719
52102901
47928567
11615193
11524021
35174751
99822485
9996268
83496765
71428579
36696107
39940563
68098149
56542856
78112273
23348896
38350215
85163035
38008112
54548046
41504646
31490426
17170355
39205952
73883413
67571861
28096614
74862996
1656247
3976352
28034003
56162387
56405555
22389677
7631585
52581525
60687397
32174804
8723514
34819540
63575929
6099551
5493407
77608833
77585249
34150825
89879502
58676547
2935865
34048625
78226435
5680319
40166604
10793470
26394015
51226411
3926833
62017535
12084126
23927704
97660533
32102483
34492478
98642148
61349129
20754563
13114247
1444960
56460326
63117180
3707370
76867099
33018859
83992513
46002829
59802587
43246856
73331346
45657113
67927905
9668093
9218479
63461120
53368314
61677313
7692647
40902949
75098125
74997079
45664549
56671247
48752615
68037082
59277876
55854445
93508801
37964670
75157419
43446247
27044541
65069052
48097067
3301271
28682409
27293187
65665764
65286313
30197185
3371794
88135618
38189622
48891303
19509733
42875908
11458163
47432198
12422613
82824153
379944
73971559
29313650
47346049
20694684
61429217
49520911
94629101
80524403
94156210
38642038
70758194
45089598
70424766
4317107
74950490
64284909
84879676
27037532
60347188
53251739
28619502
87059260
30779681
61964042
97538684
2415290
36562614
63406931
31217730
64183707
72974966
1901595
72831156
37558790
94073437
33275450
96239628
26287913
62811442
3186522
21373845
2579701
45694323
55090190
94928984
55086691
98734455
88522350
4709553
88879635
20439652
71599306
34569692
16140465
44761850
12291210
51409715
54403015
708445
18759499
79830342
55798619
2445288
39065547
33970038
36548565
542541
81496072
72706155
46531343
87842753
96607881
62665450
84562939
53428970
47719474
47348037
46221064
30513485
22217509
19643745
63174388
387374
14225379
59194036
84767174
52608055
76721731
42280799
71457755
20763494
27385508
75227968
51135221
93800280
62898585
7624431
80083067
94041061
28394428
73149545
52225240
84712141
20587742
8723130
4124677
63923173
5715691
71087153
92951009
92772430
47648157
12007151
9340095
76288541
694907
29819389
42840270
80472025
70318253
13075391
82501031
76923287
76317269
30500949
88780625
34829377
40496430
27363029
83347987
84841355
28042407
3609410
33804345
31175471
76488199
39336739
44213752
20114155
57569029
62423981
58402027
80976839
54835234
19387735
29847316
1532140
67356152
4834079
54381566
92206233
10427079
46996653
73316226
29276911
77398587
98036033
85966757
42939894
81909018
90725956
54422268
56631835
48593024
96657799
59253989
96553428
25018200
88064786
16822040
39484330
37513425
64951669
72178182
42184872
23516546
22391278
19644742
20370049
86243703
33689713
82326013
86087240
14785243
56743541
75140493
76550818
65852152
83883808
80721955
4473999
11730129
84240326
27275400
55214986
36973232
20922393
66550555
68470539
36971426
5739936
56359341
19879735
14888895
16056822
46414913
21520870
54993243
3350520
22303682
74365716
4388370
86675347
29622743
91782482
8926279
9500839
10232227
11535990
40008176
33966178
58678783
71957553
7848480
98170436
55391369
60362401
20204447
85830520
18553528
3707145
83660878
19367697
98812802
39820719
60882779
572417
13811645
62292706
98116819
98060692
83584436
53083858
81241895
11804514
63951381
87565656
90932089
49743673
96084461
43856369
63225528
81346085
29650309
91940417
69974447
27234486
78038476
43748
60813533
53591151
41176745
83451470
57424195
10088156
49247254
21556581
79681884
18415055
13269663
60736880
75656459
98660517
19950856
92556784
49833016
14427464
11328752
2148961
42587062
60485853
97061510
67363621
35809052
21602866
42622555
79878396
44420438
86221832
14856790
99173768
17884674
24081542
84765541
65956174
12214813
41510078
54087140
9815443
72028240
3095998
94315571
58409135
25980375
25484738
56039383
90374485
3238477
3814272
84939966
96743482
64057988
95065859
55101452
94246768
19339848
25569378
15111322
20537327
11261640
25205306
15844078
11613094
27069097
33939793
68950824
85118539
95475728
25016264
62671719
67227716
2212600
40904059
47586973
62248023
94958728
1937164
46054815
84943426
85522261
67719110
16461841
52681505
98796004
18617119
46472484
64019649
65448605
75695693
60664229
32712021
1142893
89297220
49755614
37572780
79416499
58533719
30843354
35895529
37451986
910130
81732363
20838473
18799466
35450549
62795865
73521846
39920578
96253680
78465969
61966658
71637754
26805322
58842266
2059668
88062874
43657137
58908189
1430303
87359400
88186149
72940021
89967653
93935308
35248019
70332283
40113514
32530230
56934253
72723948
54056346
48517082
80760700
47033884
68762179
67483227
81395785
80687608
75949934
93354521
92238591
40129268
55652452
34743905
31613462
20172875
56795176
91432193
79088664
56256571
35154994
63992019
61317727
70934284
18360020
60507324
50418995
86551417
57231437
4319236
80113220
39552579
55516515
19899640
50647797
98170924
54104539
42394815
21576683
13434404
74001283
11001560
60065074
97385707
47485916
3883685
43596259
42079391
35434344
39041820
4250385
38757236
65224057
86449114
72310643
72080606
52570066
2994296
64976827
99612579
27083470
58563062
73514156
90342384
8660791
88670721
36086663
38802031
22114054
65131066
32934732
7297760
98776520
61336806
19658267
1141434
37303617
76655753
39028379
82665771
94888578
82263715
26164766
55985310
814010
24030981
97352393
46930022
44114083
86701861
18385562
69440219
88489098
97507544
63543355
94552969
67155357
7404483
91363793
702825
96955515
94854748
77368886
39471258
43308553
16174397
20959098
65874315
73525380
70805228
29167754
83971325
53579376
22401817
6858537
76055018
53591213
87895580
88915891
13864672
45908309
46158659
96347047
39759772
65060508
97294562
48430650
77789771
56137856
44200179
24401161
48325896
80476657
4844119
65381761
82729161
45238709
27932451
45462887
17586790
11742915
50188003
94190348
30497023
43095370
25657840
38843386
22264583
43697879
45507153
42401459
64659468
95561120
48172105
69939608
75893878
713622
18307509
80018764
86419695
54629386
63010344
34039720
91858249
95747924
8587698
67483379
26780865
97288161
29374511
10727811
69628008
1029790
71241283
87421879
65362075
46786239
88538427
31455392
90961261
41859505
47809532
62959223
32176671
42906187
96890367
38272814
69802278
93019025
31530956
53098886
13152523
36923692
45860631
41861867
63837887
88857105
63052053
5860367
41376687
61559425
43896352
24170471
36960444
30566925
47827319
22583480
69857337
75816825
46513963
63462647
2268483
58792444
52225616
79952394
46716144
52514367
29134408
52152357
46101616
3194622
57638532
65613324
11460296
90995991
1766740
80952502
50869697
25049517
91130743
97007084
55551280
19615177
13431528
96680286
13355831
11367886
41293934
32044985
55336022
98370413
99080485
55174447
28129699
3132189
55696780
70828370
79860548
41457301
42965979
57220849
57937069
65257236
90837292
17542950
33664495
72864833
53660418
23839751
98765633
7533754
1592105
69920288
34497210
98106898
37921460
14036824
71865746
95674950
10775978
23384937
4222561
12025240
24960864
18156091
34548851
37379127
48451586
64434201
51238606
90676408
36021543
72002797
99956152
43521154
79690101
19674219
23367071
94434795
7715479
79161117
79395056
21272672
17082094
38790323
97048087
13512661
86173994
74233445
23383780
51559645
14029267
50978504
85838714
56458227
97143034
50231682
53583805
48068037
63754858
6009695
42737728
64836459
28622820
38270813
35181640
67750471
35696727
72042908
68472949
54717273
56304754
93724414
63958795
78542109
44063390
63967959
66381185
86985020
68810761
85976706
99008507
46391577
6992691
48735555
53900470
35534658
66378225
96523591
40621335
26413258
88921408
38552480
29866318
61528860
19557252
40754436
4986473
79123854
18616700
13368883
25955011
44672695
86507756
60703189
39398358
64890322
12470799
29848956
7026453
72943636
79200613
47782373
46504913
62128264
70782090
61231050
42031924
55794188
65453484
49430177
6246183
89811626
2747716
76215226
25802416
60930188
40442801
27271995
10559488
77235023
80818596
38369525
3981700
57462385
28779601
13273042
57361842
13392704
60071344
33169535
92664515
46253185
59037394
92595233
69497007
14320716
47619065
67648002
37671028
78918005
11207230
6839983
23049058
10016283
28552422
76624000
87826770
42535358
92649719
2900501
39438371
70149854
40148937
3835464
53148642
47784037
97987344
60568826
72815370
12876686
91476802
95786589
65457133
42265203
31173459
37440683
71168893
30416102
72815553
89669726
95980541
52992821
75112454
90749611
11294847
49855203
61606990
3036371
85195755
42405892
54552226
29954899
23591243
90288393
89460269
39389990
54544815
79596066
68178497
31525963
87162163
93344344
17578435
51563264
28143568
2515839
61269617
27644408
38395020
10788830
66592685
56491845
54701806
30773159
9651703
52586812
12427112
50727685
41974534
74633668
49534152
70502321
58486822
9970862
77867832
81063072
29466164
60083751
3073848
46896198
91083640
65178
30803349
35308974
71744781
31772789
98841146
77836055
87974078
91507048
37469028
64280486
73257770
29837999
91224199
10550277
23738578
47101718
50308169
29931623
90544582
14799808
90448347
76189920
48552558
74603530
21860963
98929104
18521462
7629895
91837205
18946823
41683015
62745131
2025233
64586949
31003768
6661151
40950913
26756785
38425214
31091379
51869149
80170358
58546839
64862730
19064323
14390632
39720760
69184283
66850291
56010198
18264537
69264453
6293416
24374947
66241501
86226880
34329294
89262164
65203444
29005356
79260977
66159351
34194676
80023440
55059989
77897400
37042543
21714613
37299898
57253151
96424748
12625148
97303108
49259389
10648844
27430764
15492951
67979902
99867577
72343318
21176079
79319348
34477229
6733383
16920416
59474802
57270680
25860738
30453383
43239809
29176855
71708928
41872374
27855687
32675638
71502960
7328463
69995468
63702798
47892515
86291122
89085997
55016452
28793587
91812611
57191566
90971606
87580037
48430364
33835057
66520216
87642147
89069928
43447834
83197918
46755231
47759523
61734424
37551341
71621618
33502856
84656483
69073422
4456219
78405133
19111485
69630622
92114829
81868100
66186217
64424807
46757278
58245810
17422747
4266078
36800946
12853054
22478343
25920478
39070849
77273178
32211950
31774889
48690283
13991503
36874580
6224339
73301720
61757923
64565848
7065012
47106792
14793726
68377453
67747346
42788181
69306523
36598205
36213620
74481066
50098787
59373725
36420476
18147877
88559854
46938037
68185116
67800179
90337051
82233376
81885626
32229508
28079370
93981627
9598612
7896278
28714394
96555754
51339610
84406202
13704327
66548885
56030113
33551549
10343861
82928213
96057346
73010276
91011764
37602406
51137491
81972932
1095092
15587919
32531441
25263309
14865165
78909491
22143469
40054475
86900340
32946251
70262767
54667380
87876412
78700058
21652565
93808697
29883431
74148470
85747450
60836482
12294456
66113165
13827976
31605979
91868324
68872739
33617154
54035711
5961583
83788480
38202530
2842336
65867356
74690646
98725116
16591539
98253957
92982699
67247277
29570302
72424948
99939669
4903536
15951105
82824013
94753878
15338072
32227006
58099506
67848934
59155977
71925801
52532261
6625309
30841970
40080462
43446014
73853737
40390154
15575133
22591324
51635237
19794944
51952152
17387504
91785607
61551289
86063061
37410544
86254858
66475017
5041547
98347796
17565719
36820299
54901751
68823466
65610233
68961596
64448593
94911519
80525922
77669630
82768352
408083
68569141
6302976
88355203
17035373
40577061
70092578
23156868
24234832
40616828
43683949
1626991
59373946
31484155
79240042
62490495
69381709
99754285
33766606
53456503
9219579
64090516
80711175
12058077
90974617
39860108
28891832
81930831
53839633
88781786
75328875
21549972
25493039
49915999
6217489
22491285
33299309
1688786
57862200
67034598
17598460
14969345
95115357
96977091
38501120
41216910
8730536
85416177
49091715
12695916
80194226
49237141
62686176
77631791
40045862
9216033
4333903
94035704
38555733
378718
92538248
75488825
4704485
81721833
9278854
3573185
38299645
4533196
8243197
67437216
94502417
60598838
19521470
28070632
48852662
97704019
53530433
68044621
91860672
70208742
28067932
7462775
5067612
81948784
18724090
88647263
1664247
96639838
92371636
71428298
7436104
96135365
97039283
75420007
53162372
1467447
25390963
50632158
44573242
39455340
37775923
65010491
59275208
50685737
4041844
97536197
56624430
19744660
22098041
47792932
55147466
73097152
32966507
58443982
14413290
15134854
35376105
85342372
16825653
1380879
23363905
99616410
66037553
44188958
83947577
83753098
17346900
46323192
67133666
50163385
53313627
73509753
30644489
19352632
24164000
43213740
32913847
29472381
50052562
35809896
94070548
62110586
45180084
96003460
16750853
33791553
41110329
72369465
71733914
39316239
18712311
28412995
83960521
96574
78960201
10740513
49645041
34360401
11524421
75605287
12811525
97539167
54218859
2867962
67335185
37493787
25865446
8502249
90004742
24709026
61734396
32442588
22500551
31350400
6226708
73601895
26798920
78184152
43219398
36115066
90261288
12118886
9637475
51028797
15046611
74940170
21213660
79543065
59932554
31978542
30775067
85746869
51733595
51335332
42078889
65303524
99705459
44656263
24683363
81011341
66831002
78695165
64834149
50142770
59551777
33926252
98079052
77314063
45792331
15816434
32837142
9670175
39558651
13953237
60197623
19212604
54861222
74484170
46996988
52813238
94407513
95300568
73757888
7274671
64677838
99529645
91223209
31057339
68405613
77466243
29972627
75967455
70519734
10851822
50649756
23467523
96540153
35326205
81877840
69893590
86410028
24616041
62410267
76342893
70323117
85998251
77693203
91578772
54021473
43876679
14786325
10326081
55820901
1073469
13043955
82543854
46921641
31057220
41195380
6223154
70450344
1496416
99885275
35795858
74474165
60257279
34408472
37839334
57312110
2537919
91526969
69094314
23485118
78156956
77784880
77728228
61049786
95157987
88263740
32328757
51816170
8580995
29718678
48261998
44120039
5085236
95635634
65515040
8207879
18935154
39279916
70227305
48594871
91341389
59196385
12850660
73571221
37132553
17871488
97530974
63513071
14873890
80772903
66414018
73600303
18112886
18694997
60373483
88863111
46832595
93305297
3803953
10100202
51385445
52655012
2473947
96923337
64397247
39580771
72151214
40367328
88220501
90014854
98462088
21146614
44423744
69171923
8888079
67748252
71618297
1706646
10265606
82245847
14273772
49712331
35976367
36186550
12454166
97366473
47176781
72710604
35672059
55052978
67628119
85163930
94837019
88421692
37060153
24952257
5158000
81398972
8659433
55363441
98745950
73948170
47518792
66920934
33951830
28776343
35831895
49495194
40994361
15799351
12307366
80001963
25963536
79852435
68483854
37204112
17529823
62625276
33391809
93386589
46850556
47821390
57753021
54733493
91431378
55762986
52569953
58187162
71727714
88436756
38106058
13882296
6145101
96930419
16205750
93860492
43580716
67877365
14341077
43817120
48992719
92442128
4675049
40779955
64712224
64285459
37766324
79499980
40230013
92455668
11431352
61948215
79496446
61268838
2403163
65362652
86257480
85165718
82672242
87943789
38754077
16717647
49878084
89007344
66509254
7410222
87695060
95265830
88456816
23469255
73966076
36209774
11392506
83880610
16756944
22771443
61908267
98820224
20225610
43353586
81953806
43366012
33395873
3279727
98352658
56589626
56431744
57541498
83430015
50222169
96946286
16761230
37337972
13030372
49808062
55070070
29915940
61277826
50467352
99751607
15296850
14327316
36921695
32445128
27794637
55092824
99397491
69015335
59148308
64759635
4590869
16466483
89226431
64938079
35693364
18801900
28052817
41462239
69717807
79589215
81343709
68547090
63514150
2770893
37781130
33621377
84314495
64634981
4727885
93986743
8329587
90056916
17337721
96183656
7245398
42453093
50902852
97071947
25410873
67266594
97927886
85393603
95936898
38515050
9658713
88096622
23297819
20005278
70287986
11423501
12386362
39188150
30458143
43114820
23668947
38981053
55219074
28354540
91606914
90380084
93796018
2242036
1769094
76525033
18866299
35789721
96463070
83837115
16484987
30465723
19269756
8312102
42495620
11393645
40549230
42176630
36010104
20158017
64942948
33741687
26748174
10572359
97307576
28507647
98851780
37864513
29423950
83001818
82809929
11246615
78679209
94783678
10696028
45872978
68226864
53939293
17488241
41567953
22734635
65785031
72324115
99237923
83038014
62103605
33504317
22006831
62813896
27727979
71342098
95935815
78641501
59914924
12352765
54247952
28661466
5708076
63893849
70640715
57074717
87433346
89290905
95416458
51820303
42402679
95299905
9867370
36151030
35529168
5533303
60404515
19789971
34916917
11580499
7554918
54855354
19327931
725620
47106226
18011047
4306116
74532121
30618670
87279221
29945815
99935648
58673150
2910054
89346205
90275678
28449312
41725002
95799976
28064323
69107749
2850590
25534917
22138749
48298946
21010658
23153292
35307732
45151128
67549625
34996492
48467028
92032553
9488882
78820734
54067621
33617860
73546799
79463530
47547239
68874933
23753209
4367978
33196456
33220857
91674586
20058804
44381484
25428088
67867845
89661841
53408740
58115826
63141227
81068178
77985798
63601413
63082697
35210884
90573725
8306979
33149354
926368
24904131
14343852
70060858
97584557
24755018
53009334
2576231
66118179
46345707
31094536
17254535
15569186
41078811
68128710
48909701
45896686
79378238
92742651
31320013
87169249
99671833
68326618
88030799
77691030
16588409
53189340
73447981
14350259
46545019
5792255
72574195
29644398
6170010
37004111
9498703
44881513
93811106
74543359
37722986
92816523
83143373
36858870
59813192
6202240
43966948
51605489
63977709
75020701
89934285
55376103
66850484
61748799
78800151
77085636
66461784
19594715
79676402
65165247
29203030
53636523
69583160
2515237
48832823
36471484
57043222
14245031
62021452
38700132
74208451
81948784
16609773
95525560
30878243
2105716
79361421
32421886
61895486
52609048
57620059
85431739
25868812
38611893
50500861
42564267
15545952
91860025
8043720
48766044
32854726
91963297
15215388
18345720
64506461
59866974
98146413
57335809
38859140
45966103
82667240
32744231
88321674
4706261
53935629
65862248
94061357
66903704
83931286
81345623
33369452
19331372
21051377
17635875
89245545
47116269
33371898
50142932
41762475
13064065
11839823
74707741
89465445
82701150
59605970
71331126
78904041
24498121
36726540
76882419
17797634
43191030
99549124
92845082
992960
21092210
63583854
34715477
73566491
30708181
53605133
38265046
99830498
80459363
25347033
74315446
47768154
69069121
23150078
41647791
76192310
67990987
16957467
96651725
31009216
22222729
34700329
98458261
10784700
31394458
31461973
95325484
15300010
68385030
38754482
63728545
90755376
61601477
7260295
37986228
37832216
69710273
45112569
76069197
4355873
90196986
70620253
71066678
89428294
88275284
70353802
66844048
98256729
27841490
2771960
60967350
13657462
22049995
21866131
57772881
81414632
91270995
69556387
18226639
92464729
66805207
53604700
34759625
8875994
95610702
2241298
18327179
41329242
1465219
77874663
93557256
25425975
58221878
85349070
28628009
42024301
74971647
51377889
96222975
41860482
32463693
42974716
67281028
10532638
80197204
57468011
13600854
23554024
69649826
53268170
34732317
54292726
9297230
98878584
47523087
86742847
61877776
81042753
52431257
52870746
54540572
99005269
50452789
36326060
94919166
45470723
65341184
31253435
66410106
82390494
35925755
24045465
69819960
24561721
80291838
18748816
96870245
19093585
55070071
98012437
4844783
62048779
36046712
38254684
11683889
724282
80297252
69440985
67145962
42185086
85476793
36388185
52797027
98906166
82965910
56571863
96659075
6921379
46011844
56724703
89905644
97990482
74285126
1824025
87461506
59544272
18801055
17680400
24631381
34795277
93064179
96555463
85312036
29860089
80603979
33391704
40434070
50049993
75254312
63142381
87691335
58102477
34300641
85513245
13933665
18472128
44626521
80764830
85045806
15643547
25914356
42600556
12979364
97069132
48787596
26649452
7192770
61869805
56450417
65677245
15382115
79025991
18820858
63296744
26886991
20380598
2802377
82144975
35748086
7250811
97029761
62338005
64510762
25848870
24471495
10200814
1288289
29062428
12300730
22883350
25733990
47782263
15839376
55180830
71599357
60720196
97263788
83032235
20933149
58897679
64169747
76754573
50112605
23790704
6550727
6699209
89125105
98433789
14179639
27401810
24196623
49131022
9787606
90823920
24668953
43395728
34295434
90812202
71502972
13963101
54296807
27342685
48326977
36733145
34709910
25939683
66004697
94643086
82636671
43833935
70636381
89802058
38720508
71293880
83468571
30464657
73282951
31233342
60866141
10217888
12912582
91210870
57935106
50283413
71035153
85359629
86811105
71117248
91994644
12563013
14929243
52418876
81041821
16558009
94032002
79002479
64313059
58631193
8554391
64862935
20655301
60251836
38909728
25630194
13125480
12571345
44126229
63041511
8376447
32635017
86472763
31901937
11301809
726238
82418242
53466353
26616310
45281114
85326060
89164724
68595942
22285949
92848986
50312184
44847377
74404420
18668295
8328979
97547938
87765463
52969791
43899592
96901231
61618031
6393954
4075906
45135892
8415889
16734797
66560388
84254114
28417825
30609163
96012329
64145110
53592206
42680049
15490831
38356248
85717740
79744484
42764987
77004773
8992318
80285661
83691942
9539800
77114065
54736599
42648312
58107663
32539791
37678248
92121696
38798656
76481875
86616159
77741379
65064301
46703439
2944981
31637400
20162461
61759756
94356445
19005870
89873468
91697452
81016978
77690057
45054263
74778276
18363
37598549
79792674
37194823
37943488
22184413
97025678
45043446
44141221
63561774
50015656
19275825
39869325
76806641
44831206
65340776
50729455
19689174
94866924
57897620
7629330
71951279
79011501
18912885
79762579
77851148
86259009
99279347
50722371
68968208
33005338
75369568
14568193
87474410
40857447
34550522
57752119
26463827
55319019
41857992
25262775
33834818
93009126
25615544
34864028
1039840
28991912
99924874
94025978
29254002
67446065
43685322
48112192
58335807
60674117
34678889
80570316
86493776
30539121
21871301
1903762
40788926
78476537
22541227
2674473
14484987
57017497
17634406
6606901
70184879
88045831
21008015
10283887
36214772
34329837
58077218
7287156
27074976
79495115
86050702
99406131
42967328
86725068
19412472
97341485
10984554
11728520
17403604
5682819
69452045
77215476
15547338
88988606
69588799
15087695
68699382
52205347
93945538
25723229
15329656
7173958
64687007
92234533
84815221
32938944
71678809
21150865
3817465
89440746
20611118
61150919
56601528
33826036
10038155
42438434
97045904
33077384
36769852
14095689
12796810
26286503
80163356
58076701
91406372
27974753
16311566
83516929
35663543
2866740
63535896
58202825
32463208
59178103
92749080
95037044
10779096
87871955
20797641
21625337
11592799
93027863
76967148
85538410
41905419
66128306
44129562
81939280
71921761
8219074
93498878
13822356
28262930
89231175
4562045
96420359
23557313
98956514
56039413
20190949
31179753
55894768
97862225
7650546
30428062
95580266
2808443
46797712
24198511
52276790
9662513
3033023
5574866
22940613
5638651
6961613
73981951
80664014
77829471
11123832
23005659
37055394
98366582
24762528
55818331
55151140
49932893
49549294
81558084
1734757
69266869
90120450
92578432
49431143
27316285
52459549
30245689
35865136
37954792
63239946
64660598
87396888
44008267
31589819
8502146
56385145
36130910
22381387
80161856
27776178
68429492
40834475
98665204
31111610
17376894
39790664
65572917
19012036
17207850
87250027
73843912
40018856
12735632
40715744
38263580
76519975
17859101
15102781
75631812
22232035
72605707
5826645
68912465
5940924
91206271
68274380
796461
66995780
74328293
74389407
30499885
97097980
42684792
98300664
63043937
58748152
77322052
59079797
87712807
95925578
69505264
66856941
37374892
89571050
12498411
93099014
39372379
93014559
35723815
24024534
56639127
71517558
41702530
31165952
74184342
39113107
91572380
84219277
16540228
16787672
17187980
44014374
26480454
98301443
63120739
66123863
26933987
45200479
14086761
93912469
41983510
71614396
50620035
75505451
96463643
30257659
69120564
62439066
4962750
64514457
56856810
30243865
28055753
97834571
15881131
52193755
80556238
29074512
65073295
93772716
13246264
88297207
97993037
35620873
58688240
11396932
55539038
10989124
27840782
48533863
94036699
46343839
32252835
6594996
3627325
61877896
10719061
28698553
48663462
10807700
4847439
25388574
45934028
81043737
90109553
2123759
74672456
91936760
60050519
6316837
30898576
67383031
50778530
13787373
18171353
358780
74106788
16742450
97889959
77149486
6533721
46100099
10836552
49028423
84376748
73839705
69722264
87069857
72227137
22865443
75453354
53790175
31619891
30179981
76208553
919344
45468936
14713849
30745055
85262789
22281500
63110199
80969453
14534633
40347108
13919812
20599025
72297869
6806571
29061267
99101479
38214803
70322842
19208450
24434782
97296866
72595066
61589465
71216276
26221212
50423992
56269897
60023411
4051604
20280224
69215780
62844410
11056502
60998256
66121469
34507080
27497487
75737886
38424022
64030043
71890446
17587107
54337504
65207556
5859176
41331937
46231875
67869503
68590641
61755555
58392933
74705691
10726192
84535322
45080846
93775492
58916863
16550309
27738027
11516791
14153903
1552883
72617507
83226487
27727199
67861218
4990283
59545631
688933
76704837
70922290
60745282
2588056
14665355
20474455
30361792
18515016
66760611
56536947
18154197
36381118
55026485
23697213
80953624
83761185
80861075
67397252
74718572
54065576
63653289
1759446
42896225
56317014
47176884
1944113
42374157
52322140
33510348
17431024
9448898
25757907
75395854
7709717
42358909
69058173
33306164
73111841
86301262
64637360
46789911
83980742
52170634
90047559
8543491
31834531
11892596
82480831
16235773
25194798
15898027
57223847
78300777
66857066
68634717
49561911
48615675
91641853
56515950
29940749
45227509
22183099
34958414
31105654
28216707
14019931
30397857
27516277
69873336
72698361
31546079
16361343
70827860
35243531
33768400
33275359
46978877
96139928
84063160
62963740
23896644
39255066
64352494
93240154
87183776
4713742
76360341
49444910
28614763
93878807
85324583
30825539
46614409
81285151
56235607
43635101
45707294
33287917
23309006
71193263
95673860
60672702
92100301
4912283
40859395
35131391
62053233
16523052
79796973
63023161
97874066
57862727
35835261
96083526
54056056
22888798
55269674
22223121
43535239
67316962
97240864
92886742
70225790
18196579
26157469
10014694
9441543
87692594
67314781
13353789
56514479
76112675
27759352
77857799
15376726
51041185
52775200
71180381
24001142
84158263
35466780
82787068
48603854
94892133
40582893
15123063
83320587
49433758
50267971
65656987
73147974
54046309
64895233
32294433
56728540
47400104
53526833
1350397
35379741
16690350
18370626
40318551
35828731
19680382
34038828
64398076
91305632
52460626
12016359
13360630
62636046
81060673
17245459
96789652
9808782
92052088
90694784
19403642
50392316
81638448
2458727
44621674
35266224
80158896
89235951
39498174
80452343
22845937
69977176
26403793
43215566
62864453
60504873
75875674
48307262
7739970
31130311
88197936
31400603
34709724
53228990
30169945
21354062
74005341
99074023
79181299
42783239
22909678
73864626
18090264
89351119
6115130
87792051
1815362
29092886
20837070
43685688
23272962
39252278
74775417
3142719
87171623
4837926
71065068
86794253
19956882
68536317
63061341
60792881
57067367
61372872
13053190
63254010
18558492
6849964
38371382
28775476
57278749
84201044
4944685
78860653
48698529
96681954
36006834
31119179
6725365
75093737
14817356
22174230
82714165
26173534
63812718
19376959
65340446
77333218
85220475
72532945
7563421
4913043
61943295
88150911
62885265
93282381
82154195
83509806
28977199
80587147
23457974
30040595
52457467
42315545
11738362
57630997
5377623
41769283
17571873
72682190
80331451
71138460
49473362
37193457
88617022
54185001
82441854
87725976
82428254
64286482
18844988
39648368
99498832
27204604
60623349
64164325
20163507
16299124
40297736
98460878
98248185
92006368
9592229
46932573
75124798
60302828
92132097
49221083
5726208
91103181
79716117
75307697
76174126
58198675
74081043
64578808
3414703
74986743
81334347
43328940
51122287
96449131
88381411
65838830
66464209
34184319
15715167
88066242
70118312
69019550
29979103
58065378
80632906
2232045
73824553
24779194
78907492
33525837
29797764
76994475
14734982
52139212
99858045
49550489
82852036
6844876
21792600
27238933
21603049
99042350
36779861
50307194
24102177
35833821
42681560
80024580
84889404
88020080
67909923
98084487
53356520
17121207
96914093
93893706
48508302
95501026
3261829
17183745
40825065
76768145
95924846
59632191
24474887
33841736
32794250
25021594
48145434
27386810
58062186
80504137
66717380
19202191
35205895
66085038
4842746
87180284
57924935
63082667
98241020
69603946
49387330
43238143
32665351
16889663
85650764
36892451
95609502
6574073
95858467
61261736
93851294
12160459
45533229
18106791
80970867
7891070
52326818
24893022
9463780
37216046
11265417
44103669
57412357
8339981
52446383
69131546
65407629
79548448
37435322
9139483
52809917
83158836
40131867
13310389
18967863
19383363
39016922
78944510
88115701
75983720
22530803
44188594
83519471
24347734
71727780
34417972
38355303
47534796
28422417
77060822
58971864
40685193
71873303
55530268
62975839
6069833
11153953
43621898
47982443
37728711
4963023
35532966
69366459
76624250
68726921
72870488
48249302
4788950
36179285
42162207
36933591
51581888
14655246
4400171
53117586
22401926
19103415
88720006
38193124
89816427
83571011
13240707
39881780
50423408
83451886
97930650
66219943
66942611
16576967
6393709
39701264
48591017
45856362
17779243
22596822
11859997
97785155
17032881
60782176
78431226
34642587
63838025
27416413
15547977
23388283
52431922
6771827
76353781
29293818
11584951
65599185
36767247
815181
92961167
21293422
90553841
77768194
42085506
28783552
74725600
83060940
2279446
8709032
90774459
98476697
95566545
56380088
60174112
10979248
54638845
24989990
53182967
41150422
22503734
32832423
49804880
66478897
51147710
63255491
79841287
37803709
35129724
92394434
13020491
76593037
78432307
91549413
38814484
97099516
11416556
41601159
11123284
5833522
65341717
10136004
66838844
86502407
42968271
50019494
73129307
85981687
51650045
70558874
27357097
72791740
47704235
24481813
69985164
39367065
59411418
52115595
51893646
25037802
55134309
91846176
29275953
69489642
30875356
98090642
38536537
62365619
25260911
46640015
10754753
75581987
32110549
78978756
89995042
75561359
81966956
40533755
73664503
63486367
34943259
89643580
37734881
75729143
21529349
41075366
37367162
8721880
13313275
40092081
80364328
81325415
29388652
42906929
12733472
25121790
55278631
32554562
37483152
75259513
38886269
96151266
72827207
34200208
11431025
52708425
96634514
2071842
51484238
35030437
24590480
30396239
39717679
56440885
91892737
9704847
52063726
3122559
41591689
46074376
44903913
2806344
47419428
11703823
8265153
40318552
93137542
32353305
14229490
1003773
47129161
19272651
29574556
73093238
22075721
32610280
38726430
3831359
52848733
76998861
73664344
85869041
3067349
68736351
91833431
12836864
96993844
330422
15709781
49372479
15060517
10925122
40345605
91425408
7850260
82170291
23463702
88804862
88841928
39356357
83303469
95371869
68958892
34695989
96583807
38202176
77185613
83177544
41911131
35383744
67409970
3775827
26153562
15877028
65185560
90883693
76593083
98328136
48411487
6175005
89626598
46482902
64570773
98052323
77842268
78058177
64315727
95727756
54962135
22438334
45462085
86878720
21552185
70563307
42585638
42084667
34577469
75349084
44040030
97082932
15994557
87004411
85064903
36623306
26160815
95159995
81722316
23660796
5730793
42581710
40979552
71297743
8973558
75842080
77288643
86513623
47772311
54637285
2596019
78903228
76880053
97416665
26796334
9189323
15138786
15622296
53498548
12623670
976565
49456550
18026445
85583234
11526262
82168926
57277317
850257
83087942
82899953
45244374
78638491
97301926
35313607
8470642
44159039
9399326
91885568
20365153
83490152
14161212
75433286
93877204
21022619
50049825
3126904
1517493
41035180
75835482
61834606
32257177
61647248
85071419
67672055
81568022
7086748
32367052
27716583
19413952
54902186
15878822
43652678
16102676
94910778
82921135
90807618
91034360
69296363
79574094
77618766
14705679
66550344
59292112
44367480
59836192
67874220
17470807
44812460
53152117
13567640
81293570
1378342
78650513
13761019
97597096
63060567
33946195
70576144
1562463
79334437
12330296
13118907
55579726
7130683
10662754
60117880
38420781
83090935
93547653
14112245
30683850
17432095
70785925
83928701
78112704
20516368
14983609
15493043
99914277
38854850
90447215
78064003
38472257
1042205
83565448
95904970
34491241
35016961
65016805
60579961
5631614
99429313
92148959
25464526
15831062
8847858
43081857
93800566
4940350
97873932
38129033
56369954
45200888
88565082
75541448
14116791
18852275
53211549
89111667
79584102
87909833
56467814
11669885
33549254
49493708
57842011
5304869
67227651
13808396
73318335
73971211
86265811
93897393
99472736
83736155
54780709
92419500
80093126
92739762
50543616
83298752
51538013
26695780
62510126
61387521
64294703
53713127
67815192
40068867
82381876
8023319
23779613
24669523
77177917
69142402
53728101
51262858
44303680
27778109
98908724
8778579
48953045
68116782
62699823
5714268
99610455
7706435
4060879
78689795
34515403
19997117
41976537
59023575
72963684
50907315
92337325
18220335
97776298
20468859
80962876
98946531
29794500
78998294
5566403
61524083
9981439
99832957
72825635
43257783
79167919
41342426
81350376
94409759
87175084
83733191
51699573
14089257
54073026
53405276
96692375
14402688
95092640
74351423
95799827
4918861
74081623
11810861
5095537
97816305
7250554
75716558
97789896
67304688
82854813
11815893
96328176
77801748
90218256
94976870
95567973
94165323
58591588
64992325
4459014
54891836
6587191
91570145
74838810
85310656
62846410
80008058
36934514
10044634
16629144
27995002
58493034
19849808
5113481
48495195
11312084
9167304
30322944
39444643
4647770
23362106
91423717
9437272
64780179
63137134
90923516
61490611
34655321
10397868
96548217
76550871
59592573
98560294
8544482
79449121
80771529
45855082
33030902
75664068
33721083
29851116
53137952
30572278
33908332
88532880
76663023
67339843
88041201
31006113
57818519
67204084
14608314
83917662
19038494
66656673
26374899
36485003
20613911
92152794
2882624
97574817
23319014
74460949
16706800
92007194
46501611
85692425
99144131
61655506
2047213
50378631
9043320
30627702
84038674
30275062
55424821
14879860
4425116
60447948
92881288
51041841
63178426
48507430
93098053
41065818
83948879
81843796
99774399
3434514
92063156
44148365
18480194
73955905
40537194
30741055
71096279
98477256
71422451
2343144
44712913
15185699
55578496
69638810
85654742
23759331
52642335
39541039
27571695
70315123
78693276
99209776
18428055
98119644
67339628
38801001
63290745
74247959
80656030
27938798
15381015
27809031
79610890
6534496
28506931
17182104
41488222
70139387
58311900
15380901
42843561
98845953
38468569
15380441
98213181
84447724
11829224
21755647
42222387
86822344
48210978
92089390
42471975
64035483
79225937
25768541
895000
67152502
17974206
25971366
70209588
15598869
14885290
73090323
20207978
23713404
58700217
2169226
16818788
30237925
55678758
70663038
26533908
18499254
95304541
22251390
53993038
65964665
33053508
57349402
51394600
45636536
67693780
56583669
54187894
93915806
98773654
55509614
16700688
46772722
18696629
40578797
99251417
8212248
22366265
72044358
57125657
42743242
82365323
40131795
56760776
87082474
34876716
81160277
50035615
38366338
96535352
90644486
14928914
48252247
3764900
89688821
88474098
478784
61720800
93734125
34909851
68587181
56523127
31249810
55318592
33287989
49821158
33378207
33858446
53417993
20834236
86345452
42049468
94517967
83795613
9010501
22265883
85782401
99422018
94541768
16821261
55157690
6556859
5419127
6584805
34258770
89466392
22144570
66635112
96391313
5076490
33609044
31840629
25316790
40341554
16286279
62068097
12847785
6958993
68593147
37680388
47163283
30394846
22157130
68642962
46523606
26829798
43659695
58333477
83916753
77475671
40746979
16597585
86905538
68431889
44284272
60816787
30534647
59369386
8016416
42995188
16643701
65306462
98213403
2180803
11610206
23439941
20366223
49265016
72549554
18680677
553656
25235476
3793270
72104479
75905608
21270689
58464752
26095943
74001524
41700094
80515289
45974786
51704332
63251236
60868219
91456298
14824431
12359584
88995196
14032132
55997081
54698970
71944731
16315669
1618093
11625360
63913307
42531843
52739321
53766187
33836415
13509492
95863846
6245354
22250358
27104360
41145714
82729969
77100925
10622783
91478197
21500840
94484680
95615278
29291338
88225923
92869669
8042836
54892521
80439461
71924176
3853336
46310763
43045425
43559078
28219905
17853294
80721884
35574433
22592576
35817260
11771881
43665509
87737277
56905166
13978743
19472237
98884641
77002986
22712883
58358449
50889414
46101345
25111656
39637490
30798474
65917954
15985069
79443651
11983089
20326254
65979700
42705174
13802435
77337077
41271206
52881156
25248986
54415795
70276243
12146439
35430700
24430687
18071210
6859568
93521308
66086344
65402766
29971980
20790574
11088866
92038199
96073732
86503155
17918983
21890188
85889164
2160417
30848323
39593942
11037948
27957419
53108120
38516695
87852832
30055103
44055006
76560977
60603606
31744167
75723711
81296573
49814719
66470187
34811453
25586551
33855046
20337585
19610549
94273861
19233307
57912893
90417965
25752379
63034469
55491117
77707588
14185400
75290040
56286946
91501557
18160067
84964934
23812918
64382980
80409077
61789190
75002968
58117496
9150434
30787216
63988978
17168872
51555353
68252814
50642936
86696444
88790701
77611636
46437117
93914360
54396529
3866611
9342711
1526854
39103022
28581997
77197214
48344619
22215403
58862853
46642374
76378523
87800859
88672665
21868404
80018687
54800216
80374919
66865321
7945471
94638834
64445377
35851275
62572313
64638872
34721858
38778011
6234361
17700112
54904249
24349575
52195713
56113752
14153247
40988082
85401066
48917146
45951997
62757494
10297264
44262213
20597615
37071935
31608942
39856413
73357415
92742017
75398092
64640671
9551506
4934948
60500559
20589232
19179873
51883278
25703721
24618129
56125174
35284412
71316519
9832376
53836962
72989544
26112733
95893809
64068388
16519053
18576452
6085272
89047083
12245976
7189120
66663910
99941518
268099
17977232
69602673
41725790
5493964
83176098
80089370
84051485
26981411
64167500
19338896
70127147
27842893
44533989
82496111
18995732
93184626
76385201
27719478
64692284
57390240
59269406
10564979
72988886
92057992
86904386
66092861
19066282
62814075
96999028
79061526
51348818
72755862
47343678
3305808
89257721
30165598
19641315
771894
33185552
99081375
75110632
75367484
50010903
72467511
66966013
49660256
26033173
64787275
39821913
92986627
22612739
37881194
95122293
68890478
37139943
96702223
96091521
10326189
14480524
9495216
77378627
20901843
40512722
97865230
13911124
53296755
37714147
37782609
94488088
97872358
47520672
55103242
35812032
19840569
11004705
6316182
58973118
65915484
97194035
73090523
66043760
90537059
7914065
89848904
24314052
14639362
32601013
91632096
98137569
99734089
26767274
80619588
66642313
72437884
75405217
1517151
69345637
2139890
64142499
14514916
96854013
5462986
43097203
46892920
46276082
14275869
79204504
86145007
63365037
98031671
45284265
80252073
95786349
57559305
13837986
80639926
51989280
27743830
2792573
89346600
61472993
90751805
95167801
21718317
65500077
74230291
60235629
10237411
28820240
98248869
77409473
38997552
91899314
52578284
9059000
48365751
56163147
12755628
76134392
96822329
19546261
94239285
15636805
36683646
23800332
90919025
18072265
58799504
87244371
10252687
61569782
4124536
30429901
25912166
21129691
28437880
89673151
74325279
23004775
40261103
44499314
61482224
59455182
47967562
93905252
42918557
98599420
48123081
48269030
27010616
1464302
55011142
61859859
95609423
25493708
12327260
40427040
26389644
80179808
20328527
43926893
77810651
67692297
7274816
10426179
36590040
85309925
47834367
15120625
40545866
81644180
66842677
19166929
81133986
66652380
49481509
57589750
9224103
59230034
45524909
72434047
78126284
44604592
499772
69239973
86581440
622798
23356524
33655472
95675352
65703526
6243440
98508514
76709300
2751317
30746493
86992793
25521168
62641650
27754409
48728304
30337878
97837461
43654169
72288
30902297
42905000
44109912
28454310
39888048
12912171
2763464
32349998
51161395
349334
52248517
47250376
69679964
32236384
38880828
83170147
34032192
71882714
17955968
18465590
9781197
15349257
35441597
50692812
63534354
893245
19462129
94526447
53657995
25073605
78155986
96330865
16957810
19648618
35165380
83011230
89336184
55682662
24586687
49636659
70049973
30968353
68887649
28751729
36620749
57941855
49202822
9411041
54399297
34853774
13951028
78371163
14809174
13239348
23586834
68893547
97267408
32235663
57087023
9297345
51216168
52844901
22604631
62877403
39956522
94982217
60381380
57274600
8577799
2033670
34193227
99418611
97623623
6340747
76604266
63530479
96966058
93687189
95149987
54512249
75773905
27525405
24463154
94922997
87692500
36699561
38390629
88879066
67195806
40316686
15541709
68349362
7520627
43245874
12953144
63851806
27431954
13180149
99799541
34903480
23693184
6499382
83062690
26336040
48859290
3290330
72402194
74627126
98261896
96604162
16832400
82415175
91249310
12068186
96536416
2264535
41156360
54240227
38937025
23390527
52632453
7484099
31007494
10849599
19467707
41440135
84864977
89866980
6732464
30560043
8559717
14250477
62379465
72589015
10740496
14162590
83225306
93038748
69194704
48111050
70962266
39132461
3553424
39684665
95919042
3703969
98605250
3350793
97394907
82464283
62068793
49944337
28618040
27319668
76672593
6410274
21348762
22559844
62000518
1932071
2686186
88562858
3755257
2698012
3394775
47286081
67917264
12351116
91340120
31274023
3604241
18300916
89703322
27835779
77904760
22573751
57710247
15681194
13965638
26128617
43724880
76746772
25749833
93258374
62928054
14284782
1918983
48055369
89483193
27307697
83425489
1406259
97906185
70981101
18616975
74618898
70372750
37324870
23175482
42982479
95024170
88739269
1521372
12796603
68063528
97743050
35279770
8590320
50024275
7546070
32829947
40844465
25357228
94904777
75115411
47758987
55233368
27304784
8271330
59973814
11216248
46463026
61153663
31813793
92319504
8716365
1655966
61211678
45476363
15792538
64196427
47274214
51449680
71819245
11476734
67473724
47430016
80234484
6694425
13720667
88621616
43122155
90447316
99926706
87566311
7680069
29037135
11523005
29791604
69478806
91764011
47841364
38131124
47965490
69963421
2286006
17803148
29151685
78305271
37599540
27696594
4159523
88468163
62463901
18815918
35195382
74989022
82078587
26712679
76009560
83394244
18186645
88753089
45485179
22581216
73177203
94461742
82827659
52445599
53964878
22192239
29333979
37687820
99804844
7538689
869121
59052389
87344277
14873309
88392720
31615668
59351704
30329191
5818924
2285252
51724114
45114965
24349370
35505179
79940685
96949854
26875150
30594746
60124073
69350149
14137645
94513309
41474021
28201190
5821701
68107197
12683868
16854792
43861338
93821059
64661742
76447914
88575701
9959575
32269045
11592760
76486740
10506320
95368171
72753860
8683812
40804420
17631274
27793897
91383673
29405037
53747875
6063420
44464503
59485194
85378701
44138701
79311936
38644331
14552394
38910942
20260246
40395230
1455091
13592062
5798575
54491432
95680276
8746777
1312405
95038631
20610730
53009995
6350375
85492118
64361784
48307273
24036262
99824193
72944107
1152958
6766252
4434431
79711507
97185825
65613825
92723617
95818341
18722198
97284835
27943420
4654625
11635929
30430102
33856509
53750502
13472743
14815057
7586055
56524989
57778013
79519209
89667962
27735699
2610241
14356119
89214498
82141685
90021120
33590554
59942916
23022990
39556438
13902612
94478393
1115279
51058130
54556252
73442787
63344065
5509647
14878678
16732851
42642719
39815802
45704188
14624458
23449984
9839538
4777590
17101963
70028478
83610994
45246721
54317049
68479239
15072892
18112954
13792832
39487758
92451459
16220861
32674670
56348566
41133961
89339882
53548624
3098275
44540708
28380338
99161833
71643483
91233922
64761609
31203587
15558559
84502648
69839326
71820048
60553906
77917485
41835497
77954586
59672112
88958493
2881232
29431138
42557895
41984667
41215161
57793927
46830865
87954483
52187974
24289698
41152255
63896919
74151076
81954740
14758866
31878986
93272664
13311577
54005244
76238737
96693700
11595382
21661081
42332597
4119685
15141631
91215994
4778324
6753708
26897595
51111045
27704088
45940536
65051650
95133044
65354539
35692278
54750149
3101247
59985063
11893048
21424127
76192717
97210497
73616493
66455763
37568747
48862292
40800485
3524777
31672431
37361304
56044931
65557939
18355365
57019377
8397402
92812118
79137423
20151122
98939764
99737020
72198683
41673104
29634874
11291409
4196096
81349291
9207299
72296294
8037345
27310616
85553916
44090765
42546284
25944075
42506903
11594116
62892691
94615697
47134153
92488314
20493937
40586103
47173566
41438641
32416669
92316688
13739325
23661117
30170436
4921557
23732912
93220621
88833702
40801651
5311269
83376489
23721167
32118510
73871949
48046737
85508458
89924109
33921954
50653571
78732551
2392741
49918932
67499204
22602706
37883418
93497692
90621324
89367089
58842500
65580539
87680510
8326975
7112231
68425914
89547850
64028095
6858013
61329257
13152798
19113739
43219209
12403978
77601919
95266636
91607861
15510800
24234236
95634134
7722484
45879143
10383158
92689714
49855280
59315877
84534315
44440832
93688248
86792280
14042344
82463950
1316468
70332306
35962309
66710878
45398351
50492057
16541373
93785260
86401114
35168607
66063628
81040995
55388895
77918431
79990981
7230666
21048556
20662049
79780594
21875213
34274810
16366864
72500658
38572738
79904036
68794038
51649334
7897818
75798007
25242545
12987167
16121621
7502909
51392413
83947959
46414674
26937386
79963871
48846179
88824953
15937666
61852502
46281698
67727351
52214165
59657369
83027270
40762425
82920814
9060221
33304381
10524189
38751617
54026930
76861676
30214520
6009835
35094799
17097467
3879315
42850447
59987810
71637163
42794383
89457542
30670411
40886026
92856869
54625754
70244315
61362243
89775087
25363343
28561348
42629430
59649548
19050143
40356317
96545734
87106721
11060181
94006386
81873405
27224601
72738973
26007884
36331522
10752332
61003929
25343173
79475256
66158570
29114009
38234358
33596164
54999010
32080078
74706626
37157687
44308346
79593418
38380072
61032197
1950721
30473528
16256176
4408257
8898219
67156748
55825073
95223424
77214449
48619106
20551303
6721780
50625692
59107114
27317725
29371980
86967565
92737537
8227226
75892817
50468482
28908811
50916538
70943872
93643159
68238508
42875274
64908996
66712682
27254197
82332537
9368393
2163128
41020719
49954441
82045242
40817473
52936463
49275535
74560635
25135027
17978062
76991854
37138260
36325713
56621574
62007123
45568911
9477175
20467823
54479099
67605476
47844209
2180592
44007
83700779
18465865
54083657
23390223
86793767
59235243
73540953
99106493
82140964
24291238
6610534
13963277
41767383
3783097
73044757
86343006
61849186
65760476
81800761
53831602
73604539
85027477
60084430
43611472
74694080
26530601
73475086
23564067
52909066
43136643
90018897
99879107
42348415
27593125
55819469
30981018
90977713
18372452
8578856
88218070
5719622
60813558
58010171
72290217
9197537
92179978
89808192
37224724
20263166
22710144
93147337
24216159
98807171
69387681
7727764
74246642
72458586
29763386
54939940
19264720
76769722
39446082
2530615
33978057
95061934
34493491
7052960
96746039
39259296
90792389
35521187
82476876
68382864
35740932
96761593
12544082
17262378
70991313
93337673
20856140
91755265
38613358
43310639
22297299
96802319
91707791
68057974
37407641
50689176
54814865
27824212
66586371
87338473
33516720
63694899
60908636
19491710
58515049
7277466
71991415
39502263
22067245
99761076
15403826
97187181
3111438
80148663
434277
31576183
34451278
27314673
67063913
22738189
73844754
35346535
79314857
62366782
93721143
83631387
21457479
53558509
1423516
38838005
8003089
58792661
86129454
73755678
85718728
70732045
11157248
12894258
92190901
43826997
16053579
30184429
80145742
61456807
34968175
5201679
61244646
79164151
9001545
31275180
55754757
56131726
75282430
62376698
41483745
30686264
73057010
63389266
78043813
58650357
67463770
4563452
95382188
65128608
17184921
90832020
44457210
63760486
63258966
16183803
26327531
16871594
14820643
3171450
78245253
8179684
60404710
66519984
16343318
87527625
5577379
43047358
56338866
53106176
87001692
72551026
95432824
75973754
86401616
39483695
97116267
44992825
16099457
33140252
22032396
46796640
38083110
79243637
93230846
52543268
69288040
24518627
7382147
3782240
97252742
99450584
90132202
82853163
26280981
70471282
5162069
32349392
14150903
83318592
17803898
82260102
63456471
18229385
82359980
26995411
43500615
58775000
50727110
97361943
80154664
59654239
74690454
84457661
91029640
57915122
58382964
84564675
1757579
32571520
80981423
9815089
48076097
65598084
96559211
35590727
5173280
33499503
18361056
23966829
3938660
48342627
45782008
12643602
61503870
21227076
96427242
38552310
3443749
70926688
35544528
91541699
80580228
13677631
62634208
54630612
40595466
31285004
44404957
84104441
34907582
27729055
82242892
77651187
21186230
89668571
77440998
34064570
73254864
49716471
99785517
16615446
48391710
77140457
79761540
69076936
15673201
22871877
36862624
33029427
22721758
18198070
85715630
45754082
14667833
45883363
98461499
88053534
18316072
95094090
80568718
84096586
82862230
86893857
74820531
22602269
58630771
70298719
85205878
78095470
23661710
44116906
39497670
52840440
38439060
69249182
62487543
13403843
29111319
10476260
48376925
62127471
36343909
64479969
90542165
34082265
72200743
13163286
87572522
29058112
76425136
97739169
73330858
89435805
22922551
18423372
80731507
58527507
8504217
6351191
32203958
54323168
9206487
94545504
9679586
34352343
99663586
67404992
69681909
89024636
2254737
90222435
94818307
50877640
65568412
71141673
86442505
29210094
5952763
35098147
31719594
6884709
66025301
89334425
22966886
650125
63383301
25577465
25441282
90790444
10894478
24111385
85171015
29970203
24898129
58616986
10158303
56352785
8841555
58847062
48662501
95828307
31006295
44145096
6921901
66404596
30020371
51045804
36883141
55212178
17953747
76203513
52348582
92717678
5051611
84155204
66325746
28309586
90379183
94630856
45039765
53349134
34303987
7824124
29273018
92530723
46365876
29105721
83951493
67323118
16104913
8959444
75254668
89152774
33286911
83579931
69376513
63114929
11939455
62611531
61547976
98943928
46021410
51039572
5526004
46483840
69394004
90616229
42455618
19831290
9313286
60669478
53789234
60706360
43016247
23917265
33627765
1821843
24242370
31241153
80629973
60288095
73278405
63766519
19341162
30075539
70950245
96374403
35976731
30532798
40051586
68972249
27204627
28331164
84592126
32215321
93141487
88904475
63989848
98759092
95680740
72466943
55679625
19522107
88910212
3460150
90959372
58341781
25267801
71119030
75839384
13487337
92239979
42711000
21021184
34162841
48264331
8243846
9954308
70344531
10412993
49894726
876064
12042488
66482231
93745614
1636813
48171488
93817670
51513563
25326672
19491019
91287426
41569569
79462334
93175133
3103332
11476560
82600136
96806792
52604407
22859362
3399691
4064282
25983721
38146159
13554105
98272955
59978176
55123342
55753090
35960095
13135971
87531965
64405146
11927158
23385960
69423737
37955811
56282016
96796953
73408878
45332993
69148577
59685072
26060996
85368897
77232170
14436090
60088078
8791904
96555307
84958498
59973556
2249312
61234162
84317366
93915088
6990936
51561281
91695590
54089532
87656071
89544442
29371536
87892809
1022426
17780224
54794021
72292400
88877684
75668302
44532191
46593530
20406301
42425757
83570979
28950230
96637141
94298739
50596953
94591441
19684086
78835304
88267275
97039845
77848903
8963336
14234123
26631769
96829114
73630360
30715497
90506117
3180586
91497490
96555970
73455002
58921003
38777956
33487983
74900061
63046869
82262244
65875914
1073594
17275218
67706811
48018943
90697300
64846014
87368736
92911731
56504906
40152696
52065904
61515300
12219303
91700449
98138004
82199629
21349318
78980834
8810317
55900489
68996544
65704885
40748429
67943532
17168881
30211650
94289659
70581914
67430457
12151940
95284625
7952365
77042573
11994937
73322383
28168942
9887784
70658910
49247576
62300459
37785935
8726284
51388455
5722677
6682995
46408403
88298208
72728192
19584014
8480150
37161976
99569978
37282542
70032935
79584302
58754255
1537494
982825
90874147
52020653
87560909
55651098
64428008
67337065
6330356
44837115
2170817
12824107
97582157
23199536
87584803
21801348
53094621
12039124
34791605
73438896
48852091
53518066
59472545
54819560
27042105
30231139
26667362
18753908
49034734
67687109
29859709
56520386
64329483
89134897
75166710
9207348
93733528
38704370
52056253
62694206
14884194
32608811
34046446
85249862
97171907
84049564
44171902
19442949
40920357
86707741
47097472
17254623
86854725
52334161
31395019
4538767
2243932
16229537
7663866
29959415
52920856
65486685
2914559
80362498
62762373
3947731
11334295
92074162
13338738
95082772
72016308
82013572
82703800
74485131
6117094
97995900
4476939
54595061
42581251
923415
703247
58246507
12920315
16986528
29753998
99116952
65194934
14709625
14595361
70881353
12757693
23829945
32333118
73607863
30690695
29209641
85987164
1026282
42633689
56139071
11022959
5003171
65343254
12342988
84120968
60548008
47663334
69500923
98985788
40037367
10375182
45650816
14985018
22526259
78905067
72172497
80072108
31792439
33094191
14247854
1712205
63565485
88660158
89774310
94212402
23107064
18790770
2640675
67379857
41291017
46590461
88821543
79253286
86639081
43953755
28154717
35594688
44872707
59433010
40211591
31349475
84597976
72164919
11365416
95529745
87090793
56814239
20795658
73642459
80940811
81664295
54768073
72465709
31189701
78267468
46262257
17760950
85155261
82381533
34451124
86609752
5405883
21648583
8784666
92552064
50721635
18218886
14973176
47564913
83595481
93519709
74978939
77740847
40266125
9919432
1944
11998111
1698370
26822138
39781790
30162112
7991271
33918790
30987345
51412056
83784207
68641963
80983060
45888775
65085782
86154333
59418497
48913775
20071626
14065757
97146313
7921549
81324331
40291533
80584773
15301917
40354551
44035794
79685790
7016910
95017253
54188333
41810583
80846287
72743308
77752719
88345507
48290185
10166052
80771312
8292691
48680302
53702393
17833664
27813875
94167256
96234488
89408481
34620215
77849436
99446552
31917758
51202433
5420840
66469364
7304841
74872739
34754629
74714368
50536440
10905446
86453862
93376978
96526219
86709992
16310754
73048763
48554439
4773647
58185187
1206163
36717245
9959365
63278358
40747662
55337947
87918529
44710000
83744022
63317643
70942430
2696940
92826724
37692516
51381088
88750974
32036273
5455887
56988527
60053492
97854557
69927749
38988738
96846109
53355190
85941111
26223515
5671941
44166879
11729930
25407836
58462704
87128639
21408176
593022
34211483
1661879
49690232
53183022
43732718
69988615
69002675
3599426
18628635
3773049
57369407
51670623
94447484
91096331
18773622
12651205
397743
36120339
73586989
71833910
26139093
62087641
82448061
61131191
5556729
76240632
86407002
46255497
81656533
31041392
44813953
71165753
83685423
59722714
51831576
48741501
99574069
78175543
41283504
67176631
65576760
53275275
44580106
35063016
35968985
14694132
87158566
88987462
32512897
34145956
42213296
41685602
58065630
58147059
21364385
12506502
73002868
99648739
56385903
34582282
59354974
31169574
22339552
97256591
75136345
37773641
67836604
14314812
95809346
4033137
71234196
63802969
20162881
44114514
80738638
85619090
69280096
35934570
41727044
96882622
1466481
68778197
12922669
1322782
42517315
64803364
60558296
13686376
91123637
25358239
40630129
96893080
27135258
65864316
98716955
56327355
78848977
95480903
50363883
26071916
99038893
99996148
82167580
34125469
85514768
78324786
36896908
88772764
85430537
70260613
15781846
86709028
87239625
50783604
76310398
97462275
43552394
48700532
68701821
95811824
49648615
89541148
2421752
40838508
35367091
51202181
95140300
98286649
11358690
63326088
55230415
22340525
40292564
52419727
62423442
21721632
736235
3518248
96711430
7566984
12318970
54940164
28557207
19707670
84542351
53751062
55398279
95092035
24096371
88490410
26210402
83144396
33319966
40924811
61030990
16272956
89917431
25406911
30888162
38390881
62661893
17860473
60486363
72780393
74144739
99956397
70923244
41334607
2600255
74762186
43447240
62977955
40344674
16396907
73775037
75865592
70220282
86246186
76842627
69828169
59195045
13574385
62612046
8041853
25306826
85927081
56681966
88879783
587376
34942709
36598611
93126168
70611563
85491491
45428606
58113073
69356071
11091966
53293699
20352745
12590722
43260105
12370542
30641368
46045102
22589984
27826040
7607689
37684687
99572797
54588030
43131151
45580295
19555461
31085198
45919991
38714393
3722002
15984235
93189655
12398886
89372892
49160029
33313467
85509619
45157967
30231225
1197572
99264903
70534519
12597816
74462292
16310848
51447103
56854986
85820856
2509498
26345993
74810224
60054512
58948114
30738533
53059899
97577417
90922360
71066620
10249678
19267960
34880522
63659442
25705201
31563148
89441377
17402668
52932989
62961668
17262655
57483235
74632861
36123647
50441139
50864253
52787161
54194530
43641391
35060466
30528998
26072298
14576670
55377730
79596258
32261591
25012748
50188997
78070585
56793270
63231521
55668961
86721024
88157713
60308631
50627063
37222691
26233549
83986547
87540989
47889113
54221752
58191607
92853456
27813141
9554259
86098028
35381174
78619173
96348452
7647969
5204860
472931
38364856
57482693
36996001
78407260
86768445
70300938
69551060
6189500
58005673
51138030
97179377
80278058
55999516
95192255
79062769
79676045
44939285
81522837
75928638
9426133
63211406
29201112
14815528
38171291
93692834
39920540
64771652
57881965
29753413
44794301
72963527
93601778
8829380
93782134
78985140
74815985
24944216
58076664
66514374
59755945
96844601
26238884
78351480
58675621
44535733
80824217
94099187
79569980
6570062
74230208
61006429
60099820
7646913
22190080
31366225
63762895
93279110
92372678
53510919
15681296
84059894
55160758
40129236
30961928
76581932
95105142
39808189
72582399
95508459
19306601
75211
65605654
95893951
56326377
82027803
9399059
39161520
75442823
43179794
14654634
82746242
48575033
68546594
18707193
44354409
53718375
61019502
32027131
89566959
74121136
24504457
10602920
64746037
1339807
31948162
53706760
25298507
53546231
64612989
35023053
24991809
37824450
28429457
37298005
53974876
16976658
75256730
39386778
82781084
62256372
40215908
88666010
12321719
55493057
92486710
98332435
42653026
20268481
5406429
7975906
38789775
75290301
87642156
88304847
48478735
54317316
20185532
4970147
96665325
74527112
83361017
24601235
10063100
33868021
88300531
65571711
23080342
93179931
46565555
15310428
39789902
86043237
74437896
66787153
33857386
77691942
33473468
3990675
72087248
42934037
1752648
28753658
85444992
1125770
53357630
79319481
13802150
76178248
25685347
81495093
99552907
4101679
52221433
91534948
69131447
5798656
41728079
23271185
28318382
82546384
2476285
26737932
41470115
55093003
21069840
57404178
31358525
62630432
18172786
6133203
23619863
17690138
26831178
78102000
81216451
37159301
89832048
25156529
42605731
57433551
4633209
89442735
39584253
70084224
29868552
32002210
30093193
70755501
24114176
78747200
28983034
61193744
11744915
65423036
54469440
30520552
41029091
71805846
94226563
28670671
23957721
96518534
26807548
15549585
23894604
59547629
65985111
66375930
17970362
73807220
13600275
46640778
42961379
72969031
736461
51422793
35119091
48583715
29818037
20771490
70116526
20598017
78315333
58011509
65589047
91998723
29690106
56038761
48416062
2341600
76721633
89661864
85942652
82237627
82885636
66036056
58102365
34525252
22824647
90501600
40728191
37479254
8683145
46347294
18259144
44394795
49387954
26799903
92019233
85456128
30143785
2879631
20956616
97789676
81199282
57785543
8214088
93041837
39570391
53328924
61483590
46263883
72840880
93880513
45008511
15472177
63888701
69231371
16121338
49431583
77052405
63539202
43353015
61510113
23653480
88248619
32294948
45224705
87980341
42524571
77533007
87819882
85688493
15968552
38267930
41161223
19857704
97009382
34531040
25930872
6031956
22283359
50689851
62137150
40004206
72565920
93264269
53148260
3852839
10503941
58252074
12376617
88793922
19378733
7712040
77033091
47917898
68593741
94336123
83009427
5909874
36615210
50054402
31043828
41994737
64244937
10743840
18448786
71929276
47465713
2540623
78970935
98932370
4252865
39296208
22568063
22780510
85728298
87572548
91436259
41448236
69583728
25478226
8826912
66547345
90229623
16528670
88634810
22723927
77029280
85269352
99341518
38736845
25092569
69091281
10385463
32142468
92061450
17329555
58069810
27197345
25781166
69547529
15258672
13622096
17730773
47606777
93657484
43763111
47428869
19839347
32661633
76275943
77727600
79773961
90044918
77990969
16677074
99522200
77758871
79433362
16702515
88760758
96431661
44238876
41931500
41075118
65771415
29743151
92993134
60410011
11645138
42364677
64108024
31248978
2223295
81804893
49962934
78620004
89116005
91067462
83299427
59754734
34662799
72863787
92951224
82177706
97896954
24787178
55694574
97034895
73522008
43420945
35676140
32499808
71087031
3349381
19962607
34445582
89520439
24209103
84342339
86663975
66173446
4909935
56613034
60936265
85445700
49483894
10169115
92729810
82978277
23065067
11497216
45850680
55903201
95926287
50621229
31418324
45219312
51672990
21432632
31498025
77013231
44742637
31168631
73766439
46286324
75068104
89257609
90541990
19126180
92038579
58506640
88029358
15681361
19011064
60494539
45869699
77928748
53478086
2347771
24126219
22903135
19456918
83892946
77051594
28075035
93331650
83979508
28230252
26059906
74616359
35222570
79387657
97083367
64563032
74902564
29104425
89731985
10881911
61446225
80910893
91464488
3203959
90532420
59361732
83210212
55028345
56465690
72530026
53992606
61975309
654273
72361329
84834697
18234947
38056523
6559800
96572377
40524157
3578104
77602879
84288433
5185361
79179862
94964737
70234356
16258943
63359759
75786837
56263045
53460848
85288533
85926404
34623036
13049447
46842461
44807468
45911950
58034604
72359532
73515923
63803977
65038565
36165227
77354836
77719561
93308166
76990503
37952178
53212215
31563894
66956295
89370295
33745654
66786479
65002464
44742427
17965197
77140083
56585268
97308094
76927000
70555780
69427372
17025220
89168603
71947977
45158530
75244767
13718573
22799638
77949438
27777072
93390610
44605604
98638499
72517953
71600907
17669329
49060678
6226628
56130721
81794605
90631345
88011516
39462127
78959603
39180976
74377074
94584262
19120359
82614584
7924391
20211062
27865342
73255655
81328127
4241249
68001322
75296194
63708258
13870416
22148045
79361023
96138661
14291267
16651190
77974284
11520786
71644559
82989346
97269047
43720435
94697584
22332474
38127744
46143660
99261152
75694267
45265669
7947588
32111672
95359772
31025592
17573207
6829348
24849017
67933856
21574826
31918485
60918528
54230173
89683088
34136881
8988643
95220460
68334268
77613541
23200173
68374542
14994663
5673908
57660139
62974435
25455963
74897358
31767955
46304206
46442683
11554918
106814
90386135
95521366
60770279
38191944
21927207
33562985
46214797
67690478
99817212
20379578
90284747
3036867
90891922
17735221
50864713
28928481
73851267
2901781
33027410
8001217
12663254
58529826
55731352
61897261
91770852
93658638
41933298
96590239
49329413
43271271
37852381
56816438
64088615
17765521
27746615
13710030
50000169
44600296
80806679
53588083
14833900
93157752
67051504
40906504
12013756
2396209
17568242
51990779
37990559
77770944
20239533
58968348
95979857
73318003
55252579
1187365
36650921
26733586
42701875
55898343
11384734
10054726
9673516
12263847
44098718
28871723
55119897
69971092
85596046
9063889
47263488
91204092
52761715
57015606
65289259
95175562
93576349
45051690
18157241
94964008
85996935
90646438
31932834
59711152
31787972
81975144
22832202
66243589
56087958
30343240
12162942
62495159
3766506
16501771
84668990
47175832
25168726
90325604
29906401
23831623
33418263
69164099
12943767
38898985
10239946
10467947
68278297
48705526
30774632
8404032
68219789
34008880
99696556
41670981
60887101
67397596
29747036
31116808
30155189
15131822
58897117
45843941
15241176
44848206
99452033
76680272
21176577
42338264
22642932
96944525
54124478
10551685
10321709
78853902
87779774
90133337
36703948
52058127
38634798
65585746
69481088
95257663
94474285
85456227
2529608
30751798
68165644
40848597
10515494
46023933
7621803
31546368
34360204
97848510
5426215
35815195
56681943
24707350
28793848
94355032
19834075
36496237
44880650
14638617
86675375
11789817
29450863
68269535
90554983
68336476
34414720
87629474
82904065
73954584
26594045
4069582
27529342
53425841
98417753
50569369
27956468
15483772
14611586
22200837
78181080
96961098
57170581
63191977
85064120
4632996
1034425
86724648
46083861
28169402
17583944
35971470
76899955
78967628
78057734
89576500
85191039
84454061
97489378
84646369
15907547
11954180
29015056
35745298
82601499
47466304
74217210
25831287
65288511
61533876
56600840
53563291
13459609
94278017
69463757
73789418
13759780
4707901
61815536
77076801
96751058
22057106
26800232
94116212
24769381
44698297
131757
17068230
20925744
26237773
49865235
95824356
14716919
43608666
22464515
73623894
88068400
8896137
34796442
63957820
33278972
7335757
9990048
99442517
59436
90621127
75707658
24944662
43691356
72636045
43631495
36983217
29766001
1900576
58731408
60517199
62588672
11361660
93599249
68483982
94463163
34923153
29164563
71879107
97061423
63235463
99842540
5253056
49584479
61892811
21634250
93339401
75300653
92506425
70430606
68789234
48870429
6540591
17455948
50667845
59976878
31143444
73510778
7407563
4232323
62396327
15879682
19537100
27096118
30308389
80525416
41483826
30897530
54086214
76013184
5872439
26940515
92631930
76582751
85725279
54981999
10111890
18167914
18882372
20986357
18103735
36955932
10701745
4302051
15046982
77408082
71858360
43929421
75103486
57677538
40071454
90268371
44553385
89375823
74215543
97659355
49394830
88280352
71368175
14534003
32951053
61632378
18677972
84396108
4365878
70309097
45256559
86962611
89297743
38887370
9160191
7200270
33523838
88671363
38044147
57079229
88505947
71247501
24138575
71305571
4860063
69189030
73607650
12506411
7266936
77068391
45714230
84766507
77955663
57255142
1237217
94963025
78005824
95701370
65765420
72766498
52833913
56035512
47892291
55860447
1566849
66343269
79471731
76964612
31373767
14158831
35020703
78497001
28126594
34819447
82128971
67809905
12454443
36255159
81774274
83327865
16431066
85427494
64585193
90156865
97989257
97494870
21424709
6488160
58953954
19451252
90658001
88240508
74328220
50942219
55178596
24914777
12627759
12226329
63710182
54104555
10720543
99839284
36279100
71129574
52007356
65984136
26897219
448051
73088878
95597696
48423464
62866781
404904
26213460
24372535
31663059
84504403
78072911
87183323
95701871
79863266
99088156
79737806
76437845
49106825
15056730
78951850
50142249
9059373
23217652
39127088
48708084
57431195
81654329
90009981
36716020
75141420
42532991
67800279
64736847
281262
96921650
6789701
75529503
43658034
16735300
60979293
46945522
21986058
36959174
53883658
42102680
91579475
83834256
90807472
94977996
88867943
93810703
34453432
90219646
76152833
3548549
32003818
5775731
85904949
16638302
9629731
90409086
5116338
86476129
50031595
77111230
85232375
44025497
17967331
68697222
96541970
56591739
73317666
37365020
96266709
14756847
73906366
36242787
8569927
84814273
53721119
52590552
48217492
43562187
51370774
41748702
75339671
33851943
81123651
24155582
15746938
26294150
50332832
12536609
8072665
60237716
70938313
56297335
5507565
4886119
33960169
67453600
17942518
48589870
38365086
60056442
70364646
93360275
71425037
11749595
23464837
44366518
33976008
27803091
43363374
23817072
79255529
12575776
97954244
43815079
89036711
91644225
38865178
87568900
55330633
6634704
53741941
60845500
94770961
44671833
76245220
35080521
60568394
1800261
65189450
86253796
32230282
98009555
47258470
95262039
63210358
46307453
40876454
22663641
2325499
94440452
50644743
25962710
4596563
96185750
54610902
2698576
99974251
16855773
31206939
91153714
82416761
91035252
40570139
43046006
2667527
9466535
2055717
75036178
60891542
23319786
90598516
22233330
76645796
49184165
15677057
27372353
57094948
7971068
42608309
51655906
81964866
72412591
41574402
31805195
28926051
83071511
91798647
51478738
60337941
4393391
32920533
81790124
93215213
11722586
42139872
34786912
46096692
28783421
78854967
28829818
39559961
19624429
84335690
92905734
89046946
23135712
17717449
5396031
43296775
27277193
65430866
77479328
38380665
63849906
89278411
13084960
17664273
43081505
42828717
49829973
91132729
84528647
94006485
63359364
87298651
22964090
31748124
4775047
96786884
16480397
40451336
11602444
40452652
86529373
26327305
61101466
65676782
46423017
53991738
74853065
27602764
17812049
91702652
70957882
59862188
97950535
16204919
1929719
80948551
43455369
47450619
37741515
29791584
74641005
94944823
59816644
3756489
180153
76450678
55258131
87613292
91793739
66493394
1618495
62872666
48595012
89458084
35033686
43210817
69260815
38562778
46833752
92178336
72846057
30949131
35778506
79756212
8235405
70811016
41197224
31306540
61044981
59191583
98405666
70564336
3546028
10938496
61795460
96192703
94060165
6361655
97567038
58443847
30996097
34014842
8433116
78499431
98085685
79078792
67939842
94825080
3870487
78368323
75700361
61081972
66922819
16993801
21954546
26370388
77040496
43367689
9858569
63793426
58813296
77619242
23119524
56378759
1306238
14541877
58447127
5956169
48894525
13519481
8855570
39705988
73497524
30311041
94685530
64734891
48312320
7062045
17355115
90799028
37162394
37332560
28224579
31240474
3800498
75243714
45739144
97515793
16265343
10424439
33780474
13744760
80492994
39863584
46116932
38802030
56516319
5046750
56605900
46757287
31966439
93644219
42580324
68263884
35533585
24460059
14281354
78652381
77075028
41042461
16424612
47173321
73196915
33789910
47607885
3573639
99595915
44800859
77305102
37861155
11340697
6630009
46777928
41785391
13893359
80444083
97599318
1149001
7271248
97246573
49603766
42657436
30926973
2712041
58697132
68854480
52795478
99540759
55542418
80129227
89919479
56744505
95332588
34446265
91236542
26099819
89169398
10022219
64843310
28051158
34187178
24614931
55357516
71282806
86831635
85561111
52891208
29131640
11913773
79820590
77861993
65830651
68199907
43898774
14088028
14724979
83536886
9239110
88065677
89029001
62959564
44837708
73713617
99625846
99003959
12161340
26002696
81317800
66600069
68719691
29564690
96722687
1560919
78624255
70499882
50312483
55566374
66248659
62694795
36164219
9999946
72811736
72838492
12790379
33572050
46005285
75091007
41705835
89241960
12553767
28629966
68589079
57214945
31150955
66038211
84674693
48040492
84866793
46648739
57962582
2471608
40280885
50691614
87426244
5349920
74645864
60974472
29980468
38247540
17826876
63801379
52885978
82380886
87760530
20996097
38483227
82213
52555439
1460054
6336236
13655283
92623263
75603922
80624297
9030628
91832064
55824985
55732150
38600112
18836200
93293655
99366754
1048482
73615433
2035009
72207643
48323485
5963841
61304605
38202021
90414518
13318500
14447311
99365299
88561038
68448982
41740258
99623818
43906354
30831083
41316602
18308504
44175234
47642259
42154711
26906579
9360303
10031194
54465433
95893386
94518967
69857066
36434071
94885424
80463787
23394521
2984136
34669055
89509307
75288561
8806329
59887008
76417540
49399879
22402969
65685362
61794711
8819381
82656611
31490992
67392379
5381403
47258728
38395691
6504796
12190034
15991072
45669351
45501479
41150283
61318319
511832
19938387
59088642
47019283
18328226
96104300
88757444
62316013
91106987
13516389
38608576
31808938
82760777
48846951
85193613
88673328
79337031
13430603
51395906
75575340
28917939
78693379
8315019
53893076
55078773
79486721
19489005
75305085
81681564
20003328
62423897
50499661
22529399
38570355
50440557
2702326
62022288
60718702
92214162
90536465
97690642
80163337
29957571
54101611
20849221
27468729
10971010
1500488
86236588
59689720
34638047
37940195
48195381
56734012
21557172
3722083
99485011
44170265
17884486
46913998
63726597
75175985
10780292
37500878
22039126
54813096
66843485
86195254
56906176
58819978
61166504
9203825
83554979
58640468
19871950
92375152
43213403
33136603
66166460
49953216
21810514
87446795
61951660
18509743
80127040
79708519
64345847
88659182
83616306
58604194
41535896
40004427
53787991
95614881
92091036
85929616
19739219
41560299
71121566
74729222
51371737
56564913
41419866
72443689
79405939
54244446
47444547
16019109
62792343
48290304
81323421
68724671
93859767
59421549
91757870
53587850
69279558
74081129
89793496
77235054
15857040
87943158
20529901
63077861
64914232
50847970
7828406
10631913
20519822
1814815
14228656
57308104
89045215
28125320
18484639
64371966
37227769
73286799
31317340
84797320
33040547
76107416
64796301
45993024
90476729
14044568
27532313
12512242
47065912
82564615
30641890
51180847
74011343
17840316
11403098
87191547
14286036
40212865
71325932
40337299
83927241
41656210
10526624
51820466
11137826
14901784
11920699
55871316
57000046
12818695
44937027
99797154
24127556
28264158
96097345
28097792
41057344
60732634
2044689
4153168
9989283
94223614
43459950
8289738
11181076
46912159
44986070
62566022
84869316
93447508
95599468
91573134
21189487
72640699
18931223
28895726
31856887
74008346
34236889
56968326
52004152
39140007
47548522
78091782
22942836
63229986
27472551
95905283
12373221
29912007
8334586
68309093
61041320
99563262
55432541
340718
94434277
47808507
38808856
84386146
65310392
12321930
77637200
84496720
1253864
12047900
81043105
52319006
19722999
30896010
85417193
87373367
29870859
27562560
67886101
95091737
94817057
7889787
91621513
22517598
87826504
69639441
55459935
81884525
18155967
26233348
15323228
5725896
81325298
59669807
10353795
47023309
40458393
39706178
42683245
76492444
5383582
52617896
25175107
19782736
3244846
66173993
30786616
14169665
3798245
10190412
12428156
23716306
27387161
72929009
77342586
51868616
82884524
66351494
39345412
91468544
64383885
9108109
23140628
31115892
38940353
43343154
47674556
32972023
67972954
11293312
43878239
7872080
65219682
15197459
76324861
1104196
77735974
76466274
65421030
76839846
78638791
51086612
47355660
86372944
1209476
95825280
71064434
79902260
43299572
36729985
93732732
84726041
81632621
36807499
85851435
867628
14135810
54938256
78488680
81884860
67191984
69192821
61206548
14723514
5524530
36250277
23916118
54483956
96606395
50389238
41576932
49028595
20443638
24621019
52279567
4183606
23663408
31407302
90482098
33845541
64687965
12930535
56460322
44675291
79339522
50569328
91051575
30936043
20244046
61695220
64534749
90498114
82291538
87913553
56022276
44441790
76113116
93103969
89776687
88299143
15016233
45016542
75154543
43472936
77888832
55049246
31014166
33742971
13046507
2278945
49267091
36587965
73751563
99600153
40108810
54461122
10916362
36066124
11802541
16627250
12683221
43470537
72448347
44490949
95869320
70815083
94801447
92105099
54653377
11006512
70407907
82410521
14638125
46972065
39011889
64115347
87442820
71676134
45294676
42527799
73458901
65326329
78760569
93429410
76850845
64479371
5828890
3049106
88823600
74982261
23737232
73559611
65551798
62538169
73418301
40875337
56608895
13594266
29803963
29568240
19126381
30828423
8304904
59825290
46721027
68011050
727678
91418482
39541616
10602802
48812393
7276206
94804661
26838636
57007060
76768306
99131545
82538685
40208349
68194047
87969208
77486301
84509078
29013120
8944308
31019072
21839867
95161066
34133124
70693019
50954655
86292449
75604243
2603376
92619030
25433359
72326861
66331929
18180129
2155506
94476621
91398254
1827655
55042687
14558651
96830778
40788890
33151687
8014474
45034615
44258773
87977803
10951909
40408804
47020391
12766713
52820390
78814930
2303732
21516249
13959460
69930355
47111405
98267270
34111036
89877185
37263512
71239872
17300590
77919004
34044927
18574782
93566309
27202305
47188010
96968033
26713955
39572272
11373873
88322606
97576032
93536535
54544728
45781059
30301653
84661940
57436587
55634682
72076745
50034462
5739494
60021451
17179597
97206241
35182540
23714136
33646340
68042285
28288879
41133126
32198858
23615031
15671621
4660923
84114678
93880128
33961303
55506571
74993689
54297237
10683286
49099923
28039288
96705902
31440436
88892246
56274470
91616645
80480967
15904089
7894048
88215694
16489430
9925608
4335412
56297212
59741355
11921398
31833840
13293529
50538952
70383641
81602611
6038781
52052030
84199394
86552439
79649002
62605847
20926159
59423436
58968486
55580951
99019182
49291558
84984898
13358797
86900837
70610470
17391155
58537149
57773312
36895429
67078993
32758367
97425558
87770135
29301391
45542570
15937828
77522747
88311687
27804548
6710500
14487414
74169359
75749071
99005539
8502449
97269196
91304945
18771017
97542986
12384429
53295803
86140631
76966447
15208555
72369200
88129154
75396817
38758244
13433015
14106379
84840726
36088917
84222914
32197826
65410189
40173843
57115547
86872886
97206325
48251709
68543998
22390456
36660723
84082593
91426417
83244895
21655627
18345709
56538408
76486535
94359078
36027823
56298130
81751776
20971131
9551132
93397538
49940657
94048727
27021593
96659625
30271236
37362560
97656968
5236995
91556789
77180100
49237371
1894442
25457374
55218562
83022484
92675673
19011314
48639834
88952061
64616121
90437035
68397877
91802441
47376831
18932581
45723570
84212333
81216586
49778619
37856840
49990308
23796888
73494993
68905002
27873536
7756496
16099224
43558276
2622616
59103820
92269132
14458768
75186522
15842496
72041241
51653153
99937598
57373552
78462032
5932638
73151607
49986809
29979277
30147383
56438542
48762717
68307981
50396139
47909970
11501896
40988962
47472973
92570420
62633100
7014148
7396324
82153182
80668328
2267104
20149192
24894121
97605912
64565508
5667174
77931768
25661502
97112815
99190324
63731462
52823386
20101217
51371911
41331506
5556874
98073293
27158759
51164605
67725261
39005601
34571729
75690438
75486565
81451563
67462464
88600999
51511647
51968792
16820436
39986231
30193710
16347570
9661767
75432033
22218159
26866170
92941855
35972166
8329759
80181799
81324009
24502249
20839738
12454339
48185729
42672909
66418574
14338300
24495139
70028926
22846396
9087096
36717590
46153025
56674811
8613072
63799312
74900847
63911363
25088795
2617905
56748910
5848084
20321579
25499737
63040254
29537415
35648241
14065065
33642732
69102593
55266694
81443168
30687014
39647474
16879206
97363452
73738921
96030331
69007331
78385428
30773895
39580598
24873245
71813980
6615702
93036084
31558960
87094473
16339236
48799471
90915604
32607882
26461175
92857775
50020882
61889097
87780463
97635105
4798626
93906920
41071770
83939410
50996212
18031316
67132804
38762662
95729464
36099688
63018509
22798553
72435421
47904001
88616301
22216784
93034244
59127322
71154653
84504241
13407373
47124056
48572780
33483269
91778039
7205032
92847834
35513943
67776395
70594724
37603611
96960946
4902157
80905428
47510840
43433490
53779490
82678444
30663509
26871222
67364041
60405482
59551433
89222645
48216092
47451454
35810347
38821188
63344780
21476802
29979126
28258966
32601775
89777841
77077282
11845390
87171983
33930413
3311760
4843683
19536043
64839983
46174682
9706783
81941915
89722353
37278765
7856043
90164168
77708062
77402631
85191182
8396940
33719165
57063232
97630785
10118625
79351250
38342017
78981091
35766396
14555723
98621415
39695530
37085438
5348040
82897672
46031147
72216536
59306084
6467732
11828928
58714364
34300557
57213837
7544919
76202199
13450045
54043320
95772404
74616863
62329909
80051734
41112578
37429599
15294318
90158301
42364220
59293290
96744948
49970522
56727946
23108036
27278434
39367260
44873249
53009922
40263225
67214231
49082862
4621744
77521013
57880040
76997473
78649667
36641077
80012570
32662556
62216152
16466871
53296497
42842044
62534695
11537268
99002824
92442688
18108733
44360885
35453487
48903655
59119358
17952902
21955458
97234276
3199907
31609670
87887851
25588045
36502903
33945032
10199459
86620794
99003156
1725653
72460055
90880688
29242695
77473889
247460
31173330
52114411
56080121
27889023
58961082
9671497
32748399
94601929
98326545
83707136
5495301
11283105
34324743
33012741
85318818
31725208
61044554
96947628
33746698
96456900
56899371
30301518
18850472
66142999
91418609
91234198
75118038
53661679
52053012
85353303
23676934
56794469
50744121
21363850
10992047
73167945
47190007
36530615
86777796
55069628
84012896
43171465
7240749
96753998
55989549
42048353
89496028
40828074
45221154
57525396
66654295
99042286
75504426
59632440
29565315
55659953
55875621
74142649
18319505
15131006
59775859
42072662
48544137
34749374
51094592
91031476
2096756
98622565
61008433
16452257
50043191
94467053
85894953
18979322
79565269
21154468
66537845
91792152
75867962
50141527
34260854
5211542
57539595
8090545
75969877
39686897
67234466
20429494
13370830
92214682
63345610
26596785
36845146
5709668
32680641
86781082
62794666
66880115
96743749
70658637
24188169
16255269
71182911
90165157
31449318
23014033
2265393
27417146
33847195
86877151
73830263
90794572
97034122
93338938
32692594
90178139
62747414
90490301
67155354
36453692
87269444
37290050
44904612
70234473
63799111
91555103
57274177
8045439
19062484
39022823
72092018
34372539
76632577
38285079
74088365
64770809
8604190
84182561
5866635
38124556
20729514
16527340
95145128
57484173
93830178
97506777
54265816
80786380
8883405
83786503
33537629
29018943
72976658
59585976
78506228
30803569
99642493
81973305
42865747
28720793
97034619
74399412
91594777
78308006
10879621
89401955
22251903
27011670
30802782
33219570
63216708
46893923
6310275
93341964
12043530
30479711
23018400
2705770
68611895
37446724
54328877
23749002
85594229
79753436
38421571
96707695
68900958
95082384
99523871
36532420
27512730
60955093
71738259
18721622
13711002
71743310
47252721
99476646
98279061
68746074
45345703
11594960
46915421
69294405
11473287
24553436
69987812
6245477
26923123
37436700
18453290
50903548
71799214
68419529
23366225
15952909
49985502
35936940
56016482
11833392
43898540
42268133
15684119
12802384
53924686
41271524
12668741
49053212
33441774
42669125
82051945
69094871
79624145
40741542
34225785
21382598
81914154
60081128
56756475
29550911
7817015
19353415
15301604
47470105
99383829
17441944
49660726
18721419
54185567
32363363
58836413
45176832
50845641
75611022
81697821
43660359
9296861
64635514
85438436
82754236
78521733
51845771
35583989
89378556
48580731
47796515
91617887
62620371
35646907
67374769
79615292
39006519
63348662
87616419
5234093
14890393
77904002
69258363
96077522
53497131
79534262
60942474
6723495
67918766
94642402
70830754
16336586
81069549
28097869
39903686
33443528
82524010
53307902
62080614
39487763
16092270
51713378
99486669
54780327
51468046
73625539
66709905
94426390
21353
86923107
43203544
97700320
46441072
78910878
68212755
14948737
9513600
27041651
53098541
36384285
1912667
28394627
33971020
9118662
21117302
16484933
9556190
76521299
29895316
58740060
7614792
75004493
39249007
43251092
64744761
35454498
79430986
79579785
56483187
3618149
26862036
56048557
3734892
32653819
15495694
30050064
86050058
38399655
73466971
78036567
63293913
77047030
68455383
10410818
13931784
72933964
54820446
46484241
86117960
93999244
10514440
93153285
34391823
22172204
68624355
70812753
67948180
2770647
14965095
31550966
36580665
44667984
75919819
50146669
24718573
79238929
33015970
55562087
14799315
39253455
82220882
70762888
75515573
79646093
98932808
18701204
389344
83538092
18715688
84531372
83099606
73147740
14542220
41403699
86284455
74718613
50183748
60975697
28986818
35780993
25827959
43705363
32970680
25089051
609643
56194419
84127560
6657981
25171667
40219493
19030312
24411520
32305911
80364459
87571207
58298310
77116457
97324793
70751532
7980430
14905891
28925245
83715847
92515576
50990067
21542869
75690568
91059809
5861852
68340580
62748255
35773916
35894699
15596950
59225712
11025916
26028655
81131230
76178851
46154907
47379918
72024081
71415328
72232968
57245627
63044758
71018983
79490294
75738868
60800900
29924988
35825173
17189543
44099641
41851011
71673537
70440847
16950222
44655068
64135721
34008216
84609420
44021223
24937932
25879848
6936160
18829589
31747971
98454519
87507751
6794148
8764328
72175005
1180644
19172338
8085404
4173078
33904058
60135931
97846427
36598863
45707808
13073
97515880
10935221
48461386
91566955
58948776
15136204
24265926
39095334
39724630
43213720
16209322
29506252
56928085
61586036
48331389
34852656
56002382
45846794
2855928
33326896
18825440
9232599
89796224
15247786
45039528
8639067
28599968
67927354
20531972
33136617
88771858
74183440
69103212
77765929
2381099
37216073
18092640
60703801
72289605
71456543
80809171
3556308
10855742
51564642
18682538
99711146
81173540
82097608
72070220
18104420
86642695
33654926
13910880
28879419
86365513
62964273
64913506
84930520
64935466
43673516
76473039
55008847
74078444
62839613
86684168
10276682
69662423
26163003
15457179
5224626
36128063
3685146
53847073
94550961
31695794
70132303
10781795
4154763
81645957
39472769
45188736
68792157
35760097
91950670
4111552
94536340
47774082
71907038
45118445
4195402
71277833
93625359
842977
88267028
44889284
53721669
31764537
74792544
20775676
53375817
28663345
65143315
59070505
27978408
39394457
30952574
65420320
79826694
55296966
98775690
50565075
28714001
9727491
81136195
98131116
77222094
68373393
49305825
63648387
42622988
79662247
41412452
53650138
4328999
75070303
92401815
34216079
54307897
6022083
45112036
77765661
53113593
68951458
76011124
64378962
61589156
29485281
87402494
59296930
43771064
40025255
4644748
6056491
13567254
53739971
67092575
45401535
92407068
95821230
12786961
67630406
63724593
80273788
15066962
12943149
33660819
36003316
43841182
89893641
13312276
38046713
15584873
31277457
48101799
86125976
50612412
46554435
13951315
72480401
19933936
87241062
27629812
70407891
92682077
5711267
36988205
51733935
23670066
58036267
55587808
85469374
86349979
33725350
47657599
90364251
75193157
17898750
10423047
51999709
31760642
9959752
8841924
51844886
37148485
95943813
91124972
82540917
44267854
50612719
35172497
63363905
52435412
25001082
84166632
14980844
10525226
86988968
51690572
94881838
58974121
4203758
79316088
58759591
29875511
57558016
45531354
6148274
9715178
44083156
88520902
7574046
94373842
30718104
26993036
87939967
20788264
76116281
65943696
2528699
49972609
37220746
43618860
98399898
85052558
63328808
70193112
77354536
81853234
57367530
19996533
77889277
10243482
883986
64695092
63982077
556085
2424909
9518066
75970408
74801606
38512511
74622872
6389322
89014691
19112267
31830530
60319390
53192827
2820393
83091781
89719054
46127991
31270168
74067489
85204555
21727212
22861130
87817870
56984393
84368946
73556399
23296383
83251688
88364301
80502778
670015
64049047
88816073
22298875
72116059
6833134
54853009
43675855
86218943
23094910
28318026
1644116
2600892
86286179
1519349
11829664
19627792
93087687
8020665
6847282
89602450
48695828
61303321
36078304
90526662
11265920
40362433
58374692
92999651
41130894
74572320
44124812
74346966
59772923
5405940
66935801
67482854
91169657
53149537
53450035
77059094
34809012
43075572
43230611
19714312
84558349
36353640
98580744
8470039
4121814
5407276
32384859
14579773
52560215
33271353
5168736
77725320
16848802
32997912
55787520
14572540
69877271
3760115
76039802
83324403
65332010
488000
12981182
78321340
92405237
26526628
54765544
66858550
92361744
82215816
3368165
85301704
73111774
82037554
82643946
98345924
54522244
38621317
66887900
14251997
91691834
73331589
16630493
75834553
23075035
79607201
77114513
44148383
61908791
35063876
56985137
6701843
3648957
97196936
695073
93416459
67182221
98837226
80506730
64922908
32729278
78743843
84216639
90780536
37442737
53289022
67503079
43762616
2769108
48441779
99203562
84744115
83080905
62396841
73874574
42508521
46976856
45349193
36126531
82898834
36282388
1842294
1122769
96595859
9737240
98323263
94759343
15665430
56295256
64078167
74244437
84935898
59863259
73307160
52344734
49276360
11155709
36186824
94001830
65003295
32314313
71605587
65460491
64178923
10891062
12297915
36842403
86033719
35277364
22123490
41766168
58188136
58218975
68481163
85750062
44096528
2139034
8512340
38497454
96122405
42140892
71965833
57056319
85029213
45223238
57594742
67069179
26670994
92055526
6232923
1170794
32163403
59322505
58400843
89007669
53814590
51106188
25265847
60460628
53705142
40462827
54331871
76327550
50020562
32602280
13591141
92621634
67773926
63959110
38408655
52002566
17342170
13212625
92812740
74160265
45853305
86765375
23630083
70183544
31311854
80276250
2426225
27535337
89617051
91584351
84419952
57282989
29503467
9477021
84229669
25666996
61409717
74603346
77036511
36029880
64628105
91378159
52070882
12951907
12610935
22643593
8613489
63129017
36433290
74283771
31122735
67846121
53781952
75809343
17646768
54052192
18242337
64821284
64969477
70058093
22157853
31849129
34728178
12206291
79134626
15556032
47579625
1978098
91336583
50655194
69867769
45886248
41822825
94506215
39612128
20332144
20387837
30086583
25487281
94698545
27352334
46043568
32209549
75214068
56600561
27956351
3988350
33200402
51573061
89559736
60914254
31425336
8191083
42729056
83684279
92289194
29508390
67191439
70656791
96552192
86594374
63776711
91547149
16582468
37315980
95275736
15372051
6843022
61671816
49879105
82870160
39756343
363099
4946655
21025870
56147384
92393938
12570693
81828311
64350348
35790210
52702344
67533555
82796156
78093948
61156332
9511268
28001536
7653306
59941949
58401082
92170302
33134858
11692990
9307675
26517366
87858494
93357289
21252449
64955231
76631646
92882563
5321975
34939430
86154434
47812678
24519752
33859960
22212078
50510866
59381792
82563594
90698083
73185974
28356682
93243651
11694656
25850297
5360486
62316770
54882886
10453915
86009624
44883241
50220686
65943150
34890405
86883409
11662015
33029080
90018242
58355195
36745542
80403835
8961880
42959728
69222799
10728157
51159005
62518975
10188332
93118574
94875706
55065629
85959729
25276348
65351323
42502053
69217454
75049379
19943865
36420020
23435823
54989292
42978827
78875979
69159804
33924833
83863340
23883610
80083733
79643597
76635323
99992866
8587917
55668395
54923461
77002272
27741093
98166829
59949406
6789979
15398597
40149495
32836070
64140836
74908799
9975227
22503727
56919968
4406003
12017664
47627346
31297191
27989716
86135012
84474651
48236560
3853326
67984450
45873896
39435370
65996929
70983044
93532734
86354634
42745497
63421208
53826631
31103732
42908342
89721169
69699765
73494014
93635632
20203117
15440525
76124131
51913556
77054691
27098049
79448742
39314643
31057953
88353669
78954081
39697301
44516173
99077770
32427661
63631831
2939659
82819371
30843104
45304847
4914666
57320891
81404838
8393
23775327
55886135
42886058
76004467
44734020
77068679
85547612
6048081
36365453
96049570
11944768
71524301
13982749
38960604
70923370
11131038
67499275
42105986
25435277
72026675
21564882
87558193
55623186
17250566
61765376
30263717
72367145
32134769
15450121
79972952
52173735
31408809
81067746
93605594
94553838
27162927
1494517
73875467
40096959
93312939
58626644
79997789
14290150
98012789
38279945
65084007
30008325
33556735
67832260
12172862
88156362
57042570
83420655
11234886
25361013
15176470
40198723
3793453
73099627
41690758
78957825
89734523
71265666
71197315
74351006
28436898
3531699
36302162
48900143
82081962
7102200
16400251
3726595
41730637
62218366
51427327
75910336
45573480
76601123
31774119
52106780
34181348
96794292
25273856
45118371
33688850
22308863
39704443
96986008
72019199
10446267
8373599
59225791
74937401
91817634
81206363
31756954
52453899
1106561
51769223
48733680
71456238
95871916
91421295
82196336
59432215
95122326
5154190
3760101
35192585
87792062
43048166
66922083
33417355
83500048
85650923
21572180
14758530
14797961
52337263
36658794
13733772
23382127
43938279
81881498
38520076
53263313
76786397
93597656
11508680
88954601
28129133
85236666
94689858
10907264
40693303
42608699
46552218
39562682
45460733
36025805
28636626
91897210
74588484
10990749
10828640
25210617
24314056
77085318
94889143
87354539
21146959
66168718
21615590
80621516
97362841
38842485
21158092
6488037
1074326
72523986
99756819
84199603
69483371
89770870
92305774
57561689
96726233
49258795
28869056
45512111
26086689
99907744
41876711
57399846
54636405
72074939
15203575
90567478
86697775
32607824
70980631
95142650
95147356
77314534
41281462
99490350
76772579
40999072
69365309
53854106
61244177
60410492
49158890
30046641
90369563
39271531
31267697
23232835
85065623
94644642
73890440
38001676
60379797
92641014
24827370
83672492
44409987
42586389
53120269
8760579
7303816
35790752
87592434
82943927
11097553
78653101
43019047
72063522
24150680
60403399
72227661
86937672
24625629
67868822
36334192
62241003
58105847
26344760
94126926
63016656
96752915
53702923
7655122
91252962
65589469
93057169
26067106
76776781
64300396
78952278
22508144
85044485
95276095
4735450
55241195
76904517
46838678
6250786
98682994
40896259
39983873
25913654
85431930
47223782
40379352
27259818
84225973
66663441
42080260
49986541
74636223
41869099
48140151
66218858
11981646
865210
65759009
31284341
19322769
69069356
14297162
40333318
45500800
46197915
60769474
41831234
71738585
93188018
89506860
75675398
46698046
46984992
62250152
24195968
66946813
49521693
74083198
73893470
18339858
43640335
37898943
88667538
97290938
79355163
41029455
5885694
26289358
66536350
97889874
36385665
79112859
68388613
36040884
10435165
67845858
98144866
7882159
25678000
28318818
23596652
91142867
10676948
48382674
39881421
27624724
24945137
50363883
41743083
99058302
4239395
8663564
64667323
34795556
72115956
77880068
85376893
57192337
53584655
49960630
76460713
27707956
10336173
49311724
39603704
40978419
24966856
98933988
47969385
46722738
90296996
65500850
52768524
80466441
6682133
22849047
41337710
94829562
95552327
5526059
65952658
45696213
73076969
91131054
888928
23684548
33322507
43448596
11145497
68924959
34712309
22278218
738441
97765999
59224856
30607903
39364369
84836467
34612295
37646345
93050859
12217749
42417060
97694454
20839271
88935138
10917579
42935555
14192320
67525775
68991775
86869213
68962677
93204476
13872720
7981382
65834822
9845138
28748313
21128700
24208345
82043660
1034561
90748731
32177603
89528860
36276596
58310053
29816608
15972445
55129835
6766782
72748885
48895476
26793127
47155136
68990628
99222452
59316846
20607719
52572333
27733897
27027743
36935126
31487813
89019503
49930757
65833945
7482175
89386019
87494155
89116439
70359818
31884108
16235671
2237187
59039949
83401427
97884253
13984950
15125521
55643633
26054591
18082004
96298541
66884175
70188267
98444335
51548764
87274262
92090830
81327885
32227467
58785585
40564400
61960766
70988737
16434491
75726489
7164803
19796761
82291930
30888307
1894017
14541883
88813511
91973737
12087253
92439203
94872674
68568873
35495477
86763205
59914886
73906266
57742934
98907522
69331609
98126544
89971963
37546379
30997240
57705678
27518793
2479506
21151741
30548049
2461347
3167423
43404639
95426389
74878164
10671474
47159813
14925254
78656035
36291639
7124819
98973307
32794857
78458311
5242781
27502757
3592130
17242935
15717166
68997126
88424969
43588306
4469620
15201921
82540244
26650143
19652432
83516278
47316768
74064535
34511837
39492940
70871751
25537734
94113863
31485978
75991386
47125167
13474792
21270527
77604650
30200751
7959068
35398791
39083862
98243508
17571585
53417662
4601906
53979773
4758307
16486760
35171917
56892763
17292470
30617747
25609591
87949739
29140963
56910456
30136203
90777864
62760938
15832824
6425167
16699641
59396469
60221813
69159310
19588351
48800768
92324499
49219862
95399543
57300917
43593675
12364383
76134312
29966898
13932959
75372729
23525611
26221619
78675212
78417589
41325045
50406084
67143116
32701521
87836919
6406815
21353260
41510384
45320322
86796809
65385867
91304022
44497184
40835856
21386792
20009553
64483673
9363293
97155470
49635975
99670884
78527276
38858958
52135851
65932371
35037361
23251297
54981025
69509744
87011878
91302167
34064953
1110042
16836859
47697885
7315206
71106349
80580708
68598982
41951741
55229
74540198
38478906
45451332
78505366
35928193
95956986
22718148
65231047
90708080
45800017
33342251
87428613
19079171
22286563
69967694
23645585
81972647
69941035
28705605
99755411
27450392
38481169
67582687
55480017
74819497
59004193
23518676
87806880
56619942
2857415
18218685
21751656
98107396
44805922
57259541
23810840
93264646
6501369
28669464
40197777
66098707
62130845
65111773
17890942
65227530
94080470
31744634
38068500
59461751
14518847
48388685
38119349
52498609
42529357
87843132
20511181
88078965
9883644
21700968
70798103
67763888
63727384
751850
70664126
42159881
76751174
62657667
1619025
28802355
89252440
77789334
69215263
84298202
98920100
49321797
17325776
67935371
5951213
39899508
5009019
64383817
76713559
87154783
77608491
67017091
74472729
77484936
76648671
78029181
26724287
31323559
69017374
35880772
7203940
26407746
86432615
82988273
14240510
92560066
69480404
87500896
88616980
692886
86492662
236201
28291389
82320588
54841573
76457329
5418353
43385058
6908279
22738732
61857469
99314462
92686714
87985848
45633682
11721243
52865973
617776
15903358
66949006
6907925
21325056
48202440
83938472
61072490
41103294
82395627
50733293
9040158
18417513
67239710
62866564
43890220
57724835
25559813
48065338
21993890
91814508
25009051
99135680
88863659
93732606
39824487
44705598
109725
29075797
84456951
28934396
53770286
69742310
4112826
24032414
32348628
77481893
39237417
68510306
30311980
34728966
25322535
35911863
43986122
69931457
51157209
96493320
96836833
14148395
85322076
82229016
27656436
42614866
91851236
41969761
80273677
41263138
79247878
52205689
38368111
22249440
10311823
84035395
46846353
12900741
68154893
82325512
7945962
64199180
15376755
91850441
28057743
53371489
21848279
99647547
27824007
80304218
83610376
34636304
78031186
77390211
50816153
32852700
71908069
89187786
93729471
46352145
75953638
19409369
19338485
17590424
32745410
28009338
77889031
66559498
58771942
92200160
73163241
36141994
36359563
33250811
31690620
78893902
31514627
97576296
3451440
911153
68119081
86459366
33145722
60360628
21015518
52209932
80502377
60362056
99155984
98260247
77165584
41691292
62875140
7477527
92605372
19909883
44445293
1181130
77949893
94291430
8942610
43679313
32348540
23778324
77049467
80822724
20660623
300206
14853904
94705199
73494664
31757274
46556956
97057907
23345720
16332997
68415755
51149698
5049972
2271629
17308072
59846004
49425706
70385144
9127502
36961192
48533869
81162332
46341067
64645685
64677189
54543717
60913961
76709742
35764711
44017463
40110066
53984172
37505825
28045112
13115368
78732217
30267156
78651381
39304100
9247596
79861638
16609991
38355679
18327302
84526061
79420648
37348261
32778153
46311714
58869984
45873923
32164325
45682100
28093710
61239849
75756814
64404378
36515991
40295401
62754690
54749407
78858862
89050657
52728733
46534285
87704145
40729203
62920635
64038756
8663899
55755163
74712825
71025833
72007600
14199582
26439671
59387652
59170585
45021279
97801699
57400601
15827103
99330345
17321727
86688112
58366128
13985093
37925681
20207125
46799993
36560674
34216664
95963997
20006817
27443952
2187276
54523317
20713553
93764806
78135857
60746737
32238603
23702066
25435550
42593583
5426803
7676507
25366498
66205717
92285775
18280290
2013710
90570692
70430455
28950097
97787057
31815862
19893745
24608893
70275882
7596375
36819618
68470038
25079118
71716168
92849188
87362816
33670798
80698641
18584461
65909169
6392432
96139861
78461184
23453882
40058742
80029915
99179659
46273960
32763918
69829439
93950942
88476095
56325223
5135990
46594037
80746269
48243840
78808864
3040598
55678051
94305896
3945918
69147023
61443679
84729989
75973946
30678234
7402371
54686970
59596587
31066387
19703801
60770597
51368832
54957849
64494525
37170962
60566040
13615914
73107328
48366585
88465004
36108137
51877688
97486200
34716339
95775072
11980206
11077816
86749092
18490187
97185696
84743915
82199052
73640025
47568820
41383199
65438909
84090502
49418439
28113107
95475298
49954251
40115836
6669058
22539171
83186111
10251402
52789295
17897380
34833750
98710992
76493057
62988910
70506868
94763880
50436335
55209328
31376828
37494936
30879162
63015420
80472047
40285002
61298347
30820477
68682689
85336340
22632877
99025237
73624562
31089928
14519887
7761265
37096516
69052654
86284799
55246588
25280238
90849512
65140847
12615131
67410256
4402073
39924078
36098840
78547429
17604161
10632178
26240315
30273765
55472712
23105039
19348234
98629720
57818798
84346213
84572908
11192026
79587186
49853538
83512624
34568549
4894105
60733503
63741541
71397621
47305566
76409554
51177585
51757206
11200246
31528941
97140845
71732475
42785127
55920748
48353398
25468580
69813911
79073835
1212844
67889936
64792684
23391420
55757080
53793335
47614115
77838555
66408070
37522266
31700772
85116996
96479442
14884231
63544315
18041276
42572887
21571775
88024084
38075231
40788160
46113909
71570629
53604912
83891419
33194973
96384728
58830979
50645395
70566746
10110033
45031141
7008365
89883804
8498144
62331336
84503878
75534335
14676226
73228654
73554921
59614301
60030405
11583461
88763436
88361819
19678908
26225568
68778075
71901193
132510
4131442
75681885
9498818
27556379
90968386
17230216
69789026
20782291
74605362
37676538
88640282
43420768
84844613
37437188
27648609
16882611
1195447
83816619
3683446
38096595
85678466
5785300
41214995
64845363
12529052
56339688
11748587
60759217
25162923
94520538
16976056
8435923
58043756
40009649
75115977
65523092
77637539
67431983
60818485
71577798
38199055
17269578
42732534
94933171
14738801
439027
6134714
37087449
73246781
52178801
3695695
36097577
46413601
16871275
19388351
24234005
96015677
36920175
52429126
2237474
16787496
47635501
8008265
64358281
23785393
20261756
85257803
11132640
89523384
64749048
40645895
223110
47338838
74065146
53537873
29833961
7249925
76190593
95218829
13277339
59538228
49132705
49313148
87226023
13045157
27070705
85537355
76786519
91825875
84032325
36573795
6967400
10218604
13292941
11792106
2783490
97626049
44832347
60006715
17099114
96533667
29126165
81579655
74773197
47266199
38701945
25628062
31811201
20769145
21966125
28785900
51415129
97275249
13580775
93485459
4720825
93064534
76360070
11816290
98052071
59959308
65613167
12067568
53623495
88233627
96275449
73346201
85067738
38851074
27450797
83037176
27620044
25816077
67871010
29732173
14024704
86873054
84423855
87342577
81000485
23721091
91977068
75722379
76655910
65345336
82096559
59935493
84711832
69636120
8803920
56764816
44277168
45121792
89279723
78666574
42088512
88283776
90110266
87827080
46560144
92525277
17052783
90982748
1335219
14041699
49707223
74126340
47756958
18213121
40629260
66888353
35603172
65552671
22234514
62888141
46441583
52511345
83332020
27853424
21894288
64481605
77312640
78271409
28741614
82042474
96467938
43962441
52709572
90169965
49792707
82158528
96163054
48789370
80334171
1757863
2290710
40086066
736771
78829649
61031205
43440022
53676739
55213279
86496377
89644414
9104676
60996590
4278194
1191281
47245053
46548269
79521888
27242538
18586016
79191076
21352671
38512352
25654541
47435412
20526375
41569092
29624324
39198393
70919231
66859583
13154886
13856983
81176372
84974647
34724697
8157233
90277771
96161033
21059075
51966933
76685231
4880864
35440006
6325933
38376982
87374548
98353948
15881425
23389399
98024796
85383165
93610974
21895040
38316673
57595859
31222232
15872407
15906306
72975588
77792181
20057816
11557582
42840107
10420765
56514625
31471417
80937197
64174149
25568781
86276777
99622187
93043223
63528497
62449726
38180229
69417007
59288576
72355883
82092849
97865704
5788790
80391158
7851090
2002851
50389296
97139269
42813044
89354517
94464106
33892334
46325518
18591211
23225729
31883052
46952259
61220061
20856095
89404252
86663837
48187370
11731641
41758678
35194987
37381104
2839110
92088982
55975611
6297964
64769251
2768019
51703939
84043092
84073625
34107215
23780189
50909750
26036553
76299125
72235863
86024407
7167568
80361989
813031
45471001
99707523
46624882
96867231
46109663
73538786
18752361
33338578
83175008
21883583
99732496
22891352
56680816
51069643
16300125
88622151
5781949
48751448
20796531
90873696
63136225
33445149
42674395
66444027
18126026
75674136
47319504
53540640
77503214
20011795
67753263
74888698
25722283
33615168
20455114
70140450
99844559
26590106
83963383
21554345
58384040
95189282
50495288
96799225
29602222
42970101
7273555
53182784
12575095
50708072
25239520
80044450
18044641
59911579
63933435
15923903
89963335
98022593
60740563
46567818
16671638
19269261
50485614
30241959
10920411
63046191
45784921
40055963
72551595
89115153
7535150
63510823
98310908
56782274
40803503
11530994
61223442
59581162
4783690
72761997
93990505
69145568
965280
69385247
1163452
65436168
68630718
4239807
96760979
33393331
10287446
61406691
84936023
51808595
55695582
73393081
53703833
8651154
85945054
24694280
63899343
52123991
30148850
59559463
12284587
41703139
1994378
62543157
44517135
27628959
6041749
42798738
73743953
44376746
68590091
30786570
43933684
26775453
82527717
12840189
68230331
83503850
90130973
29774279
22738701
10798350
14460009
89520977
64466115
38275417
18730475
21864564
18733226
25184152
28510291
3685820
61325506
53215481
37009021
2543098
56345935
37375415
52384689
73424820
1477488
84194911
88310798
10771084
54001497
75157525
61029022
51278438
53100392
98832810
79370235
42367023
15901461
7761882
16916098
80487788
18297338
84076865
86616162
11022223
55243489
66726424
49928115
282278
27124596
65511113
25147307
80218025
13183962
86090545
65864067
73881087
92884270
6395803
73127873
5433778
98173463
52285275
65752611
5655045
1495066
99392723
85171574
81456328
79923627
98694921
14069693
47936336
41971877
22807674
10503165
55147957
72907249
79600429
37780838
81442553
78019188
38247457
79977430
7383327
72972638
48710574
47040969
59989621
14804733
47120423
70443681
40840991
49626724
39262872
14255068
52782651
68560050
38455926
2330551
27326524
47923768
44001231
72085387
17495470
43845264
24690337
16932064
87456626
17365132
54182315
22884402
14702867
90454091
82575448
71848665
46804956
76098992
45810849
44194300
61390598
93616774
736158
58199624
89958276
66538526
95921927
19412707
89973108
3270698
74164099
49037459
55250642
16138322
39917325
92506855
13838380
90928326
69830295
14467303
57569258
65199101
13548386
51992542
39630062
88298789
4401471
37790681
92597170
74655507
74114395
75850500
52880617
72259778
45231850
74910933
98956535
24118204
91280336
40971129
57295016
61258081
86394334
54999914
84618669
66932595
20408429
99563789
8198817
69690058
91854035
41197867
38168645
15920528
91581034
43952035
55766183
51676201
4816068
94546259
53202697
90441612
50635729
97881821
49315657
90367310
93009249
72809848
36561319
97330623
46872770
21956173
18860857
83567171
31170861
35262116
41695064
47922527
63147146
26422676
81674238
50357431
86757499
37230353
37387323
44978460
73114029
11373109
75523812
36261751
75490769
92642527
28127185
11550244
56489252
39129729
72998572
51876530
11427870
15324280
24958010
14153282
94408238
44313831
30239717
80845901
29477018
7909298
18651189
75871079
62894460
99115536
53529017
53008212
66922002
8542130
23951445
69833449
89266867
62584970
20735837
51198295
76379696
38873257
55169793
49293829
67646482
17781666
78910009
51689007
54413417
31467093
30010655
91173172
6030979
68684541
29652919
66354387
67243950
76246624
99017209
69810237
78856383
34904669
22192504
43163452
35611367
97558156
15977111
71552692
11603607
79825242
10598756
80651803
98150491
74044355
29448728
6190794
50500762
75918922
48468651
2475472
23743259
18508060
98052463
57228998
57525886
17437183
314469
89872719
76242274
74456331
82769329
47597764
16180122
96332391
4133970
72789787
6914536
53369955
79591184
37281305
91144765
50720649
95903533
54541018
85907987
57539791
93426756
56423029
6337553
34789821
72785165
20431246
93189461
44341115
29072976
76801528
64061405
75332558
61802265
65058976
87102690
71054311
26856281
300722
67625976
16909932
15604664
54179847
72339554
47512533
58525593
35295243
89680922
11867948
38229529
52059836
64757233
23460247
78944597
4975664
94166891
78010413
50638925
88717176
20170773
29975909
38987232
37898412
51399145
23122250
20304804
87655408
27183655
25858122
50727587
1295707
43418741
79914399
48181508
18915119
15427808
86978250
61756680
64866491
14301937
10981381
81494122
81159341
2455933
39434359
50580714
71042022
55710310
32242416
41541392
37190802
46936523
66020563
36535418
94681173
68808140
1396520
31742504
83082189
61974998
98761214
79115938
17709633
19166308
75588243
27053779
8056545
47144159
64198159
56067718
65779030
12455635
69097781
26025276
82749749
94444770
71121671
62633346
95284924
8238669
41098913
4952253
78518756
42528501
50613645
96032293
94239941
34309709
94266661
7829603
58116541
65656589
80667267
47927619
57470626
28367548
15921508
74633538
10162313
68983780
68035417
43961342
71890337
22545000
56478645
37853111
71205117
89232033
27967730
38951792
40300760
22008169
54434463
59646802
51650430
44687462
12330052
50609407
78137850
38375342
36459819
80747523
71623861
14054215
13440310
28169776
7465712
97011034
9788707
39372685
86752010
8791766
4810478
9336223
1876431
59041615
37059034
1159481
40933976
72992292
48550939
55968401
38938625
71348396
49875125
39196302
70982795
49427672
50116688
5537085
96536158
71826713
9549157
27910111
40109052
4146217
55289798
82344265
2757659
80765110
71502905
921754
82817664
38634541
56641074
67726705
59561811
22914864
22946572
2920396
62187777
80354108
1402021
80560625
11738300
89552012
12192667
85566722
40745323
9381128
70993569
32448497
31618563
52833019
66911317
56052968
35672921
35640517
80382695
91508825
66129737
55899288
96041435
46570414
65609008
18735771
35702931
86809986
83314201
42737952
50533475
15476679
35383985
29953518
24987829
41843622
75819916
24984380
49332650
97487448
76863697
20376122
1458974
6775671
90875204
5766941
94350606
52459265
36840413
66834960
45252193
34092197
12544584
90729040
57517909
69313086
16698265
98842516
16782405
38890958
77081274
84396384
8419739
7675735
72514244
37993573
25173834
42669236
48996610
21238909
78061070
32170521
88948903
16629644
86450662
73396282
40659135
54757705
69117649
28009582
10465474
35812729
66706793
23802233
19111158
65797277
38113326
63750394
91882396
71308434
82418109
14351276
84292859
63503763
54544309
9739366
68461631
51885623
86232542
43584939
23032269
82874592
61084290
1320953
87444116
37541286
89850575
77538911
96670627
89590682
15587992
68664119
64662935
46434722
50272431
83742301
91992277
89608964
54701516
50190083
16087906
45659622
94834735
23269772
94229454
10774299
91542889
97545410
62707577
8124091
97137137
82297642
14714004
96543851
37005471
91390762
5624215
70197673
71640311
5145538
8044440
92697460
22372766
67691720
74599247
84862875
98967536
50496610
1287280
86116142
80135250
62870179
37267235
97741928
16037734
58407559
76951897
21055218
88625854
47076293
94658488
80549587
16713879
61311081
82671788
96643906
5076613
28141062
79065936
39462225
41120668
30081255
38757074
98918934
89240158
20687284
98910774
63325978
62203861
99688150
56043857
77918189
53236447
74476328
39807062
94542644
31290315
32839241
40485155
47980880
85411090
24365178
53727309
3653627
231591
82967783
31485702
18373988
23974956
8043392
60944135
54626400
92796970
83985848
6416646
21313190
68019932
12101437
4135709
61774348
65917665
14261459
89244334
38159684
85292925
26635364
14928124
94876954
1672331
77153209
53531539
49337455
73491443
19175178
73193636
75848389
67739283
88995014
50324375
65756801
60178263
29219047
87399405
93711138
76844982
89351478
92898989
48795132
32768414
68927099
24059240
94897447
93785123
35789587
3486924
40239606
58307176
56667781
61702957
9922155
89598988
36205989
71215725
23682031
73966269
99263943
18920480
83649531
72652949
41468673
70007136
70542108
83132522
18601132
98434351
32540946
82354455
73670090
70270034
14316325
43584261
41039628
98915758
39412178
91755344
19022190
7427994
65126380
73245985
75818279
66471358
76278447
49785211
21888654
39897782
73032808
73986448
47417002
17840253
78156548
21719369
59070281
29963213
6408244
73327704
44788368
62142086
78769991
42304752
98181392
75303530
23767076
2402702
4691398
34093786
25110612
49039834
19617486
74185874
85813004
65433492
85062820
93076373
84185992
36698775
12442334
21038465
21383666
60207276
69274011
73500136
3592952
55060743
68965247
21383290
40909995
27838532
4173534
21323628
85451093
80115394
95127666
6964650
78991155
84679144
91577453
53105800
93837382
76842918
19549198
68991512
23675333
54292006
74980049
25440389
79770265
89158047
46758183
62590740
66792024
62341598
78899985
94007800
99065101
45017937
88822643
71570191
54714538
38792104
38632017
36246876
27571358
32446012
34212389
95758027
53699124
79106252
99017636
49168665
26263695
72330221
37718216
12661460
46180484
18151633
33401966
36973215
72791811
6701932
88396878
89475566
75935148
58629057
26337543
70322018
9702709
13455274
40834132
54507048
52373744
23535728
40062789
70945297
29483284
22322880
14783673
8494774
90872588
25472851
81673098
42406837
32489573
58076582
74268175
5147679
35392197
25235693
77799125
57037293
45253090
19136949
89782553
68918239
56508759
86926290
62505410
33198641
20066956
12031249
9040773
12773713
53290316
68327369
6633497
6658544
7352618
54682197
20092368
86548972
34695219
4995545
25887760
51167682
16904229
43575346
37707952
55986855
56032206
76370543
87912254
20776164
32566793
55284049
61658502
50680448
28988715
22112293
96527520
13791254
6217845
95549403
99898219
41600692
99248456
2562528
19005026
23825303
71445460
31565319
36453658
38118675
1464393
49479124
59173872
37544734
75983667
55047361
33804714
68819612
90108049
46387904
63309842
78219252
57554105
24009355
49387545
24432373
17362913
85315302
37969277
77014611
71166917
95769491
54059415
81069233
70208073
72874080
15445438
97560624
58043265
67808963
778711
20959282
74257540
81592931
58350515
8927672
50641795
3953018
88406465
7163464
67776023
94496981
5173427
60082324
11667346
4901422
18108486
56415427
24953836
74634815
53792074
50986975
12528557
33660188
56387938
21160027
29664432
45133500
6336148
43422196
42640544
75595526
70302734
22757713
82080309
120779
35833287
67836295
39337217
5995586
93766890
98837575
82979746
42472150
60993020
22939671
73580493
19670332
86691112
48615232
46442814
28998411
37420890
17041071
45142043
42696968
5576758
89785006
10071059
47839024
89563854
77704499
34352432
31582610
80937
83078160
84752646
71388122
23200205
34234860
23551239
81614726
31801640
59599794
67137295
9275823
45437231
25893514
53107350
47616538
87431245
84793587
69402600
66307858
96626354
48816741
17448278
78101978
69934885
1259251
71674928
31901866
39791821
53070184
31820645
49586288
5513988
91957241
63098385
66094767
48163514
8839683
1478979
99364038
17357842
91859286
8039823
61027185
37635767
37568897
95295038
51288890
98943086
521873
78644958
86287373
5139609
80826775
98022257
14505965
26374015
80990811
99512627
86023997
21017474
31375670
44096118
91064026
26967480
69791258
77050497
86602882
41147107
14926988
53685174
98235562
44724841
98889869
34576180
71153200
21654080
12634296
57708144
12174248
71535741
58427114
62419639
38368409
54359824
89632659
53613127
1978796
95914853
83628328
62160129
56987210
85632724
33196737
12589756
14508930
27876824
27943346
148662
22383089
19042387
54693866
7086207
8727129
2460491
32197470
48334787
3820743
3831582
82828853
93705696
82235883
24595265
7878321
77605880
67729005
39281325
14834917
84473462
1773644
46401036
23366766
45723960
85264977
72770672
45324500
85844228
33086414
18383776
51883265
53361579
50658309
35031780
63029421
94788973
14436292
91922431
75264004
36081499
46690543
71347720
84215537
50386421
96721690
12427251
75313244
48971190
19491168
63197185
77893684
12426119
55824466
78878793
51455184
25317890
62613434
59024085
27785809
81049367
9472088
38639932
14543457
80404777
56030637
44152842
34955315
96268875
12762509
89726135
25195524
21414859
15250716
47617125
21919945
80474549
47106661
6605405
3577555
59133980
86583536
93491167
49343802
35264855
29022895
5734098
2306229
20220763
4162810
19211634
28809926
65860334
5952436
48025243
47113737
34539717
20302317
35430742
95735484
19812274
47125241
57262009
23636654
45378026
71870372
66957844
62321805
1270887
64047520
17619770
46428435
56263167
90571878
7735426
27647098
62652870
91485072
48997190
39744532
59156100
4737927
13992618
55597291
65398051
35334502
63387183
66394773
74209835
1454131
7139809
80323401
70917215
25732872
90815766
65071481
74005357
59467784
61490869
96137318
81223335
76590262
75708054
93278931
64935070
25708597
90741536
65337669
3792376
49069056
36778016
8269496
19417067
83952948
26088479
25330037
76849586
47918810
60449205
59846931
89638621
42413805
85573408
56616306
56118655
53049043
3434035
41448554
83023587
53113309
38731229
4131095
11791771
91526259
92276085
22525227
86489040
42802362
41457
97344158
94614981
55362817
63551801
31356268
10829566
40431026
92470354
55130829
83910580
45270101
40570183
19296686
14036596
52505372
78900383
79145896
4009973
893354
6074456
89949361
2705086
95914423
21522653
75421188
31006100
61419074
50337028
50444135
93006588
54423858
31610674
12757931
14467963
476561
3300713
76987470
77239323
91469900
30668351
24486499
3956415
92163937
12288267
9143989
9807089
55525562
66019109
81529769
49130200
77314541
23530295
66344196
17876833
55963900
89202014
19050580
84363041
15205893
1184729
95306910
31142999
26521667
5084800
75612242
68971157
26188030
92859683
53897307
80697176
21629432
36080058
24702930
70048338
92114868
72411456
26226097
10178605
22264236
2640147
8684343
93924030
23156359
49891257
5222728
59227678
79904650
76064637
41293643
77868192
20671501
98440776
98614160
13646373
20761645
52228097
56381788
55020600
86660483
2700836
68070635
36536291
20616199
839316
80710960
2167451
41970684
45258173
94311016
84106035
43002315
70431338
90765552
50390914
98154515
35552785
54462327
60055460
31824074
49648386
43127571
36239287
66179414
46675899
15594942
18370773
53576091
49086784
8297756
98399146
30772844
55208564
43293716
77373302
49885862
22211536
10890020
15726259
70550521
93783974
74623477
92104484
57392097
55648892
32897078
75571499
97391822
91044496
36320447
88278439
5551208
37626178
10263211
18418339
64067181
64542527
39569529
76919664
29495093
3595572
61230435
12093140
58312401
48668551
78155807
5327396
48471187
6180521
85446005
31411051
13397730
49864798
60205352
5959199
49614834
68831542
14853804
17785653
91190328
68485535
33256060
30179461
88272611
77492737
59543693
97524964
6518387
46155663
94798558
53679435
51515135
47288371
59261357
44472142
33718083
54958530
30930982
14121952
789112
60883084
63235794
53082417
46515779
60743724
26543042
58235209
78350624
60273555
79998398
23490739
63758061
36549517
72841720
40394209
8654376
15724467
52637124
28082643
2106494
29588699
12874200
63650662
86170572
43670929
14634957
10970730
78810833
52441200
73003383
95263695
57643190
73739038
47770249
81408677
14589637
10015007
29065499
77536844
60783215
60598210
87102137
92976591
89374810
38597281
18851943
8546331
98175704
76309606
46990655
77906664
60629539
24640013
35963365
3134878
72791515
96220277
87827202
30817471
75036033
78280634
66223188
10460605
49799678
7747586
7905328
48814884
36839976
23558999
37126303
46207269
31147148
33349849
92543411
92625304
43323081
75656608
86284237
84707270
21625023
9651577
43985909
13965960
57910431
48770844
12956430
34796665
39938157
94906586
46051475
92005696
37532048
29245771
43449477
56984029
59455214
74101830
33002267
15256567
52352925
97992671
35255087
74206155
39476780
54690270
43100138
43687685
15430769
54889643
28276930
38281657
76589610
41362451
19473757
44881082
77638071
56637888
80647805
7427402
57902129
3061291
8154172
65961175
48512833
6559224
50656866
20047354
43974710
26024927
21877478
54398352
33843550
13772875
70549100
70700099
23388026
69784400
35288107
83845926
40804138
75236800
83355756
53657822
14037907
81386234
98203019
4645948
99977206
91044225
84556027
41844349
54663142
33803560
93731904
32526484
44850320
14636243
49219642
1146008
24165973
87073106
6782278
31240932
33731966
5468296
24612296
84221985
85380351
64421636
96987670
34752220
7709073
98264578
62251788
59599612
66483091
11827894
83312268
12880513
52841109
92681251
835537
56875485
83418889
73383528
86450646
86019808
26054621
52103279
701291
43067924
35741331
412029
68174592
31992053
61116635
56993185
3255945
37002115
78430990
53373585
18289493
65387093
37141000
33389309
94789529
33281704
61957568
57301519
82558477
222442
7547207
60363249
70624501
74349808
83827316
82670092
93755513
47986671
96366630
36207678
3220551
57610487
38554116
42155909
77372013
17324091
16027960
46150377
52445764
57500196
28738265
7387986
85065229
4542244
90881153
76917813
69742845
49915276
61920882
78600876
78610186
50887109
85735045
50266690
23414407
54975482
30660921
90384664
87537575
81733349
40758877
17453026
89181405
86153025
89447726
62296822
32633535
24391000
55186044
23037978
97202387
42578971
33064432
91223800
70775083
28804100
44527000
52878365
382637
87447081
6243241
68215591
31033515
99952711
34724024
19686216
65222690
75395933
48396779
98445429
34732822
52920776
34357453
7737899
82868548
43764333
3505861
49563448
62034309
29429239
75472719
84434659
73366784
10017013
72792706
11170994
99695087
77085360
72681159
97703245
45638021
84209499
35704944
74226243
96910125
7667245
52609200
57031860
73158948
45052120
6927051
79384571
37414903
95190374
72362263
1226496
43519700
89068643
77000219
97083964
92909217
33568168
93716491
25618937
96580935
78343047
91289187
53349249
5219927
67042530
83910288
98155010
21823579
5674267
38124263
84699191
19929321
72767436
819997
36925905
65542629
74714954
3075624
17668109
76575542
44915287
58860977
77157093
20898840
44994843
10612474
32935422
28890580
12128157
71783407
31922712
39645726
64663561
74361768
87389026
2662729
92532058
28714961
88056340
22550793
16876127
53868548
98564733
64220352
64142463
38283910
33510540
35909860
75670516
81401854
15293098
17234742
535755
24257971
15622303
39894137
24593171
70785581
17009523
32643947
90639203
28338734
86639253
41676397
426224
40337635
54996174
91864745
34446895
64020346
45614535
67672026
88082269
4661683
33103982
3533775
25952561
68692925
19462298
47172894
91660531
55850818
28719013
28634517
86077798
44777647
55399683
34558782
98635826
1547742
55492761
34095816
47136581
35444797
88168992
26809488
68878248
54738832
29164386
69780547
50117163
46740002
56333109
72119596
17653093
14985961
47680368
50784704
25928717
52914922
49292099
35480151
68193973
40852540
45361132
5722584
39347392
77637451
26026247
25445653
62260549
18895794
31007867
29837232
87620097
33711058
42032746
20476594
40446793
91990993
62670509
70281620
99376304
34496917
20311416
59205044
21049002
84119075
78169693
74762648
58436317
20541784
66604116
26389910
1309081
54168258
55299382
89625276
63225983
18079197
68954227
79878787
85155308
59905025
3544668
47293940
54661914
48573329
68121638
50852411
42981605
96833868
43172782
37114259
31691964
39748039
47744703
49889543
58773796
3104488
52717961
54374352
93565428
24349094
83221541
81839858
80609340
82385492
15596642
22500012
28777726
64222403
63272994
69883610
87062843
37797184
65029269
95473195
9630910
22693884
87158069
42514066
68914446
8876614
57621112
79445659
34732254
19549927
35247305
2157036
529822
29561198
6434633
51339668
78840585
79107801
93689366
98601095
36872689
57348310
75869602
33453458
21806918
14204020
59553172
66004947
72233575
35263282
76383527
6482265
30847451
31907147
47689045
98926406
76070074
57522951
90697315
95822134
37866636
90105546
83142169
22356207
77380185
42335664
37494612
11265689
37338042
23463629
83676585
87844797
33020822
30495695
97829355
43929457
40261654
9897108
88151774
25332811
26956334
90848269
82358876
36708730
84546090
89067105
48741192
80765109
72079432
47939410
88382178
74091067
83901013
96229040
75836009
74237698
57919915
93523168
24350362
59008251
86765239
35567348
81182089
97521783
47253004
24558609
26248315
1106751
37538834
47675876
69131057
16839436
83891592
46015750
28110182
53285176
84729467
97831587
18261082
41044088
86453043
88926020
50048290
44408922
41289893
44112836
72982812
53834784
36917353
21738678
72234610
43726772
92912988
6785042
17602337
42768184
53752742
77634614
68229670
82939153
30481188
54909116
44794793
82616861
91243889
68731122
3730446
26546269
55436862
18464775
43209201
86676210
96924262
18572050
61805062
4909917
41281100
58663700
10530606
67886073
76142241
8383754
35229940
82811612
25191658
10831003
51657459
53540410
37976969
20877547
44588473
97564811
24505819
49366503
84345702
88921018
15913164
76067822
2196554
85619006
35298829
72400246
14154410
63988068
32419707
44353446
32676372
85905266
55678811
87178568
3260112
65650590
57750059
41958680
96902739
68589676
50212667
26238927
42665902
87675720
68418738
19600070
65076399
30573762
207828
45096698
828321
91750687
88641808
54708298
84037929
16829624
14864784
49794384
72335660
81215103
38108637
94604374
73984653
63738723
74445454
44798512
98976672
46255081
48491648
34437257
39681658
88058629
54191906
25509414
97012179
5962249
5594579
79737571
3874195
16575555
23165359
35625354
40393854
59203082
26354567
49835086
84829587
81128253
18205578
87267078
46014960
42215611
98352680
94543089
89532021
50288374
58380124
4253132
68757660
12629170
92439939
54681724
97192931
83816514
15086785
36937279
14676300
64008021
60648411
41919449
65963622
54875895
88112007
44011587
89840769
22708777
95511462
17066598
82106330
67023487
92284107
21874539
24510790
68821732
87767315
69130275
4764175
36985103
9232772
49763922
3780930
80108027
26148968
25660341
27137617
18406923
58639022
80724549
37493627
47107949
56111563
65756540
37351535
27941551
51960171
92600426
28824704
11122321
49206440
57949154
67445710
4122802
41999342
57185058
21425092
35176491
41587926
60636733
60643083
54061199
38082454
32634336
31900315
53680107
32534187
17614576
13562457
7789173
82709738
63351198
18371778
29502778
87383109
3429291
36041660
27472427
96919088
25375602
9063158
45479531
10010902
18731571
84717680
32337904
74548481
21709839
8217603
90566030
10403414
2995680
95603378
89663809
43820757
72188660
38646641
96605021
2353671
6672395
73519631
28731562
26064973
72420239
28055504
64741670
16681876
21028521
53047754
30235713
89297034
42061919
87645810
73096554
83789900
85751922
35606696
60494984
58271425
21596044
56643874
44494338
66536937
99761235
23467149
48246170
27742554
77365076
85597563
52791276
83126112
83344659
21571555
84586139
73099076
48782920
28976548
5823635
1669259
19220530
15305387
53883653
8256558
34575662
14190305
47148668
80769147
32795826
82187978
56226121
66934775
66686992
60582839
84152401
44684587
48939010
22817569
58668760
8749793
67821205
60119281
48929742
11186937
45258486
57979500
96244444
69649388
17066381
3779623
68709333
85448119
70137273
43422197
49567998
38949427
94495685
56638378
73522607
34916566
49057101
76301449
59098298
7328294
713248
61188340
81451979
75961702
71052637
17738946
77531134
12091965
85113684
60306467
46339695
9647528
85896337
78556699
65794199
76113741
53341269
56762519
40761776
53588077
2399541
11671497
19716885
35915579
8408712
14251270
35334356
37474925
31874792
11758600
40593935
87524895
21341449
24371866
793646
5323525
89085443
88523490
9201377
99146839
53519720
81245289
83881650
96363001
9019571
1619330
10417459
28834458
55983287
24381347
81216740
26134757
21903810
95168995
88143386
64320008
61448248
93399943
66665663
51277348
79941225
20693647
779906
35925629
72475616
92399522
57127886
83524460
73873597
11844913
35002580
13329379
33921964
99405763
89783712
18199037
69146327
19978417
12217764
34558924
84187433
65104302
5720642
88464255
15882614
49595136
23475662
77750858
55612433
69209282
48526592
8340756
77292455
89890443
15462264
30613521
44221591
89447713
65421832
22032595
32561784
96676300
2995450
99544184
97479095
15975312
18397333
8719765
31162430
56731791
30655077
45239702
15817216
54279170
48355975
55485306
50113749
92927350
16738674
14447985
56795778
45121695
29444353
87640485
8739084
94620551
87764199
93870386
78384092
62304972
36012549
18421988
11022470
67166124
88028483
10932154
9249464
45726259
82335899
84099656
9103859
51581294
92096880
1364633
76267610
51863398
39946378
13075513
86413128
33024903
20013239
92033273
43253559
49370711
75165022
41544459
59385673
1090434
25971924
26620110
71411961
6026351
23570013
96301573
67099052
19766057
20707822
24430602
81812778
30717074
59609602
34221825
36320745
85173507
87203562
84891808
59959356
28669535
96546425
15742329
25061164
65717274
26902892
86157713
72647015
98442449
51058442
87845058
60833004
35947187
30770276
64710330
71786775
27776726
56228749
62440119
4297501
31757200
67446683
82607127
65013984
76693669
28685477
93705385
3916625
95246373
64019687
30177620
51124275
28265147
3307753
14623082
96089690
84420794
96378740
75074977
46734234
80670628
21809737
62426146
56324233
23260925
7745691
51911396
91787095
97267818
32845712
24895124
36839245
78957633
46150862
57986234
55028533
93909042
74170603
20225163
492593
41730660
48389938
87560593
15493191
38830365
31580402
43618910
10155937
13614437
33653463
96946346
23947259
55256301
23211614
37817637
34697027
70984667
241928
85740304
34856033
44265084
18682599
6409258
2312879
84469639
29296941
29190607
13112721
87641661
12850379
8078751
73879597
93022138
42076104
65018356
58996608
28992751
69875080
27556979
18481773
48588787
56841791
7231016
78190967
79813376
11408305
97374268
55883487
40564041
31284778
10934083
48584761
57893291
28385876
6229686
24748447
4945281
12225441
64685718
27982099
7676828
42149386
33633452
85374489
8635515
238787
44487477
50093888
47377336
58826962
56025323
95687560
65524349
97952190
43083104
85018833
88445723
99421496
7606411
34185508
45742686
87761799
39679632
91384311
73480298
2689764
13262484
10754211
37462656
81736252
87058412
77270392
46150224
51433388
29353207
29056514
20670814
24012038
22906477
35562615
5973336
52945213
7773059
45929424
64900185
37402352
38600483
50924272
41023164
1259365
72594933
49198183
69464085
79707146
94572592
34508244
2036768
95898917
31689776
8209483
1077543
79243270
40818281
99655187
17979963
43489210
80321844
8168948
74367356
19395492
31128359
44114297
88763454
32792647
93647702
940739
54672925
26955325
15546031
53390917
57668484
41003793
37395457
13012198
42274543
50176584
1363419
99860094
36799060
64931365
8316895
55131108
46126503
92402148
21511291
20381567
32734328
87141257
92502159
13091810
72522344
37254588
8694521
1526092
82987947
55822797
91514676
59524721
49031511
99564560
60206216
66963988
21561056
63690141
52825841
24666553
14561875
98855578
33886704
55682362
52504193
77024604
62827330
4193321
89110562
54390891
31940798
20323566
63770728
14327739
50507124
26272842
92933695
72993177
54620981
89190508
53976635
28142745
74584980
63369498
83297751
78247530
92239648
54653865
9810822
47785224
37093952
13870667
86097144
22199438
40952910
29404320
30360274
80356982
24508539
78751883
15806054
40068440
12207249
22793818
86595474
52446383
23571953
21959929
71113223
1510975
20061134
89836462
51860147
94689435
24297569
79180482
32831811
83570560
16600360
21361619
98244384
25577979
54326162
37922701
56788857
6313030
25754226
46771590
28510361
15503135
18877701
52664943
80027793
43359185
52755387
60008701
67784433
48129894
70011551
85563315
82117635
42157210
10786015
82053347
6081376
43562379
91047966
44158907
8898671
81321231
12714702
97735191
78912352
82226829
87907128
71806685
95405332
94463001
85233010
55127316
76318694
22568312
56728966
12030083
24463685
91215306
85726334
2499746
46499396
86982763
6168297
38791581
92466829
70071200
98246380
82668705
86237641
90818638
21452301
87894770
34393408
33750933
18554511
15150826
76047105
88105080
42987490
98510440
32973407
44054786
96310658
48910885
80412196
25305332
1411119
86945852
66017489
75118770
37425313
56478589
88156395
12885433
20317047
58581774
35504741
12561536
56505929
35286068
52682886
16203037
58769365
51057960
17566488
71836339
83997578
25398468
45430254
46993410
94389798
70541466
13930796
47049177
12892006
45859641
73930930
20099279
40545743
51621938
21294158
66181712
80520112
53708106
72204474
96489349
78014777
95031356
95846086
15160272
30512477
57302502
95623594
75574137
72670278
85708573
75948440
48938543
98816377
22094777
96769943
84879136
64833324
89623704
12944978
78195626
51526847
56030928
49166056
75810885
85141835
32898107
94332919
90051719
66750446
18765962
44785881
94406465
70088686
32573641
68352521
2078164
88946399
74862370
95998521
75558546
48260203
53391976
36290426
39644175
37081242
77324041
59129669
55813659
29618403
99369148
89642296
5820490
32268832
27368187
90207709
80630868
72913898
69290051
69274232
30806132
94431758
76987782
1469936
97178426
62898196
29253360
99832797
38645044
17763233
73106892
22891290
43531883
25178567
82072581
56085741
37347238
81269138
40815251
13724776
93554490
62679993
42773944
309020
54321864
80214533
97894292
36617678
10679300
95474180
23930630
19744337
91423298
63476150
30135564
50481343
95802902
3406835
95522527
17070061
12630064
24507942
83500185
25425763
28121307
94743099
61297171
94600217
88321509
35837074
28104436
23551401
99875657
43538699
86609253
48503202
15432347
87981314
7289821
95383528
50680907
99306093
61390226
26504739
44221116
44070835
30064396
65309665
54355052
14663843
5117958
74555871
5951763
99507562
21237799
80419464
64644220
18315870
6160279
64633329
43961139
6907217
91988708
6313554
84496183
41404681
62263869
62101383
73359599
43065194
99779510
94442744
14223933
84537914
23342911
19986595
30027890
30590983
25934501
68790523
94054627
59148447
58749179
23639076
13733324
14279191
71742755
10619485
18442785
26844071
43685147
85317372
17927623
19375482
64098307
95234794
17733045
22255397
9374678
64209153
30632451
53060238
15579101
3931436
11866069
64097793
77993557
3152129
38273168
87433854
44102429
81149392
24794238
57755966
70038670
56225733
25563905
48263354
41381589
4460684
49947013
1996912
74169164
77909798
37371987
28155184
41041489
90475526
6817531
56087637
76620757
38938908
65599770
5572315
78127743
29338342
22630038
81731347
75757092
18522480
54972109
84455635
38333723
83050112
92093015
59379483
60141521
41978017
42170284
7584648
87678820
9286320
36516370
10730033
95624273
14129426
189729
8410195
64399439
57013796
35582098
43046166
59482381
36824513
3261094
4760520
75080670
74270444
71908702
17287719
2239097
44228597
92136287
70514471
17307804
88738072
14861327
26853740
13081948
54223405
57284301
64587420
58715088
79104077
61459711
70148726
12867130
73193652
42852192
24162692
59895048
67481163
70726853
87031423
20043251
58209650
87492193
52401191
84764658
49511635
87405396
1546466
88691982
12435295
77206184
7106055
63133394
11511832
201597
68124301
61933748
69006926
75562120
54177753
22884510
13787758
90231766
99433909
24066230
50574648
74635604
90704326
94490912
48999272
26224981
28143952
97421211
8034122
47261042
64933416
43036429
85108527
52780346
76207596
40191293
93638034
9161241
31133085
73797113
23844567
69919203
76863351
3129545
82981130
58318918
52922485
95506909
35123673
93554809
20686985
79813008
56007075
38591200
24292309
7211715
80087771
23929488
91219454
3849470
18615438
79250360
50379604
66019959
45355290
91224117
73761445
92746262
59427430
44494972
61086425
95517077
49930314
47070989
57118664
40603406
43819971
68781429
28068894
60539110
941265
66755419
44352456
39071661
22521987
895092
61404762
97280361
42257884
81207279
54105312
80842960
72036454
91394742
18143970
66139305
94702974
13442085
41762970
93546540
4732499
84639894
46327074
64772485
6764513
43186499
33820313
93236250
33140799
11549654
59281003
51189371
21987461
50482199
28037607
34444026
25963634
70003849
15983611
80128634
37761391
55867788
86689249
71383975
97224474
61603963
34333591
96357121
18355623
64375769
63408322
94772788
20983054
49957041
32039999
59357156
21220928
90539929
16231035
24485770
82921939
70052730
83073800
83466841
65727904
90135701
49447033
41817401
35672502
11172680
98306765
35421733
50101445
69470803
90047202
67766778
15261235
62821595
70643655
87159860
35429753
92156385
32284852
19974666
42318719
33393630
95055275
29149729
75309671
64264437
53969259
24686683
27516177
76616861
30218792
82007725
72506671
75081164
51216990
64202717
39057615
69515601
72684408
5339657
93279430
8500412
90440040
13014674
6099960
69215933
82460596
91098798
41730310
25941548
16836751
30140186
71750802
53422455
5073694
87915897
11448211
37074800
29070629
96496269
6985114
93010001
40055708
27692103
61728085
58560473
33882515
72240689
37359585
76794003
25513698
18114714
45614267
9009948
57802742
45092658
10122640
93193338
41210183
91063892
4711272
20265134
12844552
97251235
45786990
33702299
46683339
39817292
49054141
65594288
45424667
53084573
14809662
43445013
33526461
12620554
71632944
53499272
99349566
1730436
35463799
66898025
13718765
1269069
38228801
67003519
75008870
79198620
51578103
98219941
17269305
38928229
74499544
70701699
15471370
23277539
96052352
49452770
12211406
15624945
13709582
388789
33496844
5912910
88400361
52823407
82440158
1836012
70430336
35269915
33348415
41911358
21956259
90298977
58756964
43839459
63328310
65785131
73058117
33397036
76519997
26662565
62775788
33661402
19064653
10687916
17293532
54270474
95780821
50250901
18114343
32247869
14822913
45715633
57227149
99718143
84595644
71243671
97399472
16379806
93739507
58744557
33649520
71595660
65926155
51791791
40790332
99275687
31801772
70176007
31875149
80054939
14243284
11573253
40881240
93136117
56136587
83576649
12721430
87255858
52284743
78952943
83060107
84934787
17995833
38685038
99704236
9057983
36653063
84623542
11788658
63933987
69928866
63026843
65545213
66701806
18272510
18617902
81593122
31111578
16990875
84463207
95622073
41552941
31814352
57976645
23865072
90127864
5077566
72744262
55215966
81078007
86133363
56091225
98928249
16599833
73339486
98247452
39204102
20306192
16682452
11006572
58329764
40538198
88068281
48945419
95438379
28842193
2976145
64448822
30625315
85342210
72406873
89319766
12195102
75326618
63581343
7562400
84423884
75712993
30003203
46786613
72215478
71202104
8756943
9991400
11709051
98950276
33561784
83090704
59056391
71024121
9504677
67617928
92646896
63871103
87614229
37141099
34661764
54026817
35618870
69842651
28597483
40446096
70696971
39025181
71296851
5124078
47068995
94970193
92831747
57816917
22347186
48228252
24981516
23718144
13740553
85083765
76376415
75246265
89282615
53532319
54883803
84058210
55077887
4050785
99803908
3201893
8756130
82386848
25964723
76306441
49014123
29109811
9846810
49260143
25847672
18617655
94432115
48098269
25226802
28496291
40879228
57574346
89433665
8615275
1771076
22257463
55124383
90917949
85993012
49642203
80836638
69461427
81882652
53437541
63589029
57411980
65254038
5858372
73685557
24524760
15157900
7063356
43201942
86711655
53483494
2455194
91751801
92022681
26176969
15022757
7445057
76583913
15650133
51791508
5392002
29000447
94108205
62287192
47935911
77410580
96732348
76999710
12400361
92010498
36924141
89656614
10046734
31224792
53422070
33087782
75815580
77312350
56007614
71652437
5924158
14837752
88151868
90187775
89672104
14533758
70213454
86663175
41774565
81175102
9300599
59025950
12289913
45658259
9480008
91690337
50704291
68251752
72336961
61854222
65879326
97393875
75252881
47853975
74136149
64779982
13695858
99016589
21895490
27704807
67231213
90033490
51848890
84632602
2235261
66675480
99635915
56295601
33713397
90937819
43316285
48136658
96003424
13849258
4123743
14483542
86918583
95622211
72535406
77921671
63557164
48639001
87903402
19490609
75093474
16718256
24266902
15253493
35992627
36945249
52093686
91821735
56983002
8403153
8727059
50919427
41989837
13504321
5890081
74531373
21001495
78912216
54794753
82815294
5051808
41326740
44041781
69132663
34489375
83200848
87275944
88313988
84148883
31171160
90985055
86371226
47470965
64066367
26353546
92313712
17652379
69667665
25460195
68203325
29889201
47642328
21999920
57367659
36867842
32913585
73732438
57294798
97336680
18661603
46765581
90233898
7978678
84938859
72323403
69589351
21536703
6637270
33321801
47003146
90785725
53550325
12496405
17872052
84573068
58126946
87392634
45581517
29667549
43995592
11426797
79532431
32788833
96921192
31638599
20682123
12109732
31400116
31765660
54048060
14082544
24393871
26293853
20696356
43529480
42940672
99508206
14900045
5148871
43696332
74191690
38180606
98429307
66220079
76042092
61304576
14577640
32205963
18292316
4772890
60351799
83425215
90643671
68878730
79010408
98435320
47063497
19855135
38201972
83706234
5785859
82690602
27973477
16953554
39889953
33974751
26359966
9834747
77377618
41570548
25269431
50479769
15340887
89028872
91533309
10578165
66251874
63354834
57065185
65492303
19055301
69737091
22616907
68338078
70498397
76876721
70005251
55730820
98709248
4688085
32270217
22671030
83156447
3369252
52014869
53544498
25864648
94901506
20053615
87544230
234499
92058691
69148411
83738719
83837236
61839501
12333889
68713144
94059270
42301577
15548300
94239225
60274661
1088571
89255699
28878481
8539849
39315958
74639328
51103190
85478693
42183630
72489384
31119656
18653904
28454438
41928889
85434515
20191378
39519500
13556749
40768991
77548074
93739202
44457417
81385766
52974652
20813474
88460689
70640637
28689333
21945890
80903557
73953389
67885832
55640352
1582601
64331654
50914858
88635121
86081297
13908369
24964374
61674198
11363076
65664937
47030151
22580978
57832895
81649104
406878
77263348
55965748
61237302
31274114
43308234
56268878
65578026
39655193
9562382
15938567
9033740
70946225
82978790
36006076
32078227
44472158
54491457
58143559
65066489
88754563
89411673
60637414
73620770
24498538
95696898
87909388
52039785
17388425
4518244
78195585
55252709
72400774
62469479
58735758
34180480
39950348
57103673
13030518
96056474
33731698
36281166
1130381
51510864
54159873
12466534
79490233
24172118
56950968
84671708
38490764
973502
99070877
60465948
34821485
85943084
41633937
21808443
18147988
46900676
43801064
56036519
51671847
60987989
80754879
8027248
6563494
21940574
24307628
46545321
2335770
72792409
81530492
80383255
56953766
84354837
60707178
20605158
77478359
19059275
10281836
12402344
76799683
87859765
91439621
6055930
80985487
74238007
90959444
66292255
2569623
41188008
50669549
69144730
72137325
51007761
42206275
27819004
66397
86517612
54882179
17256593
15557883
47092219
91794004
450079
9191913
35132117
18363015
80493186
41533129
10748487
97488897
71550468
23359759
65364426
51483060
53767229
59270568
46699059
65029244
53726725
33897851
55323699
82256158
84155760
56646465
70310072
91859385
58989725
20602875
46119761
99216040
67177980
2352384
76988026
92529557
95529590
81011619
7778513
45897311
29868725
26959065
85349756
26643911
14252485
12284487
36966804
40543777
25206975
17408552
2693691
77197558
94910291
3363979
72876393
98812513
42569003
70063715
24437148
91325643
46329494
570183
84538641
36486714
24413929
18717920
19713438
15816926
39109900
33011646
79606269
37147510
29520394
56111700
79162406
66370986
89359909
31300734
38126081
89810165
81372299
47409223
63502610
72346296
60079268
57074887
53349244
85515389
5531850
28922373
50534451
19928275
21405128
11901483
77932208
36835291
82887563
84611757
60046974
83009963
50880452
56937428
17695094
47143861
44354708
78910805
77222266
58918558
14269461
28713865
39069924
84702142
99337889
85093638
2854829
26710901
26210015
12668379
35874888
100594
79157773
19704454
97872400
82783197
86973193
82830016
87402376
69169302
45663031
80809873
54720644
80152048
35239504
75773406
83388798
16940659
90813698
54795758
27364427
77713989
1631642
45904494
56697935
8090961
32684184
20523542
87672034
595876
80687424
37180120
38502511
71967605
37561981
11709053
52675145
10012634
27824795
43694326
75218834
75654814
29477147
32929277
1212637
45807797
45199370
61497256
41205674
8045110
91318628
78227558
48956493
58865292
93358613
33039879
76318206
77075930
56773245
92009981
46020371
4743722
46816975
95628132
48304102
52823218
77956529
70794811
63847501
62903179
12346820
37835384
68892347
18613069
68947853
97760166
83711218
36642272
55841707
12892651
551218
31104545
39774185
63950292
89646129
64497879
99639921
46622087
83989495
56638879
39879904
57401915
11241134
40715700
6783344
21286327
2323093
43683942
81408149
51132484
9508849
58183542
69164316
23382524
6340475
57965108
9044168
83432144
10294505
69955245
64378327
83609451
59332680
36120670
99472228
99170552
46455230
18936135
51059935
26967698
86419375
69529411
44333903
49930121
59394736
93643239
4928051
11561896
31381644
89995192
93813088
5886907
75583579
33463687
65575692
76282609
7958597
45863236
6869292
31950119
1251806
35487229
48992012
98658625
78461990
76479214
81395746
42813437
53983430
96257562
29187320
33003174
6516880
76832900
23674340
43383250
5512944
32992870
9012135
15313769
92379442
53366988
27367069
33425166
37874218
20822949
67538261
36903312
67205221
62533804
33358283
7361048
61462758
20746095
93415377
16574730
28662621
84970037
47003357
63134169
86406895
38674597
46849981
24019468
29048239
15857484
49101899
71194202
37497559
89528539
74476249
91354787
20265534
71637286
96911465
93444015
37349529
53223040
46291622
63324243
76032972
21461036
17454861
46792200
17927216
21926952
37906730
59375176
14710249
70526783
26893988
27510380
40158049
86223269
80873781
24520513
49347617
27178007
76977447
93422264
98545550
54720138
13454392
19098717
55718744
6454812
96501071
6609152
95324924
16101093
65172121
9949747
40408237
59352473
38172154
92481673
41497609
52210319
33222563
70449923
58909595
262720
39074086
35409605
11741562
30944975
42053587
73857153
54415804
10366543
16341835
25877219
80348
79319174
14940208
22525295
88925171
3580848
34189291
87026277
9675352
44078670
19347905
45412730
39570919
27877682
91944763
19524745
656907
82762860
24376843
8119094
8431401
74005402
18227133
49264329
51148714
76054531
43042344
45655751
10963297
79248452
18907696
88173087
50571527
38719618
69497874
45768901
83499724
70675431
97369716
12717470
74851480
54181461
1188909
90366378
66101306
1102682
92687334
40360268
73165522
42591620
7644381
60969320
81228599
20444648
50591432
8287955
55506658
84261884
10430084
41551103
22531207
57475690
88675268
36579884
45570941
54621454
16623477
28001558
77807322
86513091
37671383
41867272
57844636
81824236
72700077
24189844
39268349
64359326
58135860
7749246
78046705
70224613
21119051
78969298
29570698
91335624
14397745
6562034
94752355
72385418
32622922
79658689
53826420
75985636
44748864
11927764
7526170
1308118
76523185
6744828
76975571
70920734
78527945
66708901
1465447
36390584
3902267
10105332
88290921
17450298
34773784
45184874
11642905
51683437
46544608
90524942
79620224
26373521
73993237
57005946
91472315
43227234
48094908
36852351
57922724
83779037
61434171
79771061
55397887
8225195
51731739
5736660
74587028
89484177
87478866
782355
3600732
17522480
60957909
60692861
52789346
37425236
79544867
99094302
68154307
62503900
16975742
66586493
39142418
16350095
39849594
35732120
91227969
18499096
69717111
26277263
80747205
70392497
22929186
38017927
23396014
41921842
91485121
582705
27951366
18320271
65576553
5567554
28944118
92586827
55596283
85772975
81448712
22210632
49193852
54013615
76285041
19747572
20666467
45877620
40749519
81751968
253906
77108600
19271007
75975040
6143275
51615738
87734103
82540195
51175781
25950359
43126057
8430370
61874758
94098327
50465212
99483859
43470409
45751164
44668794
16314639
38098331
47871189
99302478
70782293
97644442
91717512
81886379
5868947
22971871
41784743
15816120
44283189
29765674
19143794
85606382
92533976
40847621
82077720
85839656
90940005
14478957
15208987
45952081
62394773
40612275
15395709
15819627
88181681
66476400
23738111
3755862
98302406
51061115
79183702
6824272
79084306
362978
1749188
60189866
55878367
26700471
41921201
40691181
81048452
54023694
30034200
68670779
26458042
90779631
74388636
60250678
9901157
67111409
76963797
88599818
65218316
53101228
64642067
80435261
61489550
89385107
66813774
3280720
18686949
20548311
51186177
64235459
85088213
8750768
38482914
2887436
39524174
32245866
60573474
27309350
3091421
76049710
14624980
26635493
46963849
98430291
77768200
14333905
82689141
31233562
9505196
18341842
72252199
26860480
92991225
36763054
40494774
69139061
23592072
64181388
51192933
21645668
76789250
75775579
33446639
70770170
81604748
45666522
41049356
39870123
37964703
12200442
63511753
56830058
85526091
52384477
69893640
90245680
43598701
47206811
10489934
18592576
1324368
76773239
78935061
77262471
78024924
47909623
42894094
66578590
22563542
93197191
21547124
67830443
18150883
61756499
62454369
93410046
61686628
58055580
760810
8917321
73342677
72683486
20204378
18884615
39749054
53894896
69314385
20540901
5438280
97135358
16343429
80972558
27392974
69985923
45416990
53053544
19727040
45113289
73871366
82380059
77808214
51643063
87649550
63514306
48989159
42895084
85076542
25666356
10335085
59260082
83288344
36524832
11286567
90217795
29280274
15096308
23156425
34276938
41702114
62631281
60409268
64091879
70201629
12724965
30876106
87603768
4351161
51108853
15591029
25813068
65039131
62762501
60810313
98350146
93690794
44212819
5983606
77352398
6594262
59610380
53878838
76391707
98941475
51787252
13673954
4033596
49324123
56016980
33873730
54301596
77362713
18588129
73278248
54640458
73593849
82079846
20957552
18088162
50915046
82461447
54189195
42255428
8110073
87746244
66153187
19308089
55010365
99024081
78970838
15288625
17809194
48079285
99970943
52579652
54739032
68942876
59082558
72983171
97589802
91286383
64528053
31527459
912087
29479803
79009676
52773820
7269057
52869149
1050616
83500781
4767337
35434870
30331134
28258389
15171479
91803706
6766786
96214464
13139729
53108243
66367079
7310381
35512673
9115955
73458666
86557291
78984072
84132420
7853200
69425525
11275275
72601763
16177318
88784602
36438057
93980384
45539408
15371567
69507606
6815574
76007365
72545287
30117645
34375652
39634268
17288983
93808046
93086323
10970557
71290742
11572486
70412068
38822
31240828
68420723
73625894
28061726
80999268
95260768
86954089
44689043
4901329
90062867
56922000
61462850
88544234
82004513
18072969
54278005
9239602
77448174
82102527
76034769
3748909
50796598
37663582
2442505
79525359
91075885
36841903
65649220
19618069
94663475
94589592
55503589
36609191
17156235
14117523
48396752
86629063
89779361
5299392
94640494
37786665
95134703
45768039
35655327
22732872
38496506
97092772
2688629
81476300
22955818
3773427
63055011
79075981
49331064
24486126
2180937
41465867
4023317
8997078
43064541
80211960
34490388
976278
58932897
66984736
48481274
66667566
17546450
28703692
57906179
35957365
3465244
71115942
78775705
23695901
14496332
89663375
97395395
91272669
25907778
94226651
27622974
84434953
3386734
24323912
69702701
81562457
42254273
10139153
81902351
98545960
32590205
93023929
46167195
1227247
90215828
19658850
29472249
2448250
44754258
64743644
18932521
43415786
87562221
76706617
92312103
6914168
74951490
84422517
54784465
84844104
50422987
17076280
85577298
43461974
26545961
1253036
40015802
42443412
49040906
61908445
21193853
82003500
74418256
23068449
53010151
55670705
76464898
80392150
67083818
40425133
68510289
24419323
59132056
2240500
67426927
28396868
87720796
41470563
38985546
76617477
3679970
49891388
73841774
40527190
93482353
69212077
35320749
54355034
69581584
33576631
83410390
82786655
65595127
91811187
14593891
8713455
18764931
26110423
66343330
72939564
51739894
29141337
54428061
95572717
3733193
29096327
22919568
89619704
1123063
2254762
96978624
97166767
40198867
95812357
80705735
31036741
12110157
97582584
41446595
3781829
44420068
28011131
89214172
46363424
15549617
65157865
95142430
81326924
15656292
26973743
57697110
34055745
83359325
4408082
58322471
11557002
4729265
6330224
15812085
77044320
76846386
75695924
40773140
34041644
10162676
82015913
12946559
90714243
20597920
64376486
65558767
63646586
82306558
14439446
50490801
44637725
43565639
31395030
70738254
33081073
79038218
55558287
24917789
6876399
61097189
979017
90478210
23138657
28167229
22956719
81494568
31048798
95230317
58382511
55136931
68103037
68562327
24037099
90942453
11071620
77796809
56376136
75814321
26441879
35974107
3054690
64054479
96070126
46625884
30931237
72740866
56537480
11787508
91670755
30741122
54214838
36918532
42531359
21088386
45974961
87322818
1153003
41389829
60793378
5927752
3828496
43009848
15270762
31122136
58687067
33003705
32426307
24316284
2134471
12278813
53793571
46700591
32052278
80435780
9114809
46546656
83645517
30064223
34933526
53866653
73964960
99874496
77197668
92492398
21201238
41029917
16104065
6554403
84007746
28999115
33047511
47297786
16083428
80205554
95923654
24477462
51319533
52089207
8312611
11906542
19221574
25993564
12152142
11820829
33734042
4361907
22160865
71227
59384871
96829233
74619563
70339482
24076579
60656426
37042197
69519755
55382586
87610932
14401096
80143500
26858938
81616371
45030
67390013
29190571
57283554
70872936
5570863
80915287
45796913
78352472
11916809
50923074
69472666
69151450
96138793
77182426
74597617
82500365
97136051
65505108
72081374
60181299
54219610
27042311
52940893
58192217
42492770
63348031
24263206
24208428
63396860
27658805
69985447
81511363
58761014
99595702
5094026
98730239
24077470
59981003
32414793
9894906
25506648
52635304
16420887
68131669
5236003
2514081
33285218
45049634
8820061
30041365
18683858
78565635
49662844
38350557
40870656
90059618
17429027
51927113
55908682
57594161
55427302
13286988
9039451
19932633
52964162
46865464
96836175
47804551
50913305
68186198
10271110
55284128
63686740
20972817
12441049
65459149
66853730
39313296
29253289
85679968
89621790
64184548
92122210
47478174
91219523
23467526
40339970
71362056
32551743
56415340
66809190
31447940
79491065
18768189
57090403
29463264
98726033
78750640
30300689
62084091
40680185
62090190
23179539
46293252
26741066
91084674
18456038
98639428
88027881
65156836
67718257
89444041
2404685
54458632
4671301
54878367
88211648
12339739
1087418
83922791
19211870
69197517
60873861
73635472
87407522
95240785
20500241
10626893
39344890
2723209
13449762
79518335
13192649
98786387
47602829
15434454
43494047
82122253
44819398
36567606
76219276
91154671
42015427
63379170
98867567
6060
83008210
43395375
43378449
43862518
73792282
70939365
49978513
40680291
31400735
19476639
32630878
75751025
92895946
60091996
65481061
420352
60945880
3836152
79063173
51951082
67697572
33963937
41225995
70851529
10340236
57999051
12166596
88616896
25308294
80379138
21547795
94574339
52046461
82665960
63640050
21892180
10629390
32460063
1845108
27538818
50059632
89869160
9184533
30153692
46335436
69739667
6592938
557454
95302026
10353102
15847995
6547566
35615955
18047217
39661893
91892617
27062527
92787975
77616760
96085110
20855675
51181037
67563706
21532203
6312283
91099898
1342084
72973826
5523928
95971144
17104363
21480309
37269148
74740417
51009708
95331469
92719228
28145017
41146384
151302
4435200
60094618
20524107
38244160
99031673
30512573
51719992
35189289
59226194
61234345
65399811
26372578
26933313
73289494
32116540
67143607
15372298
63640344
17292455
61579354
85427627
89877580
22133243
67472158
47940088
51493732
48254140
40900000
28108360
52166901
98085608
2061101
30585472
88041252
77130724
37729474
38353126
48307146
43668344
97565816
82298187
99356176
42715321
28709679
98174787
89889281
38059553
28207511
28402867
14961209
83446520
31569260
94221276
37433835
7002515
54899448
82038598
21529516
5769276
42889238
98954778
26460523
50403224
55405663
80098467
29791074
53780617
53276120
51418510
30924415
37169834
66691941
13985263
62127743
54043421
37585771
44823835
98292159
80489486
74071203
74216891
43891606
81051683
58312916
36074695
84541210
24878661
78004804
28061984
48209101
99144146
87843465
82473904
78800031
61714332
16701484
60532304
42765548
50580280
20176817
22362914
2844976
74073688
19509633
28834418
25593153
70675737
84593047
87254285
24876295
91940304
31813791
63345754
92054960
91678469
18921366
89001881
58352207
79370627
7121792
71137449
33531782
43575190
45841237
26692439
60411584
36100544
69380272
76472668
30971935
76427505
3360174
8842935
33449835
97461055
32687798
49438050
60080778
19330005
82319943
67228194
14130048
29741381
86791337
87787460
17224598
95692048
44394457
62241175
48332851
31882156
66341765
16842880
10016177
58980810
29646712
55779859
29605111
91963931
76175645
43228881
50450772
50194185
67603466
58060519
14265313
46166318
32793843
13694854
10726220
53397007
64357283
55895211
87731959
70024284
8933637
42606167
12575828
80423996
83772900
36548483
50102219
69484054
71708503
56750134
51269289
16719930
52296863
93410806
3614096
97608509
21838561
99906370
73552090
70965156
97564773
2541754
61135502
98280341
7823099
95461500
1873835
73099458
31400959
5520176
49163698
74382815
60353799
92887433
37952953
62784246
73784702
64170441
57904474
88683980
43502185
24398815
60805122
3333886
3052491
10812243
42175403
5852675
73216327
30879128
52082439
68871921
863333
69007637
69836639
85576816
66512578
14783451
7707981
10305048
54214837
13142193
52332261
4891850
93464486
56259973
71699489
6612057
21572119
50726823
53558575
52496261
11274495
42943516
11392202
17769580
36601611
24188707
94892467
55461124
75510296
78404329
90794454
51763938
24116098
51984676
6973398
74127657
29950568
20261689
73607870
60897039
1000952
30382820
54460567
7549128
62625142
78084183
4171533
57220312
78016890
75352078
46397998
91281127
45008464
90686026
29903808
80801816
73691963
56133168
51335154
29191905
58566008
25117771
83282657
85954734
72650429
26883130
73222843
83783108
15579480
21280683
85712286
82664146
95325753
84399957
55195804
1285867
44457595
30058754
36653805
17923764
81181167
39703292
20157247
31974247
63461481
74533873
38356883
56744250
99987024
95525610
76850676
12053647
58175595
48371916
35601472
20173459
90230865
16773933
66793553
70666358
51263610
88798781
76125535
31167605
46057478
57123860
4549534
17487436
93875885
12999839
36168983
41368858
70134846
8341736
79774476
9277932
74132694
69219909
83175741
52208758
40221429
72920322
1838194
87205829
81695543
98392242
74816457
90658019
27271827
93701521
49132635
9083351
82799057
62335616
93435218
50777411
84413412
26447085
74444564
75109898
51293433
90276955
8423028
48781975
46212971
82599547
49175773
23752361
73228008
57576966
3575319
57894988
88669240
45207821
98708853
77009478
44811646
89734667
54423852
79358813
88590704
47495541
68149949
77656375
84182227
5995283
34529802
2577183
70409582
76234361
18976783
23730047
53639914
37743361
56490388
37921125
42275049
13361241
16314116
97254116
21710613
9305940
58573173
39157503
82540899
64900500
92553831
37716226
48013376
22619679
16413368
50310678
25123395
96933964
20073908
28909606
83573856
16325057
33005749
91510559
48923000
99582099
1509312
16951456
49226815
99696117
79398595
34257555
79302150
99158441
80609695
78590141
61755320
75888289
50059926
62236391
98891662
52292403
91717430
86606956
54865146
30259847
77957525
77576045
34002503
14097757
36562385
63916894
30512153
40238513
24718836
25903228
30141833
283884
23965265
16366733
20541763
567754
48645132
63167317
44723525
44077101
22927535
69997699
4995572
41795213
20605002
83777188
59830094
26784874
88620669
82206093
21218269
41371531
32376967
88148387
65332598
31228846
65288654
45580557
74656718
25652254
17490338
43909097
49108700
12873906
66748501
25016205
88712359
91520726
29996012
62086663
95427535
90617457
76072237
4034771
80576848
71457762
39083792
89542723
73628741
24904901
38805657
21574418
71873223
26152263
25549805
23782260
9212989
20800843
40312063
56764048
48842186
15477788
11932778
41249591
33729700
27413673
90704205
1568781
37153552
3691632
95416611
98632014
69246923
62495245
67531805
11896344
44501381
99358098
58546696
40457734
66033338
30856800
24754632
35934852
85568384
61749146
59725641
36599489
57308887
4936224
45878618
57805876
91150955
40654723
37558310
51829924
88396195
8390843
40342763
82910379
48060447
74770968
14254685
45442419
3181286
18414007
85242915
83545140
26128103
65899796
81492202
2748135
40449113
91260222
83319470
2642089
25056258
13500726
80746352
67241039
29692678
75859717
18319636
428833
63617591
42298076
38795935
30585186
58494500
17881574
80917061
41616448
6420396
96275850
54633037
56261815
31511406
34194397
44772573
99067811
23479449
80839418
88281755
6063401
73065977
7755919
46955328
71775245
455393
12236172
14462905
94592973
69474012
81413795
46420530
2498593
66078294
88647674
98206627
54786654
29618242
51773379
99434055
82546028
937763
56655017
75092729
68522956
2461177
64810487
72272801
99580873
41060182
40814360
91352252
34583405
36143589
55561438
61198923
13691653
7119020
1343259
90974393
83505745
16149404
51428776
84829138
72396305
36942471
52886438
36003252
93241969
28088703
44810893
68239943
51189001
23146764
81181192
68273397
23509370
6115844
40459429
57712146
96655607
90361365
80427848
57414150
5113257
3750086
62763939
42401323
85724904
87405102
23361975
59262522
20790082
35026756
91676436
15417602
45913226
62416895
26280146
75561177
45011743
53324185
88236995
19600504
28413045
9500327
65757796
49476782
54840249
7674177
61779238
46287763
81027532
36643397
92521505
89802261
89092329
52305366
70765333
85668397
59367952
78924788
92744903
26240717
54254804
17326500
41624379
71218735
40799458
82839440
83404742
62849612
51759113
6407447
8915370
55769378
62776329
86657731
79819941
95016866
96722903
33230820
41302324
27067065
51783009
76938891
29981061
51056297
61658696
89224859
46037666
43690209
77091023
23418277
47313665
68245463
96560484
84633080
21236738
79817256
20784109
36185703
87154449
83290707
2004804
40819083
67741791
88488592
56437721
23318163
36432416
46804586
58016051
19577827
77722766
42608351
49083605
12876573
32609854
85624033
79116028
74126283
31616377
23258865
86452727
75343889
22485908
79697432
68110368
28626897
7054811
75956087
84031138
99019785
4662608
44548999
71431588
7377258
2958498
39069980
21861479
93612761
75033618
50928493
25748596
3098003
4866338
20382175
50927492
7873716
43120355
26508370
86749639
63119781
26039478
715991
73917071
45125523
11278036
42071344
29904338
61296456
86355677
69424903
99833900
18098544
64978372
90190072
53688964
51445069
10494897
28240751
95694546
13598762
23498869
2377646
71783087
70882856
59599152
78362451
28914127
62486911
21573872
25553674
87946947
86192118
77775297
45324972
36323606
70700228
47962696
39867491
94761217
35374807
36709547
20374063
16265463
4080024
38605894
59460744
87712706
57600612
17826716
91188363
92301239
58484059
24787688
86675527
46808015
4986449
27929235
12080890
16200581
63142941
60936481
18100844
49974692
22324951
8848328
77545184
74704662
29756911
11847724
46791758
37291059
79698948
99705967
45134128
13346662
89763758
5235292
36457944
2211957
39489013
52731045
82962359
98327782
30548198
38936355
66911769
2572807
54715213
45397934
72855188
75965936
10188036
6368205
7486574
28467346
27734393
11030472
31207966
19279475
83955427
78579932
34299245
46695476
91708229
70676233
83825545
43226491
41216071
31548164
64617528
44513499
65490184
47477331
93723932
80396646
69942603
73306616
98007047
62774714
57283016
18325952
35619459
18760066
27485410
328674
14355041
96265839
58584710
12961516
83659801
52255382
78736097
81286101
2508983
21472029
941549
25767172
29048850
14251036
45075789
98343076
12966173
54627067
48122059
43266595
71698467
46041142
70355381
1652469
88025335
38313511
38039644
23134219
50710372
33446923
63132058
33993473
47439057
68536856
25001612
47285037
83004427
57781078
70390504
4639791
17405928
75447449
30097273
13837531
42494468
60583546
10253065
53120651
28607614
93635119
61687754
66576481
2818088
23884829
20673717
6417243
87393448
27524424
80902618
91138343
82234039
14476710
98416656
65188175
64331275
61579593
99339761
22098652
5120613
79940211
31783255
6690323
75989895
2070807
16159242
32564816
90274323
13563661
87927999
18240422
545411
7766026
26184349
34483707
83966131
80858715
53899407
94666567
2046612
73395150
67191604
97462273
46302223
8114701
15358257
43741634
77601009
44859390
1303473
44103295
36548675
89051163
87921031
22271224
62462392
98061240
49459836
75022943
78594324
10363693
9424558
70529905
60048668
46728768
5346983
76410354
94294642
90551487
5869870
88609193
14101550
23008259
68890203
74775782
30371182
7001546
14369398
53322712
27983028
79368443
73299491
86114087
41307182
88392118
73231195
5479542
49560244
4082311
97189201
48216047
10937548
15732820
17943458
26392692
92094916
84250772
40560707
76120891
42613355
33315769
74650360
53946556
97806468
4180151
30974360
40856089
72676882
9639350
39092261
33777652
33104234
60040719
43104304
21484757
12541246
73497684
23267111
83139682
98980085
7727403
48345327
75198174
15308698
37290967
53667350
92658168
35841969
41075720
34885089
17759835
13708988
80157634
96422895
65600934
98948415
76869046
63687621
80077756
17040174
11816500
85694902
14411323
19385173
12055938
22093416
43825765
55322937
35749075
51036233
55247687
61226015
62703728
46467108
20959208
96002475
57955508
86983480
93211456
47974151
44966415
61456808
79970574
7448890
91352337
99113232
64375480
12508358
70429077
54842679
9116903
72627495
22079924
47810810
44985940
25214195
87520255
29617864
75021554
24445258
3587748
25345861
52405268
95134465
28840084
33944559
26464436
30989973
54025341
38596159
74180322
63892404
42224331
73182528
99676941
99543391
70000474
80439591
71970127
15167872
22256851
67339750
67793123
60758650
2525670
31934600
44971356
54434568
27013678
98092485
52344736
17800027
65564538
7744531
34347250
34219510
10012210
69275617
12437253
78682912
21267451
50083125
86488326
21417289
47745890
46979826
75648052
75777890
31109450
37869409
69535336
48578116
30271052
45171962
79350880
66856026
56112955
60991008
72921608
39543261
41429614
52307201
67534991
11323925
88614614
47751274
50641837
6763742
20496316
91174459
83038274
28354131
38128109
6002110
34072964
44956313
86102958
50862501
40425336
41604810
10579409
89563219
19821993
1412717
37637020
80727657
71972813
29728899
71839099
44697892
16082996
87686658
75825114
82147450
92472599
28364574
51371180
92242491
1729387
78168943
1920874
76471485
74091577
84526172
27114327
24965896
63166426
12639564
62554929
25843548
10514826
61507957
79816280
48614894
31237682
57524488
42729746
62000108
2144869
10997881
89319415
31139670
83776299
17390885
19493425
58376439
31168463
25096456
7025626
18914846
98084460
3338109
31715617
74921889
40302610
22232014
73088362
79805175
98047835
4902540
13213708
46607744
83470701
85363296
58853775
7650735
71076332
42495766
8198830
66175184
3606909
24040429
39318512
98763096
47261608
39095652
80764252
66830289
90995421
77127631
93886739
31051368
90261104
17162756
71445298
92450425
91308086
33640930
89075510
82468308
32017937
90352388
10579859
26685819
87179182
17344332
92724685
8874868
62290293
89874711
58362352
8840682
39176522
69233167
87865233
51705259
511835
51857313
15271186
90157009
64064399
51053421
56418031
48953727
12801729
50071256
24357307
14265115
38141764
19633191
92133554
55272886
77006426
9001195
26796670
27394487
11374701
53013597
76899486
47298081
92158187
69373243
3109695
28635572
65992006
24024540
9957856
67291508
15612892
63183947
32822148
74852859
65305447
3419248
53965427
22034610
71894281
57543805
89469860
54880521
94328224
5414117
88497888
91438582
40767426
49469116
23694455
43030899
84234235
41231462
84331037
12673765
94120591
5585584
92232593
43115752
5256559
58463602
34649099
70056256
93484284
38922922
89858633
67666757
80930414
58967837
83767562
58862951
86031812
51382286
53882639
21098533
91389033
95822583
4794920
72425786
58000634
74670263
64902074
76592859
82542999
49484980
51894227
98096605
18109998
41379501
94954038
37641589
20581546
10484216
82921803
94407011
67761333
65204321
38747221
86265225
22832575
71498242
37782920
54528098
3650806
64512319
41006124
14132854
71866585
3422790
87166585
71201132
58207677
74090530
65260944
92075911
20299223
43377012
67628077
8462894
85062274
99756099
71377081
2980636
32388323
49650336
3039227
66772789
13266203
95755245
75292760
86862031
71627138
47649962
34064797
18503511
75589235
17920669
35949593
75978822
44782651
92343681
51077944
79454081
10473445
88455640
13503875
99434393
24812200
51033823
20804104
94474907
77330029
11113823
20055653
37630122
8374485
76302733
61460455
30169130
46259326
46542957
61144180
12691632
47062975
55932991
48488725
8194872
76376609
35099954
6687376
85111510
52735796
28312540
17905809
60458828
47894013
82777597
91192857
17291040
7533840
23082310
45927519
76015384
70379957
75582905
98396456
6885933
94059060
55389007
15499596
98130676
27856107
6376388
8163003
64426210
13140267
55675985
8873976
46338223
27666310
89841612
48180218
26990666
10040384
82657101
29972732
8118503
70910800
9473376
62588893
25199916
25796368
28103226
90732154
61121739
62135816
95826577
41674183
66144773
4438337
46664172
44944499
73939158
21054942
81559258
94446407
1579519
13952899
57398854
72605683
6154263
64794301
74764456
2400337
80740784
75962418
95358355
67964579
87107455
39858770
25268004
90208069
61574202
92943606
86451892
95864354
79154904
8373047
39809288
65537616
80822614
3096629
43497992
99144677
53458102
54575497
59296747
16073296
37111237
45918628
29135195
47057280
63263268
13686585
53758568
53773082
16690535
775813
3614166
44640743
16905069
84273240
59749549
96657273
84429075
69577999
22899758
25711187
40377397
52322691
76932456
14269074
44059560
97156430
66344925
32759818
90486776
30121608
86187858
3028239
99970083
14587392
59183927
39716653
85175168
164409
25481762
18041259
38350570
1558093
32846377
86598353
79466007
34530
10280899
48789400
55225387
22797356
43809700
46039443
48668743
5516644
27215775
26186883
2422590
8626861
74761014
56917188
40608398
34398337
77429409
34225250
3332677
62723572
49990202
19109861
5972911
59584146
51982420
99882083
5347615
54234508
47697533
88840216
24166757
70782129
17191590
56856072
71185560
78726862
19666067
91493821
21064099
19298310
50395652
80438109
4360800
54436873
13256599
98708229
13556339
54686585
6397708
81471213
86169009
44155168
16036670
2252748
57155618
42159601
89643859
3945581
5101882
38465428
89529587
63000440
58504193
62692043
13817625
403427
8230452
97754618
55267002
81301006
60470536
44125765
2909170
4491985
40861332
77301048
45530923
92838997
42813392
62096788
36265235
5498205
46699988
58364313
62251193
69354894
75471708
20825022
62425083
78403376
32149780
16299013
56845638
85513366
25735750
76309781
76133934
21147149
36910433
54737373
34310475
97788886
5366335
544894
99099902
15242560
12232291
81113669
27632705
18836141
17427949
73072183
48413769
9363938
52451542
83729768
73453267
61273711
75039136
73511431
63938697
94066554
64374960
89166928
69558024
95189534
98195567
61569789
45604423
62101748
95742106
55736139
37858978
34393693
956014
63870495
43354383
51377324
48908197
10160328
80138840
25018951
79689701
5346364
66720918
26795018
67663051
90381675
51554045
19201138
36867268
93871634
57591485
63116910
82083886
37320370
39383804
93872704
68720411
15203829
2384848
48758393
86071430
55794314
17306647
83928924
98244783
52833455
33513984
46528995
57677363
75521145
98443541
44880947
75521689
83215597
80251810
39409667
11314991
9639065
66969654
45929058
32655414
68545793
94250960
51159491
27157315
23890496
45559318
57882485
65138623
80105336
51402515
4440311
32278723
96872367
13171301
32722846
38608918
46283580
10053921
67684322
83323231
93509389
93779985
13712947
1042151
5213948
16171626
61102284
61982847
29433345
20193765
1229886
85734333
23662204
49538609
75096413
65427046
63556826
49509998
71626458
60632034
90878637
97511964
4553107
11206215
19244140
66012545
43732831
56027954
20673295
78502509
54527828
73348064
62139998
52602578
5968337
63742247
52303484
62701440
76521784
28060704
14642119
51009202
76663108
77499461
22178529
74127642
95255792
72438050
55893771
78238660
75892452
47195016
62673998
98148481
37659454
18806131
29863846
48110839
93143964
563466
31194081
73862757
19187981
49024692
86577743
82081708
459066
41136716
90850724
90768708
37128415
71424701
80865623
41206790
9253120
3786522
84586011
65980060
74652369
50057161
99115104
53241652
16217327
62483273
28787415
17567797
17148302
44082547
99183934
48878845
49582971
41871720
80647031
85781855
82366055
32249448
45478188
66750492
69238112
17280823
69241903
65678441
10827013
22129218
9691958
44128687
20222103
26314963
48299756
21856946
68459815
142256
96053557
51882116
52281680
81400226
35656870
44509198
38996021
39878503
51683459
5299407
35470446
88205391
22743883
60475877
8035478
11465924
23967237
34563283
4263812
89592558
17232615
71925764
66403191
97908528
5937072
71542922
10336206
53808314
83864459
97958524
9506866
76834725
94769648
74722744
44261880
76280509
28633814
37365293
3325490
77378224
94809903
74408387
40734565
7895893
22728919
38285606
31344265
27642557
31710825
9113668
72544827
94813542
80404564
41739033
60072188
73472642
73842986
96836338
27271893
253631
85343866
4374250
36225897
88721425
49029131
63073498
40353663
93744673
39972201
44958001
34975724
93640376
58076042
31360959
6660558
99858500
20248567
29216077
30328937
33332572
82242285
12319139
94368157
9084932
59592961
13207354
97401176
52689585
49502600
95433341
37712375
27550074
94656174
2649317
24515397
78899925
23577480
97125422
12982034
16961095
18402474
66478559
34084608
93560980
63796805
8909618
47324500
15622072
49473585
2397240
68973446
94927886
37719501
37391908
41354614
6723864
65539475
91754381
6026520
66467039
11764697
33014637
9390535
7775771
21210812
70403126
5512528
64539054
65802946
97056900
75500153
35571674
90869379
6059979
78298499
70276378
77439106
99724276
44678700
20183657
45733022
77471046
66014626
5558099
4410689
86492541
11683926
27209994
14123230
16564778
90266000
44409190
1302232
32048095
91780761
67165282
60351968
85695852
76368856
53577331
96536097
29316416
51304202
3594403
46402445
1058537
81020160
91363545
87232458
7288205
29967038
55040804
81964695
63074145
24283183
49767363
72410252
12765465
48529382
6002820
41295062
9979550
84274727
74589961
68421534
1027415
24374536
67793872
60758389
8629583
3205403
72281122
7303354
57304621
97043345
61845164
6720680
76749750
19789564
61103393
88636985
86711027
40044400
4646484
21012158
3433820
2622173
15136947
31019061
63304380
28610875
30324578
41880665
59877470
61044143
60572707
97449592
53541178
56482133
35615579
55014730
97332822
70954185
20297398
76397159
28030032
44408526
8997969
48661171
17498500
53218362
9992930
21073648
26537932
82311291
19909175
93537274
57951563
77718286
42163028
5572682
67102342
6475384
10272139
21949184
74903084
3912174
94534837
30831630
99628882
73621074
46254565
26472777
44240639
50603045
11804940
19099583
97724602
62471617
68098026
87918216
84564735
31530919
59100459
91268878
76949991
74353311
56348961
92712032
66105637
55759240
94801841
41071239
59652076
18700613
5449895
86836348
46025479
43372869
35957560
32703715
84578150
46428534
16008350
2897776
29749561
96063406
76300424
72752702
2104374
61614692
77028481
65065717
47930597
66858675
21642674
27513198
49532012
87360463
2579284
20833298
42162229
23268192
25885321
1647733
50493884
84419609
86298942
7766662
41860196
89381506
29816336
81343623
96736299
54956182
21168012
95657438
72968061
36678826
78380737
56841697
69273834
26681230
9083031
35294727
29597605
82608017
93227419
40875247
81886608
36291917
72808407
41769162
21182774
94248599
68777914
86042826
96554672
12792405
53227570
28647535
55227926
26638028
41167659
25608838
77170636
85595632
26795658
85335060
18656689
39324858
55673652
54957151
99664667
66724229
32510264
73286166
52822091
58325528
54290104
90640639
53888129
31611987
37029561
54625678
75783193
14336653
93205268
48117536
5137859
14212647
56918867
97997257
92802822
24817565
92260094
98935473
44496334
50514008
71729852
15698647
50829758
42329402
89032082
20897574
89010341
57632988
73151918
85407141
21135661
75978239
5213676
73554054
64217190
4507074
16668886
40028072
60656075
65066762
29640638
26900734
84455319
99233221
59473009
89889361
30920754
99507531
37933820
75306298
9081620
51646934
68734938
67319805
79683235
85463430
54102297
8671193
89923270
39848121
97875748
1510526
79749253
74484338
37984612
97182866
79410910
41956834
4074809
98779932
58582544
89414172
19301061
72900358
49332796
26244205
94914457
93962514
8123200
61149029
21637352
28719183
87335671
50133222
94517114
35584381
46645352
24399321
69487021
6143728
12731863
85272441
60218390
48866352
9899296
77943109
7003150
86806980
4176377
88404379
51136973
20147225
76029557
73580069
77481201
86083419
67873067
69797702
63380336
84037757
6839713
72386400
78650436
7674744
15959011
68064501
91076737
4982026
13719030
79222177
21924396
947018
11593428
48528866
2461557
45207402
19025351
81077400
325726
94819663
74350030
61318074
22625430
69473609
64824675
86981004
18922087
69153142
97195058
46332026
2578986
38163299
60742895
96471392
35203098
27138577
19530303
72683109
80843134
92939463
49942935
78469300
82526894
30465311
68145650
6074309
42737035
74837022
93059825
33535685
84561509
58472140
1424208
11312685
52524296
10509840
42413397
44237853
3404507
72339225
36773571
63182389
20073136
77806590
9222829
62603088
96339728
96726649
99739506
47555842
1491285
46633747
9614827
31285060
10045092
76141688
19174499
97831394
26662278
1805277
35741065
26241502
9755057
57148089
94612257
86565567
60273115
26007263
57430056
22735694
19488989
51148964
98709324
76094371
57093590
19676897
16384351
29506680
97512995
13055343
20683038
27938465
71958289
64390044
24430403
40230734
75783708
53330130
72088302
48874004
24948366
64046657
82048172
36877808
47008408
32845459
31766851
57549463
55894778
5139017
62807329
8439133
4007061
1508863
72896925
55040306
81042864
80012292
54732172
18661257
34098771
52163206
28015803
17134978
51899862
58108390
89752570
66562482
98577841
31732954
70721897
46783530
73659364
83760411
16411443
39597419
69298489
46935813
18475448
51252119
65976515
48296657
63150687
85054266
80869302
14501098
43175947
50566721
6064767
39853946
40852561
95902933
95718969
76674047
60746872
26705308
25120867
97617766
3812607
20970647
96655931
12279957
24931279
38049504
35969825
80513763
6423813
80102304
80996921
28069851
14459981
36013906
99254518
56950439
78644942
5244891
92267023
63447060
79051165
35723496
96691995
38058572
2513121
61404573
91477766
1870451
45493640
42544522
56011558
98904424
72939611
94338180
36657620
71810249
63702219
35041334
55740408
89450876
79890227
14126015
42963741
27604904
77705691
46767496
56219018
97704225
49486908
28500439
37166166
84707491
52023812
98753261
25294296
38411467
28092726
79018981
40324687
87723059
23314712
34862687
33672227
69144606
8022711
18960772
91365354
27179140
1484961
75324772
46371962
44289917
29174420
54099478
82803040
25515771
28096552
92949815
10260810
19240038
61977547
99789266
6137428
91310220
61816788
57521894
14434907
73892992
82761225
1922046
81762138
1996496
28773072
63939577
76633814
96363428
3817051
32310618
2991941
91530275
646625
77966108
9474234
29898446
19683395
77730184
61642465
32786123
85344090
48498195
95512833
54685653
86918936
86746881
30240914
75076837
6448173
80645688
24090299
25525311
10581153
69376686
74490323
32207741
62469996
26790974
9955613
98089536
32420070
5251885
68479211
23438766
869626
35713124
5733991
32344046
44271626
41546812
90323171
28058818
81565582
11426092
12729099
85351023
61501116
12145997
37339496
43441707
47481248
57855010
61915213
92713769
91544039
79146560
85599783
56156115
29815635
59104443
17697886
89715265
83950042
26692005
85703481
83792718
1757337
17909170
5414798
31459608
19142972
69117989
83675925
78666756
53387070
13746029
85487965
79076388
32692482
39398992
609729
10292237
65970034
97543333
34710191
82891337
46947357
25817475
25976975
55740284
38359717
59580946
66543038
60659749
19956136
82673176
17444595
11304528
64239315
57361398
4299126
96748630
21611924
56236274
39104723
8439949
7941735
10905845
21651916
47305345
1223025
99770954
37936255
41054091
40724068
80551612
92427992
30433116
69328076
97309083
78327019
5610492
34768765
32474154
87360548
41424131
49929750
73649181
22025837
85434075
91191243
14393579
74993052
34951895
97280837
63355752
91359221
10478636
5505416
26774568
5194218
53564605
26397216
9087381
86524342
85313574
28385087
55677040
17497769
83024253
87407376
89050350
84702876
8087752
47514927
96420673
51253666
43002114
3819536
79548342
18504745
25304262
8599523
8192765
52074116
57943563
9113523
53215958
28752363
86199148
42911436
24280561
4340013
41188574
98086780
84529884
44847130
99810208
36474137
52484304
81442283
59169380
27884470
68720767
29529326
66446389
92974039
55718188
26123259
63589943
12658681
3244442
47761999
41779688
15289202
34826455
86437317
87390973
87864019
33872280
61175282
93935707
63027138
30875666
70176687
32430514
46026166
39382169
37424429
67528517
14754089
61856911
21821445
35485792
97969340
65599173
87425337
52470604
99239929
2939672
46616703
48567754
66623405
261551
54112201
70940192
2019398
75324644
47118082
35218894
8405062
15463156
9757729
89100145
38764179
68338910
35372751
25093122
44447897
7761219
33597174
73260261
85254641
45236742
75700112
39499320
43835295
96419237
90964466
76078842
10149990
90283488
96116759
83617147
73913379
42776605
64547817
90448970
37044261
93518192
30369882
17148021
29482099
74337572
88565320
63164871
2554554
40584523
49857183
60951717
76287586
24843146
11110305
69623350
69902774
72270958
64318168
73071975
19571894
46729783
41248607
76586708
8980758
65301356
78568551
82394921
52883126
12751487
61304196
42882902
27038090
94094434
22271668
98239144
58898652
28791762
4277587
88242347
97943314
46350663
772597
61356719
82245072
24334917
92432832
98155470
92423478
76671800
83956713
2815972
73659091
23505434
26122308
65857540
74161213
30237151
4790202
58930792
23274619
70502897
42068991
4527622
82849775
2544150
59900788
77457670
89671904
51682199
84362950
97737518
23262848
95397787
65080054
75831747
60857578
36716451
76160977
49783100
21474450
43867269
31739719
4516244
9997474
86183271
76974922
31773891
62002132
883597
46379253
47487037
20645802
14357556
38373078
17189120
34962933
22225506
62960599
19048486
62279050
23083316
34549275
27114897
53782636
32067431
69475292
86320079
52431545
85994001
12997039
71679564
30400353
78718567
79729757
98010723
2085581
62574504
35482488
21534765
16237658
52405484
95051650
12377378
47317337
99286460
17488186
86103977
97794860
74776212
47614434
122797
56701341
42217776
7097349
83306907
57742457
43034361
66434460
85310134
444668
28169296
11653945
66621609
82259324
79314696
12574499
10905575
10438927
35816557
3503646
63691439
37399883
16954534
4346485
78287954
75542633
87813488
69764984
70757847
30585891
43135881
11597200
41383560
61701725
66027216
25099887
30352578
86196803
47374060
97882489
25925975
34282795
99648794
89510498
80580437
44017494
31087965
5814090
76911319
65555531
81808141
98018752
29658211
74077113
82584894
39482993
36031042
77891481
69143130
50929453
56169589
26652794
99328365
75494447
29177442
94734682
65767122
42335037
23443638
48221647
72973540
60486896
65014336
61746661
49548644
46755347
94949990
63237864
36094190
77706176
22644323
46196353
73418832
77974055
4154568
47041709
24352057
12217260
20523205
85789944
80803363
96061488
48681480
5403582
32798470
90463260
36402113
69390819
39032615
74722854
89099194
19604943
6290272
20162391
72184511
56126922
16864505
50406295
16935918
29681834
30689514
81877961
60904320
35945598
79462348
68943190
10686382
20391465
33147521
28431000
76846404
92109105
24094995
41280285
93623954
5549981
98653233
76657668
75079278
16372154
72958152
94921227
95901252
54755938
57852561
7811687
48828183
53891469
45711895
41818918
31043412
5114571
98176750
87776937
98302407
25902593
68557814
7829591
10023295
56773195
2519926
95614402
44903121
45942951
97905842
28993305
17889620
21006470
38663990
79338964
1867025
29562124
18773668
18448522
78552407
36620494
33853325
75789321
16543018
16961952
37608419
71949060
7943299
79290894
66877902
96629082
68888435
12086027
5366110
62011159
12476285
77429352
35098344
70690457
64875609
93242335
58354710
56926818
60616237
54326047
33066841
80879981
69869222
5189404
63865813
88449588
62200801
93163913
43634569
84470167
38188811
8678813
44001938
70440227
86465319
8482243
92147771
44767526
43852693
19044771
60896541
67981523
9835694
57164531
33790636
27649033
98751128
32912788
27107365
29098602
51530383
99776968
88492421
87639584
51608816
3431377
34909427
57155565
29529707
2950921
76103737
90042701
37404302
21274813
25602542
60226098
77410600
82985625
68540836
6557844
45313590
34563729
32076313
55727863
73720259
80863190
3201385
53470655
51125814
73342133
34313833
52754989
25141980
50903357
48464391
7648011
61466122
28712097
76773797
39254672
88573432
88163547
15372024
37440791
71206378
25566709
50985453
38861898
16982608
16186152
48579252
80811571
80510296
47265028
85514077
15318711
87478625
12505270
11028830
62515301
79669825
76271454
40656300
85691363
62079757
67580714
32363834
32755484
87382125
53347847
45597669
61447729
87579190
71135502
12117973
34744597
90334999
46784556
17264221
70544339
62998712
27804197
60962625
85796198
66201016
23415012
32582128
29065509
16705251
63960358
6697242
66192574
23833627
69095766
16725264
30231880
62136537
72769663
92406758
52585053
6024131
7713320
74581774
54280460
80353025
30115218
43114693
44416070
97930252
37678754
95292289
85752370
72992210
23327432
82086827
29792522
7952395
12453300
93000950
62175153
78276103
50295789
53566481
79691746
17601713
88576281
76019303
64740675
3648064
12532172
59378283
83018700
87671314
31831424
3450610
43040337
14390095
83865770
51811875
92485876
15254439
37094455
75410948
46325284
96153985
19623035
13530069
25180861
1840113
79330329
50067926
19379591
47892192
88552934
49285662
9994719
1935313
40719253
67610186
26150892
63266773
41241691
77542278
29095181
44006219
7053974
77227656
52574847
42360787
16676181
1702169
94661806
36837945
1242845
76201218
78937948
40316223
3086421
50181508
35235338
27944219
19770365
7165604
53568774
27109057
55903886
82628160
93991424
45676867
29293383
31187510
2056255
72841556
59145837
20939436
52962774
34582216
4160137
20022517
30685708
45567190
6750085
17244007
26280154
47720235
14210845
871433
88674575
75415587
9713033
73617014
71920368
22776276
17622527
1258359
89499638
86005176
41604255
10005948
25427838
84103807
7244931
19650845
37799715
18936840
71813646
18185212
81167611
22758441
992909
56467075
60172255
45404573
56818319
80436160
23249616
55534147
12920205
55141479
19588731
4644716
30276947
67476202
21203449
97085969
8292298
18056136
31171312
20788187
74461146
84164781
62681225
96239778
86580786
31254125
58389560
88924634
44779031
32650504
14008142
64730437
40090480
92538475
1023092
47373522
19136188
43609839
16699432
53812216
16081505
28573123
39170471
60485935
29122715
56131494
23271435
87795140
56831343
82683632
36751085
29539512
45435469
83330956
5469411
84733620
23709585
73553593
21331890
13617175
5737043
50388237
72090773
45960436
84633057
99016034
9766936
84182807
18143743
39420981
58443541
23442836
56181107
13324077
86817017
40389485
64252997
7675510
24220015
84394881
46515450
84213735
46539817
2835728
13808247
51319423
23204387
27483391
11747108
68180116
17833778
61990181
96448745
53036207
24895661
63496888
80919582
3929747
19731446
42353795
52889548
46810
1601294
46542873
28093650
73556194
13040180
692387
10032592
44413503
50507378
9006389
59575476
79962225
91061411
66299913
30729640
97186250
80662891
54599612
94135374
3774023
29570752
16616289
91100387
16237603
99347965
29296385
84332818
12799072
63369045
16689585
44167566
29107882
28177272
8723730
47518119
73591213
16199239
55186287
4982744
9530971
5377493
21873400
8775940
26877974
64285632
32648468
71599024
34142832
53307727
9869059
83408764
90104714
78260774
68465324
76425805
63517837
50059365
71971312
58420785
28450598
74547205
95807624
58183703
68339974
91721433
37905905
33171019
25911313
78065734
83655784
40373589
64032402
43505140
29780818
15289750
92677643
35634945
93393221
77917960
16943183
67450187
25525149
48448452
53884280
99293616
91448642
62664477
38562008
56776481
70816210
90201728
48180947
22695130
22580688
75641131
7788875
17220479
70590085
40308839
51127720
71621717
68287919
52644183
62349589
348390
55307314
26102668
37197762
43368422
22081885
6765539
1651678
28634836
28055079
3521100
15052100
30495697
22600506
56313926
44511884
647520
89376423
6612003
53366253
95136319
12227628
72431038
64195174
47187264
74566452
53039846
26014771
1906131
7806044
41907240
48031912
97931338
36326949
51751925
35199642
17705670
25709365
48378112
86454924
26019955
6472135
45498398
28163714
35163134
7266048
93582042
66300795
71798366
40263760
43784689
46383712
83348092
83513017
97229832
58472739
15398614
60853378
29012794
11051142
54757334
83034554
53115253
96678546
54249737
29702284
23523384
60511074
19798721
91780087
40412413
77035021
71308420
34910927
47036758
45448917
80371100
25711633
4999236
15920602
65982791
23262343
9756865
77331090
72697944
35322752
5184228
94245121
19304752
96575416
77639153
64066818
64461931
4067766
17268091
40936350
26282552
38917726
6731733
410584
81851223
55232825
82822156
16097347
77955463
7523979
49141951
33071489
95872769
90179962
23394418
85863543
46648638
39881789
8681597
28792435
24412281
38985117
4905192
7244601
50062052
73557447
19024474
51780653
50598126
59233903
38314111
44775831
19923330
90802820
9055476
47064261
16165158
37799718
10821061
98039466
63887630
91113245
2729598
94590820
76457085
9498251
87018101
47670085
17014728
57807906
39902941
21802867
67578470
74258321
80298843
37751243
48235281
73580534
64163075
5983006
42493791
60766670
28825221
79809972
28741812
2489514
40774849
79439297
71665283
47875062
31627563
78621932
34715376
44452806
93182758
2157746
57235237
57399005
39967564
53427609
30754110
5899290
11858303
7413087
22913900
52006192
78330593
89917690
35928988
62703199
23555111
38792540
82191868
93137433
42983610
19615217
80626903
33269608
46694213
25267639
74755864
82584288
78835996
64067844
5748726
86545167
21478589
44904928
9937249
37498934
22294699
16896826
55445426
87509729
68594137
35842807
15894285
85970527
3103073
9991720
73329255
17313968
20528950
10584444
18455729
51319240
37184540
7242638
11670455
50973224
86095246
46148136
69498607
11510415
985218
96322439
45268794
92423395
36906280
77389251
55869593
1717444
34842142
41609091
10701949
64503508
64352689
58934306
10588779
2451644
84009408
28955797
70920802
16871730
11922621
4379526
1228647
97153783
44716663
90479155
67714089
69454853
74456297
19809633
91444888
5179822
35844310
54282754
72215166
73761544
63026775
94423402
1033979
66178319
40615285
24175003
3198365
8732132
83487837
84868326
57180473
66139976
85079980
66893967
63300541
7136296
42342406
70935665
47967763
7530450
94141182
59016286
12739860
72721559
1932996
72943074
73635418
84852103
96958650
58077978
84594620
69706695
30043628
89931551
39657903
44974025
56768343
54189298
89555660
18295349
77861773
40075169
80790384
99984194
52122837
42014175
74076753
37917124
30306246
19283995
24790870
63425165
28174982
30037657
92796406
26719308
3491255
37903997
84618884
80095445
34600118
98518830
66904553
60182538
35597755
96447397
13757446
39963279
92414853
99589797
81729907
88201212
2968164
60487808
53275158
21084289
79225493
37378263
91208457
61433174
46997211
29338068
3894878
10283727
50877457
10919832
880241
29960555
41538534
80867870
10857425
24229331
16609224
93142736
93814991
79205232
40819064
96399027
9382340
80105004
11644749
53228954
7759911
23217876
80381379
76420940
35345182
25915614
80441078
56093050
19006983
54840901
69899040
5537628
85440409
2316261
94224189
2503463
36353613
94151651
78887692
12884975
62642251
9212521
23620150
23487545
78579919
18017322
39204359
15253638
7935353
75472265
10050160
27713387
34131247
92908814
28726953
44650840
50084394
17737684
46460757
59721506
72232835
12809166
82947275
33012165
24835791
79623516
77653492
33377866
75495350
84404609
83706618
49338630
43504010
4886193
77267358
61343071
46421598
92139914
75513229
34326550
65406388
17908756
2935017
38119627
93627983
89012141
73575766
1144014
10688476
45824779
38503755
95075396
38554027
56636453
8206454
34202992
5849064
11877845
99951122
58690515
79540914
455291
65396131
2933100
24510622
30436857
60468519
97116090
81760475
92416455
40796932
76360379
82799842
32592999
10287716
89724559
17113205
23096397
44471111
3481554
54827509
50268253
34291449
88937904
23515760
28895889
12543891
72267312
24797810
65837371
71742479
14126623
69947854
23661349
44622137
11957306
80954420
33185589
29596632
4891476
65177017
63562502
58440744
78417243
90545356
39513855
42507229
91970248
30245461
98111213
87488150
80194523
48868756
78173116
45888533
24021198
31018838
67144349
54111967
71755592
62442691
93740590
20479684
41478852
93258416
97177079
68733886
84896426
84822913
73006848
49744050
27091458
74209125
99603310
28167228
69636651
18698672
16353094
72430792
83791635
9931550
53035470
76807893
46447269
8591651
8206731
38203008
24142765
30139008
96305018
48385639
13670453
79997048
19794366
8953976
26671227
20639216
26497662
99251775
18442810
23481799
21925791
77691447
99743314
43919290
37901038
38862178
86070647
69240780
68269410
59223159
72599056
37896993
85620075
73759723
41376488
43041015
30069369
45249371
9926132
55183640
42109003
72512831
59236491
18619391
33633438
12557954
36739062
27948985
2253113
56403503
4511903
66659051
58599942
71538286
69395856
25955564
37271034
17767384
36144879
39192475
11229597
49272191
27525725
40970299
57796367
64503879
73523434
73318335
55248445
14966260
45719485
4373779
20187779
46337521
96709160
89098917
28889941
26986711
63725640
18404316
28484735
92423069
38912906
39874826
46586058
46906691
71923021
46585922
77064
39924767
56692476
36069335
43760133
59248661
2677549
38825238
3692703
86424198
49378233
19938251
21315579
90005750
27160325
37179440
73961468
73513557
85132867
28437591
42680514
87623970
99596118
16953761
4598897
60357114
14793186
5916378
30596071
81784225
39126866
33571689
77830110
66794097
33038224
41462070
51839071
74747342
42101714
9032663
16262190
46765090
60467599
81466227
47574744
88027726
51462650
53091771
42201486
41547205
37591081
10817364
14359125
79943099
20286931
93805220
85347863
69126219
40006811
52978621
20541480
78145776
23915006
35623517
73716287
58775001
79372268
93938677
27658217
34099232
26387680
123035
7030574
534972
4011098
32167266
93539203
13609843
39727385
13683531
92635181
28346059
60764038
17263546
46575107
10626548
39264474
10218942
75627365
83000108
97836142
73514891
79546538
39846061
83140411
87876548
69407400
72315389
33887688
95969205
81073525
79492346
31339130
59147995
57276946
70182455
97255116
84893466
13234487
9982131
22453702
64944877
65693993
25587466
73269390
20119536
96524816
84164956
81800074
87265037
78685395
86762727
19077260
14499387
1541248
96012983
50442654
67150391
29349735
66964822
48554736
23212565
13847193
11511733
52801724
55406129
39822887
4932765
2122671
96110656
30651070
28108151
21979252
77904897
52115641
15426883
46043876
4773184
66282520
42385924
62033024
55797992
84778548
84514846
49188238
41435285
64458518
22393493
23272604
10038820
27158056
60949043
99350743
57236779
51708761
50309034
79008488
51828522
15368656
3587593
85384446
59968177
59940958
82587592
27944063
34842620
14349744
58278327
8016339
54788051
803899
8533135
73059523
60408410
51971882
62797438
24629373
7078801
52406186
83226986
37400879
35246965
21236084
5422820
29751095
58199808
21658564
57873651
11906499
24417570
50267362
86940639
67088378
46855310
75480715
69548995
38162406
3334523
96201835
32085693
16278957
83711526
95469274
43447077
8061554
86423283
71433212
40418077
2174808
71936061
72174415
89291607
55040052
41153657
33301965
25120365
12295319
88353061
6114809
21093364
66653682
42207153
84758059
42042271
70890641
56558667
63501083
18333776
156008
52921641
78053614
37675416
55652558
23749493
86133313
44548049
9130009
37243380
65151729
59983620
71521286
12845813
5075045
73239899
76848093
62169626
25634758
28176660
7027938
32910075
26939519
98059718
67525752
76543572
7317663
86516238
23695571
72007699
30164884
23216001
31383679
51431213
36383605
12935302
99445655
23837598
20937633
53626908
48775281
94315309
83316874
47363845
23191464
14567632
25658341
65981813
61769280
87259238
67151244
22201001
53873500
50495343
58411907
84170458
66683721
23383813
15683683
32661975
71687062
90819031
16789086
83121762
29248254
1537190
71336762
43746485
88535902
87765873
13054783
32321057
30775542
156436
24565223
79714138
50658526
43094872
1202648
15789081
41711803
74410629
20397605
6883230
63519954
62623581
42449811
53812606
50370146
36500156
34466819
89145599
66527247
65183117
67311897
19840584
66129002
27324798
35750388
76506465
63358157
17706641
24100778
18910426
90835369
73520548
56605220
44737718
37976568
9953975
75715067
16149013
55524409
61264895
42333754
29029211
95073385
23504812
47268101
93865848
90852684
45128950
85494207
19645777
47198838
280907
41409851
3286123
39943105
20945562
41124420
26179213
56750097
92440698
74888287
51712953
8855064
94049790
27676074
69693748
41857387
57514113
9371571
47021562
59114674
75337929
28158257
99901577
78286577
37756686
44493387
60550997
53068057
79388617
66343517
66768484
53500597
4488158
5631704
39856952
70337194
78207210
45726738
73792197
49073115
18422291
23294996
82248041
9060251
9973702
97052800
81196521
11036366
50381578
73608003
37990434
97814610
44284573
19180251
14957526
26409639
28486692
18551572
50625771
22017763
86405115
32022613
15677379
80716931
76145166
75620890
31924188
10071980
21141458
43310229
29582143
83826443
59949419
84574339
39738255
26674450
24157589
52311583
70588175
3175813
94265168
96879113
28698187
34046807
37874334
71708551
44137766
69501260
20856776
64320508
98069958
20565170
64450071
50029353
7905588
25092151
44771728
75611254
64961538
21701207
1208234
57935986
66923759
98835183
67786112
54457657
1477460
3532998
3682232
65638956
72011759
84995784
31028161
41198247
21358384
36599164
10336943
37717897
15629246
6293197
75026605
31522560
68004673
92368777
38585362
95448403
10545758
84831172
54695299
28540463
86043659
92350906
25424651
59083689
62636427
59628970
9562241
65966483
21451000
61615767
31023789
44035673
45112238
97253463
3293247
43267653
23251243
58519791
89266676
18029513
34237117
73085786
4908358
59034543
67382678
766804
66106209
38277497
50334362
76762671
3398979
79551072
45284138
46230700
86708171
81494594
29053011
25803121
10617397
53022064
79624960
87191966
14127507
89052919
6455792
79698679
32238197
29133277
20981541
49713463
13654862
94185119
4554205
31483006
59739094
17964784
70250930
75092993
41558540
13602211
33402736
15470353
81691527
63661982
30005568
93440291
49169849
17117658
5603090
84641925
70128059
90690920
13000875
80123212
3350737
62061831
96276211
37487884
35444939
11025666
79284096
41984119
4254004
7634065
37117493
43245300
37587148
96971240
70512407
32589437
2425781
48225278
345231
28889916
25829148
56574903
83803967
71590080
61079887
27099397
33624263
48583417
32550111
20953790
7237906
99784648
60917420
26042917
86226505
21671017
21510963
7344114
88548438
53157026
61806470
53704946
45972320
82405444
41120293
2709099
3021612
76860897
92779729
39697291
74004467
98549852
21230993
75279015
9028298
74316150
53388913
1521886
60404271
23807226
86996806
70182772
85799316
14802044
47601072
78311076
6846524
83385799
45694861
61397620
54783781
81289521
19170522
13035818
72076619
92580844
7119991
80599477
8347764
13456591
98704727
78364508
23480555
49128474
4701397
11430860
73559735
31941977
20724381
52477131
95257997
72893695
15172735
29045669
65491869
19274970
30112145
67514057
32611249
82120266
12061986
61877942
25976395
7122991
59738322
87140194
42509588
16706095
5741188
73135533
23812194
42285101
72364041
69121044
56686279
40598401
97869205
41564761
89338771
27847520
61216791
50546518
85006733
82280988
8489329
91210713
62512470
71369451
39585500
18844795
69992358
30094785
28684404
58325810
31692966
23078483
27109616
25389875
27159524
71619091
64875221
22218870
23245259
34777152
13996318
7419659
26457745
5979219
16127915
75426797
24273096
44786789
2972246
7160800
71301305
95895536
88218887
94423679
95724410
1186008
37362420
31203066
52849195
9179177
89193125
75128981
42508781
24529315
72715378
32480460
41138587
7707404
65199863
99349336
69961993
31891911
69271632
85872294
7193232
14374699
48884368
41012057
64679887
43389791
32270130
34741927
30946258
43607072
91889579
52619349
24756220
94254839
39901631
64427632
39567423
50562123
44216636
19869390
68177187
10824896
77668562
19352693
32616947
5390854
31436067
84056764
48692594
91339916
45659462
53709827
803791
33346333
81274247
72258640
55949575
56312034
54934706
30711753
19382250
83235653
12455910
3612804
28805790
58965156
9692159
72642525
37031460
54531750
18601686
44664300
64847120
80203719
56898560
2386873
10359610
75356772
63108313
19505512
34866398
63601967
40195900
62516778
60646443
87650599
63086723
50652665
51326460
59573253
61618001
48132312
88157036
42425471
15970783
61658565
86604979
38315821
4538319
32375540
17337894
80087271
78496833
68646353
77368981
3030855
23314117
5226953
69139461
30455448
55944137
46271909
70593458
37540226
53421255
69272020
40254581
28340093
53448731
82546355
24844222
71189616
8846718
32072034
92662804
8527813
33125066
20190101
31803196
41559584
95001485
4377854
60666280
45448369
64631962
68318808
60843731
27076642
13956219
50176108
62846335
68238649
29729338
8585946
42169395
83663801
366471
46017106
61200607
16598853
72175401
15917289
43768820
2020740
97495023
26367497
73046263
35593945
94821832
87239111
52074733
78517130
36075039
8518403
44998676
60205866
21820249
34150928
95655126
87847772
18153370
14404001
99521674
75512160
23671150
32249814
13706397
12986093
75478743
86849803
6098167
984403
21509502
82618903
8523618
24352729
67213314
51863961
67311991
75635753
13585808
31602159
98560483
65422655
90588336
65667328
97018128
14275551
43728824
49056896
37684683
39670038
79557947
35436324
5546134
31168363
97751341
89088406
59007787
98993705
61068210
10547473
4449693
2586135
56400888
79102073
91272036
75698044
65496493
7850985
79083421
11106987
50548985
89538109
25234291
78621898
71359718
91221851
71050738
40053760
48954763
10372261
9195114
13886667
98361273
4985551
46932930
48961490
82769226
64448205
15522462
30695870
83907623
37220599
45728754
33459961
65217941
75520894
40051805
81982243
19297788
41818760
64617391
55909641
44195301
15967447
36245414
91725527
94174103
84429696
71059780
32685241
80782963
44608655
2669261
79168850
65008885
92901730
26083889
33101053
28483417
31260323
3566793
13828261
941465
42621999
20574550
30552632
54642718
46056694
25287071
60631514
29676627
17241784
93967168
17185810
58530256
604299
9595964
38688641
28651338
48359941
29042785
65604321
80934747
5328689
64373109
16204459
32816721
97606216
76837905
32277398
83980579
43467777
648405
80755665
28265435
16503086
62404997
55696832
78411064
76778778
50591677
72184160
85266272
81559554
84890581
639454
94264634
10356767
1700736
12419630
17825445
38302045
15749087
44672852
15876678
841255
17434767
3895206
90756613
21954068
35802095
97385399
20628526
40041177
63155858
68963668
4397010
46723720
89607533
89459867
38479719
76735127
37776846
80703456
66028864
73780397
17995661
74675285
65881152
13204133
82017930
16930052
40711738
80274446
45648391
51786286
3845493
74794907
56875012
98262255
53612020
7376463
74553562
82927338
71593752
16038776
45641747
9220333
7671814
16212626
55850740
39241407
19194889
61205047
7354246
53369813
73392095
9204229
10251613
15694092
90746767
58544882
50595728
95048485
89020861
21100929
37358487
32198548
79076980
95625637
14527148
75928745
39047715
99355263
96659499
99128509
57280057
23550694
99576213
13890822
25638616
67226171
70322029
6345661
36042719
64864473
65317003
59416624
48835626
18213468
73636911
55603073
75236713
96645279
75323124
66951011
76453259
16454295
24388997
31253532
32145732
52235340
75605638
28131580
72043815
34511998
82626885
33886457
76571427
26468229
38824220
48918527
83493922
41939443
81551083
40767622
87903761
79804921
7566985
32772314
67635907
96140527
82033649
48682611
91787028
61878891
22125805
6877313
47596159
67410864
8867255
87800519
87553503
72400283
77713
42427179
88438427
2619394
8741732
72705033
25525027
26923038
93210765
39313274
10125851
3884685
66147410
8131441
39633911
5928330
75079756
53155652
95852181
30221788
6982699
22286122
25955177
749675
83874701
67978155
90662257
72290595
22384951
62422741
48723395
55670688
18852177
60946434
87776701
84380367
98825553
38273966
24698823
45004477
93029080
4476204
11286382
52715723
45740722
60571031
18176717
42193675
35601497
95534788
71663228
98446270
13584485
87323057
94692724
90496070
33526331
47336895
56499966
57720545
83786616
57758832
54284618
92982582
37995574
80091037
44309964
8270407
2411447
90186952
9680593
71141129
4013114
61793639
88180026
30802715
43197187
90179019
3060556
894262
23569117
96130418
54208045
96561327
16385430
66988491
10310162
3886439
41436199
78984117
49103727
95087653
53551448
77428499
71424328
40168391
86811307
68662469
80276055
13468973
24992494
88427424
58503245
4877353
82389654
86905498
23010229
99028184
33283900
69801593
74380159
19227071
24029868
98345683
37863240
36428005
71652829
21805944
35012940
16355802
99238730
34314702
49435595
51271346
91095740
65592234
73420881
42102467
45869373
55907472
11263742
54744348
78739434
14518236
40303593
11681935
71473260
21141676
63942822
29814101
54611410
8709760
44662868
61432283
49645132
77313059
91715882
3276219
96632009
59335144
68237148
83435539
46014986
37215362
52848811
93476413
43755456
52443887
13486006
65032929
38979498
33055202
47851442
72846233
52482535
92962144
95563637
93191969
91624644
94767411
64280174
17225011
38082191
92414503
21987197
18448566
39592393
73444518
45540488
96661590
1883014
31957789
45126264
34125402
12904574
36805851
98838455
60255262
59147837
30321450
11160178
37093794
87282354
1839553
50634215
86912287
93154541
71705942
98586339
8395284
93334162
95802759
44600019
61691094
68130401
61924817
36257134
83683099
5863687
69464639
16456162
5683392
53214021
63110609
93709193
76577924
59247827
6323941
95166890
16735357
24525297
35366561
52706312
88350033
79744932
63795615
62753541
46126268
43327569
71222187
53720561
76140510
82211365
61128257
41525114
46388232
99173205
71982430
43718332
57423031
86690866
99835064
33215777
57127998
73287259
72113373
22553028
556329
28200051
92611530
50961906
15378125
10597139
35192289
89991563
26938164
22457048
25267126
89741569
50233603
28622479
25039290
51171957
23949977
77296331
35242991
9098590
22896683
32983167
90208035
88396359
180314
33590996
64890228
60358995
18883985
86014360
44238830
72107841
13034380
78929924
95030280
4920613
78061060
71413390
32120896
72364050
27154602
2394803
88233804
58056034
8892093
80864508
38691959
13939604
91957931
12941120
8994210
27218282
78141397
69227885
39862502
19156286
44443132
41932247
10234180
65843663
45388754
63119427
98605485
28879161
73146133
50452771
91826661
34918593
95136580
91277874
22431105
81357135
8254492
58826192
74193250
70371551
95281652
48832775
20999711
94312345
19523047
25048014
94259692
27575619
14808742
4990709
69428470
35119758
70655353
80664345
11404048
94729354
61655185
58119525
20376797
59788670
66920703
36931466
30238023
15875795
57938702
11663266
44507139
18020087
22295694
62302002
29760671
30962098
59690902
34872253
11076655
99105687
3000078
27371077
98614345
98880246
36267384
95212852
49778269
99941690
95986904
54111785
64200268
58498728
57206695
55073996
36444537
8383371
80953158
33877235
70391745
8657361
38787635
63169135
62650896
5201559
31613623
71070034
76989802
39083582
8291411
82930514
162420
26218365
34876433
90788925
22502843
39298248
7611173
51614637
44654436
88317618
76091548
83516602
9845665
25641045
51051031
43261767
33738962
74406351
49058778
6075228
19500927
5473965
11111901
31730791
37774472
91188298
65274682
12590096
90785404
33408045
7840262
25114792
75851211
78902344
44176316
96134624
97859034
16151190
44269525
65887061
32962452
35504632
17472713
13482678
96740584
16698226
50765471
13798715
32617033
4682844
94823089
72610851
60473298
30209036
68009474
96522765
15385892
15981232
26722750
23643452
96403454
90548011
84481766
71630227
54936710
64406597
67852111
92185928
57347299
44736626
59514455
18411010
11484894
43751303
28807208
54319854
13641798
93283677
64131803
4965278
45210747
3383356
21125974
18000895
94389187
65644908
89972825
38021619
74767977
56922609
48692297
62067337
76378534
10866194
66392415
70326477
6330999
36679534
14648966
2056821
72214503
54928919
92559837
16977795
45605899
86589323
79778803
65633977
66820940
7217462
69250656
24503342
17798132
66286520
93524834
33583551
84182058
61808688
23319771
17478329
83151495
55320757
88193699
32882806
90275674
96945261
44521708
5569778
7254034
5471269
34922647
85551179
14685387
88256026
9617972
88606169
26565145
32955958
24468139
80114509
98084871
7198524
51003246
36466344
63701539
8859717
87670723
33149069
36086610
30617394
27951682
98335377
60009300
49619418
66170999
43946330
51207038
72265617
50301134
87985878
42080706
64506013
87462165
5489977
94127186
80353962
61308578
69579408
57845316
18163207
28467767
66949465
52518465
94945624
97624979
953751
94691095
57935969
72549223
47159194
27899688
17648451
73903642
21297829
68828966
88729101
40698262
72757694
42249737
55381736
47237619
4810431
50634507
27155042
25714598
94259481
65237558
47051259
27833473
66143650
10813347
8079195
10403484
41614227
9168850
70108162
25561618
37915425
97673834
99274512
8979127
6757595
22640003
40124486
57322079
17504729
91399897
46497401
17495014
16916369
2385951
73579857
35738689
82715616
88139593
79168973
84464688
26626374
17174141
5459205
91236071
99633486
17549652
91419273
79387455
22060498
17091394
69713725
31293534
72298175
85090980
8212863
34425394
75269345
165946
96532306
85710424
24783765
35515679
48000250
25551961
66691446
72540068
36972540
36004655
74433098
63263704
55030861
24272508
78710721
62014565
1754682
45555617
95587252
48568882
24997723
10110654
42938975
96025668
69875173
73411496
94908421
63109970
24286270
73817875
48068112
98502471
53989957
63661559
82263285
83040548
81486257
50384424
63787213
26748425
18417381
93351244
49247492
18261374
59661602
28369869
56030372
61352484
44375603
64314
19178850
38943015
95658928
65035074
16088127
6687672
17300575
3379708
34086905
33934319
76801025
98083554
55517141
79160051
88631779
31311366
53972761
17742217
59544202
96117930
36434049
10390273
44196505
35339410
26600806
22191128
41450881
23687024
37999023
97842337
94015059
98088553
16367661
12166218
24533418
45644765
49882409
18421116
50798969
47782992
9162863
99716693
53635905
48576465
21626299
35120786
25929894
39159129
79020212
5463086
78453488
70696281
23702984
77944904
10783286
97758774
23387623
76200631
75425195
32419690
81550960
92095675
81526019
33733722
52831052
12757219
48599803
38237552
99274325
32090184
60033246
28927285
49309446
95719265
4270885
31027327
42212281
64744483
3344558
64956900
5058911
43969732
38315189
91130201
54443298
75151492
25175798
19015179
78453154
20171944
93877083
13594669
71759838
99396912
17118483
66999043
92881798
43074162
82165085
84882335
91370469
99496794
56674352
35233137
76866638
52539540
56975225
94155003
74470739
95178561
39037274
6735390
40160159
59852588
60397860
58757656
13272403
64720405
49535308
86319570
53373934
50750813
11232524
10908829
91635672
81885656
81509522
56718134
30923444
13454535
73880599
14890686
32052667
51737554
14988643
5430716
77292950
10277944
64456131
73286277
44296559
20063672
5985095
82254849
1969256
2131012
33120855
70268805
8125157
70388960
90421636
93529906
91036816
38174077
9165185
88867943
13023275
84715947
33819083
9782937
37596786
33302832
31499874
41458571
43828908
17086924
14989449
65070973
24653358
89308545
14490106
74625526
72225007
55486269
34260013
79417160
71855592
74798691
27101412
90135300
45012826
34223093
84219998
60448253
18317495
3044442
51074157
78863870
77542483
95278166
66303587
57862877
96850676
38087282
67334974
47045562
58332126
56381864
57695071
44553832
15962546
88019376
77022893
42757125
73793579
95941737
92457368
27274769
72942173
80919680
57772617
25236504
69165674
78768530
35229985
60790730
36835889
83861255
89288259
31880823
49141125
30094171
40165536
89657557
95393578
51407117
14450514
49168427
19063157
29467752
19733999
30544844
76531003
29365322
52039429
80488590
72157245
6926446
70175634
78385527
7754028
68614989
84873704
64043605
14557236
43179248
42980738
92795951
26998070
83803507
57101507
15113770
60041384
83759224
49216720
10226915
49800516
92768163
74401331
89547816
97848040
2093687
68435856
84063789
42399780
50559696
64396814
82794619
51855228
55546691
88275695
72179351
68322665
14943639
80237743
55283347
68875086
42982552
38924629
86212128
62229578
29235854
88296975
4971569
33622743
56188052
77042449
35716478
83051472
14084460
29162901
8809847
17580859
7429650
48149333
18982912
50802780
47382612
60544386
91394851
56968610
65037035
15984953
47125121
52434276
95792359
27837576
23437229
85020661
41396068
59940851
84209566
24780533
90617708
50183194
38146763
292521
62012955
7521417
52053611
85926980
53483052
38680315
52487666
17675102
48440916
44725482
8984862
77461505
67824279
5716318
35167244
89232093
3140347
12686698
92564589
50820084
9861043
14816448
47044260
55742131
97678645
25994733
66310148
78676551
1436252
40830916
33974987
51873534
18608870
84536392
47272215
49566682
16342296
31560510
85394260
5170578
50274849
86480625
15893644
56392782
15421394
99597562
54256063
83181541
30790397
84023497
13537198
76586738
13452648
96005609
18970424
14896130
33492357
91877600
97332587
18257667
32931136
26920838
78861544
49580378
33053404
75268719
71505841
53464536
35086175
87066965
7396668
88387360
83844127
77884996
63126985
85103345
43950764
89061150
98695625
130474
28364480
88891976
24629851
24793595
33219965
74437374
97050827
46094589
93878567
60691536
83715894
63634966
37848022
63352442
76948080
79355285
6384071
89894066
52594111
90036204
95113991
61232430
36318953
78509226
57757273
94338296
98737629
43611805
72869160
74645765
53105804
93567828
93812683
41163899
14544870
27734977
52700278
58024827
83034383
19443302
66370611
27653659
44070173
60980343
83913645
80908886
46876900
77163473
19496051
29391634
90345243
1616515
9777286
67336619
79240395
58912158
95583854
87729717
50599265
66617962
45379917
71640705
89939954
67284076
55420952
90779641
54002304
4394583
12679011
87020397
41895326
45017919
1076418
78331917
31223176
9958678
14629791
17213687
81819886
45935020
19124325
41274257
71297777
55795769
93389019
90180624
51315928
29932002
3671477
37974594
97522811
68750368
95738371
79514836
9156539
3895390
66537095
44016918
37013339
73800532
20182842
92344924
54748624
98241642
91526359
54982508
33430624
30226063
6745840
16858551
59748469
50134406
55289804
42513943
38436016
59115555
87378363
82346089
99443181
58901427
96126917
43238991
61103925
8251390
54614236
50843742
56294912
39908838
82630666
35474594
19191200
26621241
66261014
23040685
741008
39039612
27599343
73365212
29077443
89976162
2556516
22728591
1924182
6816802
14575957
41931331
76488285
78512894
68176339
24934279
39188812
35005804
5193693
3567686
62080403
95752715
75488423
48040395
9879810
10065681
11918370
63712022
59303627
10747131
65778006
51245646
52519347
99274908
57864528
70984693
73846676
815907
39167114
87529955
18037307
89011859
48192490
86958475
29094851
7979821
99864341
57638590
10921550
31121263
71766343
1220160
6290925
84405785
78693621
84199415
24714569
84954736
4828769
53612085
22684337
69777688
20132407
42339360
8779006
4897675
36590468
59627007
9783549
36925609
16486377
5903880
2325810
78541949
1247049
68149861
91645238
88870830
31561569
1020535
61502496
14071336
92992945
19815907
697007
80626695
62237496
24380234
89264030
65261668
57426377
16411491
80715242
74886160
63211182
97170687
58170578
95883453
61035586
70258634
71539441
9890174
74963521
54554488
34875112
55176634
86758426
19687118
45226971
9605234
4331771
19900780
87566763
47647261
79851927
46779291
95753456
84995459
89265389
10298239
57103581
88746508
12950765
61358857
74995506
28078304
38479389
75920801
70753850
92125005
40234568
67391912
68126310
46114825
89545340
3028024
99332562
55281002
22115456
96772191
28121428
36888905
29374994
39480016
27285958
32870654
80686495
5231775
13618640
24427330
57118470
40265688
29916423
37953191
22041411
69273432
21799495
10725006
13876502
77005378
4191413
95835469
42506190
33577048
31525939
99924741
440833
64045814
50220073
37539102
28037813
4808986
17607957
19280712
48031654
12332791
28290663
54235750
96887724
73828974
95026546
28717391
94697334
57743618
90840323
92399761
22565938
36513965
57227843
49376730
48373693
42406879
25829680
5024296
42575059
13685191
2936072
18903347
1194501
11748688
40577489
5127734
4867461
86874704
72046365
32692825
80784110
6229387
34377132
32426255
26947491
57354336
45838757
12753846
70512535
730246
62695879
18425484
77255327
93171016
6328967
44268357
33893336
3604824
36383121
556905
4992921
44341238
32723812
73325826
51374971
82653477
1241651
15878775
44443861
34359560
39802863
65458868
98066740
92837252
32733170
90283756
27908842
33589775
37645508
69554353
22841177
84052920
9939672
70118387
90485151
3332890
21886590
39848347
54653100
66381661
46816847
49733803
45865156
73052927
9691356
41086769
71101126
20006059
57051642
83267834
2674029
39718467
97835484
10916705
89414184
90935584
53793615
23724106
69158922
975392
25287375
27206802
39096417
28787822
44499380
25976835
45549351
99811769
39580872
33244673
32594827
36206956
84681953
16400423
74628840
85748820
31800784
11989589
79314324
75919370
34452963
13364396
34862948
4505014
6667699
62367112
447612
67350244
844380
54929528
78447393
66685135
75093218
12288256
74978568
18124882
69217133
46393307
62658588
10212912
2962641
57161794
22416263
68672000
36522995
13212683
39252708
27628798
75100649
39568428
8377111
26166550
51339792
61475128
35604442
78467305
88010583
54879262
42576046
40526153
87750909
91880968
98406780
22689544
16893896
86694001
44659647
18985986
64275557
92159541
65876605
44290817
67267983
13727069
23896321
69625210
10002878
539606
96927659
8805224
4334561
78612382
9404997
23909600
77216337
13356572
84994934
98090166
37994579
91267061
44266038
8602775
94818336
3841803
18504172
78553811
67852669
29992900
93265613
40951347
18985128
92198804
50815583
81298990
64725490
52325719
51319317
99935039
46900782
93526411
13815671
34718728
10384015
43090358
68620072
81403963
53157274
25495162
39159022
43870402
34736923
25343707
63573483
90642552
74310324
79471561
47685012
72874590
56296603
72241089
12289234
18166807
57531761
16095647
79538295
97052292
97006066
97825302
74885782
54988376
23425472
97291525
99255078
4764040
95614715
95838270
9587943
21000095
86462580
6752433
11678732
4217152
28323761
47513600
73579859
52221111
4941043
14180120
61616083
21034579
68955111
25261006
88904761
23223560
97392535
15623440
69161794
23224300
77948303
66260141
61097653
49912958
99532886
44221550
57815021
64981482
52145281
30407739
9048515
43865458
79407815
18884249
26605060
58085164
12727540
66077256
86313770
78522201
87749443
60296173
62705726
14436448
98091321
63087394
67237919
19497399
48695700
35441987
9463065
46241878
20705252
79874315
32675945
45018911
65173163
29138495
67971844
81092058
2387411
15383562
80014522
32431342
9134979
55674592
5062905
99607171
61468594
5379237
72056897
25991682
21748199
39550445
9285279
67881924
19426293
39031102
10300011
76744907
84073109
41133872
89627184
200264
28103796
87735737
30330097
16056095
63436870
719714
54108031
74209446
18417097
87322954
15990718
64909965
61662761
70534021
24645524
73821965
93589911
32594155
2805106
6463108
62116315
72029033
13816596
23840076
142696
32864357
42477622
40667862
46023950
87849832
36824407
61983120
61300608
60016978
31333938
93483015
69085075
4905477
74869636
16823760
95749050
56091047
90873783
5129972
12260352
69426927
37850140
90532679
35015539
5490669
55202284
57661160
17437539
44462291
38301039
46235639
943594
2342554
34770156
78387424
86191096
74943175
70740729
91037433
5649680
19443655
70533633
29745642
86394058
13012505
13925158
5333747
9840315
30054608
73462212
75236288
92220359
75631453
53972417
92575962
1363255
56947738
84121831
4012620
91223583
1988618
91752218
96061835
28326021
5884728
28986369
19814691
98137732
3649697
56354660
17040657
81019768
25826538
71972278
21983473
99752180
21170659
75852299
27754595
6488787
24715660
66673853
85371523
68725973
61416941
52531573
24069170
77107850
12516445
39631842
21659578
62644911
9203469
3683772
9660114
70986624
32049615
8605300
67314939
5863057
75663477
88845275
8114833
51870244
5363228
586597
92478079
30928176
14441660
40392697
60166787
83691247
39912371
32278583
59115062
22756904
58380650
56111298
89797521
32861257
53939637
58765579
89909155
41030486
25044042
5126594
60292149
33345846
43782115
15340996
34293933
89508498
45440631
69163586
14534362
25410893
46610977
16155646
65713478
34453827
25470731
7720721
71408306
58388101
92416632
35964072
94705933
62857843
75529469
45831310
51192992
89202584
63827810
22071259
98820905
25449079
37519577
65138140
2333862
50823502
79087969
65527160
90196143
24293516
34677437
3226876
29561661
29516573
17061254
63638192
60483748
72310230
72060480
79759233
5951551
54331311
55870118
41571069
81502469
84209166
97384062
84302423
30524428
14317773
39645287
28232688
31383112
83139826
31038830
41415801
82927233
64721728
63037671
873376
64004822
11552600
40569093
16974508
37620257
72495348
15937463
59468884
46604817
60274316
35638676
257409
86893155
79679009
65189873
337999
33041947
56854426
2089050
14834180
13390612
44562721
53062127
87401961
45903398
9334138
19696051
48291242
71580352
31052461
95158040
31705159
64019032
74976450
90284835
668811
72462605
87511725
50619722
74566733
30462161
20588725
88905925
69170573
93453084
93976352
22753336
74659104
30561196
31538234
14595002
60617627
27921023
96715879
95086251
23118815
36152499
91932075
85522439
70724169
44029858
54874751
88536109
77801785
97042055
71188623
48619771
78448776
72875373
92265388
27215390
90982204
81319091
3253824
52150791
85088815
29617811
42388428
20846784
84488583
44809527
95620889
46782635
78027751
47374317
61402243
21839243
12645418
36372959
88789340
29989711
81277348
49203196
13315397
53160993
21693717
20536928
14007985
45325607
82131351
69990327
74153628
24335556
58981173
10512988
1839839
86054260
31898045
26554824
14945827
65146380
4359926
69126246
49853331
55522108
90864553
85243439
56088432
78602593
27936459
40207462
86698199
77567835
20881126
55621917
65803948
88654488
9009132
51646546
83041648
60786500
26587945
19242268
83646050
50802596
56690332
53521533
74104759
62514659
56860053
44947651
80981028
4187399
93937676
82985674
79580701
49178824
58512851
67761599
80236459
79262033
89886912
75231111
12314483
63401754
89155634
22835832
37741684
34998670
58922209
79355082
1357417
41854068
79820956
38302062
60282554
88832497
96348682
81245471
3908737
52257592
65715453
64626324
51313507
60617915
18169457
56220030
23298325
90236289
3547977
33610527
69014163
23799132
20749322
86322008
43056164
37113578
7780019
78336290
49820796
40517009
50642227
41644754
81412845
64120161
39020672
53784660
63315030
23980703
5940554
65436668
87565317
89246191
55526063
84113263
28407127
53644473
10505332
87329509
24668918
89406492
84079210
85815640
976337
72819981
27201700
1022351
8004391
29340582
5108492
17598958
23226166
98282712
58448343
21571589
54232577
82428211
44693586
11056336
54146490
94577606
39812387
83320542
15270782
62086362
67599694
10083096
52371518
81300766
87952689
29938769
9115386
14916040
45742325
43368553
83333305
86192269
8300633
80050825
43349756
49297687
4872727
65715499
3960037
56141993
95310728
93766907
78284314
50771776
53223930
11585239
29292092
47149935
22473041
32173327
77232193
27517001
44564678
29628641
84442772
17208446
96869362
86351265
97761829
10638350
47341942
20436642
33680348
69375243
29420029
67433476
12258193
76700683
71454569
41447892
89714524
65727602
85250482
1901291
8505817
58490733
51676494
32793546
41604837
14640738
7616171
17528575
22269527
30636511
31910543
74682211
73938306
42180970
62510695
20830370
84535193
9824509
62773072
26960848
61333976
3748816
1745433
53981838
99858331
29135918
97902828
93909411
90061060
99402230
35850949
59866557
58702778
14595608
74131735
36696666
65465102
97753842
43090273
24525576
67333313
47983265
7331021
85939069
28752809
15750306
19852589
49327906
62247552
22174409
1786783
20183781
44171068
14373887
3803249
51488895
41227940
78312622
66583979
47919523
59276370
44908574
87510031
60336766
93135615
28588185
60849897
57965124
64007271
48192045
29740642
73477445
17667735
21242812
11592526
94201145
53079212
3805297
22233378
46825019
18666350
57969708
38258165
95041385
15422066
80407808
18532664
43827344
88537267
91087164
25159366
81956613
90148022
18695912
13854272
39421068
40554670
52450760
88058362
85993383
50134402
92743202
79774381
58328646
2219125
30200475
18807340
5830874
82840165
75754991
82876990
46509266
46111687
21003118
51803094
6021586
14801103
91754180
82490839
70288622
61316399
64559796
78683489
15457097
89157092
97924755
75266797
5904922
64887192
80738334
48344966
79251048
68909976
79069255
86733480
49670687
30524925
83504545
70449467
45879225
86476427
38361792
89743615
47500845
17885599
42345722
99751700
66204090
82983066
14821105
94515794
75881951
7910836
60490616
96438913
25341195
61076941
6374473
82747440
21776902
45003407
55271839
24407714
31446141
29360148
12158757
66065818
18760177
81342318
63159571
94542126
56821358
1393242
63918729
68021186
33756983
30812301
26016027
39152640
25303594
53499277
23617161
64423213
75362688
96458096
48889101
26660997
46937437
70269308
93123475
72158010
21808828
96361169
51300555
77830343
76488682
35097760
6667255
68067725
30966256
14257641
25138245
88924636
59860030
66002603
63316224
33813172
63941540
97743793
99357078
94486759
32019661
44344529
95374544
4555801
38931481
51904955
82639029
73445480
35050120
52739875
78318188
92625202
11588190
14798572
56862063
16214583
26643497
11943608
93808506
97689753
65305078
25560635
16815797
67452863
4339342
14365287
55287035
50682886
9363557
94712334
47998333
52715290
1002420
30122967
71685852
60362607
83088075
33015081
77499226
90054245
28817913
19598302
89327437
35422586
83253034
19085137
19315140
14196281
58490438
40424102
26609596
78614238
11322556
83956649
6502694
63200377
56358516
76973815
1540205
49536314
79776733
59348422
21555942
98764629
13876921
86816629
90932165
85275714
12537399
23329832
89663608
50258984
94058648
37635682
29070513
46961210
7427011
28475086
76506547
14325361
9957024
50647311
56015420
81916764
97393393
49315554
14839073
71933276
23620315
85393914
65194148
64846800
42217686
66865558
97245942
71020677
76905469
90782490
97073769
50974573
95821271
40812503
6281906
58156571
54626050
36264865
10037117
32424438
90798645
17590202
61573999
20776036
81766494
67720986
70051746
58878676
1011998
42252652
83449331
41163973
87045697
45599261
1416034
89482126
65839459
74187
19510177
55905078
68289500
27901578
70694821
38132432
34729083
62874
30519063
24810592
13691469
16085424
54780793
20169275
11707611
63872842
81130904
92278918
4544529
83833977
73430315
20498496
46692827
77757044
56094372
57997456
17896551
72107312
28417148
82215668
2575987
38389563
99161097
77974776
47157263
89789129
73311373
5775511
495130
45382051
89184516
40992066
385449
24185120
2485277
96720645
10972607
99356999
82039137
20468885
97662422
28451079
45813616
88755104
31068312
12868628
22148916
39598340
66364686
58215584
86971704
44737226
51720914
86411229
13275634
296335
47151695
87878284
75600518
82607121
18534113
99926684
36273581
27300321
97913436
79512642
69036854
74689440
31978713
83586263
17437124
4408695
99742661
75574749
74355823
12481710
64874438
44882983
79427129
64806126
57668052
48204594
92479519
96817625
91324229
29423856
45868536
55878681
28936953
59271207
43831370
84308936
76739965
22023581
95101920
56325549
51037996
42111122
71142850
22657601
70416447
76141695
2395703
66794471
22041440
77499450
34413447
81457746
79920641
92104214
13154635
95482708
92443817
27452408
36925046
76731124
60336150
34651483
23804686
14308192
34687668
2082321
24671168
57960486
81879125
76357597
68651092
82404334
68472316
51646355
97877791
40430612
206578
41484165
77832993
86367538
26533214
58490667
94939023
87620286
15686943
87824043
81177419
24423557
75756712
85406338
22307618
77141162
57957627
58263126
78546667
64615072
16733064
59583203
88824390
2546604
58751135
38080968
57369604
43104550
76025308
24758653
38069149
83852936
61787756
78526378
40727869
33873562
14485983
25576236
24461585
42168243
11397594
85751756
64293776
89168991
94207561
77398000
88580890
68948586
29163148
64920125
69636427
39156566
36947360
60875837
68210361
82832394
7167764
31094236
48643078
74296328
54334900
87024826
63343937
55404830
5282944
96451964
78272143
26740907
43493332
52074727
89658194
97116390
12466700
98226437
94468111
10131247
65134661
95911205
3798849
14340644
75179268
77467723
24003870
46179959
7500421
64638315
30326898
24382461
12261556
57511317
22454899
8452118
52008989
77367139
48228906
83707672
64833391
3387777
53915814
56521576
27070142
46745610
31445472
40763416
2426036
45775570
94366150
18044923
6989924
53536391
12534270
42085448
25949822
5969538
55837240
74325281
49112294
5428065
10256982
61784969
84724130
19106927
61626871
22025887
91837245
92839804
53241880
28493111
55220928
34012221
40286271
8385226
62744307
18789955
1805156
29812198
18364870
19959610
5182916
34604500
36400903
37549066
91162094
87988805
45139578
33196666
80262654
5091055
98309201
75710319
6214165
98814967
26982837
94210762
72995024
11296192
79196596
25664138
2618678
72446680
55169374
14337804
65844390
28116626
42768625
51539275
17957596
25537890
86754852
28048407
64405690
74699528
13993627
19139154
14764154
5709131
20038917
50353296
730135
42935214
86705007
84289589
74397240
96588717
1746354
55870755
43757245
33138743
8336222
12950942
31287628
23346657
11510159
14343555
52864897
58235519
32669968
60056555
90622557
40063956
44864712
8429354
21428278
68606637
5533030
23404083
84491743
84036361
21514456
87999716
3737202
37215883
14507930
86447425
34531167
44188726
37349627
52830366
37065517
94043806
44008827
44269842
15119735
40157166
18611161
6174434
74805612
78700245
11825683
44112982
50003194
95664176
20892799
87229593
14169724
24872164
4990009
98913956
30504106
31635551
57176251
64200258
97625121
98171905
51342163
9683108
24237467
5527818
12649174
48717117
89626560
98069090
65921859
20923814
54564855
49917670
37930965
41248057
72000536
64462546
24104733
13021698
23532538
20481389
78431140
37650570
65999202
13257707
8811643
76107433
5622519
5364432
14462819
11346323
80511747
95741617
32373089
45371031
6555270
58335066
79573341
38126377
50021598
53653113
42511861
21048103
66129173
86335993
41855158
8848700
62248402
82588555
31822606
44539373
22750851
36477117
64876073
7090213
4516390
33574128
68220311
56994574
92247361
2318448
71557585
71643353
26687072
60028908
78815230
18814384
8842149
34713364
79814172
6749204
8058376
87180213
92719009
29712034
42682532
8513933
87612762
63408347
2306544
98765029
25999119
82758863
50381443
60644674
22573700
16577637
27459015
22560834
93350198
10875753
69650418
10247283
15811353
81862127
13837301
19971920
14234412
16693332
46028347
67625989
69586635
41189488
55385033
35227564
7288786
34564609
97515578
7658433
90752659
22653290
87693711
30436648
79316612
67284192
99635851
85256849
72026026
26330131
66270753
61543537
26516334
82586250
70259491
74885298
81492213
20716822
18977666
35378361
61129325
34685657
62284135
92000000
13305683
14061523
6499780
3693678
83841274
2706944
4943065
92217026
49093835
3493428
91505151
55651357
55155188
333375
3078584
65230079
96501862
97125229
8743324
9843679
73050492
99223143
37548007
7975125
2940525
32341735
10475396
7119502
76370526
96268017
78795047
26532124
82647690
46192551
22383770
18748915
31659995
87740909
52520107
38225570
64446397
25801290
78334671
68242407
39825482
28903709
18013627
64343960
55261110
96903267
67426838
53452309
6479610
92492568
11637641
60726386
63616779
93800697
1448235
74026684
29142059
34629238
78834530
31919841
10126710
63351954
4601207
50203528
64552941
81281678
83945306
78913037
2308350
58510953
66805738
30440352
49606905
50783649
94825764
56487770
49728946
1630350
61708691
98431836
35477477
54175375
41333425
50889
3532845
65292906
28401727
26701757
78163517
8101531
58909012
48802217
87960501
84855726
78095472
98075777
30832127
66677202
93027399
11935551
45219542
57805483
601936
9728726
13712405
57918645
35266618
24305247
14388166
82803651
53392579
79685520
24027077
97138452
33476115
7349369
17819588
51844841
31109102
75331353
18590851
13061443
76177303
32702355
39579885
19628375
56922607
40353937
15275248
26560360
6079543
72270738
91947235
10888671
80276097
2946547
35309933
11631655
2164509
50831303
91016494
81436504
39620834
63250115
50900536
54716156
21949153
64082970
85983741
71875108
98521663
96763236
79763730
51039180
82316666
68270095
48948363
59845953
23857016
67181684
84771898
72788678
73838619
45392889
30592724
767814
96787303
51303648
46108310
8038224
67848464
36380552
38636475
67872092
62217245
7832513
14567794
53810622
19982091
12788417
41887773
63447783
10349959
7465690
23515011
14499728
85935684
58375451
68916907
98021764
54189688
12897645
59261819
93676243
93774345
30820518
32709378
3867740
66761068
24306901
21450730
89593611
7055797
2620943
87696685
86115940
73450745
71823619
48519747
34393968
20301753
70308476
40407139
59595938
17806517
27626924
27309232
76199206
10295312
21284178
13862937
59753926
28028708
654976
26038914
62087773
6142775
67412208
90108594
41218143
22059746
95811853
76840748
26412259
20881519
28795002
88013322
14006295
3857362
83864767
39236500
71707574
78733275
33018611
86821318
88222026
24450588
7420892
342020
9441006
81726587
20039759
34112939
25791097
54042536
87496730
25804484
4084649
300709
95735708
59140225
60626494
32443261
66739776
89281302
56110654
51615660
52231096
71312506
89813212
7077686
35409059
38170774
9804272
47303706
91309977
62336567
88550777
59474840
6197375
69003616
10552084
97441502
4159875
2956929
34760553
35144297
2877027
7958070
49913537
96390522
33214337
44614203
37361700
96417704
89746787
53329515
9476281
14601511
27394508
32843008
97249172
96593298
2586287
89394737
41138740
62202771
97291778
22965552
82142895
22977445
84270777
8335759
68798919
76775163
84989258
87390604
8450326
11533429
52673746
14708114
78492242
4403551
62376813
82118344
8258871
62403220
97716901
38413044
53911022
426221
50053622
53586830
46145446
19878768
74894354
63180816
59280010
98921951
49490868
49954551
59889378
16961559
60529673
96674662
30401483
42983621
57638349
85111846
91171690
28073649
58105544
14676477
1017970
37237775
76626416
61783709
67368288
37888411
13484028
14184922
6822603
23638113
34873020
27795525
58204074
79155372
36704023
53492353
52014623
34376154
7635655
34567656
27315315
68492112
38323584
65180908
25143894
34585059
17143583
8123290
91847580
65457751
89515176
49385022
58633753
93226475
20898545
14884521
8628488
79465796
51920795
5533536
2192642
98515847
72965125
49043187
7302121
80413498
20322411
60082378
89078633
75437444
10163986
87503439
195980
39466330
94344222
98064782
91204938
80075844
25031674
55799026
33297263
65463870
88311443
53374705
94614160
2252326
21071043
43897807
48582270
82442103
6063172
90842826
12520770
91733241
83392142
37339304
30671559
89420629
67908347
34959045
57504816
11876027
95011254
84372831
26450573
87320349
91509749
24799481
68277038
17435325
95702193
92824601
24477281
47166840
95916069
4744486
16023278
22926519
87498873
72562058
10587989
10747801
82846460
41125453
83310256
80053253
96991415
51657628
84783998
3749014
9929268
16041479
37231530
41047594
88586075
57587594
33262764
79853101
92892492
41338927
63568339
63961823
85919897
52359324
89158655
32131017
87168795
77752120
9870827
31345217
19874938
15640651
85465212
59575472
27015970
47571316
52742075
57871062
32355652
75464570
46509932
26210566
18943494
10103052
57314936
64456279
65533739
58257436
67265036
62708467
62402757
89987060
26555881
26172779
5121907
98762571
83756274
99859487
76018988
87412366
2435432
69047567
3571204
26782117
93544767
50116855
87021194
53624277
71488935
70663037
69607633
84876208
83415425
36946411
12303458
53691085
77734646
64511600
70785052
99066896
68919719
33124006
10070440
7321625
95059845
16604589
7300869
67533465
61124219
5490572
17537479
18227524
25412283
97079715
32196795
71956415
13229911
54614744
93463093
27322385
34329080
33183886
49297094
2211468
59207010
51658985
8371663
99028143
41984700
91669213
8088822
89964844
33856971
58261992
1757634
62251641
53933517
66803185
11718428
14518359
40959336
40920404
88207389
96479844
65489008
43293320
30320550
79787937
80587698
46750420
68925704
63719517
78639457
88419456
30066857
44427692
16266134
68037233
53021618
65150819
4764375
46164675
68072062
32581325
99056047
61667757
73251920
72611410
15182182
78189107
48638630
82194968
33879292
66874158
93401473
93883857
20022963
71709636
22398920
55856997
98230503
89764904
17710572
30424913
47681144
97994947
60402206
92683090
59807676
58770329
77522935
39584396
97966098
22881968
5854537
36714228
57343401
14760785
80777146
39654439
64326728
65543968
32077568
31596293
5117240
91248261
54780629
17981471
77113009
39309601
73603350
29721665
24656867
46076800
93676046
4522022
90230673
76136138
50176499
787996
5598568
45407029
75518401
73670934
88677749
22053722
87465532
72415037
99980930
33643102
17734334
88411721
36712641
1649250
1536042
25996181
25887578
18419789
45463944
53839528
20908468
34866818
56582626
88796450
81372508
9444224
43398744
49606056
21334935
5022710
13250426
16384825
79924502
21631430
81319923
87496544
43016279
27609937
58691379
3075888
46002572
89003350
72972930
58764122
97618253
55051245
32184465
37459456
35617358
38369418
38168362
40931306
79782442
7099850
25975215
95953681
82826359
54193072
84931722
52849094
81012859
66958414
23841467
60994859
79622491
10477110
98307908
61715832
97771528
63119342
18198378
29547203
78550350
14142445
41616459
24948142
98966777
13667128
72966625
66657161
73152966
5001923
53425747
21821694
84703821
22532741
43284237
92608256
3576644
47849437
35413023
33345597
88775989
11157626
46971465
36405569
88851272
65488202
49909281
7331167
48555221
6253245
19174248
86828017
40340632
5650005
16881094
8766701
64540682
65915551
11557725
84736297
52228167
54432176
62742096
5744024
82020470
53485254
56106292
50549487
79194858
25815905
84097334
36993791
11091553
45785324
87491877
81298010
93973038
54323762
61308484
32976452
83865942
29909380
65051500
45177363
58787670
91557604
96786963
934900
6930202
43323687
65773946
98605778
77291549
55068022
32644692
43791912
45509393
2274656
65307806
50701404
83740784
84672856
62445435
71130164
56182512
95623132
32352755
88653522
50181503
17215755
75921727
77370748
11527240
77692049
68997596
85836945
3622502
73603184
64298537
70606173
49779101
33798605
72793893
13891921
88127662
41249781
55813389
10180719
70050294
6404246
83306206
28129684
46954134
14774852
34873859
80534734
48347565
39995907
29836289
48857684
73818850
67203830
41261710
35083785
53762112
84830851
23059406
5532697
24438639
78667370
8658835
67683894
93858776
45548548
56937748
26713520
27658545
46876723
56303706
44245217
48344376
76278899
99468570
72001277
38586658
6795947
99002480
40454020
11524767
25946426
51121048
5906923
12097990
80203204
84357211
47526817
79337447
83004530
66067721
59804329
49751458
37926975
45254096
56344249
15058469
66062055
44547333
26065859
72447800
45361929
54264767
24163446
3272725
11463893
48222957
17161761
69781390
75704979
40881549
91560104
48282073
20272878
92793435
89674432
81335771
41533114
61789710
89648036
74122112
31877744
28254055
32385731
11496179
49448039
38906446
99991917
78307062
50339942
61748742
2950142
59122324
66352221
49939242
90286416
38758403
52578605
30996480
34270321
47719188
98866104
23550935
4814405
97095344
69321850
88821992
26477895
32271709
36168372
82892360
50410313
26577106
15344131
1386151
2114019
70095955
73673466
63041063
877065
94820476
92423302
43692107
18315461
87184673
49945421
96992707
57626115
58313505
41117984
5082453
33219247
80682754
11823886
95059582
60513283
9243015
96319674
53627720
58601688
89961256
208732
21337354
28164227
3242956
71792880
63866418
25703049
30542212
69276853
12175472
48274353
12258096
90715157
33992470
58760493
75181746
30417188
54191251
35048361
50513699
61797629
11346816
56245884
63616343
60195658
43881340
22555952
21717046
85461082
27442085
63910701
21012127
76774320
98370280
76654769
91379986
23105753
84602742
54725258
65281574
21804581
70556537
23495152
87981504
63272178
34145571
70489306
57551322
83567287
91755228
80541713
7024142
79244295
26325188
10777627
54831886
10274740
65299016
49346901
89761903
72659411
15440113
63044936
28226540
8797899
19471395
90348041
17390071
28334932
20132842
6124397
52528988
11263170
65371399
66854223
79246463
91054536
36399133
3871655
39492951
34429790
71117625
51224890
24907054
58305699
5606392
22567280
18388050
36031979
12296158
44753522
27498158
26771468
45603644
81834887
58229840
70635504
68616149
17729834
3428284
34389078
12059241
84956457
35849574
20527868
77236151
88270402
18302786
96768125
97853888
92402048
14108626
41846458
62073777
40081014
66840258
23446364
36297170
13026997
39063803
43041738
37214641
53945538
23681801
12764247
40379049
435055
28830144
54321676
7626210
62396595
1459182
93257383
71549783
16164591
84499636
49324778
43513853
14860138
46638717
86401347
82710476
99536923
33863737
93988228
57705170
92248269
17828177
94646632
96027098
51574561
63980238
58579935
4818559
6261293
56752230
89004104
55898148
70481592
91512878
94356835
76679156
32036125
33408133
65603361
29520463
28231367
86575257
6568518
75412725
30149618
77653023
1102035
9679815
6600319
80176020
23605935
96134069
79246181
15547054
51614016
38671119
8051982
3455201
23300704
45703771
67330839
64275584
44178321
71450155
22735438
90464997
50758429
89340623
55341949
64607307
4494074
14491965
27121837
49713899
14986230
42991242
25325289
70562499
60969275
86183167
34170153
18997801
19512910
8785270
26496221
9010419
25664695
51976264
54839123
50614171
46724928
26968640
89235495
69242239
68736213
84362017
33941726
72418210
66450829
2212493
91362400
68327830
85295950
66699623
41237607
49677963
26669665
77222752
35694112
7691925
76850570
45668439
43526815
87531556
94017230
93425185
32731323
88000782
54269852
55986
45842707
64163752
73300644
8732107
1938915
33494750
92396332
91324330
32815187
1420679
41889115
43479893
11373093
59905974
71638495
23244532
70648316
87026997
85660723
10165047
99978066
29004414
11132278
14385949
37897916
73972975
38276839
13733703
6426270
78852309
75033596
42017391
39897369
45130804
34786915
76749640
6821703
45938091
95661340
82482126
36740178
25478457
91683027
42776176
91581752
85603041
16562067
32260561
14756685
86312855
25903424
90256679
53921869
10701435
58656536
96911318
99320481
5733724
58258286
69855142
35767474
23216918
71404535
15568773
32820280
10402591
47313557
82976996
21787434
99913260
54872114
76233844
17444091
50562071
88952764
69008282
34537753
92922565
22082502
69184677
19854378
55335148
8597289
11933552
34676685
63548875
23203329
48992975
52953994
27495958
61757721
6806864
27665033
16334758
75901432
19084297
43857498
83923012
91118742
85986811
63293662
57994362
44344365
52700459
95569606
44839276
11600773
57416912
26733429
98636307
58443308
32417859
37197416
84186016
15608397
63744473
61047315
31003821
11310728
64342878
11162352
7745343
5195620
82978211
65774021
22471847
25085919
13996423
83879738
55437748
50250938
18334270
4496056
36253699
66249563
88312558
47957905
50723144
74175805
26896337
11605833
45398955
27253271
58408987
56493645
94642827
41798942
54702191
70541266
27125934
33275806
24725731
16059037
96232443
19178655
70316091
16764635
95863433
95231116
5647308
80197679
76119906
81065500
4018986
57103299
11962980
60110241
12220323
55617625
19774732
58804870
39911264
28703420
75842889
88995635
95394657
94253967
46115485
74228797
33948201
16291040
7487294
78260529
10945802
9286937
32777738
22852133
8970524
58637221
25588118
99055131
9087609
32544715
42405971
23860518
40999562
63509271
31002648
72748840
13114593
96887590
33504973
63761680
56769461
764895
61567221
57968049
95441432
4007428
97751315
13657793
58802915
74027570
52702036
77026556
90996752
88903304
43025766
99902927
29046445
19275489
93055677
76095928
15343816
28986693
8331697
9090541
20860458
5020755
52467070
26385061
20950567
56617633
84671295
46693990
1839200
5180604
79078382
90124136
15983876
24760150
8033796
80002203
37040412
50079567
65456880
32896493
78912373
44479005
62649317
27073139
39531631
21459856
19091277
92956579
73893383
43006146
29668374
83330896
39855840
25039853
19579346
16331103
24075366
78504456
63743510
55015035
50115044
46422896
49429071
33180147
37166351
73304287
12978136
29796810
54042589
99972939
90741134
8669628
48493932
57651709
557564
74323638
10050996
27536246
55748127
28278451
43770025
41162254
65169254
78562661
59523849
8223198
40614819
59892656
19276674
46794379
20691264
4266268
29063423
78819445
24623425
51185
80285204
6243912
55751277
90566035
77023586
67771342
16014669
75833324
90838892
4553489
49093004
82662396
87867663
65958405
8870769
43326085
72256503
28833821
55963276
16464844
94780077
81952011
67853326
98790513
31668831
84776062
12350180
1641031
48500587
69102720
28714407
32746257
99732856
42876653
21974058
37476302
65152379
89207729
36181328
8382358
72711914
47121122
2128429
68482848
92105637
41957668
16774569
51516178
41145332
75747607
7533223
56279782
87914032
185094
30234631
14584282
9510917
66602319
29249796
34498249
41326823
11713171
59532938
30891221
79356541
143261
2857811
62837069
38964238
19418409
58651902
19475926
37541359
86574094
10776884
13076397
73914262
13931446
81756100
96468202
77632835
82538555
68791502
18015162
19347355
90718602
86453553
47777486
887453
83521270
55582443
44554110
44534461
18254702
29340375
76204948
65434218
42926332
53818840
40234595
64461003
86002851
49217320
55521217
360058
43763770
48551907
17512501
1558845
19624833
68022903
6350489
16833731
23994471
59988944
49163893
22539710
73032209
30247742
54462674
94568772
63258281
55341182
89551900
72526998
52773487
82863534
57202538
12698836
55565011
80093620
92133712
6334497
67527935
6317900
57269462
11598975
68424370
27494458
4027373
49706608
30575873
94842147
56321851
28172607
49341900
82566858
52170961
90037151
77112848
17345395
18132151
81565371
56748128
31818537
76121469
68072803
26433083
20542121
21711451
98075690
33972605
47187809
99858263
61334775
89941308
96962836
76295687
32620594
13977614
66268545
23916190
84165082
81592677
2548103
55027560
83398294
51107017
23651613
67713746
71107424
95237674
46637018
10008754
97142659
15666087
51280395
5473501
18088647
52411465
5201414
66149152
29828876
66926688
95731676
73583248
68569205
87852324
82221451
24170926
18964403
75172055
31325749
26054095
61215324
44870946
813051
13904307
84965721
42626642
96927991
71860068
91255697
54542412
18154036
4112247
50116532
27287274
40193135
69837511
49500646
24672113
48242225
52221214
92647748
30826666
64130325
85057261
74852014
5479851
72275807
24456721
8014045
30484890
86439901
40219511
44955368
53716123
70933174
97382099
33656671
88464752
59424197
95408917
20482628
53725285
32448271
63839780
36962046
86877215
1805947
19272019
32926345
46395364
18149798
75781439
22232154
28189299
36660807
18077452
32486098
45284311
50408939
34062974
36626792
25263551
26541730
87057679
72957692
6647124
47785815
68793921
46499435
75391951
59297064
46689303
11631788
46755690
40542343
60535881
91772688
91528378
44192587
17996990
73982812
54580889
24760164
3912793
93140719
66849516
94195128
16223662
60663857
88898226
24177113
82873259
10026666
76911684
7279781
50711844
18304508
45649237
46047833
29911871
48483450
38964252
73377714
92505331
71092783
97785397
85900076
32283695
46085061
65374453
25827161
13330493
67465936
22398067
927318
67542565
50094864
72124438
52850469
24357591
11339234
6493661
37290820
87842958
268025
77011201
71836635
50636123
55015542
11012738
74037289
68170648
56455203
90395770
24714765
74048595
21838483
76811599
24232473
37922078
34008691
56473580
36844068
61471763
13332892
39800582
44068446
87176757
42959557
33726029
87536061
49669398
60343809
90140510
7618454
21438574
84124853
15310992
49253122
65475663
13838875
63612817
2768543
93732861
24932056
97004905
93811158
11382794
80131711
63281723
45050825
45930094
68383745
31433027
87094703
26643938
3490715
77624203
49136771
61827113
3787701
90112893
60436417
57159561
24595484
89815812
12844143
33737412
21422520
56795192
12525177
98755412
433556
20946233
397826
13028299
29628706
92231444
36502474
77955107
67443928
32400768
30999004
69011343
19165635
71038870
49902861
16901485
20847911
75064974
24685036
42885377
50944503
91987614
22238514
70783816
69100364
45385470
8445952
15803432
89893112
22580055
28808545
97956732
90981228
74204141
914628
28725594
41727384
64104382
47777751
38126015
94719556
47567898
23426632
48516045
39523992
3799278
32462802
11712245
85977341
42899128
34855249
31139392
54378771
59268910
67602500
83239159
10006930
18892756
5646250
79674482
92215837
86684626
81470669
40477871
76807069
66930889
94848751
28744128
67857240
21426495
94129244
89617945
24267207
25931884
24329683
46932265
16776288
85163327
63148018
92808190
45295306
18679207
90694313
28128464
39701236
62156377
37201652
77949665
91582605
67819513
22173814
10656104
93603948
80075215
35441986
46323468
36966887
91702754
73228543
98110901
73196406
26524958
90177332
15121119
47944259
53587544
23452443
46541023
36712468
24554363
9114960
35600748
98171848
96494440
17997132
84794537
99959139
37819929
63061708
89231424
41179320
42297123
74816825
81888866
36950046
15247770
31229256
635443
77088826
15636615
81766457
78877344
571119
43021914
72035149
91010639
12451082
23101214
36205935
25866023
67607787
41829382
55899725
1966113
93267008
77971581
51099796
91357328
73220606
67794787
12319427
24870976
68099694
21156901
21059226
92535808
9886136
90230479
92363705
19986405
96178087
25125174
86506594
18095569
64629683
17728710
69416618
39294518
2819088
71602461
69828260
48748633
24910114
93950781
18825889
31632829
2154425
70690224
72423813
55543124
65412164
36823310
74415743
23932877
99953343
76178264
7814290
1186941
21851087
20463220
56706090
67225336
17735691
89016710
92940052
25049341
15507678
99476316
98143746
72919966
78011484
9500214
89836634
19771971
76576233
41744775
52067136
82525817
78446316
5909928
56030439
83855620
97261515
8836124
12691673
66433810
71491891
39433700
20310942
86249204
48185905
63317215
64552394
20285784
859625
3350099
82621013
28508369
34906643
43098218
67103552
15552860
62763977
76722898
37165297
40291136
63637008
43206622
3653293
59460289
24989892
18620157
32152232
23043245
44884964
34064501
4039252
57363314
48377732
26894427
58662956
11643257
147729
17469133
36037468
56641595
27858392
58311283
17353108
40910490
9158270
53546943
49278185
68885988
34883269
60494076
65135069
43582050
44074014
38014666
67486844
9969662
353498
5652452
29533857
83723633
69554808
3117973
11913223
3056392
38258062
22265440
62918377
71403948
98340946
4905632
62307398
60242636
60713426
67354191
83335175
76918774
2624243
63403957
11443018
96550744
76283317
6939362
80507128
86650586
21048249
80292840
55723075
67935306
30600915
72992639
2248813
39826187
10394446
42656125
25836151
99745395
46380037
66337894
11391073
42033613
36865096
87641332
25851524
98828868
1737040
62265045
28033725
26471862
55095722
64198637
59665604
43452984
41142591
32746718
54947342
97662639
25149198
79998468
4760858
16811611
53363893
20415031
60224780
4538675
35554027
71148036
57071969
60575214
56726371
65136277
16343632
59565577
47980060
63825434
67476164
56609704
56437550
73208008
16609664
18492569
89133848
88094352
91644580
57580615
81051064
50794744
74518903
52134569
2473722
61117018
69401621
6193936
83149318
12307194
50349429
80666457
60172052
53662152
85461939
63825354
64847297
85654189
61365662
81209605
46813148
18558751
45613628
18296953
98802918
15262414
70932836
68088868
20055537
72382249
78898905
11631415
91144790
601318
93048236
73218315
22324662
88543390
89368178
81563993
10747099
1589975
67973103
34410167
51385078
27370621
29548037
49352070
93182954
11238509
105294
4501730
28846414
68162681
4279492
24746995
88424096
89210890
17997433
43216848
67446076
18641941
36544988
3494925
99968522
10825159
85381849
20059531
27132783
31433328
92168975
16712916
75379337
9660977
63161839
72577822
50591359
26377901
23641199
32746127
53273254
79323112
43615732
70855113
80422525
85169622
47942606
87695209
12333103
41699524
57126679
23098122
75626140
3939719
97244931
26127451
99632941
76296811
75291151
85007358
74205973
91980635
67199655
6877402
15443704
6784330
94386668
12718556
65899753
85998338
29553454
44485538
46009366
63099608
76560559
98471732
80731193
17089856
2692795
68812240
16709712
97725455
56674236
71638545
14528413
7073812
34482986
51996661
55838485
98774770
81397604
93078542
10687301
69213508
52383857
87641575
7319342
24354559
7335009
73528318
1091788
90984618
69413783
3080394
42424635
33777789
37623460
37185260
67729302
40184776
82236868
30108340
6109808
68517643
83003333
77983138
37058176
68709674
51487369
9887283
46811609
422567
91770773
2073074
48930822
58322129
18370919
69156870
74149016
5167048
74115919
84497504
2271474
46379181
86854710
61359512
92217499
42312928
62904450
45469638
58353193
42076457
40729485
65948003
56183782
9419957
43469391
37047203
11319835
34926239
77523521
14250051
11947287
71416713
1101548
86079146
73265480
29713773
43730546
30078703
1644785
88565775
63811525
86778479
83179803
33743266
18501321
72519417
22421060
57785023
9797807
23560195
90908558
47236268
20046465
9508375
42957227
58971530
88583276
56133889
35937237
85849359
65661874
12062366
78142870
74981674
44191500
18678051
77815684
28541958
84487809
61617580
33774421
24159495
33964123
76545043
70399166
93435467
10766984
34599067
68758033
24579457
51972874
67246733
21980148
98576511
98640772
96490244
66761496
29437396
97608452
77819057
63803989
27076972
28670
25897211
71196815
35887603
37716679
82787623
239137
64527698
87925394
13439395
35093288
6600130
34911156
47181061
20751715
14545612
84766329
4280674
61764891
52629233
6696439
60684528
63524379
14361122
18405044
36885304
42864050
58793403
90362966
20805607
47857161
73585103
89207107
75755700
96559396
69222423
86306585
91090929
89025917
16471964
71285458
13152652
92157827
58690995
70769008
9361573
49051259
45285053
89509260
82422670
86832337
54063744
16740396
67019042
24665029
9513946
65499171
14843905
2112846
11186942
5766518
69091293
6336447
71096002
22096309
94166793
61938289
38794245
53944961
64315505
55013408
3042626
69692600
72046301
5854213
94470062
49944896
16269157
97012544
23430323
25105994
13085086
59081124
26236711
12032172
61659172
87735806
91936837
79442460
50475286
79169190
62647382
71482374
1339516
54769493
13400848
87851975
29166021
42301843
39359952
72150915
69136924
73017668
97894108
20725815
63686589
10030038
92645899
28104132
68571450
51501059
4794898
62546190
74460635
81631932
10705940
97596718
94548676
1384185
76629244
8594523
6765741
4314492
56016706
80279359
89946650
49084049
33162824
52746957
61892686
22798076
74431774
22622134
71007475
85169910
35182255
51903494
53824411
34701086
44308893
25101401
93195034
8509698
46002055
37109132
34972581
52995640
97187746
22748422
40766089
32708941
65024258
58942278
68805218
84863476
52962309
79950783
29166833
88354324
26560163
35299682
86437634
62554999
41904719
20617765
61605365
66355850
43266615
2162733
52557736
66859281
72610703
86171133
50945809
46288383
70531207
56948342
24101243
34247992
10092407
20153817
48278024
9595477
92346268
76848554
257848
96565210
71958343
84465617
87135784
52867854
66054793
75058644
71659392
10962131
22494457
67389674
69279027
38067718
38909672
46420581
63655696
25488345
94431992
57309645
24182545
20622961
15924828
24920503
25530955
36496932
29316866
12332141
16123082
31609635
6640310
4826601
98808940
55175453
99463770
4480672
94549789
49135118
84453560
23090129
1238995
35884378
16409967
71927666
38451544
81851629
40222362
51043697
99508067
72583803
72839605
76801853
72973072
45110432
18939986
35515141
74336089
55002991
759568
56491303
9242434
91291007
51177434
49371967
70828094
39510011
67030300
28875513
13355578
58360481
4714636
59973251
88961689
9543638
57401081
363009
62517340
81528307
16943622
4102473
73153198
74020608
3168233
65474017
41638703
39821103
35521600
67771405
25736158
47258356
49701226
57845340
56153468
88156297
57890124
71488345
50399594
2217181
89271744
84766074
19718934
94277920
99070050
47523806
49641741
17415578
85932230
38316799
53489263
76507214
51690448
3150817
95742244
47663326
61844337
77664146
92665014
21389120
58384714
87496554
93088141
99132305
67350037
9212633
67297467
78278333
71111333
56543150
22350418
69104632
42255643
94578350
73613375
36379400
4541566
97701738
82329032
61397842
49162863
46388473
7680791
55869240
8195497
63456507
6281496
75261916
75047737
34509677
47669191
53689320
24402071
32299259
53705908
92538569
70972539
23343143
59050569
41951877
68628846
34109757
67389847
98626430
64193375
86271484
86841197
58431195
45896519
48630327
34694672
90502507
29401028
99485827
6401811
81855510
54704640
4472488
34083046
16480735
9994910
82688158
58124164
56788179
56275278
53898716
63956952
66787189
6057435
95444912
73754073
50916460
41290627
8661504
46629680
91432057
13221446
76775082
36407635
12271028
67532936
10060600
34002311
83331970
82883378
4227832
33255458
85095372
13010954
90433826
47868378
85693393
34770869
18519143
40833438
83732647
79303044
56984364
41320500
21953718
22097192
63339701
54721022
96854595
11935942
54007690
79500345
79177270
90084938
94502667
70830557
9804475
4177734
49633186
7048070
77696454
30458915
66385067
535751
18260542
45140576
83794026
34915025
19381572
45037925
22756482
57257233
81631328
83070376
77516012
23070704
81358159
38136769
94485446
34230316
55648853
71047034
98873911
22694779
8718715
48745083
11532246
34913205
50525655
11049907
80234042
33623040
77020723
86782087
83288985
10548255
79235147
13483353
66113153
45163445
67204340
78196129
91226620
37144749
68405440
54070395
60627346
95658137
70719260
63193305
43446603
48673989
22566236
63608741
63493976
3378338
42879719
30421055
1180197
53560044
79255697
34522978
58241619
18137905
71213329
28272935
24019718
56238332
23883108
47533017
62992072
35301396
14626480
39786369
46428983
38485332
88735838
95564697
38210335
21717820
53070076
42681443
79305962
48476234
76130691
63956060
54428078
24439995
38700814
10254270
50837057
2273277
64843631
40964765
39255661
32371395
44868872
43979694
54245215
56282329
93355558
7933046
90009297
57060747
74462032
94579995
37469389
57931328
20490148
3531378
72921551
34504825
20071046
80632592
44169655
61674805
32961999
16046441
32484399
83914646
24996677
86564140
74733976
3533124
79722331
18708461
29284050
75967040
3608735
7034756
62381322
76409379
491315
90698117
86319671
59978604
77483420
56715824
95496837
17048016
49102174
6963239
20924099
1416227
55065592
96426119
22775333
80668207
70993534
60787197
32749685
97189588
53593569
82278583
94564674
374784
9074393
37508048
40091272
66272126
20868189
73803801
74679588
85276009
51465457
59819884
22926841
74309932
21726264
33994648
69445778
36531248
30695622
63102274
70274242
52496680
95876118
13701863
22401359
66611199
67363947
38820125
3253385
7526659
63966837
59355083
84342832
44231122
89624734
24862461
35633188
87776348
79912608
27402458
99702764
46544706
47948324
65355758
38164808
27097495
26038911
66915633
87572571
29749791
93948645
56600467
20226074
49832561
66556000
78474176
63025656
45240032
33656122
70339773
76567709
74254299
46378573
83046748
60312836
19163012
71396125
43994988
51706076
46981299
10078475
96065824
90483943
33156391
17316295
33660596
80693213
27358204
94221041
22825209
33457326
9213495
33522230
68653118
93819290
2646621
54410793
71625811
36477337
12286233
75761087
86631870
13105114
2624874
23122932
19535934
4682209
94214760
51255223
63812060
21477896
51351690
89439774
47461829
26942967
11162972
97776580
91013501
18950895
16297935
64093574
44210476
3317966
39747048
85074805
23215870
1732365
71401797
74680046
84794103
7911731
91825225
81677582
15809644
47832513
10912755
27487398
53973221
46974733
23244334
22969044
45464586
2025336
37178534
82374639
65213454
27241837
34935251
16023587
40593570
15938331
33104241
63949247
85720608
72323811
76249592
15965726
66408968
71363168
65661864
10076887
27966671
38614419
4158281
93686555
85423457
41860457
7022373
71777496
198807
42414007
46298598
83963983
36978955
73090739
44550044
41182380
78566093
70082299
18544502
41785831
87600240
39197713
85832059
52582842
45654088
56521908
70685941
77839107
98174772
56094630
89633280
61833233
7990042
2125968
69661259
25648747
46774000
86137952
23631778
5799999
55143437
74980103
99135607
15976476
99470455
41711783
26140775
66489064
80750142
54528464
71006910
87891841
18875329
57715487
126636
82398115
20604803
29518328
73892810
60718067
73864989
84598689
25343589
88790468
19680332
58370098
86633074
89778193
96788729
24390651
96900122
66648379
21743883
54785164
25616302
74039903
78171371
80717979
79706720
69711581
73867784
5082184
33761289
19643142
18082126
81424639
996405
12623155
85372452
34757506
77679784
24257453
13425884
73699175
26130046
3978670
55651362
81927780
95570791
3007714
76666908
4068561
96732279
78841830
22646702
47684599
40827208
71386321
22939526
12567599
52461488
68647261
53658774
34373816
80776020
30072773
55795669
55621506
17981421
39213229
20572578
8559162
83361217
19719159
83186232
6898884
65680964
7631023
92263477
63864137
91164157
77239805
45013967
31062003
25108613
80873105
8747945
71272476
72186797
54382098
62052015
1521261
4267956
25994890
87863344
97395800
50983790
77221128
2319323
26137239
57466224
20418712
97250400
40824761
48520705
85719217
33164563
26584490
62990884
28737556
87390154
18364379
30153106
47830116
89770672
53401317
68239004
44011230
76662339
24075568
6421065
60418857
39486488
59805385
92652582
68381832
45553802
1418832
24513543
30751565
14327008
79544500
24086441
57205682
23044529
29074622
24174540
17563551
51996012
72632084
18476331
44971878
12226327
21627112
68092912
39948625
24607630
48482608
63158950
40294191
41318006
67484925
78993501
58686375
80106661
37943559
80392162
36961875
4668570
10504786
70086022
75342441
3820892
12891479
38802870
6860644
79688699
61760869
35008046
39293308
87444136
50039503
32867718
11429388
63020484
40072244
61833929
21505807
31449254
94217991
10981515
57458434
6222728
43752560
70997177
13204368
51256218
67138567
31093335
92235550
33669938
16681260
12639638
43692041
59286305
17206636
66996006
30098606
56921497
99012733
91798674
63474925
54029193
79226579
76156057
54448931
72678240
44789803
52233469
29973834
71029334
35895111
26177932
28897403
82104854
2850378
16525203
67958392
16769593
55593277
98548542
90459968
67450776
89402000
49139254
26614776
68617362
77419290
21377441
79712810
44015023
27793598
90153664
34112208
86636709
57117025
12485422
45439703
2333680
47218563
42100384
21609938
61577951
69193228
99332241
7923749
22700748
98342230
76330889
91909646
98553283
83269298
43367179
9782893
57569941
46338060
20070074
94620141
7398662
63347292
60843362
18381875
71743134
96333904
30518094
16378252
8695186
62303389
62563670
77494027
58844207
80381410
83489493
93601956
16597233
57473492
67676643
48755940
33263687
93460972
4091971
29141820
90917347
51918206
8899468
46188773
30515029
10920965
15016053
26718710
37289000
41748244
86552086
16186418
43670811
57527781
32988213
29079170
43265559
57531320
42318766
17221648
72931287
57448703
18344871
88526695
19857651
52905518
25285522
69683117
76246590
28719923
10300001
82651239
93800576
48676660
46756445
96985203
92308968
39949677
79376213
9377417
23909019
35668438
16356363
90712043
36623701
29514540
1754340
54863954
38900125
98167643
9199522
42026103
68671513
94926877
22770187
33137548
82736011
22844635
18110846
92575142
55570599
84724032
35559220
1302784
5622710
78930788
44956858
7791359
21368905
49752755
3842149
16174330
52038663
6237073
24915986
5373054
4599858
48573109
68980640
33268547
57241314
28095054
17840947
31486097
73040154
79856802
56609419
80274308
10126375
81666081
1270101
36519725
47533545
62945411
90295393
18014116
84327315
10927644
14520832
96592277
69644337
69074628
39139024
79563453
40713229
61896427
69924584
40218903
37176289
45896076
24480853
25494860
59715960
47462183
37948160
72287089
24914094
34819560
35843167
67413425
88215586
7864163
78722965
41044269
37262608
44071942
3811504
34309122
47220841
37148262
62082609
36201192
82050872
60579423
78677566
13236206
5407102
98510670
80361904
36681205
28326376
6147931
251674
29395070
49176553
46739087
93915765
8213933
69784170
71811716
3942476
28091325
40528327
99134514
17310671
62921735
14707405
62105125
27033161
38688251
89846400
73181144
47538943
56521174
6947404
14438639
38633235
17801090
1739578
31532526
54739098
3802984
1799616
46555840
23862400
37983956
60176880
44694984
38196532
89425586
27229825
34480648
86807236
94810911
25301828
91064214
66872354
79823158
75017315
67068706
555223
10279094
66048094
22980290
72267810
17178799
96514206
46371729
92190434
32325442
69871268
94720665
543310
5778328
69825639
89495949
86324446
50507455
37095843
40483036
22053613
32003798
44868370
9945383
36597282
65534135
22758906
9013827
90126998
68470194
92755270
5042622
73124774
6702869
61257116
43790600
11517207
6015102
81013401
20704285
75538473
63570762
41055141
45020516
6178356
80068453
75942030
85682087
43457337
66656970
28103552
84850332
27528254
16305267
41606289
16859875
32379398
78223217
43120835
11085039
32913036
32241953
53580675
29424994
97456101
39716866
76742707
45555793
33359540
15071213
48937547
59345910
97186345
32014120
35281164
61058865
7843719
29879591
1317153
86950276
64577732
52218498
70696974
92926195
21483729
10699668
96902905
49922729
61301597
63195255
5912072
62073988
46232289
52612854
94839882
76878702
52013016
41098550
9518309
43784966
71357788
47125913
16187473
37848864
10084776
28250669
99974690
26115935
56263440
34964023
39598948
78135416
52915044
2970671
91059961
13184508
85283973
35789139
30248636
39011996
35406710
10862707
80410995
2072309
48033612
89266848
48714701
91135258
12248991
71126332
13218543
55887596
37956130
33252823
37115703
66592325
56006990
66201634
30728784
26133884
64196338
21026148
67574306
91530260
54937009
52513447
14997028
69771305
46319197
1355865
61501310
39693240
73167336
30450578
51448999
75585703
653880
47018378
17769431
7572274
20092156
74486665
1098689
51120622
3280627
77592873
58566055
68999597
85977365
46452651
67295152
1599003
46649628
82416479
47720433
40387003
88394070
68398374
90749246
41364967
44694374
46148781
62375953
38715706
65595463
82837700
9473292
63446873
27968203
42694142
42720111
63693129
47820861
97206506
64600280
40728639
94669670
50184118
35221011
1907578
16651569
47079163
52545760
90117420
29354043
42514801
36129353
70792132
38279627
21729386
5255277
34604296
45062048
53211996
36715969
32887467
37945148
38986551
13835801
91288092
2354507
54831009
17369083
28928146
85220459
37916323
62258439
71351583
63201186
43496869
26059200
31119967
18830105
81528084
74801566
96037497
93409597
12464569
91819304
11542683
50154930
31110838
38758052
12030297
42660103
78644951
13524075
32824782
29201985
71976897
72444109
30273927
25801907
14894576
23318592
7149994
44069214
12755605
58735707
24953701
43549609
88113164
62073599
63376414
51850445
44179200
52899612
62265456
32393937
10260003
61775803
72140544
77028021
3089641
63964035
89847385
25619618
63996174
13863270
63489746
62760158
43090986
95315687
75853695
35462674
79066030
47603968
9280981
22484640
82705811
75755505
18903685
39985608
51243377
40829907
96972409
90089039
66382252
43879114
81289239
88668689
15241764
12018992
17951487
5782619
19241070
12506160
98740916
40759227
70414545
85821471
64030913
43594406
69134352
30075532
98586482
46761586
9350012
53462321
21669438
33406473
72466659
24814880
59723019
96088856
62612028
61737693
93235862
64339271
52711863
15594496
45362842
59684760
47419305
7926622
98760744
28037498
22217574
35027509
26415464
73917796
1826148
59752301
49242003
56371798
79465318
84033980
80575006
85580674
40078296
96788526
13588378
43896188
90352627
68901851
5588813
90606688
67500351
29854018
19182370
48381019
80501462
11971397
79930639
18868051
35193693
18680976
31224739
72105413
60046875
68607424
87033370
76926324
10753087
17799485
59989094
89860923
10084519
98712092
22349906
52237555
40545219
1178726
7267444
67523870
82303598
22451203
21720012
35260340
93221281
81733415
16581639
88670617
34010290
88211492
61996310
51447932
43609994
7701145
34162605
98311939
40165908
76199245
98293101
46397163
5830483
37709549
5637184
41020327
68472066
36346318
34756087
56902938
38571594
85839453
96670465
97821939
52636535
73661994
91225869
1902634
38991632
41935325
20703080
10778914
43746441
73400425
80817192
43962796
82298944
49678980
63593352
66286503
81168586
14840333
26559947
53604672
63084399
47506812
40386806
89201341
20733993
60664229
98059016
62529742
49111588
16085709
843094
53692847
21949865
99825195
24317988
4827272
12230289
16617416
95130072
70243379
51987823
2195363
71191150
24659334
37112173
79146435
96057429
89794500
75766604
26711217
20097324
50296984
98415930
33345825
10334366
96627633
44329929
37749725
93179531
74437208
26520635
20039009
10006093
22296483
89434382
49504396
71352899
30411776
53771837
54307073
4574823
29711215
38570213
9646199
68461356
33470085
51886450
91466254
25619826
70553198
93401890
66168660
22359095
13144549
77179812
87259208
57361262
50720967
78704715
59296998
7930209
89901578
17481423
80864894
28150642
1625779
7008474
61874468
77975629
73437681
96131735
29756990
85962865
16657966
90489886
53614538
68256858
53762899
83553577
78338117
74325848
72546353
78022734
84938790
15416544
39369960
71975887
27905118
79562024
12651844
58091744
48840024
21301548
19955433
76008400
95856337
68482365
50304007
43209687
25917117
76330598
65623570
99880482
29545831
74651635
85531591
1612401
96441867
69181663
44450570
84553170
42292808
15086324
74247696
5666871
87486574
94815587
91199277
74663581
34536948
14377016
6591032
31363237
94423999
17762192
33759048
40826828
60034963
34853184
15004687
9909749
49616559
37402814
36647636
15218315
39684902
58024390
73172777
37250062
96841896
54101672
74774665
57478206
45218293
58928864
99254246
52259585
88980933
46402226
96902947
47852483
81307
3131099
62772283
71884515
5625656
4222101
61000340
17127527
25079875
88144347
6909584
5058474
94093276
63857654
60609145
5709149
47582886
67838425
99092716
94935332
29368941
45816118
51943647
39299711
1120100
86502521
21552061
46783793
93295106
2257885
60112455
54297417
61725188
82475740
77828089
38254366
35191571
75858581
79929962
22440048
31885680
93518368
43108672
97209280
12998293
22649676
70055450
5291746
93814416
25417808
74760940
94821095
59011974
41263000
73198737
76738364
2373783
92359442
27728170
52819263
76252079
85551382
85772191
58427680
51076625
53475978
81942530
91127245
75264247
83767142
85876290
39047481
27492279
15136666
91532006
45189330
8164530
84796728
50062393
36305117
88882334
71776160
61482141
71491456
86751513
51412841
31032752
69461223
50984789
92054173
17519400
44003340
25778138
49572081
12535478
89164157
61614495
61008378
46222645
80841341
65936260
88352787
16017197
59385768
4835799
67436811
19917193
82552021
68409751
7534728
91931952
8184265
43217685
11444651
27062575
59068465
2770088
85204605
43539290
33842193
84270131
34959395
52885578
21184462
16055300
9829691
10082111
47508125
15625982
44973956
30029733
63555814
70734016
98560487
12113117
1745287
61016337
9142051
87829294
60473044
40365363
97172784
75882475
91281617
81173213
11865821
88271341
78902296
11241670
44797635
35107944
25546175
59753714
23873896
72516735
57398878
74930773
75226029
83748718
74564279
15789355
54880065
36022485
92602783
87665922
50253147
32812914
67059559
54371720
79283302
63399746
31033265
56047736
42337721
56796899
44958238
99389166
72214217
64493225
96243629
84020545
343150
3971343
80376574
75187883
95201296
95280006
33418764
61958773
12394712
86844799
91260782
76622618
64188856
12152681
89830206
54682768
53082715
7866122
74068036
9393024
47086764
78361489
57883311
2894433
74402461
41972434
41140743
54385581
99261912
93646944
92606668
49072047
92772526
5273730
94204004
95063026
64704078
54096183
86894913
41070963
86878566
66930889
24551625
7363545
83420520
33634245
43195608
45018700
38260498
63465915
60210351
4855574
88045878
77764061
46426617
10676704
82975196
16533038
41806821
47368022
42257923
35249011
70518832
27500032
57112654
63556797
87973933
6391526
41119103
79630602
5540944
28985889
84273637
94132190
12640270
10659286
72796997
11841796
24251578
44883527
38493515
52936237
77589971
34026734
95288548
7783415
9162089
83550121
61212176
44313679
4641265
65197854
49990063
33448948
7412148
26953812
21830119
23177938
33423931
19865106
18351800
19813571
55810995
8689890
91064653
79609360
84384790
90400328
96784297
71307490
69904006
27417681
22197240
45681602
48412913
59685702
86357171
80884022
37826322
66696871
42442133
48413806
29526047
3699847
15323118
3388667
12480553
71385589
44684996
15692198
50017886
13517285
62492842
34399051
65599357
47659866
49949613
43366815
25062522
96673235
9945875
62325102
89655991
80721953
35555392
90701966
67426874
84000174
68120736
49154312
96939567
52442231
32944952
51981972
25802100
51747081
98596176
30392235
97753064
59987125
65805144
65834275
25453537
83473921
8059432
85835720
3163496
22924003
78826990
62881841
54093566
43953952
40477877
43526835
61861422
21545769
11342582
64236276
86628067
26456551
87796033
54581384
71308104
60715374
66135180
95151983
18496131
34035856
37613086
7401493
9311021
70174626
73445256
78167387
64637304
5187961
1602207
22322362
88832965
9252116
8514349
65444731
34143716
61938801
61723404
72697167
30727349
21805715
51845284
10183491
56701836
21365025
17236808
42495565
19649713
76645330
86068390
44732971
78256642
17636394
57430562
90099315
15722684
57868290
26523598
14464967
60552658
47816354
25715529
47789704
17313949
48638348
29683656
53939171
81322030
42984381
42135764
43531101
66836673
87883635
31135219
31186492
90994731
99955031
97243443
53334421
58877844
22425857
41697530
64604521
82937322
49406239
21447690
94693944
36343000
89562314
98748068
30459720
51188130
61799729
80845758
12657973
78829485
36430973
29387558
69096527
48069432
16681526
60796661
92425771
95460023
31844380
76349967
97590561
94672628
59764121
13299444
62919050
37168065
4680144
18515720
53356052
56362275
35786892
58714533
45257029
82825357
47813075
35405360
65265480
90338063
95037360
77386362
37360993
18495065
14803758
77781623
23937994
95518256
40378831
61143629
73604756
64994009
52277533
9179925
78996236
36609204
22756308
66580575
44324001
45915626
90062139
3455614
28468731
4153098
14417336
82573756
98557414
62911514
25690974
94186059
27611424
73357893
9980179
37869098
26847311
90321063
47595024
53808564
92311500
93560419
32836117
80167932
723050
22086048
57699269
21296259
44963407
57496118
53591517
57022804
12071424
48152819
94370637
42188237
71969734
98804295
16653556
27492513
64958405
42641689
28961969
65508787
22234338
56716711
3636097
10741602
65668151
42154086
69238596
60618183
28381461
90605669
89508754
74008167
83114216
60808781
57458429
33309550
1805521
86250912
88575098
69411902
5271945
87528522
87902657
99039397
22424997
2972412
85746567
41489970
9163664
9157868
59529734
72344100
68034853
44570731
66978494
14672118
65220756
8403716
95842517
57827466
49621384
50303889
41100196
87700665
87261465
9988649
40479465
99522674
47802283
38621015
48101388
99743662
57150931
6676957
61437151
58773294
31003318
15496751
56263166
86362553
61799261
94919415
39185743
37361091
690881
92669053
52601071
28513454
64677824
97810709
92448878
98870710
42534196
66230180
29961368
99481169
37166334
87905059
65899521
28353720
90470009
21802797
26852531
29192609
52597354
17666713
62552281
12572350
89151429
944583
71084994
16631696
61540894
93549604
14388331
57483378
57194410
62159871
3692055
44759543
90149956
63153664
58967923
80225099
32829237
3180234
24431723
12249305
34402467
32604719
21749975
37661798
85537188
10184898
79063694
35639675
80488574
31157205
84026254
11211929
33745462
94698035
76924161
12595554
96283446
86504475
30740109
37326027
21845688
91395397
85493205
78976447
18942852
6251092
63124782
17673655
5510958
11871659
43613857
75803191
5606235
24129904
85604369
21409365
94436200
77122616
31367154
61392404
79687427
2257291
95189497
97113520
13962687
98257852
72854995
67925040
74191782
29275452
69394374
65615759
23368001
24786561
82421259
27387329
21509014
1239461
49421738
14836918
44905583
17789719
31947237
67440678
80900699
757875
18185906
11877864
12183321
59096472
81095302
26041455
20084556
90811207
39610739
24119573
24910248
7301161
10136541
68960701
71253176
77635967
47864371
1908760
54811942
40181622
28103741
31112211
28950582
9535765
57704541
11540655
61441644
85690985
56464820
81768253
76567139
8968048
29408824
46328066
20594889
56490205
25153419
23152829
55165364
92484459
72764631
75673922
48264873
14818047
60655436
42433937
75452659
88869770
76134889
33617750
68032171
13370596
90524404
64353643
38016935
13234162
3417629
91363815
38930455
67051744
62019760
93237642
6944022
57388250
78388633
75488331
45218656
18863190
64531045
68776711
5808323
33764977
57470407
20273995
98112996
94219645
98605124
59774452
93158137
92106104
9411031
92048572
98914054
51109264
32049026
24599752
72059528
27825915
6963948
12761264
30843852
32831021
93885014
10661345
75641411
45526319
78209546
68685030
99890865
27373469
94236520
33201523
24155449
91397850
31686757
80832136
14799211
61738860
30276090
91255602
38855265
76721612
70908950
47271295
19366032
17781561
65063744
83752962
75520437
5707351
94678573
51864593
78098346
61111606
30025132
70277298
97176252
69179402
90263264
25712995
43828342
4334246
83325235
20537220
50850075
13712989
79417655
70127371
20303829
58585280
96099879
39290990
66443195
64004440
64410637
6074766
86125905
21445231
22313521
74507210
26107156
10076264
97731217
86962188
63921602
24478318
23056627
75441002
75541202
23056756
18621725
53930027
83251665
21001529
17055215
1758631
72466087
96204597
42664790
33684146
42226304
20136800
57004252
83375603
54378326
88012927
58102409
65311853
52924800
25893252
4927588
46861245
31913080
34852183
9627043
71845705
30318863
38321807
94512044
82962494
343456
66006181
93586746
13333506
66366118
71158047
25345956
71411366
20229157
2886054
77408324
22248559
81177758
45321638
91558315
61089940
79501431
68719244
50755494
99471153
40506975
83822411
91440982
6887871
31726112
69232412
67271010
47941665
5939047
41008431
24591571
46892833
37868702
92040313
87675115
20385496
38396794
62024080
74921500
35241198
36725796
87084677
55879434
19458031
80264899
75781119
74616708
82896354
80358857
62465151
93954768
18752970
36621381
65932390
86328377
74654496
90598843
44529460
50831385
33859099
58289089
76126318
75789240
31809786
13527214
77775260
74486971
32469528
17002768
92620241
95213443
68647232
91304172
87798739
44317065
39165487
47706845
29337579
86657170
25490347
12244338
13100971
49484426
57319798
78193069
80628511
70986824
52981742
23144626
14971874
31387215
86295975
58383329
41707302
52458909
61073415
70753605
45946283
16884564
58428608
78060150
53675306
19373437
11965162
9656623
55026283
71672078
94368772
16464552
16914909
96194383
84151820
34148143
22930168
66142365
55863938
96038407
52533686
28206236
57430207
71904234
31738603
81742701
49969433
88310935
34052416
4497782
95528998
66206633
76439362
3738952
31269398
11727708
52773907
4244328
88979381
15383137
902292
99048305
24116325
77009754
46654759
45745228
83007283
49863136
31098025
84352605
55934457
21650282
42436119
52913364
2171133
15772891
81974056
13796008
6048478
18459292
85951419
98471035
13578622
90827241
5963951
43437758
84978651
76211345
46897742
58687739
14416198
45919844
44376529
32144171
31061654
90419172
6258173
30399794
15676759
2522705
54463101
15008941
34515464
98304572
15557115
53149880
29010838
71273801
35154387
9792353
12763043
29084044
93532502
51221668
76796851
38091830
29551659
60746386
91376168
90010789
2379681
31766378
54206192
88894381
90410465
15272108
91052443
86590510
25824081
17947610
86451900
12074993
83669971
67923337
57594872
84934069
27510986
49824712
8616509
27585683
65146302
47066842
38284812
64897495
54894135
67436357
42238918
93282484
36786430
78944602
18728511
36990511
80063908
90484254
80037391
63270111
48641303
10246741
55008974
80152740
95027368
48196277
58550320
94874950
28621988
88027888
58858996
70268640
14281450
57658896
33827081
27796257
69117754
50383088
14137056
8476955
73007262
469430
25515215
98203668
59001061
149595
25629431
21557918
74814895
31309124
42587324
95035000
84296896
90610672
9975375
27137576
92877453
80416596
57265008
7430478
77592428
49176416
43606851
9928943
65296724
24770479
10676009
54409213
86718096
21527406
15532177
35596354
36133522
68302429
70313412
4575577
278784
88243688
24266798
74220556
31758953
37742220
21110712
50954689
35885073
35242797
790015
24999662
97917501
70041546
1970895
26572373
96657934
61998672
48118855
69075725
64579496
10553587
80149637
53322466
87591603
25463840
68439743
40459523
48768534
28160394
72736700
51055319
67815637
53997932
12476421
82756844
48587831
79489575
82661381
5385302
77481636
26017910
80861913
64786812
35151512
29917483
8881910
29521568
170480
21101063
2748951
53522218
96177097
40061546
47643832
35944650
80868677
32768200
29719283
48899112
89190112
75737209
96179433
54301486
53474137
86117793
16281872
99752695
19017045
24629656
75332203
7373449
30318649
37744601
12932654
66248580
47389798
11641805
72700596
76078516
13632597
5361763
10446544
3290081
58435843
2497824
27082033
78272024
44679730
60908929
55412061
29840820
94823131
98066521
95906690
30630080
42210619
89215718
11133846
52379351
70059824
78067275
76200638
80561303
80548242
38436219
99500797
72524596
23026182
79864618
24196394
68535057
30844997
72460605
93091468
7392873
61636638
46959451
60568345
17448529
13898744
99116807
11470557
56414356
8605510
92195078
19314798
26808334
10803477
75717885
8176539
54156034
70171293
34938870
70493980
87740231
42373595
68710481
18786646
68999269
6882997
78552748
84828885
19379444
56593855
76622049
67454457
80262686
89786578
68551426
1818406
83698313
60462709
33660051
65153607
15740903
17776473
88369141
95418107
76106560
84878267
71715475
76855812
63984086
74561557
44276767
19123418
57619065
24597214
73693143
68798800
73615959
15413038
99271305
62843145
12881051
84558883
47399525
48672293
63039932
41673375
42656390
12554750
11294604
11896541
60202055
74121239
24635738
67010318
25437307
29502861
93869936
50424942
70962923
40974527
58383161
68612894
18356759
34470572
77849582
45702843
88441971
71023404
75657577
90112005
47294142
1128364
19944640
87268375
28314081
21411918
34594558
32520070
14140922
58955581
81818618
93486852
28089480
88052562
6394134
60239393
58048695
20941067
16567331
80362900
17915389
5743193
59827717
54780302
2254841
49639555
88897444
10285096
56619564
43149144
74073345
3984381
54252490
99093900
94878874
30747740
12668919
96684243
7075922
46099074
2740707
46300047
58277869
40338882
9396785
39256860
88554587
79409522
12463392
13237260
41532415
10024892
67672084
28700289
37363543
450161
82974200
33696070
53034758
21194420
36019270
20611279
55465279
60423443
16597370
58232123
41274343
31222829
64367650
52723939
83285505
13993075
33560719
31019700
74130769
36290916
2047240
30359333
32526015
47364039
69600930
66288244
14957713
68468237
92814607
78423346
74892368
99336337
47693869
11968645
60532346
64062383
86943132
2508107
59821463
91540790
60894889
66157542
33533402
65062615
72033732
88465314
36665311
31640359
63472778
78681033
54944838
9365922
353027
93797991
5488529
88517813
26468612
48790826
16155326
17702369
19460336
91943451
44211693
96671301
57078532
56956034
63205561
34045068
28805283
96875449
16147548
1854589
87259996
551822
95547752
79856262
87616607
88403515
75548459
83276203
19573412
65720622
98208836
32262449
99072953
94747304
76733810
68627699
42122247
44129223
93211451
78361086
37665331
71791587
57100680
43522850
28588396
64409477
45202998
48057184
38711194
15163093
94029494
16361312
62521145
84323652
66554703
78622227
28136759
19446815
98974358
68146327
94881964
55093829
52475911
35776971
29860025
15027060
35323908
25031993
32422871
83480728
98992779
76732625
78813595
27572133
66228456
57403022
68540880
47728428
56917364
12801573
85237273
19270297
59670305
49445890
15846627
56083030
97622912
40489371
63470947
54557699
94138508
72483242
99795958
5961033
88439282
94374691
81014257
36659523
70178824
36103258
40452894
58884853
90928532
24915599
33976057
30440174
4268823
19023451
38242690
49826123
12270175
79397346
60245553
3673372
98964781
27439300
9195373
38240733
1411474
37064352
67351929
11205519
74311247
12005402
71616305
65465511
87631965
99314087
57039328
66903417
33281387
17816169
25954425
43548882
5377914
92556193
21966866
12587058
67716318
40984976
70302725
97098751
85496735
74390998
55437941
74959690
76974162
93625908
84641602
63302844
84564077
77419232
96800119
48414376
34521367
68834269
40553390
37744072
3871301
46484418
91105779
75602928
47394650
83016996
6465917
18297164
22942073
59577593
83562225
15839811
94401895
97869683
77877173
59921686
52786480
21901282
32892325
69497027
9349438
88153245
85522483
21690002
28968874
56098220
99214956
33316578
76207874
76228254
19494129
142262
55920109
61412990
69903789
8007802
44657043
80492523
47810707
13595784
34620290
96443229
68619305
74663946
13572953
68427434
38472488
78781914
91656704
8026727
67851374
34259780
85882405
54203726
3071974
44205259
32910219
71263629
82228491
75240622
8017537
37238028
1920724
37287933
71016247
56380177
40416160
11349490
39624123
12576317
59705286
49780504
78127109
32921365
65869276
86259264
55773776
48189054
68507528
36506207
90806220
54375754
83853459
28589139
30174959
9118794
24911846
78960340
29349706
75776263
53057805
64292567
18484915
29993418
36158604
42962926
64600197
66189929
24677442
37843157
4537864
92453259
84913278
62288490
47855108
64413118
18782255
3367409
30974599
9149132
33365585
21597925
27636327
45242192
91480057
30437038
1333885
28180017
27718110
20301497
22156724
35873133
78673215
11701364
38075573
56436971
21087205
11208370
6299114
14878717
82570402
55284397
97580356
11455171
68144724
73254462
95551505
69237301
98906553
33347106
94380490
86335570
7457599
83577744
60630036
18181636
9373842
65720298
95468232
71579625
20337381
61496121
80846355
23801102
46653256
88814639
12856200
67717263
28778009
92503659
75380901
27341060
25401617
59360013
58337649
73224821
49839413
61272759
67526409
2090557
31897810
74856115
53863829
7200174
22999225
18942317
84382124
74787868
16681775
47281280
32598685
1854209
57187263
78553406
34211970
44024983
32373159
64545982
36978306
42605402
16945524
23502543
46356481
2510744
31810396
22647225
45741712
88755117
81848144
18519975
47411469
51660735
72197732
82267699
71274390
25214811
91485193
73004939
16530693
57246365
60568624
70859565
7552320
87883450
41732348
97987586
99900668
50650701
53164537
1291972
41026699
62916734
2097592
46055406
30433257
84604484
65162581
6113091
71564562
30751098
95423958
94478956
93536048
80474038
17970086
87042449
76432308
6916131
12293409
28976698
29267354
22099093
40035681
34610552
76364043
99427663
10476214
51888955
61758214
18385350
65864789
48097367
77943013
18424024
86180098
91792109
52872587
15025479
25886151
34641329
25586577
26731039
48606020
33496700
90369984
19238014
99710049
50526661
18582027
83760381
13203016
38349825
64777899
39309611
69911567
73006388
62286006
94909937
13970128
8855215
38684537
34495434
93516978
55060166
99301490
563284
95487512
99825850
27188514
83653016
14511321
10860054
83758899
498799
99378119
72910716
77303279
76657143
62661051
64812383
76175538
48524263
47002177
30926372
41913839
40573098
16622468
35749918
23141600
24872821
43410363
83817886
71287976
45441367
17703955
60694900
20520178
73821464
22977511
8201133
19848522
917902
12693080
83838368
91850028
66069808
36692635
47226058
59683214
7110151
69433285
27604263
89425923
95823242
1962325
18974695
43472430
22573088
96618946
59449241
51784828
25712134
70355239
67294193
31927370
13543162
63203720
97393472
30599415
44799
17444616
39643541
20217383
49920952
90106677
63597915
62739867
9828570
94061170
402221
16170577
2267345
83157020
53915070
26871134
36541306
3169962
44362471
57681524
26001517
83118814
19833124
21124878
23855434
8876402
57058953
47266659
40955071
95805534
67135329
44302781
37174000
49647578
12906242
92788825
77862668
23112222
28626176
58987498
59721565
54066574
3778349
82390355
5207716
47932642
47011421
87538804
41758250
63310788
7777109
26380285
27188032
42936261
96877634
32928102
72436268
46960861
41422561
11416675
34041616
96099538
72944880
62677022
6286095
21182504
83934285
71266551
16160893
98305702
97608859
38725115
38755721
93375952
9929447
80593296
69535955
46067569
49998038
62371019
78707368
8246301
45663923
48479677
31363338
15577535
14737347
71749999
95303740
10539191
21005923
28097988
25836845
34870496
56928489
55561372
66221703
64611977
66224760
18687833
44738827
4334629
16769374
42981379
77976500
35657720
18708379
87944646
73659599
72063027
64362877
54979734
88083886
18078228
42436516
69526276
17493930
43368833
79890183
16615645
18198496
69947532
80875434
15701017
44537453
99984697
52646507
28916174
94873397
59836640
23870308
19142702
10476080
43593203
18443533
48549571
39162763
26278059
50838988
53127605
88089781
66876827
77486782
76161181
39858667
3821893
95560950
38135165
30601279
71274718
55251635
73486335
74782492
81719076
27704716
1389988
96484164
22278259
7305981
83332675
3356621
77785554
2498629
34441966
17041098
68799707
379514
47208577
54566399
90080803
4968916
52532974
754886
99640250
61523713
59663188
98743387
10721512
35720114
11911922
10249959
57425567
59245823
77003092
31289795
74247483
61662268
62816963
4224091
44292515
52029098
5787603
92680499
27050522
28243876
97083211
78295238
63787656
31739781
86002071
8445274
62553205
89059111
30330658
76300898
39060081
97486523
73360849
3114539
42635050
18826212
23590200
77603127
42941782
7882793
4479974
9648236
13821259
60568545
48587976
87726879
31802995
33409710
33790159
97150813
98020036
20893320
4602815
85511420
72030157
6156980
71370325
43113654
447846
77675882
34764715
86620112
19491777
63916944
78773202
57700015
70251436
82488303
70169933
4642378
92841465
26838968
23830807
80251667
89394724
99784565
27451515
80511730
35867336
26642376
64216762
95859392
31028714
17244441
13701017
88574621
69156735
32749417
37320687
85801361
49355351
78964089
23440399
41427206
72550268
15459386
35865252
98484888
87060160
94638357
91071578
66422838
15763851
47453986
96247224
73107884
86318635
17679073
8206680
37258581
89464434
55200386
29909210
13961242
88560529
37013271
93709434
17325500
48108927
72186678
37700281
67866153
36729824
49823327
83885003
56130429
4073655
97183805
87550572
64850633
57101576
49491686
60972947
85575954
7694521
45630405
35809472
64948863
93177652
86380854
99381608
15212828
77639757
75458841
4978218
94762035
28775639
30552983
21368599
21441314
63355807
51662634
88706625
54073284
69777631
56318764
33301655
45507676
89351467
10484738
54874942
37466450
92213148
26142472
28010879
36477936
19180083
85915018
48214947
17731886
55914418
79694028
62399786
63115039
28576355
15927373
21630671
45781915
99432827
75004836
99619893
30755261
6735671
79329843
75495291
6973745
76389573
48090824
74505508
22181005
99279493
9207882
85490892
71734199
32421649
6582407
13652833
89217972
99789007
77798650
10235823
50763457
99576695
90682762
7910937
8243456
38295756
64741439
84602387
74817562
13635137
20196983
84609994
6353883
37752293
72913140
40460579
96987126
44807217
47397950
64218085
95271450
1289224
17328945
98842510
96886926
28827806
85017695
13771479
14061254
97924939
2802435
49523431
8630250
97973439
86939832
80202494
63002153
14693114
56021125
23097854
54902601
44733798
9794883
70126336
84962125
40176526
10434939
16831216
49623374
14493288
37046230
66894863
58746369
33357521
63538747
16216899
43457215
35372172
77390749
64554009
2842168
87738624
29901181
39317337
80433433
9436353
22080302
33851654
65903286
61812839
22638318
48514766
40140506
87645484
13723589
33535094
30251112
62197730
63144608
41855866
23009103
63020412
22417767
71302154
71020777
15426603
99374283
47930168
90985166
97932817
78233057
88860456
9406109
94812436
27184417
33786744
15491887
45026975
35992729
17146739
61957628
41917022
50617690
49453286
16225519
74959009
83681499
92753991
40370841
42603903
80700649
11058074
36548592
87761946
9318366
62886314
14681005
45521460
64503309
32471334
68136291
93085404
96531474
27445076
3754034
96837245
86531957
28939943
15394295
31034383
80492981
11276714
61295349
71989413
40862555
13992905
99134443
72522411
89651413
48516459
84031099
80387150
58477785
15266200
93104662
4652690
44218417
12892915
93801127
48491375
34245791
41911016
89399400
50461023
33050357
29560796
30598507
61273944
11831433
4322720
67375531
11487023
32177740
53418470
26123356
85114094
92660620
81691832
85482900
22560299
88496205
69240789
61946868
84819523
81377607
70656743
43106189
6130831
43078286
34592032
17569281
17679541
88579545
76987567
5367231
61655420
86554626
23784015
86249930
42691267
80564626
87422912
45869004
38502972
20733241
78547026
89003280
37835743
91500319
74074639
89967988
6385075
39383706
57771
58547156
39128888
1865868
34379788
59115850
21967836
1164990
59664496
66007343
5394055
31983759
68104585
50093833
93715085
42380718
5138796
13336441
17902994
19714678
15911085
85755553
32443098
76413790
84818786
27927686
57556494
45843892
44650041
13471263
80181917
75979062
46728626
20070699
93722732
66769014
14657447
52977863
9817559
43429661
93725752
41607071
99700021
42184293
75881426
22894115
44338537
30237637
56255193
62241995
4544861
52681406
64113682
41272094
71434901
8844021
97959563
87562772
51531327
95687886
46416596
9292487
62504619
8086465
34934953
69673238
81690323
63099769
55437765
85233050
44596467
88547825
53287909
62699099
83006175
53795336
67338520
23280175
71060574
71005666
30376188
52760833
50393785
674682
46699046
8001161
4907860
23112956
52870814
90407506
74728227
78704252
91121224
42211470
1015076
97131043
37479239
33557768
71236963
15130840
90870285
73817801
41532500
95706297
46685792
5180733
84850400
71911122
58491123
15641459
73740922
58864816
50587381
65655244
7457515
13052129
97446439
6552860
64287884
12858443
44207329
45437455
17615674
26699541
87084685
9123755
82949638
25995427
7275911
32739791
99489018
21953456
39070286
78341996
87323060
56828436
15164592
56603697
61229695
74558525
98674344
28869625
39885145
99648192
38905735
47387460
45964255
71056712
89430887
13074175
38480305
17419242
96523268
22146773
79180121
73006964
36073930
41138374
88361139
17522014
48605226
68751711
52774343
81951754
57731604
74116966
67142216
70358370
88826057
53867700
31844881
34704412
52253994
78153666
92488281
59093736
51920355
35488908
94746590
32845978
38393822
85940922
95486477
90083548
3815496
26770499
48384319
66609201
27863360
18952
41330053
58234464
46736566
51639814
17514172
13331917
70886942
10803089
7605732
12496120
11936714
20676722
25827652
16208662
75598411
61843972
43080999
93457621
44703955
69895302
45024897
62728458
96980944
33117105
73393367
63383232
69885791
9750224
97086564
37262957
33552003
84116971
77914594
21870556
42401723
54467402
56237301
38566751
58212009
77382565
70539132
80107056
70800981
22596837
42126586
67351697
87757866
24451700
42736531
33422138
24405797
35132286
12686450
27798213
39452491
30314433
35411251
63990460
90061506
96860500
12781614
55882049
11396041
79160090
1500665
97209247
50730411
96558659
22079355
20628445
76652032
56664589
53649964
85062123
83398775
9310944
23684550
48354947
80954512
21457473
49203084
31556587
26828459
5790853
33309937
94324078
13592412
95384124
48349940
16242978
79540371
37955739
77335940
63833255
47631547
58601054
91776983
96132580
11032706
13566617
93342678
86333724
66222975
40958837
67206855
50258584
10567098
48600968
74059311
5477246
92399253
65778394
9961006
97120368
84740192
47738260
99691801
22575924
40979489
31341855
30126257
34727101
39330185
67428025
22056964
88352780
86980037
96481393
34937834
96576109
41912922
68397679
96181106
16658051
27657537
50603563
34686373
65316566
77169768
91432425
68550469
10067310
92466875
68237574
98183974
82563022
69618274
48656832
52467384
95691289
98951159
57056540
70408773
12800369
70709350
76988883
55876664
25104366
94672803
56521043
97195834
11171290
96388352
85474493
12682729
33935905
24913455
27528519
4271047
71655552
27675509
560679
46240410
58259738
71294630
60665396
64403807
17670884
21393498
18988766
67465806
16254919
61878760
36184440
68240360
46856875
16812055
73100241
49896459
63573327
30276934
9591683
22966261
9897451
66155528
99847329
14674265
9879183
75720169
91623426
60399727
95018009
56590074
83687638
83363423
96670667
7302064
2631136
74672990
93064436
69623896
37396419
9175178
13921252
70677161
7963604
70646465
80777559
42818444
19224696
18776154
31233236
18894607
91498703
27135151
10173549
44878547
20856234
33456775
60361411
16026365
37167753
20822537
57330039
62942229
79428941
72731879
39395853
31405270
69787527
56211496
40029609
83164290
59713882
40459796
62244731
47796823
40363494
7683936
2279336
29046830
96004400
58591011
97466535
10144562
11190310
91214354
45564752
18801214
80499556
40020238
86857197
13271611
65976176
79939327
92462324
14110195
24620607
5260630
72419983
42718614
60027678
73213081
97345878
11239882
83799226
51196328
39556809
27325943
20120146
82103080
83045329
62387779
40738330
21157665
44647654
34859869
10105259
99756582
31304287
10155654
77457758
77648770
64348968
92055104
87016022
33507206
18615822
37733468
33480324
99782401
76022309
62094354
16561621
97117439
1706530
10422437
14055446
12823059
73261564
75925272
94004863
80680858
26683391
70051271
47013413
93276566
81541994
56766285
68077193
67981463
43864985
53629977
36757144
17907349
27200145
69015296
50079978
51564373
77853449
66267534
48094503
91348755
70710095
15820222
63968561
46486373
16895285
16279907
52362429
32488278
50239417
28114961
87286833
57987675
64550855
50917113
79815244
17287675
44452314
51169170
93995045
5842155
72833106
28817435
59043010
3040307
66222734
16081847
5451271
61999526
22862845
42327251
52454596
46679417
90317264
57648458
41736116
85598503
17805395
32461791
97611138
11761828
14836157
16179763
94826442
9650108
86161492
39454565
96455865
39405140
12631840
84813675
20584695
43943314
30820793
76411285
92661997
61242795
97946038
3120477
43612330
88980113
86998497
30514761
86452165
14030948
30821980
75840944
74622727
23492266
99719717
90375964
47407125
13118512
38750434
90418521
23413651
34282411
32162334
81990738
8468113
98837227
88875975
12833994
55971294
60206990
19906568
94890439
15272263
86885633
90794103
13255250
99912999
4949137
20367439
75964968
89299812
59333487
88699414
70221424
47485538
65153434
32493846
94481684
29644249
5266685
74896015
85023417
5314783
93497619
31340027
10508564
14377862
14187821
57688448
71664236
28913677
86305051
88256369
81794584
46370248
95091902
33036912
25798405
70714951
6463949
92534786
43194529
49073321
76939928
76657241
47790453
39251423
36444019
43529128
70576234
8986116
58091268
40345464
83165525
86641465
59654185
23733291
91605076
15664972
37573471
76467178
82520709
17130204
52365417
94304231
43100624
62493447
7330332
35010079
23123642
29154084
81378240
50268383
52462960
96477521
68579467
23726128
3003540
13750215
82795638
25959796
73624696
27869836
85759161
51820875
68568493
67187444
81879588
76099196
40398996
51177694
96291792
1587655
31218792
9586824
96500760
52151453
95052268
22270642
66309581
37915053
56821608
9184724
84018773
55265910
40657867
10038174
19944982
30076061
21719242
36736030
49775676
50461412
92279550
26836501
12258431
91361004
80765762
38417070
37679593
77188592
16687961
44399679
20707476
75930512
24105561
65502950
81509605
14624341
81866954
64611791
12484540
76054753
51367902
76775796
33161478
30054793
18604029
76539716
34591024
69081955
23124900
27791947
74343617
37557631
47604004
27139784
88821810
56136907
84404715
2282286
53204641
52394369
73563821
6374232
29645740
23527722
20872392
42153413
54984093
44333609
1841220
54962217
56431296
92328183
70814498
61611315
38462931
66673848
97504976
80139917
90950251
76740767
59692180
44664185
97175123
50394757
2473637
79524658
72077541
6288616
4676182
68188296
65385403
4376679
28609070
4135713
67482216
17729095
10758749
67750593
5249121
80961796
7098630
3901094
83244089
53410945
99010935
64684863
86799124
37192972
79899079
41009367
14357492
14298077
63720899
93493101
91539345
46601684
65584868
89954769
21621823
18382615
75603574
55876463
85547359
85422158
21351055
29629040
78859131
28657031
40362859
94026520
72210685
72898621
24144110
77895482
82273565
25918687
30435455
84080060
11580659
36274303
5751422
9188054
68411219
33808478
72112140
18575665
48625042
29930102
74271674
80736680
44007862
40367709
45453872
43460117
91162358
71060119
50900442
20864298
71963899
62185123
18066170
35475573
39319955
61317564
23429094
60120076
22698571
79944467
23023546
90525172
20555299
65119683
21645584
31134873
33183275
89922284
77325389
66806006
37569924
89296220
76293949
47090946
6323768
6027699
35345542
40437659
18788741
77906821
36418165
50374772
55614462
4574334
50252072
39084881
93529482
95016072
49739803
4608454
68539072
78286825
41241595
50081717
46182484
91755817
93773066
11057328
62194706
21033616
37472711
19859695
8962908
80199821
17694155
32971994
62933087
12794194
9912957
28027336
32291275
69277915
43279696
18640874
62591513
34459021
35836920
89171337
73611417
44669256
7983543
26778799
67020974
61824240
75045313
42714750
15685648
2489252
73062714
5539759
46825130
8977650
31789235
89021514
93692559
45663324
13387352
40248310
63306604
21555423
413963
22820262
46017898
15035719
87967413
85730916
65540530
77316668
81798396
84387705
84225038
70418769
24435664
39362815
10758008
37724840
12431113
16749667
34856591
11923364
50426228
77118831
71176649
20127512
61819591
17269095
38529466
66635307
70989932
49610562
36475950
8927409
11280944
67691567
60711174
21738087
39450554
42460792
40478493
26415146
73714620
9677089
65641755
57444419
79829363
56873788
48065802
62976935
34209811
98170433
61739395
57087278
61211358
54093692
46448845
83520219
70273646
84454694
35928413
70721719
43799012
2607374
84119689
4750414
96788402
63057245
87402392
52525768
89066776
82053073
31339916
48286299
22885102
52354091
40803486
25763290
52635894
87019119
69641311
55017265
13933002
56739176
50888202
13011057
90957041
24221949
37237134
4663994
56744455
62772981
97887197
30069105
31578563
28186488
45207865
74829868
24989140
97248217
31741627
21349169
560680
74301598
67455498
34506343
48723313
63227173
61552091
71038427
84545816
95473193
86159018
79573772
50652872
28917224
48285160
78193752
71933728
28936047
40224104
51751106
13182078
80985417
71464958
44873980
18264907
34454206
79535424
62675464
91501051
20333397
7952960
64599907
26128988
93397328
73929082
68321472
89016162
52145019
43623109
38698169
92470754
69945198
32245126
69034474
77288136
68845764
53480887
15188991
26689590
521728
76715282
99678093
50574307
91692093
16033425
84452604
73616672
3424667
75065714
85816889
81821344
73187391
31490090
17276979
342458
75664325
34270412
59869407
8280641
49966128
18682140
5249673
97576288
72034221
4294891
9034206
16360699
26436069
95031922
64193778
92046340
31645076
44704447
10862215
52642475
10853406
65904894
9868195
47563545
74034703
97608610
25421655
97145748
61948559
70313968
85399381
47024785
65085280
50282578
128576
44469797
22216102
41764737
76702108
43460103
1637301
24369950
78236395
22338715
4906426
1835830
95940984
87909313
82639216
83800673
58761651
74049170
98505876
14884554
9366426
98678828
21952917
25793785
99959620
99688647
4064228
41769561
67664536
73252104
15301264
22447424
8506687
51598444
77827230
68284990
16339337
61217202
85757795
36977031
18063724
22779355
55754135
18472581
27065275
83182151
2087630
17598428
63856459
87882707
90415571
40991022
22644750
97210488
46892876
7648501
31102715
26936743
94476489
17524449
23699793
82138773
44542938
65932742
74285516
59845016
79140052
41862383
95647095
64777942
6766631
6188049
78229973
11266377
16025297
35124595
84631677
99917771
95598671
86720187
39210083
10959767
41438486
29410875
54275251
65079844
92036382
40356075
89146935
85208463
31585110
21538954
85384414
11776791
85739519
19456378
91873318
66904227
91170158
70007918
47779953
80876149
2986323
3630160
10954479
39011964
16005482
81607384
9978838
7669169
98966497
99178440
45417389
33733828
53445631
44900154
80214190
24077912
29436587
98645313
40263549
89933106
95702405
74797068
18112135
13822556
5847723
70995184
18543692
16564149
69753676
84740929
21724183
85334180
10306544
20197198
56714679
33949934
35174136
14088961
2084442
56028108
88772693
39128652
45848393
89427769
50246878
58259907
96804294
98182466
41839494
80565288
64952178
72319888
96969412
1625098
72094035
9903587
23873839
11861999
18508955
22678210
87311325
46648518
38021919
8017524
51694761
70030147
59572716
66417501
48809445
63970319
82430476
1211866
32048053
19600509
4446119
73887293
96641974
78708744
57699400
14378487
44654479
27890001
38061296
69014739
89977286
87356917
58941300
99593432
86939692
87883022
43134437
51877032
5258947
78823817
72792369
63943333
92629412
48544189
38920127
39916418
60895425
90096943
564641
21220636
17446785
46972583
38221948
18953388
17182339
88223262
90843764
9197107
54938292
58517081
47388082
94758864
59695027
20556192
86634792
83472455
23410172
42283705
64956138
24861270
99829878
6178175
90224763
12831657
91678711
90189245
30738761
18402958
23598660
35070416
46553895
73165837
88329364
7807894
19080477
92314908
67503700
93504509
51320884
45924800
70454023
34037715
48927911
92382947
49780202
76146375
96811951
41043280
76862076
19149045
40384544
33382310
36318244
54842490
58060771
90799936
65337866
5743084
66413822
10253485
10176036
31461537
57187283
14351123
11122770
11265714
62264486
84481794
45607671
77989550
87596672
78255832
99345355
47587144
54429045
61013984
77328749
95732853
10632916
35112383
88480851
62531683
54708839
92475955
50374842
79509217
37682342
2707638
98054033
69274853
81344079
31082935
13049206
29297264
2108015
73888971
55834936
26316626
67046147
20064517
5707473
24739248
21164186
76548543
86299706
33497911
28259928
99286957
93632037
97611681
96862027
94129540
78340710
18972172
56917953
73168272
85720
97098471
22123317
34626538
95057815
53367113
94372951
65766310
60040108
57524288
46171619
22760184
8139296
92259586
58953088
95899071
41889253
43243998
50393808
84512042
89242650
55391227
15557668
54047883
87688596
36605773
83954910
20660861
99250507
80415554
21852793
35506186
47192736
6995768
79261073
44380299
11410763
96229586
84798926
62787050
51212008
33659430
57078551
91323019
86285081
94459238
30467504
59890752
83509380
76207607
40543096
47231087
17045179
67026250
26203537
63602889
75481762
87344273
1377424
86549067
25381841
60525633
93262139
25580188
76530503
98084011
48816738
27484985
35005196
58782141
17586350
7390789
65193454
17751247
10603308
78405474
1877461
94174745
1199929
74624646
51363402
88488951
10195907
82548917
78167165
24327549
75009291
62814803
13291676
11211954
76810975
24038966
37429837
77604180
72822999
86048961
34630947
23819845
37616768
24541149
98616312
89977768
87641381
6874040
68464701
23140483
38188388
69849725
79330673
16899473
65862655
95073887
62170247
25680466
52197175
62062748
66429100
88611590
20759367
93384895
23213938
70068793
89565285
52278408
53324843
56938549
25277361
50358078
638353
38494497
55242673
17095784
63172869
41294290
84304966
6890183
89405744
39436326
62909022
88081762
21956796
84023409
15134190
832554
74784827
29806288
47493341
40434825
4879704
24686112
78192285
71806750
82053472
65464959
42316211
25322103
62518844
82009780
32921474
94180401
62102154
56352442
77840223
91481019
2355434
62070765
32686445
57845087
71018926
25299912
15182173
70675242
25451808
94667163
88060066
32033477
15356462
43363355
81151013
91089784
23819851
41166407
23035720
28852805
12677238
52759319
26073851
61997294
12095747
12708295
26337003
68910492
81886679
50840462
91154303
10757927
406487
44829530
15701315
77595857
40722080
66857638
1049938
11350791
79238561
44213249
26285820
88658319
74642302
54257407
82562031
97530137
84230553
35372119
24274153
48474436
59430201
81832193
2337303
46237872
5167323
17785486
89641876
19939847
55420671
55643099
75132387
13851241
34444950
87177906
92051709
50377773
69146677
85480184
80534807
61437735
65582645
38771146
63045658
45218441
43331457
50468952
78804179
66649154
61773379
96635543
46123746
65739594
88953403
14698685
54859305
86872551
30524942
30725332
20089897
38155850
35051080
40568294
91555405
99854688
94865560
59873081
71749242
59965566
14874705
79014200
9908736
60892160
6197993
19387584
20632291
67275640
69277185
90358445
65304020
57164540
76668721
93215268
94194630
91394942
14069004
74995200
92216948
91055725
31768724
90455365
87164009
57419728
64564628
18986349
46476919
65170284
40566961
66985631
44038644
32521433
12336445
58644630
48387375
93864475
79947579
22356144
2066620
68386918
91231957
87600836
11483066
51246924
18586583
69375512
34673605
97167407
85240412
23321609
22116546
91173052
63490124
6377403
42493225
94620697
92202755
40578179
34467315
77447190
60112068
13645354
59314724
7810759
23737670
18824533
15492320
63083651
68710015
58352357
82555247
87954085
13888519
35924118
83141187
94305578
11859141
57456673
83444794
25580676
44879349
10260826
58854707
55714441
62876255
75713879
26658327
46647013
68991946
3882468
53962711
47986959
18623903
40524217
7204408
46942421
59586281
94691336
65051681
93582815
26167402
87308725
84127341
36840797
98038727
34164558
43391328
49781562
19789195
91054120
10292053
27105431
22849158
82444119
41660695
26680339
18958672
89492584
6965957
80120224
49182619
90416075
78335765
28184014
40333160
35207163
36800678
62264767
4282472
31663794
32065321
91051214
36050944
64193739
60785640
23081483
5761787
35006636
21178013
23100663
32636835
87858879
65742640
91033283
92789177
28846266
29429938
8452792
16488420
93488204
87042811
6062906
73551760
56449890
54752776
23095796
95151479
86555797
59649280
49712978
30952214
37321730
75520628
99184976
66612452
62602881
15723502
54236156
49889713
52295314
5286260
70680332
22897251
67345950
15043763
53291891
63086374
1609921
88759638
34540380
52986383
74342741
7805950
6187779
66871207
48907961
76823641
97774348
67801014
53913726
49393653
64916645
14351150
81795020
28052934
40014522
89774869
50722729
96109755
17262294
58699818
70253209
40860918
99418774
87630685
16797350
94240311
8122408
30317850
49161364
57805364
94424226
83985908
54914442
88701373
90441304
19862475
98489327
34863167
42080088
47774526
9638299
64171436
27313383
10086893
73354682
18429424
58905710
15667810
53861119
91688985
60125185
67206967
98749447
29062589
2269308
91194390
58168428
20853217
31401620
43483954
87997523
37313618
12410736
36956453
33879370
38110551
26379938
54866007
95403487
19274497
99010035
52837839
63371386
43895010
91719679
42458294
72097970
75929044
84919790
44522093
94030270
94310222
56770168
29314252
9985481
48219516
69237227
46435315
38219810
11154326
796508
15440347
78269827
95070137
77591769
15569806
39538701
94257223
87807358
28884351
80104681
51860482
62366481
80954034
24616327
64290577
37036229
42607670
43060260
39167777
34037097
97242629
73919074
76487315
24454664
45012131
17155886
84342901
61446316
51054005
50572432
81756488
8914514
79267897
33544229
9307190
3818629
95404256
4038563
35028097
71058667
20281217
9275618
75974432
7516681
94593243
17658030
62321972
5519987
26552961
75986540
90244772
44525247
1079518
58136999
58620329
52024701
99950074
2863205
5944607
54567388
92929324
23162465
56516103
90208681
95623235
64944745
70928115
59514570
76159433
11112210
67254993
83490255
97328111
86124735
44964750
83137658
80740747
86440305
90285205
9089686
45083171
94976022
27612743
76562684
67313290
89867266
70644758
35386687
40219498
15699384
66073339
21157801
60070850
38718175
4371779
80689479
58078550
77012676
2339885
93882065
38812787
26447063
42324450
28651379
14189547
12822813
51432501
72353906
41837415
13448445
97540652
22603818
86923801
90725516
61330466
98545881
99090089
70145566
80081484
93558364
81309366
14531948
39657621
76497571
33854462
18160830
94213266
59632182
47322977
56444748
46606022
87545026
30785956
51629808
96277947
28720152
33800249
14887454
98865583
26521239
26301214
53767624
57584912
95908846
11586878
10298792
52307052
26206289
58925126
79680983
17980002
13621417
20755704
46411002
12951799
20883673
53655052
10993530
3652337
20524290
87956455
92574173
67243241
9944471
1416237
32540971
77719020
60325245
11878702
87281998
40746885
15717404
7674010
28334400
63158019
24186393
91791935
50510509
88577236
68802219
71926077
20080666
35749559
18581425
3086084
40800914
4585727
21433928
69995083
8082455
63906181
74600397
50592672
71083898
24059326
38447743
54345853
91313290
62585061
53537966
80641431
49979117
52829506
14657766
24889485
94931451
16166200
11686632
75991795
28284949
2676254
3993060
36568456
67799239
11878559
1832575
91810086
99621453
31696331
64076223
12739999
31171259
40172869
85762909
30942290
50592967
73766392
83238983
98269662
5912745
43817773
43754640
33231466
18961965
4462369
38043751
11993935
30806885
79349163
77489525
25539404
46837834
56289629
54232333
50004379
55163137
34735356
27832034
32916995
34118007
51627783
64170205
93819513
53468862
72930644
32141358
92617642
38283494
75028592
31927508
71615033
10755468
50006124
69168481
62468899
11620098
59918354
63348188
78186282
88018151
16294556
19168311
35276614
84774217
99132175
10420819
54556829
20490355
84091234
79183649
79304925
23691555
36106559
10791080
42236983
33907990
37004891
85783415
18513761
89023397
67784719
18972
91453674
33378613
92268596
42814852
46651372
72400024
6119322
91461039
2386044
67629241
42984072
92413224
33190739
15973730
84685196
3497742
72324505
14252817
35049544
70442668
46893862
68277060
17443835
71547065
35305713
37764147
48808014
67510871
85558194
22503853
50127432
98995740
35193164
13623616
32032283
5709612
80852584
15206164
56368293
50108191
4142300
15280303
30366817
89266670
72351504
8657239
28353531
68596715
99327970
72082254
39949728
17203711
18501019
43820926
69391501
29513187
29144330
80647180
70454530
68337010
29635202
5796576
21563627
78963532
75454062
15271271
50617540
85454938
12345122
41735828
27442959
48719715
84569703
70015508
5298470
7240276
74023388
9910549
30300777
73280346
14890581
74294882
33764762
46827362
9921514
62815073
90631173
19507641
30329721
36480477
21269937
43609128
58850590
26245653
25700447
43524382
39064062
81322235
93947417
93586301
75302493
19488594
38380195
30124850
75172799
85418232
34666479
2322196
38703313
13241177
88946013
30351093
10634064
57393908
65117498
60501521
42878155
51681524
55433403
83021269
43762473
66639383
1519879
9406073
41755677
59008863
71680769
58883652
17598193
62871239
7105973
74981525
79061675
85580326
78247488
4245959
39414542
75277026
52926369
88963482
21005395
81396187
86152331
85690242
1095148
6422036
41558903
53333750
70175466
87601167
40609460
42986260
52647604
94542348
25775353
53076819
22823112
18617335
44031442
63366654
31187885
39142604
90728304
2242957
37820737
38141560
17339814
60858148
17969858
76163373
96844658
91334134
97641647
74583195
20208796
39878045
84517001
59480348
44832905
40444366
71291076
1641573
31133729
59258874
91676971
63539702
41587614
36652257
41534324
11242415
81866187
86795086
42734757
86093502
89581320
54284430
33230295
74292572
79598076
46529148
65467415
1743496
94571096
46794324
86778731
39645602
84896728
55399315
33781236
91729950
9358145
16910135
40612858
40701956
19624377
97325794
36781276
48246630
33861681
36073585
29280597
25608935
70128592
34743614
33609473
78470094
51606154
66487490
62208272
77752189
54764916
81098926
49319198
81527703
78323858
35127102
50647478
71999310
16768140
59788267
50983040
97446820
54151019
5486555
67945852
66914776
28328662
81865243
65871745
83647921
72716457
66052957
70165693
63146110
5917572
63683716
62874604
55415808
75704832
58096894
88470293
46230547
70741772
95443150
35037595
90813160
54222135
61800790
17029689
22312104
47534699
76174733
58156646
70216205
77667048
38333433
90778469
65570518
92393166
33459636
55097701
31586715
35018426
55268886
4088667
62335757
24369496
60318455
71541304
40941713
75886829
89144181
58404492
24459822
31469691
63481388
47233325
63636115
22319874
41109290
15153966
74128297
78412211
24172248
2579774
71239342
5886005
39999017
47951373
25705339
91774610
89450564
98343985
56193381
95481363
81009405
16955465
19166011
49032676
40427645
56978989
95277342
57440747
26994744
73361964
58316184
66472749
19975614
61096632
32727893
79859366
80877339
16446222
97684711
85095488
56117689
13692045
27134901
35630198
76473718
32480812
94332279
19059721
12208970
65739961
80068032
90879952
92248865
98825614
4847680
58628082
47758219
61890357
28757584
43080878
60467165
7436455
44313473
1432955
9338843
87926493
32787728
51677582
91632489
53429289
75570172
75074052
18438558
4471229
5176860
33946390
8120356
58672990
53353445
5800315
21779441
85261058
57788849
89553933
98321588
24829646
21911808
9411141
86138030
55016749
32310341
77523420
39806582
9170337
32480469
98673703
31741421
53206645
96104101
83750097
18324346
89240461
19334775
88183514
43360179
79093852
51327584
68153982
7518990
24389175
69320137
60104278
1647140
12044317
39687663
1864288
16016829
55021242
65758225
50183897
7913560
12573209
61878179
60758383
1064102
87857113
75445696
38532250
39348921
60418907
10404297
35324260
11032797
81604947
52208870
55583743
27662363
32887384
56141652
39618212
70797195
63716348
80263394
546685
14062591
6425689
39896147
33794586
24953128
17252580
26241655
99413104
12439140
17505904
1651826
48550870
56771280
76519
83710244
12177621
44044847
81917466
10659031
78761525
21780816
31179688
50779659
62800256
80433860
71422759
17490180
59951154
51436934
68002225
12041477
65427236
92209130
78228652
99431409
22991606
78740269
63851783
37427018
27609088
19811293
89397579
37274836
599447
91027353
98353900
35158021
72768695
98590648
65096921
60634355
6597956
49482930
3576368
91355143
15986450
6249943
77758342
17754849
73592008
5412951
89351038
39130504
36757891
49426148
2743268
99579926
76510621
40650047
80113576
89215873
43309288
14774770
93622411
63989584
68614112
38214392
29043794
25309431
4983966
77745415
53877974
94011144
99090276
93185650
75427617
73003324
49547848
76360186
61819169
50740464
15430000
62516285
42560667
17227632
20472615
57673446
70922942
71963314
23493765
3269034
1426741
73686215
38269150
73152457
63343749
35511438
66298593
67315555
80469199
68053526
11456299
56443089
71709100
42194488
29196559
44821304
68420473
30492625
81535057
94294406
20458403
69710239
37723440
13834058
41734320
33790996
60273531
71215535
32462180
21474562
38248005
80423426
29983365
75498322
54113918
16291777
38863421
22600973
5919602
76828762
81566742
85279500
52651931
63275441
26183459
31443937
76490701
54288881
29704471
94183491
86123070
97513769
64122114
88952884
40242437
78503270
92102419
46226417
47099094
68561769
21127567
85220016
23062593
42808909
99167318
74152764
74013275
70323140
93269583
70616917
81188261
63808975
37256294
11241422
38633550
68197479
69066952
89652667
94740969
82140702
30747284
2195447
99160811
33917317
21326790
2063176
21114650
431276
72684571
9129843
16102504
86074876
13059673
72507678
96131664
91889294
14347189
6304845
63878150
27325570
93801841
3515591
19991462
83771204
36720436
67351495
65233494
81022137
33470798
56493016
61228573
19255636
51037105
15181421
36683886
79553360
13832984
14902400
5284109
29396102
69199030
90901999
99569843
29819378
74193146
84115932
57826722
62135472
56016298
82315255
86798285
73938304
6732612
55809465
58595135
15235580
46331564
13234104
70896680
30436190
37416842
22056398
22609522
54682741
85842120
81829863
37205725
94816577
8181540
25642786
32922146
73734567
96888606
3471431
35236396
70286028
42315694
48908972
63000330
96465686
16509875
52727490
38104002
1425957
26390520
92902799
88941721
93966847
79902500
2907956
4809557
74357969
92012336
21004589
13474325
34493098
94318015
48272332
40022090
36392523
72434241
52450110
12909755
59768238
99610359
56433671
28776043
13090645
4071326
15163363
84102120
44778238
39678133
56647545
89771502
83734384
41414578
18776610
81631771
71994381
63795404
54814079
72832718
85505092
33631037
39460577
36808271
17094970
19115395
94098114
94803420
3645361
62595435
28511003
51018133
90830761
81231093
37643900
67546933
10331628
13818557
62800220
9001430
67532987
10220686
42853800
44113943
51184118
90290047
3702849
91049237
99552307
13072332
75804922
39140988
94172287
60289538
62592984
40729383
38084586
84032034
32846172
41015692
91877541
56282422
95763260
9116268
35984921
9237730
1409910
94499845
41058710
47495060
3953084
26210637
13278229
2317970
7793674
38603978
14708552
30276245
27729335
18893237
14433153
51221379
45908431
52315791
24854625
45056763
20639222
90848100
812799
29716991
39575847
16465056
27126751
35802729
55681090
41325250
32846604
79378695
79244440
40048427
56989876
65075624
5985932
82815506
60376634
18103372
29844216
99663941
98510892
43170190
10035116
24390966
52102434
42261555
64233388
13318356
84659720
69956790
4499246
99527218
13013872
62561332
37916653
70732862
53721954
36423650
21859361
10187723
3287678
85064053
45372771
36982957
39387483
14121554
85578331
3013921
44721460
74776641
28725995
63708156
43822175
83736128
85635787
88803782
38308926
95156575
23670418
80992745
67077103
62808300
33709998
66697143
57610847
44117798
58077975
77846630
55044240
45345310
92438179
37220530
50624706
3697607
46834094
56039967
70361215
94512025
34903770
64780341
92199131
48752358
39709699
6660344
90880580
85743232
88011953
58410929
19089245
29411907
34650807
89496314
5939554
43354296
81873334
74255302
92435059
96870051
34619948
23773394
55036451
74378879
29184102
64313565
36771589
1553933
29257717
12562967
91313543
77685309
55470230
27511542
74450768
33408931
25244535
19844815
83818897
56084534
39978427
8555832
51180988
85333053
46640077
60006675
41586469
74297370
58906275
41036754
65972541
25114757
91484400
4745648
90679515
28579186
78342178
89999454
7835309
93676327
14533244
63738796
96490563
67232575
66047022
67484442
96532124
95746270
12298328
94376607
36215951
86057132
89373331
98511677
61446893
9460607
20528425
20764222
8726645
43526755
94405595
78120459
45949336
69332926
37350782
34411995
90100319
91398711
29162939
35527394
91117035
5335358
62683759
5757483
19404564
16421991
29435645
40251544
48815291
9052746
42489111
23094977
51061210
26295056
30969737
15761635
82471858
9224956
10311140
97063083
6748629
14496077
79384120
1768808
51875443
59928887
2197486
6405097
39348972
13229358
18084061
44964951
21545980
56472655
7306131
38540816
97743000
50775511
4019769
16291391
69036200
77381847
70028265
48367861
10540074
6273950
45548975
92239277
21084160
41854363
16863119
1613558
40753853
23403050
36473346
80281846
65165153
78828764
19671589
94978760
46619684
37561575
31242841
81773969
17438784
51723308
15027913
55051759
69046170
31205486
40351160
27602096
44470285
24351854
74738850
64216421
88071715
52139184
7950599
54927805
59892660
12107999
41136402
27728780
91285717
64473779
27641706
40476588
70849500
5877181
50781018
45997509
25741261
11790422
85172892
81575174
4088955
37070426
57366938
47613529
38863396
63768442
82046728
23603694
17792097
92292461
78251860
66956000
15408451
1530615
28947646
69934105
46271606
96480241
51215569
53262473
87502764
4551199
90534657
72007877
87548404
26500948
68532664
35680235
52642600
55847194
14919378
6593772
11484169
58135235
73082887
60870344
24028584
50872119
30983244
73390597
96144926
66389778
85004166
71185065
40808509
56474591
6346742
73162515
31101829
62921891
24095237
70495294
21638332
25832560
24571098
69447941
64574176
82405556
92242706
552105
70896173
90454244
44272469
58956765
79249234
76317381
54332107
84127979
8412922
89436863
96566491
64032712
93880023
9472826
20719030
57474474
48518886
34068070
38089072
23233712
94867065
84213783
7288345
48195640
44024393
36536559
7627376
38943978
34439122
45641752
92211196
13766155
12730868
35901373
31320450
78460572
3005241
27959941
13277236
62226787
48935978
63823618
61191747
4660240
54086571
10484052
49730921
69637878
70743535
92026628
50280591
39382490
43737586
11489855
6022493
87001613
28505030
82913540
11691797
48171761
35764412
34816188
93664334
61213186
17583509
75859871
89556014
55171518
56607063
97471333
94772504
18223108
29368082
50243114
82762218
69457499
5262469
3368283
54344818
9793742
20548985
74066832
42296190
7910573
59679509
41463449
15405584
12555466
81132141
40298853
13514325
88995922
2443498
75743809
80278431
88250057
35320404
95006856
45340059
46050112
657514
77519203
73311842
63205580
14924034
65809988
17100701
9059940
88936410
57000751
93198286
69017444
8683357
74122122
14779841
33125971
44810424
22853986
20756135
99809279
59404385
33913138
46672120
3836447
88693547
92327868
35366981
68479864
68477437
34655378
24113115
81184817
62853788
13496603
64821464
38457586
50873683
75558183
85218368
73813481
42150887
91610993
63353259
26392823
22202432
59234942
9825336
81111875
52803187
14866735
1278835
776610
59965412
9212141
61441932
87714173
84768226
97724694
36580850
26511648
52759180
14721453
4944503
62655661
70720785
77703226
68363747
74334790
84422366
92519656
79335295
24494335
65750894
42660216
3325867
56927390
70242101
79174318
78041586
2406984
61175810
60576860
52565838
31163302
52421374
19108916
67802831
61325815
55745976
55770328
8809161
73506721
63363856
92591427
88161418
92050006
68477905
48055679
79231383
98911560
83507766
66295079
62990044
98324642
52544291
81529189
79391416
63504407
10163930
22141992
25015320
33489420
55420862
21239885
3629859
3504826
82944093
45856707
21456048
98685759
21808322
44776808
27209577
16139209
68035159
78852796
25130390
91618406
27699938
21575424
27664999
2353665
70033930
47133541
69642887
36629089
98817012
76878904
62432981
54944351
36346534
2573231
12746464
41391706
14944251
85111829
17919424
8280164
27524752
89337718
25553730
62457220
95266822
60585992
58171397
24525762
57741184
66541169
30319626
82457370
52427756
68874558
11055825
30258654
73441117
40540503
47259928
47281943
95338185
23774089
33524966
71751250
35437000
71221292
64999780
6151178
63727418
23926447
77342216
68495706
95408216
51418566
42615148
62510154
48275192
49164154
74428484
41602984
22123169
23046672
38924522
16148160
26879025
17460784
37187706
74978632
16631119
53930039
63317934
6157204
5277812
35576135
35186424
25206408
3194671
60794803
19084363
3232074
4455244
82764454
56572885
69028089
33429308
1239147
10246873
48191454
33014505
6902693
9702068
27281320
35067727
50792195
91255713
62726545
87692552
40145905
65444399
32954024
72008825
58624512
91541345
95445913
94745503
56469550
10295369
37914317
54851227
4703706
85058518
82762860
8857457
63720200
52759506
48700911
78573221
91650856
84807963
33261319
50158825
86640871
22315507
20667378
16814029
84958722
75856715
55118992
66597381
29124895
46375858
74906106
68199104
79451268
81646245
36933415
51029434
55037484
79670568
87487223
98664252
79396162
80237393
94929989
22849341
97184527
55626803
67529380
85298985
64270019
49512620
81253189
4574050
11695228
18900318
9025809
98790580
88292769
8645622
54991621
73457248
75757530
7244263
1055616
80905330
85100618
22937845
26520108
39071509
39364272
79583168
64614686
5184205
13115141
9680685
11573046
81455429
72056531
41085011
49534629
16089211
19912932
53618272
50196930
48386254
13244175
59327806
87657357
85479273
32177741
72156036
23590317
41932040
68122416
49062199
52410288
61970908
45259963
29748576
45177964
89546475
40660791
89077041
80765493
69198179
32344639
96522062
71502842
21485064
10222805
47527856
13258194
70039248
9979380
94419410
10529204
80529791
49843966
83899722
1220576
58410409
50089073
83110153
91470232
58557859
78598425
44232719
56303819
98360710
61573378
79002037
50441355
37001841
48645679
37112069
69864880
15198572
2879887
49593033
83143670
36671958
31408032
43181302
4434536
91703576
18582915
58015250
78570399
34681538
82836432
83388773
62506077
56734472
56833559
9884056
43437186
11410716
75032885
65370836
21737483
80353176
46213257
18250696
23531919
32585642
83870478
82989990
79166945
17348959
44053133
94915453
80778091
807879
34838412
50900938
8516308
31062020
54590852
74470724
58515217
56463906
24216913
28858483
22044226
98677680
53002385
82689220
50376325
55442450
40888735
61238665
90409761
76821660
75082544
60840134
45181973
97312083
6674461
52810316
80629606
34256383
64644511
23416063
53789467
49414560
26548892
50651324
47321900
52096825
75599443
86422796
12011070
28631426
34147732
33460718
31528164
8327819
11259747
425889
39002887
54967286
88244884
25833739
63065539
86166932
91900389
64412925
58043936
28808504
23494687
56128066
79465665
19938064
32545207
12465945
18007971
36407771
58621578
79503514
88589256
66028554
55271664
43225834
84773862
9075644
94541075
99010357
63859703
42818023
34318567
10770028
5748676
42123426
51102532
31612185
78769892
31164061
67662453
47887347
97507392
81754893
20625309
54402628
52734410
15208169
74813187
78011538
23420032
87165322
13891850
58417518
76126082
25648913
91901121
94252713
33419846
29040068
19660566
78104777
89154951
11073955
30469490
66997506
87104530
67207786
3521577
43463460
96738394
11951054
10545170
66214616
66443248
65383629
39160430
88724542
11467463
84674150
75452974
31492862
3987251
31396338
18128849
22675338
80668974
1494560
68577330
95938607
86277285
84442339
24840523
31103787
88699732
46827456
62378363
85542847
59069712
90601170
22388432
98092377
12524873
2290209
4432758
66269927
66196798
46952109
53042403
52836819
36136354
37856440
16909527
83216251
94564894
82466481
2700085
49373684
77057070
90250584
24066850
7812154
48415012
91307243
15942005
54519410
8339361
70180264
10377887
61098105
33034733
81940443
35626608
64567216
85775004
98376063
18068473
96362375
67795728
60257637
5563162
87053288
46025671
13462632
62469815
69019805
11495956
11570628
75901990
74040031
50705445
59821415
76366221
59145063
65540305
11543928
883278
69121598
26372233
46792052
41833223
11901417
31478894
25942860
26055213
23059069
20130254
43298075
8209361
37491426
39803830
20189089
62283467
31680346
19537874
5892367
16530849
80527382
12901538
94131958
75615198
99849478
70988908
90073883
40275624
42262376
93269193
61586566
88725633
93587372
7012783
97288378
14516782
96854987
14517727
90989825
41506352
15917957
43660991
7088557
2601034
50352370
53900821
52387149
70878693
69394163
15474006
41051692
78197081
5410621
81084313
28648749
76049761
64943131
75001674
78753137
85576143
17535005
11227081
14173519
77266352
49011104
82798334
44287012
70787795
13234925
46453738
2370441
48158519
20234332
15103687
24604715
16622771
23154204
70883029
20668234
80646932
92992145
95057203
93414491
13937159
19218473
17907549
93872003
15746979
75675457
4422206
17767533
66618837
12670084
70749436
45106258
46906491
44628011
50168608
90724660
75282145
5709641
17677066
76453517
18975316
25087079
7638324
91428789
48674776
59496293
29005943
35686405
89552934
77515828
2127402
32844236
55108654
42507874
94285161
25624528
75926487
56340432
40963065
38695530
64780505
67043459
60434959
3477723
84956880
35007342
19402570
45258685
18873588
55226553
12452584
45725881
34729590
31083306
86686774
23456273
84061993
68467680
23493692
29326307
34077713
2767338
50870587
51775415
24292723
62429232
55407207
6749294
51720420
21149055
28818401
46909553
15685683
97864235
8118847
41016840
92456942
56250395
30296298
97339847
91829172
8283949
81880458
97467861
69747172
85588292
7936996
22543708
15771935
61625309
91957344
22511065
44469884
75835902
56110663
86510592
61943684
58363941
61948996
25452732
51666667
69950685
7442231
12285926
14889556
17306980
70926394
3243644
96540761
38285889
71609746
8935197
82030948
24356939
12439245
83186143
70962718
91298894
64177274
15530503
53337419
17717109
90058839
93980581
33527412
20636282
97135405
97347777
42746124
1240558
69002534
14946595
50930645
61925451
94873963
93608101
92775076
74103440
46190265
17765407
20510658
97852716
87753338
6485134
29509185
5681000
19929056
51097792
30031498
54508707
44325981
36921363
1980633
95466605
93216881
98501838
95121738
90254728
8432538
3312029
71645648
48377606
99507200
36181634
10182508
57063428
81057344
37588539
84000326
38305904
97642254
51651979
57996904
23359146
40460736
30058403
61516153
91182454
89410809
66393263
830351
49436941
91304715
8121488
98581534
19402640
29065556
17551366
30182318
77979828
12684766
79065146
14311202
68264577
40028521
50316187
42146446
79317121
13026850
89983962
44605024
86745166
63060175
9110580
1905501
92035200
39474665
64109639
62375677
81304962
78486867
21237445
22219140
72876834
42487704
95108099
33335111
52829268
44280656
88025436
30248608
74385168
86920654
44590994
17054656
31953522
92140693
42602673
94377643
57125548
56585254
24078426
24258077
34334150
91648568
64258666
35231640
77966398
202256
10070270
38038839
63393590
54505997
67109357
91348538
91162331
57928548
48558914
85875925
34529066
56056163
50450311
954516
82128467
96051840
9179231
2307440
13971327
88410771
69214255
60402106
99928470
14501294
51435902
87883224
72169975
87672010
80627495
43005435
68205498
44419827
80267819
73642528
35958466
83213363
66196328
48220590
46823442
10462581
16242616
85080137
31541709
73769014
99900004
92516135
71401958
18054430
91256228
39227766
12041444
49073393
90667071
46958824
22386613
45710467
461652
91095943
63277458
14555983
65186628
67497065
62958640
5202944
23737615
30425119
1529483
41532135
40960246
15085743
44859702
39995615
88795135
99624807
88377826
68654230
97522241
61259780
78222358
78291365
16197665
85958845
93822071
18434067
80589587
98426285
95488737
64654813
28367820
36649502
64518069
22140261
19700569
40516677
62530459
53279652
2989556
33392389
93452413
81595811
61967843
5117182
39905363
24650175
13333211
59946717
67523517
5510775
79481877
8815538
14470939
5626082
36372721
793476
18167483
32638618
72244388
67390137
33178474
39613150
70050376
38530971
88668315
22255059
31062651
77634007
54028325
39236507
74123978
46616083
24715920
2801364
632111
31802263
26845095
35888520
51076869
17557133
54814112
51532214
71768426
35230915
776457
27389911
9667213
16971093
12564196
98577854
90564290
99187638
50215638
4430930
43810383
98490716
61841979
92835045
16474270
13697531
94322947
70830105
1107621
61931288
1915332
69596246
31801238
81039760
59964813
18047556
90496710
1318280
99313651
77318566
71813608
96117071
58504673
60970233
94973612
49002634
58903762
13214751
83386028
20098259
77014944
70538811
7763023
75043960
80267179
4451235
27306758
33249102
10447799
66824695
392062
3160142
92877082
25258175
1029131
45629560
17140249
86849059
95868890
56760677
60544450
49217235
59154092
13180018
32202664
98297299
28083081
60914557
3237167
16167197
26208594
69779869
12957712
5869531
55812579
91372814
57794911
52981087
55969375
77650993
35735817
37123805
19734656
88066612
64435596
46243367
25482788
15712999
86253925
47800091
58981965
53275282
85293942
26132165
44519572
99601549
7262346
57316085
64442923
17676439
66604561
30193490
18220051
68087790
63341914
27168067
78311701
52068973
51998015
68503099
39135048
95892867
15076694
40026354
46336689
72289204
16995788
46060961
4047580
17356398
85361893
50264667
53401473
35511222
61698188
47409261
33881432
54086190
31180539
16739358
13603672
95626519
34904804
95647547
21777550
15149271
34299000
86490127
69559059
40435031
59293511
57601781
26228183
75101926
73561561
33943135
29286496
21797657
2126328
86772904
94326133
31400470
43539203
25600214
36942659
13968764
10952720
36497276
1066391
40067891
914422
66818320
5417322
70462697
39751948
15630683
72003869
47815593
93698349
42273394
28890739
15982028
9744103
90584309
23814809
44586854
89818587
35886950
38230166
79754058
88138785
4685041
874724
89846084
64903530
25419274
94580708
7680223
80294228
89947669
85241456
65904962
18251138
93422516
68510845
73318596
61772127
50035271
87133350
60382284
46390105
87514330
67168115
17761908
56209336
514388
4688757
76928695
41708423
94378142
24395041
36345537
26543450
11303106
97792699
52141447
86780857
54290639
77477039
51786960
63769294
92530320
96237365
96408443
76747714
27341094
34178576
37497111
97776723
28212713
50187756
17715103
16088737
13052354
45833950
66769259
59018027
76444634
37455503
98199727
64089641
19490496
88154605
21206200
18746775
63990771
32256027
35067850
22189413
88725100
397900
5188467
73747897
3863336
40671949
53066026
19629226
37790034
46537367
7615613
58997363
32021411
70949271
97332258
48816355
52744256
8796372
20580290
88592258
83898463
48708341
11003105
58834091
29339579
32377939
55508170
24644795
85634199
92561714
55589954
87176388
56956842
69333373
37604986
41761145
95195186
60956197
63695309
85173767
12310667
99121920
93415115
33721803
42594539
22957287
43861843
34779830
16115492
51101287
56128306
95038134
24252748
77862415
1346542
45473640
55827218
36409637
48871139
34307632
97041077
1695030
93616445
97319913
53067234
86311796
87156050
62258218
50589904
12436261
83590672
63553687
31261822
87814545
96062030
70170439
47065758
66043177
17038316
32365129
27932948
61774261
3605112
12396112
57064291
19960138
99341331
61087455
16066337
6830772
58902836
72204469
82247239
61545966
26440141
2511227
23181104
99091942
10096232
75779498
20095777
60008684
39011171
44647965
71715511
34902444
31361487
83980869
78995948
19387456
94955393
30085611
18862966
80327616
65122347
81032493
33148482
38562597
44036297
67712067
43533019
17551558
93459249
63922657
29055674
55021381
62148366
18337737
46001505
19856572
68395850
45898744
72182607
6933154
19966987
6272905
83185819
85364984
99086306
18190301
65809883
26032697
6309261
23430947
84193502
48372110
79902377
34532551
48636091
10256143
64664703
52355515
70594444
12408368
39774010
1782596
70961105
96057759
95029210
72326912
13149755
5173303
26705065
55219656
13837245
43641269
5281225
26906159
35105507
84069304
70528453
98113676
51548002
64406722
65433850
44530074
62903146
40194910
88938842
22460295
35622260
1467447
78971750
71414723
67464920
12034109
56127493
8039047
14480913
99093015
67526974
68006050
90122012
76539079
45961462
2625148
44676621
75453731
85103217
91945013
81897515
34428060
54067934
81596451
32056848
98025064
42879507
13831309
31132166
21098057
72686715
98269279
780368
23238669
62622193
7300872
91921905
8706483
50455432
1277257
79693922
14200966
80747467
21696079
72620116
73082878
69686863
22953684
76319780
76388102
97745884
3365820
43722147
86571102
8230746
37105196
31303437
31461121
33434364
86078437
26424732
27239899
24973853
28485718
23195054
88118639
24217896
42656846
57666094
78032050
2937155
50610047
62293966
46952490
8328898
19567444
30323049
16196407
84348651
92335594
71509617
39353902
17878493
33752692
59311462
37963828
44863949
37245181
61802307
84757512
29862441
91444875
21920029
28121635
89540372
74126911
82086941
81873592
65579846
71816200
38187898
50041092
52247033
63107855
15830860
20002410
70623402
65890819
39643566
4860760
53445859
98617960
67939135
73728186
68406013
5843343
42543563
11918882
47180439
92962901
96980011
99515296
39354157
10688689
64817879
90855748
20645231
88947432
98158431
52954341
78978867
65748062
83650710
6043288
14807677
91888053
2994337
17251669
43113702
475138
88000754
78639569
53089288
69247281
52719397
16096855
9772937
4045346
5289418
46801703
76174169
75295604
85575938
84170000
42016714
39188292
47616548
55492786
51398370
77255570
371688
6543608
24265293
37958730
89603912
18837726
3133016
7384508
12565074
18010901
99201301
92425615
6790644
71924054
81264854
51796080
3801186
39745582
80861056
34869670
33855013
8583954
47125766
64589091
32102858
35305681
17373578
86934946
10033900
98467770
69396378
54978819
60013800
37174420
69602353
60140162
13570309
5508741
14385541
82778134
32750188
50526381
33912076
65344537
52740750
49343077
60199564
14611319
17868728
8009214
43207708
61446292
74794887
54819744
84522278
85519264
41368468
1397513
20461864
96425861
9293523
12551071
25055
71370477
67076470
71646809
16938932
55016661
68180767
64379632
7015937
19630702
96582000
74541331
29034770
92547058
58600386
94757969
52807408
67193536
28760606
48595380
61132273
19088477
88189120
33299934
2151643
86604261
69370032
89360697
1312206
75625177
84178429
59138313
79972950
58295676
73843548
37943730
98058906
22560414
22396945
74565751
79712652
94898539
25457168
63034564
37767213
83690184
15616978
29096217
91895239
27061885
5859742
15283849
56252990
25523946
43500018
85441929
38794103
17081916
11740481
8330912
60200743
30481918
31446178
2074433
26956320
8292613
20338246
83525265
81842669
90361118
98939030
10061639
21463001
12927425
85469289
4854468
17567885
32407336
54604009
7221569
5186258
48167646
80810148
81838624
2120082
42033412
41069034
67102450
61944928
80549557
22986231
48941226
2575193
67279206
75692452
23017599
73923072
4791158
17689227
65958661
67751428
82886400
73706924
12632557
68675038
88500958
94382830
93127936
22182206
25357233
89611969
55049995
53388596
61831576
52095833
25901201
30562512
66526907
8150337
75785145
63523067
53293334
99811602
18561269
38486049
96689507
80173007
33854185
64308612
96952987
79663909
43824637
83386102
35800246
6016373
681806
76002498
55053910
23581267
17824615
19151864
43855123
6766031
20122367
61348659
7825706
25113027
30403795
25876546
1768522
26423070
40365321
81654023
12130435
68980828
33800693
2192141
90346699
65636081
14092148
50514538
88230594
15868379
35228174
46424535
65928153
10938687
80715387
68436233
21723482
15997237
92617011
49574390
59316521
19642821
46277483
36739414
99108673
8541629
4724469
53079089
11845436
2175582
16368636
91979016
90558532
67153396
27762504
19117859
20856055
42213752
6943652
12517733
22899164
18208456
6129017
8652696
3941489
90441275
35793458
42348066
48835233
84216233
15746863
50493440
70359420
32303768
95598261
32190015
37090909
65257038
94484305
99076769
52089070
82658714
508868
17302323
85813797
66292073
68490527
5896169
75768391
42045780
75299555
69528475
66266821
575800
32286980
41109449
81505495
5830484
5681924
38099785
99653199
77461845
82681458
30536253
24811418
66367441
89294004
97435743
62855278
49719911
73247214
9385636
49705814
41407106
22669394
58975496
31885872
5197360
65545927
70153665
78495863
81851978
59469388
36296348
10995056
72964174
8555331
98439204
78272742
40584411
81423680
38954707
71873836
65874009
26162610
77830543
35947567
28661701
41526683
34609714
52120923
75346430
77437444
50282604
64200141
52955573
2987598
42927130
79677323
34950165
74276102
82336206
62152552
4592308
9640812
7014755
9954829
52632415
2798109
46325414
81769698
58981822
93749967
92783210
5830014
89204599
16181735
76208436
27071219
99635002
81318674
24462824
79033949
57679838
65106826
13982618
36847981
23880814
95026679
97665419
69073898
19820114
76310054
62990803
68442317
40010476
17350171
54571444
79337065
62418214
10767509
3762077
38492967
11092764
78627301
37301326
33419759
58046525
95198434
16361406
64183701
95549722
22982291
9738869
11614631
7419763
51799560
94074293
30805982
63467172
9575887
56095102
4184282
24945893
92929994
56260473
54037958
94102111
31369197
21402199
93979658
90677298
66784159
64068520
68329620
78460609
56324910
46462969
63974237
66731836
11147396
35923102
77405688
29787965
17862027
96622550
20056962
5283463
70463989
22595908
79417514
26883255
27162465
97633274
21248665
71386624
99838431
36632075
19113410
58381386
99929307
96903302
43031075
82673710
33250774
19738829
81515048
71240205
95446745
49398601
55548904
26298388
99183754
24289999
12365327
55371060
26901513
93562793
15760135
28496361
48816837
25862873
16894696
9770388
17967629
56573131
48168194
20155928
77568809
88587855
88069874
7675171
8686913
4437758
36468339
14173936
16049867
15198893
71419826
72370913
61134362
34572280
10904778
79670769
14405009
5724200
11787740
91004194
22819591
35840103
92541487
61688435
58287630
73070
89116840
20103563
4555560
94764793
9918244
64781616
12759540
36784739
92799245
3151982
53216752
26886431
41896634
16481555
90711955
39483532
92528002
37124733
528963
16636033
24279243
9299798
99752396
4080599
37262766
45789944
25651911
41735548
80177918
36514590
6043962
57815975
10567032
53872133
27581158
26225263
70887835
36939158
49097282
1578294
84506811
94818013
23561699
27295829
46926246
35441818
5038101
89674797
14754719
43175295
14568246
92347087
17125021
27797557
15901412
49614308
58806033
5744676
85069344
35189080
45217795
3825854
3975570
79180082
56330179
44138035
75147559
87757015
13360721
97198374
43542618
52213363
7446168
7365534
81439756
76691614
92897921
56699043
88019174
59787036
84315159
84286420
66400097
17084768
67624508
7620044
23908026
1882107
16513743
55397993
47715632
64891579
88380922
1215220
15978747
3676284
33542190
30992888
351627
1960108
5413976
59955721
41218428
68808835
11129353
35542746
2010833
70478526
14129603
24948407
87458665
19973484
96139735
59181336
91489091
52017534
51345627
70451732
7169793
18715987
63808589
55272928
28245055
36869466
7357524
86136296
67669804
63283482
29091242
50027033
64614883
38820820
46223239
40675820
91232963
44833062
71616309
76840459
80433606
64256091
52099181
9694224
16266360
29421199
89717578
83094226
38987449
84153429
50711601
30931432
67185235
75935038
16271913
10019779
26944472
80151801
84459757
85079159
15152536
2208609
49232164
67336490
45994204
46798756
22027684
50552241
52589396
62179242
84837758
47557718
27809504
25735219
7671642
23512497
47089668
87165914
72328902
62054819
28669329
96537491
47121959
50916349
95536253
84884313
53137325
66375569
26892655
11178606
96700317
76605673
17701956
39531874
12183787
34709750
81857395
39885774
25249700
63124589
72107197
53349124
77418039
24292003
58297198
97482751
97211106
29752366
47596648
33676871
57802684
85811314
86397633
6471430
7302878
97931194
43858683
346355
66852600
17217995
52484848
60234036
89891600
59922352
39108990
89541494
1652440
54085385
69612926
64799005
55590869
2806710
65446682
83200469
1135536
90234325
36174337
58375763
14576419
39281732
86040756
77391761
846627
19128949
68609399
471403
83763865
88774855
49608941
91153650
54293719
46674841
50533894
97099572
93506635
67085160
50966462
79596561
39675884
66299713
23239435
2392904
95399594
36604991
66177441
57320510
157196
14771637
3661410
16515899
17273182
48765173
11414970
65190248
43932209
36247590
12783457
39047734
6054905
12073347
36530780
45757741
21075495
48778208
99143956
5349983
62633272
59663135
78494818
34779911
89839440
33418056
59081468
29280281
97579856
24816212
25886803
49225880
72855868
65597627
17880595
50113945
35935835
18015105
29561406
59214817
13393212
19596784
79116511
6150855
76360465
38405157
83333487
27310317
1844383
50506186
72921471
11561804
66546727
74165787
70164716
17713332
46744097
66914550
16019787
25984954
1080906
18944406
4605665
99399015
21350404
18627142
1977325
26874125
50175059
11031176
26754089
83019627
9533724
95941641
38931942
71177897
98203177
6004580
66076730
45451179
4234020
35900295
45354136
82809752
90771507
48301353
82248326
58655725
90541823
75002245
95937233
5294610
99973040
13527813
30256223
98736738
9256694
84739098
32326528
36826502
87587852
84950954
9644377
5260176
74625061
41197987
9222717
67085335
96973448
8706489
54023314
63253182
97155467
46915336
36447181
75935545
57068776
18300151
26448559
25637712
82617561
34048535
18108408
74102236
45461199
85718170
53614366
36979068
89431190
55657125
35503178
60509483
31666519
40912722
79592462
76083153
85555408
26921259
99032132
12190067
70800326
69881085
82646157
11673307
55989213
25829868
19843864
64521080
54661080
29642338
45755500
4386514
48723806
40480955
15039077
61648467
68738007
35180908
61103944
13176210
37416163
80759434
95443187
53686326
77463739
35762689
32667042
54716209
99680237
30855342
27519952
15048617
96668810
23809866
7035952
80486180
10338891
82108710
94047301
28524345
23684617
7596637
43175946
11834741
85365456
83815202
41035739
49917853
25543081
59188332
77364151
18511858
53074200
97506838
95178713
26049838
51854609
86794671
6447186
33053654
30911934
79427888
36133680
15055162
9222909
89240960
14539121
65209377
80788015
50781658
7980939
87483191
40487836
88990596
92269175
85091585
72356635
34219499
65263968
4957018
5582159
79023662
19239114
29134532
86612553
76498432
51869798
79230993
42613618
66876051
55896223
6924581
95199563
95548369
15099536
92466403
72263472
89193617
30232930
19876533
89186151
74815372
27460190
78067297
29243352
87071593
8370033
36335273
59527896
58808571
81725586
4264729
24214330
15597408
37944667
14060452
52906728
33125799
62278810
51125557
36220518
34113875
39026945
35909563
29538540
93164376
56761198
58514738
9598084
51311989
86290438
57024723
34805474
22585681
22834261
96756685
13494115
86664733
91962513
30587741
11867025
50997430
32133296
83786649
11689363
87364862
38291671
9470782
74643618
42952113
93423354
17378483
46921240
6997881
34526914
10791260
98405410
92910940
43248872
49879052
64242500
2470839
60658958
22485100
751677
21188178
62743382
64444010
19314071
59882076
92152795
15903571
9077005
43818135
58603970
56685866
38628778
92801100
49963166
17354301
49198564
5139095
75484524
20766240
71628139
82215643
9895766
73238463
31689036
14731215
37374252
56085568
15217024
83438820
13739374
91254348
19650369
38915941
23348354
65796591
83195046
86694623
51465153
95058805
73713322
43942485
34488268
70181932
81634574
80714193
35441724
65608177
41005008
27312192
42425834
18660158
62648156
66505092
59874524
47130471
88525227
66063438
81812702
28732256
94922148
38170322
71827838
10979029
49685673
53604603
21048500
99248217
31393936
12753712
95387322
60218543
30023438
1502315
6122788
10716589
4159979
77520735
26248902
27698858
85077369
92533063
98162981
35217513
56075851
41370476
94295747
26413114
93368724
68812196
70028506
98940684
37514646
13786229
11619640
74070164
81168437
32232901
83217768
4125722
68407316
11942011
25929118
11875288
82483822
16998178
39305294
94995055
55824411
75475902
4907170
18863819
34698020
10872400
54862018
28689323
47099110
74971223
52931813
99979369
33889634
46849181
16143316
18590748
5142950
14354505
55601162
42378153
37579172
12115540
41959678
14624490
64720500
48755269
12606293
5966034
98595039
36035005
41043566
39023705
68157703
34468830
67498713
24801343
59124886
96035479
68902418
96518799
9940806
30666987
75469684
78792864
75572077
77720162
73881022
21314394
34277207
9497670
38989529
35962210
45499586
7550863
38640102
28224263
70934623
18076467
72102059
19207138
19342562
99689413
7343220
10900265
22776218
46325326
40216442
46296607
86967765
59771488
62193586
59009944
23327703
30889942
35283335
92330834
89873568
15029207
53321022
75904645
25632834
30957346
44718194
54740947
10422252
70574246
38482908
92923531
80837394
57742810
84478881
3597556
98871753
94236713
28415663
19079058
23402705
64856088
63087655
5860651
87696704
11768218
9296898
32622911
65095642
28791347
28400497
15819654
60585691
20098177
72280660
18903340
84078449
2521657
67713249
11603100
23053186
51695754
31940070
99585366
49867586
52268636
26059342
42713249
9299846
53819260
88936151
77513530
67388158
24384481
27404046
38596812
16160753
73792961
26052504
87578893
9386863
52854209
9379318
63340323
5325814
12604074
94280924
1363991
53601241
27531528
75778583
49371307
1026689
25559956
64315368
65758478
32031669
73004957
66454634
59164088
29576532
80668933
93058529
86210705
713431
41732105
46371241
89624018
19002708
74332321
93643278
45355419
4993495
37430615
221523
81592578
34766746
21390648
31812405
17759386
7227211
47469631
10382307
83520396
8620430
86364206
17421546
88538788
52752943
67126106
13180005
32731405
81035884
58357336
52979708
40070327
57995890
1347026
45683790
33333483
70414343
89747308
7927359
32455625
46566719
89385020
47279555
56174459
37279525
9319257
752166
35433819
53427126
87666764
91656072
56919654
66846816
95859864
44534873
54232435
64420337
12698668
41019127
28060075
79135207
50749944
28737991
6609515
61826554
87585216
26378706
8703105
12108327
94757375
2948919
98829045
64929460
58457868
32265429
12191808
78062398
17305889
43318508
73290561
10018437
14663134
53965280
92126010
77457809
89610763
13782805
44910010
44092534
91959113
2582040
61073153
80793022
12707068
58664264
81054990
12844466
50507726
74997990
61923612
41188579
38349550
11540813
58656378
45466873
3993658
93926301
88474859
40639621
30629553
47765711
11827602
41479525
14095136
17637833
30502116
92889589
42148939
42860799
83127533
9027188
18597942
15701415
32168515
79556768
32862379
51460147
5511155
5431102
46813623
21378000
56901987
6063402
92623259
73010724
93345900
2820492
93800326
29390244
1469991
18506491
88696616
48421482
28200640
30011362
55350088
26665058
50362968
9192125
79910697
52248862
12079955
57821653
56395712
98511703
35786872
87109547
93190191
54217380
11948715
1212944
51121740
30916729
7923319
58176068
39172170
10885918
81148106
22726590
47505693
21930495
49345145
66104318
53848140
58810384
67087209
12059145
18333479
57915955
70260036
61966119
8379797
94742250
860146
1149734
95767344
29089125
1090256
71862157
74460475
94347778
47816507
91983874
34310981
78629184
82586471
16987634
10238380
9152690
43083038
6238905
2253649
76479533
65116389
74128459
80695515
32963938
29347949
26947420
42329157
58550383
90650407
75656528
91553016
41779391
68572776
92304471
53371890
90902727
28418906
29193557
45316889
31268000
37092751
42817132
24151653
59101825
70727782
55951221
76153256
28290308
81104973
43150495
89158455
65255177
67939611
117936
57834632
74503337
27532334
82295295
14223717
59940477
20387801
11430835
51424072
65881216
91906081
83192627
33486583
61946630
63996712
3154264
54389993
97695282
227859
17608262
71349282
83074683
59437437
87953873
67460838
49655557
65643423
2981813
95886874
4000180
86557664
28218875
89612333
28061430
55205025
36726779
8632212
33266576
20334595
4225555
95971933
40375102
92897994
43050789
47612420
93058619
80391936
25611999
69149441
86852776
36638133
63681066
46235117
20508442
4740600
39524494
61382421
3869763
21694531
73076652
87025797
69802243
72640490
94091310
84077846
90916256
40235429
10162589
18556295
49139310
80848
5271106
27436696
69549424
14417533
57055350
80767962
467022
79686433
78992240
97992019
65491933
35180528
28639605
67294346
61343034
65098051
92658217
82762777
76938909
79858643
36576798
36311966
64170397
80568666
97130648
51965860
27552580
72710044
89587599
55369578
58307014
99710916
6843308
9924468
68663958
33563531
782939
96768158
91889161
60790266
90519513
59798321
8210279
558538
92651322
24851963
29185356
99791246
11134114
11702809
72709060
5437567
16125544
99193946
96267232
10079345
20030084
80849557
35446928
53556759
52994067
28984047
67989477
18527574
78562891
87986449
3885644
9252826
43900615
62766411
63717683
11285296
93338879
15158517
44271320
8582143
66579517
98752838
49500641
13989915
8858482
89205091
77340215
75345880
26520492
765028
33903357
86651035
26615945
28242154
57742551
13723957
48881141
25294685
58303756
49543162
82485551
89602132
69739143
31745733
9548668
59815338
4458765
51191792
10391733
37793092
18604917
30390024
2243351
51777505
35330191
4771545
68818965
69026443
74724418
82003615
33237267
14350540
81205962
4792164
50303805
34532475
32566349
31161986
26983859
66037700
5328570
33769755
21361413
90718012
49670704
44389941
94796323
71826994
9038295
75629758
15059712
76623959
92907992
77742751
88201256
77738182
10555233
883440
94848153
36341858
93336807
44872690
17175126
62964623
68724545
35172098
28848015
58521103
80547364
58182497
97462080
53121009
67421687
41158638
59189797
37113355
87953893
8816718
70578095
79868293
81927479
35627631
84736738
94994973
27491642
34449105
18991799
13069460
54118340
31659102
2310144
79172235
47242761
367413
77403598
8886233
13620257
39712997
74257549
99100769
38785523
31349460
46922196
13866757
77574209
80259549
97140010
50443048
25098956
52316811
74861990
95153208
70980370
5238990
83501805
69117152
65941185
15042890
83061771
17090275
58909277
60746868
5502807
98842870
59581335
42529500
3828449
69293313
54280412
51731707
48543707
60644425
75521403
40575808
39853488
29639434
4412538
3321325
35546265
28489719
66334543
30471176
42911065
2938305
94452620
41643435
89846309
68072247
154181
70742309
95203565
5128556
99966369
3338053
24917433
49281162
52017693
73786440
34937998
56205684
41647281
25580464
60762544
62752975
37126940
48708745
95210318
80669577
722320
40219154
29486250
64721664
77859330
82163016
49420961
75536334
62049951
59561162
70905495
96081770
89813207
60408816
98740884
69939390
43473901
54908889
35556269
53044646
50076107
23720633
47969059
13876571
96023224
90857154
59733824
50651199
46619948
81563552
3588313
69833695
39019845
85972788
46289426
16943045
78754849
46336081
69376440
23306126
4049366
29039119
38320878
23783363
73444010
34990280
72534170
36476728
13197909
94066165
9104165
15037242
73840304
47228644
59666701
84013259
39973471
28700789
18266302
46371852
33499238
39373974
2398395
89867719
95419946
5576044
56468168
9947035
51778807
52969688
45441257
91875872
49447507
10380251
26492937
21705817
88792858
64072860
41380629
7715362
85580382
95582175
40966225
69853076
72852551
47159463
47608716
43819200
82709196
76772649
68651824
79933920
83339054
49164060
70333509
2787310
10617549
70379409
2325161
74685469
68778447
33769461
55019859
70926568
75342218
65838954
31247897
24211776
80100114
33818739
28241735
71318893
61127160
14819111
36999798
22221274
25467664
59737816
58630907
69163862
25430660
62510707
36348007
58030201
99471119
31671904
63417211
91035352
64545032
40977535
56200138
54931136
61823196
66048849
90909530
84028485
25826050
32705328
3496980
52434904
65932863
81032866
64148435
40555039
24177953
57562967
33620542
7222820
48532675
2922533
30752180
68079592
49131114
78938319
83459218
93401162
37139102
84766318
81096466
43014961
73798113
63208917
65419344
89512089
63162413
53492014
28638304
86224751
88955555
70925360
43254454
70614003
8043677
86883553
54862540
32182787
96101330
88189977
58833846
74096737
57910432
3306683
84601436
46884345
24950012
19430460
78986075
48733283
34381679
8724693
70492861
42424174
25857732
78881924
82794898
98938163
54001639
57238479
9491049
34394528
49329717
38676604
12102570
28890819
73463162
23652341
70253483
77221136
18196427
43598078
78388694
70656258
36124150
974277
39220418
33208100
84327234
53532406
68691912
361925
23003152
66019803
71228498
89893294
51866557
63122544
69907170
4642156
17560510
23056081
24476867
50705298
20250223
82196082
9390779
26116305
23717921
75854796
16712752
86264721
30775942
4818893
78490714
8662600
33410246
18288539
30321919
48654292
85882590
65994516
89305135
87069015
61680173
86446426
9125382
66474500
75400298
46613401
41006396
10589608
23788612
81162150
56864547
59798554
8735574
37981729
38579973
83342054
77795431
50900331
83351543
70476491
13699572
38166520
5258981
41377356
62307049
96117025
72576564
7082034
4645882
65451080
48599943
66189070
98051941
93068949
94145490
3062984
30925645
94945626
62500728
96429742
87221663
62750936
23989161
70725610
54041668
2195187
52247045
79487421
34224656
96101837
38387271
21819713
17841893
99907523
42010462
86255988
93467869
72998283
46340582
84550931
48217777
60397039
77864518
46123502
64638674
87161997
85024281
98972259
12267852
78498609
49010078
63331085
87104571
17675306
83989351
64208137
80314896
44722040
25471189
40102360
55606006
81491771
73879032
16955358
77395201
36387569
85908038
70927170
59690676
30932653
92859843
75947211
58648252
26360207
18643334
68380749
56609139
45158250
61614799
17972891
18109915
5987079
34975458
60190
90085288
99756924
95398055
10203971
61026369
25089493
40393538
90593977
1636167
3046102
43854865
72809044
73138039
38097339
81291159
65228918
45542078
33142263
85156200
17571438
36462430
99386418
94718046
94534490
11493800
59597717
39855010
90956122
30037592
56770304
74096894
6287736
26736266
69054625
51549285
62779082
4030149
50189219
35089881
19790957
85808060
4706927
23206236
60452998
64761751
21168652
19137784
50145875
5885864
35334550
83134958
34759019
4996384
12459224
84094472
7106251
30360693
1600270
36231916
96592839
16193661
79582939
55077334
90639926
33893214
13852932
11017626
2972132
96884825
30426714
90396835
84173706
58439529
10073369
80060151
70838567
20216513
20592695
86348006
9138367
42448955
75328411
86637203
49769384
19502791
20984328
89884464
26404310
14215801
24141320
62956878
88602207
86606352
95697446
58020622
39784175
7920563
29555680
21314738
35248193
10127266
81246877
82314106
59007092
53876373
71127314
81247240
34759034
47140973
39282891
34348157
64330439
8566314
36969618
15649815
60227297
74770153
18619611
62417806
17471728
64576596
42782786
57696938
77907851
68598712
18373502
35937818
65077198
21662544
59609812
55851464
99208856
30780598
43492281
73864024
91660396
32877956
57287379
7983909
81903687
10072678
33456716
26649167
40556116
696412
72422539
64289636
41717522
73035796
99251501
90586159
80336707
77583252
86432606
12331963
2460811
75564753
18665285
89972455
2614807
48204527
48860255
69784508
87693106
74304129
33642534
82934398
70004911
38472933
10013368
63597224
9302075
54216695
65099888
69289885
79365972
99804928
18243183
80036048
71467520
23649064
79393438
23316686
97485405
73030267
5090764
8438692
67200814
53721467
97800486
52390042
80480537
64750891
67521002
26793090
15331274
53869088
37969464
76647160
95077215
60985480
62676337
67005560
85440863
22233956
53905838
51236712
35137706
35408186
18386237
34552115
31001520
74477306
78919623
23075110
48210829
50285881
61976941
16727366
78737536
21165937
11504800
49138365
74481810
76316834
22070046
92815116
19799231
79431747
45421831
45557310
48370204
3331654
99372551
95728735
39503920
92436250
81767462
5253119
77455572
31724516
96492653
90446957
19658425
13950219
78014864
21336716
71936547
96590179
54052418
38488526
19161629
56691309
40337626
24203058
39144229
20231941
78377914
70277992
95798443
40032076
8667182
89235983
18625749
88080654
42033764
78993276
19831095
40310302
65550526
25638450
5966906
74460153
7672428
57682452
40120747
50021720
5455193
35594492
64267963
49043245
34136552
9736919
56805904
9045721
53649197
58939427
98780603
9198684
90415766
3007189
32777468
57159339
2144630
87705196
63665928
76775414
15257122
81488305
89034709
25148434
69938073
65069992
46596460
855595
48584305
11305877
51451949
94624357
19269120
13012961
28168846
91176676
54604036
74244555
63284544
72218482
51788702
75212631
49844080
95250696
38254123
49644617
40197008
84288573
79114674
9181471
5648545
79857366
71098680
59021876
18155853
45093311
86932937
20632004
51639109
39470161
2949386
17957119
9091361
29978943
97044636
55280648
41478175
58323477
98923786
5137252
61220587
2966585
73876493
93185204
25103421
48866307
17554617
66375405
99382663
45158665
57378347
51816172
97026818
21122873
78357788
18743061
46272538
98765231
53148965
31174750
40432619
38422310
43528666
15685951
18869812
41570684
25989441
35581467
29036452
11900740
45568323
53123050
21757232
4970698
11923977
83591455
35240622
65347684
40570152
61702685
76183543
46477430
20716961
85184498
50712471
29023294
79755276
77563644
881396
43552285
4162794
5405295
6601159
4321418
65273244
50921077
25160558
63610477
15148432
70616041
59175678
60697260
48374974
88653518
61306516
12629650
89320231
78857691
16233632
60064690
33101703
76742138
46835537
7953392
58513409
97574574
79772526
82651457
4089508
56730567
90185194
47121809
98839135
60204165
4854938
88982427
38465987
98672626
75338406
5462472
23579140
17133983
70516862
89826536
32077460
9511320
7988868
66717840
38728295
40186446
73532861
62274180
55853664
68966783
14122363
28152091
66484625
65332769
21956708
14469361
2514200
41865616
20089703
94721358
88042280
74980980
47583045
98528363
55677004
80766151
4976453
69005604
42353714
92276920
48316467
19083487
4487437
74170094
3208459
99322129
85549315
22245313
18604209
9638144
12770038
29346793
87869662
7793366
64362147
91051265
74981718
86936764
89141335
24055201
25477867
16336853
76853287
64373862
56402713
52141057
24859006
40334986
73165062
75956353
79816365
50731333
56334142
86332696
42893086
69087110
43743200
73913764
18707828
58723282
84849419
64685785
50856285
98250838
84676395
10374627
11953125
94668524
56816209
46596025
87252929
96532994
93937194
30197394
94724888
10223253
47394679
62392637
29138240
76816282
46634383
87769791
40281905
52985863
39448642
47540321
64499743
87254286
76520772
56183527
92681857
66001549
13979837
66752566
79964009
92447226
69393894
28683007
13554807
12244309
31163931
72273017
75109186
52189736
17062394
30652507
53555119
19867178
33329766
1705248
89991441
81685365
4936268
44630210
95344398
72231605
69526268
55318425
55483766
61895232
8718087
13022997
98033353
76265281
28371534
96245521
50487183
20846509
84911471
54243982
13151164
53352286
7427668
60662967
31009264
36195625
31112394
63068769
5070340
74818376
26396897
90487010
27052997
39345146
1665507
79891871
68284197
39427922
69870473
60101143
19847424
58036198
51193102
63692132
9737096
51235109
33949815
27390192
86792142
15245283
72523926
37979658
59325834
56430168
52910420
45470839
8380821
59780822
63587819
13580634
28244746
78805308
45853910
60688729
99704925
31478961
34303353
97332311
81869847
95395184
52278232
43162010
15614789
7535430
81563149
57070838
47004528
65339468
23057913
42040384
27186260
1686572
67832870
54482073
8171329
28409116
71015181
80782645
87023064
66889344
69512900
86283965
92888891
69170136
22712238
31984546
37315059
62409680
88371472
69314896
57656571
45160679
33046253
4322196
66613096
64618721
54829783
79217089
88795649
83865291
49812032
57524163
20055954
77450156
68255879
56458707
24547324
21958862
7807612
1383775
13431803
91916814
61074867
51564733
44764416
81039188
11476572
77321280
73123658
36779408
89172931
77789837
4827313
71765997
65246403
52812485
23872176
60388767
73557034
6706764
9479809
46327048
43277093
67307561
76375831
97193359
7195910
4226515
73369668
51444773
95276226
40774519
1617012
59032395
58753190
74196797
81901216
27648119
55981231
58115754
86606857
99167272
29421512
59515632
32918028
54912982
33825242
58095649
42937162
39103962
12377481
18355191
82608659
48255590
90787624
36147286
85071442
66552557
61714503
28041910
26873600
9280722
83672899
29297303
2647077
90784862
98045639
76248759
25267392
10980211
92136106
52577962
64685832
76508971
60607670
55872248
16506070
26191245
59880247
13091263
24864730
11072274
55015578
26117414
65415020
70625554
74259314
1526055
56822880
52144906
27015416
24379076
76861685
55756512
48114273
41539636
43510110
29149703
17272781
78145746
61859155
38533487
70400002
13225243
7160846
45224376
93321968
76710157
73288859
43022536
17182694
45569224
36392616
46525558
90125082
79486095
94485679
61526678
31136713
86129390
76741412
1971314
50778225
63481092
38492035
81260359
56962285
80569674
32535137
82555602
33951715
37435817
25569782
57158280
23622130
24583031
86077246
63119166
96561509
64406063
26728148
41597057
24851855
70314704
31339464
74425318
96627021
20053109
62620075
48332086
27197250
79097223
27778991
79203538
91425801
2374103
58331264
39345334
97009908
78967309
5301781
40373291
53902100
85051277
44839172
369477
14547014
16273258
92921697
91610928
14737841
23391877
69714218
20777348
1880055
17105169
29117356
81974333
2057717
85593492
66528221
77662943
56681694
12245108
2781572
88804072
96234357
38405115
73255725
84333997
61888402
61538297
86400785
93129399
38606228
89253368
81031127
28628405
1276368
15172072
7420217
47797496
70018918
17144322
66781541
18459469
29485779
41176309
85595909
52551347
45877744
11879735
88409154
4316583
46996482
72159347
53871841
78340006
89956839
92631560
2985038
5280181
25663233
60261592
26459688
4105255
94931415
43791808
51821583
52267984
65569093
77372330
63711984
23081591
89604533
71579515
958304
96710847
62210478
46091255
81759975
28971618
90208412
15615453
52468720
13796909
25008200
49548443
83605088
69223345
67305387
28163519
57470176
73787968
57648565
11644045
13323831
80741447
46124468
64661252
62421514
32452477
52172662
93023665
70284859
34908120
57989291
20134526
54520896
94250294
1002363
19328538
67616744
99652229
64990102
28995041
39685120
91153102
47889372
88356309
42033935
3827347
59759395
78644919
13130203
9273661
29803979
77073476
97349155
33615065
27356541
66136740
78012879
72132663
33232909
10026175
1664656
36011052
84246139
21704319
55443230
29717478
80290415
14473561
75639692
16034081
92178437
8788789
82260792
19130048
67095688
3394847
72280886
87659101
96774491
83754094
10086212
36960756
52690899
32600978
3281697
36634273
51244275
90418851
98848146
23050841
56858100
8292466
34060165
84846424
23572550
97712255
3435661
82935640
26294877
37071698
76862099
77566957
61696309
77186794
97558619
54600835
41483773
26224683
47052878
88700513
50970653
61211235
10589012
92625611
94865964
11113789
79442193
61219690
11787502
4009597
11296882
73165534
14258544
47231936
73923534
30629286
28958292
7715083
14309898
48455553
62405243
14695958
87784300
85139690
4860295
21016335
23486138
43741559
70395004
89941670
65991155
45909236
86815464
1107180
99376493
62477338
92095633
70768110
94029304
75528209
44367511
1997935
76457723
6510936
30459567
87735439
44769873
85521834
17325109
85162319
24301048
51901145
83120420
60653110
29461451
99925873
19132716
68711627
13641323
83909023
95159383
31935953
28578575
95530290
97692233
60085346
69891239
99711874
77876485
70754258
75256392
86434009
23006815
64351771
14917954
29152323
2617180
36129359
50158895
90335916
47130857
7064620
4419792
87717201
62457692
80131727
93056770
51779643
38854355
35956954
5625649
52395634
35530689
33841755
27386356
8002193
51442289
37994937
27932947
27730499
26952361
55880338
90238246
93455346
89746434
98406945
90985574
92077259
71828930
47214140
10205656
87499277
52677220
32134728
74078499
16985843
14359926
40535407
45196460
35190375
26177310
92569653
50999114
27776802
39435289
51504877
74255696
37838417
41395931
7356039
10251616
14119747
377778
48877055
65566948
82953747
89509158
54993975
64278929
67835722
59204959
29743496
46589574
66946438
61634753
74380868
4267182
33812165
35394083
36747131
43833109
13975233
6524736
43823752
58464309
15941184
98374189
79162025
12511678
73737072
72819150
89130329
86590210
79303935
20115819
60259638
34960018
66819839
21975016
73354829
34912162
86975119
14277833
863569
50034826
53907998
10557644
43686325
22763928
1102103
76299829
53907742
315359
2410446
42098254
25076647
60647633
17303361
89565123
2360678
45009020
98587435
71865187
61159170
3531485
6026889
81552082
13481773
91530451
12998334
77395503
54275779
90922688
65407679
45689676
15840010
63065480
95620396
14829397
85990517
67176699
71152996
68778996
35152025
80963
25807985
82837421
3106968
39426110
19503311
2069349
12229672
46073757
37041850
2204084
89788810
25055203
99965769
7457706
27182930
21758466
31213956
81490420
41252360
29051065
27505874
2370134
97002905
75502213
52214414
10826647
35220965
80589645
7203323
41653975
67186754
97166371
61369865
29272407
89783923
71227829
2311776
8379943
8121706
33960306
81301121
29480209
50895597
95571392
58113658
46654077
7678200
20607433
17361857
75214353
48422930
10809348
24368611
82685292
70945558
79604843
40386360
2061195
15055209
96053425
10912039
58886317
8671381
16305647
33222691
71169986
3118109
54510297
42660343
15607050
86283451
55747131
35493978
19371079
1006928
63563162
3421116
17829326
3347873
8393154
49659954
84134862
75912627
70360955
83250183
90615895
94566668
57271685
29994307
22834362
88316544
1990815
27021047
64604765
75675729
51114632
41795274
29505439
74613458
12334675
88087999
29289436
58082809
34731976
96089656
6310112
37205956
40494481
56085929
45114011
23431767
19884691
88319952
56208102
72598487
87107732
48462820
73384601
25796239
47454921
47760758
20693606
94003787
85500522
65179983
78424752
15105894
88133920
20112634
17242317
87020164
43948971
65479081
20025712
97575184
81542168
88159959
21946737
5642769
62465458
70164491
80123782
17360033
76794267
68784783
80666855
10566744
48018035
36170523
61229919
31039915
55748077
42187935
13577448
5733422
82653707
24440268
30226461
72923443
31211304
92638354
92332859
11969520
29587899
25622192
77539583
75685048
85211578
37854648
90625211
35863831
91637362
6658192
8723012
28109963
70716591
42656793
25445102
64005670
79236260
93552766
10248309
74032009
24256303
93821074
58674444
44485564
53433312
93619988
43517338
9875677
65549014
22161109
5961215
42032349
37466748
86044305
55991839
8314240
80994730
33569139
10870259
12050105
94731607
33164810
85590892
21354312
20153107
17199495
78007359
54203449
84913198
42540305
59197141
10471170
65999653
79838181
53547482
18113411
81945595
68348269
80313180
48928753
38610715
17631140
7383220
38613482
38865188
41669458
26506967
85453651
15228805
68279247
40122225
71303899
4681615
85426527
93273627
63074546
69751227
65591703
44824654
30055566
85621039
4665389
98244785
38019751
99387210
50706215
29454156
35542589
88139073
15710384
72656724
33971365
96732339
33744796
65149122
60228942
22530848
63106997
96324389
2565779
59313359
26858808
21883427
15724674
19773597
31658011
39393447
50196196
30472170
19688466
91812967
88265443
4753637
70016831
16188116
91763062
16023807
18149357
97461175
28570855
83421757
97572331
79939728
16607639
56386923
86836002
42292620
38370331
4231325
94137399
29002689
19901955
70100196
92084740
11993862
71272439
49423336
78629893
86338117
22910982
46234387
35412969
86679539
69132345
78493367
17863395
75825409
8265346
65702485
53380916
45241814
32266483
24057236
60469546
30769801
12948731
49503570
8781800
41783897
57768280
88395500
57643956
67127096
79859028
14418574
3685991
43814631
6398027
72833964
27296394
56300583
86543684
80487025
22167354
86851813
31387781
95404501
80824791
54995578
1881677
19189956
84337277
11379950
79722040
42958478
97224148
96075635
14399053
55472320
26890093
78004807
44362887
77203845
28397531
67494108
10445212
75056318
93709739
11549724
14229574
71133207
80773470
16856044
48539134
89996477
92246675
83575165
37204384
2536467
47247152
20762782
44149173
34057155
39373379
38955008
94249110
27778204
74401403
15502149
60002885
4453708
30767678
69581809
8134194
50218350
84591521
25395314
18071148
31409248
26166475
48989137
42167188
72013236
76347768
85121537
72913034
38479055
28179779
39554009
1065964
11541895
41790660
73682486
38946141
37076402
79164789
79631284
29338273
36241076
14249003
96537885
68722553
82704577
81747806
53151784
91158847
96661876
515366
7575431
5162152
2417793
54461937
75071905
26871073
13443229
34241154
65587500
96516239
45407449
23328979
65778373
41379391
61807953
75966391
11062618
51512042
59219569
59437405
12396716
17252009
21532448
43138839
53492457
6510227
60974716
6733950
46366697
22958131
87680811
17574003
24013261
75663138
82777347
92547829
99039575
64522955
28114587
8255157
73635168
72060432
2191113
83443178
75242245
50219536
7519348
32781649
68449871
14796896
9925517
18353705
44005097
99774789
4532383
50041257
98080475
42944126
64542847
31867268
86979061
18379001
42482194
83607688
19731288
38376303
6265434
47083269
61075435
83387656
24431672
56870288
49804733
87944062
34890050
37459411
43556154
68785005
82662793
57633000
60960209
93610089
38783892
43264957
30580430
83595455
61194559
9081091
60715324
16022880
29442520
93214748
52969686
91965010
80743703
3819176
70928483
51601136
64213762
97662564
57247634
67732711
32607579
92563877
60556063
55954115
51030633
55815911
91236881
4509880
58968631
38895291
7606173
36577529
92809188
27892908
51881327
7215358
42475764
21953358
42842312
31496476
21695577
43244930
16586136
5197258
39441614
70569843
95241709
34443203
6149457
13337315
45960313
2195307
38584384
69546489
57284196
70899042
71006236
86835407
84335352
6177142
4863152
46182215
46998538
82046764
12047752
22172478
78176052
12970488
9336448
93676041
55514522
25289966
95550392
40466932
74502184
76753826
17170417
71577120
89251064
31604188
60763363
24498710
45244491
93874067
9635318
47290631
898598
74692325
49376574
94901323
31536152
19502045
96862522
2724134
76785446
77464177
238503
2728617
66164395
43415628
49070085
42324709
68592683
77825780
42992034
36482585
8159798
79263305
11144212
61156029
7688579
61417050
8371504
57051237
45837683
70245616
91296008
9886132
55376098
28193867
99419973
83054444
93096201
84462706
528091
56425370
45618483
27501751
38744999
90524359
78432871
69597787
58157622
72604494
14182225
52853139
3239532
92608017
73889061
66780989
61934549
47548407
37933927
9569769
59748429
9041179
77635970
20686013
32046428
65108379
18060441
63814307
84019669
528404
84517544
29634893
92334080
72002525
73878603
11578291
65259478
75113147
30924739
8300755
83280699
94113026
24525931
62212433
10251048
66112760
34768268
16296196
59108819
92003184
11243998
76375616
89076623
25779837
26854089
52458787
66734231
69808861
48568999
69813968
48874555
43940326
43945802
28420363
88026198
50658632
33227469
65630725
20559382
57895290
74815492
79870498
95780693
20045112
23907809
64087130
11825728
46237290
23705927
88538961
49381389
13152815
34969902
63802184
73156914
66975923
5194243
13670187
28643704
73024960
52977111
57509905
23405256
24530890
4268536
5356846
97673068
93922532
25207011
56953917
36567872
76217577
24656190
2900662
43047210
85616346
15857015
5186049
13217916
4659592
51137192
79513346
37733618
95703684
88578495
78317887
25676026
81132124
56576510
66701812
78472266
23511546
4725010
95466295
17859497
3405895
35686635
58548672
81533230
58917382
21857389
65774467
76111780
94242629
80111447
33009732
85140374
35290041
27959369
63042141
45804244
63600346
63760125
40995788
83382704
66268766
84149927
37288279
21991265
42308486
94283194
15353722
267503
88588127
93980690
26085741
19577521
99193860
18135574
66552715
50542074
57966717
84373446
39942770
430546
96418425
24053882
28302689
53896318
69507380
97020658
87920220
9636799
60517300
42467920
94248523
76622839
3878418
72940922
23073982
88798037
53306198
24316602
85604844
57073540
34034080
86383208
46795823
49035423
29016501
45167025
80141883
32712697
63806895
61009143
63438838
70047927
31815074
71561645
54930145
56821234
17775
24305106
57931840
87588677
32851089
86984815
86446839
88267713
8498512
9851431
47803314
51565407
73649396
70863576
6422377
23617754
89194347
32770826
80001497
86288696
89618932
65303402
61951820
48764998
89828950
4474728
19460227
26184207
19390115
85424180
99676406
64737175
79709058
25429837
26929887
25959772
49330426
26733072
80503425
75146258
11627815
98527010
31262173
1046959
29724343
99097987
66853437
7302690
43086974
28892330
87827666
36174443
84827999
35583434
14797869
32224373
50887926
66232276
73325563
89613421
23538152
22122016
95527553
84004262
49750998
40352796
81648382
30757500
35596653
70845458
83627542
20073307
18808072
40875198
23163666
85907548
27448889
49608923
68596302
56762061
14652453
25956156
24595530
19279777
42384799
70007603
95590500
68775605
18096391
13438565
90547972
64853301
1001211
17445010
79462366
63721169
4493728
35969383
72400197
42111964
29444445
4427576
37369133
42512866
27945528
29390115
83490305
60702006
65801586
53216501
350470
5575362
79655111
62372999
33099543
19349625
48836715
86426997
98802337
76839185
49726556
95246538
19283750
66044192
40800922
30657076
8389536
7685650
43403069
22433634
24064328
65348934
82165675
86481079
64406686
3238144
10198649
14844491
43131201
19365062
78603330
20476116
71936631
99169988
7208387
91534162
49286323
88932918
98983714
75850890
89162843
9075071
21595434
79283704
64110108
69790066
43128340
73999422
10427964
96541541
79948691
39888717
53779854
9277419
33445655
80747583
42385609
37120784
84710491
35626276
32207302
75755698
81235571
69839583
29534545
88573545
24628685
82896142
63612248
43070371
14542646
47454132
88676218
73472852
76029835
21480526
86166525
61206661
36092369
55109437
72241384
47190969
97049461
84967714
57971631
57657619
30016901
77223855
8627119
64983342
37526159
92581319
51484677
99590853
97599694
58293769
90911428
64489936
71399321
38291885
86074320
45200117
48813510
25189435
54340169
54577492
59613193
21599202
63443444
37896532
65476253
18659524
88103386
28125685
76845505
55330048
91479105
77695186
49765829
88086847
44117012
42589286
96718757
88461022
43964854
63380345
38923361
25251970
51189300
84069381
67187978
78977123
91487358
72624400
76617753
7155787
9289892
77102427
95598781
24640566
3267589
66137854
55314006
87004185
35242605
69702707
9289685
37528225
83456712
15389505
84756267
60655635
80061578
59955221
19741248
82387382
38222584
94874749
76825074
26392750
21433484
56891270
13258840
8892552
22300232
64150143
67233725
41455275
34930811
88560470
72394766
15514622
33310434
6791803
28409837
63626261
75407106
29331131
30581307
85771006
79305965
70014372
61839174
4813497
56773831
53737557
14876478
68838190
24085919
67261715
17759891
85640314
15402034
25727818
32920122
6631437
78327513
122496
6006695
89126546
86908499
16352808
12592459
5195
96355829
77212248
83076472
83045564
9101588
73279881
64550949
67915773
25132407
27122446
44985362
58000063
49882239
13871852
82308510
89094509
85065937
44278971
58895447
48399498
93509541
73271449
22484769
45028797
51836028
17303768
80520352
89485401
29667354
92014455
73037666
69048190
14327785
79957813
56599791
93066853
47442434
6260922
47153382
65306967
66931057
42734684
34517223
24005666
88847460
95353930
52009650
77149139
11162735
97291403
71339827
83359360
91555211
61985760
84878744
10064169
11866587
66778102
15098224
65787364
38432143
60777983
55695744
61453863
61646085
16445766
54989694
66325913
61248509
19072576
9097010
4000526
95361779
1063827
83302628
8573572
31781763
33421146
70197346
23165498
24028403
35343980
46360796
57325684
89178970
4266052
23644818
25928007
71956169
92848244
70666261
64886371
4038400
90101202
21603333
42519944
97576057
69295610
8937648
75245570
10177531
81071827
48293228
86049517
38382030
97453077
18820918
15134686
62361114
43456764
62843134
99699851
36500387
34728420
35401663
52608399
4325544
36212129
96215600
7080764
73998823
41474543
79588067
91729529
81487994
72097231
47479701
54668371
16906687
29053650
41806649
82815138
51639985
36786371
61049550
44477223
58051354
73382661
91421130
38113392
11852855
87847796
17652639
8499646
27367218
18750250
70921996
27388872
57713250
82358382
15431230
15821542
70281984
36712785
50182982
11026590
73662705
33081533
25530723
52904596
30422205
78607652
20405931
61667786
4346652
56595145
37115825
40315455
28349303
16368886
79662024
57256889
70165901
91186634
48287461
90874461
74660553
53199366
46602952
31668652
72178179
3893696
44263576
86680340
38196129
61863938
9791625
82664360
4732406
96372896
23869731
30399146
5036467
11878887
55293174
12402601
63763072
1726691
56802226
52693725
40811959
71091693
55708620
62808900
10190722
35840452
9285930
9115475
11503270
24862231
14520810
26821903
71443754
98002976
95096123
84346747
59586097
47510601
27062570
12718755
99755868
2422285
86821379
87072050
1235704
75743275
28466065
52839514
12073998
23032316
35170992
17167837
71561289
12431256
63626790
95474117
3688994
56745425
98375504
82354351
49609024
73989285
16144024
17250459
85307978
36916059
23866063
10513627
35343145
44806167
68687615
37326646
72937636
10784348
33695336
54526147
87946764
61313792
58902181
99664749
89907271
6600139
85705082
8609514
81521897
7911931
99442579
31678582
52368305
15820034
19224006
83620570
23933181
17028349
46774451
94489859
75548059
36575240
89801844
39547717
72821182
46294870
70535497
12782251
83518191
39363349
81904957
80862581
62518653
21357225
83902583
99071194
86759273
25439503
83640468
15041390
47526280
8810968
37788833
66698103
52531764
8577060
56598318
55792556
82002942
63388409
4568711
12188625
23560067
2718455
36938195
13398280
46280349
28014703
39539814
56205241
62806429
41497075
84097962
15028037
14043383
50290640
17190627
97285467
70843668
5541936
18879495
40045424
65902266
1267095
45290087
55909400
90107266
94459409
75073232
29638561
79780260
3126398
35552811
97082776
17697141
73636627
55293064
32978253
23154096
67404521
84211068
23296794
56953178
66842250
96343711
37188360
12232720
47802514
97468372
76460560
25948553
10554781
43117987
37879567
80577350
60772816
25782420
80646121
72926668
5930492
66034912
48511215
68646776
21561278
23225924
78681066
42142746
72222072
21025230
52981902
40117683
12018735
91107900
98644642
673804
37389706
7507419
49766378
13297043
37659274
59823682
64620770
71994812
61820729
61497984
61890661
57416916
34951436
68339776
37609584
41020476
77773625
30858878
41598234
60611265
78563890
12906407
10390799
7623196
17878567
61117513
57116977
20371845
21387978
96160799
88368129
81741054
59145351
40156247
91315859
34290178
98110409
38885784
77338061
960036
89216217
23079409
12749888
49778396
76527980
9625193
37755819
92841822
39465779
82652822
50646790
72594123
8497279
17084836
53083233
94532024
42956872
58210098
62859140
4922577
45366322
32886565
90532877
62632626
94361381
92504837
1894313
98248763
21860593
24720843
85288323
21482231
59335622
57443338
58080206
41844494
97343273
60597261
11134508
65276720
80207383
61074486
57532675
79256482
32610704
73471440
77698961
40160908
33730877
82921479
31566919
59214553
33814151
32321131
17247991
49844827
30836518
33247315
3930671
52506583
83635414
79905077
54662678
41328163
50847755
41790124
73723034
85301869
79187498
22292001
58990122
34941475
71971044
56430461
27991651
99825922
94059878
79246041
23881720
47138999
24012695
64597155
3632298
41350371
52301193
3647206
8946829
9529944
36486367
30553379
9557107
72615007
33118764
10154400
20543882
85973614
12052750
29132965
70448109
7044512
52787587
81918369
93896589
18278916
41171846
22228401
20977527
48537507
16268346
53392120
10005244
1341986
17882462
15902669
80399802
87665771
81722554
32441119
13001738
9167773
96619989
8956007
4599561
73107315
38984727
92290913
64594467
84959275
87031470
31808323
55334319
92806137
65264896
20297711
57786046
63890366
74342766
83579573
84703648
72530783
41941316
52922107
99047042
92057663
34829879
47859950
54730886
88847007
56376582
86075603
62485316
75770369
62446116
78429937
58941337
2378956
84727063
38202341
27246463
88089763
61230575
60318840
5250242
46253555
23584626
12723813
39937188
37607323
48532540
45422412
29256431
49724980
46610941
4397641
27751311
8441944
58252393
71245041
99117606
4075997
1091539
63436530
73184540
19576608
9475973
43232934
55753332
94671911
86520614
98211391
47163472
65259858
45654918
15050747
3427193
33057390
4866465
3949907
90573957
66583467
22667399
81131883
82707222
78273799
80550654
74044688
53174889
84679291
71218814
63289055
78713819
18909842
52778162
71594481
31862889
61041544
54477031
23067470
39623466
32086457
86623504
76773329
45710477
26048552
31537643
45448529
2061641
31310431
90876376
24058630
61606134
60959177
78639360
70440644
75284159
1681667
79168833
39679888
41476114
68805
32945948
23790323
70196726
50358989
74298754
89029991
38839018
21102826
32190659
33601743
3569199
256248
17527586
12856986
79980802
89517352
6639637
48381213
56805353
59439270
51482308
26030707
41477108
20066492
4868968
60271787
27436488
32037486
4220268
49197146
90842529
51810460
21540475
44860909
54454873
68389175
31950882
54489514
43379748
17768193
32214250
22306372
97553407
8831872
19139641
58335813
87615778
87991244
25749251
50345756
66030912
17108412
96093801
83449470
62550639
30030042
42367882
69105255
2595266
20068413
6005817
24260964
1070560
66560580
10470426
25502502
46749667
30666020
58118006
79845638
33608399
73553345
54831833
23413198
94693011
72898664
52838292
43202904
65370448
47176992
53090698
35019898
74580710
53704116
74663035
48023497
96102425
59593614
49549498
61439070
46333032
16360533
26634106
71583907
60490671
78390060
9430377
73559090
53269367
60713166
69976566
32434761
88619903
23407450
54328128
70668936
65846657
86621402
98684143
91875868
28746479
68602115
63324688
122477
16034007
33299355
41950382
55108869
28450056
83778882
34660573
59448519
18857852
50209604
85086626
47433524
86703296
64306647
1182170
36142444
38167818
34662044
78698402
20264030
4484964
27061870
12687181
20100410
74663961
31352505
23320814
15836031
55793836
74726695
79786337
63102632
2690350
94502805
43811735
88852903
41114344
36547512
67388200
46362800
25618345
50805438
27486291
41180234
78290099
45772837
34065902
26149776
65516585
62289633
67896980
37178337
11720181
8057481
5469985
32636726
54526600
85456295
